2026-07-21 01:15:54,927 1255954 1_network_flow_model_revision.py Database path is: /scratch/akothaw/multimodal_hazard_data/scale_test_cpu8.duckdb
2026-07-21 01:15:54,943 1255954 1_network_flow_model_revision.py {'freeway': 2400.0, 'arterial': 2200.0, 'collector': 1700.0, 'local_access': 1000.0}
2026-07-21 01:16:01,029 1255954 1_network_flow_model_revision.py Assignment demand (faf5_parquet): freight=1735334.699 passenger=147181931.000 total=148917265.699
2026-07-21 01:16:09,231 1255954 1_network_flow_model_revision.py 
         origin_node  destination_node        Car21
0             100024            100024  2689.965855
1             100024            100123     0.001053
2             100024            100130     0.014766
3             100024            100178     0.000828
4             100024            100481     0.009938
...              ...               ...          ...
9780699        99961             99757     0.001568
9780700        99961             99789     0.003307
9780701        99961             99844     0.011416
9780702        99961             99948     0.005834
9780703        99961             99961  4935.606654

[9780704 rows x 3 columns]
2026-07-21 01:16:09,232 1255954 1_network_flow_model_revision.py OD totals (Car21): rows=9,780,704, total=148,917,265.699, self_pair_flow=77,784,890.780, duplicate_pairs=0
2026-07-21 01:16:09,232 1255954 1_network_flow_model_revision.py Generate road links
2026-07-21 01:16:09,813 1255954 1_network_flow_model_revision.py Create igraph network
2026-07-21 01:16:11,430 1255954 1_network_flow_model_revision.py Direct output controls: direct_duckdb_outputs=True, path_strategy=duckdb_chunked_compact, baseline_path_output_mode=full_odpfc, odpfc_output_mode=duckdb_table, combine_odpfc_parts=default
2026-07-21 01:16:11,430 1255954 1_network_flow_model_revision.py Run simulation
2026-07-21 01:16:11,451 1255954 road_revised.py The initial supply is 148917265.69904837
2026-07-21 01:16:11,707 1255954 road_revised.py The initial number of edges in the network: 483442
2026-07-21 01:16:11,737 1255954 road_revised.py The initial number of origins: 3143
2026-07-21 01:16:11,782 1255954 road_revised.py The initial number of destinations: 3143
2026-07-21 01:16:11,803 1255954 road_revised.py Iteration controls: max_iterations=1, min_progress_rel=1e-06, stagnant_limit=3, remain_assign_mode=full
2026-07-21 01:16:11,803 1255954 road_revised.py OD path output controls: path_strategy=duckdb_chunked_compact, odpfc_output_mode=duckdb_table, combine_odpfc_parts=True, odpfc_parts_dir=None, baseline_path_output_mode=full_odpfc, combine_event_candidate_parts=False, damaged_edges_path=None, create_full_temp_flow_matrix=True
2026-07-21 01:16:12,883 1255954 road_revised.py No.1 iteration starts:
2026-07-21 01:16:12,941 1255954 road_revised.py RSS checkpoint [iter1_start]: 2.85 GB
2026-07-21 01:16:13,091 1255954 road_revised.py Initial isolated flows: 0.0
2026-07-21 01:16:13,510 1255954 road_revised.py Network pickle time for worker init: 0.418 seconds.
Creating argument list:   0%|          | 0/3143 [00:00<?, ?it/s]Creating argument list:  10%|▉         | 310/3143 [00:00<00:00, 3096.47it/s]Creating argument list:  23%|██▎       | 736/3143 [00:00<00:00, 3778.79it/s]Creating argument list:  36%|███▋      | 1141/3143 [00:00<00:00, 3898.52it/s]Creating argument list:  49%|████▉     | 1543/3143 [00:00<00:00, 3944.31it/s]Creating argument list:  62%|██████▏   | 1938/3143 [00:00<00:00, 3777.36it/s]Creating argument list:  75%|███████▌  | 2361/3143 [00:00<00:00, 3924.13it/s]Creating argument list:  88%|████████▊ | 2764/3143 [00:00<00:00, 3956.64it/s]Creating argument list: 100%|██████████| 3143/3143 [00:00<00:00, 3649.86it/s]
2026-07-21 01:16:15,122 1255954 road_revised.py Chunked LCP dispatch: 3143 origin-tasks split into 34374 tasks (dest_chunk_size=300).
2026-07-21 01:16:15,390 1255954 road_revised.py RSS checkpoint [iter1_args_built]: 4.06 GB
2026-07-21 01:16:15,393 1255954 road_revised.py Flow DB insert batch size: 50,000
2026-07-21 01:16:15,652 1255954 road_revised.py Pool construction (spawn+initializer) time: 0.259 seconds (num_of_cpu=8).
2026-07-21 01:16:16,091 1255954 road_revised.py Completed 1 of 34374, 0.00%
2026-07-21 01:16:16,092 1255954 road_revised.py RSS checkpoint [iter1_lcp_progress_1_of_34374]: 3.78 GB
2026-07-21 01:16:16,338 1255954 road_revised.py Completed 10 of 34374, 0.03%
2026-07-21 01:16:16,599 1255954 road_revised.py Completed 20 of 34374, 0.06%
2026-07-21 01:16:16,600 1255954 road_revised.py RSS checkpoint [iter1_lcp_progress_20_of_34374]: 3.93 GB
2026-07-21 01:16:16,857 1255954 road_revised.py Completed 30 of 34374, 0.09%
2026-07-21 01:16:17,094 1255954 road_revised.py Completed 40 of 34374, 0.12%
2026-07-21 01:16:17,094 1255954 road_revised.py RSS checkpoint [iter1_lcp_progress_40_of_34374]: 4.11 GB
2026-07-21 01:16:17,354 1255954 road_revised.py Completed 50 of 34374, 0.15%
2026-07-21 01:16:17,554 1255954 road_revised.py Completed 60 of 34374, 0.17%
2026-07-21 01:16:17,554 1255954 road_revised.py RSS checkpoint [iter1_lcp_progress_60_of_34374]: 4.26 GB
2026-07-21 01:16:17,832 1255954 road_revised.py Completed 70 of 34374, 0.20%
2026-07-21 01:16:18,069 1255954 road_revised.py Completed 80 of 34374, 0.23%
2026-07-21 01:16:18,070 1255954 road_revised.py RSS checkpoint [iter1_lcp_progress_80_of_34374]: 4.44 GB
2026-07-21 01:16:18,371 1255954 road_revised.py Completed 90 of 34374, 0.26%
2026-07-21 01:16:18,631 1255954 road_revised.py Completed 100 of 34374, 0.29%
2026-07-21 01:16:18,638 1255954 road_revised.py RSS checkpoint [iter1_lcp_progress_100_of_34374]: 4.64 GB
2026-07-21 01:16:18,866 1255954 road_revised.py Completed 110 of 34374, 0.32%
2026-07-21 01:16:19,109 1255954 road_revised.py Completed 120 of 34374, 0.35%
2026-07-21 01:16:19,110 1255954 road_revised.py RSS checkpoint [iter1_lcp_progress_120_of_34374]: 4.78 GB
2026-07-21 01:16:19,410 1255954 road_revised.py Completed 130 of 34374, 0.38%
2026-07-21 01:16:19,660 1255954 road_revised.py Completed 140 of 34374, 0.41%
2026-07-21 01:16:19,660 1255954 road_revised.py RSS checkpoint [iter1_lcp_progress_140_of_34374]: 4.94 GB
2026-07-21 01:16:19,908 1255954 road_revised.py Completed 150 of 34374, 0.44%
2026-07-21 01:16:20,202 1255954 road_revised.py Completed 160 of 34374, 0.47%
2026-07-21 01:16:20,211 1255954 road_revised.py RSS checkpoint [iter1_lcp_progress_160_of_34374]: 5.14 GB
2026-07-21 01:16:22,468 1255954 road_revised.py Completed 170 of 34374, 0.49%
2026-07-21 01:16:22,473 1255954 road_revised.py Completed 180 of 34374, 0.52%
2026-07-21 01:16:22,479 1255954 road_revised.py RSS checkpoint [iter1_lcp_progress_180_of_34374]: 4.81 GB
2026-07-21 01:16:22,482 1255954 road_revised.py Completed 190 of 34374, 0.55%
2026-07-21 01:16:22,482 1255954 road_revised.py Completed 200 of 34374, 0.58%
2026-07-21 01:16:22,483 1255954 road_revised.py RSS checkpoint [iter1_lcp_progress_200_of_34374]: 4.81 GB
2026-07-21 01:16:22,487 1255954 road_revised.py Completed 210 of 34374, 0.61%
2026-07-21 01:16:22,488 1255954 road_revised.py Completed 220 of 34374, 0.64%
2026-07-21 01:16:22,493 1255954 road_revised.py RSS checkpoint [iter1_lcp_progress_220_of_34374]: 4.81 GB
2026-07-21 01:16:22,689 1255954 road_revised.py Completed 230 of 34374, 0.67%
2026-07-21 01:16:22,926 1255954 road_revised.py Completed 240 of 34374, 0.70%
2026-07-21 01:16:22,927 1255954 road_revised.py RSS checkpoint [iter1_lcp_progress_240_of_34374]: 4.54 GB
2026-07-21 01:16:23,152 1255954 road_revised.py Completed 250 of 34374, 0.73%
2026-07-21 01:16:23,370 1255954 road_revised.py Completed 260 of 34374, 0.76%
2026-07-21 01:16:23,371 1255954 road_revised.py RSS checkpoint [iter1_lcp_progress_260_of_34374]: 4.67 GB
2026-07-21 01:16:23,639 1255954 road_revised.py Completed 270 of 34374, 0.79%
2026-07-21 01:16:23,855 1255954 road_revised.py Completed 280 of 34374, 0.81%
2026-07-21 01:16:23,895 1255954 road_revised.py RSS checkpoint [iter1_lcp_progress_280_of_34374]: 4.85 GB
2026-07-21 01:16:24,100 1255954 road_revised.py Completed 290 of 34374, 0.84%
2026-07-21 01:16:24,337 1255954 road_revised.py Completed 300 of 34374, 0.87%
2026-07-21 01:16:24,337 1255954 road_revised.py RSS checkpoint [iter1_lcp_progress_300_of_34374]: 5.00 GB
2026-07-21 01:16:24,609 1255954 road_revised.py Completed 310 of 34374, 0.90%
2026-07-21 01:16:25,319 1255954 road_revised.py Completed 320 of 34374, 0.93%
2026-07-21 01:16:25,319 1255954 road_revised.py RSS checkpoint [iter1_lcp_progress_320_of_34374]: 5.18 GB
2026-07-21 01:16:25,561 1255954 road_revised.py Completed 330 of 34374, 0.96%
2026-07-21 01:16:28,786 1255954 road_revised.py Completed 340 of 34374, 0.99%
2026-07-21 01:16:28,791 1255954 road_revised.py RSS checkpoint [iter1_lcp_progress_340_of_34374]: 5.57 GB
2026-07-21 01:16:28,805 1255954 road_revised.py Completed 350 of 34374, 1.02%
2026-07-21 01:16:28,833 1255954 road_revised.py Completed 360 of 34374, 1.05%
2026-07-21 01:16:28,836 1255954 road_revised.py RSS checkpoint [iter1_lcp_progress_360_of_34374]: 5.57 GB
2026-07-21 01:16:28,838 1255954 road_revised.py Completed 370 of 34374, 1.08%
2026-07-21 01:16:28,840 1255954 road_revised.py Completed 380 of 34374, 1.11%
2026-07-21 01:16:28,848 1255954 road_revised.py RSS checkpoint [iter1_lcp_progress_380_of_34374]: 5.57 GB
2026-07-21 01:16:28,849 1255954 road_revised.py Completed 390 of 34374, 1.13%
2026-07-21 01:16:28,850 1255954 road_revised.py Completed 400 of 34374, 1.16%
2026-07-21 01:16:28,855 1255954 road_revised.py RSS checkpoint [iter1_lcp_progress_400_of_34374]: 5.57 GB
2026-07-21 01:16:28,866 1255954 road_revised.py Completed 410 of 34374, 1.19%
2026-07-21 01:16:28,869 1255954 road_revised.py Completed 420 of 34374, 1.22%
2026-07-21 01:16:28,870 1255954 road_revised.py RSS checkpoint [iter1_lcp_progress_420_of_34374]: 5.57 GB
2026-07-21 01:16:29,227 1255954 road_revised.py Completed 430 of 34374, 1.25%
2026-07-21 01:16:29,470 1255954 road_revised.py Completed 440 of 34374, 1.28%
2026-07-21 01:16:29,470 1255954 road_revised.py RSS checkpoint [iter1_lcp_progress_440_of_34374]: 5.38 GB
2026-07-21 01:16:29,733 1255954 road_revised.py Completed 450 of 34374, 1.31%
2026-07-21 01:16:30,006 1255954 road_revised.py Completed 460 of 34374, 1.34%
2026-07-21 01:16:30,007 1255954 road_revised.py RSS checkpoint [iter1_lcp_progress_460_of_34374]: 5.55 GB
2026-07-21 01:16:30,308 1255954 road_revised.py Completed 470 of 34374, 1.37%
2026-07-21 01:16:30,551 1255954 road_revised.py Completed 480 of 34374, 1.40%
2026-07-21 01:16:30,563 1255954 road_revised.py RSS checkpoint [iter1_lcp_progress_480_of_34374]: 5.73 GB
2026-07-21 01:16:30,780 1255954 road_revised.py Completed 490 of 34374, 1.43%
2026-07-21 01:16:31,020 1255954 road_revised.py Completed 500 of 34374, 1.45%
2026-07-21 01:16:31,020 1255954 road_revised.py RSS checkpoint [iter1_lcp_progress_500_of_34374]: 5.85 GB
2026-07-21 01:16:33,653 1255954 road_revised.py Completed 510 of 34374, 1.48%
2026-07-21 01:16:33,658 1255954 road_revised.py Completed 520 of 34374, 1.51%
2026-07-21 01:16:33,668 1255954 road_revised.py Completed 530 of 34374, 1.54%
2026-07-21 01:16:33,669 1255954 road_revised.py Completed 540 of 34374, 1.57%
2026-07-21 01:16:33,669 1255954 road_revised.py Completed 550 of 34374, 1.60%
2026-07-21 01:16:33,722 1255954 road_revised.py Completed 560 of 34374, 1.63%
2026-07-21 01:16:33,968 1255954 road_revised.py Completed 570 of 34374, 1.66%
2026-07-21 01:16:34,226 1255954 road_revised.py Completed 580 of 34374, 1.69%
2026-07-21 01:16:34,443 1255954 road_revised.py Completed 590 of 34374, 1.72%
2026-07-21 01:16:34,684 1255954 road_revised.py Completed 600 of 34374, 1.75%
2026-07-21 01:16:34,685 1255954 road_revised.py RSS checkpoint [iter1_lcp_progress_600_of_34374]: 5.07 GB
2026-07-21 01:16:34,926 1255954 road_revised.py Completed 610 of 34374, 1.77%
2026-07-21 01:16:35,167 1255954 road_revised.py Completed 620 of 34374, 1.80%
2026-07-21 01:16:35,466 1255954 road_revised.py Completed 630 of 34374, 1.83%
2026-07-21 01:16:35,699 1255954 road_revised.py Completed 640 of 34374, 1.86%
2026-07-21 01:16:36,019 1255954 road_revised.py Completed 650 of 34374, 1.89%
2026-07-21 01:16:36,559 1255954 road_revised.py Completed 660 of 34374, 1.92%
2026-07-21 01:16:36,782 1255954 road_revised.py Completed 670 of 34374, 1.95%
2026-07-21 01:16:39,969 1255954 road_revised.py Completed 680 of 34374, 1.98%
2026-07-21 01:16:39,973 1255954 road_revised.py Completed 690 of 34374, 2.01%
2026-07-21 01:16:39,988 1255954 road_revised.py Completed 700 of 34374, 2.04%
2026-07-21 01:16:39,988 1255954 road_revised.py RSS checkpoint [iter1_lcp_progress_700_of_34374]: 6.04 GB
2026-07-21 01:16:39,989 1255954 road_revised.py Completed 710 of 34374, 2.07%
2026-07-21 01:16:39,990 1255954 road_revised.py Completed 720 of 34374, 2.09%
2026-07-21 01:16:39,990 1255954 road_revised.py Completed 730 of 34374, 2.12%
2026-07-21 01:16:39,991 1255954 road_revised.py Completed 740 of 34374, 2.15%
2026-07-21 01:16:39,992 1255954 road_revised.py Completed 750 of 34374, 2.18%
2026-07-21 01:16:39,993 1255954 road_revised.py Completed 760 of 34374, 2.21%
2026-07-21 01:16:40,174 1255954 road_revised.py Completed 770 of 34374, 2.24%
2026-07-21 01:16:40,428 1255954 road_revised.py Completed 780 of 34374, 2.27%
2026-07-21 01:16:40,579 1255954 road_revised.py Completed 790 of 34374, 2.30%
2026-07-21 01:16:40,748 1255954 road_revised.py Completed 800 of 34374, 2.33%
2026-07-21 01:16:40,759 1255954 road_revised.py RSS checkpoint [iter1_lcp_progress_800_of_34374]: 5.86 GB
2026-07-21 01:16:41,021 1255954 road_revised.py Completed 810 of 34374, 2.36%
2026-07-21 01:16:41,294 1255954 road_revised.py Completed 820 of 34374, 2.39%
2026-07-21 01:16:41,560 1255954 road_revised.py Completed 830 of 34374, 2.41%
2026-07-21 01:16:41,833 1255954 road_revised.py Completed 840 of 34374, 2.44%
2026-07-21 01:16:44,400 1255954 road_revised.py Completed 850 of 34374, 2.47%
2026-07-21 01:16:44,428 1255954 road_revised.py Completed 860 of 34374, 2.50%
2026-07-21 01:16:44,429 1255954 road_revised.py Completed 870 of 34374, 2.53%
2026-07-21 01:16:44,429 1255954 road_revised.py Completed 880 of 34374, 2.56%
2026-07-21 01:16:44,430 1255954 road_revised.py Completed 890 of 34374, 2.59%
2026-07-21 01:16:44,437 1255954 road_revised.py Completed 900 of 34374, 2.62%
2026-07-21 01:16:44,438 1255954 road_revised.py RSS checkpoint [iter1_lcp_progress_900_of_34374]: 5.85 GB
2026-07-21 01:16:44,679 1255954 road_revised.py Completed 910 of 34374, 2.65%
2026-07-21 01:16:44,894 1255954 road_revised.py Completed 920 of 34374, 2.68%
2026-07-21 01:16:45,195 1255954 road_revised.py Completed 930 of 34374, 2.71%
2026-07-21 01:16:45,442 1255954 road_revised.py Completed 940 of 34374, 2.73%
2026-07-21 01:16:45,686 1255954 road_revised.py Completed 950 of 34374, 2.76%
2026-07-21 01:16:45,911 1255954 road_revised.py Completed 960 of 34374, 2.79%
2026-07-21 01:16:46,158 1255954 road_revised.py Completed 970 of 34374, 2.82%
2026-07-21 01:16:46,409 1255954 road_revised.py Completed 980 of 34374, 2.85%
2026-07-21 01:16:46,676 1255954 road_revised.py Completed 990 of 34374, 2.88%
2026-07-21 01:16:46,960 1255954 road_revised.py Completed 1000 of 34374, 2.91%
2026-07-21 01:16:46,960 1255954 road_revised.py RSS checkpoint [iter1_lcp_progress_1000_of_34374]: 5.79 GB
2026-07-21 01:16:47,188 1255954 road_revised.py Completed 1010 of 34374, 2.94%
2026-07-21 01:16:50,947 1255954 road_revised.py Completed 1020 of 34374, 2.97%
2026-07-21 01:16:50,961 1255954 road_revised.py Completed 1030 of 34374, 3.00%
2026-07-21 01:16:50,965 1255954 road_revised.py Completed 1040 of 34374, 3.03%
2026-07-21 01:16:50,980 1255954 road_revised.py Completed 1050 of 34374, 3.05%
2026-07-21 01:16:50,983 1255954 road_revised.py Completed 1060 of 34374, 3.08%
2026-07-21 01:16:50,983 1255954 road_revised.py Completed 1070 of 34374, 3.11%
2026-07-21 01:16:50,988 1255954 road_revised.py Completed 1080 of 34374, 3.14%
2026-07-21 01:16:50,989 1255954 road_revised.py Completed 1090 of 34374, 3.17%
2026-07-21 01:16:50,989 1255954 road_revised.py Completed 1100 of 34374, 3.20%
2026-07-21 01:16:50,989 1255954 road_revised.py RSS checkpoint [iter1_lcp_progress_1100_of_34374]: 6.15 GB
2026-07-21 01:16:50,990 1255954 road_revised.py Completed 1110 of 34374, 3.23%
2026-07-21 01:16:51,153 1255954 road_revised.py Completed 1120 of 34374, 3.26%
2026-07-21 01:16:51,403 1255954 road_revised.py Completed 1130 of 34374, 3.29%
2026-07-21 01:16:51,646 1255954 road_revised.py Completed 1140 of 34374, 3.32%
2026-07-21 01:16:51,898 1255954 road_revised.py Completed 1150 of 34374, 3.35%
2026-07-21 01:16:52,110 1255954 road_revised.py Completed 1160 of 34374, 3.37%
2026-07-21 01:16:52,362 1255954 road_revised.py Completed 1170 of 34374, 3.40%
2026-07-21 01:16:52,591 1255954 road_revised.py Completed 1180 of 34374, 3.43%
2026-07-21 01:16:54,484 1255954 road_revised.py Completed 1190 of 34374, 3.46%
2026-07-21 01:16:54,488 1255954 road_revised.py Completed 1200 of 34374, 3.49%
2026-07-21 01:16:54,489 1255954 road_revised.py RSS checkpoint [iter1_lcp_progress_1200_of_34374]: 5.64 GB
2026-07-21 01:16:54,489 1255954 road_revised.py Completed 1210 of 34374, 3.52%
2026-07-21 01:16:54,492 1255954 road_revised.py Completed 1220 of 34374, 3.55%
2026-07-21 01:16:54,495 1255954 road_revised.py Completed 1230 of 34374, 3.58%
2026-07-21 01:16:54,647 1255954 road_revised.py Completed 1240 of 34374, 3.61%
2026-07-21 01:16:54,906 1255954 road_revised.py Completed 1250 of 34374, 3.64%
2026-07-21 01:16:55,123 1255954 road_revised.py Completed 1260 of 34374, 3.67%
2026-07-21 01:16:55,385 1255954 road_revised.py Completed 1270 of 34374, 3.69%
2026-07-21 01:16:55,619 1255954 road_revised.py Completed 1280 of 34374, 3.72%
2026-07-21 01:16:55,928 1255954 road_revised.py Completed 1290 of 34374, 3.75%
2026-07-21 01:16:56,182 1255954 road_revised.py Completed 1300 of 34374, 3.78%
2026-07-21 01:16:56,190 1255954 road_revised.py RSS checkpoint [iter1_lcp_progress_1300_of_34374]: 5.70 GB
2026-07-21 01:16:56,469 1255954 road_revised.py Completed 1310 of 34374, 3.81%
2026-07-21 01:16:56,761 1255954 road_revised.py Completed 1320 of 34374, 3.84%
2026-07-21 01:16:57,040 1255954 road_revised.py Completed 1330 of 34374, 3.87%
2026-07-21 01:16:57,346 1255954 road_revised.py Completed 1340 of 34374, 3.90%
2026-07-21 01:16:57,605 1255954 road_revised.py Completed 1350 of 34374, 3.93%
2026-07-21 01:17:00,915 1255954 road_revised.py Completed 1360 of 34374, 3.96%
2026-07-21 01:17:00,919 1255954 road_revised.py Completed 1370 of 34374, 3.99%
2026-07-21 01:17:00,937 1255954 road_revised.py Completed 1380 of 34374, 4.01%
2026-07-21 01:17:00,943 1255954 road_revised.py Completed 1390 of 34374, 4.04%
2026-07-21 01:17:00,945 1255954 road_revised.py Completed 1400 of 34374, 4.07%
2026-07-21 01:17:00,951 1255954 road_revised.py RSS checkpoint [iter1_lcp_progress_1400_of_34374]: 6.26 GB
2026-07-21 01:17:00,955 1255954 road_revised.py Completed 1410 of 34374, 4.10%
2026-07-21 01:17:00,956 1255954 road_revised.py Completed 1420 of 34374, 4.13%
2026-07-21 01:17:01,043 1255954 road_revised.py Completed 1430 of 34374, 4.16%
2026-07-21 01:17:01,302 1255954 road_revised.py Completed 1440 of 34374, 4.19%
2026-07-21 01:17:01,543 1255954 road_revised.py Completed 1450 of 34374, 4.22%
2026-07-21 01:17:01,824 1255954 road_revised.py Completed 1460 of 34374, 4.25%
2026-07-21 01:17:02,090 1255954 road_revised.py Completed 1470 of 34374, 4.28%
2026-07-21 01:17:02,301 1255954 road_revised.py Completed 1480 of 34374, 4.31%
2026-07-21 01:17:02,580 1255954 road_revised.py Completed 1490 of 34374, 4.33%
2026-07-21 01:17:02,797 1255954 road_revised.py Completed 1500 of 34374, 4.36%
2026-07-21 01:17:02,813 1255954 road_revised.py RSS checkpoint [iter1_lcp_progress_1500_of_34374]: 6.11 GB
2026-07-21 01:17:03,059 1255954 road_revised.py Completed 1510 of 34374, 4.39%
2026-07-21 01:17:05,330 1255954 road_revised.py Completed 1520 of 34374, 4.42%
2026-07-21 01:17:05,333 1255954 road_revised.py Completed 1530 of 34374, 4.45%
2026-07-21 01:17:05,333 1255954 road_revised.py Completed 1540 of 34374, 4.48%
2026-07-21 01:17:05,349 1255954 road_revised.py Completed 1550 of 34374, 4.51%
2026-07-21 01:17:05,354 1255954 road_revised.py Completed 1560 of 34374, 4.54%
2026-07-21 01:17:05,365 1255954 road_revised.py Completed 1570 of 34374, 4.57%
2026-07-21 01:17:05,388 1255954 road_revised.py Completed 1580 of 34374, 4.60%
2026-07-21 01:17:05,688 1255954 road_revised.py Completed 1590 of 34374, 4.63%
2026-07-21 01:17:05,952 1255954 road_revised.py Completed 1600 of 34374, 4.65%
2026-07-21 01:17:05,953 1255954 road_revised.py RSS checkpoint [iter1_lcp_progress_1600_of_34374]: 5.76 GB
2026-07-21 01:17:06,194 1255954 road_revised.py Completed 1610 of 34374, 4.68%
2026-07-21 01:17:06,422 1255954 road_revised.py Completed 1620 of 34374, 4.71%
2026-07-21 01:17:06,682 1255954 road_revised.py Completed 1630 of 34374, 4.74%
2026-07-21 01:17:06,917 1255954 road_revised.py Completed 1640 of 34374, 4.77%
2026-07-21 01:17:07,147 1255954 road_revised.py Completed 1650 of 34374, 4.80%
2026-07-21 01:17:07,366 1255954 road_revised.py Completed 1660 of 34374, 4.83%
2026-07-21 01:17:07,628 1255954 road_revised.py Completed 1670 of 34374, 4.86%
2026-07-21 01:17:07,828 1255954 road_revised.py Completed 1680 of 34374, 4.89%
2026-07-21 01:17:10,752 1255954 road_revised.py Completed 1690 of 34374, 4.92%
2026-07-21 01:17:10,808 1255954 road_revised.py Completed 1700 of 34374, 4.95%
2026-07-21 01:17:10,809 1255954 road_revised.py RSS checkpoint [iter1_lcp_progress_1700_of_34374]: 6.51 GB
2026-07-21 01:17:10,810 1255954 road_revised.py Completed 1710 of 34374, 4.97%
2026-07-21 01:17:10,811 1255954 road_revised.py Completed 1720 of 34374, 5.00%
2026-07-21 01:17:11,139 1255954 road_revised.py Completed 1730 of 34374, 5.03%
2026-07-21 01:17:11,148 1255954 road_revised.py Completed 1740 of 34374, 5.06%
2026-07-21 01:17:11,149 1255954 road_revised.py Completed 1750 of 34374, 5.09%
2026-07-21 01:17:11,152 1255954 road_revised.py Completed 1760 of 34374, 5.12%
2026-07-21 01:17:11,273 1255954 road_revised.py Completed 1770 of 34374, 5.15%
2026-07-21 01:17:11,555 1255954 road_revised.py Completed 1780 of 34374, 5.18%
2026-07-21 01:17:11,838 1255954 road_revised.py Completed 1790 of 34374, 5.21%
2026-07-21 01:17:12,135 1255954 road_revised.py Completed 1800 of 34374, 5.24%
2026-07-21 01:17:12,135 1255954 road_revised.py RSS checkpoint [iter1_lcp_progress_1800_of_34374]: 6.52 GB
2026-07-21 01:17:12,395 1255954 road_revised.py Completed 1810 of 34374, 5.27%
2026-07-21 01:17:12,654 1255954 road_revised.py Completed 1820 of 34374, 5.29%
2026-07-21 01:17:12,925 1255954 road_revised.py Completed 1830 of 34374, 5.32%
2026-07-21 01:17:13,177 1255954 road_revised.py Completed 1840 of 34374, 5.35%
2026-07-21 01:17:13,444 1255954 road_revised.py Completed 1850 of 34374, 5.38%
2026-07-21 01:17:16,049 1255954 road_revised.py Completed 1860 of 34374, 5.41%
2026-07-21 01:17:16,079 1255954 road_revised.py Completed 1870 of 34374, 5.44%
2026-07-21 01:17:16,079 1255954 road_revised.py Completed 1880 of 34374, 5.47%
2026-07-21 01:17:16,080 1255954 road_revised.py Completed 1890 of 34374, 5.50%
2026-07-21 01:17:16,081 1255954 road_revised.py Completed 1900 of 34374, 5.53%
2026-07-21 01:17:16,081 1255954 road_revised.py RSS checkpoint [iter1_lcp_progress_1900_of_34374]: 6.50 GB
2026-07-21 01:17:16,082 1255954 road_revised.py Completed 1910 of 34374, 5.56%
2026-07-21 01:17:16,113 1255954 road_revised.py Completed 1920 of 34374, 5.59%
2026-07-21 01:17:16,401 1255954 road_revised.py Completed 1930 of 34374, 5.61%
2026-07-21 01:17:16,635 1255954 road_revised.py Completed 1940 of 34374, 5.64%
2026-07-21 01:17:16,870 1255954 road_revised.py Completed 1950 of 34374, 5.67%
2026-07-21 01:17:17,117 1255954 road_revised.py Completed 1960 of 34374, 5.70%
2026-07-21 01:17:17,390 1255954 road_revised.py Completed 1970 of 34374, 5.73%
2026-07-21 01:17:17,663 1255954 road_revised.py Completed 1980 of 34374, 5.76%
2026-07-21 01:17:17,926 1255954 road_revised.py Completed 1990 of 34374, 5.79%
2026-07-21 01:17:18,176 1255954 road_revised.py Completed 2000 of 34374, 5.82%
2026-07-21 01:17:18,180 1255954 road_revised.py RSS checkpoint [iter1_lcp_progress_2000_of_34374]: 6.29 GB
2026-07-21 01:17:18,410 1255954 road_revised.py Completed 2010 of 34374, 5.85%
2026-07-21 01:17:18,664 1255954 road_revised.py Completed 2020 of 34374, 5.88%
2026-07-21 01:17:21,784 1255954 road_revised.py Completed 2030 of 34374, 5.91%
2026-07-21 01:17:21,808 1255954 road_revised.py Completed 2040 of 34374, 5.93%
2026-07-21 01:17:22,156 1255954 road_revised.py Completed 2050 of 34374, 5.96%
2026-07-21 01:17:22,157 1255954 road_revised.py Completed 2060 of 34374, 5.99%
2026-07-21 01:17:22,160 1255954 road_revised.py Completed 2070 of 34374, 6.02%
2026-07-21 01:17:22,174 1255954 road_revised.py Completed 2080 of 34374, 6.05%
2026-07-21 01:17:22,187 1255954 road_revised.py Completed 2090 of 34374, 6.08%
2026-07-21 01:17:22,193 1255954 road_revised.py Completed 2100 of 34374, 6.11%
2026-07-21 01:17:22,194 1255954 road_revised.py RSS checkpoint [iter1_lcp_progress_2100_of_34374]: 6.39 GB
2026-07-21 01:17:22,195 1255954 road_revised.py Completed 2110 of 34374, 6.14%
2026-07-21 01:17:22,330 1255954 road_revised.py Completed 2120 of 34374, 6.17%
2026-07-21 01:17:22,598 1255954 road_revised.py Completed 2130 of 34374, 6.20%
2026-07-21 01:17:22,858 1255954 road_revised.py Completed 2140 of 34374, 6.23%
2026-07-21 01:17:23,109 1255954 road_revised.py Completed 2150 of 34374, 6.25%
2026-07-21 01:17:23,373 1255954 road_revised.py Completed 2160 of 34374, 6.28%
2026-07-21 01:17:23,583 1255954 road_revised.py Completed 2170 of 34374, 6.31%
2026-07-21 01:17:23,835 1255954 road_revised.py Completed 2180 of 34374, 6.34%
2026-07-21 01:17:26,578 1255954 road_revised.py Completed 2190 of 34374, 6.37%
2026-07-21 01:17:26,580 1255954 road_revised.py Completed 2200 of 34374, 6.40%
2026-07-21 01:17:26,581 1255954 road_revised.py RSS checkpoint [iter1_lcp_progress_2200_of_34374]: 6.65 GB
2026-07-21 01:17:26,581 1255954 road_revised.py Completed 2210 of 34374, 6.43%
2026-07-21 01:17:26,582 1255954 road_revised.py Completed 2220 of 34374, 6.46%
2026-07-21 01:17:26,591 1255954 road_revised.py Completed 2230 of 34374, 6.49%
2026-07-21 01:17:26,601 1255954 road_revised.py Completed 2240 of 34374, 6.52%
2026-07-21 01:17:26,653 1255954 road_revised.py Completed 2250 of 34374, 6.55%
2026-07-21 01:17:26,969 1255954 road_revised.py Completed 2260 of 34374, 6.57%
2026-07-21 01:17:27,228 1255954 road_revised.py Completed 2270 of 34374, 6.60%
2026-07-21 01:17:27,505 1255954 road_revised.py Completed 2280 of 34374, 6.63%
2026-07-21 01:17:27,777 1255954 road_revised.py Completed 2290 of 34374, 6.66%
2026-07-21 01:17:27,956 1255954 road_revised.py Completed 2300 of 34374, 6.69%
2026-07-21 01:17:27,956 1255954 road_revised.py RSS checkpoint [iter1_lcp_progress_2300_of_34374]: 6.40 GB
2026-07-21 01:17:28,244 1255954 road_revised.py Completed 2310 of 34374, 6.72%
2026-07-21 01:17:28,463 1255954 road_revised.py Completed 2320 of 34374, 6.75%
2026-07-21 01:17:28,704 1255954 road_revised.py Completed 2330 of 34374, 6.78%
2026-07-21 01:17:28,953 1255954 road_revised.py Completed 2340 of 34374, 6.81%
2026-07-21 01:17:29,182 1255954 road_revised.py Completed 2350 of 34374, 6.84%
2026-07-21 01:17:32,995 1255954 road_revised.py Completed 2360 of 34374, 6.87%
2026-07-21 01:17:32,997 1255954 road_revised.py Completed 2370 of 34374, 6.89%
2026-07-21 01:17:32,998 1255954 road_revised.py Completed 2380 of 34374, 6.92%
2026-07-21 01:17:32,998 1255954 road_revised.py Completed 2390 of 34374, 6.95%
2026-07-21 01:17:33,000 1255954 road_revised.py Completed 2400 of 34374, 6.98%
2026-07-21 01:17:33,000 1255954 road_revised.py RSS checkpoint [iter1_lcp_progress_2400_of_34374]: 6.75 GB
2026-07-21 01:17:33,001 1255954 road_revised.py Completed 2410 of 34374, 7.01%
2026-07-21 01:17:33,002 1255954 road_revised.py Completed 2420 of 34374, 7.04%
2026-07-21 01:17:33,003 1255954 road_revised.py Completed 2430 of 34374, 7.07%
2026-07-21 01:17:33,003 1255954 road_revised.py Completed 2440 of 34374, 7.10%
2026-07-21 01:17:33,004 1255954 road_revised.py Completed 2450 of 34374, 7.13%
2026-07-21 01:17:33,169 1255954 road_revised.py Completed 2460 of 34374, 7.16%
2026-07-21 01:17:33,418 1255954 road_revised.py Completed 2470 of 34374, 7.19%
2026-07-21 01:17:33,678 1255954 road_revised.py Completed 2480 of 34374, 7.21%
2026-07-21 01:17:33,893 1255954 road_revised.py Completed 2490 of 34374, 7.24%
2026-07-21 01:17:34,179 1255954 road_revised.py Completed 2500 of 34374, 7.27%
2026-07-21 01:17:34,179 1255954 road_revised.py RSS checkpoint [iter1_lcp_progress_2500_of_34374]: 6.60 GB
2026-07-21 01:17:34,446 1255954 road_revised.py Completed 2510 of 34374, 7.30%
2026-07-21 01:17:34,697 1255954 road_revised.py Completed 2520 of 34374, 7.33%
2026-07-21 01:17:36,836 1255954 road_revised.py Completed 2530 of 34374, 7.36%
2026-07-21 01:17:36,844 1255954 road_revised.py Completed 2540 of 34374, 7.39%
2026-07-21 01:17:36,845 1255954 road_revised.py Completed 2550 of 34374, 7.42%
2026-07-21 01:17:36,867 1255954 road_revised.py Completed 2560 of 34374, 7.45%
2026-07-21 01:17:36,869 1255954 road_revised.py Completed 2570 of 34374, 7.48%
2026-07-21 01:17:36,895 1255954 road_revised.py Completed 2580 of 34374, 7.51%
2026-07-21 01:17:37,172 1255954 road_revised.py Completed 2590 of 34374, 7.53%
2026-07-21 01:17:37,394 1255954 road_revised.py Completed 2600 of 34374, 7.56%
2026-07-21 01:17:37,395 1255954 road_revised.py RSS checkpoint [iter1_lcp_progress_2600_of_34374]: 6.44 GB
2026-07-21 01:17:37,659 1255954 road_revised.py Completed 2610 of 34374, 7.59%
2026-07-21 01:17:37,869 1255954 road_revised.py Completed 2620 of 34374, 7.62%
2026-07-21 01:17:38,090 1255954 road_revised.py Completed 2630 of 34374, 7.65%
2026-07-21 01:17:38,295 1255954 road_revised.py Completed 2640 of 34374, 7.68%
2026-07-21 01:17:38,583 1255954 road_revised.py Completed 2650 of 34374, 7.71%
2026-07-21 01:17:38,831 1255954 road_revised.py Completed 2660 of 34374, 7.74%
2026-07-21 01:17:39,102 1255954 road_revised.py Completed 2670 of 34374, 7.77%
2026-07-21 01:17:39,391 1255954 road_revised.py Completed 2680 of 34374, 7.80%
2026-07-21 01:17:39,634 1255954 road_revised.py Completed 2690 of 34374, 7.83%
2026-07-21 01:17:43,020 1255954 road_revised.py Completed 2700 of 34374, 7.85%
2026-07-21 01:17:43,020 1255954 road_revised.py RSS checkpoint [iter1_lcp_progress_2700_of_34374]: 7.37 GB
2026-07-21 01:17:43,021 1255954 road_revised.py Completed 2710 of 34374, 7.88%
2026-07-21 01:17:43,023 1255954 road_revised.py Completed 2720 of 34374, 7.91%
2026-07-21 01:17:43,023 1255954 road_revised.py Completed 2730 of 34374, 7.94%
2026-07-21 01:17:43,030 1255954 road_revised.py Completed 2740 of 34374, 7.97%
2026-07-21 01:17:43,035 1255954 road_revised.py Completed 2750 of 34374, 8.00%
2026-07-21 01:17:43,036 1255954 road_revised.py Completed 2760 of 34374, 8.03%
2026-07-21 01:17:43,359 1255954 road_revised.py Completed 2770 of 34374, 8.06%
2026-07-21 01:17:43,361 1255954 road_revised.py Completed 2780 of 34374, 8.09%
2026-07-21 01:17:43,402 1255954 road_revised.py Completed 2790 of 34374, 8.12%
2026-07-21 01:17:43,705 1255954 road_revised.py Completed 2800 of 34374, 8.15%
2026-07-21 01:17:43,705 1255954 road_revised.py RSS checkpoint [iter1_lcp_progress_2800_of_34374]: 7.09 GB
2026-07-21 01:17:43,945 1255954 road_revised.py Completed 2810 of 34374, 8.17%
2026-07-21 01:17:44,261 1255954 road_revised.py Completed 2820 of 34374, 8.20%
2026-07-21 01:17:44,466 1255954 road_revised.py Completed 2830 of 34374, 8.23%
2026-07-21 01:17:44,705 1255954 road_revised.py Completed 2840 of 34374, 8.26%
2026-07-21 01:17:45,010 1255954 road_revised.py Completed 2850 of 34374, 8.29%
2026-07-21 01:17:45,252 1255954 road_revised.py Completed 2860 of 34374, 8.32%
2026-07-21 01:17:47,633 1255954 road_revised.py Completed 2870 of 34374, 8.35%
2026-07-21 01:17:47,660 1255954 road_revised.py Completed 2880 of 34374, 8.38%
2026-07-21 01:17:47,665 1255954 road_revised.py Completed 2890 of 34374, 8.41%
2026-07-21 01:17:47,666 1255954 road_revised.py Completed 2900 of 34374, 8.44%
2026-07-21 01:17:47,672 1255954 road_revised.py RSS checkpoint [iter1_lcp_progress_2900_of_34374]: 6.70 GB
2026-07-21 01:17:47,689 1255954 road_revised.py Completed 2910 of 34374, 8.47%
2026-07-21 01:17:47,690 1255954 road_revised.py Completed 2920 of 34374, 8.49%
2026-07-21 01:17:47,725 1255954 road_revised.py Completed 2930 of 34374, 8.52%
2026-07-21 01:17:47,972 1255954 road_revised.py Completed 2940 of 34374, 8.55%
2026-07-21 01:17:48,270 1255954 road_revised.py Completed 2950 of 34374, 8.58%
2026-07-21 01:17:48,547 1255954 road_revised.py Completed 2960 of 34374, 8.61%
2026-07-21 01:17:48,778 1255954 road_revised.py Completed 2970 of 34374, 8.64%
2026-07-21 01:17:49,076 1255954 road_revised.py Completed 2980 of 34374, 8.67%
2026-07-21 01:17:49,302 1255954 road_revised.py Completed 2990 of 34374, 8.70%
2026-07-21 01:17:49,533 1255954 road_revised.py Completed 3000 of 34374, 8.73%
2026-07-21 01:17:49,534 1255954 road_revised.py RSS checkpoint [iter1_lcp_progress_3000_of_34374]: 6.55 GB
2026-07-21 01:17:49,788 1255954 road_revised.py Completed 3010 of 34374, 8.76%
2026-07-21 01:17:50,028 1255954 road_revised.py Completed 3020 of 34374, 8.79%
2026-07-21 01:17:50,293 1255954 road_revised.py Completed 3030 of 34374, 8.81%
2026-07-21 01:17:53,855 1255954 road_revised.py Completed 3040 of 34374, 8.84%
2026-07-21 01:17:53,860 1255954 road_revised.py Completed 3050 of 34374, 8.87%
2026-07-21 01:17:53,897 1255954 road_revised.py Completed 3060 of 34374, 8.90%
2026-07-21 01:17:53,898 1255954 road_revised.py Completed 3070 of 34374, 8.93%
2026-07-21 01:17:53,909 1255954 road_revised.py Completed 3080 of 34374, 8.96%
2026-07-21 01:17:54,299 1255954 road_revised.py Completed 3090 of 34374, 8.99%
2026-07-21 01:17:54,299 1255954 road_revised.py Completed 3100 of 34374, 9.02%
2026-07-21 01:17:54,309 1255954 road_revised.py RSS checkpoint [iter1_lcp_progress_3100_of_34374]: 7.47 GB
2026-07-21 01:17:54,325 1255954 road_revised.py Completed 3110 of 34374, 9.05%
2026-07-21 01:17:54,331 1255954 road_revised.py Completed 3120 of 34374, 9.08%
2026-07-21 01:17:54,378 1255954 road_revised.py Completed 3130 of 34374, 9.11%
2026-07-21 01:17:54,698 1255954 road_revised.py Completed 3140 of 34374, 9.13%
2026-07-21 01:17:54,986 1255954 road_revised.py Completed 3150 of 34374, 9.16%
2026-07-21 01:17:55,315 1255954 road_revised.py Completed 3160 of 34374, 9.19%
2026-07-21 01:17:55,527 1255954 road_revised.py Completed 3170 of 34374, 9.22%
2026-07-21 01:17:55,768 1255954 road_revised.py Completed 3180 of 34374, 9.25%
2026-07-21 01:17:56,039 1255954 road_revised.py Completed 3190 of 34374, 9.28%
2026-07-21 01:17:56,274 1255954 road_revised.py Completed 3200 of 34374, 9.31%
2026-07-21 01:17:56,275 1255954 road_revised.py RSS checkpoint [iter1_lcp_progress_3200_of_34374]: 7.70 GB
2026-07-21 01:17:58,947 1255954 road_revised.py Completed 3210 of 34374, 9.34%
2026-07-21 01:17:58,953 1255954 road_revised.py Completed 3220 of 34374, 9.37%
2026-07-21 01:17:58,954 1255954 road_revised.py Completed 3230 of 34374, 9.40%
2026-07-21 01:17:58,966 1255954 road_revised.py Completed 3240 of 34374, 9.43%
2026-07-21 01:17:58,966 1255954 road_revised.py Completed 3250 of 34374, 9.45%
2026-07-21 01:17:58,971 1255954 road_revised.py Completed 3260 of 34374, 9.48%
2026-07-21 01:17:59,124 1255954 road_revised.py Completed 3270 of 34374, 9.51%
2026-07-21 01:17:59,329 1255954 road_revised.py Completed 3280 of 34374, 9.54%
2026-07-21 01:17:59,635 1255954 road_revised.py Completed 3290 of 34374, 9.57%
2026-07-21 01:17:59,864 1255954 road_revised.py Completed 3300 of 34374, 9.60%
2026-07-21 01:17:59,864 1255954 road_revised.py RSS checkpoint [iter1_lcp_progress_3300_of_34374]: 6.66 GB
2026-07-21 01:18:00,125 1255954 road_revised.py Completed 3310 of 34374, 9.63%
2026-07-21 01:18:00,371 1255954 road_revised.py Completed 3320 of 34374, 9.66%
2026-07-21 01:18:00,626 1255954 road_revised.py Completed 3330 of 34374, 9.69%
2026-07-21 01:18:00,844 1255954 road_revised.py Completed 3340 of 34374, 9.72%
2026-07-21 01:18:01,082 1255954 road_revised.py Completed 3350 of 34374, 9.75%
2026-07-21 01:18:01,281 1255954 road_revised.py Completed 3360 of 34374, 9.77%
2026-07-21 01:18:01,557 1255954 road_revised.py Completed 3370 of 34374, 9.80%
2026-07-21 01:18:04,459 1255954 road_revised.py Completed 3380 of 34374, 9.83%
2026-07-21 01:18:04,483 1255954 road_revised.py Completed 3390 of 34374, 9.86%
2026-07-21 01:18:04,484 1255954 road_revised.py Completed 3400 of 34374, 9.89%
2026-07-21 01:18:04,484 1255954 road_revised.py RSS checkpoint [iter1_lcp_progress_3400_of_34374]: 7.41 GB
2026-07-21 01:18:04,484 1255954 road_revised.py Completed 3410 of 34374, 9.92%
2026-07-21 01:18:04,785 1255954 road_revised.py Completed 3420 of 34374, 9.95%
2026-07-21 01:18:04,790 1255954 road_revised.py Completed 3430 of 34374, 9.98%
2026-07-21 01:18:04,790 1255954 road_revised.py Completed 3440 of 34374, 10.01%
2026-07-21 01:18:04,792 1255954 road_revised.py Completed 3450 of 34374, 10.04%
2026-07-21 01:18:04,830 1255954 road_revised.py Completed 3460 of 34374, 10.07%
2026-07-21 01:18:05,123 1255954 road_revised.py Completed 3470 of 34374, 10.09%
2026-07-21 01:18:05,368 1255954 road_revised.py Completed 3480 of 34374, 10.12%
2026-07-21 01:18:05,661 1255954 road_revised.py Completed 3490 of 34374, 10.15%
2026-07-21 01:18:05,949 1255954 road_revised.py Completed 3500 of 34374, 10.18%
2026-07-21 01:18:05,958 1255954 road_revised.py RSS checkpoint [iter1_lcp_progress_3500_of_34374]: 7.32 GB
2026-07-21 01:18:06,189 1255954 road_revised.py Completed 3510 of 34374, 10.21%
2026-07-21 01:18:06,443 1255954 road_revised.py Completed 3520 of 34374, 10.24%
2026-07-21 01:18:06,665 1255954 road_revised.py Completed 3530 of 34374, 10.27%
2026-07-21 01:18:08,833 1255954 road_revised.py Completed 3540 of 34374, 10.30%
2026-07-21 01:18:08,835 1255954 road_revised.py Completed 3550 of 34374, 10.33%
2026-07-21 01:18:08,836 1255954 road_revised.py Completed 3560 of 34374, 10.36%
2026-07-21 01:18:08,860 1255954 road_revised.py Completed 3570 of 34374, 10.39%
2026-07-21 01:18:08,871 1255954 road_revised.py Completed 3580 of 34374, 10.41%
2026-07-21 01:18:08,877 1255954 road_revised.py Completed 3590 of 34374, 10.44%
2026-07-21 01:18:08,911 1255954 road_revised.py Completed 3600 of 34374, 10.47%
2026-07-21 01:18:08,912 1255954 road_revised.py RSS checkpoint [iter1_lcp_progress_3600_of_34374]: 7.14 GB
2026-07-21 01:18:09,200 1255954 road_revised.py Completed 3610 of 34374, 10.50%
2026-07-21 01:18:09,465 1255954 road_revised.py Completed 3620 of 34374, 10.53%
2026-07-21 01:18:09,741 1255954 road_revised.py Completed 3630 of 34374, 10.56%
2026-07-21 01:18:09,993 1255954 road_revised.py Completed 3640 of 34374, 10.59%
2026-07-21 01:18:10,294 1255954 road_revised.py Completed 3650 of 34374, 10.62%
2026-07-21 01:18:10,541 1255954 road_revised.py Completed 3660 of 34374, 10.65%
2026-07-21 01:18:10,805 1255954 road_revised.py Completed 3670 of 34374, 10.68%
2026-07-21 01:18:11,062 1255954 road_revised.py Completed 3680 of 34374, 10.71%
2026-07-21 01:18:11,321 1255954 road_revised.py Completed 3690 of 34374, 10.73%
2026-07-21 01:18:11,618 1255954 road_revised.py Completed 3700 of 34374, 10.76%
2026-07-21 01:18:11,619 1255954 road_revised.py RSS checkpoint [iter1_lcp_progress_3700_of_34374]: 7.22 GB
2026-07-21 01:18:15,149 1255954 road_revised.py Completed 3710 of 34374, 10.79%
2026-07-21 01:18:15,155 1255954 road_revised.py Completed 3720 of 34374, 10.82%
2026-07-21 01:18:15,156 1255954 road_revised.py Completed 3730 of 34374, 10.85%
2026-07-21 01:18:15,492 1255954 road_revised.py Completed 3740 of 34374, 10.88%
2026-07-21 01:18:15,493 1255954 road_revised.py Completed 3750 of 34374, 10.91%
2026-07-21 01:18:15,494 1255954 road_revised.py Completed 3760 of 34374, 10.94%
2026-07-21 01:18:15,495 1255954 road_revised.py Completed 3770 of 34374, 10.97%
2026-07-21 01:18:15,496 1255954 road_revised.py Completed 3780 of 34374, 11.00%
2026-07-21 01:18:15,496 1255954 road_revised.py Completed 3790 of 34374, 11.03%
2026-07-21 01:18:15,604 1255954 road_revised.py Completed 3800 of 34374, 11.05%
2026-07-21 01:18:15,604 1255954 road_revised.py RSS checkpoint [iter1_lcp_progress_3800_of_34374]: 7.81 GB
2026-07-21 01:18:15,852 1255954 road_revised.py Completed 3810 of 34374, 11.08%
2026-07-21 01:18:16,079 1255954 road_revised.py Completed 3820 of 34374, 11.11%
2026-07-21 01:18:16,343 1255954 road_revised.py Completed 3830 of 34374, 11.14%
2026-07-21 01:18:16,639 1255954 road_revised.py Completed 3840 of 34374, 11.17%
2026-07-21 01:18:16,937 1255954 road_revised.py Completed 3850 of 34374, 11.20%
2026-07-21 01:18:17,171 1255954 road_revised.py Completed 3860 of 34374, 11.23%
2026-07-21 01:18:17,418 1255954 road_revised.py Completed 3870 of 34374, 11.26%
2026-07-21 01:18:19,878 1255954 road_revised.py Completed 3880 of 34374, 11.29%
2026-07-21 01:18:19,907 1255954 road_revised.py Completed 3890 of 34374, 11.32%
2026-07-21 01:18:19,914 1255954 road_revised.py Completed 3900 of 34374, 11.35%
2026-07-21 01:18:19,920 1255954 road_revised.py RSS checkpoint [iter1_lcp_progress_3900_of_34374]: 7.50 GB
2026-07-21 01:18:19,928 1255954 road_revised.py Completed 3910 of 34374, 11.37%
2026-07-21 01:18:19,929 1255954 road_revised.py Completed 3920 of 34374, 11.40%
2026-07-21 01:18:19,929 1255954 road_revised.py Completed 3930 of 34374, 11.43%
2026-07-21 01:18:19,943 1255954 road_revised.py Completed 3940 of 34374, 11.46%
2026-07-21 01:18:20,211 1255954 road_revised.py Completed 3950 of 34374, 11.49%
2026-07-21 01:18:20,460 1255954 road_revised.py Completed 3960 of 34374, 11.52%
2026-07-21 01:18:20,767 1255954 road_revised.py Completed 3970 of 34374, 11.55%
2026-07-21 01:18:21,040 1255954 road_revised.py Completed 3980 of 34374, 11.58%
2026-07-21 01:18:21,286 1255954 road_revised.py Completed 3990 of 34374, 11.61%
2026-07-21 01:18:21,466 1255954 road_revised.py Completed 4000 of 34374, 11.64%
2026-07-21 01:18:21,467 1255954 road_revised.py RSS checkpoint [iter1_lcp_progress_4000_of_34374]: 7.29 GB
2026-07-21 01:18:21,759 1255954 road_revised.py Completed 4010 of 34374, 11.67%
2026-07-21 01:18:22,007 1255954 road_revised.py Completed 4020 of 34374, 11.69%
2026-07-21 01:18:22,199 1255954 road_revised.py Completed 4030 of 34374, 11.72%
2026-07-21 01:18:22,442 1255954 road_revised.py Completed 4040 of 34374, 11.75%
2026-07-21 01:18:25,502 1255954 road_revised.py Completed 4050 of 34374, 11.78%
2026-07-21 01:18:25,503 1255954 road_revised.py Completed 4060 of 34374, 11.81%
2026-07-21 01:18:25,861 1255954 road_revised.py Completed 4070 of 34374, 11.84%
2026-07-21 01:18:25,864 1255954 road_revised.py Completed 4080 of 34374, 11.87%
2026-07-21 01:18:25,865 1255954 road_revised.py Completed 4090 of 34374, 11.90%
2026-07-21 01:18:25,866 1255954 road_revised.py Completed 4100 of 34374, 11.93%
2026-07-21 01:18:25,869 1255954 road_revised.py RSS checkpoint [iter1_lcp_progress_4100_of_34374]: 7.63 GB
2026-07-21 01:18:25,871 1255954 road_revised.py Completed 4110 of 34374, 11.96%
2026-07-21 01:18:25,873 1255954 road_revised.py Completed 4120 of 34374, 11.99%
2026-07-21 01:18:25,874 1255954 road_revised.py Completed 4130 of 34374, 12.01%
2026-07-21 01:18:26,111 1255954 road_revised.py Completed 4140 of 34374, 12.04%
2026-07-21 01:18:26,339 1255954 road_revised.py Completed 4150 of 34374, 12.07%
2026-07-21 01:18:26,600 1255954 road_revised.py Completed 4160 of 34374, 12.10%
2026-07-21 01:18:26,839 1255954 road_revised.py Completed 4170 of 34374, 12.13%
2026-07-21 01:18:27,099 1255954 road_revised.py Completed 4180 of 34374, 12.16%
2026-07-21 01:18:27,356 1255954 road_revised.py Completed 4190 of 34374, 12.19%
2026-07-21 01:18:27,601 1255954 road_revised.py Completed 4200 of 34374, 12.22%
2026-07-21 01:18:27,609 1255954 road_revised.py RSS checkpoint [iter1_lcp_progress_4200_of_34374]: 7.85 GB
2026-07-21 01:18:29,984 1255954 road_revised.py Completed 4210 of 34374, 12.25%
2026-07-21 01:18:30,019 1255954 road_revised.py Completed 4220 of 34374, 12.28%
2026-07-21 01:18:30,021 1255954 road_revised.py Completed 4230 of 34374, 12.31%
2026-07-21 01:18:30,022 1255954 road_revised.py Completed 4240 of 34374, 12.33%
2026-07-21 01:18:30,023 1255954 road_revised.py Completed 4250 of 34374, 12.36%
2026-07-21 01:18:30,033 1255954 road_revised.py Completed 4260 of 34374, 12.39%
2026-07-21 01:18:30,161 1255954 road_revised.py Completed 4270 of 34374, 12.42%
2026-07-21 01:18:30,436 1255954 road_revised.py Completed 4280 of 34374, 12.45%
2026-07-21 01:18:30,691 1255954 road_revised.py Completed 4290 of 34374, 12.48%
2026-07-21 01:18:30,963 1255954 road_revised.py Completed 4300 of 34374, 12.51%
2026-07-21 01:18:30,967 1255954 road_revised.py RSS checkpoint [iter1_lcp_progress_4300_of_34374]: 7.41 GB
2026-07-21 01:18:31,198 1255954 road_revised.py Completed 4310 of 34374, 12.54%
2026-07-21 01:18:31,484 1255954 road_revised.py Completed 4320 of 34374, 12.57%
2026-07-21 01:18:31,703 1255954 road_revised.py Completed 4330 of 34374, 12.60%
2026-07-21 01:18:31,961 1255954 road_revised.py Completed 4340 of 34374, 12.63%
2026-07-21 01:18:32,184 1255954 road_revised.py Completed 4350 of 34374, 12.65%
2026-07-21 01:18:32,451 1255954 road_revised.py Completed 4360 of 34374, 12.68%
2026-07-21 01:18:32,696 1255954 road_revised.py Completed 4370 of 34374, 12.71%
2026-07-21 01:18:35,954 1255954 road_revised.py Completed 4380 of 34374, 12.74%
2026-07-21 01:18:36,271 1255954 road_revised.py Completed 4390 of 34374, 12.77%
2026-07-21 01:18:36,272 1255954 road_revised.py Completed 4400 of 34374, 12.80%
2026-07-21 01:18:36,276 1255954 road_revised.py RSS checkpoint [iter1_lcp_progress_4400_of_34374]: 7.89 GB
2026-07-21 01:18:36,279 1255954 road_revised.py Completed 4410 of 34374, 12.83%
2026-07-21 01:18:36,282 1255954 road_revised.py Completed 4420 of 34374, 12.86%
2026-07-21 01:18:36,297 1255954 road_revised.py Completed 4430 of 34374, 12.89%
2026-07-21 01:18:36,299 1255954 road_revised.py Completed 4440 of 34374, 12.92%
2026-07-21 01:18:36,300 1255954 road_revised.py Completed 4450 of 34374, 12.95%
2026-07-21 01:18:36,301 1255954 road_revised.py Completed 4460 of 34374, 12.97%
2026-07-21 01:18:36,302 1255954 road_revised.py Completed 4470 of 34374, 13.00%
2026-07-21 01:18:36,464 1255954 road_revised.py Completed 4480 of 34374, 13.03%
2026-07-21 01:18:36,733 1255954 road_revised.py Completed 4490 of 34374, 13.06%
2026-07-21 01:18:37,030 1255954 road_revised.py Completed 4500 of 34374, 13.09%
2026-07-21 01:18:37,030 1255954 road_revised.py RSS checkpoint [iter1_lcp_progress_4500_of_34374]: 8.01 GB
2026-07-21 01:18:37,300 1255954 road_revised.py Completed 4510 of 34374, 13.12%
2026-07-21 01:18:37,568 1255954 road_revised.py Completed 4520 of 34374, 13.15%
2026-07-21 01:18:37,802 1255954 road_revised.py Completed 4530 of 34374, 13.18%
2026-07-21 01:18:38,119 1255954 road_revised.py Completed 4540 of 34374, 13.21%
2026-07-21 01:18:40,371 1255954 road_revised.py Completed 4550 of 34374, 13.24%
2026-07-21 01:18:40,372 1255954 road_revised.py Completed 4560 of 34374, 13.27%
2026-07-21 01:18:40,388 1255954 road_revised.py Completed 4570 of 34374, 13.29%
2026-07-21 01:18:40,389 1255954 road_revised.py Completed 4580 of 34374, 13.32%
2026-07-21 01:18:40,390 1255954 road_revised.py Completed 4590 of 34374, 13.35%
2026-07-21 01:18:40,390 1255954 road_revised.py Completed 4600 of 34374, 13.38%
2026-07-21 01:18:40,391 1255954 road_revised.py RSS checkpoint [iter1_lcp_progress_4600_of_34374]: 7.93 GB
2026-07-21 01:18:40,556 1255954 road_revised.py Completed 4610 of 34374, 13.41%
2026-07-21 01:18:40,776 1255954 road_revised.py Completed 4620 of 34374, 13.44%
2026-07-21 01:18:41,070 1255954 road_revised.py Completed 4630 of 34374, 13.47%
2026-07-21 01:18:41,283 1255954 road_revised.py Completed 4640 of 34374, 13.50%
2026-07-21 01:18:41,508 1255954 road_revised.py Completed 4650 of 34374, 13.53%
2026-07-21 01:18:41,607 1255954 road_revised.py Completed 4660 of 34374, 13.56%
2026-07-21 01:18:41,817 1255954 road_revised.py Completed 4670 of 34374, 13.59%
2026-07-21 01:18:42,090 1255954 road_revised.py Completed 4680 of 34374, 13.61%
2026-07-21 01:18:42,371 1255954 road_revised.py Completed 4690 of 34374, 13.64%
2026-07-21 01:18:42,578 1255954 road_revised.py Completed 4700 of 34374, 13.67%
2026-07-21 01:18:42,578 1255954 road_revised.py RSS checkpoint [iter1_lcp_progress_4700_of_34374]: 7.80 GB
2026-07-21 01:18:42,881 1255954 road_revised.py Completed 4710 of 34374, 13.70%
2026-07-21 01:18:43,147 1255954 road_revised.py Completed 4720 of 34374, 13.73%
2026-07-21 01:18:46,812 1255954 road_revised.py Completed 4730 of 34374, 13.76%
2026-07-21 01:18:46,848 1255954 road_revised.py Completed 4740 of 34374, 13.79%
2026-07-21 01:18:47,161 1255954 road_revised.py Completed 4750 of 34374, 13.82%
2026-07-21 01:18:47,162 1255954 road_revised.py Completed 4760 of 34374, 13.85%
2026-07-21 01:18:47,163 1255954 road_revised.py Completed 4770 of 34374, 13.88%
2026-07-21 01:18:47,164 1255954 road_revised.py Completed 4780 of 34374, 13.91%
2026-07-21 01:18:47,165 1255954 road_revised.py Completed 4790 of 34374, 13.93%
2026-07-21 01:18:47,166 1255954 road_revised.py Completed 4800 of 34374, 13.96%
2026-07-21 01:18:47,171 1255954 road_revised.py RSS checkpoint [iter1_lcp_progress_4800_of_34374]: 8.41 GB
2026-07-21 01:18:47,172 1255954 road_revised.py Completed 4810 of 34374, 13.99%
2026-07-21 01:18:47,341 1255954 road_revised.py Completed 4820 of 34374, 14.02%
2026-07-21 01:18:47,610 1255954 road_revised.py Completed 4830 of 34374, 14.05%
2026-07-21 01:18:47,839 1255954 road_revised.py Completed 4840 of 34374, 14.08%
2026-07-21 01:18:48,068 1255954 road_revised.py Completed 4850 of 34374, 14.11%
2026-07-21 01:18:48,335 1255954 road_revised.py Completed 4860 of 34374, 14.14%
2026-07-21 01:18:48,599 1255954 road_revised.py Completed 4870 of 34374, 14.17%
2026-07-21 01:18:48,862 1255954 road_revised.py Completed 4880 of 34374, 14.20%
2026-07-21 01:18:51,468 1255954 road_revised.py Completed 4890 of 34374, 14.23%
2026-07-21 01:18:51,473 1255954 road_revised.py Completed 4900 of 34374, 14.25%
2026-07-21 01:18:51,481 1255954 road_revised.py RSS checkpoint [iter1_lcp_progress_4900_of_34374]: 8.11 GB
2026-07-21 01:18:51,502 1255954 road_revised.py Completed 4910 of 34374, 14.28%
2026-07-21 01:18:51,506 1255954 road_revised.py Completed 4920 of 34374, 14.31%
2026-07-21 01:18:51,506 1255954 road_revised.py Completed 4930 of 34374, 14.34%
2026-07-21 01:18:51,508 1255954 road_revised.py Completed 4940 of 34374, 14.37%
2026-07-21 01:18:51,509 1255954 road_revised.py Completed 4950 of 34374, 14.40%
2026-07-21 01:18:51,525 1255954 road_revised.py Completed 4960 of 34374, 14.43%
2026-07-21 01:18:51,810 1255954 road_revised.py Completed 4970 of 34374, 14.46%
2026-07-21 01:18:52,080 1255954 road_revised.py Completed 4980 of 34374, 14.49%
2026-07-21 01:18:52,329 1255954 road_revised.py Completed 4990 of 34374, 14.52%
2026-07-21 01:18:52,516 1255954 road_revised.py Completed 5000 of 34374, 14.55%
2026-07-21 01:18:52,524 1255954 road_revised.py RSS checkpoint [iter1_lcp_progress_5000_of_34374]: 7.89 GB
2026-07-21 01:18:52,850 1255954 road_revised.py Completed 5010 of 34374, 14.57%
2026-07-21 01:18:53,095 1255954 road_revised.py Completed 5020 of 34374, 14.60%
2026-07-21 01:18:53,324 1255954 road_revised.py Completed 5030 of 34374, 14.63%
2026-07-21 01:18:53,524 1255954 road_revised.py Completed 5040 of 34374, 14.66%
2026-07-21 01:18:53,793 1255954 road_revised.py Completed 5050 of 34374, 14.69%
2026-07-21 01:18:56,987 1255954 road_revised.py Completed 5060 of 34374, 14.72%
2026-07-21 01:18:57,012 1255954 road_revised.py Completed 5070 of 34374, 14.75%
2026-07-21 01:18:57,324 1255954 road_revised.py Completed 5080 of 34374, 14.78%
2026-07-21 01:18:57,325 1255954 road_revised.py Completed 5090 of 34374, 14.81%
2026-07-21 01:18:57,326 1255954 road_revised.py Completed 5100 of 34374, 14.84%
2026-07-21 01:18:57,327 1255954 road_revised.py RSS checkpoint [iter1_lcp_progress_5100_of_34374]: 8.07 GB
2026-07-21 01:18:57,328 1255954 road_revised.py Completed 5110 of 34374, 14.87%
2026-07-21 01:18:57,328 1255954 road_revised.py Completed 5120 of 34374, 14.89%
2026-07-21 01:18:57,329 1255954 road_revised.py Completed 5130 of 34374, 14.92%
2026-07-21 01:18:57,330 1255954 road_revised.py Completed 5140 of 34374, 14.95%
2026-07-21 01:18:57,413 1255954 road_revised.py Completed 5150 of 34374, 14.98%
2026-07-21 01:18:57,653 1255954 road_revised.py Completed 5160 of 34374, 15.01%
2026-07-21 01:18:57,913 1255954 road_revised.py Completed 5170 of 34374, 15.04%
2026-07-21 01:18:58,168 1255954 road_revised.py Completed 5180 of 34374, 15.07%
2026-07-21 01:18:58,418 1255954 road_revised.py Completed 5190 of 34374, 15.10%
2026-07-21 01:18:58,714 1255954 road_revised.py Completed 5200 of 34374, 15.13%
2026-07-21 01:18:58,714 1255954 road_revised.py RSS checkpoint [iter1_lcp_progress_5200_of_34374]: 8.26 GB
2026-07-21 01:18:58,981 1255954 road_revised.py Completed 5210 of 34374, 15.16%
2026-07-21 01:18:59,348 1255954 road_revised.py Completed 5220 of 34374, 15.19%
2026-07-21 01:19:01,850 1255954 road_revised.py Completed 5230 of 34374, 15.21%
2026-07-21 01:19:01,852 1255954 road_revised.py Completed 5240 of 34374, 15.24%
2026-07-21 01:19:01,855 1255954 road_revised.py Completed 5250 of 34374, 15.27%
2026-07-21 01:19:01,869 1255954 road_revised.py Completed 5260 of 34374, 15.30%
2026-07-21 01:19:01,872 1255954 road_revised.py Completed 5270 of 34374, 15.33%
2026-07-21 01:19:01,874 1255954 road_revised.py Completed 5280 of 34374, 15.36%
2026-07-21 01:19:02,072 1255954 road_revised.py Completed 5290 of 34374, 15.39%
2026-07-21 01:19:02,360 1255954 road_revised.py Completed 5300 of 34374, 15.42%
2026-07-21 01:19:02,389 1255954 road_revised.py RSS checkpoint [iter1_lcp_progress_5300_of_34374]: 8.08 GB
2026-07-21 01:19:02,624 1255954 road_revised.py Completed 5310 of 34374, 15.45%
2026-07-21 01:19:02,839 1255954 road_revised.py Completed 5320 of 34374, 15.48%
2026-07-21 01:19:03,109 1255954 road_revised.py Completed 5330 of 34374, 15.51%
2026-07-21 01:19:03,339 1255954 road_revised.py Completed 5340 of 34374, 15.53%
2026-07-21 01:19:03,659 1255954 road_revised.py Completed 5350 of 34374, 15.56%
2026-07-21 01:19:03,843 1255954 road_revised.py Completed 5360 of 34374, 15.59%
2026-07-21 01:19:04,057 1255954 road_revised.py Completed 5370 of 34374, 15.62%
2026-07-21 01:19:04,321 1255954 road_revised.py Completed 5380 of 34374, 15.65%
2026-07-21 01:19:04,572 1255954 road_revised.py Completed 5390 of 34374, 15.68%
2026-07-21 01:19:07,966 1255954 road_revised.py Completed 5400 of 34374, 15.71%
2026-07-21 01:19:07,980 1255954 road_revised.py RSS checkpoint [iter1_lcp_progress_5400_of_34374]: 8.49 GB
2026-07-21 01:19:07,982 1255954 road_revised.py Completed 5410 of 34374, 15.74%
2026-07-21 01:19:07,983 1255954 road_revised.py Completed 5420 of 34374, 15.77%
2026-07-21 01:19:07,990 1255954 road_revised.py Completed 5430 of 34374, 15.80%
2026-07-21 01:19:07,991 1255954 road_revised.py Completed 5440 of 34374, 15.83%
2026-07-21 01:19:07,992 1255954 road_revised.py Completed 5450 of 34374, 15.86%
2026-07-21 01:19:07,993 1255954 road_revised.py Completed 5460 of 34374, 15.88%
2026-07-21 01:19:07,993 1255954 road_revised.py Completed 5470 of 34374, 15.91%
2026-07-21 01:19:07,994 1255954 road_revised.py Completed 5480 of 34374, 15.94%
2026-07-21 01:19:08,181 1255954 road_revised.py Completed 5490 of 34374, 15.97%
2026-07-21 01:19:08,468 1255954 road_revised.py Completed 5500 of 34374, 16.00%
2026-07-21 01:19:08,469 1255954 road_revised.py RSS checkpoint [iter1_lcp_progress_5500_of_34374]: 8.28 GB
2026-07-21 01:19:08,737 1255954 road_revised.py Completed 5510 of 34374, 16.03%
2026-07-21 01:19:08,952 1255954 road_revised.py Completed 5520 of 34374, 16.06%
2026-07-21 01:19:09,225 1255954 road_revised.py Completed 5530 of 34374, 16.09%
2026-07-21 01:19:09,452 1255954 road_revised.py Completed 5540 of 34374, 16.12%
2026-07-21 01:19:09,665 1255954 road_revised.py Completed 5550 of 34374, 16.15%
2026-07-21 01:19:11,727 1255954 road_revised.py Completed 5560 of 34374, 16.18%
2026-07-21 01:19:11,732 1255954 road_revised.py Completed 5570 of 34374, 16.20%
2026-07-21 01:19:11,737 1255954 road_revised.py Completed 5580 of 34374, 16.23%
2026-07-21 01:19:11,757 1255954 road_revised.py Completed 5590 of 34374, 16.26%
2026-07-21 01:19:11,760 1255954 road_revised.py Completed 5600 of 34374, 16.29%
2026-07-21 01:19:11,761 1255954 road_revised.py RSS checkpoint [iter1_lcp_progress_5600_of_34374]: 8.51 GB
2026-07-21 01:19:11,845 1255954 road_revised.py Completed 5610 of 34374, 16.32%
2026-07-21 01:19:12,112 1255954 road_revised.py Completed 5620 of 34374, 16.35%
2026-07-21 01:19:12,397 1255954 road_revised.py Completed 5630 of 34374, 16.38%
2026-07-21 01:19:12,734 1255954 road_revised.py Completed 5640 of 34374, 16.41%
2026-07-21 01:19:12,957 1255954 road_revised.py Completed 5650 of 34374, 16.44%
2026-07-21 01:19:13,078 1255954 road_revised.py Completed 5660 of 34374, 16.47%
2026-07-21 01:19:13,294 1255954 road_revised.py Completed 5670 of 34374, 16.50%
2026-07-21 01:19:13,559 1255954 road_revised.py Completed 5680 of 34374, 16.52%
2026-07-21 01:19:13,787 1255954 road_revised.py Completed 5690 of 34374, 16.55%
2026-07-21 01:19:14,072 1255954 road_revised.py Completed 5700 of 34374, 16.58%
2026-07-21 01:19:14,073 1255954 road_revised.py RSS checkpoint [iter1_lcp_progress_5700_of_34374]: 8.44 GB
2026-07-21 01:19:14,280 1255954 road_revised.py Completed 5710 of 34374, 16.61%
2026-07-21 01:19:14,510 1255954 road_revised.py Completed 5720 of 34374, 16.64%
2026-07-21 01:19:14,808 1255954 road_revised.py Completed 5730 of 34374, 16.67%
2026-07-21 01:19:18,526 1255954 road_revised.py Completed 5740 of 34374, 16.70%
2026-07-21 01:19:18,559 1255954 road_revised.py Completed 5750 of 34374, 16.73%
2026-07-21 01:19:18,560 1255954 road_revised.py Completed 5760 of 34374, 16.76%
2026-07-21 01:19:18,561 1255954 road_revised.py Completed 5770 of 34374, 16.79%
2026-07-21 01:19:18,562 1255954 road_revised.py Completed 5780 of 34374, 16.82%
2026-07-21 01:19:18,563 1255954 road_revised.py Completed 5790 of 34374, 16.84%
2026-07-21 01:19:18,564 1255954 road_revised.py Completed 5800 of 34374, 16.87%
2026-07-21 01:19:18,567 1255954 road_revised.py RSS checkpoint [iter1_lcp_progress_5800_of_34374]: 9.22 GB
2026-07-21 01:19:18,903 1255954 road_revised.py Completed 5810 of 34374, 16.90%
2026-07-21 01:19:18,903 1255954 road_revised.py Completed 5820 of 34374, 16.93%
2026-07-21 01:19:18,906 1255954 road_revised.py Completed 5830 of 34374, 16.96%
2026-07-21 01:19:19,055 1255954 road_revised.py Completed 5840 of 34374, 16.99%
2026-07-21 01:19:19,263 1255954 road_revised.py Completed 5850 of 34374, 17.02%
2026-07-21 01:19:19,539 1255954 road_revised.py Completed 5860 of 34374, 17.05%
2026-07-21 01:19:19,755 1255954 road_revised.py Completed 5870 of 34374, 17.08%
2026-07-21 01:19:20,004 1255954 road_revised.py Completed 5880 of 34374, 17.11%
2026-07-21 01:19:20,241 1255954 road_revised.py Completed 5890 of 34374, 17.14%
2026-07-21 01:19:20,470 1255954 road_revised.py Completed 5900 of 34374, 17.16%
2026-07-21 01:19:20,493 1255954 road_revised.py RSS checkpoint [iter1_lcp_progress_5900_of_34374]: 9.13 GB
2026-07-21 01:19:22,452 1255954 road_revised.py Completed 5910 of 34374, 17.19%
2026-07-21 01:19:22,496 1255954 road_revised.py Completed 5920 of 34374, 17.22%
2026-07-21 01:19:22,504 1255954 road_revised.py Completed 5930 of 34374, 17.25%
2026-07-21 01:19:22,504 1255954 road_revised.py Completed 5940 of 34374, 17.28%
2026-07-21 01:19:22,520 1255954 road_revised.py Completed 5950 of 34374, 17.31%
2026-07-21 01:19:22,732 1255954 road_revised.py Completed 5960 of 34374, 17.34%
2026-07-21 01:19:22,930 1255954 road_revised.py Completed 5970 of 34374, 17.37%
2026-07-21 01:19:23,174 1255954 road_revised.py Completed 5980 of 34374, 17.40%
2026-07-21 01:19:23,434 1255954 road_revised.py Completed 5990 of 34374, 17.43%
2026-07-21 01:19:23,657 1255954 road_revised.py Completed 6000 of 34374, 17.46%
2026-07-21 01:19:23,657 1255954 road_revised.py RSS checkpoint [iter1_lcp_progress_6000_of_34374]: 8.59 GB
2026-07-21 01:19:23,945 1255954 road_revised.py Completed 6010 of 34374, 17.48%
2026-07-21 01:19:24,206 1255954 road_revised.py Completed 6020 of 34374, 17.51%
2026-07-21 01:19:24,420 1255954 road_revised.py Completed 6030 of 34374, 17.54%
2026-07-21 01:19:24,668 1255954 road_revised.py Completed 6040 of 34374, 17.57%
2026-07-21 01:19:24,905 1255954 road_revised.py Completed 6050 of 34374, 17.60%
2026-07-21 01:19:25,172 1255954 road_revised.py Completed 6060 of 34374, 17.63%
2026-07-21 01:19:25,366 1255954 road_revised.py Completed 6070 of 34374, 17.66%
2026-07-21 01:19:28,750 1255954 road_revised.py Completed 6080 of 34374, 17.69%
2026-07-21 01:19:28,770 1255954 road_revised.py Completed 6090 of 34374, 17.72%
2026-07-21 01:19:28,776 1255954 road_revised.py Completed 6100 of 34374, 17.75%
2026-07-21 01:19:28,777 1255954 road_revised.py RSS checkpoint [iter1_lcp_progress_6100_of_34374]: 9.37 GB
2026-07-21 01:19:28,778 1255954 road_revised.py Completed 6110 of 34374, 17.78%
2026-07-21 01:19:28,796 1255954 road_revised.py Completed 6120 of 34374, 17.80%
2026-07-21 01:19:28,798 1255954 road_revised.py Completed 6130 of 34374, 17.83%
2026-07-21 01:19:29,149 1255954 road_revised.py Completed 6140 of 34374, 17.86%
2026-07-21 01:19:29,150 1255954 road_revised.py Completed 6150 of 34374, 17.89%
2026-07-21 01:19:29,184 1255954 road_revised.py Completed 6160 of 34374, 17.92%
2026-07-21 01:19:29,344 1255954 road_revised.py Completed 6170 of 34374, 17.95%
2026-07-21 01:19:29,637 1255954 road_revised.py Completed 6180 of 34374, 17.98%
2026-07-21 01:19:29,865 1255954 road_revised.py Completed 6190 of 34374, 18.01%
2026-07-21 01:19:30,158 1255954 road_revised.py Completed 6200 of 34374, 18.04%
2026-07-21 01:19:30,158 1255954 road_revised.py RSS checkpoint [iter1_lcp_progress_6200_of_34374]: 9.29 GB
2026-07-21 01:19:30,392 1255954 road_revised.py Completed 6210 of 34374, 18.07%
2026-07-21 01:19:30,638 1255954 road_revised.py Completed 6220 of 34374, 18.10%
2026-07-21 01:19:30,935 1255954 road_revised.py Completed 6230 of 34374, 18.12%
2026-07-21 01:19:31,158 1255954 road_revised.py Completed 6240 of 34374, 18.15%
2026-07-21 01:19:33,622 1255954 road_revised.py Completed 6250 of 34374, 18.18%
2026-07-21 01:19:33,635 1255954 road_revised.py Completed 6260 of 34374, 18.21%
2026-07-21 01:19:33,636 1255954 road_revised.py Completed 6270 of 34374, 18.24%
2026-07-21 01:19:33,636 1255954 road_revised.py Completed 6280 of 34374, 18.27%
2026-07-21 01:19:33,655 1255954 road_revised.py Completed 6290 of 34374, 18.30%
2026-07-21 01:19:33,655 1255954 road_revised.py Completed 6300 of 34374, 18.33%
2026-07-21 01:19:33,658 1255954 road_revised.py RSS checkpoint [iter1_lcp_progress_6300_of_34374]: 8.99 GB
2026-07-21 01:19:33,700 1255954 road_revised.py Completed 6310 of 34374, 18.36%
2026-07-21 01:19:33,963 1255954 road_revised.py Completed 6320 of 34374, 18.39%
2026-07-21 01:19:34,202 1255954 road_revised.py Completed 6330 of 34374, 18.42%
2026-07-21 01:19:34,469 1255954 road_revised.py Completed 6340 of 34374, 18.44%
2026-07-21 01:19:34,684 1255954 road_revised.py Completed 6350 of 34374, 18.47%
2026-07-21 01:19:34,961 1255954 road_revised.py Completed 6360 of 34374, 18.50%
2026-07-21 01:19:35,194 1255954 road_revised.py Completed 6370 of 34374, 18.53%
2026-07-21 01:19:35,482 1255954 road_revised.py Completed 6380 of 34374, 18.56%
2026-07-21 01:19:35,693 1255954 road_revised.py Completed 6390 of 34374, 18.59%
2026-07-21 01:19:35,939 1255954 road_revised.py Completed 6400 of 34374, 18.62%
2026-07-21 01:19:35,940 1255954 road_revised.py RSS checkpoint [iter1_lcp_progress_6400_of_34374]: 8.83 GB
2026-07-21 01:19:36,193 1255954 road_revised.py Completed 6410 of 34374, 18.65%
2026-07-21 01:19:39,888 1255954 road_revised.py Completed 6420 of 34374, 18.68%
2026-07-21 01:19:39,926 1255954 road_revised.py Completed 6430 of 34374, 18.71%
2026-07-21 01:19:39,926 1255954 road_revised.py Completed 6440 of 34374, 18.74%
2026-07-21 01:19:39,927 1255954 road_revised.py Completed 6450 of 34374, 18.76%
2026-07-21 01:19:40,266 1255954 road_revised.py Completed 6460 of 34374, 18.79%
2026-07-21 01:19:40,266 1255954 road_revised.py Completed 6470 of 34374, 18.82%
2026-07-21 01:19:40,267 1255954 road_revised.py Completed 6480 of 34374, 18.85%
2026-07-21 01:19:40,274 1255954 road_revised.py Completed 6490 of 34374, 18.88%
2026-07-21 01:19:40,274 1255954 road_revised.py Completed 6500 of 34374, 18.91%
2026-07-21 01:19:40,278 1255954 road_revised.py RSS checkpoint [iter1_lcp_progress_6500_of_34374]: 9.31 GB
2026-07-21 01:19:40,313 1255954 road_revised.py Completed 6510 of 34374, 18.94%
2026-07-21 01:19:40,589 1255954 road_revised.py Completed 6520 of 34374, 18.97%
2026-07-21 01:19:40,832 1255954 road_revised.py Completed 6530 of 34374, 19.00%
2026-07-21 01:19:41,112 1255954 road_revised.py Completed 6540 of 34374, 19.03%
2026-07-21 01:19:41,383 1255954 road_revised.py Completed 6550 of 34374, 19.06%
2026-07-21 01:19:41,670 1255954 road_revised.py Completed 6560 of 34374, 19.08%
2026-07-21 01:19:41,924 1255954 road_revised.py Completed 6570 of 34374, 19.11%
2026-07-21 01:19:42,232 1255954 road_revised.py Completed 6580 of 34374, 19.14%
2026-07-21 01:19:44,797 1255954 road_revised.py Completed 6590 of 34374, 19.17%
2026-07-21 01:19:44,805 1255954 road_revised.py Completed 6600 of 34374, 19.20%
2026-07-21 01:19:44,808 1255954 road_revised.py RSS checkpoint [iter1_lcp_progress_6600_of_34374]: 9.19 GB
2026-07-21 01:19:44,841 1255954 road_revised.py Completed 6610 of 34374, 19.23%
2026-07-21 01:19:44,844 1255954 road_revised.py Completed 6620 of 34374, 19.26%
2026-07-21 01:19:44,852 1255954 road_revised.py Completed 6630 of 34374, 19.29%
2026-07-21 01:19:44,856 1255954 road_revised.py Completed 6640 of 34374, 19.32%
2026-07-21 01:19:44,856 1255954 road_revised.py Completed 6650 of 34374, 19.35%
2026-07-21 01:19:45,033 1255954 road_revised.py Completed 6660 of 34374, 19.38%
2026-07-21 01:19:45,338 1255954 road_revised.py Completed 6670 of 34374, 19.40%
2026-07-21 01:19:45,581 1255954 road_revised.py Completed 6680 of 34374, 19.43%
2026-07-21 01:19:45,797 1255954 road_revised.py Completed 6690 of 34374, 19.46%
2026-07-21 01:19:46,070 1255954 road_revised.py Completed 6700 of 34374, 19.49%
2026-07-21 01:19:46,071 1255954 road_revised.py RSS checkpoint [iter1_lcp_progress_6700_of_34374]: 8.94 GB
2026-07-21 01:19:46,275 1255954 road_revised.py Completed 6710 of 34374, 19.52%
2026-07-21 01:19:46,557 1255954 road_revised.py Completed 6720 of 34374, 19.55%
2026-07-21 01:19:46,798 1255954 road_revised.py Completed 6730 of 34374, 19.58%
2026-07-21 01:19:47,021 1255954 road_revised.py Completed 6740 of 34374, 19.61%
2026-07-21 01:19:47,275 1255954 road_revised.py Completed 6750 of 34374, 19.64%
2026-07-21 01:19:47,510 1255954 road_revised.py Completed 6760 of 34374, 19.67%
2026-07-21 01:19:50,608 1255954 road_revised.py Completed 6770 of 34374, 19.70%
2026-07-21 01:19:50,613 1255954 road_revised.py Completed 6780 of 34374, 19.72%
2026-07-21 01:19:50,969 1255954 road_revised.py Completed 6790 of 34374, 19.75%
2026-07-21 01:19:50,970 1255954 road_revised.py Completed 6800 of 34374, 19.78%
2026-07-21 01:19:50,971 1255954 road_revised.py RSS checkpoint [iter1_lcp_progress_6800_of_34374]: 9.33 GB
2026-07-21 01:19:50,971 1255954 road_revised.py Completed 6810 of 34374, 19.81%
2026-07-21 01:19:50,974 1255954 road_revised.py Completed 6820 of 34374, 19.84%
2026-07-21 01:19:50,977 1255954 road_revised.py Completed 6830 of 34374, 19.87%
2026-07-21 01:19:50,978 1255954 road_revised.py Completed 6840 of 34374, 19.90%
2026-07-21 01:19:50,979 1255954 road_revised.py Completed 6850 of 34374, 19.93%
2026-07-21 01:19:51,147 1255954 road_revised.py Completed 6860 of 34374, 19.96%
2026-07-21 01:19:51,364 1255954 road_revised.py Completed 6870 of 34374, 19.99%
2026-07-21 01:19:51,610 1255954 road_revised.py Completed 6880 of 34374, 20.02%
2026-07-21 01:19:51,881 1255954 road_revised.py Completed 6890 of 34374, 20.04%
2026-07-21 01:19:52,127 1255954 road_revised.py Completed 6900 of 34374, 20.07%
2026-07-21 01:19:52,127 1255954 road_revised.py RSS checkpoint [iter1_lcp_progress_6900_of_34374]: 9.49 GB
2026-07-21 01:19:52,351 1255954 road_revised.py Completed 6910 of 34374, 20.10%
2026-07-21 01:19:52,593 1255954 road_revised.py Completed 6920 of 34374, 20.13%
2026-07-21 01:19:55,440 1255954 road_revised.py Completed 6930 of 34374, 20.16%
2026-07-21 01:19:55,445 1255954 road_revised.py Completed 6940 of 34374, 20.19%
2026-07-21 01:19:55,446 1255954 road_revised.py Completed 6950 of 34374, 20.22%
2026-07-21 01:19:55,447 1255954 road_revised.py Completed 6960 of 34374, 20.25%
2026-07-21 01:19:55,450 1255954 road_revised.py Completed 6970 of 34374, 20.28%
2026-07-21 01:19:55,451 1255954 road_revised.py Completed 6980 of 34374, 20.31%
2026-07-21 01:19:55,487 1255954 road_revised.py Completed 6990 of 34374, 20.34%
2026-07-21 01:19:55,762 1255954 road_revised.py Completed 7000 of 34374, 20.36%
2026-07-21 01:19:55,824 1255954 road_revised.py RSS checkpoint [iter1_lcp_progress_7000_of_34374]: 9.39 GB
2026-07-21 01:19:56,064 1255954 road_revised.py Completed 7010 of 34374, 20.39%
2026-07-21 01:19:56,326 1255954 road_revised.py Completed 7020 of 34374, 20.42%
2026-07-21 01:19:56,608 1255954 road_revised.py Completed 7030 of 34374, 20.45%
2026-07-21 01:19:56,861 1255954 road_revised.py Completed 7040 of 34374, 20.48%
2026-07-21 01:19:57,112 1255954 road_revised.py Completed 7050 of 34374, 20.51%
2026-07-21 01:19:57,375 1255954 road_revised.py Completed 7060 of 34374, 20.54%
2026-07-21 01:19:57,585 1255954 road_revised.py Completed 7070 of 34374, 20.57%
2026-07-21 01:19:57,853 1255954 road_revised.py Completed 7080 of 34374, 20.60%
2026-07-21 01:19:58,091 1255954 road_revised.py Completed 7090 of 34374, 20.63%
2026-07-21 01:20:01,901 1255954 road_revised.py Completed 7100 of 34374, 20.66%
2026-07-21 01:20:01,905 1255954 road_revised.py RSS checkpoint [iter1_lcp_progress_7100_of_34374]: 9.88 GB
2026-07-21 01:20:02,282 1255954 road_revised.py Completed 7110 of 34374, 20.68%
2026-07-21 01:20:02,283 1255954 road_revised.py Completed 7120 of 34374, 20.71%
2026-07-21 01:20:02,283 1255954 road_revised.py Completed 7130 of 34374, 20.74%
2026-07-21 01:20:02,289 1255954 road_revised.py Completed 7140 of 34374, 20.77%
2026-07-21 01:20:02,297 1255954 road_revised.py Completed 7150 of 34374, 20.80%
2026-07-21 01:20:02,299 1255954 road_revised.py Completed 7160 of 34374, 20.83%
2026-07-21 01:20:02,300 1255954 road_revised.py Completed 7170 of 34374, 20.86%
2026-07-21 01:20:02,301 1255954 road_revised.py Completed 7180 of 34374, 20.89%
2026-07-21 01:20:02,302 1255954 road_revised.py Completed 7190 of 34374, 20.92%
2026-07-21 01:20:02,475 1255954 road_revised.py Completed 7200 of 34374, 20.95%
2026-07-21 01:20:02,476 1255954 road_revised.py RSS checkpoint [iter1_lcp_progress_7200_of_34374]: 9.66 GB
2026-07-21 01:20:02,734 1255954 road_revised.py Completed 7210 of 34374, 20.98%
2026-07-21 01:20:03,029 1255954 road_revised.py Completed 7220 of 34374, 21.00%
2026-07-21 01:20:03,249 1255954 road_revised.py Completed 7230 of 34374, 21.03%
2026-07-21 01:20:03,479 1255954 road_revised.py Completed 7240 of 34374, 21.06%
2026-07-21 01:20:03,728 1255954 road_revised.py Completed 7250 of 34374, 21.09%
2026-07-21 01:20:03,988 1255954 road_revised.py Completed 7260 of 34374, 21.12%
2026-07-21 01:20:06,152 1255954 road_revised.py Completed 7270 of 34374, 21.15%
2026-07-21 01:20:06,160 1255954 road_revised.py Completed 7280 of 34374, 21.18%
2026-07-21 01:20:06,190 1255954 road_revised.py Completed 7290 of 34374, 21.21%
2026-07-21 01:20:06,190 1255954 road_revised.py Completed 7300 of 34374, 21.24%
2026-07-21 01:20:06,191 1255954 road_revised.py RSS checkpoint [iter1_lcp_progress_7300_of_34374]: 9.54 GB
2026-07-21 01:20:06,192 1255954 road_revised.py Completed 7310 of 34374, 21.27%
2026-07-21 01:20:06,193 1255954 road_revised.py Completed 7320 of 34374, 21.30%
2026-07-21 01:20:06,313 1255954 road_revised.py Completed 7330 of 34374, 21.32%
2026-07-21 01:20:06,586 1255954 road_revised.py Completed 7340 of 34374, 21.35%
2026-07-21 01:20:06,852 1255954 road_revised.py Completed 7350 of 34374, 21.38%
2026-07-21 01:20:07,061 1255954 road_revised.py Completed 7360 of 34374, 21.41%
2026-07-21 01:20:07,333 1255954 road_revised.py Completed 7370 of 34374, 21.44%
2026-07-21 01:20:07,586 1255954 road_revised.py Completed 7380 of 34374, 21.47%
2026-07-21 01:20:07,826 1255954 road_revised.py Completed 7390 of 34374, 21.50%
2026-07-21 01:20:08,065 1255954 road_revised.py Completed 7400 of 34374, 21.53%
2026-07-21 01:20:08,066 1255954 road_revised.py RSS checkpoint [iter1_lcp_progress_7400_of_34374]: 9.43 GB
2026-07-21 01:20:08,314 1255954 road_revised.py Completed 7410 of 34374, 21.56%
2026-07-21 01:20:08,566 1255954 road_revised.py Completed 7420 of 34374, 21.59%
2026-07-21 01:20:08,838 1255954 road_revised.py Completed 7430 of 34374, 21.62%
2026-07-21 01:20:12,685 1255954 road_revised.py Completed 7440 of 34374, 21.64%
2026-07-21 01:20:12,688 1255954 road_revised.py Completed 7450 of 34374, 21.67%
2026-07-21 01:20:12,689 1255954 road_revised.py Completed 7460 of 34374, 21.70%
2026-07-21 01:20:12,692 1255954 road_revised.py Completed 7470 of 34374, 21.73%
2026-07-21 01:20:12,693 1255954 road_revised.py Completed 7480 of 34374, 21.76%
2026-07-21 01:20:12,694 1255954 road_revised.py Completed 7490 of 34374, 21.79%
2026-07-21 01:20:12,695 1255954 road_revised.py Completed 7500 of 34374, 21.82%
2026-07-21 01:20:12,708 1255954 road_revised.py RSS checkpoint [iter1_lcp_progress_7500_of_34374]: 10.40 GB
2026-07-21 01:20:12,715 1255954 road_revised.py Completed 7510 of 34374, 21.85%
2026-07-21 01:20:12,716 1255954 road_revised.py Completed 7520 of 34374, 21.88%
2026-07-21 01:20:12,899 1255954 road_revised.py Completed 7530 of 34374, 21.91%
2026-07-21 01:20:13,190 1255954 road_revised.py Completed 7540 of 34374, 21.94%
2026-07-21 01:20:13,450 1255954 road_revised.py Completed 7550 of 34374, 21.96%
2026-07-21 01:20:13,749 1255954 road_revised.py Completed 7560 of 34374, 21.99%
2026-07-21 01:20:14,007 1255954 road_revised.py Completed 7570 of 34374, 22.02%
2026-07-21 01:20:14,241 1255954 road_revised.py Completed 7580 of 34374, 22.05%
2026-07-21 01:20:14,500 1255954 road_revised.py Completed 7590 of 34374, 22.08%
2026-07-21 01:20:14,756 1255954 road_revised.py Completed 7600 of 34374, 22.11%
2026-07-21 01:20:14,757 1255954 road_revised.py RSS checkpoint [iter1_lcp_progress_7600_of_34374]: 10.31 GB
2026-07-21 01:20:14,986 1255954 road_revised.py Completed 7610 of 34374, 22.14%
2026-07-21 01:20:17,865 1255954 road_revised.py Completed 7620 of 34374, 22.17%
2026-07-21 01:20:17,866 1255954 road_revised.py Completed 7630 of 34374, 22.20%
2026-07-21 01:20:17,894 1255954 road_revised.py Completed 7640 of 34374, 22.23%
2026-07-21 01:20:17,895 1255954 road_revised.py Completed 7650 of 34374, 22.26%
2026-07-21 01:20:17,895 1255954 road_revised.py Completed 7660 of 34374, 22.28%
2026-07-21 01:20:17,897 1255954 road_revised.py Completed 7670 of 34374, 22.31%
2026-07-21 01:20:17,904 1255954 road_revised.py Completed 7680 of 34374, 22.34%
2026-07-21 01:20:18,171 1255954 road_revised.py Completed 7690 of 34374, 22.37%
2026-07-21 01:20:18,418 1255954 road_revised.py Completed 7700 of 34374, 22.40%
2026-07-21 01:20:18,418 1255954 road_revised.py RSS checkpoint [iter1_lcp_progress_7700_of_34374]: 9.70 GB
2026-07-21 01:20:18,653 1255954 road_revised.py Completed 7710 of 34374, 22.43%
2026-07-21 01:20:18,870 1255954 road_revised.py Completed 7720 of 34374, 22.46%
2026-07-21 01:20:19,154 1255954 road_revised.py Completed 7730 of 34374, 22.49%
2026-07-21 01:20:19,425 1255954 road_revised.py Completed 7740 of 34374, 22.52%
2026-07-21 01:20:19,695 1255954 road_revised.py Completed 7750 of 34374, 22.55%
2026-07-21 01:20:19,945 1255954 road_revised.py Completed 7760 of 34374, 22.58%
2026-07-21 01:20:20,220 1255954 road_revised.py Completed 7770 of 34374, 22.60%
2026-07-21 01:20:23,768 1255954 road_revised.py Completed 7780 of 34374, 22.63%
2026-07-21 01:20:23,774 1255954 road_revised.py Completed 7790 of 34374, 22.66%
2026-07-21 01:20:23,774 1255954 road_revised.py Completed 7800 of 34374, 22.69%
2026-07-21 01:20:23,779 1255954 road_revised.py RSS checkpoint [iter1_lcp_progress_7800_of_34374]: 10.17 GB
2026-07-21 01:20:24,177 1255954 road_revised.py Completed 7810 of 34374, 22.72%
2026-07-21 01:20:24,178 1255954 road_revised.py Completed 7820 of 34374, 22.75%
2026-07-21 01:20:24,178 1255954 road_revised.py Completed 7830 of 34374, 22.78%
2026-07-21 01:20:24,180 1255954 road_revised.py Completed 7840 of 34374, 22.81%
2026-07-21 01:20:24,180 1255954 road_revised.py Completed 7850 of 34374, 22.84%
2026-07-21 01:20:24,181 1255954 road_revised.py Completed 7860 of 34374, 22.87%
2026-07-21 01:20:24,182 1255954 road_revised.py Completed 7870 of 34374, 22.90%
2026-07-21 01:20:24,183 1255954 road_revised.py Completed 7880 of 34374, 22.92%
2026-07-21 01:20:24,368 1255954 road_revised.py Completed 7890 of 34374, 22.95%
2026-07-21 01:20:24,623 1255954 road_revised.py Completed 7900 of 34374, 22.98%
2026-07-21 01:20:24,624 1255954 road_revised.py RSS checkpoint [iter1_lcp_progress_7900_of_34374]: 10.04 GB
2026-07-21 01:20:24,914 1255954 road_revised.py Completed 7910 of 34374, 23.01%
2026-07-21 01:20:25,168 1255954 road_revised.py Completed 7920 of 34374, 23.04%
2026-07-21 01:20:25,457 1255954 road_revised.py Completed 7930 of 34374, 23.07%
2026-07-21 01:20:25,652 1255954 road_revised.py Completed 7940 of 34374, 23.10%
2026-07-21 01:20:27,889 1255954 road_revised.py Completed 7950 of 34374, 23.13%
2026-07-21 01:20:27,934 1255954 road_revised.py Completed 7960 of 34374, 23.16%
2026-07-21 01:20:27,935 1255954 road_revised.py Completed 7970 of 34374, 23.19%
2026-07-21 01:20:27,936 1255954 road_revised.py Completed 7980 of 34374, 23.22%
2026-07-21 01:20:27,937 1255954 road_revised.py Completed 7990 of 34374, 23.24%
2026-07-21 01:20:28,105 1255954 road_revised.py Completed 8000 of 34374, 23.27%
2026-07-21 01:20:28,106 1255954 road_revised.py RSS checkpoint [iter1_lcp_progress_8000_of_34374]: 10.16 GB
2026-07-21 01:20:28,326 1255954 road_revised.py Completed 8010 of 34374, 23.30%
2026-07-21 01:20:28,596 1255954 road_revised.py Completed 8020 of 34374, 23.33%
2026-07-21 01:20:28,857 1255954 road_revised.py Completed 8030 of 34374, 23.36%
2026-07-21 01:20:29,120 1255954 road_revised.py Completed 8040 of 34374, 23.39%
2026-07-21 01:20:29,375 1255954 road_revised.py Completed 8050 of 34374, 23.42%
2026-07-21 01:20:29,643 1255954 road_revised.py Completed 8060 of 34374, 23.45%
2026-07-21 01:20:29,860 1255954 road_revised.py Completed 8070 of 34374, 23.48%
2026-07-21 01:20:30,134 1255954 road_revised.py Completed 8080 of 34374, 23.51%
2026-07-21 01:20:30,366 1255954 road_revised.py Completed 8090 of 34374, 23.54%
2026-07-21 01:20:30,619 1255954 road_revised.py Completed 8100 of 34374, 23.56%
2026-07-21 01:20:30,619 1255954 road_revised.py RSS checkpoint [iter1_lcp_progress_8100_of_34374]: 10.02 GB
2026-07-21 01:20:30,874 1255954 road_revised.py Completed 8110 of 34374, 23.59%
2026-07-21 01:20:34,242 1255954 road_revised.py Completed 8120 of 34374, 23.62%
2026-07-21 01:20:34,280 1255954 road_revised.py Completed 8130 of 34374, 23.65%
2026-07-21 01:20:34,281 1255954 road_revised.py Completed 8140 of 34374, 23.68%
2026-07-21 01:20:34,283 1255954 road_revised.py Completed 8150 of 34374, 23.71%
2026-07-21 01:20:34,612 1255954 road_revised.py Completed 8160 of 34374, 23.74%
2026-07-21 01:20:34,613 1255954 road_revised.py Completed 8170 of 34374, 23.77%
2026-07-21 01:20:34,619 1255954 road_revised.py Completed 8180 of 34374, 23.80%
2026-07-21 01:20:34,625 1255954 road_revised.py Completed 8190 of 34374, 23.83%
2026-07-21 01:20:34,626 1255954 road_revised.py Completed 8200 of 34374, 23.86%
2026-07-21 01:20:34,631 1255954 road_revised.py RSS checkpoint [iter1_lcp_progress_8200_of_34374]: 10.23 GB
2026-07-21 01:20:34,769 1255954 road_revised.py Completed 8210 of 34374, 23.88%
2026-07-21 01:20:35,034 1255954 road_revised.py Completed 8220 of 34374, 23.91%
2026-07-21 01:20:35,264 1255954 road_revised.py Completed 8230 of 34374, 23.94%
2026-07-21 01:20:35,499 1255954 road_revised.py Completed 8240 of 34374, 23.97%
2026-07-21 01:20:35,738 1255954 road_revised.py Completed 8250 of 34374, 24.00%
2026-07-21 01:20:36,007 1255954 road_revised.py Completed 8260 of 34374, 24.03%
2026-07-21 01:20:36,229 1255954 road_revised.py Completed 8270 of 34374, 24.06%
2026-07-21 01:20:36,477 1255954 road_revised.py Completed 8280 of 34374, 24.09%
2026-07-21 01:20:38,623 1255954 road_revised.py Completed 8290 of 34374, 24.12%
2026-07-21 01:20:38,625 1255954 road_revised.py Completed 8300 of 34374, 24.15%
2026-07-21 01:20:38,627 1255954 road_revised.py RSS checkpoint [iter1_lcp_progress_8300_of_34374]: 10.33 GB
2026-07-21 01:20:38,657 1255954 road_revised.py Completed 8310 of 34374, 24.18%
2026-07-21 01:20:38,658 1255954 road_revised.py Completed 8320 of 34374, 24.20%
2026-07-21 01:20:38,660 1255954 road_revised.py Completed 8330 of 34374, 24.23%
2026-07-21 01:20:38,709 1255954 road_revised.py Completed 8340 of 34374, 24.26%
2026-07-21 01:20:38,976 1255954 road_revised.py Completed 8350 of 34374, 24.29%
2026-07-21 01:20:39,214 1255954 road_revised.py Completed 8360 of 34374, 24.32%
2026-07-21 01:20:39,439 1255954 road_revised.py Completed 8370 of 34374, 24.35%
2026-07-21 01:20:39,693 1255954 road_revised.py Completed 8380 of 34374, 24.38%
2026-07-21 01:20:39,928 1255954 road_revised.py Completed 8390 of 34374, 24.41%
2026-07-21 01:20:40,128 1255954 road_revised.py Completed 8400 of 34374, 24.44%
2026-07-21 01:20:40,129 1255954 road_revised.py RSS checkpoint [iter1_lcp_progress_8400_of_34374]: 10.18 GB
2026-07-21 01:20:40,379 1255954 road_revised.py Completed 8410 of 34374, 24.47%
2026-07-21 01:20:40,618 1255954 road_revised.py Completed 8420 of 34374, 24.50%
2026-07-21 01:20:40,847 1255954 road_revised.py Completed 8430 of 34374, 24.52%
2026-07-21 01:20:41,178 1255954 road_revised.py Completed 8440 of 34374, 24.55%
2026-07-21 01:20:44,782 1255954 road_revised.py Completed 8450 of 34374, 24.58%
2026-07-21 01:20:44,786 1255954 road_revised.py Completed 8460 of 34374, 24.61%
2026-07-21 01:20:44,792 1255954 road_revised.py Completed 8470 of 34374, 24.64%
2026-07-21 01:20:44,810 1255954 road_revised.py Completed 8480 of 34374, 24.67%
2026-07-21 01:20:45,178 1255954 road_revised.py Completed 8490 of 34374, 24.70%
2026-07-21 01:20:45,187 1255954 road_revised.py Completed 8500 of 34374, 24.73%
2026-07-21 01:20:45,187 1255954 road_revised.py RSS checkpoint [iter1_lcp_progress_8500_of_34374]: 10.62 GB
2026-07-21 01:20:45,189 1255954 road_revised.py Completed 8510 of 34374, 24.76%
2026-07-21 01:20:45,190 1255954 road_revised.py Completed 8520 of 34374, 24.79%
2026-07-21 01:20:45,191 1255954 road_revised.py Completed 8530 of 34374, 24.82%
2026-07-21 01:20:45,277 1255954 road_revised.py Completed 8540 of 34374, 24.84%
2026-07-21 01:20:45,558 1255954 road_revised.py Completed 8550 of 34374, 24.87%
2026-07-21 01:20:45,821 1255954 road_revised.py Completed 8560 of 34374, 24.90%
2026-07-21 01:20:46,048 1255954 road_revised.py Completed 8570 of 34374, 24.93%
2026-07-21 01:20:46,285 1255954 road_revised.py Completed 8580 of 34374, 24.96%
2026-07-21 01:20:46,558 1255954 road_revised.py Completed 8590 of 34374, 24.99%
2026-07-21 01:20:46,827 1255954 road_revised.py Completed 8600 of 34374, 25.02%
2026-07-21 01:20:46,828 1255954 road_revised.py RSS checkpoint [iter1_lcp_progress_8600_of_34374]: 10.80 GB
2026-07-21 01:20:47,072 1255954 road_revised.py Completed 8610 of 34374, 25.05%
2026-07-21 01:20:49,581 1255954 road_revised.py Completed 8620 of 34374, 25.08%
2026-07-21 01:20:49,615 1255954 road_revised.py Completed 8630 of 34374, 25.11%
2026-07-21 01:20:49,617 1255954 road_revised.py Completed 8640 of 34374, 25.14%
2026-07-21 01:20:49,618 1255954 road_revised.py Completed 8650 of 34374, 25.16%
2026-07-21 01:20:49,624 1255954 road_revised.py Completed 8660 of 34374, 25.19%
2026-07-21 01:20:49,625 1255954 road_revised.py Completed 8670 of 34374, 25.22%
2026-07-21 01:20:49,656 1255954 road_revised.py Completed 8680 of 34374, 25.25%
2026-07-21 01:20:49,952 1255954 road_revised.py Completed 8690 of 34374, 25.28%
2026-07-21 01:20:50,222 1255954 road_revised.py Completed 8700 of 34374, 25.31%
2026-07-21 01:20:50,222 1255954 road_revised.py RSS checkpoint [iter1_lcp_progress_8700_of_34374]: 10.39 GB
2026-07-21 01:20:50,515 1255954 road_revised.py Completed 8710 of 34374, 25.34%
2026-07-21 01:20:50,763 1255954 road_revised.py Completed 8720 of 34374, 25.37%
2026-07-21 01:20:51,011 1255954 road_revised.py Completed 8730 of 34374, 25.40%
2026-07-21 01:20:51,266 1255954 road_revised.py Completed 8740 of 34374, 25.43%
2026-07-21 01:20:51,529 1255954 road_revised.py Completed 8750 of 34374, 25.46%
2026-07-21 01:20:51,720 1255954 road_revised.py Completed 8760 of 34374, 25.48%
2026-07-21 01:20:51,976 1255954 road_revised.py Completed 8770 of 34374, 25.51%
2026-07-21 01:20:52,290 1255954 road_revised.py Completed 8780 of 34374, 25.54%
2026-07-21 01:20:55,456 1255954 road_revised.py Completed 8790 of 34374, 25.57%
2026-07-21 01:20:55,462 1255954 road_revised.py Completed 8800 of 34374, 25.60%
2026-07-21 01:20:55,489 1255954 road_revised.py RSS checkpoint [iter1_lcp_progress_8800_of_34374]: 10.73 GB
2026-07-21 01:20:55,826 1255954 road_revised.py Completed 8810 of 34374, 25.63%
2026-07-21 01:20:55,826 1255954 road_revised.py Completed 8820 of 34374, 25.66%
2026-07-21 01:20:55,832 1255954 road_revised.py Completed 8830 of 34374, 25.69%
2026-07-21 01:20:55,833 1255954 road_revised.py Completed 8840 of 34374, 25.72%
2026-07-21 01:20:55,833 1255954 road_revised.py Completed 8850 of 34374, 25.75%
2026-07-21 01:20:55,834 1255954 road_revised.py Completed 8860 of 34374, 25.78%
2026-07-21 01:20:55,835 1255954 road_revised.py Completed 8870 of 34374, 25.80%
2026-07-21 01:20:55,934 1255954 road_revised.py Completed 8880 of 34374, 25.83%
2026-07-21 01:20:56,188 1255954 road_revised.py Completed 8890 of 34374, 25.86%
2026-07-21 01:20:56,466 1255954 road_revised.py Completed 8900 of 34374, 25.89%
2026-07-21 01:20:56,466 1255954 road_revised.py RSS checkpoint [iter1_lcp_progress_8900_of_34374]: 10.66 GB
2026-07-21 01:20:56,788 1255954 road_revised.py Completed 8910 of 34374, 25.92%
2026-07-21 01:20:57,021 1255954 road_revised.py Completed 8920 of 34374, 25.95%
2026-07-21 01:20:57,281 1255954 road_revised.py Completed 8930 of 34374, 25.98%
2026-07-21 01:20:57,565 1255954 road_revised.py Completed 8940 of 34374, 26.01%
2026-07-21 01:20:57,852 1255954 road_revised.py Completed 8950 of 34374, 26.04%
2026-07-21 01:21:00,130 1255954 road_revised.py Completed 8960 of 34374, 26.07%
2026-07-21 01:21:00,133 1255954 road_revised.py Completed 8970 of 34374, 26.10%
2026-07-21 01:21:00,133 1255954 road_revised.py Completed 8980 of 34374, 26.12%
2026-07-21 01:21:00,135 1255954 road_revised.py Completed 8990 of 34374, 26.15%
2026-07-21 01:21:00,136 1255954 road_revised.py Completed 9000 of 34374, 26.18%
2026-07-21 01:21:00,141 1255954 road_revised.py RSS checkpoint [iter1_lcp_progress_9000_of_34374]: 10.60 GB
2026-07-21 01:21:00,228 1255954 road_revised.py Completed 9010 of 34374, 26.21%
2026-07-21 01:21:00,491 1255954 road_revised.py Completed 9020 of 34374, 26.24%
2026-07-21 01:21:00,755 1255954 road_revised.py Completed 9030 of 34374, 26.27%
2026-07-21 01:21:01,011 1255954 road_revised.py Completed 9040 of 34374, 26.30%
2026-07-21 01:21:01,270 1255954 road_revised.py Completed 9050 of 34374, 26.33%
2026-07-21 01:21:01,465 1255954 road_revised.py Completed 9060 of 34374, 26.36%
2026-07-21 01:21:01,716 1255954 road_revised.py Completed 9070 of 34374, 26.39%
2026-07-21 01:21:01,943 1255954 road_revised.py Completed 9080 of 34374, 26.42%
2026-07-21 01:21:02,231 1255954 road_revised.py Completed 9090 of 34374, 26.44%
2026-07-21 01:21:02,453 1255954 road_revised.py Completed 9100 of 34374, 26.47%
2026-07-21 01:21:02,453 1255954 road_revised.py RSS checkpoint [iter1_lcp_progress_9100_of_34374]: 10.45 GB
2026-07-21 01:21:02,697 1255954 road_revised.py Completed 9110 of 34374, 26.50%
2026-07-21 01:21:06,134 1255954 road_revised.py Completed 9120 of 34374, 26.53%
2026-07-21 01:21:06,172 1255954 road_revised.py Completed 9130 of 34374, 26.56%
2026-07-21 01:21:06,505 1255954 road_revised.py Completed 9140 of 34374, 26.59%
2026-07-21 01:21:06,505 1255954 road_revised.py Completed 9150 of 34374, 26.62%
2026-07-21 01:21:06,507 1255954 road_revised.py Completed 9160 of 34374, 26.65%
2026-07-21 01:21:06,508 1255954 road_revised.py Completed 9170 of 34374, 26.68%
2026-07-21 01:21:06,509 1255954 road_revised.py Completed 9180 of 34374, 26.71%
2026-07-21 01:21:06,509 1255954 road_revised.py Completed 9190 of 34374, 26.74%
2026-07-21 01:21:06,510 1255954 road_revised.py Completed 9200 of 34374, 26.76%
2026-07-21 01:21:06,510 1255954 road_revised.py RSS checkpoint [iter1_lcp_progress_9200_of_34374]: 10.54 GB
2026-07-21 01:21:06,531 1255954 road_revised.py Completed 9210 of 34374, 26.79%
2026-07-21 01:21:06,760 1255954 road_revised.py Completed 9220 of 34374, 26.82%
2026-07-21 01:21:07,023 1255954 road_revised.py Completed 9230 of 34374, 26.85%
2026-07-21 01:21:07,278 1255954 road_revised.py Completed 9240 of 34374, 26.88%
2026-07-21 01:21:07,488 1255954 road_revised.py Completed 9250 of 34374, 26.91%
2026-07-21 01:21:07,715 1255954 road_revised.py Completed 9260 of 34374, 26.94%
2026-07-21 01:21:07,953 1255954 road_revised.py Completed 9270 of 34374, 26.97%
2026-07-21 01:21:08,161 1255954 road_revised.py Completed 9280 of 34374, 27.00%
2026-07-21 01:21:10,257 1255954 road_revised.py Completed 9290 of 34374, 27.03%
2026-07-21 01:21:10,264 1255954 road_revised.py Completed 9300 of 34374, 27.06%
2026-07-21 01:21:10,264 1255954 road_revised.py RSS checkpoint [iter1_lcp_progress_9300_of_34374]: 10.75 GB
2026-07-21 01:21:10,265 1255954 road_revised.py Completed 9310 of 34374, 27.08%
2026-07-21 01:21:10,286 1255954 road_revised.py Completed 9320 of 34374, 27.11%
2026-07-21 01:21:10,287 1255954 road_revised.py Completed 9330 of 34374, 27.14%
2026-07-21 01:21:10,319 1255954 road_revised.py Completed 9340 of 34374, 27.17%
2026-07-21 01:21:10,547 1255954 road_revised.py Completed 9350 of 34374, 27.20%
2026-07-21 01:21:10,858 1255954 road_revised.py Completed 9360 of 34374, 27.23%
2026-07-21 01:21:11,123 1255954 road_revised.py Completed 9370 of 34374, 27.26%
2026-07-21 01:21:11,347 1255954 road_revised.py Completed 9380 of 34374, 27.29%
2026-07-21 01:21:11,579 1255954 road_revised.py Completed 9390 of 34374, 27.32%
2026-07-21 01:21:11,843 1255954 road_revised.py Completed 9400 of 34374, 27.35%
2026-07-21 01:21:11,843 1255954 road_revised.py RSS checkpoint [iter1_lcp_progress_9400_of_34374]: 10.65 GB
2026-07-21 01:21:12,092 1255954 road_revised.py Completed 9410 of 34374, 27.38%
2026-07-21 01:21:12,378 1255954 road_revised.py Completed 9420 of 34374, 27.40%
2026-07-21 01:21:12,645 1255954 road_revised.py Completed 9430 of 34374, 27.43%
2026-07-21 01:21:12,892 1255954 road_revised.py Completed 9440 of 34374, 27.46%
2026-07-21 01:21:13,136 1255954 road_revised.py Completed 9450 of 34374, 27.49%
2026-07-21 01:21:16,255 1255954 road_revised.py Completed 9460 of 34374, 27.52%
2026-07-21 01:21:16,583 1255954 road_revised.py Completed 9470 of 34374, 27.55%
2026-07-21 01:21:16,584 1255954 road_revised.py Completed 9480 of 34374, 27.58%
2026-07-21 01:21:16,585 1255954 road_revised.py Completed 9490 of 34374, 27.61%
2026-07-21 01:21:16,587 1255954 road_revised.py Completed 9500 of 34374, 27.64%
2026-07-21 01:21:16,592 1255954 road_revised.py RSS checkpoint [iter1_lcp_progress_9500_of_34374]: 10.72 GB
2026-07-21 01:21:16,594 1255954 road_revised.py Completed 9510 of 34374, 27.67%
2026-07-21 01:21:16,596 1255954 road_revised.py Completed 9520 of 34374, 27.70%
2026-07-21 01:21:16,597 1255954 road_revised.py Completed 9530 of 34374, 27.72%
2026-07-21 01:21:16,611 1255954 road_revised.py Completed 9540 of 34374, 27.75%
2026-07-21 01:21:16,860 1255954 road_revised.py Completed 9550 of 34374, 27.78%
2026-07-21 01:21:17,134 1255954 road_revised.py Completed 9560 of 34374, 27.81%
2026-07-21 01:21:17,432 1255954 road_revised.py Completed 9570 of 34374, 27.84%
2026-07-21 01:21:17,606 1255954 road_revised.py Completed 9580 of 34374, 27.87%
2026-07-21 01:21:17,881 1255954 road_revised.py Completed 9590 of 34374, 27.90%
2026-07-21 01:21:18,149 1255954 road_revised.py Completed 9600 of 34374, 27.93%
2026-07-21 01:21:18,162 1255954 road_revised.py RSS checkpoint [iter1_lcp_progress_9600_of_34374]: 10.88 GB
2026-07-21 01:21:18,370 1255954 road_revised.py Completed 9610 of 34374, 27.96%
2026-07-21 01:21:18,614 1255954 road_revised.py Completed 9620 of 34374, 27.99%
2026-07-21 01:21:20,364 1255954 road_revised.py Completed 9630 of 34374, 28.02%
2026-07-21 01:21:20,368 1255954 road_revised.py Completed 9640 of 34374, 28.04%
2026-07-21 01:21:20,369 1255954 road_revised.py Completed 9650 of 34374, 28.07%
2026-07-21 01:21:20,379 1255954 road_revised.py Completed 9660 of 34374, 28.10%
2026-07-21 01:21:20,473 1255954 road_revised.py Completed 9670 of 34374, 28.13%
2026-07-21 01:21:20,729 1255954 road_revised.py Completed 9680 of 34374, 28.16%
2026-07-21 01:21:20,987 1255954 road_revised.py Completed 9690 of 34374, 28.19%
2026-07-21 01:21:21,255 1255954 road_revised.py Completed 9700 of 34374, 28.22%
2026-07-21 01:21:21,255 1255954 road_revised.py RSS checkpoint [iter1_lcp_progress_9700_of_34374]: 10.68 GB
2026-07-21 01:21:21,489 1255954 road_revised.py Completed 9710 of 34374, 28.25%
2026-07-21 01:21:21,754 1255954 road_revised.py Completed 9720 of 34374, 28.28%
2026-07-21 01:21:22,044 1255954 road_revised.py Completed 9730 of 34374, 28.31%
2026-07-21 01:21:22,273 1255954 road_revised.py Completed 9740 of 34374, 28.34%
2026-07-21 01:21:22,512 1255954 road_revised.py Completed 9750 of 34374, 28.36%
2026-07-21 01:21:22,753 1255954 road_revised.py Completed 9760 of 34374, 28.39%
2026-07-21 01:21:23,023 1255954 road_revised.py Completed 9770 of 34374, 28.42%
2026-07-21 01:21:23,241 1255954 road_revised.py Completed 9780 of 34374, 28.45%
2026-07-21 01:21:27,112 1255954 road_revised.py Completed 9790 of 34374, 28.48%
2026-07-21 01:21:27,116 1255954 road_revised.py Completed 9800 of 34374, 28.51%
2026-07-21 01:21:27,131 1255954 road_revised.py RSS checkpoint [iter1_lcp_progress_9800_of_34374]: 11.37 GB
2026-07-21 01:21:27,132 1255954 road_revised.py Completed 9810 of 34374, 28.54%
2026-07-21 01:21:27,133 1255954 road_revised.py Completed 9820 of 34374, 28.57%
2026-07-21 01:21:27,141 1255954 road_revised.py Completed 9830 of 34374, 28.60%
2026-07-21 01:21:27,142 1255954 road_revised.py Completed 9840 of 34374, 28.63%
2026-07-21 01:21:27,143 1255954 road_revised.py Completed 9850 of 34374, 28.66%
2026-07-21 01:21:27,144 1255954 road_revised.py Completed 9860 of 34374, 28.68%
2026-07-21 01:21:27,157 1255954 road_revised.py Completed 9870 of 34374, 28.71%
2026-07-21 01:21:27,417 1255954 road_revised.py Completed 9880 of 34374, 28.74%
2026-07-21 01:21:27,705 1255954 road_revised.py Completed 9890 of 34374, 28.77%
2026-07-21 01:21:27,946 1255954 road_revised.py Completed 9900 of 34374, 28.80%
2026-07-21 01:21:27,946 1255954 road_revised.py RSS checkpoint [iter1_lcp_progress_9900_of_34374]: 11.15 GB
2026-07-21 01:21:28,265 1255954 road_revised.py Completed 9910 of 34374, 28.83%
2026-07-21 01:21:28,509 1255954 road_revised.py Completed 9920 of 34374, 28.86%
2026-07-21 01:21:28,813 1255954 road_revised.py Completed 9930 of 34374, 28.89%
2026-07-21 01:21:29,033 1255954 road_revised.py Completed 9940 of 34374, 28.92%
2026-07-21 01:21:29,260 1255954 road_revised.py Completed 9950 of 34374, 28.95%
2026-07-21 01:21:31,519 1255954 road_revised.py Completed 9960 of 34374, 28.98%
2026-07-21 01:21:31,524 1255954 road_revised.py Completed 9970 of 34374, 29.00%
2026-07-21 01:21:31,551 1255954 road_revised.py Completed 9980 of 34374, 29.03%
2026-07-21 01:21:31,554 1255954 road_revised.py Completed 9990 of 34374, 29.06%
2026-07-21 01:21:31,554 1255954 road_revised.py Completed 10000 of 34374, 29.09%
2026-07-21 01:21:31,557 1255954 road_revised.py RSS checkpoint [iter1_lcp_progress_10000_of_34374]: 11.18 GB
2026-07-21 01:21:31,602 1255954 road_revised.py Completed 10010 of 34374, 29.12%
2026-07-21 01:21:31,895 1255954 road_revised.py Completed 10020 of 34374, 29.15%
2026-07-21 01:21:32,111 1255954 road_revised.py Completed 10030 of 34374, 29.18%
2026-07-21 01:21:32,357 1255954 road_revised.py Completed 10040 of 34374, 29.21%
2026-07-21 01:21:32,598 1255954 road_revised.py Completed 10050 of 34374, 29.24%
2026-07-21 01:21:32,862 1255954 road_revised.py Completed 10060 of 34374, 29.27%
2026-07-21 01:21:33,068 1255954 road_revised.py Completed 10070 of 34374, 29.30%
2026-07-21 01:21:33,304 1255954 road_revised.py Completed 10080 of 34374, 29.32%
2026-07-21 01:21:33,556 1255954 road_revised.py Completed 10090 of 34374, 29.35%
2026-07-21 01:21:33,761 1255954 road_revised.py Completed 10100 of 34374, 29.38%
2026-07-21 01:21:33,761 1255954 road_revised.py RSS checkpoint [iter1_lcp_progress_10100_of_34374]: 11.06 GB
2026-07-21 01:21:34,014 1255954 road_revised.py Completed 10110 of 34374, 29.41%
2026-07-21 01:21:34,276 1255954 road_revised.py Completed 10120 of 34374, 29.44%
2026-07-21 01:21:37,542 1255954 road_revised.py Completed 10130 of 34374, 29.47%
2026-07-21 01:21:37,548 1255954 road_revised.py Completed 10140 of 34374, 29.50%
2026-07-21 01:21:37,576 1255954 road_revised.py Completed 10150 of 34374, 29.53%
2026-07-21 01:21:37,578 1255954 road_revised.py Completed 10160 of 34374, 29.56%
2026-07-21 01:21:37,580 1255954 road_revised.py Completed 10170 of 34374, 29.59%
2026-07-21 01:21:37,940 1255954 road_revised.py Completed 10180 of 34374, 29.62%
2026-07-21 01:21:37,949 1255954 road_revised.py Completed 10190 of 34374, 29.64%
2026-07-21 01:21:37,952 1255954 road_revised.py Completed 10200 of 34374, 29.67%
2026-07-21 01:21:37,953 1255954 road_revised.py RSS checkpoint [iter1_lcp_progress_10200_of_34374]: 11.17 GB
2026-07-21 01:21:37,953 1255954 road_revised.py Completed 10210 of 34374, 29.70%
2026-07-21 01:21:38,164 1255954 road_revised.py Completed 10220 of 34374, 29.73%
2026-07-21 01:21:38,412 1255954 road_revised.py Completed 10230 of 34374, 29.76%
2026-07-21 01:21:38,671 1255954 road_revised.py Completed 10240 of 34374, 29.79%
2026-07-21 01:21:38,940 1255954 road_revised.py Completed 10250 of 34374, 29.82%
2026-07-21 01:21:39,193 1255954 road_revised.py Completed 10260 of 34374, 29.85%
2026-07-21 01:21:39,436 1255954 road_revised.py Completed 10270 of 34374, 29.88%
2026-07-21 01:21:39,688 1255954 road_revised.py Completed 10280 of 34374, 29.91%
2026-07-21 01:21:39,996 1255954 road_revised.py Completed 10290 of 34374, 29.94%
2026-07-21 01:21:42,408 1255954 road_revised.py Completed 10300 of 34374, 29.96%
2026-07-21 01:21:42,409 1255954 road_revised.py RSS checkpoint [iter1_lcp_progress_10300_of_34374]: 11.49 GB
2026-07-21 01:21:42,411 1255954 road_revised.py Completed 10310 of 34374, 29.99%
2026-07-21 01:21:42,421 1255954 road_revised.py Completed 10320 of 34374, 30.02%
2026-07-21 01:21:42,427 1255954 road_revised.py Completed 10330 of 34374, 30.05%
2026-07-21 01:21:42,428 1255954 road_revised.py Completed 10340 of 34374, 30.08%
2026-07-21 01:21:42,446 1255954 road_revised.py Completed 10350 of 34374, 30.11%
2026-07-21 01:21:42,681 1255954 road_revised.py Completed 10360 of 34374, 30.14%
2026-07-21 01:21:42,943 1255954 road_revised.py Completed 10370 of 34374, 30.17%
2026-07-21 01:21:43,225 1255954 road_revised.py Completed 10380 of 34374, 30.20%
2026-07-21 01:21:43,452 1255954 road_revised.py Completed 10390 of 34374, 30.23%
2026-07-21 01:21:43,693 1255954 road_revised.py Completed 10400 of 34374, 30.26%
2026-07-21 01:21:43,693 1255954 road_revised.py RSS checkpoint [iter1_lcp_progress_10400_of_34374]: 11.23 GB
2026-07-21 01:21:43,971 1255954 road_revised.py Completed 10410 of 34374, 30.28%
2026-07-21 01:21:44,238 1255954 road_revised.py Completed 10420 of 34374, 30.31%
2026-07-21 01:21:44,470 1255954 road_revised.py Completed 10430 of 34374, 30.34%
2026-07-21 01:21:44,721 1255954 road_revised.py Completed 10440 of 34374, 30.37%
2026-07-21 01:21:44,958 1255954 road_revised.py Completed 10450 of 34374, 30.40%
2026-07-21 01:21:48,343 1255954 road_revised.py Completed 10460 of 34374, 30.43%
2026-07-21 01:21:48,346 1255954 road_revised.py Completed 10470 of 34374, 30.46%
2026-07-21 01:21:48,347 1255954 road_revised.py Completed 10480 of 34374, 30.49%
2026-07-21 01:21:48,347 1255954 road_revised.py Completed 10490 of 34374, 30.52%
2026-07-21 01:21:48,678 1255954 road_revised.py Completed 10500 of 34374, 30.55%
2026-07-21 01:21:48,679 1255954 road_revised.py RSS checkpoint [iter1_lcp_progress_10500_of_34374]: 11.27 GB
2026-07-21 01:21:48,679 1255954 road_revised.py Completed 10510 of 34374, 30.58%
2026-07-21 01:21:48,680 1255954 road_revised.py Completed 10520 of 34374, 30.60%
2026-07-21 01:21:48,684 1255954 road_revised.py Completed 10530 of 34374, 30.63%
2026-07-21 01:21:48,694 1255954 road_revised.py Completed 10540 of 34374, 30.66%
2026-07-21 01:21:48,719 1255954 road_revised.py Completed 10550 of 34374, 30.69%
2026-07-21 01:21:48,972 1255954 road_revised.py Completed 10560 of 34374, 30.72%
2026-07-21 01:21:49,221 1255954 road_revised.py Completed 10570 of 34374, 30.75%
2026-07-21 01:21:49,485 1255954 road_revised.py Completed 10580 of 34374, 30.78%
2026-07-21 01:21:49,751 1255954 road_revised.py Completed 10590 of 34374, 30.81%
2026-07-21 01:21:50,006 1255954 road_revised.py Completed 10600 of 34374, 30.84%
2026-07-21 01:21:50,011 1255954 road_revised.py RSS checkpoint [iter1_lcp_progress_10600_of_34374]: 11.45 GB
2026-07-21 01:21:50,259 1255954 road_revised.py Completed 10610 of 34374, 30.87%
2026-07-21 01:21:50,512 1255954 road_revised.py Completed 10620 of 34374, 30.90%
2026-07-21 01:21:52,770 1255954 road_revised.py Completed 10630 of 34374, 30.92%
2026-07-21 01:21:52,778 1255954 road_revised.py Completed 10640 of 34374, 30.95%
2026-07-21 01:21:52,806 1255954 road_revised.py Completed 10650 of 34374, 30.98%
2026-07-21 01:21:52,812 1255954 road_revised.py Completed 10660 of 34374, 31.01%
2026-07-21 01:21:52,813 1255954 road_revised.py Completed 10670 of 34374, 31.04%
2026-07-21 01:21:52,816 1255954 road_revised.py Completed 10680 of 34374, 31.07%
2026-07-21 01:21:52,959 1255954 road_revised.py Completed 10690 of 34374, 31.10%
2026-07-21 01:21:53,238 1255954 road_revised.py Completed 10700 of 34374, 31.13%
2026-07-21 01:21:53,241 1255954 road_revised.py RSS checkpoint [iter1_lcp_progress_10700_of_34374]: 11.33 GB
2026-07-21 01:21:53,458 1255954 road_revised.py Completed 10710 of 34374, 31.16%
2026-07-21 01:21:53,701 1255954 road_revised.py Completed 10720 of 34374, 31.19%
2026-07-21 01:21:53,934 1255954 road_revised.py Completed 10730 of 34374, 31.22%
2026-07-21 01:21:54,184 1255954 road_revised.py Completed 10740 of 34374, 31.24%
2026-07-21 01:21:54,457 1255954 road_revised.py Completed 10750 of 34374, 31.27%
2026-07-21 01:21:54,684 1255954 road_revised.py Completed 10760 of 34374, 31.30%
2026-07-21 01:21:54,961 1255954 road_revised.py Completed 10770 of 34374, 31.33%
2026-07-21 01:21:55,228 1255954 road_revised.py Completed 10780 of 34374, 31.36%
2026-07-21 01:21:55,451 1255954 road_revised.py Completed 10790 of 34374, 31.39%
2026-07-21 01:21:58,912 1255954 road_revised.py Completed 10800 of 34374, 31.42%
2026-07-21 01:21:58,921 1255954 road_revised.py RSS checkpoint [iter1_lcp_progress_10800_of_34374]: 12.19 GB
2026-07-21 01:21:58,925 1255954 road_revised.py Completed 10810 of 34374, 31.45%
2026-07-21 01:21:59,341 1255954 road_revised.py Completed 10820 of 34374, 31.48%
2026-07-21 01:21:59,347 1255954 road_revised.py Completed 10830 of 34374, 31.51%
2026-07-21 01:21:59,350 1255954 road_revised.py Completed 10840 of 34374, 31.54%
2026-07-21 01:21:59,351 1255954 road_revised.py Completed 10850 of 34374, 31.56%
2026-07-21 01:21:59,352 1255954 road_revised.py Completed 10860 of 34374, 31.59%
2026-07-21 01:21:59,353 1255954 road_revised.py Completed 10870 of 34374, 31.62%
2026-07-21 01:21:59,354 1255954 road_revised.py Completed 10880 of 34374, 31.65%
2026-07-21 01:21:59,370 1255954 road_revised.py Completed 10890 of 34374, 31.68%
2026-07-21 01:21:59,624 1255954 road_revised.py Completed 10900 of 34374, 31.71%
2026-07-21 01:21:59,669 1255954 road_revised.py RSS checkpoint [iter1_lcp_progress_10900_of_34374]: 12.04 GB
2026-07-21 01:21:59,825 1255954 road_revised.py Completed 10910 of 34374, 31.74%
2026-07-21 01:22:00,120 1255954 road_revised.py Completed 10920 of 34374, 31.77%
2026-07-21 01:22:00,371 1255954 road_revised.py Completed 10930 of 34374, 31.80%
2026-07-21 01:22:00,629 1255954 road_revised.py Completed 10940 of 34374, 31.83%
2026-07-21 01:22:00,865 1255954 road_revised.py Completed 10950 of 34374, 31.86%
2026-07-21 01:22:01,097 1255954 road_revised.py Completed 10960 of 34374, 31.88%
2026-07-21 01:22:01,323 1255954 road_revised.py Completed 10970 of 34374, 31.91%
2026-07-21 01:22:03,642 1255954 road_revised.py Completed 10980 of 34374, 31.94%
2026-07-21 01:22:03,643 1255954 road_revised.py Completed 10990 of 34374, 31.97%
2026-07-21 01:22:03,656 1255954 road_revised.py Completed 11000 of 34374, 32.00%
2026-07-21 01:22:03,656 1255954 road_revised.py RSS checkpoint [iter1_lcp_progress_11000_of_34374]: 11.98 GB
2026-07-21 01:22:03,657 1255954 road_revised.py Completed 11010 of 34374, 32.03%
2026-07-21 01:22:03,658 1255954 road_revised.py Completed 11020 of 34374, 32.06%
2026-07-21 01:22:03,662 1255954 road_revised.py Completed 11030 of 34374, 32.09%
2026-07-21 01:22:03,871 1255954 road_revised.py Completed 11040 of 34374, 32.12%
2026-07-21 01:22:04,106 1255954 road_revised.py Completed 11050 of 34374, 32.15%
2026-07-21 01:22:04,394 1255954 road_revised.py Completed 11060 of 34374, 32.18%
2026-07-21 01:22:04,649 1255954 road_revised.py Completed 11070 of 34374, 32.20%
2026-07-21 01:22:04,871 1255954 road_revised.py Completed 11080 of 34374, 32.23%
2026-07-21 01:22:05,107 1255954 road_revised.py Completed 11090 of 34374, 32.26%
2026-07-21 01:22:05,370 1255954 road_revised.py Completed 11100 of 34374, 32.29%
2026-07-21 01:22:05,371 1255954 road_revised.py RSS checkpoint [iter1_lcp_progress_11100_of_34374]: 11.80 GB
2026-07-21 01:22:05,593 1255954 road_revised.py Completed 11110 of 34374, 32.32%
2026-07-21 01:22:05,833 1255954 road_revised.py Completed 11120 of 34374, 32.35%
2026-07-21 01:22:06,096 1255954 road_revised.py Completed 11130 of 34374, 32.38%
2026-07-21 01:22:09,611 1255954 road_revised.py Completed 11140 of 34374, 32.41%
2026-07-21 01:22:09,612 1255954 road_revised.py Completed 11150 of 34374, 32.44%
2026-07-21 01:22:09,613 1255954 road_revised.py Completed 11160 of 34374, 32.47%
2026-07-21 01:22:09,613 1255954 road_revised.py Completed 11170 of 34374, 32.50%
2026-07-21 01:22:09,615 1255954 road_revised.py Completed 11180 of 34374, 32.52%
2026-07-21 01:22:09,615 1255954 road_revised.py Completed 11190 of 34374, 32.55%
2026-07-21 01:22:09,616 1255954 road_revised.py Completed 11200 of 34374, 32.58%
2026-07-21 01:22:09,620 1255954 road_revised.py RSS checkpoint [iter1_lcp_progress_11200_of_34374]: 11.91 GB
2026-07-21 01:22:09,622 1255954 road_revised.py Completed 11210 of 34374, 32.61%
2026-07-21 01:22:09,623 1255954 road_revised.py Completed 11220 of 34374, 32.64%
2026-07-21 01:22:09,642 1255954 road_revised.py Completed 11230 of 34374, 32.67%
2026-07-21 01:22:09,868 1255954 road_revised.py Completed 11240 of 34374, 32.70%
2026-07-21 01:22:10,142 1255954 road_revised.py Completed 11250 of 34374, 32.73%
2026-07-21 01:22:10,373 1255954 road_revised.py Completed 11260 of 34374, 32.76%
2026-07-21 01:22:10,639 1255954 road_revised.py Completed 11270 of 34374, 32.79%
2026-07-21 01:22:10,888 1255954 road_revised.py Completed 11280 of 34374, 32.82%
2026-07-21 01:22:11,137 1255954 road_revised.py Completed 11290 of 34374, 32.84%
2026-07-21 01:22:11,377 1255954 road_revised.py Completed 11300 of 34374, 32.87%
2026-07-21 01:22:11,378 1255954 road_revised.py RSS checkpoint [iter1_lcp_progress_11300_of_34374]: 11.86 GB
2026-07-21 01:22:13,836 1255954 road_revised.py Completed 11310 of 34374, 32.90%
2026-07-21 01:22:13,840 1255954 road_revised.py Completed 11320 of 34374, 32.93%
2026-07-21 01:22:13,884 1255954 road_revised.py Completed 11330 of 34374, 32.96%
2026-07-21 01:22:13,884 1255954 road_revised.py Completed 11340 of 34374, 32.99%
2026-07-21 01:22:13,885 1255954 road_revised.py Completed 11350 of 34374, 33.02%
2026-07-21 01:22:13,888 1255954 road_revised.py Completed 11360 of 34374, 33.05%
2026-07-21 01:22:14,122 1255954 road_revised.py Completed 11370 of 34374, 33.08%
2026-07-21 01:22:14,382 1255954 road_revised.py Completed 11380 of 34374, 33.11%
2026-07-21 01:22:14,659 1255954 road_revised.py Completed 11390 of 34374, 33.14%
2026-07-21 01:22:14,931 1255954 road_revised.py Completed 11400 of 34374, 33.16%
2026-07-21 01:22:14,932 1255954 road_revised.py RSS checkpoint [iter1_lcp_progress_11400_of_34374]: 11.86 GB
2026-07-21 01:22:15,210 1255954 road_revised.py Completed 11410 of 34374, 33.19%
2026-07-21 01:22:15,451 1255954 road_revised.py Completed 11420 of 34374, 33.22%
2026-07-21 01:22:15,724 1255954 road_revised.py Completed 11430 of 34374, 33.25%
2026-07-21 01:22:15,979 1255954 road_revised.py Completed 11440 of 34374, 33.28%
2026-07-21 01:22:16,219 1255954 road_revised.py Completed 11450 of 34374, 33.31%
2026-07-21 01:22:16,486 1255954 road_revised.py Completed 11460 of 34374, 33.34%
2026-07-21 01:22:16,744 1255954 road_revised.py Completed 11470 of 34374, 33.37%
2026-07-21 01:22:20,523 1255954 road_revised.py Completed 11480 of 34374, 33.40%
2026-07-21 01:22:20,527 1255954 road_revised.py Completed 11490 of 34374, 33.43%
2026-07-21 01:22:20,557 1255954 road_revised.py Completed 11500 of 34374, 33.46%
2026-07-21 01:22:20,558 1255954 road_revised.py RSS checkpoint [iter1_lcp_progress_11500_of_34374]: 12.94 GB
2026-07-21 01:22:20,559 1255954 road_revised.py Completed 11510 of 34374, 33.48%
2026-07-21 01:22:20,568 1255954 road_revised.py Completed 11520 of 34374, 33.51%
2026-07-21 01:22:20,575 1255954 road_revised.py Completed 11530 of 34374, 33.54%
2026-07-21 01:22:20,949 1255954 road_revised.py Completed 11540 of 34374, 33.57%
2026-07-21 01:22:20,957 1255954 road_revised.py Completed 11550 of 34374, 33.60%
2026-07-21 01:22:20,961 1255954 road_revised.py Completed 11560 of 34374, 33.63%
2026-07-21 01:22:20,962 1255954 road_revised.py Completed 11570 of 34374, 33.66%
2026-07-21 01:22:21,153 1255954 road_revised.py Completed 11580 of 34374, 33.69%
2026-07-21 01:22:21,277 1255954 road_revised.py Completed 11590 of 34374, 33.72%
2026-07-21 01:22:21,470 1255954 road_revised.py Completed 11600 of 34374, 33.75%
2026-07-21 01:22:21,470 1255954 road_revised.py RSS checkpoint [iter1_lcp_progress_11600_of_34374]: 12.63 GB
2026-07-21 01:22:21,738 1255954 road_revised.py Completed 11610 of 34374, 33.78%
2026-07-21 01:22:21,970 1255954 road_revised.py Completed 11620 of 34374, 33.80%
2026-07-21 01:22:22,237 1255954 road_revised.py Completed 11630 of 34374, 33.83%
2026-07-21 01:22:22,536 1255954 road_revised.py Completed 11640 of 34374, 33.86%
2026-07-21 01:22:22,793 1255954 road_revised.py Completed 11650 of 34374, 33.89%
2026-07-21 01:22:23,105 1255954 road_revised.py Completed 11660 of 34374, 33.92%
2026-07-21 01:22:25,731 1255954 road_revised.py Completed 11670 of 34374, 33.95%
2026-07-21 01:22:25,733 1255954 road_revised.py Completed 11680 of 34374, 33.98%
2026-07-21 01:22:25,734 1255954 road_revised.py Completed 11690 of 34374, 34.01%
2026-07-21 01:22:25,736 1255954 road_revised.py Completed 11700 of 34374, 34.04%
2026-07-21 01:22:25,739 1255954 road_revised.py RSS checkpoint [iter1_lcp_progress_11700_of_34374]: 12.29 GB
2026-07-21 01:22:25,741 1255954 road_revised.py Completed 11710 of 34374, 34.07%
2026-07-21 01:22:25,745 1255954 road_revised.py Completed 11720 of 34374, 34.10%
2026-07-21 01:22:25,754 1255954 road_revised.py Completed 11730 of 34374, 34.12%
2026-07-21 01:22:26,029 1255954 road_revised.py Completed 11740 of 34374, 34.15%
2026-07-21 01:22:26,306 1255954 road_revised.py Completed 11750 of 34374, 34.18%
2026-07-21 01:22:26,534 1255954 road_revised.py Completed 11760 of 34374, 34.21%
2026-07-21 01:22:26,812 1255954 road_revised.py Completed 11770 of 34374, 34.24%
2026-07-21 01:22:27,012 1255954 road_revised.py Completed 11780 of 34374, 34.27%
2026-07-21 01:22:27,218 1255954 road_revised.py Completed 11790 of 34374, 34.30%
2026-07-21 01:22:27,532 1255954 road_revised.py Completed 11800 of 34374, 34.33%
2026-07-21 01:22:27,532 1255954 road_revised.py RSS checkpoint [iter1_lcp_progress_11800_of_34374]: 12.07 GB
2026-07-21 01:22:27,755 1255954 road_revised.py Completed 11810 of 34374, 34.36%
2026-07-21 01:22:27,996 1255954 road_revised.py Completed 11820 of 34374, 34.39%
2026-07-21 01:22:31,414 1255954 road_revised.py Completed 11830 of 34374, 34.42%
2026-07-21 01:22:31,418 1255954 road_revised.py Completed 11840 of 34374, 34.44%
2026-07-21 01:22:31,441 1255954 road_revised.py Completed 11850 of 34374, 34.47%
2026-07-21 01:22:31,850 1255954 road_revised.py Completed 11860 of 34374, 34.50%
2026-07-21 01:22:31,851 1255954 road_revised.py Completed 11870 of 34374, 34.53%
2026-07-21 01:22:31,855 1255954 road_revised.py Completed 11880 of 34374, 34.56%
2026-07-21 01:22:31,856 1255954 road_revised.py Completed 11890 of 34374, 34.59%
2026-07-21 01:22:31,856 1255954 road_revised.py Completed 11900 of 34374, 34.62%
2026-07-21 01:22:31,857 1255954 road_revised.py RSS checkpoint [iter1_lcp_progress_11900_of_34374]: 12.25 GB
2026-07-21 01:22:31,858 1255954 road_revised.py Completed 11910 of 34374, 34.65%
2026-07-21 01:22:31,870 1255954 road_revised.py Completed 11920 of 34374, 34.68%
2026-07-21 01:22:32,112 1255954 road_revised.py Completed 11930 of 34374, 34.71%
2026-07-21 01:22:32,362 1255954 road_revised.py Completed 11940 of 34374, 34.74%
2026-07-21 01:22:32,645 1255954 road_revised.py Completed 11950 of 34374, 34.76%
2026-07-21 01:22:32,927 1255954 road_revised.py Completed 11960 of 34374, 34.79%
2026-07-21 01:22:33,221 1255954 road_revised.py Completed 11970 of 34374, 34.82%
2026-07-21 01:22:33,469 1255954 road_revised.py Completed 11980 of 34374, 34.85%
2026-07-21 01:22:33,741 1255954 road_revised.py Completed 11990 of 34374, 34.88%
2026-07-21 01:22:36,540 1255954 road_revised.py Completed 12000 of 34374, 34.91%
2026-07-21 01:22:36,547 1255954 road_revised.py RSS checkpoint [iter1_lcp_progress_12000_of_34374]: 12.66 GB
2026-07-21 01:22:36,555 1255954 road_revised.py Completed 12010 of 34374, 34.94%
2026-07-21 01:22:36,557 1255954 road_revised.py Completed 12020 of 34374, 34.97%
2026-07-21 01:22:36,563 1255954 road_revised.py Completed 12030 of 34374, 35.00%
2026-07-21 01:22:36,568 1255954 road_revised.py Completed 12040 of 34374, 35.03%
2026-07-21 01:22:36,575 1255954 road_revised.py Completed 12050 of 34374, 35.06%
2026-07-21 01:22:36,678 1255954 road_revised.py Completed 12060 of 34374, 35.08%
2026-07-21 01:22:36,921 1255954 road_revised.py Completed 12070 of 34374, 35.11%
2026-07-21 01:22:37,184 1255954 road_revised.py Completed 12080 of 34374, 35.14%
2026-07-21 01:22:37,466 1255954 road_revised.py Completed 12090 of 34374, 35.17%
2026-07-21 01:22:37,752 1255954 road_revised.py Completed 12100 of 34374, 35.20%
2026-07-21 01:22:37,752 1255954 road_revised.py RSS checkpoint [iter1_lcp_progress_12100_of_34374]: 12.37 GB
2026-07-21 01:22:38,022 1255954 road_revised.py Completed 12110 of 34374, 35.23%
2026-07-21 01:22:38,244 1255954 road_revised.py Completed 12120 of 34374, 35.26%
2026-07-21 01:22:38,504 1255954 road_revised.py Completed 12130 of 34374, 35.29%
2026-07-21 01:22:38,736 1255954 road_revised.py Completed 12140 of 34374, 35.32%
2026-07-21 01:22:38,964 1255954 road_revised.py Completed 12150 of 34374, 35.35%
2026-07-21 01:22:39,200 1255954 road_revised.py Completed 12160 of 34374, 35.38%
2026-07-21 01:22:43,177 1255954 road_revised.py Completed 12170 of 34374, 35.40%
2026-07-21 01:22:43,181 1255954 road_revised.py Completed 12180 of 34374, 35.43%
2026-07-21 01:22:43,182 1255954 road_revised.py Completed 12190 of 34374, 35.46%
2026-07-21 01:22:43,185 1255954 road_revised.py Completed 12200 of 34374, 35.49%
2026-07-21 01:22:43,186 1255954 road_revised.py RSS checkpoint [iter1_lcp_progress_12200_of_34374]: 12.73 GB
2026-07-21 01:22:43,186 1255954 road_revised.py Completed 12210 of 34374, 35.52%
2026-07-21 01:22:43,187 1255954 road_revised.py Completed 12220 of 34374, 35.55%
2026-07-21 01:22:43,188 1255954 road_revised.py Completed 12230 of 34374, 35.58%
2026-07-21 01:22:43,189 1255954 road_revised.py Completed 12240 of 34374, 35.61%
2026-07-21 01:22:43,190 1255954 road_revised.py Completed 12250 of 34374, 35.64%
2026-07-21 01:22:43,190 1255954 road_revised.py Completed 12260 of 34374, 35.67%
2026-07-21 01:22:43,376 1255954 road_revised.py Completed 12270 of 34374, 35.70%
2026-07-21 01:22:43,631 1255954 road_revised.py Completed 12280 of 34374, 35.72%
2026-07-21 01:22:43,854 1255954 road_revised.py Completed 12290 of 34374, 35.75%
2026-07-21 01:22:44,116 1255954 road_revised.py Completed 12300 of 34374, 35.78%
2026-07-21 01:22:44,116 1255954 road_revised.py RSS checkpoint [iter1_lcp_progress_12300_of_34374]: 12.55 GB
2026-07-21 01:22:44,324 1255954 road_revised.py Completed 12310 of 34374, 35.81%
2026-07-21 01:22:44,615 1255954 road_revised.py Completed 12320 of 34374, 35.84%
2026-07-21 01:22:44,878 1255954 road_revised.py Completed 12330 of 34374, 35.87%
2026-07-21 01:22:47,106 1255954 road_revised.py Completed 12340 of 34374, 35.90%
2026-07-21 01:22:47,154 1255954 road_revised.py Completed 12350 of 34374, 35.93%
2026-07-21 01:22:47,154 1255954 road_revised.py Completed 12360 of 34374, 35.96%
2026-07-21 01:22:47,156 1255954 road_revised.py Completed 12370 of 34374, 35.99%
2026-07-21 01:22:47,156 1255954 road_revised.py Completed 12380 of 34374, 36.02%
2026-07-21 01:22:47,359 1255954 road_revised.py Completed 12390 of 34374, 36.04%
2026-07-21 01:22:47,632 1255954 road_revised.py Completed 12400 of 34374, 36.07%
2026-07-21 01:22:47,632 1255954 road_revised.py RSS checkpoint [iter1_lcp_progress_12400_of_34374]: 12.42 GB
2026-07-21 01:22:47,868 1255954 road_revised.py Completed 12410 of 34374, 36.10%
2026-07-21 01:22:48,135 1255954 road_revised.py Completed 12420 of 34374, 36.13%
2026-07-21 01:22:48,381 1255954 road_revised.py Completed 12430 of 34374, 36.16%
2026-07-21 01:22:48,620 1255954 road_revised.py Completed 12440 of 34374, 36.19%
2026-07-21 01:22:48,854 1255954 road_revised.py Completed 12450 of 34374, 36.22%
2026-07-21 01:22:49,119 1255954 road_revised.py Completed 12460 of 34374, 36.25%
2026-07-21 01:22:49,350 1255954 road_revised.py Completed 12470 of 34374, 36.28%
2026-07-21 01:22:49,626 1255954 road_revised.py Completed 12480 of 34374, 36.31%
2026-07-21 01:22:49,898 1255954 road_revised.py Completed 12490 of 34374, 36.34%
2026-07-21 01:22:53,440 1255954 road_revised.py Completed 12500 of 34374, 36.36%
2026-07-21 01:22:53,440 1255954 road_revised.py RSS checkpoint [iter1_lcp_progress_12500_of_34374]: 12.98 GB
2026-07-21 01:22:53,444 1255954 road_revised.py Completed 12510 of 34374, 36.39%
2026-07-21 01:22:53,445 1255954 road_revised.py Completed 12520 of 34374, 36.42%
2026-07-21 01:22:53,457 1255954 road_revised.py Completed 12530 of 34374, 36.45%
2026-07-21 01:22:53,461 1255954 road_revised.py Completed 12540 of 34374, 36.48%
2026-07-21 01:22:53,465 1255954 road_revised.py Completed 12550 of 34374, 36.51%
2026-07-21 01:22:53,819 1255954 road_revised.py Completed 12560 of 34374, 36.54%
2026-07-21 01:22:53,820 1255954 road_revised.py Completed 12570 of 34374, 36.57%
2026-07-21 01:22:53,821 1255954 road_revised.py Completed 12580 of 34374, 36.60%
2026-07-21 01:22:53,823 1255954 road_revised.py Completed 12590 of 34374, 36.63%
2026-07-21 01:22:53,845 1255954 road_revised.py Completed 12600 of 34374, 36.66%
2026-07-21 01:22:53,846 1255954 road_revised.py RSS checkpoint [iter1_lcp_progress_12600_of_34374]: 12.67 GB
2026-07-21 01:22:54,111 1255954 road_revised.py Completed 12610 of 34374, 36.68%
2026-07-21 01:22:54,329 1255954 road_revised.py Completed 12620 of 34374, 36.71%
2026-07-21 01:22:54,683 1255954 road_revised.py Completed 12630 of 34374, 36.74%
2026-07-21 01:22:54,846 1255954 road_revised.py Completed 12640 of 34374, 36.77%
2026-07-21 01:22:55,087 1255954 road_revised.py Completed 12650 of 34374, 36.80%
2026-07-21 01:22:55,356 1255954 road_revised.py Completed 12660 of 34374, 36.83%
2026-07-21 01:22:57,560 1255954 road_revised.py Completed 12670 of 34374, 36.86%
2026-07-21 01:22:57,563 1255954 road_revised.py Completed 12680 of 34374, 36.89%
2026-07-21 01:22:57,564 1255954 road_revised.py Completed 12690 of 34374, 36.92%
2026-07-21 01:22:57,573 1255954 road_revised.py Completed 12700 of 34374, 36.95%
2026-07-21 01:22:57,576 1255954 road_revised.py RSS checkpoint [iter1_lcp_progress_12700_of_34374]: 11.42 GB
2026-07-21 01:22:57,579 1255954 road_revised.py Completed 12710 of 34374, 36.98%
2026-07-21 01:22:57,698 1255954 road_revised.py Completed 12720 of 34374, 37.00%
2026-07-21 01:22:57,958 1255954 road_revised.py Completed 12730 of 34374, 37.03%
2026-07-21 01:22:58,263 1255954 road_revised.py Completed 12740 of 34374, 37.06%
2026-07-21 01:22:58,551 1255954 road_revised.py Completed 12750 of 34374, 37.09%
2026-07-21 01:22:58,844 1255954 road_revised.py Completed 12760 of 34374, 37.12%
2026-07-21 01:22:59,110 1255954 road_revised.py Completed 12770 of 34374, 37.15%
2026-07-21 01:22:59,388 1255954 road_revised.py Completed 12780 of 34374, 37.18%
2026-07-21 01:22:59,669 1255954 road_revised.py Completed 12790 of 34374, 37.21%
2026-07-21 01:22:59,975 1255954 road_revised.py Completed 12800 of 34374, 37.24%
2026-07-21 01:22:59,990 1255954 road_revised.py RSS checkpoint [iter1_lcp_progress_12800_of_34374]: 12.10 GB
2026-07-21 01:23:00,232 1255954 road_revised.py Completed 12810 of 34374, 37.27%
2026-07-21 01:23:00,547 1255954 road_revised.py Completed 12820 of 34374, 37.30%
2026-07-21 01:23:00,772 1255954 road_revised.py Completed 12830 of 34374, 37.32%
2026-07-21 01:23:04,355 1255954 road_revised.py Completed 12840 of 34374, 37.35%
2026-07-21 01:23:04,358 1255954 road_revised.py Completed 12850 of 34374, 37.38%
2026-07-21 01:23:04,358 1255954 road_revised.py Completed 12860 of 34374, 37.41%
2026-07-21 01:23:04,364 1255954 road_revised.py Completed 12870 of 34374, 37.44%
2026-07-21 01:23:04,370 1255954 road_revised.py Completed 12880 of 34374, 37.47%
2026-07-21 01:23:04,371 1255954 road_revised.py Completed 12890 of 34374, 37.50%
2026-07-21 01:23:04,673 1255954 road_revised.py Completed 12900 of 34374, 37.53%
2026-07-21 01:23:04,678 1255954 road_revised.py RSS checkpoint [iter1_lcp_progress_12900_of_34374]: 11.71 GB
2026-07-21 01:23:04,680 1255954 road_revised.py Completed 12910 of 34374, 37.56%
2026-07-21 01:23:04,681 1255954 road_revised.py Completed 12920 of 34374, 37.59%
2026-07-21 01:23:04,744 1255954 road_revised.py Completed 12930 of 34374, 37.62%
2026-07-21 01:23:05,039 1255954 road_revised.py Completed 12940 of 34374, 37.64%
2026-07-21 01:23:05,349 1255954 road_revised.py Completed 12950 of 34374, 37.67%
2026-07-21 01:23:05,581 1255954 road_revised.py Completed 12960 of 34374, 37.70%
2026-07-21 01:23:05,834 1255954 road_revised.py Completed 12970 of 34374, 37.73%
2026-07-21 01:23:06,064 1255954 road_revised.py Completed 12980 of 34374, 37.76%
2026-07-21 01:23:06,335 1255954 road_revised.py Completed 12990 of 34374, 37.79%
2026-07-21 01:23:06,604 1255954 road_revised.py Completed 13000 of 34374, 37.82%
2026-07-21 01:23:06,604 1255954 road_revised.py RSS checkpoint [iter1_lcp_progress_13000_of_34374]: 12.20 GB
2026-07-21 01:23:08,693 1255954 road_revised.py Completed 13010 of 34374, 37.85%
2026-07-21 01:23:08,702 1255954 road_revised.py Completed 13020 of 34374, 37.88%
2026-07-21 01:23:08,716 1255954 road_revised.py Completed 13030 of 34374, 37.91%
2026-07-21 01:23:08,717 1255954 road_revised.py Completed 13040 of 34374, 37.94%
2026-07-21 01:23:08,723 1255954 road_revised.py Completed 13050 of 34374, 37.96%
2026-07-21 01:23:08,918 1255954 road_revised.py Completed 13060 of 34374, 37.99%
2026-07-21 01:23:09,133 1255954 road_revised.py Completed 13070 of 34374, 38.02%
2026-07-21 01:23:09,390 1255954 road_revised.py Completed 13080 of 34374, 38.05%
2026-07-21 01:23:09,654 1255954 road_revised.py Completed 13090 of 34374, 38.08%
2026-07-21 01:23:09,888 1255954 road_revised.py Completed 13100 of 34374, 38.11%
2026-07-21 01:23:09,899 1255954 road_revised.py RSS checkpoint [iter1_lcp_progress_13100_of_34374]: 11.50 GB
2026-07-21 01:23:10,138 1255954 road_revised.py Completed 13110 of 34374, 38.14%
2026-07-21 01:23:10,385 1255954 road_revised.py Completed 13120 of 34374, 38.17%
2026-07-21 01:23:10,642 1255954 road_revised.py Completed 13130 of 34374, 38.20%
2026-07-21 01:23:10,870 1255954 road_revised.py Completed 13140 of 34374, 38.23%
2026-07-21 01:23:11,083 1255954 road_revised.py Completed 13150 of 34374, 38.26%
2026-07-21 01:23:11,391 1255954 road_revised.py Completed 13160 of 34374, 38.28%
2026-07-21 01:23:14,676 1255954 road_revised.py Completed 13170 of 34374, 38.31%
2026-07-21 01:23:14,683 1255954 road_revised.py Completed 13180 of 34374, 38.34%
2026-07-21 01:23:14,684 1255954 road_revised.py Completed 13190 of 34374, 38.37%
2026-07-21 01:23:14,685 1255954 road_revised.py Completed 13200 of 34374, 38.40%
2026-07-21 01:23:14,690 1255954 road_revised.py RSS checkpoint [iter1_lcp_progress_13200_of_34374]: 12.38 GB
2026-07-21 01:23:14,709 1255954 road_revised.py Completed 13210 of 34374, 38.43%
2026-07-21 01:23:14,709 1255954 road_revised.py Completed 13220 of 34374, 38.46%
2026-07-21 01:23:14,710 1255954 road_revised.py Completed 13230 of 34374, 38.49%
2026-07-21 01:23:15,035 1255954 road_revised.py Completed 13240 of 34374, 38.52%
2026-07-21 01:23:15,059 1255954 road_revised.py Completed 13250 of 34374, 38.55%
2026-07-21 01:23:15,367 1255954 road_revised.py Completed 13260 of 34374, 38.58%
2026-07-21 01:23:15,654 1255954 road_revised.py Completed 13270 of 34374, 38.60%
2026-07-21 01:23:15,972 1255954 road_revised.py Completed 13280 of 34374, 38.63%
2026-07-21 01:23:16,266 1255954 road_revised.py Completed 13290 of 34374, 38.66%
2026-07-21 01:23:16,570 1255954 road_revised.py Completed 13300 of 34374, 38.69%
2026-07-21 01:23:16,571 1255954 road_revised.py RSS checkpoint [iter1_lcp_progress_13300_of_34374]: 12.64 GB
2026-07-21 01:23:16,870 1255954 road_revised.py Completed 13310 of 34374, 38.72%
2026-07-21 01:23:17,117 1255954 road_revised.py Completed 13320 of 34374, 38.75%
2026-07-21 01:23:17,378 1255954 road_revised.py Completed 13330 of 34374, 38.78%
2026-07-21 01:23:20,319 1255954 road_revised.py Completed 13340 of 34374, 38.81%
2026-07-21 01:23:20,321 1255954 road_revised.py Completed 13350 of 34374, 38.84%
2026-07-21 01:23:20,322 1255954 road_revised.py Completed 13360 of 34374, 38.87%
2026-07-21 01:23:20,323 1255954 road_revised.py Completed 13370 of 34374, 38.90%
2026-07-21 01:23:20,325 1255954 road_revised.py Completed 13380 of 34374, 38.92%
2026-07-21 01:23:20,326 1255954 road_revised.py Completed 13390 of 34374, 38.95%
2026-07-21 01:23:20,387 1255954 road_revised.py Completed 13400 of 34374, 38.98%
2026-07-21 01:23:20,387 1255954 road_revised.py RSS checkpoint [iter1_lcp_progress_13400_of_34374]: 12.28 GB
2026-07-21 01:23:20,654 1255954 road_revised.py Completed 13410 of 34374, 39.01%
2026-07-21 01:23:20,915 1255954 road_revised.py Completed 13420 of 34374, 39.04%
2026-07-21 01:23:21,152 1255954 road_revised.py Completed 13430 of 34374, 39.07%
2026-07-21 01:23:21,438 1255954 road_revised.py Completed 13440 of 34374, 39.10%
2026-07-21 01:23:21,664 1255954 road_revised.py Completed 13450 of 34374, 39.13%
2026-07-21 01:23:21,927 1255954 road_revised.py Completed 13460 of 34374, 39.16%
2026-07-21 01:23:22,190 1255954 road_revised.py Completed 13470 of 34374, 39.19%
2026-07-21 01:23:22,452 1255954 road_revised.py Completed 13480 of 34374, 39.22%
2026-07-21 01:23:22,697 1255954 road_revised.py Completed 13490 of 34374, 39.24%
2026-07-21 01:23:22,957 1255954 road_revised.py Completed 13500 of 34374, 39.27%
2026-07-21 01:23:22,958 1255954 road_revised.py RSS checkpoint [iter1_lcp_progress_13500_of_34374]: 12.29 GB
2026-07-21 01:23:26,444 1255954 road_revised.py Completed 13510 of 34374, 39.30%
2026-07-21 01:23:26,480 1255954 road_revised.py Completed 13520 of 34374, 39.33%
2026-07-21 01:23:26,487 1255954 road_revised.py Completed 13530 of 34374, 39.36%
2026-07-21 01:23:26,488 1255954 road_revised.py Completed 13540 of 34374, 39.39%
2026-07-21 01:23:26,809 1255954 road_revised.py Completed 13550 of 34374, 39.42%
2026-07-21 01:23:26,810 1255954 road_revised.py Completed 13560 of 34374, 39.45%
2026-07-21 01:23:26,811 1255954 road_revised.py Completed 13570 of 34374, 39.48%
2026-07-21 01:23:26,812 1255954 road_revised.py Completed 13580 of 34374, 39.51%
2026-07-21 01:23:26,813 1255954 road_revised.py Completed 13590 of 34374, 39.54%
2026-07-21 01:23:26,888 1255954 road_revised.py Completed 13600 of 34374, 39.56%
2026-07-21 01:23:26,889 1255954 road_revised.py RSS checkpoint [iter1_lcp_progress_13600_of_34374]: 12.55 GB
2026-07-21 01:23:27,116 1255954 road_revised.py Completed 13610 of 34374, 39.59%
2026-07-21 01:23:27,401 1255954 road_revised.py Completed 13620 of 34374, 39.62%
2026-07-21 01:23:27,628 1255954 road_revised.py Completed 13630 of 34374, 39.65%
2026-07-21 01:23:27,831 1255954 road_revised.py Completed 13640 of 34374, 39.68%
2026-07-21 01:23:28,083 1255954 road_revised.py Completed 13650 of 34374, 39.71%
2026-07-21 01:23:28,330 1255954 road_revised.py Completed 13660 of 34374, 39.74%
2026-07-21 01:23:28,575 1255954 road_revised.py Completed 13670 of 34374, 39.77%
2026-07-21 01:23:30,965 1255954 road_revised.py Completed 13680 of 34374, 39.80%
2026-07-21 01:23:30,973 1255954 road_revised.py Completed 13690 of 34374, 39.83%
2026-07-21 01:23:30,974 1255954 road_revised.py Completed 13700 of 34374, 39.86%
2026-07-21 01:23:30,975 1255954 road_revised.py RSS checkpoint [iter1_lcp_progress_13700_of_34374]: 12.78 GB
2026-07-21 01:23:30,982 1255954 road_revised.py Completed 13710 of 34374, 39.88%
2026-07-21 01:23:30,983 1255954 road_revised.py Completed 13720 of 34374, 39.91%
2026-07-21 01:23:31,162 1255954 road_revised.py Completed 13730 of 34374, 39.94%
2026-07-21 01:23:31,403 1255954 road_revised.py Completed 13740 of 34374, 39.97%
2026-07-21 01:23:31,688 1255954 road_revised.py Completed 13750 of 34374, 40.00%
2026-07-21 01:23:31,961 1255954 road_revised.py Completed 13760 of 34374, 40.03%
2026-07-21 01:23:32,216 1255954 road_revised.py Completed 13770 of 34374, 40.06%
2026-07-21 01:23:32,488 1255954 road_revised.py Completed 13780 of 34374, 40.09%
2026-07-21 01:23:32,770 1255954 road_revised.py Completed 13790 of 34374, 40.12%
2026-07-21 01:23:33,038 1255954 road_revised.py Completed 13800 of 34374, 40.15%
2026-07-21 01:23:33,039 1255954 road_revised.py RSS checkpoint [iter1_lcp_progress_13800_of_34374]: 12.63 GB
2026-07-21 01:23:33,277 1255954 road_revised.py Completed 13810 of 34374, 40.18%
2026-07-21 01:23:33,517 1255954 road_revised.py Completed 13820 of 34374, 40.20%
2026-07-21 01:23:33,803 1255954 road_revised.py Completed 13830 of 34374, 40.23%
2026-07-21 01:23:37,480 1255954 road_revised.py Completed 13840 of 34374, 40.26%
2026-07-21 01:23:37,494 1255954 road_revised.py Completed 13850 of 34374, 40.29%
2026-07-21 01:23:37,499 1255954 road_revised.py Completed 13860 of 34374, 40.32%
2026-07-21 01:23:37,881 1255954 road_revised.py Completed 13870 of 34374, 40.35%
2026-07-21 01:23:37,882 1255954 road_revised.py Completed 13880 of 34374, 40.38%
2026-07-21 01:23:37,884 1255954 road_revised.py Completed 13890 of 34374, 40.41%
2026-07-21 01:23:37,885 1255954 road_revised.py Completed 13900 of 34374, 40.44%
2026-07-21 01:23:37,886 1255954 road_revised.py RSS checkpoint [iter1_lcp_progress_13900_of_34374]: 12.81 GB
2026-07-21 01:23:37,886 1255954 road_revised.py Completed 13910 of 34374, 40.47%
2026-07-21 01:23:37,887 1255954 road_revised.py Completed 13920 of 34374, 40.50%
2026-07-21 01:23:37,888 1255954 road_revised.py Completed 13930 of 34374, 40.52%
2026-07-21 01:23:37,899 1255954 road_revised.py Completed 13940 of 34374, 40.55%
2026-07-21 01:23:38,119 1255954 road_revised.py Completed 13950 of 34374, 40.58%
2026-07-21 01:23:38,356 1255954 road_revised.py Completed 13960 of 34374, 40.61%
2026-07-21 01:23:38,625 1255954 road_revised.py Completed 13970 of 34374, 40.64%
2026-07-21 01:23:38,879 1255954 road_revised.py Completed 13980 of 34374, 40.67%
2026-07-21 01:23:39,133 1255954 road_revised.py Completed 13990 of 34374, 40.70%
2026-07-21 01:23:39,359 1255954 road_revised.py Completed 14000 of 34374, 40.73%
2026-07-21 01:23:39,360 1255954 road_revised.py RSS checkpoint [iter1_lcp_progress_14000_of_34374]: 12.97 GB
2026-07-21 01:23:41,411 1255954 road_revised.py Completed 14010 of 34374, 40.76%
2026-07-21 01:23:41,416 1255954 road_revised.py Completed 14020 of 34374, 40.79%
2026-07-21 01:23:41,417 1255954 road_revised.py Completed 14030 of 34374, 40.82%
2026-07-21 01:23:41,437 1255954 road_revised.py Completed 14040 of 34374, 40.84%
2026-07-21 01:23:41,437 1255954 road_revised.py Completed 14050 of 34374, 40.87%
2026-07-21 01:23:41,457 1255954 road_revised.py Completed 14060 of 34374, 40.90%
2026-07-21 01:23:41,730 1255954 road_revised.py Completed 14070 of 34374, 40.93%
2026-07-21 01:23:41,941 1255954 road_revised.py Completed 14080 of 34374, 40.96%
2026-07-21 01:23:42,185 1255954 road_revised.py Completed 14090 of 34374, 40.99%
2026-07-21 01:23:42,401 1255954 road_revised.py Completed 14100 of 34374, 41.02%
2026-07-21 01:23:42,409 1255954 road_revised.py RSS checkpoint [iter1_lcp_progress_14100_of_34374]: 12.33 GB
2026-07-21 01:23:42,631 1255954 road_revised.py Completed 14110 of 34374, 41.05%
2026-07-21 01:23:42,882 1255954 road_revised.py Completed 14120 of 34374, 41.08%
2026-07-21 01:23:43,189 1255954 road_revised.py Completed 14130 of 34374, 41.11%
2026-07-21 01:23:43,406 1255954 road_revised.py Completed 14140 of 34374, 41.14%
2026-07-21 01:23:43,680 1255954 road_revised.py Completed 14150 of 34374, 41.16%
2026-07-21 01:23:43,940 1255954 road_revised.py Completed 14160 of 34374, 41.19%
2026-07-21 01:23:44,197 1255954 road_revised.py Completed 14170 of 34374, 41.22%
2026-07-21 01:23:47,202 1255954 road_revised.py Completed 14180 of 34374, 41.25%
2026-07-21 01:23:47,231 1255954 road_revised.py Completed 14190 of 34374, 41.28%
2026-07-21 01:23:47,234 1255954 road_revised.py Completed 14200 of 34374, 41.31%
2026-07-21 01:23:47,237 1255954 road_revised.py RSS checkpoint [iter1_lcp_progress_14200_of_34374]: 13.22 GB
2026-07-21 01:23:47,239 1255954 road_revised.py Completed 14210 of 34374, 41.34%
2026-07-21 01:23:47,559 1255954 road_revised.py Completed 14220 of 34374, 41.37%
2026-07-21 01:23:47,560 1255954 road_revised.py Completed 14230 of 34374, 41.40%
2026-07-21 01:23:47,561 1255954 road_revised.py Completed 14240 of 34374, 41.43%
2026-07-21 01:23:47,593 1255954 road_revised.py Completed 14250 of 34374, 41.46%
2026-07-21 01:23:47,858 1255954 road_revised.py Completed 14260 of 34374, 41.48%
2026-07-21 01:23:48,153 1255954 road_revised.py Completed 14270 of 34374, 41.51%
2026-07-21 01:23:48,436 1255954 road_revised.py Completed 14280 of 34374, 41.54%
2026-07-21 01:23:48,668 1255954 road_revised.py Completed 14290 of 34374, 41.57%
2026-07-21 01:23:48,920 1255954 road_revised.py Completed 14300 of 34374, 41.60%
2026-07-21 01:23:48,923 1255954 road_revised.py RSS checkpoint [iter1_lcp_progress_14300_of_34374]: 13.11 GB
2026-07-21 01:23:49,220 1255954 road_revised.py Completed 14310 of 34374, 41.63%
2026-07-21 01:23:49,498 1255954 road_revised.py Completed 14320 of 34374, 41.66%
2026-07-21 01:23:49,757 1255954 road_revised.py Completed 14330 of 34374, 41.69%
2026-07-21 01:23:50,004 1255954 road_revised.py Completed 14340 of 34374, 41.72%
2026-07-21 01:23:52,408 1255954 road_revised.py Completed 14350 of 34374, 41.75%
2026-07-21 01:23:52,442 1255954 road_revised.py Completed 14360 of 34374, 41.78%
2026-07-21 01:23:52,443 1255954 road_revised.py Completed 14370 of 34374, 41.80%
2026-07-21 01:23:52,443 1255954 road_revised.py Completed 14380 of 34374, 41.83%
2026-07-21 01:23:52,445 1255954 road_revised.py Completed 14390 of 34374, 41.86%
2026-07-21 01:23:52,547 1255954 road_revised.py Completed 14400 of 34374, 41.89%
2026-07-21 01:23:52,547 1255954 road_revised.py RSS checkpoint [iter1_lcp_progress_14400_of_34374]: 13.06 GB
2026-07-21 01:23:52,804 1255954 road_revised.py Completed 14410 of 34374, 41.92%
2026-07-21 01:23:53,059 1255954 road_revised.py Completed 14420 of 34374, 41.95%
2026-07-21 01:23:53,316 1255954 road_revised.py Completed 14430 of 34374, 41.98%
2026-07-21 01:23:53,570 1255954 road_revised.py Completed 14440 of 34374, 42.01%
2026-07-21 01:23:53,790 1255954 road_revised.py Completed 14450 of 34374, 42.04%
2026-07-21 01:23:54,039 1255954 road_revised.py Completed 14460 of 34374, 42.07%
2026-07-21 01:23:54,274 1255954 road_revised.py Completed 14470 of 34374, 42.10%
2026-07-21 01:23:54,586 1255954 road_revised.py Completed 14480 of 34374, 42.12%
2026-07-21 01:23:54,805 1255954 road_revised.py Completed 14490 of 34374, 42.15%
2026-07-21 01:23:55,031 1255954 road_revised.py Completed 14500 of 34374, 42.18%
2026-07-21 01:23:55,032 1255954 road_revised.py RSS checkpoint [iter1_lcp_progress_14500_of_34374]: 12.88 GB
2026-07-21 01:23:55,277 1255954 road_revised.py Completed 14510 of 34374, 42.21%
2026-07-21 01:23:58,278 1255954 road_revised.py Completed 14520 of 34374, 42.24%
2026-07-21 01:23:58,283 1255954 road_revised.py Completed 14530 of 34374, 42.27%
2026-07-21 01:23:58,661 1255954 road_revised.py Completed 14540 of 34374, 42.30%
2026-07-21 01:23:58,662 1255954 road_revised.py Completed 14550 of 34374, 42.33%
2026-07-21 01:23:58,664 1255954 road_revised.py Completed 14560 of 34374, 42.36%
2026-07-21 01:23:58,665 1255954 road_revised.py Completed 14570 of 34374, 42.39%
2026-07-21 01:23:58,666 1255954 road_revised.py Completed 14580 of 34374, 42.42%
2026-07-21 01:23:58,667 1255954 road_revised.py Completed 14590 of 34374, 42.44%
2026-07-21 01:23:58,765 1255954 road_revised.py Completed 14600 of 34374, 42.47%
2026-07-21 01:23:58,765 1255954 road_revised.py RSS checkpoint [iter1_lcp_progress_14600_of_34374]: 13.12 GB
2026-07-21 01:23:59,001 1255954 road_revised.py Completed 14610 of 34374, 42.50%
2026-07-21 01:23:59,258 1255954 road_revised.py Completed 14620 of 34374, 42.53%
2026-07-21 01:23:59,506 1255954 road_revised.py Completed 14630 of 34374, 42.56%
2026-07-21 01:23:59,754 1255954 road_revised.py Completed 14640 of 34374, 42.59%
2026-07-21 01:23:59,976 1255954 road_revised.py Completed 14650 of 34374, 42.62%
2026-07-21 01:24:00,224 1255954 road_revised.py Completed 14660 of 34374, 42.65%
2026-07-21 01:24:00,462 1255954 road_revised.py Completed 14670 of 34374, 42.68%
2026-07-21 01:24:02,860 1255954 road_revised.py Completed 14680 of 34374, 42.71%
2026-07-21 01:24:02,872 1255954 road_revised.py Completed 14690 of 34374, 42.74%
2026-07-21 01:24:02,875 1255954 road_revised.py Completed 14700 of 34374, 42.76%
2026-07-21 01:24:02,879 1255954 road_revised.py RSS checkpoint [iter1_lcp_progress_14700_of_34374]: 13.33 GB
2026-07-21 01:24:02,907 1255954 road_revised.py Completed 14710 of 34374, 42.79%
2026-07-21 01:24:02,911 1255954 road_revised.py Completed 14720 of 34374, 42.82%
2026-07-21 01:24:02,912 1255954 road_revised.py Completed 14730 of 34374, 42.85%
2026-07-21 01:24:02,915 1255954 road_revised.py Completed 14740 of 34374, 42.88%
2026-07-21 01:24:03,098 1255954 road_revised.py Completed 14750 of 34374, 42.91%
2026-07-21 01:24:03,367 1255954 road_revised.py Completed 14760 of 34374, 42.94%
2026-07-21 01:24:03,635 1255954 road_revised.py Completed 14770 of 34374, 42.97%
2026-07-21 01:24:03,873 1255954 road_revised.py Completed 14780 of 34374, 43.00%
2026-07-21 01:24:04,137 1255954 road_revised.py Completed 14790 of 34374, 43.03%
2026-07-21 01:24:04,444 1255954 road_revised.py Completed 14800 of 34374, 43.06%
2026-07-21 01:24:04,447 1255954 road_revised.py RSS checkpoint [iter1_lcp_progress_14800_of_34374]: 13.20 GB
2026-07-21 01:24:04,772 1255954 road_revised.py Completed 14810 of 34374, 43.08%
2026-07-21 01:24:05,062 1255954 road_revised.py Completed 14820 of 34374, 43.11%
2026-07-21 01:24:05,328 1255954 road_revised.py Completed 14830 of 34374, 43.14%
2026-07-21 01:24:05,589 1255954 road_revised.py Completed 14840 of 34374, 43.17%
2026-07-21 01:24:05,827 1255954 road_revised.py Completed 14850 of 34374, 43.20%
2026-07-21 01:24:10,007 1255954 road_revised.py Completed 14860 of 34374, 43.23%
2026-07-21 01:24:10,009 1255954 road_revised.py Completed 14870 of 34374, 43.26%
2026-07-21 01:24:10,010 1255954 road_revised.py Completed 14880 of 34374, 43.29%
2026-07-21 01:24:10,011 1255954 road_revised.py Completed 14890 of 34374, 43.32%
2026-07-21 01:24:10,012 1255954 road_revised.py Completed 14900 of 34374, 43.35%
2026-07-21 01:24:10,014 1255954 road_revised.py RSS checkpoint [iter1_lcp_progress_14900_of_34374]: 13.92 GB
2026-07-21 01:24:10,015 1255954 road_revised.py Completed 14910 of 34374, 43.38%
2026-07-21 01:24:10,016 1255954 road_revised.py Completed 14920 of 34374, 43.40%
2026-07-21 01:24:10,017 1255954 road_revised.py Completed 14930 of 34374, 43.43%
2026-07-21 01:24:10,093 1255954 road_revised.py Completed 14940 of 34374, 43.46%
2026-07-21 01:24:10,383 1255954 road_revised.py Completed 14950 of 34374, 43.49%
2026-07-21 01:24:10,604 1255954 road_revised.py Completed 14960 of 34374, 43.52%
2026-07-21 01:24:10,837 1255954 road_revised.py Completed 14970 of 34374, 43.55%
2026-07-21 01:24:11,067 1255954 road_revised.py Completed 14980 of 34374, 43.58%
2026-07-21 01:24:11,317 1255954 road_revised.py Completed 14990 of 34374, 43.61%
2026-07-21 01:24:11,568 1255954 road_revised.py Completed 15000 of 34374, 43.64%
2026-07-21 01:24:11,569 1255954 road_revised.py RSS checkpoint [iter1_lcp_progress_15000_of_34374]: 13.70 GB
2026-07-21 01:24:11,818 1255954 road_revised.py Completed 15010 of 34374, 43.67%
2026-07-21 01:24:12,088 1255954 road_revised.py Completed 15020 of 34374, 43.70%
2026-07-21 01:24:14,093 1255954 road_revised.py Completed 15030 of 34374, 43.72%
2026-07-21 01:24:14,101 1255954 road_revised.py Completed 15040 of 34374, 43.75%
2026-07-21 01:24:14,129 1255954 road_revised.py Completed 15050 of 34374, 43.78%
2026-07-21 01:24:14,129 1255954 road_revised.py Completed 15060 of 34374, 43.81%
2026-07-21 01:24:14,131 1255954 road_revised.py Completed 15070 of 34374, 43.84%
2026-07-21 01:24:14,199 1255954 road_revised.py Completed 15080 of 34374, 43.87%
2026-07-21 01:24:14,457 1255954 road_revised.py Completed 15090 of 34374, 43.90%
2026-07-21 01:24:14,721 1255954 road_revised.py Completed 15100 of 34374, 43.93%
2026-07-21 01:24:14,722 1255954 road_revised.py RSS checkpoint [iter1_lcp_progress_15100_of_34374]: 12.97 GB
2026-07-21 01:24:14,940 1255954 road_revised.py Completed 15110 of 34374, 43.96%
2026-07-21 01:24:15,182 1255954 road_revised.py Completed 15120 of 34374, 43.99%
2026-07-21 01:24:15,441 1255954 road_revised.py Completed 15130 of 34374, 44.02%
2026-07-21 01:24:15,698 1255954 road_revised.py Completed 15140 of 34374, 44.04%
2026-07-21 01:24:15,946 1255954 road_revised.py Completed 15150 of 34374, 44.07%
2026-07-21 01:24:16,180 1255954 road_revised.py Completed 15160 of 34374, 44.10%
2026-07-21 01:24:16,437 1255954 road_revised.py Completed 15170 of 34374, 44.13%
2026-07-21 01:24:16,659 1255954 road_revised.py Completed 15180 of 34374, 44.16%
2026-07-21 01:24:16,927 1255954 road_revised.py Completed 15190 of 34374, 44.19%
2026-07-21 01:24:20,103 1255954 road_revised.py Completed 15200 of 34374, 44.22%
2026-07-21 01:24:20,107 1255954 road_revised.py RSS checkpoint [iter1_lcp_progress_15200_of_34374]: 14.08 GB
2026-07-21 01:24:20,108 1255954 road_revised.py Completed 15210 of 34374, 44.25%
2026-07-21 01:24:20,130 1255954 road_revised.py Completed 15220 of 34374, 44.28%
2026-07-21 01:24:20,131 1255954 road_revised.py Completed 15230 of 34374, 44.31%
2026-07-21 01:24:20,132 1255954 road_revised.py Completed 15240 of 34374, 44.34%
2026-07-21 01:24:20,440 1255954 road_revised.py Completed 15250 of 34374, 44.36%
2026-07-21 01:24:20,441 1255954 road_revised.py Completed 15260 of 34374, 44.39%
2026-07-21 01:24:20,442 1255954 road_revised.py Completed 15270 of 34374, 44.42%
2026-07-21 01:24:20,490 1255954 road_revised.py Completed 15280 of 34374, 44.45%
2026-07-21 01:24:20,710 1255954 road_revised.py Completed 15290 of 34374, 44.48%
2026-07-21 01:24:21,009 1255954 road_revised.py Completed 15300 of 34374, 44.51%
2026-07-21 01:24:21,010 1255954 road_revised.py RSS checkpoint [iter1_lcp_progress_15300_of_34374]: 13.98 GB
2026-07-21 01:24:21,328 1255954 road_revised.py Completed 15310 of 34374, 44.54%
2026-07-21 01:24:21,613 1255954 road_revised.py Completed 15320 of 34374, 44.57%
2026-07-21 01:24:21,869 1255954 road_revised.py Completed 15330 of 34374, 44.60%
2026-07-21 01:24:22,198 1255954 road_revised.py Completed 15340 of 34374, 44.63%
2026-07-21 01:24:22,485 1255954 road_revised.py Completed 15350 of 34374, 44.66%
2026-07-21 01:24:22,727 1255954 road_revised.py Completed 15360 of 34374, 44.68%
2026-07-21 01:24:25,566 1255954 road_revised.py Completed 15370 of 34374, 44.71%
2026-07-21 01:24:25,570 1255954 road_revised.py Completed 15380 of 34374, 44.74%
2026-07-21 01:24:25,587 1255954 road_revised.py Completed 15390 of 34374, 44.77%
2026-07-21 01:24:25,588 1255954 road_revised.py Completed 15400 of 34374, 44.80%
2026-07-21 01:24:25,594 1255954 road_revised.py RSS checkpoint [iter1_lcp_progress_15400_of_34374]: 13.95 GB
2026-07-21 01:24:25,596 1255954 road_revised.py Completed 15410 of 34374, 44.83%
2026-07-21 01:24:25,600 1255954 road_revised.py Completed 15420 of 34374, 44.86%
2026-07-21 01:24:25,620 1255954 road_revised.py Completed 15430 of 34374, 44.89%
2026-07-21 01:24:25,916 1255954 road_revised.py Completed 15440 of 34374, 44.92%
2026-07-21 01:24:26,237 1255954 road_revised.py Completed 15450 of 34374, 44.95%
2026-07-21 01:24:26,488 1255954 road_revised.py Completed 15460 of 34374, 44.98%
2026-07-21 01:24:26,776 1255954 road_revised.py Completed 15470 of 34374, 45.00%
2026-07-21 01:24:27,027 1255954 road_revised.py Completed 15480 of 34374, 45.03%
2026-07-21 01:24:27,285 1255954 road_revised.py Completed 15490 of 34374, 45.06%
2026-07-21 01:24:27,557 1255954 road_revised.py Completed 15500 of 34374, 45.09%
2026-07-21 01:24:27,558 1255954 road_revised.py RSS checkpoint [iter1_lcp_progress_15500_of_34374]: 13.69 GB
2026-07-21 01:24:27,802 1255954 road_revised.py Completed 15510 of 34374, 45.12%
2026-07-21 01:24:28,088 1255954 road_revised.py Completed 15520 of 34374, 45.15%
2026-07-21 01:24:28,315 1255954 road_revised.py Completed 15530 of 34374, 45.18%
2026-07-21 01:24:31,985 1255954 road_revised.py Completed 15540 of 34374, 45.21%
2026-07-21 01:24:31,990 1255954 road_revised.py Completed 15550 of 34374, 45.24%
2026-07-21 01:24:32,337 1255954 road_revised.py Completed 15560 of 34374, 45.27%
2026-07-21 01:24:32,339 1255954 road_revised.py Completed 15570 of 34374, 45.30%
2026-07-21 01:24:32,339 1255954 road_revised.py Completed 15580 of 34374, 45.32%
2026-07-21 01:24:32,341 1255954 road_revised.py Completed 15590 of 34374, 45.35%
2026-07-21 01:24:32,342 1255954 road_revised.py Completed 15600 of 34374, 45.38%
2026-07-21 01:24:32,346 1255954 road_revised.py RSS checkpoint [iter1_lcp_progress_15600_of_34374]: 13.81 GB
2026-07-21 01:24:32,347 1255954 road_revised.py Completed 15610 of 34374, 45.41%
2026-07-21 01:24:32,349 1255954 road_revised.py Completed 15620 of 34374, 45.44%
2026-07-21 01:24:32,350 1255954 road_revised.py Completed 15630 of 34374, 45.47%
2026-07-21 01:24:32,497 1255954 road_revised.py Completed 15640 of 34374, 45.50%
2026-07-21 01:24:32,743 1255954 road_revised.py Completed 15650 of 34374, 45.53%
2026-07-21 01:24:32,964 1255954 road_revised.py Completed 15660 of 34374, 45.56%
2026-07-21 01:24:33,247 1255954 road_revised.py Completed 15670 of 34374, 45.59%
2026-07-21 01:24:33,502 1255954 road_revised.py Completed 15680 of 34374, 45.62%
2026-07-21 01:24:33,734 1255954 road_revised.py Completed 15690 of 34374, 45.64%
2026-07-21 01:24:33,991 1255954 road_revised.py Completed 15700 of 34374, 45.67%
2026-07-21 01:24:33,992 1255954 road_revised.py RSS checkpoint [iter1_lcp_progress_15700_of_34374]: 14.00 GB
2026-07-21 01:24:36,037 1255954 road_revised.py Completed 15710 of 34374, 45.70%
2026-07-21 01:24:36,042 1255954 road_revised.py Completed 15720 of 34374, 45.73%
2026-07-21 01:24:36,063 1255954 road_revised.py Completed 15730 of 34374, 45.76%
2026-07-21 01:24:36,064 1255954 road_revised.py Completed 15740 of 34374, 45.79%
2026-07-21 01:24:36,065 1255954 road_revised.py Completed 15750 of 34374, 45.82%
2026-07-21 01:24:36,143 1255954 road_revised.py Completed 15760 of 34374, 45.85%
2026-07-21 01:24:36,375 1255954 road_revised.py Completed 15770 of 34374, 45.88%
2026-07-21 01:24:36,612 1255954 road_revised.py Completed 15780 of 34374, 45.91%
2026-07-21 01:24:36,853 1255954 road_revised.py Completed 15790 of 34374, 45.94%
2026-07-21 01:24:37,092 1255954 road_revised.py Completed 15800 of 34374, 45.96%
2026-07-21 01:24:37,093 1255954 road_revised.py RSS checkpoint [iter1_lcp_progress_15800_of_34374]: 13.46 GB
2026-07-21 01:24:37,375 1255954 road_revised.py Completed 15810 of 34374, 45.99%
2026-07-21 01:24:37,625 1255954 road_revised.py Completed 15820 of 34374, 46.02%
2026-07-21 01:24:37,879 1255954 road_revised.py Completed 15830 of 34374, 46.05%
2026-07-21 01:24:38,142 1255954 road_revised.py Completed 15840 of 34374, 46.08%
2026-07-21 01:24:38,397 1255954 road_revised.py Completed 15850 of 34374, 46.11%
2026-07-21 01:24:38,685 1255954 road_revised.py Completed 15860 of 34374, 46.14%
2026-07-21 01:24:38,916 1255954 road_revised.py Completed 15870 of 34374, 46.17%
2026-07-21 01:24:42,502 1255954 road_revised.py Completed 15880 of 34374, 46.20%
2026-07-21 01:24:42,503 1255954 road_revised.py Completed 15890 of 34374, 46.23%
2026-07-21 01:24:42,862 1255954 road_revised.py Completed 15900 of 34374, 46.26%
2026-07-21 01:24:42,869 1255954 road_revised.py RSS checkpoint [iter1_lcp_progress_15900_of_34374]: 14.58 GB
2026-07-21 01:24:42,872 1255954 road_revised.py Completed 15910 of 34374, 46.28%
2026-07-21 01:24:42,873 1255954 road_revised.py Completed 15920 of 34374, 46.31%
2026-07-21 01:24:42,875 1255954 road_revised.py Completed 15930 of 34374, 46.34%
2026-07-21 01:24:42,876 1255954 road_revised.py Completed 15940 of 34374, 46.37%
2026-07-21 01:24:42,877 1255954 road_revised.py Completed 15950 of 34374, 46.40%
2026-07-21 01:24:42,894 1255954 road_revised.py Completed 15960 of 34374, 46.43%
2026-07-21 01:24:43,199 1255954 road_revised.py Completed 15970 of 34374, 46.46%
2026-07-21 01:24:43,445 1255954 road_revised.py Completed 15980 of 34374, 46.49%
2026-07-21 01:24:43,756 1255954 road_revised.py Completed 15990 of 34374, 46.52%
2026-07-21 01:24:43,968 1255954 road_revised.py Completed 16000 of 34374, 46.55%
2026-07-21 01:24:43,969 1255954 road_revised.py RSS checkpoint [iter1_lcp_progress_16000_of_34374]: 14.74 GB
2026-07-21 01:24:44,264 1255954 road_revised.py Completed 16010 of 34374, 46.58%
2026-07-21 01:24:44,492 1255954 road_revised.py Completed 16020 of 34374, 46.60%
2026-07-21 01:24:44,781 1255954 road_revised.py Completed 16030 of 34374, 46.63%
2026-07-21 01:24:47,198 1255954 road_revised.py Completed 16040 of 34374, 46.66%
2026-07-21 01:24:47,202 1255954 road_revised.py Completed 16050 of 34374, 46.69%
2026-07-21 01:24:47,203 1255954 road_revised.py Completed 16060 of 34374, 46.72%
2026-07-21 01:24:47,204 1255954 road_revised.py Completed 16070 of 34374, 46.75%
2026-07-21 01:24:47,205 1255954 road_revised.py Completed 16080 of 34374, 46.78%
2026-07-21 01:24:47,206 1255954 road_revised.py Completed 16090 of 34374, 46.81%
2026-07-21 01:24:47,297 1255954 road_revised.py Completed 16100 of 34374, 46.84%
2026-07-21 01:24:47,297 1255954 road_revised.py RSS checkpoint [iter1_lcp_progress_16100_of_34374]: 14.24 GB
2026-07-21 01:24:47,564 1255954 road_revised.py Completed 16110 of 34374, 46.87%
2026-07-21 01:24:47,815 1255954 road_revised.py Completed 16120 of 34374, 46.90%
2026-07-21 01:24:48,068 1255954 road_revised.py Completed 16130 of 34374, 46.93%
2026-07-21 01:24:48,325 1255954 road_revised.py Completed 16140 of 34374, 46.95%
2026-07-21 01:24:48,581 1255954 road_revised.py Completed 16150 of 34374, 46.98%
2026-07-21 01:24:48,820 1255954 road_revised.py Completed 16160 of 34374, 47.01%
2026-07-21 01:24:49,086 1255954 road_revised.py Completed 16170 of 34374, 47.04%
2026-07-21 01:24:49,310 1255954 road_revised.py Completed 16180 of 34374, 47.07%
2026-07-21 01:24:49,577 1255954 road_revised.py Completed 16190 of 34374, 47.10%
2026-07-21 01:24:49,826 1255954 road_revised.py Completed 16200 of 34374, 47.13%
2026-07-21 01:24:49,827 1255954 road_revised.py RSS checkpoint [iter1_lcp_progress_16200_of_34374]: 14.10 GB
2026-07-21 01:24:53,266 1255954 road_revised.py Completed 16210 of 34374, 47.16%
2026-07-21 01:24:53,301 1255954 road_revised.py Completed 16220 of 34374, 47.19%
2026-07-21 01:24:53,618 1255954 road_revised.py Completed 16230 of 34374, 47.22%
2026-07-21 01:24:53,630 1255954 road_revised.py Completed 16240 of 34374, 47.25%
2026-07-21 01:24:53,633 1255954 road_revised.py Completed 16250 of 34374, 47.27%
2026-07-21 01:24:53,634 1255954 road_revised.py Completed 16260 of 34374, 47.30%
2026-07-21 01:24:53,635 1255954 road_revised.py Completed 16270 of 34374, 47.33%
2026-07-21 01:24:53,636 1255954 road_revised.py Completed 16280 of 34374, 47.36%
2026-07-21 01:24:53,637 1255954 road_revised.py Completed 16290 of 34374, 47.39%
2026-07-21 01:24:53,780 1255954 road_revised.py Completed 16300 of 34374, 47.42%
2026-07-21 01:24:53,781 1255954 road_revised.py RSS checkpoint [iter1_lcp_progress_16300_of_34374]: 14.54 GB
2026-07-21 01:24:54,051 1255954 road_revised.py Completed 16310 of 34374, 47.45%
2026-07-21 01:24:54,333 1255954 road_revised.py Completed 16320 of 34374, 47.48%
2026-07-21 01:24:54,617 1255954 road_revised.py Completed 16330 of 34374, 47.51%
2026-07-21 01:24:54,862 1255954 road_revised.py Completed 16340 of 34374, 47.54%
2026-07-21 01:24:55,120 1255954 road_revised.py Completed 16350 of 34374, 47.57%
2026-07-21 01:24:55,388 1255954 road_revised.py Completed 16360 of 34374, 47.59%
2026-07-21 01:24:55,619 1255954 road_revised.py Completed 16370 of 34374, 47.62%
2026-07-21 01:24:58,233 1255954 road_revised.py Completed 16380 of 34374, 47.65%
2026-07-21 01:24:58,242 1255954 road_revised.py Completed 16390 of 34374, 47.68%
2026-07-21 01:24:58,272 1255954 road_revised.py Completed 16400 of 34374, 47.71%
2026-07-21 01:24:58,278 1255954 road_revised.py RSS checkpoint [iter1_lcp_progress_16400_of_34374]: 14.29 GB
2026-07-21 01:24:58,281 1255954 road_revised.py Completed 16410 of 34374, 47.74%
2026-07-21 01:24:58,289 1255954 road_revised.py Completed 16420 of 34374, 47.77%
2026-07-21 01:24:58,297 1255954 road_revised.py Completed 16430 of 34374, 47.80%
2026-07-21 01:24:58,387 1255954 road_revised.py Completed 16440 of 34374, 47.83%
2026-07-21 01:24:58,669 1255954 road_revised.py Completed 16450 of 34374, 47.86%
2026-07-21 01:24:58,927 1255954 road_revised.py Completed 16460 of 34374, 47.89%
2026-07-21 01:24:59,212 1255954 road_revised.py Completed 16470 of 34374, 47.91%
2026-07-21 01:24:59,483 1255954 road_revised.py Completed 16480 of 34374, 47.94%
2026-07-21 01:24:59,755 1255954 road_revised.py Completed 16490 of 34374, 47.97%
2026-07-21 01:25:00,038 1255954 road_revised.py Completed 16500 of 34374, 48.00%
2026-07-21 01:25:00,038 1255954 road_revised.py RSS checkpoint [iter1_lcp_progress_16500_of_34374]: 14.09 GB
2026-07-21 01:25:00,307 1255954 road_revised.py Completed 16510 of 34374, 48.03%
2026-07-21 01:25:00,563 1255954 road_revised.py Completed 16520 of 34374, 48.06%
2026-07-21 01:25:00,842 1255954 road_revised.py Completed 16530 of 34374, 48.09%
2026-07-21 01:25:01,087 1255954 road_revised.py Completed 16540 of 34374, 48.12%
2026-07-21 01:25:05,217 1255954 road_revised.py Completed 16550 of 34374, 48.15%
2026-07-21 01:25:05,218 1255954 road_revised.py Completed 16560 of 34374, 48.18%
2026-07-21 01:25:05,219 1255954 road_revised.py Completed 16570 of 34374, 48.21%
2026-07-21 01:25:05,223 1255954 road_revised.py Completed 16580 of 34374, 48.23%
2026-07-21 01:25:05,227 1255954 road_revised.py Completed 16590 of 34374, 48.26%
2026-07-21 01:25:05,229 1255954 road_revised.py Completed 16600 of 34374, 48.29%
2026-07-21 01:25:05,234 1255954 road_revised.py RSS checkpoint [iter1_lcp_progress_16600_of_34374]: 15.11 GB
2026-07-21 01:25:05,239 1255954 road_revised.py Completed 16610 of 34374, 48.32%
2026-07-21 01:25:05,240 1255954 road_revised.py Completed 16620 of 34374, 48.35%
2026-07-21 01:25:05,244 1255954 road_revised.py Completed 16630 of 34374, 48.38%
2026-07-21 01:25:05,483 1255954 road_revised.py Completed 16640 of 34374, 48.41%
2026-07-21 01:25:05,742 1255954 road_revised.py Completed 16650 of 34374, 48.44%
2026-07-21 01:25:06,064 1255954 road_revised.py Completed 16660 of 34374, 48.47%
2026-07-21 01:25:06,279 1255954 road_revised.py Completed 16670 of 34374, 48.50%
2026-07-21 01:25:06,558 1255954 road_revised.py Completed 16680 of 34374, 48.53%
2026-07-21 01:25:06,833 1255954 road_revised.py Completed 16690 of 34374, 48.55%
2026-07-21 01:25:07,109 1255954 road_revised.py Completed 16700 of 34374, 48.58%
2026-07-21 01:25:07,110 1255954 road_revised.py RSS checkpoint [iter1_lcp_progress_16700_of_34374]: 14.98 GB
2026-07-21 01:25:09,476 1255954 road_revised.py Completed 16710 of 34374, 48.61%
2026-07-21 01:25:09,490 1255954 road_revised.py Completed 16720 of 34374, 48.64%
2026-07-21 01:25:09,520 1255954 road_revised.py Completed 16730 of 34374, 48.67%
2026-07-21 01:25:09,524 1255954 road_revised.py Completed 16740 of 34374, 48.70%
2026-07-21 01:25:09,525 1255954 road_revised.py Completed 16750 of 34374, 48.73%
2026-07-21 01:25:09,528 1255954 road_revised.py Completed 16760 of 34374, 48.76%
2026-07-21 01:25:09,584 1255954 road_revised.py Completed 16770 of 34374, 48.79%
2026-07-21 01:25:09,873 1255954 road_revised.py Completed 16780 of 34374, 48.82%
2026-07-21 01:25:10,149 1255954 road_revised.py Completed 16790 of 34374, 48.85%
2026-07-21 01:25:10,365 1255954 road_revised.py Completed 16800 of 34374, 48.87%
2026-07-21 01:25:10,366 1255954 road_revised.py RSS checkpoint [iter1_lcp_progress_16800_of_34374]: 14.42 GB
2026-07-21 01:25:10,587 1255954 road_revised.py Completed 16810 of 34374, 48.90%
2026-07-21 01:25:10,858 1255954 road_revised.py Completed 16820 of 34374, 48.93%
2026-07-21 01:25:11,088 1255954 road_revised.py Completed 16830 of 34374, 48.96%
2026-07-21 01:25:11,331 1255954 road_revised.py Completed 16840 of 34374, 48.99%
2026-07-21 01:25:11,599 1255954 road_revised.py Completed 16850 of 34374, 49.02%
2026-07-21 01:25:11,880 1255954 road_revised.py Completed 16860 of 34374, 49.05%
2026-07-21 01:25:12,133 1255954 road_revised.py Completed 16870 of 34374, 49.08%
2026-07-21 01:25:15,811 1255954 road_revised.py Completed 16880 of 34374, 49.11%
2026-07-21 01:25:15,815 1255954 road_revised.py Completed 16890 of 34374, 49.14%
2026-07-21 01:25:15,832 1255954 road_revised.py Completed 16900 of 34374, 49.17%
2026-07-21 01:25:15,837 1255954 road_revised.py RSS checkpoint [iter1_lcp_progress_16900_of_34374]: 15.44 GB
2026-07-21 01:25:15,838 1255954 road_revised.py Completed 16910 of 34374, 49.19%
2026-07-21 01:25:15,847 1255954 road_revised.py Completed 16920 of 34374, 49.22%
2026-07-21 01:25:16,216 1255954 road_revised.py Completed 16930 of 34374, 49.25%
2026-07-21 01:25:16,223 1255954 road_revised.py Completed 16940 of 34374, 49.28%
2026-07-21 01:25:16,224 1255954 road_revised.py Completed 16950 of 34374, 49.31%
2026-07-21 01:25:16,228 1255954 road_revised.py Completed 16960 of 34374, 49.34%
2026-07-21 01:25:16,229 1255954 road_revised.py Completed 16970 of 34374, 49.37%
2026-07-21 01:25:16,427 1255954 road_revised.py Completed 16980 of 34374, 49.40%
2026-07-21 01:25:16,645 1255954 road_revised.py Completed 16990 of 34374, 49.43%
2026-07-21 01:25:16,902 1255954 road_revised.py Completed 17000 of 34374, 49.46%
2026-07-21 01:25:16,903 1255954 road_revised.py RSS checkpoint [iter1_lcp_progress_17000_of_34374]: 15.18 GB
2026-07-21 01:25:17,123 1255954 road_revised.py Completed 17010 of 34374, 49.49%
2026-07-21 01:25:17,403 1255954 road_revised.py Completed 17020 of 34374, 49.51%
2026-07-21 01:25:17,630 1255954 road_revised.py Completed 17030 of 34374, 49.54%
2026-07-21 01:25:17,884 1255954 road_revised.py Completed 17040 of 34374, 49.57%
2026-07-21 01:25:20,297 1255954 road_revised.py Completed 17050 of 34374, 49.60%
2026-07-21 01:25:20,300 1255954 road_revised.py Completed 17060 of 34374, 49.63%
2026-07-21 01:25:20,301 1255954 road_revised.py Completed 17070 of 34374, 49.66%
2026-07-21 01:25:20,306 1255954 road_revised.py Completed 17080 of 34374, 49.69%
2026-07-21 01:25:20,307 1255954 road_revised.py Completed 17090 of 34374, 49.72%
2026-07-21 01:25:20,307 1255954 road_revised.py Completed 17100 of 34374, 49.75%
2026-07-21 01:25:20,311 1255954 road_revised.py RSS checkpoint [iter1_lcp_progress_17100_of_34374]: 14.76 GB
2026-07-21 01:25:20,314 1255954 road_revised.py Completed 17110 of 34374, 49.78%
2026-07-21 01:25:20,559 1255954 road_revised.py Completed 17120 of 34374, 49.81%
2026-07-21 01:25:20,812 1255954 road_revised.py Completed 17130 of 34374, 49.83%
2026-07-21 01:25:21,037 1255954 road_revised.py Completed 17140 of 34374, 49.86%
2026-07-21 01:25:21,283 1255954 road_revised.py Completed 17150 of 34374, 49.89%
2026-07-21 01:25:21,523 1255954 road_revised.py Completed 17160 of 34374, 49.92%
2026-07-21 01:25:21,755 1255954 road_revised.py Completed 17170 of 34374, 49.95%
2026-07-21 01:25:22,006 1255954 road_revised.py Completed 17180 of 34374, 49.98%
2026-07-21 01:25:22,243 1255954 road_revised.py Completed 17190 of 34374, 50.01%
2026-07-21 01:25:22,515 1255954 road_revised.py Completed 17200 of 34374, 50.04%
2026-07-21 01:25:22,543 1255954 road_revised.py RSS checkpoint [iter1_lcp_progress_17200_of_34374]: 14.63 GB
2026-07-21 01:25:22,726 1255954 road_revised.py Completed 17210 of 34374, 50.07%
2026-07-21 01:25:25,203 1255954 road_revised.py Completed 17220 of 34374, 50.10%
2026-07-21 01:25:25,206 1255954 road_revised.py Completed 17230 of 34374, 50.13%
2026-07-21 01:25:25,207 1255954 road_revised.py Completed 17240 of 34374, 50.15%
2026-07-21 01:25:25,209 1255954 road_revised.py Completed 17250 of 34374, 50.18%
2026-07-21 01:25:25,215 1255954 road_revised.py Completed 17260 of 34374, 50.21%
2026-07-21 01:25:25,216 1255954 road_revised.py Completed 17270 of 34374, 50.24%
2026-07-21 01:25:25,560 1255954 road_revised.py Completed 17280 of 34374, 50.27%
2026-07-21 01:25:25,589 1255954 road_revised.py Completed 17290 of 34374, 50.30%
2026-07-21 01:25:25,864 1255954 road_revised.py Completed 17300 of 34374, 50.33%
2026-07-21 01:25:25,865 1255954 road_revised.py RSS checkpoint [iter1_lcp_progress_17300_of_34374]: 14.59 GB
2026-07-21 01:25:26,071 1255954 road_revised.py Completed 17310 of 34374, 50.36%
2026-07-21 01:25:26,283 1255954 road_revised.py Completed 17320 of 34374, 50.39%
2026-07-21 01:25:26,567 1255954 road_revised.py Completed 17330 of 34374, 50.42%
2026-07-21 01:25:26,761 1255954 road_revised.py Completed 17340 of 34374, 50.45%
2026-07-21 01:25:27,038 1255954 road_revised.py Completed 17350 of 34374, 50.47%
2026-07-21 01:25:27,262 1255954 road_revised.py Completed 17360 of 34374, 50.50%
2026-07-21 01:25:27,469 1255954 road_revised.py Completed 17370 of 34374, 50.53%
2026-07-21 01:25:29,631 1255954 road_revised.py Completed 17380 of 34374, 50.56%
2026-07-21 01:25:29,642 1255954 road_revised.py Completed 17390 of 34374, 50.59%
2026-07-21 01:25:29,679 1255954 road_revised.py Completed 17400 of 34374, 50.62%
2026-07-21 01:25:29,682 1255954 road_revised.py RSS checkpoint [iter1_lcp_progress_17400_of_34374]: 15.05 GB
2026-07-21 01:25:29,684 1255954 road_revised.py Completed 17410 of 34374, 50.65%
2026-07-21 01:25:29,685 1255954 road_revised.py Completed 17420 of 34374, 50.68%
2026-07-21 01:25:29,835 1255954 road_revised.py Completed 17430 of 34374, 50.71%
2026-07-21 01:25:30,107 1255954 road_revised.py Completed 17440 of 34374, 50.74%
2026-07-21 01:25:30,352 1255954 road_revised.py Completed 17450 of 34374, 50.77%
2026-07-21 01:25:30,665 1255954 road_revised.py Completed 17460 of 34374, 50.79%
2026-07-21 01:25:30,926 1255954 road_revised.py Completed 17470 of 34374, 50.82%
2026-07-21 01:25:31,173 1255954 road_revised.py Completed 17480 of 34374, 50.85%
2026-07-21 01:25:31,425 1255954 road_revised.py Completed 17490 of 34374, 50.88%
2026-07-21 01:25:31,663 1255954 road_revised.py Completed 17500 of 34374, 50.91%
2026-07-21 01:25:31,664 1255954 road_revised.py RSS checkpoint [iter1_lcp_progress_17500_of_34374]: 14.93 GB
2026-07-21 01:25:31,897 1255954 road_revised.py Completed 17510 of 34374, 50.94%
2026-07-21 01:25:32,183 1255954 road_revised.py Completed 17520 of 34374, 50.97%
2026-07-21 01:25:32,429 1255954 road_revised.py Completed 17530 of 34374, 51.00%
2026-07-21 01:25:32,672 1255954 road_revised.py Completed 17540 of 34374, 51.03%
2026-07-21 01:25:36,023 1255954 road_revised.py Completed 17550 of 34374, 51.06%
2026-07-21 01:25:36,052 1255954 road_revised.py Completed 17560 of 34374, 51.09%
2026-07-21 01:25:36,053 1255954 road_revised.py Completed 17570 of 34374, 51.11%
2026-07-21 01:25:36,057 1255954 road_revised.py Completed 17580 of 34374, 51.14%
2026-07-21 01:25:36,377 1255954 road_revised.py Completed 17590 of 34374, 51.17%
2026-07-21 01:25:36,377 1255954 road_revised.py Completed 17600 of 34374, 51.20%
2026-07-21 01:25:36,378 1255954 road_revised.py RSS checkpoint [iter1_lcp_progress_17600_of_34374]: 15.11 GB
2026-07-21 01:25:36,378 1255954 road_revised.py Completed 17610 of 34374, 51.23%
2026-07-21 01:25:36,384 1255954 road_revised.py Completed 17620 of 34374, 51.26%
2026-07-21 01:25:36,384 1255954 road_revised.py Completed 17630 of 34374, 51.29%
2026-07-21 01:25:36,401 1255954 road_revised.py Completed 17640 of 34374, 51.32%
2026-07-21 01:25:36,700 1255954 road_revised.py Completed 17650 of 34374, 51.35%
2026-07-21 01:25:36,898 1255954 road_revised.py Completed 17660 of 34374, 51.38%
2026-07-21 01:25:37,187 1255954 road_revised.py Completed 17670 of 34374, 51.41%
2026-07-21 01:25:37,377 1255954 road_revised.py Completed 17680 of 34374, 51.43%
2026-07-21 01:25:37,655 1255954 road_revised.py Completed 17690 of 34374, 51.46%
2026-07-21 01:25:37,871 1255954 road_revised.py Completed 17700 of 34374, 51.49%
2026-07-21 01:25:37,871 1255954 road_revised.py RSS checkpoint [iter1_lcp_progress_17700_of_34374]: 15.28 GB
2026-07-21 01:25:38,156 1255954 road_revised.py Completed 17710 of 34374, 51.52%
2026-07-21 01:25:40,060 1255954 road_revised.py Completed 17720 of 34374, 51.55%
2026-07-21 01:25:40,116 1255954 road_revised.py Completed 17730 of 34374, 51.58%
2026-07-21 01:25:40,117 1255954 road_revised.py Completed 17740 of 34374, 51.61%
2026-07-21 01:25:40,118 1255954 road_revised.py Completed 17750 of 34374, 51.64%
2026-07-21 01:25:40,146 1255954 road_revised.py Completed 17760 of 34374, 51.67%
2026-07-21 01:25:40,425 1255954 road_revised.py Completed 17770 of 34374, 51.70%
2026-07-21 01:25:40,695 1255954 road_revised.py Completed 17780 of 34374, 51.73%
2026-07-21 01:25:40,984 1255954 road_revised.py Completed 17790 of 34374, 51.75%
2026-07-21 01:25:41,278 1255954 road_revised.py Completed 17800 of 34374, 51.78%
2026-07-21 01:25:41,279 1255954 road_revised.py RSS checkpoint [iter1_lcp_progress_17800_of_34374]: 15.02 GB
2026-07-21 01:25:41,502 1255954 road_revised.py Completed 17810 of 34374, 51.81%
2026-07-21 01:25:41,766 1255954 road_revised.py Completed 17820 of 34374, 51.84%
2026-07-21 01:25:42,004 1255954 road_revised.py Completed 17830 of 34374, 51.87%
2026-07-21 01:25:42,305 1255954 road_revised.py Completed 17840 of 34374, 51.90%
2026-07-21 01:25:42,520 1255954 road_revised.py Completed 17850 of 34374, 51.93%
2026-07-21 01:25:42,767 1255954 road_revised.py Completed 17860 of 34374, 51.96%
2026-07-21 01:25:43,054 1255954 road_revised.py Completed 17870 of 34374, 51.99%
2026-07-21 01:25:43,263 1255954 road_revised.py Completed 17880 of 34374, 52.02%
2026-07-21 01:25:46,618 1255954 road_revised.py Completed 17890 of 34374, 52.05%
2026-07-21 01:25:46,646 1255954 road_revised.py Completed 17900 of 34374, 52.07%
2026-07-21 01:25:46,653 1255954 road_revised.py RSS checkpoint [iter1_lcp_progress_17900_of_34374]: 15.82 GB
2026-07-21 01:25:46,654 1255954 road_revised.py Completed 17910 of 34374, 52.10%
2026-07-21 01:25:46,655 1255954 road_revised.py Completed 17920 of 34374, 52.13%
2026-07-21 01:25:46,990 1255954 road_revised.py Completed 17930 of 34374, 52.16%
2026-07-21 01:25:46,991 1255954 road_revised.py Completed 17940 of 34374, 52.19%
2026-07-21 01:25:46,993 1255954 road_revised.py Completed 17950 of 34374, 52.22%
2026-07-21 01:25:46,994 1255954 road_revised.py Completed 17960 of 34374, 52.25%
2026-07-21 01:25:47,191 1255954 road_revised.py Completed 17970 of 34374, 52.28%
2026-07-21 01:25:47,394 1255954 road_revised.py Completed 17980 of 34374, 52.31%
2026-07-21 01:25:47,607 1255954 road_revised.py Completed 17990 of 34374, 52.34%
2026-07-21 01:25:47,831 1255954 road_revised.py Completed 18000 of 34374, 52.37%
2026-07-21 01:25:47,832 1255954 road_revised.py RSS checkpoint [iter1_lcp_progress_18000_of_34374]: 15.59 GB
2026-07-21 01:25:48,057 1255954 road_revised.py Completed 18010 of 34374, 52.39%
2026-07-21 01:25:48,332 1255954 road_revised.py Completed 18020 of 34374, 52.42%
2026-07-21 01:25:48,592 1255954 road_revised.py Completed 18030 of 34374, 52.45%
2026-07-21 01:25:48,863 1255954 road_revised.py Completed 18040 of 34374, 52.48%
2026-07-21 01:25:51,036 1255954 road_revised.py Completed 18050 of 34374, 52.51%
2026-07-21 01:25:51,041 1255954 road_revised.py Completed 18060 of 34374, 52.54%
2026-07-21 01:25:51,042 1255954 road_revised.py Completed 18070 of 34374, 52.57%
2026-07-21 01:25:51,065 1255954 road_revised.py Completed 18080 of 34374, 52.60%
2026-07-21 01:25:51,067 1255954 road_revised.py Completed 18090 of 34374, 52.63%
2026-07-21 01:25:51,072 1255954 road_revised.py Completed 18100 of 34374, 52.66%
2026-07-21 01:25:51,073 1255954 road_revised.py RSS checkpoint [iter1_lcp_progress_18100_of_34374]: 15.39 GB
2026-07-21 01:25:51,295 1255954 road_revised.py Completed 18110 of 34374, 52.69%
2026-07-21 01:25:51,559 1255954 road_revised.py Completed 18120 of 34374, 52.71%
2026-07-21 01:25:51,852 1255954 road_revised.py Completed 18130 of 34374, 52.74%
2026-07-21 01:25:52,071 1255954 road_revised.py Completed 18140 of 34374, 52.77%
2026-07-21 01:25:52,340 1255954 road_revised.py Completed 18150 of 34374, 52.80%
2026-07-21 01:25:52,580 1255954 road_revised.py Completed 18160 of 34374, 52.83%
2026-07-21 01:25:52,894 1255954 road_revised.py Completed 18170 of 34374, 52.86%
2026-07-21 01:25:53,160 1255954 road_revised.py Completed 18180 of 34374, 52.89%
2026-07-21 01:25:53,397 1255954 road_revised.py Completed 18190 of 34374, 52.92%
2026-07-21 01:25:53,653 1255954 road_revised.py Completed 18200 of 34374, 52.95%
2026-07-21 01:25:53,654 1255954 road_revised.py RSS checkpoint [iter1_lcp_progress_18200_of_34374]: 15.35 GB
2026-07-21 01:25:53,912 1255954 road_revised.py Completed 18210 of 34374, 52.98%
2026-07-21 01:25:57,491 1255954 road_revised.py Completed 18220 of 34374, 53.01%
2026-07-21 01:25:57,519 1255954 road_revised.py Completed 18230 of 34374, 53.03%
2026-07-21 01:25:57,820 1255954 road_revised.py Completed 18240 of 34374, 53.06%
2026-07-21 01:25:57,821 1255954 road_revised.py Completed 18250 of 34374, 53.09%
2026-07-21 01:25:57,822 1255954 road_revised.py Completed 18260 of 34374, 53.12%
2026-07-21 01:25:57,823 1255954 road_revised.py Completed 18270 of 34374, 53.15%
2026-07-21 01:25:57,823 1255954 road_revised.py Completed 18280 of 34374, 53.18%
2026-07-21 01:25:57,824 1255954 road_revised.py Completed 18290 of 34374, 53.21%
2026-07-21 01:25:57,825 1255954 road_revised.py Completed 18300 of 34374, 53.24%
2026-07-21 01:25:57,829 1255954 road_revised.py RSS checkpoint [iter1_lcp_progress_18300_of_34374]: 15.76 GB
2026-07-21 01:25:57,831 1255954 road_revised.py Completed 18310 of 34374, 53.27%
2026-07-21 01:25:57,858 1255954 road_revised.py Completed 18320 of 34374, 53.30%
2026-07-21 01:25:58,063 1255954 road_revised.py Completed 18330 of 34374, 53.33%
2026-07-21 01:25:58,332 1255954 road_revised.py Completed 18340 of 34374, 53.35%
2026-07-21 01:25:58,589 1255954 road_revised.py Completed 18350 of 34374, 53.38%
2026-07-21 01:25:58,874 1255954 road_revised.py Completed 18360 of 34374, 53.41%
2026-07-21 01:25:59,095 1255954 road_revised.py Completed 18370 of 34374, 53.44%
2026-07-21 01:25:59,323 1255954 road_revised.py Completed 18380 of 34374, 53.47%
2026-07-21 01:25:59,582 1255954 road_revised.py Completed 18390 of 34374, 53.50%
2026-07-21 01:26:01,455 1255954 road_revised.py Completed 18400 of 34374, 53.53%
2026-07-21 01:26:01,455 1255954 road_revised.py RSS checkpoint [iter1_lcp_progress_18400_of_34374]: 15.63 GB
2026-07-21 01:26:01,503 1255954 road_revised.py Completed 18410 of 34374, 53.56%
2026-07-21 01:26:01,504 1255954 road_revised.py Completed 18420 of 34374, 53.59%
2026-07-21 01:26:01,505 1255954 road_revised.py Completed 18430 of 34374, 53.62%
2026-07-21 01:26:01,509 1255954 road_revised.py Completed 18440 of 34374, 53.65%
2026-07-21 01:26:01,732 1255954 road_revised.py Completed 18450 of 34374, 53.67%
2026-07-21 01:26:02,015 1255954 road_revised.py Completed 18460 of 34374, 53.70%
2026-07-21 01:26:02,206 1255954 road_revised.py Completed 18470 of 34374, 53.73%
2026-07-21 01:26:02,513 1255954 road_revised.py Completed 18480 of 34374, 53.76%
2026-07-21 01:26:02,707 1255954 road_revised.py Completed 18490 of 34374, 53.79%
2026-07-21 01:26:02,983 1255954 road_revised.py Completed 18500 of 34374, 53.82%
2026-07-21 01:26:02,983 1255954 road_revised.py RSS checkpoint [iter1_lcp_progress_18500_of_34374]: 15.54 GB
2026-07-21 01:26:03,271 1255954 road_revised.py Completed 18510 of 34374, 53.85%
2026-07-21 01:26:03,507 1255954 road_revised.py Completed 18520 of 34374, 53.88%
2026-07-21 01:26:03,802 1255954 road_revised.py Completed 18530 of 34374, 53.91%
2026-07-21 01:26:04,061 1255954 road_revised.py Completed 18540 of 34374, 53.94%
2026-07-21 01:26:04,305 1255954 road_revised.py Completed 18550 of 34374, 53.97%
2026-07-21 01:26:04,588 1255954 road_revised.py Completed 18560 of 34374, 53.99%
2026-07-21 01:26:08,367 1255954 road_revised.py Completed 18570 of 34374, 54.02%
2026-07-21 01:26:08,672 1255954 road_revised.py Completed 18580 of 34374, 54.05%
2026-07-21 01:26:08,673 1255954 road_revised.py Completed 18590 of 34374, 54.08%
2026-07-21 01:26:08,674 1255954 road_revised.py Completed 18600 of 34374, 54.11%
2026-07-21 01:26:08,680 1255954 road_revised.py RSS checkpoint [iter1_lcp_progress_18600_of_34374]: 16.30 GB
2026-07-21 01:26:08,681 1255954 road_revised.py Completed 18610 of 34374, 54.14%
2026-07-21 01:26:08,682 1255954 road_revised.py Completed 18620 of 34374, 54.17%
2026-07-21 01:26:08,683 1255954 road_revised.py Completed 18630 of 34374, 54.20%
2026-07-21 01:26:08,684 1255954 road_revised.py Completed 18640 of 34374, 54.23%
2026-07-21 01:26:08,693 1255954 road_revised.py Completed 18650 of 34374, 54.26%
2026-07-21 01:26:08,872 1255954 road_revised.py Completed 18660 of 34374, 54.29%
2026-07-21 01:26:09,199 1255954 road_revised.py Completed 18670 of 34374, 54.31%
2026-07-21 01:26:09,433 1255954 road_revised.py Completed 18680 of 34374, 54.34%
2026-07-21 01:26:09,696 1255954 road_revised.py Completed 18690 of 34374, 54.37%
2026-07-21 01:26:09,916 1255954 road_revised.py Completed 18700 of 34374, 54.40%
2026-07-21 01:26:09,917 1255954 road_revised.py RSS checkpoint [iter1_lcp_progress_18700_of_34374]: 16.45 GB
2026-07-21 01:26:10,189 1255954 road_revised.py Completed 18710 of 34374, 54.43%
2026-07-21 01:26:10,448 1255954 road_revised.py Completed 18720 of 34374, 54.46%
2026-07-21 01:26:12,749 1255954 road_revised.py Completed 18730 of 34374, 54.49%
2026-07-21 01:26:12,754 1255954 road_revised.py Completed 18740 of 34374, 54.52%
2026-07-21 01:26:12,754 1255954 road_revised.py Completed 18750 of 34374, 54.55%
2026-07-21 01:26:12,774 1255954 road_revised.py Completed 18760 of 34374, 54.58%
2026-07-21 01:26:12,775 1255954 road_revised.py Completed 18770 of 34374, 54.61%
2026-07-21 01:26:12,776 1255954 road_revised.py Completed 18780 of 34374, 54.63%
2026-07-21 01:26:12,988 1255954 road_revised.py Completed 18790 of 34374, 54.66%
2026-07-21 01:26:13,292 1255954 road_revised.py Completed 18800 of 34374, 54.69%
2026-07-21 01:26:13,292 1255954 road_revised.py RSS checkpoint [iter1_lcp_progress_18800_of_34374]: 15.66 GB
2026-07-21 01:26:13,542 1255954 road_revised.py Completed 18810 of 34374, 54.72%
2026-07-21 01:26:13,801 1255954 road_revised.py Completed 18820 of 34374, 54.75%
2026-07-21 01:26:14,034 1255954 road_revised.py Completed 18830 of 34374, 54.78%
2026-07-21 01:26:14,254 1255954 road_revised.py Completed 18840 of 34374, 54.81%
2026-07-21 01:26:14,512 1255954 road_revised.py Completed 18850 of 34374, 54.84%
2026-07-21 01:26:14,764 1255954 road_revised.py Completed 18860 of 34374, 54.87%
2026-07-21 01:26:14,936 1255954 road_revised.py Completed 18870 of 34374, 54.90%
2026-07-21 01:26:15,181 1255954 road_revised.py Completed 18880 of 34374, 54.93%
2026-07-21 01:26:15,445 1255954 road_revised.py Completed 18890 of 34374, 54.95%
2026-07-21 01:26:19,176 1255954 road_revised.py Completed 18900 of 34374, 54.98%
2026-07-21 01:26:19,180 1255954 road_revised.py RSS checkpoint [iter1_lcp_progress_18900_of_34374]: 16.22 GB
2026-07-21 01:26:19,192 1255954 road_revised.py Completed 18910 of 34374, 55.01%
2026-07-21 01:26:19,193 1255954 road_revised.py Completed 18920 of 34374, 55.04%
2026-07-21 01:26:19,208 1255954 road_revised.py Completed 18930 of 34374, 55.07%
2026-07-21 01:26:19,209 1255954 road_revised.py Completed 18940 of 34374, 55.10%
2026-07-21 01:26:19,209 1255954 road_revised.py Completed 18950 of 34374, 55.13%
2026-07-21 01:26:19,212 1255954 road_revised.py Completed 18960 of 34374, 55.16%
2026-07-21 01:26:19,213 1255954 road_revised.py Completed 18970 of 34374, 55.19%
2026-07-21 01:26:19,214 1255954 road_revised.py Completed 18980 of 34374, 55.22%
2026-07-21 01:26:19,450 1255954 road_revised.py Completed 18990 of 34374, 55.25%
2026-07-21 01:26:19,719 1255954 road_revised.py Completed 19000 of 34374, 55.27%
2026-07-21 01:26:19,720 1255954 road_revised.py RSS checkpoint [iter1_lcp_progress_19000_of_34374]: 15.99 GB
2026-07-21 01:26:19,936 1255954 road_revised.py Completed 19010 of 34374, 55.30%
2026-07-21 01:26:20,189 1255954 road_revised.py Completed 19020 of 34374, 55.33%
2026-07-21 01:26:20,434 1255954 road_revised.py Completed 19030 of 34374, 55.36%
2026-07-21 01:26:20,706 1255954 road_revised.py Completed 19040 of 34374, 55.39%
2026-07-21 01:26:20,954 1255954 road_revised.py Completed 19050 of 34374, 55.42%
2026-07-21 01:26:21,193 1255954 road_revised.py Completed 19060 of 34374, 55.45%
2026-07-21 01:26:23,610 1255954 road_revised.py Completed 19070 of 34374, 55.48%
2026-07-21 01:26:23,623 1255954 road_revised.py Completed 19080 of 34374, 55.51%
2026-07-21 01:26:23,666 1255954 road_revised.py Completed 19090 of 34374, 55.54%
2026-07-21 01:26:23,667 1255954 road_revised.py Completed 19100 of 34374, 55.57%
2026-07-21 01:26:23,667 1255954 road_revised.py RSS checkpoint [iter1_lcp_progress_19100_of_34374]: 16.19 GB
2026-07-21 01:26:23,668 1255954 road_revised.py Completed 19110 of 34374, 55.59%
2026-07-21 01:26:23,910 1255954 road_revised.py Completed 19120 of 34374, 55.62%
2026-07-21 01:26:24,199 1255954 road_revised.py Completed 19130 of 34374, 55.65%
2026-07-21 01:26:24,460 1255954 road_revised.py Completed 19140 of 34374, 55.68%
2026-07-21 01:26:24,747 1255954 road_revised.py Completed 19150 of 34374, 55.71%
2026-07-21 01:26:25,027 1255954 road_revised.py Completed 19160 of 34374, 55.74%
2026-07-21 01:26:25,292 1255954 road_revised.py Completed 19170 of 34374, 55.77%
2026-07-21 01:26:25,538 1255954 road_revised.py Completed 19180 of 34374, 55.80%
2026-07-21 01:26:25,801 1255954 road_revised.py Completed 19190 of 34374, 55.83%
2026-07-21 01:26:26,098 1255954 road_revised.py Completed 19200 of 34374, 55.86%
2026-07-21 01:26:26,098 1255954 road_revised.py RSS checkpoint [iter1_lcp_progress_19200_of_34374]: 16.10 GB
2026-07-21 01:26:26,389 1255954 road_revised.py Completed 19210 of 34374, 55.89%
2026-07-21 01:26:26,653 1255954 road_revised.py Completed 19220 of 34374, 55.91%
2026-07-21 01:26:26,959 1255954 road_revised.py Completed 19230 of 34374, 55.94%
2026-07-21 01:26:31,227 1255954 road_revised.py Completed 19240 of 34374, 55.97%
2026-07-21 01:26:31,254 1255954 road_revised.py Completed 19250 of 34374, 56.00%
2026-07-21 01:26:31,255 1255954 road_revised.py Completed 19260 of 34374, 56.03%
2026-07-21 01:26:31,256 1255954 road_revised.py Completed 19270 of 34374, 56.06%
2026-07-21 01:26:31,591 1255954 road_revised.py Completed 19280 of 34374, 56.09%
2026-07-21 01:26:31,599 1255954 road_revised.py Completed 19290 of 34374, 56.12%
2026-07-21 01:26:31,600 1255954 road_revised.py Completed 19300 of 34374, 56.15%
2026-07-21 01:26:31,611 1255954 road_revised.py RSS checkpoint [iter1_lcp_progress_19300_of_34374]: 16.91 GB
2026-07-21 01:26:31,613 1255954 road_revised.py Completed 19310 of 34374, 56.18%
2026-07-21 01:26:31,613 1255954 road_revised.py Completed 19320 of 34374, 56.21%
2026-07-21 01:26:31,633 1255954 road_revised.py Completed 19330 of 34374, 56.23%
2026-07-21 01:26:31,884 1255954 road_revised.py Completed 19340 of 34374, 56.26%
2026-07-21 01:26:32,154 1255954 road_revised.py Completed 19350 of 34374, 56.29%
2026-07-21 01:26:32,422 1255954 road_revised.py Completed 19360 of 34374, 56.32%
2026-07-21 01:26:32,628 1255954 road_revised.py Completed 19370 of 34374, 56.35%
2026-07-21 01:26:32,935 1255954 road_revised.py Completed 19380 of 34374, 56.38%
2026-07-21 01:26:33,198 1255954 road_revised.py Completed 19390 of 34374, 56.41%
2026-07-21 01:26:35,555 1255954 road_revised.py Completed 19400 of 34374, 56.44%
2026-07-21 01:26:35,561 1255954 road_revised.py RSS checkpoint [iter1_lcp_progress_19400_of_34374]: 16.46 GB
2026-07-21 01:26:35,607 1255954 road_revised.py Completed 19410 of 34374, 56.47%
2026-07-21 01:26:35,608 1255954 road_revised.py Completed 19420 of 34374, 56.50%
2026-07-21 01:26:35,609 1255954 road_revised.py Completed 19430 of 34374, 56.53%
2026-07-21 01:26:35,612 1255954 road_revised.py Completed 19440 of 34374, 56.55%
2026-07-21 01:26:35,613 1255954 road_revised.py Completed 19450 of 34374, 56.58%
2026-07-21 01:26:35,768 1255954 road_revised.py Completed 19460 of 34374, 56.61%
2026-07-21 01:26:36,012 1255954 road_revised.py Completed 19470 of 34374, 56.64%
2026-07-21 01:26:36,298 1255954 road_revised.py Completed 19480 of 34374, 56.67%
2026-07-21 01:26:36,529 1255954 road_revised.py Completed 19490 of 34374, 56.70%
2026-07-21 01:26:36,776 1255954 road_revised.py Completed 19500 of 34374, 56.73%
2026-07-21 01:26:36,796 1255954 road_revised.py RSS checkpoint [iter1_lcp_progress_19500_of_34374]: 16.25 GB
2026-07-21 01:26:37,039 1255954 road_revised.py Completed 19510 of 34374, 56.76%
2026-07-21 01:26:37,278 1255954 road_revised.py Completed 19520 of 34374, 56.79%
2026-07-21 01:26:37,519 1255954 road_revised.py Completed 19530 of 34374, 56.82%
2026-07-21 01:26:37,767 1255954 road_revised.py Completed 19540 of 34374, 56.85%
2026-07-21 01:26:37,979 1255954 road_revised.py Completed 19550 of 34374, 56.87%
2026-07-21 01:26:38,227 1255954 road_revised.py Completed 19560 of 34374, 56.90%
2026-07-21 01:26:41,177 1255954 road_revised.py Completed 19570 of 34374, 56.93%
2026-07-21 01:26:41,187 1255954 road_revised.py Completed 19580 of 34374, 56.96%
2026-07-21 01:26:41,188 1255954 road_revised.py Completed 19590 of 34374, 56.99%
2026-07-21 01:26:41,207 1255954 road_revised.py Completed 19600 of 34374, 57.02%
2026-07-21 01:26:41,212 1255954 road_revised.py RSS checkpoint [iter1_lcp_progress_19600_of_34374]: 16.51 GB
2026-07-21 01:26:41,214 1255954 road_revised.py Completed 19610 of 34374, 57.05%
2026-07-21 01:26:41,229 1255954 road_revised.py Completed 19620 of 34374, 57.08%
2026-07-21 01:26:41,626 1255954 road_revised.py Completed 19630 of 34374, 57.11%
2026-07-21 01:26:41,627 1255954 road_revised.py Completed 19640 of 34374, 57.14%
2026-07-21 01:26:41,826 1255954 road_revised.py Completed 19650 of 34374, 57.17%
2026-07-21 01:26:42,117 1255954 road_revised.py Completed 19660 of 34374, 57.19%
2026-07-21 01:26:42,335 1255954 road_revised.py Completed 19670 of 34374, 57.22%
2026-07-21 01:26:42,585 1255954 road_revised.py Completed 19680 of 34374, 57.25%
2026-07-21 01:26:42,889 1255954 road_revised.py Completed 19690 of 34374, 57.28%
2026-07-21 01:26:43,159 1255954 road_revised.py Completed 19700 of 34374, 57.31%
2026-07-21 01:26:43,160 1255954 road_revised.py RSS checkpoint [iter1_lcp_progress_19700_of_34374]: 16.41 GB
2026-07-21 01:26:43,383 1255954 road_revised.py Completed 19710 of 34374, 57.34%
2026-07-21 01:26:43,653 1255954 road_revised.py Completed 19720 of 34374, 57.37%
2026-07-21 01:26:43,935 1255954 road_revised.py Completed 19730 of 34374, 57.40%
2026-07-21 01:26:46,303 1255954 road_revised.py Completed 19740 of 34374, 57.43%
2026-07-21 01:26:46,310 1255954 road_revised.py Completed 19750 of 34374, 57.46%
2026-07-21 01:26:46,337 1255954 road_revised.py Completed 19760 of 34374, 57.49%
2026-07-21 01:26:46,338 1255954 road_revised.py Completed 19770 of 34374, 57.51%
2026-07-21 01:26:46,339 1255954 road_revised.py Completed 19780 of 34374, 57.54%
2026-07-21 01:26:46,340 1255954 road_revised.py Completed 19790 of 34374, 57.57%
2026-07-21 01:26:46,400 1255954 road_revised.py Completed 19800 of 34374, 57.60%
2026-07-21 01:26:46,400 1255954 road_revised.py RSS checkpoint [iter1_lcp_progress_19800_of_34374]: 16.57 GB
2026-07-21 01:26:46,692 1255954 road_revised.py Completed 19810 of 34374, 57.63%
2026-07-21 01:26:46,939 1255954 road_revised.py Completed 19820 of 34374, 57.66%
2026-07-21 01:26:47,164 1255954 road_revised.py Completed 19830 of 34374, 57.69%
2026-07-21 01:26:47,430 1255954 road_revised.py Completed 19840 of 34374, 57.72%
2026-07-21 01:26:47,646 1255954 road_revised.py Completed 19850 of 34374, 57.75%
2026-07-21 01:26:47,896 1255954 road_revised.py Completed 19860 of 34374, 57.78%
2026-07-21 01:26:48,133 1255954 road_revised.py Completed 19870 of 34374, 57.81%
2026-07-21 01:26:48,359 1255954 road_revised.py Completed 19880 of 34374, 57.83%
2026-07-21 01:26:48,657 1255954 road_revised.py Completed 19890 of 34374, 57.86%
2026-07-21 01:26:48,877 1255954 road_revised.py Completed 19900 of 34374, 57.89%
2026-07-21 01:26:48,878 1255954 road_revised.py RSS checkpoint [iter1_lcp_progress_19900_of_34374]: 16.45 GB
2026-07-21 01:26:52,058 1255954 road_revised.py Completed 19910 of 34374, 57.92%
2026-07-21 01:26:52,060 1255954 road_revised.py Completed 19920 of 34374, 57.95%
2026-07-21 01:26:52,070 1255954 road_revised.py Completed 19930 of 34374, 57.98%
2026-07-21 01:26:52,484 1255954 road_revised.py Completed 19940 of 34374, 58.01%
2026-07-21 01:26:52,486 1255954 road_revised.py Completed 19950 of 34374, 58.04%
2026-07-21 01:26:52,489 1255954 road_revised.py Completed 19960 of 34374, 58.07%
2026-07-21 01:26:52,490 1255954 road_revised.py Completed 19970 of 34374, 58.10%
2026-07-21 01:26:52,490 1255954 road_revised.py Completed 19980 of 34374, 58.13%
2026-07-21 01:26:52,491 1255954 road_revised.py Completed 19990 of 34374, 58.15%
2026-07-21 01:26:52,709 1255954 road_revised.py Completed 20000 of 34374, 58.18%
2026-07-21 01:26:52,710 1255954 road_revised.py RSS checkpoint [iter1_lcp_progress_20000_of_34374]: 16.62 GB
2026-07-21 01:26:52,918 1255954 road_revised.py Completed 20010 of 34374, 58.21%
2026-07-21 01:26:53,158 1255954 road_revised.py Completed 20020 of 34374, 58.24%
2026-07-21 01:26:53,409 1255954 road_revised.py Completed 20030 of 34374, 58.27%
2026-07-21 01:26:53,599 1255954 road_revised.py Completed 20040 of 34374, 58.30%
2026-07-21 01:26:53,900 1255954 road_revised.py Completed 20050 of 34374, 58.33%
2026-07-21 01:26:54,188 1255954 road_revised.py Completed 20060 of 34374, 58.36%
2026-07-21 01:26:56,725 1255954 road_revised.py Completed 20070 of 34374, 58.39%
2026-07-21 01:26:56,730 1255954 road_revised.py Completed 20080 of 34374, 58.42%
2026-07-21 01:26:56,754 1255954 road_revised.py Completed 20090 of 34374, 58.45%
2026-07-21 01:26:56,760 1255954 road_revised.py Completed 20100 of 34374, 58.47%
2026-07-21 01:26:56,765 1255954 road_revised.py RSS checkpoint [iter1_lcp_progress_20100_of_34374]: 17.06 GB
2026-07-21 01:26:56,768 1255954 road_revised.py Completed 20110 of 34374, 58.50%
2026-07-21 01:26:56,771 1255954 road_revised.py Completed 20120 of 34374, 58.53%
2026-07-21 01:26:56,968 1255954 road_revised.py Completed 20130 of 34374, 58.56%
2026-07-21 01:26:57,238 1255954 road_revised.py Completed 20140 of 34374, 58.59%
2026-07-21 01:26:57,542 1255954 road_revised.py Completed 20150 of 34374, 58.62%
2026-07-21 01:26:57,787 1255954 road_revised.py Completed 20160 of 34374, 58.65%
2026-07-21 01:26:58,064 1255954 road_revised.py Completed 20170 of 34374, 58.68%
2026-07-21 01:26:58,312 1255954 road_revised.py Completed 20180 of 34374, 58.71%
2026-07-21 01:26:58,539 1255954 road_revised.py Completed 20190 of 34374, 58.74%
2026-07-21 01:26:58,771 1255954 road_revised.py Completed 20200 of 34374, 58.77%
2026-07-21 01:26:58,771 1255954 road_revised.py RSS checkpoint [iter1_lcp_progress_20200_of_34374]: 16.89 GB
2026-07-21 01:26:59,006 1255954 road_revised.py Completed 20210 of 34374, 58.79%
2026-07-21 01:26:59,295 1255954 road_revised.py Completed 20220 of 34374, 58.82%
2026-07-21 01:26:59,535 1255954 road_revised.py Completed 20230 of 34374, 58.85%
2026-07-21 01:27:03,271 1255954 road_revised.py Completed 20240 of 34374, 58.88%
2026-07-21 01:27:03,621 1255954 road_revised.py Completed 20250 of 34374, 58.91%
2026-07-21 01:27:03,623 1255954 road_revised.py Completed 20260 of 34374, 58.94%
2026-07-21 01:27:03,624 1255954 road_revised.py Completed 20270 of 34374, 58.97%
2026-07-21 01:27:03,626 1255954 road_revised.py Completed 20280 of 34374, 59.00%
2026-07-21 01:27:03,627 1255954 road_revised.py Completed 20290 of 34374, 59.03%
2026-07-21 01:27:03,627 1255954 road_revised.py Completed 20300 of 34374, 59.06%
2026-07-21 01:27:03,631 1255954 road_revised.py RSS checkpoint [iter1_lcp_progress_20300_of_34374]: 16.76 GB
2026-07-21 01:27:03,633 1255954 road_revised.py Completed 20310 of 34374, 59.09%
2026-07-21 01:27:03,634 1255954 road_revised.py Completed 20320 of 34374, 59.11%
2026-07-21 01:27:03,634 1255954 road_revised.py Completed 20330 of 34374, 59.14%
2026-07-21 01:27:03,671 1255954 road_revised.py Completed 20340 of 34374, 59.17%
2026-07-21 01:27:03,945 1255954 road_revised.py Completed 20350 of 34374, 59.20%
2026-07-21 01:27:04,199 1255954 road_revised.py Completed 20360 of 34374, 59.23%
2026-07-21 01:27:04,461 1255954 road_revised.py Completed 20370 of 34374, 59.26%
2026-07-21 01:27:04,723 1255954 road_revised.py Completed 20380 of 34374, 59.29%
2026-07-21 01:27:05,010 1255954 road_revised.py Completed 20390 of 34374, 59.32%
2026-07-21 01:27:05,222 1255954 road_revised.py Completed 20400 of 34374, 59.35%
2026-07-21 01:27:05,222 1255954 road_revised.py RSS checkpoint [iter1_lcp_progress_20400_of_34374]: 16.94 GB
2026-07-21 01:27:07,329 1255954 road_revised.py Completed 20410 of 34374, 59.38%
2026-07-21 01:27:07,366 1255954 road_revised.py Completed 20420 of 34374, 59.41%
2026-07-21 01:27:07,369 1255954 road_revised.py Completed 20430 of 34374, 59.43%
2026-07-21 01:27:07,369 1255954 road_revised.py Completed 20440 of 34374, 59.46%
2026-07-21 01:27:07,371 1255954 road_revised.py Completed 20450 of 34374, 59.49%
2026-07-21 01:27:07,462 1255954 road_revised.py Completed 20460 of 34374, 59.52%
2026-07-21 01:27:07,719 1255954 road_revised.py Completed 20470 of 34374, 59.55%
2026-07-21 01:27:07,991 1255954 road_revised.py Completed 20480 of 34374, 59.58%
2026-07-21 01:27:08,240 1255954 road_revised.py Completed 20490 of 34374, 59.61%
2026-07-21 01:27:08,472 1255954 road_revised.py Completed 20500 of 34374, 59.64%
2026-07-21 01:27:08,473 1255954 road_revised.py RSS checkpoint [iter1_lcp_progress_20500_of_34374]: 16.69 GB
2026-07-21 01:27:08,704 1255954 road_revised.py Completed 20510 of 34374, 59.67%
2026-07-21 01:27:08,956 1255954 road_revised.py Completed 20520 of 34374, 59.70%
2026-07-21 01:27:09,175 1255954 road_revised.py Completed 20530 of 34374, 59.73%
2026-07-21 01:27:09,407 1255954 road_revised.py Completed 20540 of 34374, 59.75%
2026-07-21 01:27:09,643 1255954 road_revised.py Completed 20550 of 34374, 59.78%
2026-07-21 01:27:09,896 1255954 road_revised.py Completed 20560 of 34374, 59.81%
2026-07-21 01:27:10,124 1255954 road_revised.py Completed 20570 of 34374, 59.84%
2026-07-21 01:27:13,456 1255954 road_revised.py Completed 20580 of 34374, 59.87%
2026-07-21 01:27:13,862 1255954 road_revised.py Completed 20590 of 34374, 59.90%
2026-07-21 01:27:13,864 1255954 road_revised.py Completed 20600 of 34374, 59.93%
2026-07-21 01:27:13,868 1255954 road_revised.py RSS checkpoint [iter1_lcp_progress_20600_of_34374]: 17.05 GB
2026-07-21 01:27:13,871 1255954 road_revised.py Completed 20610 of 34374, 59.96%
2026-07-21 01:27:13,874 1255954 road_revised.py Completed 20620 of 34374, 59.99%
2026-07-21 01:27:13,875 1255954 road_revised.py Completed 20630 of 34374, 60.02%
2026-07-21 01:27:13,876 1255954 road_revised.py Completed 20640 of 34374, 60.05%
2026-07-21 01:27:13,877 1255954 road_revised.py Completed 20650 of 34374, 60.07%
2026-07-21 01:27:13,882 1255954 road_revised.py Completed 20660 of 34374, 60.10%
2026-07-21 01:27:14,134 1255954 road_revised.py Completed 20670 of 34374, 60.13%
2026-07-21 01:27:14,430 1255954 road_revised.py Completed 20680 of 34374, 60.16%
2026-07-21 01:27:14,673 1255954 road_revised.py Completed 20690 of 34374, 60.19%
2026-07-21 01:27:14,936 1255954 road_revised.py Completed 20700 of 34374, 60.22%
2026-07-21 01:27:14,937 1255954 road_revised.py RSS checkpoint [iter1_lcp_progress_20700_of_34374]: 17.18 GB
2026-07-21 01:27:15,213 1255954 road_revised.py Completed 20710 of 34374, 60.25%
2026-07-21 01:27:15,453 1255954 road_revised.py Completed 20720 of 34374, 60.28%
2026-07-21 01:27:15,696 1255954 road_revised.py Completed 20730 of 34374, 60.31%
2026-07-21 01:27:18,264 1255954 road_revised.py Completed 20740 of 34374, 60.34%
2026-07-21 01:27:18,268 1255954 road_revised.py Completed 20750 of 34374, 60.37%
2026-07-21 01:27:18,272 1255954 road_revised.py Completed 20760 of 34374, 60.39%
2026-07-21 01:27:18,294 1255954 road_revised.py Completed 20770 of 34374, 60.42%
2026-07-21 01:27:18,295 1255954 road_revised.py Completed 20780 of 34374, 60.45%
2026-07-21 01:27:18,296 1255954 road_revised.py Completed 20790 of 34374, 60.48%
2026-07-21 01:27:18,326 1255954 road_revised.py Completed 20800 of 34374, 60.51%
2026-07-21 01:27:18,326 1255954 road_revised.py RSS checkpoint [iter1_lcp_progress_20800_of_34374]: 17.09 GB
2026-07-21 01:27:18,601 1255954 road_revised.py Completed 20810 of 34374, 60.54%
2026-07-21 01:27:18,861 1255954 road_revised.py Completed 20820 of 34374, 60.57%
2026-07-21 01:27:19,113 1255954 road_revised.py Completed 20830 of 34374, 60.60%
2026-07-21 01:27:19,374 1255954 road_revised.py Completed 20840 of 34374, 60.63%
2026-07-21 01:27:19,614 1255954 road_revised.py Completed 20850 of 34374, 60.66%
2026-07-21 01:27:19,856 1255954 road_revised.py Completed 20860 of 34374, 60.69%
2026-07-21 01:27:20,090 1255954 road_revised.py Completed 20870 of 34374, 60.71%
2026-07-21 01:27:20,349 1255954 road_revised.py Completed 20880 of 34374, 60.74%
2026-07-21 01:27:20,575 1255954 road_revised.py Completed 20890 of 34374, 60.77%
2026-07-21 01:27:20,859 1255954 road_revised.py Completed 20900 of 34374, 60.80%
2026-07-21 01:27:20,859 1255954 road_revised.py RSS checkpoint [iter1_lcp_progress_20900_of_34374]: 16.92 GB
2026-07-21 01:27:24,417 1255954 road_revised.py Completed 20910 of 34374, 60.83%
2026-07-21 01:27:24,421 1255954 road_revised.py Completed 20920 of 34374, 60.86%
2026-07-21 01:27:24,422 1255954 road_revised.py Completed 20930 of 34374, 60.89%
2026-07-21 01:27:24,423 1255954 road_revised.py Completed 20940 of 34374, 60.92%
2026-07-21 01:27:24,426 1255954 road_revised.py Completed 20950 of 34374, 60.95%
2026-07-21 01:27:24,436 1255954 road_revised.py Completed 20960 of 34374, 60.98%
2026-07-21 01:27:24,440 1255954 road_revised.py Completed 20970 of 34374, 61.01%
2026-07-21 01:27:24,441 1255954 road_revised.py Completed 20980 of 34374, 61.03%
2026-07-21 01:27:24,442 1255954 road_revised.py Completed 20990 of 34374, 61.06%
2026-07-21 01:27:24,503 1255954 road_revised.py Completed 21000 of 34374, 61.09%
2026-07-21 01:27:24,504 1255954 road_revised.py RSS checkpoint [iter1_lcp_progress_21000_of_34374]: 17.33 GB
2026-07-21 01:27:24,750 1255954 road_revised.py Completed 21010 of 34374, 61.12%
2026-07-21 01:27:24,973 1255954 road_revised.py Completed 21020 of 34374, 61.15%
2026-07-21 01:27:25,215 1255954 road_revised.py Completed 21030 of 34374, 61.18%
2026-07-21 01:27:25,491 1255954 road_revised.py Completed 21040 of 34374, 61.21%
2026-07-21 01:27:25,728 1255954 road_revised.py Completed 21050 of 34374, 61.24%
2026-07-21 01:27:25,968 1255954 road_revised.py Completed 21060 of 34374, 61.27%
2026-07-21 01:27:26,271 1255954 road_revised.py Completed 21070 of 34374, 61.30%
2026-07-21 01:27:28,572 1255954 road_revised.py Completed 21080 of 34374, 61.33%
2026-07-21 01:27:28,582 1255954 road_revised.py Completed 21090 of 34374, 61.35%
2026-07-21 01:27:28,583 1255954 road_revised.py Completed 21100 of 34374, 61.38%
2026-07-21 01:27:28,583 1255954 road_revised.py RSS checkpoint [iter1_lcp_progress_21100_of_34374]: 17.38 GB
2026-07-21 01:27:28,602 1255954 road_revised.py Completed 21110 of 34374, 61.41%
2026-07-21 01:27:28,612 1255954 road_revised.py Completed 21120 of 34374, 61.44%
2026-07-21 01:27:28,724 1255954 road_revised.py Completed 21130 of 34374, 61.47%
2026-07-21 01:27:29,024 1255954 road_revised.py Completed 21140 of 34374, 61.50%
2026-07-21 01:27:29,304 1255954 road_revised.py Completed 21150 of 34374, 61.53%
2026-07-21 01:27:29,592 1255954 road_revised.py Completed 21160 of 34374, 61.56%
2026-07-21 01:27:29,870 1255954 road_revised.py Completed 21170 of 34374, 61.59%
2026-07-21 01:27:30,084 1255954 road_revised.py Completed 21180 of 34374, 61.62%
2026-07-21 01:27:30,308 1255954 road_revised.py Completed 21190 of 34374, 61.65%
2026-07-21 01:27:30,578 1255954 road_revised.py Completed 21200 of 34374, 61.67%
2026-07-21 01:27:30,578 1255954 road_revised.py RSS checkpoint [iter1_lcp_progress_21200_of_34374]: 17.25 GB
2026-07-21 01:27:30,828 1255954 road_revised.py Completed 21210 of 34374, 61.70%
2026-07-21 01:27:31,056 1255954 road_revised.py Completed 21220 of 34374, 61.73%
2026-07-21 01:27:31,277 1255954 road_revised.py Completed 21230 of 34374, 61.76%
2026-07-21 01:27:31,575 1255954 road_revised.py Completed 21240 of 34374, 61.79%
2026-07-21 01:27:34,982 1255954 road_revised.py Completed 21250 of 34374, 61.82%
2026-07-21 01:27:34,987 1255954 road_revised.py Completed 21260 of 34374, 61.85%
2026-07-21 01:27:35,013 1255954 road_revised.py Completed 21270 of 34374, 61.88%
2026-07-21 01:27:35,014 1255954 road_revised.py Completed 21280 of 34374, 61.91%
2026-07-21 01:27:35,015 1255954 road_revised.py Completed 21290 of 34374, 61.94%
2026-07-21 01:27:35,364 1255954 road_revised.py Completed 21300 of 34374, 61.97%
2026-07-21 01:27:35,365 1255954 road_revised.py RSS checkpoint [iter1_lcp_progress_21300_of_34374]: 17.33 GB
2026-07-21 01:27:35,366 1255954 road_revised.py Completed 21310 of 34374, 61.99%
2026-07-21 01:27:35,368 1255954 road_revised.py Completed 21320 of 34374, 62.02%
2026-07-21 01:27:35,374 1255954 road_revised.py Completed 21330 of 34374, 62.05%
2026-07-21 01:27:35,407 1255954 road_revised.py Completed 21340 of 34374, 62.08%
2026-07-21 01:27:35,650 1255954 road_revised.py Completed 21350 of 34374, 62.11%
2026-07-21 01:27:35,923 1255954 road_revised.py Completed 21360 of 34374, 62.14%
2026-07-21 01:27:36,181 1255954 road_revised.py Completed 21370 of 34374, 62.17%
2026-07-21 01:27:36,435 1255954 road_revised.py Completed 21380 of 34374, 62.20%
2026-07-21 01:27:36,678 1255954 road_revised.py Completed 21390 of 34374, 62.23%
2026-07-21 01:27:36,951 1255954 road_revised.py Completed 21400 of 34374, 62.26%
2026-07-21 01:27:37,006 1255954 road_revised.py RSS checkpoint [iter1_lcp_progress_21400_of_34374]: 17.48 GB
2026-07-21 01:27:39,021 1255954 road_revised.py Completed 21410 of 34374, 62.29%
2026-07-21 01:27:39,025 1255954 road_revised.py Completed 21420 of 34374, 62.31%
2026-07-21 01:27:39,051 1255954 road_revised.py Completed 21430 of 34374, 62.34%
2026-07-21 01:27:39,052 1255954 road_revised.py Completed 21440 of 34374, 62.37%
2026-07-21 01:27:39,053 1255954 road_revised.py Completed 21450 of 34374, 62.40%
2026-07-21 01:27:39,055 1255954 road_revised.py Completed 21460 of 34374, 62.43%
2026-07-21 01:27:39,177 1255954 road_revised.py Completed 21470 of 34374, 62.46%
2026-07-21 01:27:39,432 1255954 road_revised.py Completed 21480 of 34374, 62.49%
2026-07-21 01:27:39,685 1255954 road_revised.py Completed 21490 of 34374, 62.52%
2026-07-21 01:27:39,927 1255954 road_revised.py Completed 21500 of 34374, 62.55%
2026-07-21 01:27:39,927 1255954 road_revised.py RSS checkpoint [iter1_lcp_progress_21500_of_34374]: 17.32 GB
2026-07-21 01:27:40,165 1255954 road_revised.py Completed 21510 of 34374, 62.58%
2026-07-21 01:27:40,402 1255954 road_revised.py Completed 21520 of 34374, 62.61%
2026-07-21 01:27:40,667 1255954 road_revised.py Completed 21530 of 34374, 62.63%
2026-07-21 01:27:40,906 1255954 road_revised.py Completed 21540 of 34374, 62.66%
2026-07-21 01:27:41,163 1255954 road_revised.py Completed 21550 of 34374, 62.69%
2026-07-21 01:27:41,414 1255954 road_revised.py Completed 21560 of 34374, 62.72%
2026-07-21 01:27:41,638 1255954 road_revised.py Completed 21570 of 34374, 62.75%
2026-07-21 01:27:44,762 1255954 road_revised.py Completed 21580 of 34374, 62.78%
2026-07-21 01:27:44,782 1255954 road_revised.py Completed 21590 of 34374, 62.81%
2026-07-21 01:27:44,821 1255954 road_revised.py Completed 21600 of 34374, 62.84%
2026-07-21 01:27:44,822 1255954 road_revised.py RSS checkpoint [iter1_lcp_progress_21600_of_34374]: 17.50 GB
2026-07-21 01:27:44,823 1255954 road_revised.py Completed 21610 of 34374, 62.87%
2026-07-21 01:27:44,824 1255954 road_revised.py Completed 21620 of 34374, 62.90%
2026-07-21 01:27:45,208 1255954 road_revised.py Completed 21630 of 34374, 62.93%
2026-07-21 01:27:45,213 1255954 road_revised.py Completed 21640 of 34374, 62.95%
2026-07-21 01:27:45,214 1255954 road_revised.py Completed 21650 of 34374, 62.98%
2026-07-21 01:27:45,220 1255954 road_revised.py Completed 21660 of 34374, 63.01%
2026-07-21 01:27:45,298 1255954 road_revised.py Completed 21670 of 34374, 63.04%
2026-07-21 01:27:45,539 1255954 road_revised.py Completed 21680 of 34374, 63.07%
2026-07-21 01:27:45,839 1255954 road_revised.py Completed 21690 of 34374, 63.10%
2026-07-21 01:27:46,121 1255954 road_revised.py Completed 21700 of 34374, 63.13%
2026-07-21 01:27:46,121 1255954 road_revised.py RSS checkpoint [iter1_lcp_progress_21700_of_34374]: 17.41 GB
2026-07-21 01:27:46,389 1255954 road_revised.py Completed 21710 of 34374, 63.16%
2026-07-21 01:27:46,648 1255954 road_revised.py Completed 21720 of 34374, 63.19%
2026-07-21 01:27:46,947 1255954 road_revised.py Completed 21730 of 34374, 63.22%
2026-07-21 01:27:47,047 1255954 road_revised.py Completed 21740 of 34374, 63.25%
2026-07-21 01:27:47,258 1255954 road_revised.py Completed 21750 of 34374, 63.27%
2026-07-21 01:27:49,963 1255954 road_revised.py Completed 21760 of 34374, 63.30%
2026-07-21 01:27:49,971 1255954 road_revised.py Completed 21770 of 34374, 63.33%
2026-07-21 01:27:50,004 1255954 road_revised.py Completed 21780 of 34374, 63.36%
2026-07-21 01:27:50,008 1255954 road_revised.py Completed 21790 of 34374, 63.39%
2026-07-21 01:27:50,009 1255954 road_revised.py Completed 21800 of 34374, 63.42%
2026-07-21 01:27:50,014 1255954 road_revised.py RSS checkpoint [iter1_lcp_progress_21800_of_34374]: 17.80 GB
2026-07-21 01:27:50,029 1255954 road_revised.py Completed 21810 of 34374, 63.45%
2026-07-21 01:27:50,272 1255954 road_revised.py Completed 21820 of 34374, 63.48%
2026-07-21 01:27:50,523 1255954 road_revised.py Completed 21830 of 34374, 63.51%
2026-07-21 01:27:50,809 1255954 road_revised.py Completed 21840 of 34374, 63.54%
2026-07-21 01:27:51,093 1255954 road_revised.py Completed 21850 of 34374, 63.57%
2026-07-21 01:27:51,324 1255954 road_revised.py Completed 21860 of 34374, 63.59%
2026-07-21 01:27:51,549 1255954 road_revised.py Completed 21870 of 34374, 63.62%
2026-07-21 01:27:51,839 1255954 road_revised.py Completed 21880 of 34374, 63.65%
2026-07-21 01:27:52,079 1255954 road_revised.py Completed 21890 of 34374, 63.68%
2026-07-21 01:27:52,321 1255954 road_revised.py Completed 21900 of 34374, 63.71%
2026-07-21 01:27:52,321 1255954 road_revised.py RSS checkpoint [iter1_lcp_progress_21900_of_34374]: 17.59 GB
2026-07-21 01:27:52,572 1255954 road_revised.py Completed 21910 of 34374, 63.74%
2026-07-21 01:27:52,868 1255954 road_revised.py Completed 21920 of 34374, 63.77%
2026-07-21 01:27:56,159 1255954 road_revised.py Completed 21930 of 34374, 63.80%
2026-07-21 01:27:56,167 1255954 road_revised.py Completed 21940 of 34374, 63.83%
2026-07-21 01:27:56,601 1255954 road_revised.py Completed 21950 of 34374, 63.86%
2026-07-21 01:27:56,612 1255954 road_revised.py Completed 21960 of 34374, 63.89%
2026-07-21 01:27:56,612 1255954 road_revised.py Completed 21970 of 34374, 63.91%
2026-07-21 01:27:56,615 1255954 road_revised.py Completed 21980 of 34374, 63.94%
2026-07-21 01:27:56,616 1255954 road_revised.py Completed 21990 of 34374, 63.97%
2026-07-21 01:27:56,617 1255954 road_revised.py Completed 22000 of 34374, 64.00%
2026-07-21 01:27:56,617 1255954 road_revised.py RSS checkpoint [iter1_lcp_progress_22000_of_34374]: 17.66 GB
2026-07-21 01:27:56,618 1255954 road_revised.py Completed 22010 of 34374, 64.03%
2026-07-21 01:27:56,678 1255954 road_revised.py Completed 22020 of 34374, 64.06%
2026-07-21 01:27:56,929 1255954 road_revised.py Completed 22030 of 34374, 64.09%
2026-07-21 01:27:57,230 1255954 road_revised.py Completed 22040 of 34374, 64.12%
2026-07-21 01:27:57,443 1255954 road_revised.py Completed 22050 of 34374, 64.15%
2026-07-21 01:27:57,663 1255954 road_revised.py Completed 22060 of 34374, 64.18%
2026-07-21 01:27:57,953 1255954 road_revised.py Completed 22070 of 34374, 64.21%
2026-07-21 01:27:58,229 1255954 road_revised.py Completed 22080 of 34374, 64.23%
2026-07-21 01:27:58,445 1255954 road_revised.py Completed 22090 of 34374, 64.26%
2026-07-21 01:28:00,434 1255954 road_revised.py Completed 22100 of 34374, 64.29%
2026-07-21 01:28:00,436 1255954 road_revised.py RSS checkpoint [iter1_lcp_progress_22100_of_34374]: 17.92 GB
2026-07-21 01:28:00,437 1255954 road_revised.py Completed 22110 of 34374, 64.32%
2026-07-21 01:28:00,470 1255954 road_revised.py Completed 22120 of 34374, 64.35%
2026-07-21 01:28:00,471 1255954 road_revised.py Completed 22130 of 34374, 64.38%
2026-07-21 01:28:00,486 1255954 road_revised.py Completed 22140 of 34374, 64.41%
2026-07-21 01:28:00,751 1255954 road_revised.py Completed 22150 of 34374, 64.44%
2026-07-21 01:28:01,012 1255954 road_revised.py Completed 22160 of 34374, 64.47%
2026-07-21 01:28:01,267 1255954 road_revised.py Completed 22170 of 34374, 64.50%
2026-07-21 01:28:01,490 1255954 road_revised.py Completed 22180 of 34374, 64.53%
2026-07-21 01:28:01,817 1255954 road_revised.py Completed 22190 of 34374, 64.55%
2026-07-21 01:28:02,050 1255954 road_revised.py Completed 22200 of 34374, 64.58%
2026-07-21 01:28:02,050 1255954 road_revised.py RSS checkpoint [iter1_lcp_progress_22200_of_34374]: 17.82 GB
2026-07-21 01:28:02,310 1255954 road_revised.py Completed 22210 of 34374, 64.61%
2026-07-21 01:28:02,524 1255954 road_revised.py Completed 22220 of 34374, 64.64%
2026-07-21 01:28:02,753 1255954 road_revised.py Completed 22230 of 34374, 64.67%
2026-07-21 01:28:03,026 1255954 road_revised.py Completed 22240 of 34374, 64.70%
2026-07-21 01:28:03,239 1255954 road_revised.py Completed 22250 of 34374, 64.73%
2026-07-21 01:28:06,864 1255954 road_revised.py Completed 22260 of 34374, 64.76%
2026-07-21 01:28:06,874 1255954 road_revised.py Completed 22270 of 34374, 64.79%
2026-07-21 01:28:07,276 1255954 road_revised.py Completed 22280 of 34374, 64.82%
2026-07-21 01:28:07,278 1255954 road_revised.py Completed 22290 of 34374, 64.85%
2026-07-21 01:28:07,280 1255954 road_revised.py Completed 22300 of 34374, 64.87%
2026-07-21 01:28:07,284 1255954 road_revised.py RSS checkpoint [iter1_lcp_progress_22300_of_34374]: 18.21 GB
2026-07-21 01:28:07,286 1255954 road_revised.py Completed 22310 of 34374, 64.90%
2026-07-21 01:28:07,286 1255954 road_revised.py Completed 22320 of 34374, 64.93%
2026-07-21 01:28:07,289 1255954 road_revised.py Completed 22330 of 34374, 64.96%
2026-07-21 01:28:07,290 1255954 road_revised.py Completed 22340 of 34374, 64.99%
2026-07-21 01:28:07,291 1255954 road_revised.py Completed 22350 of 34374, 65.02%
2026-07-21 01:28:07,365 1255954 road_revised.py Completed 22360 of 34374, 65.05%
2026-07-21 01:28:07,513 1255954 road_revised.py Completed 22370 of 34374, 65.08%
2026-07-21 01:28:07,711 1255954 road_revised.py Completed 22380 of 34374, 65.11%
2026-07-21 01:28:08,010 1255954 road_revised.py Completed 22390 of 34374, 65.14%
2026-07-21 01:28:08,276 1255954 road_revised.py Completed 22400 of 34374, 65.17%
2026-07-21 01:28:08,277 1255954 road_revised.py RSS checkpoint [iter1_lcp_progress_22400_of_34374]: 18.34 GB
2026-07-21 01:28:08,558 1255954 road_revised.py Completed 22410 of 34374, 65.19%
2026-07-21 01:28:08,763 1255954 road_revised.py Completed 22420 of 34374, 65.22%
2026-07-21 01:28:09,004 1255954 road_revised.py Completed 22430 of 34374, 65.25%
2026-07-21 01:28:11,193 1255954 road_revised.py Completed 22440 of 34374, 65.28%
2026-07-21 01:28:11,199 1255954 road_revised.py Completed 22450 of 34374, 65.31%
2026-07-21 01:28:11,199 1255954 road_revised.py Completed 22460 of 34374, 65.34%
2026-07-21 01:28:11,211 1255954 road_revised.py Completed 22470 of 34374, 65.37%
2026-07-21 01:28:11,215 1255954 road_revised.py Completed 22480 of 34374, 65.40%
2026-07-21 01:28:11,242 1255954 road_revised.py Completed 22490 of 34374, 65.43%
2026-07-21 01:28:11,503 1255954 road_revised.py Completed 22500 of 34374, 65.46%
2026-07-21 01:28:11,503 1255954 road_revised.py RSS checkpoint [iter1_lcp_progress_22500_of_34374]: 17.82 GB
2026-07-21 01:28:11,768 1255954 road_revised.py Completed 22510 of 34374, 65.49%
2026-07-21 01:28:12,096 1255954 road_revised.py Completed 22520 of 34374, 65.51%
2026-07-21 01:28:12,316 1255954 road_revised.py Completed 22530 of 34374, 65.54%
2026-07-21 01:28:12,540 1255954 road_revised.py Completed 22540 of 34374, 65.57%
2026-07-21 01:28:12,743 1255954 road_revised.py Completed 22550 of 34374, 65.60%
2026-07-21 01:28:13,008 1255954 road_revised.py Completed 22560 of 34374, 65.63%
2026-07-21 01:28:13,245 1255954 road_revised.py Completed 22570 of 34374, 65.66%
2026-07-21 01:28:13,469 1255954 road_revised.py Completed 22580 of 34374, 65.69%
2026-07-21 01:28:13,754 1255954 road_revised.py Completed 22590 of 34374, 65.72%
2026-07-21 01:28:13,961 1255954 road_revised.py Completed 22600 of 34374, 65.75%
2026-07-21 01:28:13,962 1255954 road_revised.py RSS checkpoint [iter1_lcp_progress_22600_of_34374]: 18.02 GB
2026-07-21 01:28:17,282 1255954 road_revised.py Completed 22610 of 34374, 65.78%
2026-07-21 01:28:17,299 1255954 road_revised.py Completed 22620 of 34374, 65.81%
2026-07-21 01:28:17,300 1255954 road_revised.py Completed 22630 of 34374, 65.83%
2026-07-21 01:28:17,712 1255954 road_revised.py Completed 22640 of 34374, 65.86%
2026-07-21 01:28:17,713 1255954 road_revised.py Completed 22650 of 34374, 65.89%
2026-07-21 01:28:17,714 1255954 road_revised.py Completed 22660 of 34374, 65.92%
2026-07-21 01:28:17,717 1255954 road_revised.py Completed 22670 of 34374, 65.95%
2026-07-21 01:28:17,718 1255954 road_revised.py Completed 22680 of 34374, 65.98%
2026-07-21 01:28:17,731 1255954 road_revised.py Completed 22690 of 34374, 66.01%
2026-07-21 01:28:17,988 1255954 road_revised.py Completed 22700 of 34374, 66.04%
2026-07-21 01:28:18,014 1255954 road_revised.py RSS checkpoint [iter1_lcp_progress_22700_of_34374]: 18.30 GB
2026-07-21 01:28:18,281 1255954 road_revised.py Completed 22710 of 34374, 66.07%
2026-07-21 01:28:18,553 1255954 road_revised.py Completed 22720 of 34374, 66.10%
2026-07-21 01:28:18,821 1255954 road_revised.py Completed 22730 of 34374, 66.13%
2026-07-21 01:28:19,060 1255954 road_revised.py Completed 22740 of 34374, 66.15%
2026-07-21 01:28:19,327 1255954 road_revised.py Completed 22750 of 34374, 66.18%
2026-07-21 01:28:19,654 1255954 road_revised.py Completed 22760 of 34374, 66.21%
2026-07-21 01:28:19,864 1255954 road_revised.py Completed 22770 of 34374, 66.24%
2026-07-21 01:28:22,346 1255954 road_revised.py Completed 22780 of 34374, 66.27%
2026-07-21 01:28:22,384 1255954 road_revised.py Completed 22790 of 34374, 66.30%
2026-07-21 01:28:22,392 1255954 road_revised.py Completed 22800 of 34374, 66.33%
2026-07-21 01:28:22,393 1255954 road_revised.py RSS checkpoint [iter1_lcp_progress_22800_of_34374]: 18.37 GB
2026-07-21 01:28:22,394 1255954 road_revised.py Completed 22810 of 34374, 66.36%
2026-07-21 01:28:22,398 1255954 road_revised.py Completed 22820 of 34374, 66.39%
2026-07-21 01:28:22,406 1255954 road_revised.py Completed 22830 of 34374, 66.42%
2026-07-21 01:28:22,679 1255954 road_revised.py Completed 22840 of 34374, 66.45%
2026-07-21 01:28:22,946 1255954 road_revised.py Completed 22850 of 34374, 66.47%
2026-07-21 01:28:23,187 1255954 road_revised.py Completed 22860 of 34374, 66.50%
2026-07-21 01:28:23,504 1255954 road_revised.py Completed 22870 of 34374, 66.53%
2026-07-21 01:28:23,760 1255954 road_revised.py Completed 22880 of 34374, 66.56%
2026-07-21 01:28:23,985 1255954 road_revised.py Completed 22890 of 34374, 66.59%
2026-07-21 01:28:24,230 1255954 road_revised.py Completed 22900 of 34374, 66.62%
2026-07-21 01:28:24,230 1255954 road_revised.py RSS checkpoint [iter1_lcp_progress_22900_of_34374]: 18.14 GB
2026-07-21 01:28:24,492 1255954 road_revised.py Completed 22910 of 34374, 66.65%
2026-07-21 01:28:24,746 1255954 road_revised.py Completed 22920 of 34374, 66.68%
2026-07-21 01:28:25,005 1255954 road_revised.py Completed 22930 of 34374, 66.71%
2026-07-21 01:28:28,604 1255954 road_revised.py Completed 22940 of 34374, 66.74%
2026-07-21 01:28:28,950 1255954 road_revised.py Completed 22950 of 34374, 66.77%
2026-07-21 01:28:28,951 1255954 road_revised.py Completed 22960 of 34374, 66.79%
2026-07-21 01:28:28,952 1255954 road_revised.py Completed 22970 of 34374, 66.82%
2026-07-21 01:28:28,954 1255954 road_revised.py Completed 22980 of 34374, 66.85%
2026-07-21 01:28:28,966 1255954 road_revised.py Completed 22990 of 34374, 66.88%
2026-07-21 01:28:28,969 1255954 road_revised.py Completed 23000 of 34374, 66.91%
2026-07-21 01:28:28,974 1255954 road_revised.py RSS checkpoint [iter1_lcp_progress_23000_of_34374]: 18.33 GB
2026-07-21 01:28:28,976 1255954 road_revised.py Completed 23010 of 34374, 66.94%
2026-07-21 01:28:28,978 1255954 road_revised.py Completed 23020 of 34374, 66.97%
2026-07-21 01:28:28,980 1255954 road_revised.py Completed 23030 of 34374, 67.00%
2026-07-21 01:28:28,980 1255954 road_revised.py Completed 23040 of 34374, 67.03%
2026-07-21 01:28:29,170 1255954 road_revised.py Completed 23050 of 34374, 67.06%
2026-07-21 01:28:29,388 1255954 road_revised.py Completed 23060 of 34374, 67.09%
2026-07-21 01:28:29,644 1255954 road_revised.py Completed 23070 of 34374, 67.11%
2026-07-21 01:28:29,895 1255954 road_revised.py Completed 23080 of 34374, 67.14%
2026-07-21 01:28:30,175 1255954 road_revised.py Completed 23090 of 34374, 67.17%
2026-07-21 01:28:30,441 1255954 road_revised.py Completed 23100 of 34374, 67.20%
2026-07-21 01:28:30,446 1255954 road_revised.py RSS checkpoint [iter1_lcp_progress_23100_of_34374]: 18.52 GB
2026-07-21 01:28:32,658 1255954 road_revised.py Completed 23110 of 34374, 67.23%
2026-07-21 01:28:32,710 1255954 road_revised.py Completed 23120 of 34374, 67.26%
2026-07-21 01:28:32,711 1255954 road_revised.py Completed 23130 of 34374, 67.29%
2026-07-21 01:28:32,712 1255954 road_revised.py Completed 23140 of 34374, 67.32%
2026-07-21 01:28:32,714 1255954 road_revised.py Completed 23150 of 34374, 67.35%
2026-07-21 01:28:32,757 1255954 road_revised.py Completed 23160 of 34374, 67.38%
2026-07-21 01:28:33,004 1255954 road_revised.py Completed 23170 of 34374, 67.41%
2026-07-21 01:28:33,281 1255954 road_revised.py Completed 23180 of 34374, 67.43%
2026-07-21 01:28:33,581 1255954 road_revised.py Completed 23190 of 34374, 67.46%
2026-07-21 01:28:33,847 1255954 road_revised.py Completed 23200 of 34374, 67.49%
2026-07-21 01:28:33,860 1255954 road_revised.py RSS checkpoint [iter1_lcp_progress_23200_of_34374]: 18.41 GB
2026-07-21 01:28:34,135 1255954 road_revised.py Completed 23210 of 34374, 67.52%
2026-07-21 01:28:34,376 1255954 road_revised.py Completed 23220 of 34374, 67.55%
2026-07-21 01:28:34,637 1255954 road_revised.py Completed 23230 of 34374, 67.58%
2026-07-21 01:28:34,917 1255954 road_revised.py Completed 23240 of 34374, 67.61%
2026-07-21 01:28:35,213 1255954 road_revised.py Completed 23250 of 34374, 67.64%
2026-07-21 01:28:35,464 1255954 road_revised.py Completed 23260 of 34374, 67.67%
2026-07-21 01:28:35,728 1255954 road_revised.py Completed 23270 of 34374, 67.70%
2026-07-21 01:28:39,836 1255954 road_revised.py Completed 23280 of 34374, 67.73%
2026-07-21 01:28:40,209 1255954 road_revised.py Completed 23290 of 34374, 67.75%
2026-07-21 01:28:40,211 1255954 road_revised.py Completed 23300 of 34374, 67.78%
2026-07-21 01:28:40,223 1255954 road_revised.py RSS checkpoint [iter1_lcp_progress_23300_of_34374]: 19.25 GB
2026-07-21 01:28:40,232 1255954 road_revised.py Completed 23310 of 34374, 67.81%
2026-07-21 01:28:40,242 1255954 road_revised.py Completed 23320 of 34374, 67.84%
2026-07-21 01:28:40,243 1255954 road_revised.py Completed 23330 of 34374, 67.87%
2026-07-21 01:28:40,245 1255954 road_revised.py Completed 23340 of 34374, 67.90%
2026-07-21 01:28:40,246 1255954 road_revised.py Completed 23350 of 34374, 67.93%
2026-07-21 01:28:40,247 1255954 road_revised.py Completed 23360 of 34374, 67.96%
2026-07-21 01:28:40,285 1255954 road_revised.py Completed 23370 of 34374, 67.99%
2026-07-21 01:28:40,602 1255954 road_revised.py Completed 23380 of 34374, 68.02%
2026-07-21 01:28:40,833 1255954 road_revised.py Completed 23390 of 34374, 68.05%
2026-07-21 01:28:41,114 1255954 road_revised.py Completed 23400 of 34374, 68.07%
2026-07-21 01:28:41,125 1255954 road_revised.py RSS checkpoint [iter1_lcp_progress_23400_of_34374]: 19.37 GB
2026-07-21 01:28:41,394 1255954 road_revised.py Completed 23410 of 34374, 68.10%
2026-07-21 01:28:41,621 1255954 road_revised.py Completed 23420 of 34374, 68.13%
2026-07-21 01:28:41,919 1255954 road_revised.py Completed 23430 of 34374, 68.16%
2026-07-21 01:28:42,138 1255954 road_revised.py Completed 23440 of 34374, 68.19%
2026-07-21 01:28:44,577 1255954 road_revised.py Completed 23450 of 34374, 68.22%
2026-07-21 01:28:44,578 1255954 road_revised.py Completed 23460 of 34374, 68.25%
2026-07-21 01:28:44,604 1255954 road_revised.py Completed 23470 of 34374, 68.28%
2026-07-21 01:28:44,605 1255954 road_revised.py Completed 23480 of 34374, 68.31%
2026-07-21 01:28:44,605 1255954 road_revised.py Completed 23490 of 34374, 68.34%
2026-07-21 01:28:44,614 1255954 road_revised.py Completed 23500 of 34374, 68.37%
2026-07-21 01:28:44,614 1255954 road_revised.py RSS checkpoint [iter1_lcp_progress_23500_of_34374]: 18.85 GB
2026-07-21 01:28:44,872 1255954 road_revised.py Completed 23510 of 34374, 68.39%
2026-07-21 01:28:45,181 1255954 road_revised.py Completed 23520 of 34374, 68.42%
2026-07-21 01:28:45,451 1255954 road_revised.py Completed 23530 of 34374, 68.45%
2026-07-21 01:28:45,708 1255954 road_revised.py Completed 23540 of 34374, 68.48%
2026-07-21 01:28:45,949 1255954 road_revised.py Completed 23550 of 34374, 68.51%
2026-07-21 01:28:46,209 1255954 road_revised.py Completed 23560 of 34374, 68.54%
2026-07-21 01:28:46,467 1255954 road_revised.py Completed 23570 of 34374, 68.57%
2026-07-21 01:28:46,737 1255954 road_revised.py Completed 23580 of 34374, 68.60%
2026-07-21 01:28:46,954 1255954 road_revised.py Completed 23590 of 34374, 68.63%
2026-07-21 01:28:47,215 1255954 road_revised.py Completed 23600 of 34374, 68.66%
2026-07-21 01:28:47,215 1255954 road_revised.py RSS checkpoint [iter1_lcp_progress_23600_of_34374]: 18.65 GB
2026-07-21 01:28:51,181 1255954 road_revised.py Completed 23610 of 34374, 68.69%
2026-07-21 01:28:51,196 1255954 road_revised.py Completed 23620 of 34374, 68.71%
2026-07-21 01:28:51,197 1255954 road_revised.py Completed 23630 of 34374, 68.74%
2026-07-21 01:28:51,198 1255954 road_revised.py Completed 23640 of 34374, 68.77%
2026-07-21 01:28:51,201 1255954 road_revised.py Completed 23650 of 34374, 68.80%
2026-07-21 01:28:51,202 1255954 road_revised.py Completed 23660 of 34374, 68.83%
2026-07-21 01:28:51,203 1255954 road_revised.py Completed 23670 of 34374, 68.86%
2026-07-21 01:28:51,204 1255954 road_revised.py Completed 23680 of 34374, 68.89%
2026-07-21 01:28:51,204 1255954 road_revised.py Completed 23690 of 34374, 68.92%
2026-07-21 01:28:51,321 1255954 road_revised.py Completed 23700 of 34374, 68.95%
2026-07-21 01:28:51,324 1255954 road_revised.py RSS checkpoint [iter1_lcp_progress_23700_of_34374]: 19.02 GB
2026-07-21 01:28:51,545 1255954 road_revised.py Completed 23710 of 34374, 68.98%
2026-07-21 01:28:51,860 1255954 road_revised.py Completed 23720 of 34374, 69.01%
2026-07-21 01:28:52,115 1255954 road_revised.py Completed 23730 of 34374, 69.03%
2026-07-21 01:28:52,373 1255954 road_revised.py Completed 23740 of 34374, 69.06%
2026-07-21 01:28:52,606 1255954 road_revised.py Completed 23750 of 34374, 69.09%
2026-07-21 01:28:52,849 1255954 road_revised.py Completed 23760 of 34374, 69.12%
2026-07-21 01:28:53,078 1255954 road_revised.py Completed 23770 of 34374, 69.15%
2026-07-21 01:28:55,495 1255954 road_revised.py Completed 23780 of 34374, 69.18%
2026-07-21 01:28:55,511 1255954 road_revised.py Completed 23790 of 34374, 69.21%
2026-07-21 01:28:55,539 1255954 road_revised.py Completed 23800 of 34374, 69.24%
2026-07-21 01:28:55,540 1255954 road_revised.py RSS checkpoint [iter1_lcp_progress_23800_of_34374]: 19.02 GB
2026-07-21 01:28:55,541 1255954 road_revised.py Completed 23810 of 34374, 69.27%
2026-07-21 01:28:55,541 1255954 road_revised.py Completed 23820 of 34374, 69.30%
2026-07-21 01:28:55,550 1255954 road_revised.py Completed 23830 of 34374, 69.33%
2026-07-21 01:28:55,819 1255954 road_revised.py Completed 23840 of 34374, 69.35%
2026-07-21 01:28:56,113 1255954 road_revised.py Completed 23850 of 34374, 69.38%
2026-07-21 01:28:56,356 1255954 road_revised.py Completed 23860 of 34374, 69.41%
2026-07-21 01:28:56,651 1255954 road_revised.py Completed 23870 of 34374, 69.44%
2026-07-21 01:28:56,901 1255954 road_revised.py Completed 23880 of 34374, 69.47%
2026-07-21 01:28:57,185 1255954 road_revised.py Completed 23890 of 34374, 69.50%
2026-07-21 01:28:57,438 1255954 road_revised.py Completed 23900 of 34374, 69.53%
2026-07-21 01:28:57,440 1255954 road_revised.py RSS checkpoint [iter1_lcp_progress_23900_of_34374]: 18.93 GB
2026-07-21 01:28:57,694 1255954 road_revised.py Completed 23910 of 34374, 69.56%
2026-07-21 01:28:57,950 1255954 road_revised.py Completed 23920 of 34374, 69.59%
2026-07-21 01:28:58,226 1255954 road_revised.py Completed 23930 of 34374, 69.62%
2026-07-21 01:28:58,475 1255954 road_revised.py Completed 23940 of 34374, 69.65%
2026-07-21 01:29:02,357 1255954 road_revised.py Completed 23950 of 34374, 69.67%
2026-07-21 01:29:02,360 1255954 road_revised.py Completed 23960 of 34374, 69.70%
2026-07-21 01:29:02,391 1255954 road_revised.py Completed 23970 of 34374, 69.73%
2026-07-21 01:29:02,394 1255954 road_revised.py Completed 23980 of 34374, 69.76%
2026-07-21 01:29:02,395 1255954 road_revised.py Completed 23990 of 34374, 69.79%
2026-07-21 01:29:02,781 1255954 road_revised.py Completed 24000 of 34374, 69.82%
2026-07-21 01:29:02,786 1255954 road_revised.py RSS checkpoint [iter1_lcp_progress_24000_of_34374]: 19.22 GB
2026-07-21 01:29:02,787 1255954 road_revised.py Completed 24010 of 34374, 69.85%
2026-07-21 01:29:02,790 1255954 road_revised.py Completed 24020 of 34374, 69.88%
2026-07-21 01:29:02,791 1255954 road_revised.py Completed 24030 of 34374, 69.91%
2026-07-21 01:29:02,835 1255954 road_revised.py Completed 24040 of 34374, 69.94%
2026-07-21 01:29:03,077 1255954 road_revised.py Completed 24050 of 34374, 69.97%
2026-07-21 01:29:03,350 1255954 road_revised.py Completed 24060 of 34374, 69.99%
2026-07-21 01:29:03,616 1255954 road_revised.py Completed 24070 of 34374, 70.02%
2026-07-21 01:29:03,847 1255954 road_revised.py Completed 24080 of 34374, 70.05%
2026-07-21 01:29:04,099 1255954 road_revised.py Completed 24090 of 34374, 70.08%
2026-07-21 01:29:04,361 1255954 road_revised.py Completed 24100 of 34374, 70.11%
2026-07-21 01:29:04,361 1255954 road_revised.py RSS checkpoint [iter1_lcp_progress_24100_of_34374]: 19.40 GB
2026-07-21 01:29:04,602 1255954 road_revised.py Completed 24110 of 34374, 70.14%
2026-07-21 01:29:06,699 1255954 road_revised.py Completed 24120 of 34374, 70.17%
2026-07-21 01:29:06,743 1255954 road_revised.py Completed 24130 of 34374, 70.20%
2026-07-21 01:29:06,744 1255954 road_revised.py Completed 24140 of 34374, 70.23%
2026-07-21 01:29:06,745 1255954 road_revised.py Completed 24150 of 34374, 70.26%
2026-07-21 01:29:06,749 1255954 road_revised.py Completed 24160 of 34374, 70.29%
2026-07-21 01:29:06,927 1255954 road_revised.py Completed 24170 of 34374, 70.31%
2026-07-21 01:29:07,171 1255954 road_revised.py Completed 24180 of 34374, 70.34%
2026-07-21 01:29:07,428 1255954 road_revised.py Completed 24190 of 34374, 70.37%
2026-07-21 01:29:07,705 1255954 road_revised.py Completed 24200 of 34374, 70.40%
2026-07-21 01:29:07,730 1255954 road_revised.py RSS checkpoint [iter1_lcp_progress_24200_of_34374]: 18.86 GB
2026-07-21 01:29:07,903 1255954 road_revised.py Completed 24210 of 34374, 70.43%
2026-07-21 01:29:08,151 1255954 road_revised.py Completed 24220 of 34374, 70.46%
2026-07-21 01:29:08,394 1255954 road_revised.py Completed 24230 of 34374, 70.49%
2026-07-21 01:29:08,606 1255954 road_revised.py Completed 24240 of 34374, 70.52%
2026-07-21 01:29:08,920 1255954 road_revised.py Completed 24250 of 34374, 70.55%
2026-07-21 01:29:09,180 1255954 road_revised.py Completed 24260 of 34374, 70.58%
2026-07-21 01:29:09,451 1255954 road_revised.py Completed 24270 of 34374, 70.61%
2026-07-21 01:29:13,049 1255954 road_revised.py Completed 24280 of 34374, 70.63%
2026-07-21 01:29:13,090 1255954 road_revised.py Completed 24290 of 34374, 70.66%
2026-07-21 01:29:13,091 1255954 road_revised.py Completed 24300 of 34374, 70.69%
2026-07-21 01:29:13,091 1255954 road_revised.py RSS checkpoint [iter1_lcp_progress_24300_of_34374]: 19.60 GB
2026-07-21 01:29:13,092 1255954 road_revised.py Completed 24310 of 34374, 70.72%
2026-07-21 01:29:13,562 1255954 road_revised.py Completed 24320 of 34374, 70.75%
2026-07-21 01:29:13,564 1255954 road_revised.py Completed 24330 of 34374, 70.78%
2026-07-21 01:29:13,564 1255954 road_revised.py Completed 24340 of 34374, 70.81%
2026-07-21 01:29:13,569 1255954 road_revised.py Completed 24350 of 34374, 70.84%
2026-07-21 01:29:13,570 1255954 road_revised.py Completed 24360 of 34374, 70.87%
2026-07-21 01:29:13,579 1255954 road_revised.py Completed 24370 of 34374, 70.90%
2026-07-21 01:29:13,690 1255954 road_revised.py Completed 24380 of 34374, 70.93%
2026-07-21 01:29:14,008 1255954 road_revised.py Completed 24390 of 34374, 70.95%
2026-07-21 01:29:14,221 1255954 road_revised.py Completed 24400 of 34374, 70.98%
2026-07-21 01:29:14,221 1255954 road_revised.py RSS checkpoint [iter1_lcp_progress_24400_of_34374]: 19.37 GB
2026-07-21 01:29:14,484 1255954 road_revised.py Completed 24410 of 34374, 71.01%
2026-07-21 01:29:14,727 1255954 road_revised.py Completed 24420 of 34374, 71.04%
2026-07-21 01:29:14,976 1255954 road_revised.py Completed 24430 of 34374, 71.07%
2026-07-21 01:29:15,229 1255954 road_revised.py Completed 24440 of 34374, 71.10%
2026-07-21 01:29:17,345 1255954 road_revised.py Completed 24450 of 34374, 71.13%
2026-07-21 01:29:17,350 1255954 road_revised.py Completed 24460 of 34374, 71.16%
2026-07-21 01:29:17,351 1255954 road_revised.py Completed 24470 of 34374, 71.19%
2026-07-21 01:29:17,352 1255954 road_revised.py Completed 24480 of 34374, 71.22%
2026-07-21 01:29:17,354 1255954 road_revised.py Completed 24490 of 34374, 71.25%
2026-07-21 01:29:17,371 1255954 road_revised.py Completed 24500 of 34374, 71.27%
2026-07-21 01:29:17,371 1255954 road_revised.py RSS checkpoint [iter1_lcp_progress_24500_of_34374]: 19.34 GB
2026-07-21 01:29:17,653 1255954 road_revised.py Completed 24510 of 34374, 71.30%
2026-07-21 01:29:17,879 1255954 road_revised.py Completed 24520 of 34374, 71.33%
2026-07-21 01:29:18,102 1255954 road_revised.py Completed 24530 of 34374, 71.36%
2026-07-21 01:29:18,369 1255954 road_revised.py Completed 24540 of 34374, 71.39%
2026-07-21 01:29:18,624 1255954 road_revised.py Completed 24550 of 34374, 71.42%
2026-07-21 01:29:18,892 1255954 road_revised.py Completed 24560 of 34374, 71.45%
2026-07-21 01:29:19,102 1255954 road_revised.py Completed 24570 of 34374, 71.48%
2026-07-21 01:29:19,328 1255954 road_revised.py Completed 24580 of 34374, 71.51%
2026-07-21 01:29:19,627 1255954 road_revised.py Completed 24590 of 34374, 71.54%
2026-07-21 01:29:19,843 1255954 road_revised.py Completed 24600 of 34374, 71.57%
2026-07-21 01:29:19,843 1255954 road_revised.py RSS checkpoint [iter1_lcp_progress_24600_of_34374]: 19.25 GB
2026-07-21 01:29:20,141 1255954 road_revised.py Completed 24610 of 34374, 71.59%
2026-07-21 01:29:23,437 1255954 road_revised.py Completed 24620 of 34374, 71.62%
2026-07-21 01:29:23,477 1255954 road_revised.py Completed 24630 of 34374, 71.65%
2026-07-21 01:29:23,478 1255954 road_revised.py Completed 24640 of 34374, 71.68%
2026-07-21 01:29:23,479 1255954 road_revised.py Completed 24650 of 34374, 71.71%
2026-07-21 01:29:23,860 1255954 road_revised.py Completed 24660 of 34374, 71.74%
2026-07-21 01:29:23,861 1255954 road_revised.py Completed 24670 of 34374, 71.77%
2026-07-21 01:29:23,862 1255954 road_revised.py Completed 24680 of 34374, 71.80%
2026-07-21 01:29:23,864 1255954 road_revised.py Completed 24690 of 34374, 71.83%
2026-07-21 01:29:23,924 1255954 road_revised.py Completed 24700 of 34374, 71.86%
2026-07-21 01:29:23,925 1255954 road_revised.py RSS checkpoint [iter1_lcp_progress_24700_of_34374]: 19.44 GB
2026-07-21 01:29:24,177 1255954 road_revised.py Completed 24710 of 34374, 71.89%
2026-07-21 01:29:24,492 1255954 road_revised.py Completed 24720 of 34374, 71.91%
2026-07-21 01:29:24,729 1255954 road_revised.py Completed 24730 of 34374, 71.94%
2026-07-21 01:29:24,996 1255954 road_revised.py Completed 24740 of 34374, 71.97%
2026-07-21 01:29:25,280 1255954 road_revised.py Completed 24750 of 34374, 72.00%
2026-07-21 01:29:25,518 1255954 road_revised.py Completed 24760 of 34374, 72.03%
2026-07-21 01:29:25,836 1255954 road_revised.py Completed 24770 of 34374, 72.06%
2026-07-21 01:29:26,098 1255954 road_revised.py Completed 24780 of 34374, 72.09%
2026-07-21 01:29:29,101 1255954 road_revised.py Completed 24790 of 34374, 72.12%
2026-07-21 01:29:29,107 1255954 road_revised.py Completed 24800 of 34374, 72.15%
2026-07-21 01:29:29,112 1255954 road_revised.py RSS checkpoint [iter1_lcp_progress_24800_of_34374]: 19.75 GB
2026-07-21 01:29:29,113 1255954 road_revised.py Completed 24810 of 34374, 72.18%
2026-07-21 01:29:29,123 1255954 road_revised.py Completed 24820 of 34374, 72.21%
2026-07-21 01:29:29,124 1255954 road_revised.py Completed 24830 of 34374, 72.23%
2026-07-21 01:29:29,125 1255954 road_revised.py Completed 24840 of 34374, 72.26%
2026-07-21 01:29:29,126 1255954 road_revised.py Completed 24850 of 34374, 72.29%
2026-07-21 01:29:29,219 1255954 road_revised.py Completed 24860 of 34374, 72.32%
2026-07-21 01:29:29,500 1255954 road_revised.py Completed 24870 of 34374, 72.35%
2026-07-21 01:29:29,753 1255954 road_revised.py Completed 24880 of 34374, 72.38%
2026-07-21 01:29:30,026 1255954 road_revised.py Completed 24890 of 34374, 72.41%
2026-07-21 01:29:30,263 1255954 road_revised.py Completed 24900 of 34374, 72.44%
2026-07-21 01:29:30,274 1255954 road_revised.py RSS checkpoint [iter1_lcp_progress_24900_of_34374]: 19.43 GB
2026-07-21 01:29:30,518 1255954 road_revised.py Completed 24910 of 34374, 72.47%
2026-07-21 01:29:30,771 1255954 road_revised.py Completed 24920 of 34374, 72.50%
2026-07-21 01:29:31,071 1255954 road_revised.py Completed 24930 of 34374, 72.53%
2026-07-21 01:29:31,205 1255954 road_revised.py Completed 24940 of 34374, 72.55%
2026-07-21 01:29:34,681 1255954 road_revised.py Completed 24950 of 34374, 72.58%
2026-07-21 01:29:34,684 1255954 road_revised.py Completed 24960 of 34374, 72.61%
2026-07-21 01:29:34,685 1255954 road_revised.py Completed 24970 of 34374, 72.64%
2026-07-21 01:29:35,025 1255954 road_revised.py Completed 24980 of 34374, 72.67%
2026-07-21 01:29:35,027 1255954 road_revised.py Completed 24990 of 34374, 72.70%
2026-07-21 01:29:35,028 1255954 road_revised.py Completed 25000 of 34374, 72.73%
2026-07-21 01:29:35,035 1255954 road_revised.py RSS checkpoint [iter1_lcp_progress_25000_of_34374]: 19.51 GB
2026-07-21 01:29:35,044 1255954 road_revised.py Completed 25010 of 34374, 72.76%
2026-07-21 01:29:35,045 1255954 road_revised.py Completed 25020 of 34374, 72.79%
2026-07-21 01:29:35,046 1255954 road_revised.py Completed 25030 of 34374, 72.82%
2026-07-21 01:29:35,074 1255954 road_revised.py Completed 25040 of 34374, 72.85%
2026-07-21 01:29:35,334 1255954 road_revised.py Completed 25050 of 34374, 72.87%
2026-07-21 01:29:35,529 1255954 road_revised.py Completed 25060 of 34374, 72.90%
2026-07-21 01:29:35,807 1255954 road_revised.py Completed 25070 of 34374, 72.93%
2026-07-21 01:29:36,070 1255954 road_revised.py Completed 25080 of 34374, 72.96%
2026-07-21 01:29:36,284 1255954 road_revised.py Completed 25090 of 34374, 72.99%
2026-07-21 01:29:36,507 1255954 road_revised.py Completed 25100 of 34374, 73.02%
2026-07-21 01:29:36,508 1255954 road_revised.py RSS checkpoint [iter1_lcp_progress_25100_of_34374]: 19.66 GB
2026-07-21 01:29:36,779 1255954 road_revised.py Completed 25110 of 34374, 73.05%
2026-07-21 01:29:38,825 1255954 road_revised.py Completed 25120 of 34374, 73.08%
2026-07-21 01:29:38,828 1255954 road_revised.py Completed 25130 of 34374, 73.11%
2026-07-21 01:29:38,859 1255954 road_revised.py Completed 25140 of 34374, 73.14%
2026-07-21 01:29:38,863 1255954 road_revised.py Completed 25150 of 34374, 73.17%
2026-07-21 01:29:38,864 1255954 road_revised.py Completed 25160 of 34374, 73.19%
2026-07-21 01:29:38,897 1255954 road_revised.py Completed 25170 of 34374, 73.22%
2026-07-21 01:29:39,190 1255954 road_revised.py Completed 25180 of 34374, 73.25%
2026-07-21 01:29:39,460 1255954 road_revised.py Completed 25190 of 34374, 73.28%
2026-07-21 01:29:39,666 1255954 road_revised.py Completed 25200 of 34374, 73.31%
2026-07-21 01:29:39,666 1255954 road_revised.py RSS checkpoint [iter1_lcp_progress_25200_of_34374]: 19.57 GB
2026-07-21 01:29:39,947 1255954 road_revised.py Completed 25210 of 34374, 73.34%
2026-07-21 01:29:40,185 1255954 road_revised.py Completed 25220 of 34374, 73.37%
2026-07-21 01:29:40,453 1255954 road_revised.py Completed 25230 of 34374, 73.40%
2026-07-21 01:29:40,697 1255954 road_revised.py Completed 25240 of 34374, 73.43%
2026-07-21 01:29:41,024 1255954 road_revised.py Completed 25250 of 34374, 73.46%
2026-07-21 01:29:41,261 1255954 road_revised.py Completed 25260 of 34374, 73.49%
2026-07-21 01:29:41,535 1255954 road_revised.py Completed 25270 of 34374, 73.51%
2026-07-21 01:29:41,809 1255954 road_revised.py Completed 25280 of 34374, 73.54%
2026-07-21 01:29:45,413 1255954 road_revised.py Completed 25290 of 34374, 73.57%
2026-07-21 01:29:45,428 1255954 road_revised.py Completed 25300 of 34374, 73.60%
2026-07-21 01:29:45,435 1255954 road_revised.py RSS checkpoint [iter1_lcp_progress_25300_of_34374]: 20.52 GB
2026-07-21 01:29:45,856 1255954 road_revised.py Completed 25310 of 34374, 73.63%
2026-07-21 01:29:45,867 1255954 road_revised.py Completed 25320 of 34374, 73.66%
2026-07-21 01:29:45,868 1255954 road_revised.py Completed 25330 of 34374, 73.69%
2026-07-21 01:29:45,872 1255954 road_revised.py Completed 25340 of 34374, 73.72%
2026-07-21 01:29:45,873 1255954 road_revised.py Completed 25350 of 34374, 73.75%
2026-07-21 01:29:45,874 1255954 road_revised.py Completed 25360 of 34374, 73.78%
2026-07-21 01:29:45,888 1255954 road_revised.py Completed 25370 of 34374, 73.81%
2026-07-21 01:29:46,134 1255954 road_revised.py Completed 25380 of 34374, 73.83%
2026-07-21 01:29:46,392 1255954 road_revised.py Completed 25390 of 34374, 73.86%
2026-07-21 01:29:46,690 1255954 road_revised.py Completed 25400 of 34374, 73.89%
2026-07-21 01:29:46,722 1255954 road_revised.py RSS checkpoint [iter1_lcp_progress_25400_of_34374]: 20.30 GB
2026-07-21 01:29:46,978 1255954 road_revised.py Completed 25410 of 34374, 73.92%
2026-07-21 01:29:47,233 1255954 road_revised.py Completed 25420 of 34374, 73.95%
2026-07-21 01:29:47,528 1255954 road_revised.py Completed 25430 of 34374, 73.98%
2026-07-21 01:29:47,794 1255954 road_revised.py Completed 25440 of 34374, 74.01%
2026-07-21 01:29:48,054 1255954 road_revised.py Completed 25450 of 34374, 74.04%
2026-07-21 01:29:50,667 1255954 road_revised.py Completed 25460 of 34374, 74.07%
2026-07-21 01:29:50,668 1255954 road_revised.py Completed 25470 of 34374, 74.10%
2026-07-21 01:29:50,669 1255954 road_revised.py Completed 25480 of 34374, 74.13%
2026-07-21 01:29:50,677 1255954 road_revised.py Completed 25490 of 34374, 74.15%
2026-07-21 01:29:50,678 1255954 road_revised.py Completed 25500 of 34374, 74.18%
2026-07-21 01:29:50,684 1255954 road_revised.py RSS checkpoint [iter1_lcp_progress_25500_of_34374]: 20.11 GB
2026-07-21 01:29:50,688 1255954 road_revised.py Completed 25510 of 34374, 74.21%
2026-07-21 01:29:50,847 1255954 road_revised.py Completed 25520 of 34374, 74.24%
2026-07-21 01:29:51,092 1255954 road_revised.py Completed 25530 of 34374, 74.27%
2026-07-21 01:29:51,373 1255954 road_revised.py Completed 25540 of 34374, 74.30%
2026-07-21 01:29:51,622 1255954 road_revised.py Completed 25550 of 34374, 74.33%
2026-07-21 01:29:51,834 1255954 road_revised.py Completed 25560 of 34374, 74.36%
2026-07-21 01:29:52,094 1255954 road_revised.py Completed 25570 of 34374, 74.39%
2026-07-21 01:29:52,334 1255954 road_revised.py Completed 25580 of 34374, 74.42%
2026-07-21 01:29:52,586 1255954 road_revised.py Completed 25590 of 34374, 74.45%
2026-07-21 01:29:52,808 1255954 road_revised.py Completed 25600 of 34374, 74.47%
2026-07-21 01:29:52,809 1255954 road_revised.py RSS checkpoint [iter1_lcp_progress_25600_of_34374]: 19.88 GB
2026-07-21 01:29:53,066 1255954 road_revised.py Completed 25610 of 34374, 74.50%
2026-07-21 01:29:56,273 1255954 road_revised.py Completed 25620 of 34374, 74.53%
2026-07-21 01:29:56,282 1255954 road_revised.py Completed 25630 of 34374, 74.56%
2026-07-21 01:29:56,670 1255954 road_revised.py Completed 25640 of 34374, 74.59%
2026-07-21 01:29:56,672 1255954 road_revised.py Completed 25650 of 34374, 74.62%
2026-07-21 01:29:56,673 1255954 road_revised.py Completed 25660 of 34374, 74.65%
2026-07-21 01:29:56,675 1255954 road_revised.py Completed 25670 of 34374, 74.68%
2026-07-21 01:29:56,676 1255954 road_revised.py Completed 25680 of 34374, 74.71%
2026-07-21 01:29:56,677 1255954 road_revised.py Completed 25690 of 34374, 74.74%
2026-07-21 01:29:56,678 1255954 road_revised.py Completed 25700 of 34374, 74.77%
2026-07-21 01:29:56,679 1255954 road_revised.py RSS checkpoint [iter1_lcp_progress_25700_of_34374]: 19.88 GB
2026-07-21 01:29:56,736 1255954 road_revised.py Completed 25710 of 34374, 74.79%
2026-07-21 01:29:56,966 1255954 road_revised.py Completed 25720 of 34374, 74.82%
2026-07-21 01:29:57,248 1255954 road_revised.py Completed 25730 of 34374, 74.85%
2026-07-21 01:29:57,446 1255954 road_revised.py Completed 25740 of 34374, 74.88%
2026-07-21 01:29:57,719 1255954 road_revised.py Completed 25750 of 34374, 74.91%
2026-07-21 01:29:57,988 1255954 road_revised.py Completed 25760 of 34374, 74.94%
2026-07-21 01:29:58,274 1255954 road_revised.py Completed 25770 of 34374, 74.97%
2026-07-21 01:29:58,517 1255954 road_revised.py Completed 25780 of 34374, 75.00%
2026-07-21 01:30:01,009 1255954 road_revised.py Completed 25790 of 34374, 75.03%
2026-07-21 01:30:01,017 1255954 road_revised.py Completed 25800 of 34374, 75.06%
2026-07-21 01:30:01,033 1255954 road_revised.py RSS checkpoint [iter1_lcp_progress_25800_of_34374]: 20.20 GB
2026-07-21 01:30:01,035 1255954 road_revised.py Completed 25810 of 34374, 75.09%
2026-07-21 01:30:01,053 1255954 road_revised.py Completed 25820 of 34374, 75.11%
2026-07-21 01:30:01,054 1255954 road_revised.py Completed 25830 of 34374, 75.14%
2026-07-21 01:30:01,054 1255954 road_revised.py Completed 25840 of 34374, 75.17%
2026-07-21 01:30:01,293 1255954 road_revised.py Completed 25850 of 34374, 75.20%
2026-07-21 01:30:01,521 1255954 road_revised.py Completed 25860 of 34374, 75.23%
2026-07-21 01:30:01,827 1255954 road_revised.py Completed 25870 of 34374, 75.26%
2026-07-21 01:30:02,049 1255954 road_revised.py Completed 25880 of 34374, 75.29%
2026-07-21 01:30:02,331 1255954 road_revised.py Completed 25890 of 34374, 75.32%
2026-07-21 01:30:02,603 1255954 road_revised.py Completed 25900 of 34374, 75.35%
2026-07-21 01:30:02,604 1255954 road_revised.py RSS checkpoint [iter1_lcp_progress_25900_of_34374]: 20.02 GB
2026-07-21 01:30:02,813 1255954 road_revised.py Completed 25910 of 34374, 75.38%
2026-07-21 01:30:03,089 1255954 road_revised.py Completed 25920 of 34374, 75.41%
2026-07-21 01:30:03,318 1255954 road_revised.py Completed 25930 of 34374, 75.43%
2026-07-21 01:30:03,552 1255954 road_revised.py Completed 25940 of 34374, 75.46%
2026-07-21 01:30:03,857 1255954 road_revised.py Completed 25950 of 34374, 75.49%
2026-07-21 01:30:07,293 1255954 road_revised.py Completed 25960 of 34374, 75.52%
2026-07-21 01:30:07,623 1255954 road_revised.py Completed 25970 of 34374, 75.55%
2026-07-21 01:30:07,624 1255954 road_revised.py Completed 25980 of 34374, 75.58%
2026-07-21 01:30:07,627 1255954 road_revised.py Completed 25990 of 34374, 75.61%
2026-07-21 01:30:07,633 1255954 road_revised.py Completed 26000 of 34374, 75.64%
2026-07-21 01:30:07,640 1255954 road_revised.py RSS checkpoint [iter1_lcp_progress_26000_of_34374]: 20.12 GB
2026-07-21 01:30:07,643 1255954 road_revised.py Completed 26010 of 34374, 75.67%
2026-07-21 01:30:07,650 1255954 road_revised.py Completed 26020 of 34374, 75.70%
2026-07-21 01:30:07,651 1255954 road_revised.py Completed 26030 of 34374, 75.73%
2026-07-21 01:30:07,652 1255954 road_revised.py Completed 26040 of 34374, 75.75%
2026-07-21 01:30:07,841 1255954 road_revised.py Completed 26050 of 34374, 75.78%
2026-07-21 01:30:08,100 1255954 road_revised.py Completed 26060 of 34374, 75.81%
2026-07-21 01:30:08,356 1255954 road_revised.py Completed 26070 of 34374, 75.84%
2026-07-21 01:30:08,607 1255954 road_revised.py Completed 26080 of 34374, 75.87%
2026-07-21 01:30:08,876 1255954 road_revised.py Completed 26090 of 34374, 75.90%
2026-07-21 01:30:09,128 1255954 road_revised.py Completed 26100 of 34374, 75.93%
2026-07-21 01:30:09,150 1255954 road_revised.py RSS checkpoint [iter1_lcp_progress_26100_of_34374]: 20.31 GB
2026-07-21 01:30:09,374 1255954 road_revised.py Completed 26110 of 34374, 75.96%
2026-07-21 01:30:09,639 1255954 road_revised.py Completed 26120 of 34374, 75.99%
2026-07-21 01:30:11,780 1255954 road_revised.py Completed 26130 of 34374, 76.02%
2026-07-21 01:30:11,794 1255954 road_revised.py Completed 26140 of 34374, 76.05%
2026-07-21 01:30:11,796 1255954 road_revised.py Completed 26150 of 34374, 76.07%
2026-07-21 01:30:11,814 1255954 road_revised.py Completed 26160 of 34374, 76.10%
2026-07-21 01:30:11,879 1255954 road_revised.py Completed 26170 of 34374, 76.13%
2026-07-21 01:30:12,162 1255954 road_revised.py Completed 26180 of 34374, 76.16%
2026-07-21 01:30:12,422 1255954 road_revised.py Completed 26190 of 34374, 76.19%
2026-07-21 01:30:12,657 1255954 road_revised.py Completed 26200 of 34374, 76.22%
2026-07-21 01:30:12,658 1255954 road_revised.py RSS checkpoint [iter1_lcp_progress_26200_of_34374]: 20.18 GB
2026-07-21 01:30:12,905 1255954 road_revised.py Completed 26210 of 34374, 76.25%
2026-07-21 01:30:13,157 1255954 road_revised.py Completed 26220 of 34374, 76.28%
2026-07-21 01:30:13,438 1255954 road_revised.py Completed 26230 of 34374, 76.31%
2026-07-21 01:30:13,672 1255954 road_revised.py Completed 26240 of 34374, 76.34%
2026-07-21 01:30:13,900 1255954 road_revised.py Completed 26250 of 34374, 76.37%
2026-07-21 01:30:14,147 1255954 road_revised.py Completed 26260 of 34374, 76.39%
2026-07-21 01:30:14,406 1255954 road_revised.py Completed 26270 of 34374, 76.42%
2026-07-21 01:30:14,680 1255954 road_revised.py Completed 26280 of 34374, 76.45%
2026-07-21 01:30:18,998 1255954 road_revised.py Completed 26290 of 34374, 76.48%
2026-07-21 01:30:19,002 1255954 road_revised.py Completed 26300 of 34374, 76.51%
2026-07-21 01:30:19,002 1255954 road_revised.py RSS checkpoint [iter1_lcp_progress_26300_of_34374]: 20.64 GB
2026-07-21 01:30:19,003 1255954 road_revised.py Completed 26310 of 34374, 76.54%
2026-07-21 01:30:19,004 1255954 road_revised.py Completed 26320 of 34374, 76.57%
2026-07-21 01:30:19,030 1255954 road_revised.py Completed 26330 of 34374, 76.60%
2026-07-21 01:30:19,031 1255954 road_revised.py Completed 26340 of 34374, 76.63%
2026-07-21 01:30:19,032 1255954 road_revised.py Completed 26350 of 34374, 76.66%
2026-07-21 01:30:19,034 1255954 road_revised.py Completed 26360 of 34374, 76.69%
2026-07-21 01:30:19,041 1255954 road_revised.py Completed 26370 of 34374, 76.71%
2026-07-21 01:30:19,288 1255954 road_revised.py Completed 26380 of 34374, 76.74%
2026-07-21 01:30:19,580 1255954 road_revised.py Completed 26390 of 34374, 76.77%
2026-07-21 01:30:19,869 1255954 road_revised.py Completed 26400 of 34374, 76.80%
2026-07-21 01:30:19,880 1255954 road_revised.py RSS checkpoint [iter1_lcp_progress_26400_of_34374]: 20.40 GB
2026-07-21 01:30:20,135 1255954 road_revised.py Completed 26410 of 34374, 76.83%
2026-07-21 01:30:20,424 1255954 road_revised.py Completed 26420 of 34374, 76.86%
2026-07-21 01:30:20,662 1255954 road_revised.py Completed 26430 of 34374, 76.89%
2026-07-21 01:30:20,977 1255954 road_revised.py Completed 26440 of 34374, 76.92%
2026-07-21 01:30:21,241 1255954 road_revised.py Completed 26450 of 34374, 76.95%
2026-07-21 01:30:23,862 1255954 road_revised.py Completed 26460 of 34374, 76.98%
2026-07-21 01:30:23,911 1255954 road_revised.py Completed 26470 of 34374, 77.01%
2026-07-21 01:30:23,912 1255954 road_revised.py Completed 26480 of 34374, 77.03%
2026-07-21 01:30:23,913 1255954 road_revised.py Completed 26490 of 34374, 77.06%
2026-07-21 01:30:23,915 1255954 road_revised.py Completed 26500 of 34374, 77.09%
2026-07-21 01:30:23,920 1255954 road_revised.py RSS checkpoint [iter1_lcp_progress_26500_of_34374]: 20.61 GB
2026-07-21 01:30:23,923 1255954 road_revised.py Completed 26510 of 34374, 77.12%
2026-07-21 01:30:23,970 1255954 road_revised.py Completed 26520 of 34374, 77.15%
2026-07-21 01:30:24,217 1255954 road_revised.py Completed 26530 of 34374, 77.18%
2026-07-21 01:30:24,451 1255954 road_revised.py Completed 26540 of 34374, 77.21%
2026-07-21 01:30:24,777 1255954 road_revised.py Completed 26550 of 34374, 77.24%
2026-07-21 01:30:24,995 1255954 road_revised.py Completed 26560 of 34374, 77.27%
2026-07-21 01:30:25,231 1255954 road_revised.py Completed 26570 of 34374, 77.30%
2026-07-21 01:30:25,511 1255954 road_revised.py Completed 26580 of 34374, 77.33%
2026-07-21 01:30:25,766 1255954 road_revised.py Completed 26590 of 34374, 77.35%
2026-07-21 01:30:26,019 1255954 road_revised.py Completed 26600 of 34374, 77.38%
2026-07-21 01:30:26,019 1255954 road_revised.py RSS checkpoint [iter1_lcp_progress_26600_of_34374]: 20.40 GB
2026-07-21 01:30:26,272 1255954 road_revised.py Completed 26610 of 34374, 77.41%
2026-07-21 01:30:26,496 1255954 road_revised.py Completed 26620 of 34374, 77.44%
2026-07-21 01:30:29,824 1255954 road_revised.py Completed 26630 of 34374, 77.47%
2026-07-21 01:30:29,858 1255954 road_revised.py Completed 26640 of 34374, 77.50%
2026-07-21 01:30:29,860 1255954 road_revised.py Completed 26650 of 34374, 77.53%
2026-07-21 01:30:29,861 1255954 road_revised.py Completed 26660 of 34374, 77.56%
2026-07-21 01:30:30,205 1255954 road_revised.py Completed 26670 of 34374, 77.59%
2026-07-21 01:30:30,209 1255954 road_revised.py Completed 26680 of 34374, 77.62%
2026-07-21 01:30:30,216 1255954 road_revised.py Completed 26690 of 34374, 77.65%
2026-07-21 01:30:30,218 1255954 road_revised.py Completed 26700 of 34374, 77.67%
2026-07-21 01:30:30,218 1255954 road_revised.py RSS checkpoint [iter1_lcp_progress_26700_of_34374]: 20.50 GB
2026-07-21 01:30:30,219 1255954 road_revised.py Completed 26710 of 34374, 77.70%
2026-07-21 01:30:30,220 1255954 road_revised.py Completed 26720 of 34374, 77.73%
2026-07-21 01:30:30,353 1255954 road_revised.py Completed 26730 of 34374, 77.76%
2026-07-21 01:30:30,616 1255954 road_revised.py Completed 26740 of 34374, 77.79%
2026-07-21 01:30:30,870 1255954 road_revised.py Completed 26750 of 34374, 77.82%
2026-07-21 01:30:31,078 1255954 road_revised.py Completed 26760 of 34374, 77.85%
2026-07-21 01:30:31,299 1255954 road_revised.py Completed 26770 of 34374, 77.88%
2026-07-21 01:30:31,610 1255954 road_revised.py Completed 26780 of 34374, 77.91%
2026-07-21 01:30:31,907 1255954 road_revised.py Completed 26790 of 34374, 77.94%
2026-07-21 01:30:33,908 1255954 road_revised.py Completed 26800 of 34374, 77.97%
2026-07-21 01:30:33,909 1255954 road_revised.py RSS checkpoint [iter1_lcp_progress_26800_of_34374]: 20.82 GB
2026-07-21 01:30:33,957 1255954 road_revised.py Completed 26810 of 34374, 77.99%
2026-07-21 01:30:33,964 1255954 road_revised.py Completed 26820 of 34374, 78.02%
2026-07-21 01:30:33,967 1255954 road_revised.py Completed 26830 of 34374, 78.05%
2026-07-21 01:30:33,967 1255954 road_revised.py Completed 26840 of 34374, 78.08%
2026-07-21 01:30:34,121 1255954 road_revised.py Completed 26850 of 34374, 78.11%
2026-07-21 01:30:34,355 1255954 road_revised.py Completed 26860 of 34374, 78.14%
2026-07-21 01:30:34,625 1255954 road_revised.py Completed 26870 of 34374, 78.17%
2026-07-21 01:30:34,914 1255954 road_revised.py Completed 26880 of 34374, 78.20%
2026-07-21 01:30:35,199 1255954 road_revised.py Completed 26890 of 34374, 78.23%
2026-07-21 01:30:35,471 1255954 road_revised.py Completed 26900 of 34374, 78.26%
2026-07-21 01:30:35,472 1255954 road_revised.py RSS checkpoint [iter1_lcp_progress_26900_of_34374]: 20.69 GB
2026-07-21 01:30:35,707 1255954 road_revised.py Completed 26910 of 34374, 78.29%
2026-07-21 01:30:35,992 1255954 road_revised.py Completed 26920 of 34374, 78.32%
2026-07-21 01:30:36,234 1255954 road_revised.py Completed 26930 of 34374, 78.34%
2026-07-21 01:30:36,445 1255954 road_revised.py Completed 26940 of 34374, 78.37%
2026-07-21 01:30:36,716 1255954 road_revised.py Completed 26950 of 34374, 78.40%
2026-07-21 01:30:40,480 1255954 road_revised.py Completed 26960 of 34374, 78.43%
2026-07-21 01:30:40,489 1255954 road_revised.py Completed 26970 of 34374, 78.46%
2026-07-21 01:30:40,491 1255954 road_revised.py Completed 26980 of 34374, 78.49%
2026-07-21 01:30:40,492 1255954 road_revised.py Completed 26990 of 34374, 78.52%
2026-07-21 01:30:40,824 1255954 road_revised.py Completed 27000 of 34374, 78.55%
2026-07-21 01:30:40,825 1255954 road_revised.py RSS checkpoint [iter1_lcp_progress_27000_of_34374]: 20.76 GB
2026-07-21 01:30:40,826 1255954 road_revised.py Completed 27010 of 34374, 78.58%
2026-07-21 01:30:40,832 1255954 road_revised.py Completed 27020 of 34374, 78.61%
2026-07-21 01:30:40,836 1255954 road_revised.py Completed 27030 of 34374, 78.64%
2026-07-21 01:30:40,836 1255954 road_revised.py Completed 27040 of 34374, 78.66%
2026-07-21 01:30:40,837 1255954 road_revised.py Completed 27050 of 34374, 78.69%
2026-07-21 01:30:41,052 1255954 road_revised.py Completed 27060 of 34374, 78.72%
2026-07-21 01:30:41,301 1255954 road_revised.py Completed 27070 of 34374, 78.75%
2026-07-21 01:30:41,548 1255954 road_revised.py Completed 27080 of 34374, 78.78%
2026-07-21 01:30:41,810 1255954 road_revised.py Completed 27090 of 34374, 78.81%
2026-07-21 01:30:42,033 1255954 road_revised.py Completed 27100 of 34374, 78.84%
2026-07-21 01:30:42,033 1255954 road_revised.py RSS checkpoint [iter1_lcp_progress_27100_of_34374]: 20.88 GB
2026-07-21 01:30:42,325 1255954 road_revised.py Completed 27110 of 34374, 78.87%
2026-07-21 01:30:42,577 1255954 road_revised.py Completed 27120 of 34374, 78.90%
2026-07-21 01:30:44,676 1255954 road_revised.py Completed 27130 of 34374, 78.93%
2026-07-21 01:30:44,679 1255954 road_revised.py Completed 27140 of 34374, 78.96%
2026-07-21 01:30:44,680 1255954 road_revised.py Completed 27150 of 34374, 78.98%
2026-07-21 01:30:44,688 1255954 road_revised.py Completed 27160 of 34374, 79.01%
2026-07-21 01:30:44,689 1255954 road_revised.py Completed 27170 of 34374, 79.04%
2026-07-21 01:30:44,743 1255954 road_revised.py Completed 27180 of 34374, 79.07%
2026-07-21 01:30:44,985 1255954 road_revised.py Completed 27190 of 34374, 79.10%
2026-07-21 01:30:45,247 1255954 road_revised.py Completed 27200 of 34374, 79.13%
2026-07-21 01:30:45,256 1255954 road_revised.py RSS checkpoint [iter1_lcp_progress_27200_of_34374]: 20.68 GB
2026-07-21 01:30:45,475 1255954 road_revised.py Completed 27210 of 34374, 79.16%
2026-07-21 01:30:45,756 1255954 road_revised.py Completed 27220 of 34374, 79.19%
2026-07-21 01:30:45,983 1255954 road_revised.py Completed 27230 of 34374, 79.22%
2026-07-21 01:30:46,229 1255954 road_revised.py Completed 27240 of 34374, 79.25%
2026-07-21 01:30:46,452 1255954 road_revised.py Completed 27250 of 34374, 79.28%
2026-07-21 01:30:46,687 1255954 road_revised.py Completed 27260 of 34374, 79.30%
2026-07-21 01:30:46,922 1255954 road_revised.py Completed 27270 of 34374, 79.33%
2026-07-21 01:30:47,173 1255954 road_revised.py Completed 27280 of 34374, 79.36%
2026-07-21 01:30:47,403 1255954 road_revised.py Completed 27290 of 34374, 79.39%
2026-07-21 01:30:50,684 1255954 road_revised.py Completed 27300 of 34374, 79.42%
2026-07-21 01:30:50,685 1255954 road_revised.py RSS checkpoint [iter1_lcp_progress_27300_of_34374]: 21.19 GB
2026-07-21 01:30:50,688 1255954 road_revised.py Completed 27310 of 34374, 79.45%
2026-07-21 01:30:50,689 1255954 road_revised.py Completed 27320 of 34374, 79.48%
2026-07-21 01:30:51,085 1255954 road_revised.py Completed 27330 of 34374, 79.51%
2026-07-21 01:30:51,086 1255954 road_revised.py Completed 27340 of 34374, 79.54%
2026-07-21 01:30:51,087 1255954 road_revised.py Completed 27350 of 34374, 79.57%
2026-07-21 01:30:51,088 1255954 road_revised.py Completed 27360 of 34374, 79.60%
2026-07-21 01:30:51,098 1255954 road_revised.py Completed 27370 of 34374, 79.62%
2026-07-21 01:30:51,099 1255954 road_revised.py Completed 27380 of 34374, 79.65%
2026-07-21 01:30:51,323 1255954 road_revised.py Completed 27390 of 34374, 79.68%
2026-07-21 01:30:51,603 1255954 road_revised.py Completed 27400 of 34374, 79.71%
2026-07-21 01:30:51,604 1255954 road_revised.py RSS checkpoint [iter1_lcp_progress_27400_of_34374]: 20.98 GB
2026-07-21 01:30:51,949 1255954 road_revised.py Completed 27410 of 34374, 79.74%
2026-07-21 01:30:52,197 1255954 road_revised.py Completed 27420 of 34374, 79.77%
2026-07-21 01:30:52,431 1255954 road_revised.py Completed 27430 of 34374, 79.80%
2026-07-21 01:30:52,750 1255954 road_revised.py Completed 27440 of 34374, 79.83%
2026-07-21 01:30:52,993 1255954 road_revised.py Completed 27450 of 34374, 79.86%
2026-07-21 01:30:53,275 1255954 road_revised.py Completed 27460 of 34374, 79.89%
2026-07-21 01:30:55,823 1255954 road_revised.py Completed 27470 of 34374, 79.92%
2026-07-21 01:30:55,862 1255954 road_revised.py Completed 27480 of 34374, 79.94%
2026-07-21 01:30:55,863 1255954 road_revised.py Completed 27490 of 34374, 79.97%
2026-07-21 01:30:55,863 1255954 road_revised.py Completed 27500 of 34374, 80.00%
2026-07-21 01:30:55,864 1255954 road_revised.py RSS checkpoint [iter1_lcp_progress_27500_of_34374]: 21.18 GB
2026-07-21 01:30:55,865 1255954 road_revised.py Completed 27510 of 34374, 80.03%
2026-07-21 01:30:55,887 1255954 road_revised.py Completed 27520 of 34374, 80.06%
2026-07-21 01:30:56,158 1255954 road_revised.py Completed 27530 of 34374, 80.09%
2026-07-21 01:30:56,463 1255954 road_revised.py Completed 27540 of 34374, 80.12%
2026-07-21 01:30:56,703 1255954 road_revised.py Completed 27550 of 34374, 80.15%
2026-07-21 01:30:56,925 1255954 road_revised.py Completed 27560 of 34374, 80.18%
2026-07-21 01:30:57,236 1255954 road_revised.py Completed 27570 of 34374, 80.21%
2026-07-21 01:30:57,441 1255954 road_revised.py Completed 27580 of 34374, 80.24%
2026-07-21 01:30:57,714 1255954 road_revised.py Completed 27590 of 34374, 80.26%
2026-07-21 01:30:58,010 1255954 road_revised.py Completed 27600 of 34374, 80.29%
2026-07-21 01:30:58,021 1255954 road_revised.py RSS checkpoint [iter1_lcp_progress_27600_of_34374]: 20.97 GB
2026-07-21 01:30:58,243 1255954 road_revised.py Completed 27610 of 34374, 80.32%
2026-07-21 01:30:58,485 1255954 road_revised.py Completed 27620 of 34374, 80.35%
2026-07-21 01:31:02,162 1255954 road_revised.py Completed 27630 of 34374, 80.38%
2026-07-21 01:31:02,518 1255954 road_revised.py Completed 27640 of 34374, 80.41%
2026-07-21 01:31:02,524 1255954 road_revised.py Completed 27650 of 34374, 80.44%
2026-07-21 01:31:02,525 1255954 road_revised.py Completed 27660 of 34374, 80.47%
2026-07-21 01:31:02,528 1255954 road_revised.py Completed 27670 of 34374, 80.50%
2026-07-21 01:31:02,529 1255954 road_revised.py Completed 27680 of 34374, 80.53%
2026-07-21 01:31:02,530 1255954 road_revised.py Completed 27690 of 34374, 80.56%
2026-07-21 01:31:02,531 1255954 road_revised.py Completed 27700 of 34374, 80.58%
2026-07-21 01:31:02,539 1255954 road_revised.py RSS checkpoint [iter1_lcp_progress_27700_of_34374]: 21.12 GB
2026-07-21 01:31:02,540 1255954 road_revised.py Completed 27710 of 34374, 80.61%
2026-07-21 01:31:02,543 1255954 road_revised.py Completed 27720 of 34374, 80.64%
2026-07-21 01:31:02,543 1255954 road_revised.py Completed 27730 of 34374, 80.67%
2026-07-21 01:31:02,736 1255954 road_revised.py Completed 27740 of 34374, 80.70%
2026-07-21 01:31:02,928 1255954 road_revised.py Completed 27750 of 34374, 80.73%
2026-07-21 01:31:03,248 1255954 road_revised.py Completed 27760 of 34374, 80.76%
2026-07-21 01:31:03,519 1255954 road_revised.py Completed 27770 of 34374, 80.79%
2026-07-21 01:31:03,791 1255954 road_revised.py Completed 27780 of 34374, 80.82%
2026-07-21 01:31:04,003 1255954 road_revised.py Completed 27790 of 34374, 80.85%
2026-07-21 01:31:06,356 1255954 road_revised.py Completed 27800 of 34374, 80.88%
2026-07-21 01:31:06,368 1255954 road_revised.py RSS checkpoint [iter1_lcp_progress_27800_of_34374]: 21.25 GB
2026-07-21 01:31:06,373 1255954 road_revised.py Completed 27810 of 34374, 80.90%
2026-07-21 01:31:06,374 1255954 road_revised.py Completed 27820 of 34374, 80.93%
2026-07-21 01:31:06,381 1255954 road_revised.py Completed 27830 of 34374, 80.96%
2026-07-21 01:31:06,382 1255954 road_revised.py Completed 27840 of 34374, 80.99%
2026-07-21 01:31:06,383 1255954 road_revised.py Completed 27850 of 34374, 81.02%
2026-07-21 01:31:06,532 1255954 road_revised.py Completed 27860 of 34374, 81.05%
2026-07-21 01:31:06,777 1255954 road_revised.py Completed 27870 of 34374, 81.08%
2026-07-21 01:31:07,023 1255954 road_revised.py Completed 27880 of 34374, 81.11%
2026-07-21 01:31:07,251 1255954 road_revised.py Completed 27890 of 34374, 81.14%
2026-07-21 01:31:07,502 1255954 road_revised.py Completed 27900 of 34374, 81.17%
2026-07-21 01:31:07,518 1255954 road_revised.py RSS checkpoint [iter1_lcp_progress_27900_of_34374]: 21.11 GB
2026-07-21 01:31:07,758 1255954 road_revised.py Completed 27910 of 34374, 81.20%
2026-07-21 01:31:08,014 1255954 road_revised.py Completed 27920 of 34374, 81.22%
2026-07-21 01:31:08,309 1255954 road_revised.py Completed 27930 of 34374, 81.25%
2026-07-21 01:31:08,617 1255954 road_revised.py Completed 27940 of 34374, 81.28%
2026-07-21 01:31:08,834 1255954 road_revised.py Completed 27950 of 34374, 81.31%
2026-07-21 01:31:09,114 1255954 road_revised.py Completed 27960 of 34374, 81.34%
2026-07-21 01:31:12,727 1255954 road_revised.py Completed 27970 of 34374, 81.37%
2026-07-21 01:31:12,760 1255954 road_revised.py Completed 27980 of 34374, 81.40%
2026-07-21 01:31:13,148 1255954 road_revised.py Completed 27990 of 34374, 81.43%
2026-07-21 01:31:13,153 1255954 road_revised.py Completed 28000 of 34374, 81.46%
2026-07-21 01:31:13,156 1255954 road_revised.py RSS checkpoint [iter1_lcp_progress_28000_of_34374]: 21.26 GB
2026-07-21 01:31:13,161 1255954 road_revised.py Completed 28010 of 34374, 81.49%
2026-07-21 01:31:13,161 1255954 road_revised.py Completed 28020 of 34374, 81.52%
2026-07-21 01:31:13,162 1255954 road_revised.py Completed 28030 of 34374, 81.54%
2026-07-21 01:31:13,163 1255954 road_revised.py Completed 28040 of 34374, 81.57%
2026-07-21 01:31:13,164 1255954 road_revised.py Completed 28050 of 34374, 81.60%
2026-07-21 01:31:13,346 1255954 road_revised.py Completed 28060 of 34374, 81.63%
2026-07-21 01:31:13,601 1255954 road_revised.py Completed 28070 of 34374, 81.66%
2026-07-21 01:31:13,862 1255954 road_revised.py Completed 28080 of 34374, 81.69%
2026-07-21 01:31:14,113 1255954 road_revised.py Completed 28090 of 34374, 81.72%
2026-07-21 01:31:14,339 1255954 road_revised.py Completed 28100 of 34374, 81.75%
2026-07-21 01:31:14,409 1255954 road_revised.py RSS checkpoint [iter1_lcp_progress_28100_of_34374]: 21.39 GB
2026-07-21 01:31:14,569 1255954 road_revised.py Completed 28110 of 34374, 81.78%
2026-07-21 01:31:14,840 1255954 road_revised.py Completed 28120 of 34374, 81.81%
2026-07-21 01:31:15,079 1255954 road_revised.py Completed 28130 of 34374, 81.84%
2026-07-21 01:31:17,300 1255954 road_revised.py Completed 28140 of 34374, 81.86%
2026-07-21 01:31:17,305 1255954 road_revised.py Completed 28150 of 34374, 81.89%
2026-07-21 01:31:17,328 1255954 road_revised.py Completed 28160 of 34374, 81.92%
2026-07-21 01:31:17,330 1255954 road_revised.py Completed 28170 of 34374, 81.95%
2026-07-21 01:31:17,332 1255954 road_revised.py Completed 28180 of 34374, 81.98%
2026-07-21 01:31:17,332 1255954 road_revised.py Completed 28190 of 34374, 82.01%
2026-07-21 01:31:17,525 1255954 road_revised.py Completed 28200 of 34374, 82.04%
2026-07-21 01:31:17,525 1255954 road_revised.py RSS checkpoint [iter1_lcp_progress_28200_of_34374]: 21.50 GB
2026-07-21 01:31:17,766 1255954 road_revised.py Completed 28210 of 34374, 82.07%
2026-07-21 01:31:17,999 1255954 road_revised.py Completed 28220 of 34374, 82.10%
2026-07-21 01:31:18,298 1255954 road_revised.py Completed 28230 of 34374, 82.13%
2026-07-21 01:31:18,554 1255954 road_revised.py Completed 28240 of 34374, 82.16%
2026-07-21 01:31:18,794 1255954 road_revised.py Completed 28250 of 34374, 82.18%
2026-07-21 01:31:19,043 1255954 road_revised.py Completed 28260 of 34374, 82.21%
2026-07-21 01:31:19,309 1255954 road_revised.py Completed 28270 of 34374, 82.24%
2026-07-21 01:31:19,491 1255954 road_revised.py Completed 28280 of 34374, 82.27%
2026-07-21 01:31:19,767 1255954 road_revised.py Completed 28290 of 34374, 82.30%
2026-07-21 01:31:23,185 1255954 road_revised.py Completed 28300 of 34374, 82.33%
2026-07-21 01:31:23,185 1255954 road_revised.py RSS checkpoint [iter1_lcp_progress_28300_of_34374]: 21.65 GB
2026-07-21 01:31:23,238 1255954 road_revised.py Completed 28310 of 34374, 82.36%
2026-07-21 01:31:23,724 1255954 road_revised.py Completed 28320 of 34374, 82.39%
2026-07-21 01:31:23,725 1255954 road_revised.py Completed 28330 of 34374, 82.42%
2026-07-21 01:31:23,726 1255954 road_revised.py Completed 28340 of 34374, 82.45%
2026-07-21 01:31:23,727 1255954 road_revised.py Completed 28350 of 34374, 82.48%
2026-07-21 01:31:23,728 1255954 road_revised.py Completed 28360 of 34374, 82.50%
2026-07-21 01:31:23,729 1255954 road_revised.py Completed 28370 of 34374, 82.53%
2026-07-21 01:31:23,737 1255954 road_revised.py Completed 28380 of 34374, 82.56%
2026-07-21 01:31:23,971 1255954 road_revised.py Completed 28390 of 34374, 82.59%
2026-07-21 01:31:24,263 1255954 road_revised.py Completed 28400 of 34374, 82.62%
2026-07-21 01:31:24,264 1255954 road_revised.py RSS checkpoint [iter1_lcp_progress_28400_of_34374]: 21.51 GB
2026-07-21 01:31:24,514 1255954 road_revised.py Completed 28410 of 34374, 82.65%
2026-07-21 01:31:24,799 1255954 road_revised.py Completed 28420 of 34374, 82.68%
2026-07-21 01:31:25,019 1255954 road_revised.py Completed 28430 of 34374, 82.71%
2026-07-21 01:31:25,266 1255954 road_revised.py Completed 28440 of 34374, 82.74%
2026-07-21 01:31:25,487 1255954 road_revised.py Completed 28450 of 34374, 82.77%
2026-07-21 01:31:25,786 1255954 road_revised.py Completed 28460 of 34374, 82.80%
2026-07-21 01:31:28,557 1255954 road_revised.py Completed 28470 of 34374, 82.82%
2026-07-21 01:31:28,561 1255954 road_revised.py Completed 28480 of 34374, 82.85%
2026-07-21 01:31:28,562 1255954 road_revised.py Completed 28490 of 34374, 82.88%
2026-07-21 01:31:28,563 1255954 road_revised.py Completed 28500 of 34374, 82.91%
2026-07-21 01:31:28,563 1255954 road_revised.py RSS checkpoint [iter1_lcp_progress_28500_of_34374]: 21.68 GB
2026-07-21 01:31:28,565 1255954 road_revised.py Completed 28510 of 34374, 82.94%
2026-07-21 01:31:28,566 1255954 road_revised.py Completed 28520 of 34374, 82.97%
2026-07-21 01:31:28,567 1255954 road_revised.py Completed 28530 of 34374, 83.00%
2026-07-21 01:31:28,735 1255954 road_revised.py Completed 28540 of 34374, 83.03%
2026-07-21 01:31:29,022 1255954 road_revised.py Completed 28550 of 34374, 83.06%
2026-07-21 01:31:29,269 1255954 road_revised.py Completed 28560 of 34374, 83.09%
2026-07-21 01:31:29,492 1255954 road_revised.py Completed 28570 of 34374, 83.12%
2026-07-21 01:31:29,693 1255954 road_revised.py Completed 28580 of 34374, 83.14%
2026-07-21 01:31:29,979 1255954 road_revised.py Completed 28590 of 34374, 83.17%
2026-07-21 01:31:30,264 1255954 road_revised.py Completed 28600 of 34374, 83.20%
2026-07-21 01:31:30,265 1255954 road_revised.py RSS checkpoint [iter1_lcp_progress_28600_of_34374]: 21.44 GB
2026-07-21 01:31:30,529 1255954 road_revised.py Completed 28610 of 34374, 83.23%
2026-07-21 01:31:30,741 1255954 road_revised.py Completed 28620 of 34374, 83.26%
2026-07-21 01:31:31,041 1255954 road_revised.py Completed 28630 of 34374, 83.29%
2026-07-21 01:31:34,453 1255954 road_revised.py Completed 28640 of 34374, 83.32%
2026-07-21 01:31:34,457 1255954 road_revised.py Completed 28650 of 34374, 83.35%
2026-07-21 01:31:34,458 1255954 road_revised.py Completed 28660 of 34374, 83.38%
2026-07-21 01:31:34,471 1255954 road_revised.py Completed 28670 of 34374, 83.41%
2026-07-21 01:31:34,472 1255954 road_revised.py Completed 28680 of 34374, 83.44%
2026-07-21 01:31:34,473 1255954 road_revised.py Completed 28690 of 34374, 83.46%
2026-07-21 01:31:34,474 1255954 road_revised.py Completed 28700 of 34374, 83.49%
2026-07-21 01:31:34,483 1255954 road_revised.py RSS checkpoint [iter1_lcp_progress_28700_of_34374]: 21.76 GB
2026-07-21 01:31:34,484 1255954 road_revised.py Completed 28710 of 34374, 83.52%
2026-07-21 01:31:34,622 1255954 road_revised.py Completed 28720 of 34374, 83.55%
2026-07-21 01:31:34,860 1255954 road_revised.py Completed 28730 of 34374, 83.58%
2026-07-21 01:31:35,134 1255954 road_revised.py Completed 28740 of 34374, 83.61%
2026-07-21 01:31:35,384 1255954 road_revised.py Completed 28750 of 34374, 83.64%
2026-07-21 01:31:35,659 1255954 road_revised.py Completed 28760 of 34374, 83.67%
2026-07-21 01:31:35,936 1255954 road_revised.py Completed 28770 of 34374, 83.70%
2026-07-21 01:31:36,227 1255954 road_revised.py Completed 28780 of 34374, 83.73%
2026-07-21 01:31:36,540 1255954 road_revised.py Completed 28790 of 34374, 83.76%
2026-07-21 01:31:36,765 1255954 road_revised.py Completed 28800 of 34374, 83.78%
2026-07-21 01:31:36,768 1255954 road_revised.py RSS checkpoint [iter1_lcp_progress_28800_of_34374]: 21.74 GB
2026-07-21 01:31:39,291 1255954 road_revised.py Completed 28810 of 34374, 83.81%
2026-07-21 01:31:39,330 1255954 road_revised.py Completed 28820 of 34374, 83.84%
2026-07-21 01:31:39,331 1255954 road_revised.py Completed 28830 of 34374, 83.87%
2026-07-21 01:31:39,336 1255954 road_revised.py Completed 28840 of 34374, 83.90%
2026-07-21 01:31:39,342 1255954 road_revised.py Completed 28850 of 34374, 83.93%
2026-07-21 01:31:39,351 1255954 road_revised.py Completed 28860 of 34374, 83.96%
2026-07-21 01:31:39,613 1255954 road_revised.py Completed 28870 of 34374, 83.99%
2026-07-21 01:31:39,895 1255954 road_revised.py Completed 28880 of 34374, 84.02%
2026-07-21 01:31:40,157 1255954 road_revised.py Completed 28890 of 34374, 84.05%
2026-07-21 01:31:40,356 1255954 road_revised.py Completed 28900 of 34374, 84.08%
2026-07-21 01:31:40,357 1255954 road_revised.py RSS checkpoint [iter1_lcp_progress_28900_of_34374]: 21.66 GB
2026-07-21 01:31:40,615 1255954 road_revised.py Completed 28910 of 34374, 84.10%
2026-07-21 01:31:40,873 1255954 road_revised.py Completed 28920 of 34374, 84.13%
2026-07-21 01:31:41,128 1255954 road_revised.py Completed 28930 of 34374, 84.16%
2026-07-21 01:31:41,345 1255954 road_revised.py Completed 28940 of 34374, 84.19%
2026-07-21 01:31:41,595 1255954 road_revised.py Completed 28950 of 34374, 84.22%
2026-07-21 01:31:41,822 1255954 road_revised.py Completed 28960 of 34374, 84.25%
2026-07-21 01:31:42,115 1255954 road_revised.py Completed 28970 of 34374, 84.28%
2026-07-21 01:31:45,390 1255954 road_revised.py Completed 28980 of 34374, 84.31%
2026-07-21 01:31:45,427 1255954 road_revised.py Completed 28990 of 34374, 84.34%
2026-07-21 01:31:45,429 1255954 road_revised.py Completed 29000 of 34374, 84.37%
2026-07-21 01:31:45,430 1255954 road_revised.py RSS checkpoint [iter1_lcp_progress_29000_of_34374]: 21.94 GB
2026-07-21 01:31:45,432 1255954 road_revised.py Completed 29010 of 34374, 84.40%
2026-07-21 01:31:45,792 1255954 road_revised.py Completed 29020 of 34374, 84.42%
2026-07-21 01:31:45,793 1255954 road_revised.py Completed 29030 of 34374, 84.45%
2026-07-21 01:31:45,796 1255954 road_revised.py Completed 29040 of 34374, 84.48%
2026-07-21 01:31:45,797 1255954 road_revised.py Completed 29050 of 34374, 84.51%
2026-07-21 01:31:45,798 1255954 road_revised.py Completed 29060 of 34374, 84.54%
2026-07-21 01:31:45,989 1255954 road_revised.py Completed 29070 of 34374, 84.57%
2026-07-21 01:31:46,208 1255954 road_revised.py Completed 29080 of 34374, 84.60%
2026-07-21 01:31:46,410 1255954 road_revised.py Completed 29090 of 34374, 84.63%
2026-07-21 01:31:46,689 1255954 road_revised.py Completed 29100 of 34374, 84.66%
2026-07-21 01:31:46,690 1255954 road_revised.py RSS checkpoint [iter1_lcp_progress_29100_of_34374]: 21.89 GB
2026-07-21 01:31:46,931 1255954 road_revised.py Completed 29110 of 34374, 84.69%
2026-07-21 01:31:47,187 1255954 road_revised.py Completed 29120 of 34374, 84.72%
2026-07-21 01:31:47,372 1255954 road_revised.py Completed 29130 of 34374, 84.74%
2026-07-21 01:31:49,465 1255954 road_revised.py Completed 29140 of 34374, 84.77%
2026-07-21 01:31:49,472 1255954 road_revised.py Completed 29150 of 34374, 84.80%
2026-07-21 01:31:49,525 1255954 road_revised.py Completed 29160 of 34374, 84.83%
2026-07-21 01:31:49,527 1255954 road_revised.py Completed 29170 of 34374, 84.86%
2026-07-21 01:31:49,529 1255954 road_revised.py Completed 29180 of 34374, 84.89%
2026-07-21 01:31:49,684 1255954 road_revised.py Completed 29190 of 34374, 84.92%
2026-07-21 01:31:49,996 1255954 road_revised.py Completed 29200 of 34374, 84.95%
2026-07-21 01:31:50,006 1255954 road_revised.py RSS checkpoint [iter1_lcp_progress_29200_of_34374]: 21.81 GB
2026-07-21 01:31:50,283 1255954 road_revised.py Completed 29210 of 34374, 84.98%
2026-07-21 01:31:50,575 1255954 road_revised.py Completed 29220 of 34374, 85.01%
2026-07-21 01:31:50,858 1255954 road_revised.py Completed 29230 of 34374, 85.04%
2026-07-21 01:31:51,155 1255954 road_revised.py Completed 29240 of 34374, 85.06%
2026-07-21 01:31:51,394 1255954 road_revised.py Completed 29250 of 34374, 85.09%
2026-07-21 01:31:51,670 1255954 road_revised.py Completed 29260 of 34374, 85.12%
2026-07-21 01:31:51,901 1255954 road_revised.py Completed 29270 of 34374, 85.15%
2026-07-21 01:31:52,184 1255954 road_revised.py Completed 29280 of 34374, 85.18%
2026-07-21 01:31:52,429 1255954 road_revised.py Completed 29290 of 34374, 85.21%
2026-07-21 01:31:52,710 1255954 road_revised.py Completed 29300 of 34374, 85.24%
2026-07-21 01:31:52,710 1255954 road_revised.py RSS checkpoint [iter1_lcp_progress_29300_of_34374]: 22.00 GB
2026-07-21 01:31:56,447 1255954 road_revised.py Completed 29310 of 34374, 85.27%
2026-07-21 01:31:56,452 1255954 road_revised.py Completed 29320 of 34374, 85.30%
2026-07-21 01:31:56,456 1255954 road_revised.py Completed 29330 of 34374, 85.33%
2026-07-21 01:31:56,802 1255954 road_revised.py Completed 29340 of 34374, 85.36%
2026-07-21 01:31:56,804 1255954 road_revised.py Completed 29350 of 34374, 85.38%
2026-07-21 01:31:56,804 1255954 road_revised.py Completed 29360 of 34374, 85.41%
2026-07-21 01:31:56,806 1255954 road_revised.py Completed 29370 of 34374, 85.44%
2026-07-21 01:31:56,813 1255954 road_revised.py Completed 29380 of 34374, 85.47%
2026-07-21 01:31:56,816 1255954 road_revised.py Completed 29390 of 34374, 85.50%
2026-07-21 01:31:56,817 1255954 road_revised.py Completed 29400 of 34374, 85.53%
2026-07-21 01:31:56,822 1255954 road_revised.py RSS checkpoint [iter1_lcp_progress_29400_of_34374]: 22.31 GB
2026-07-21 01:31:57,071 1255954 road_revised.py Completed 29410 of 34374, 85.56%
2026-07-21 01:31:57,313 1255954 road_revised.py Completed 29420 of 34374, 85.59%
2026-07-21 01:31:57,531 1255954 road_revised.py Completed 29430 of 34374, 85.62%
2026-07-21 01:31:57,819 1255954 road_revised.py Completed 29440 of 34374, 85.65%
2026-07-21 01:31:58,024 1255954 road_revised.py Completed 29450 of 34374, 85.68%
2026-07-21 01:31:58,299 1255954 road_revised.py Completed 29460 of 34374, 85.70%
2026-07-21 01:31:58,543 1255954 road_revised.py Completed 29470 of 34374, 85.73%
2026-07-21 01:32:00,596 1255954 road_revised.py Completed 29480 of 34374, 85.76%
2026-07-21 01:32:00,613 1255954 road_revised.py Completed 29490 of 34374, 85.79%
2026-07-21 01:32:00,641 1255954 road_revised.py Completed 29500 of 34374, 85.82%
2026-07-21 01:32:00,641 1255954 road_revised.py RSS checkpoint [iter1_lcp_progress_29500_of_34374]: 22.47 GB
2026-07-21 01:32:00,642 1255954 road_revised.py Completed 29510 of 34374, 85.85%
2026-07-21 01:32:00,643 1255954 road_revised.py Completed 29520 of 34374, 85.88%
2026-07-21 01:32:00,818 1255954 road_revised.py Completed 29530 of 34374, 85.91%
2026-07-21 01:32:01,084 1255954 road_revised.py Completed 29540 of 34374, 85.94%
2026-07-21 01:32:01,325 1255954 road_revised.py Completed 29550 of 34374, 85.97%
2026-07-21 01:32:01,547 1255954 road_revised.py Completed 29560 of 34374, 86.00%
2026-07-21 01:32:01,799 1255954 road_revised.py Completed 29570 of 34374, 86.02%
2026-07-21 01:32:02,027 1255954 road_revised.py Completed 29580 of 34374, 86.05%
2026-07-21 01:32:02,321 1255954 road_revised.py Completed 29590 of 34374, 86.08%
2026-07-21 01:32:02,553 1255954 road_revised.py Completed 29600 of 34374, 86.11%
2026-07-21 01:32:02,554 1255954 road_revised.py RSS checkpoint [iter1_lcp_progress_29600_of_34374]: 22.40 GB
2026-07-21 01:32:02,816 1255954 road_revised.py Completed 29610 of 34374, 86.14%
2026-07-21 01:32:03,021 1255954 road_revised.py Completed 29620 of 34374, 86.17%
2026-07-21 01:32:03,259 1255954 road_revised.py Completed 29630 of 34374, 86.20%
2026-07-21 01:32:03,531 1255954 road_revised.py Completed 29640 of 34374, 86.23%
2026-07-21 01:32:07,103 1255954 road_revised.py Completed 29650 of 34374, 86.26%
2026-07-21 01:32:07,104 1255954 road_revised.py Completed 29660 of 34374, 86.29%
2026-07-21 01:32:07,105 1255954 road_revised.py Completed 29670 of 34374, 86.32%
2026-07-21 01:32:07,485 1255954 road_revised.py Completed 29680 of 34374, 86.34%
2026-07-21 01:32:07,486 1255954 road_revised.py Completed 29690 of 34374, 86.37%
2026-07-21 01:32:07,487 1255954 road_revised.py Completed 29700 of 34374, 86.40%
2026-07-21 01:32:07,496 1255954 road_revised.py RSS checkpoint [iter1_lcp_progress_29700_of_34374]: 22.38 GB
2026-07-21 01:32:07,499 1255954 road_revised.py Completed 29710 of 34374, 86.43%
2026-07-21 01:32:07,500 1255954 road_revised.py Completed 29720 of 34374, 86.46%
2026-07-21 01:32:07,660 1255954 road_revised.py Completed 29730 of 34374, 86.49%
2026-07-21 01:32:07,957 1255954 road_revised.py Completed 29740 of 34374, 86.52%
2026-07-21 01:32:08,220 1255954 road_revised.py Completed 29750 of 34374, 86.55%
2026-07-21 01:32:08,435 1255954 road_revised.py Completed 29760 of 34374, 86.58%
2026-07-21 01:32:08,727 1255954 road_revised.py Completed 29770 of 34374, 86.61%
2026-07-21 01:32:08,975 1255954 road_revised.py Completed 29780 of 34374, 86.64%
2026-07-21 01:32:09,260 1255954 road_revised.py Completed 29790 of 34374, 86.66%
2026-07-21 01:32:09,489 1255954 road_revised.py Completed 29800 of 34374, 86.69%
2026-07-21 01:32:09,490 1255954 road_revised.py RSS checkpoint [iter1_lcp_progress_29800_of_34374]: 22.61 GB
2026-07-21 01:32:12,235 1255954 road_revised.py Completed 29810 of 34374, 86.72%
2026-07-21 01:32:12,273 1255954 road_revised.py Completed 29820 of 34374, 86.75%
2026-07-21 01:32:12,275 1255954 road_revised.py Completed 29830 of 34374, 86.78%
2026-07-21 01:32:12,276 1255954 road_revised.py Completed 29840 of 34374, 86.81%
2026-07-21 01:32:12,277 1255954 road_revised.py Completed 29850 of 34374, 86.84%
2026-07-21 01:32:12,278 1255954 road_revised.py Completed 29860 of 34374, 86.87%
2026-07-21 01:32:12,292 1255954 road_revised.py Completed 29870 of 34374, 86.90%
2026-07-21 01:32:12,551 1255954 road_revised.py Completed 29880 of 34374, 86.93%
2026-07-21 01:32:12,778 1255954 road_revised.py Completed 29890 of 34374, 86.96%
2026-07-21 01:32:13,026 1255954 road_revised.py Completed 29900 of 34374, 86.98%
2026-07-21 01:32:13,026 1255954 road_revised.py RSS checkpoint [iter1_lcp_progress_29900_of_34374]: 22.28 GB
2026-07-21 01:32:13,305 1255954 road_revised.py Completed 29910 of 34374, 87.01%
2026-07-21 01:32:13,555 1255954 road_revised.py Completed 29920 of 34374, 87.04%
2026-07-21 01:32:13,792 1255954 road_revised.py Completed 29930 of 34374, 87.07%
2026-07-21 01:32:13,983 1255954 road_revised.py Completed 29940 of 34374, 87.10%
2026-07-21 01:32:14,247 1255954 road_revised.py Completed 29950 of 34374, 87.13%
2026-07-21 01:32:14,496 1255954 road_revised.py Completed 29960 of 34374, 87.16%
2026-07-21 01:32:14,784 1255954 road_revised.py Completed 29970 of 34374, 87.19%
2026-07-21 01:32:18,142 1255954 road_revised.py Completed 29980 of 34374, 87.22%
2026-07-21 01:32:18,702 1255954 road_revised.py Completed 29990 of 34374, 87.25%
2026-07-21 01:32:18,705 1255954 road_revised.py Completed 30000 of 34374, 87.28%
2026-07-21 01:32:18,705 1255954 road_revised.py RSS checkpoint [iter1_lcp_progress_30000_of_34374]: 22.31 GB
2026-07-21 01:32:18,706 1255954 road_revised.py Completed 30010 of 34374, 87.30%
2026-07-21 01:32:18,708 1255954 road_revised.py Completed 30020 of 34374, 87.33%
2026-07-21 01:32:18,708 1255954 road_revised.py Completed 30030 of 34374, 87.36%
2026-07-21 01:32:18,709 1255954 road_revised.py Completed 30040 of 34374, 87.39%
2026-07-21 01:32:18,711 1255954 road_revised.py Completed 30050 of 34374, 87.42%
2026-07-21 01:32:18,711 1255954 road_revised.py Completed 30060 of 34374, 87.45%
2026-07-21 01:32:18,723 1255954 road_revised.py Completed 30070 of 34374, 87.48%
2026-07-21 01:32:18,935 1255954 road_revised.py Completed 30080 of 34374, 87.51%
2026-07-21 01:32:19,198 1255954 road_revised.py Completed 30090 of 34374, 87.54%
2026-07-21 01:32:19,467 1255954 road_revised.py Completed 30100 of 34374, 87.57%
2026-07-21 01:32:19,467 1255954 road_revised.py RSS checkpoint [iter1_lcp_progress_30100_of_34374]: 22.41 GB
2026-07-21 01:32:19,686 1255954 road_revised.py Completed 30110 of 34374, 87.60%
2026-07-21 01:32:19,931 1255954 road_revised.py Completed 30120 of 34374, 87.62%
2026-07-21 01:32:20,184 1255954 road_revised.py Completed 30130 of 34374, 87.65%
2026-07-21 01:32:20,399 1255954 road_revised.py Completed 30140 of 34374, 87.68%
2026-07-21 01:32:22,718 1255954 road_revised.py Completed 30150 of 34374, 87.71%
2026-07-21 01:32:22,771 1255954 road_revised.py Completed 30160 of 34374, 87.74%
2026-07-21 01:32:22,772 1255954 road_revised.py Completed 30170 of 34374, 87.77%
2026-07-21 01:32:22,772 1255954 road_revised.py Completed 30180 of 34374, 87.80%
2026-07-21 01:32:22,774 1255954 road_revised.py Completed 30190 of 34374, 87.83%
2026-07-21 01:32:22,992 1255954 road_revised.py Completed 30200 of 34374, 87.86%
2026-07-21 01:32:22,992 1255954 road_revised.py RSS checkpoint [iter1_lcp_progress_30200_of_34374]: 22.28 GB
2026-07-21 01:32:23,249 1255954 road_revised.py Completed 30210 of 34374, 87.89%
2026-07-21 01:32:23,552 1255954 road_revised.py Completed 30220 of 34374, 87.92%
2026-07-21 01:32:23,849 1255954 road_revised.py Completed 30230 of 34374, 87.94%
2026-07-21 01:32:24,091 1255954 road_revised.py Completed 30240 of 34374, 87.97%
2026-07-21 01:32:24,367 1255954 road_revised.py Completed 30250 of 34374, 88.00%
2026-07-21 01:32:24,639 1255954 road_revised.py Completed 30260 of 34374, 88.03%
2026-07-21 01:32:24,904 1255954 road_revised.py Completed 30270 of 34374, 88.06%
2026-07-21 01:32:25,177 1255954 road_revised.py Completed 30280 of 34374, 88.09%
2026-07-21 01:32:25,468 1255954 road_revised.py Completed 30290 of 34374, 88.12%
2026-07-21 01:32:25,729 1255954 road_revised.py Completed 30300 of 34374, 88.15%
2026-07-21 01:32:25,730 1255954 road_revised.py RSS checkpoint [iter1_lcp_progress_30300_of_34374]: 22.49 GB
2026-07-21 01:32:25,921 1255954 road_revised.py Completed 30310 of 34374, 88.18%
2026-07-21 01:32:30,323 1255954 road_revised.py Completed 30320 of 34374, 88.21%
2026-07-21 01:32:30,324 1255954 road_revised.py Completed 30330 of 34374, 88.24%
2026-07-21 01:32:30,325 1255954 road_revised.py Completed 30340 of 34374, 88.26%
2026-07-21 01:32:30,327 1255954 road_revised.py Completed 30350 of 34374, 88.29%
2026-07-21 01:32:30,328 1255954 road_revised.py Completed 30360 of 34374, 88.32%
2026-07-21 01:32:30,329 1255954 road_revised.py Completed 30370 of 34374, 88.35%
2026-07-21 01:32:30,330 1255954 road_revised.py Completed 30380 of 34374, 88.38%
2026-07-21 01:32:30,331 1255954 road_revised.py Completed 30390 of 34374, 88.41%
2026-07-21 01:32:30,332 1255954 road_revised.py Completed 30400 of 34374, 88.44%
2026-07-21 01:32:30,340 1255954 road_revised.py RSS checkpoint [iter1_lcp_progress_30400_of_34374]: 23.01 GB
2026-07-21 01:32:30,420 1255954 road_revised.py Completed 30410 of 34374, 88.47%
2026-07-21 01:32:30,731 1255954 road_revised.py Completed 30420 of 34374, 88.50%
2026-07-21 01:32:31,006 1255954 road_revised.py Completed 30430 of 34374, 88.53%
2026-07-21 01:32:31,276 1255954 road_revised.py Completed 30440 of 34374, 88.56%
2026-07-21 01:32:31,518 1255954 road_revised.py Completed 30450 of 34374, 88.58%
2026-07-21 01:32:31,778 1255954 road_revised.py Completed 30460 of 34374, 88.61%
2026-07-21 01:32:32,021 1255954 road_revised.py Completed 30470 of 34374, 88.64%
2026-07-21 01:32:34,329 1255954 road_revised.py Completed 30480 of 34374, 88.67%
2026-07-21 01:32:34,335 1255954 road_revised.py Completed 30490 of 34374, 88.70%
2026-07-21 01:32:34,336 1255954 road_revised.py Completed 30500 of 34374, 88.73%
2026-07-21 01:32:34,341 1255954 road_revised.py RSS checkpoint [iter1_lcp_progress_30500_of_34374]: 22.86 GB
2026-07-21 01:32:34,361 1255954 road_revised.py Completed 30510 of 34374, 88.76%
2026-07-21 01:32:34,367 1255954 road_revised.py Completed 30520 of 34374, 88.79%
2026-07-21 01:32:34,368 1255954 road_revised.py Completed 30530 of 34374, 88.82%
2026-07-21 01:32:34,463 1255954 road_revised.py Completed 30540 of 34374, 88.85%
2026-07-21 01:32:34,739 1255954 road_revised.py Completed 30550 of 34374, 88.88%
2026-07-21 01:32:34,931 1255954 road_revised.py Completed 30560 of 34374, 88.90%
2026-07-21 01:32:35,249 1255954 road_revised.py Completed 30570 of 34374, 88.93%
2026-07-21 01:32:35,518 1255954 road_revised.py Completed 30580 of 34374, 88.96%
2026-07-21 01:32:35,769 1255954 road_revised.py Completed 30590 of 34374, 88.99%
2026-07-21 01:32:36,008 1255954 road_revised.py Completed 30600 of 34374, 89.02%
2026-07-21 01:32:36,009 1255954 road_revised.py RSS checkpoint [iter1_lcp_progress_30600_of_34374]: 22.73 GB
2026-07-21 01:32:36,252 1255954 road_revised.py Completed 30610 of 34374, 89.05%
2026-07-21 01:32:36,488 1255954 road_revised.py Completed 30620 of 34374, 89.08%
2026-07-21 01:32:36,711 1255954 road_revised.py Completed 30630 of 34374, 89.11%
2026-07-21 01:32:36,926 1255954 road_revised.py Completed 30640 of 34374, 89.14%
2026-07-21 01:32:39,931 1255954 road_revised.py Completed 30650 of 34374, 89.17%
2026-07-21 01:32:39,974 1255954 road_revised.py Completed 30660 of 34374, 89.20%
2026-07-21 01:32:40,026 1255954 road_revised.py Completed 30670 of 34374, 89.22%
2026-07-21 01:32:40,027 1255954 road_revised.py Completed 30680 of 34374, 89.25%
2026-07-21 01:32:40,030 1255954 road_revised.py Completed 30690 of 34374, 89.28%
2026-07-21 01:32:40,044 1255954 road_revised.py Completed 30700 of 34374, 89.31%
2026-07-21 01:32:40,044 1255954 road_revised.py RSS checkpoint [iter1_lcp_progress_30700_of_34374]: 22.74 GB
2026-07-21 01:32:40,045 1255954 road_revised.py Completed 30710 of 34374, 89.34%
2026-07-21 01:32:40,452 1255954 road_revised.py Completed 30720 of 34374, 89.37%
2026-07-21 01:32:40,516 1255954 road_revised.py Completed 30730 of 34374, 89.40%
2026-07-21 01:32:40,838 1255954 road_revised.py Completed 30740 of 34374, 89.43%
2026-07-21 01:32:41,163 1255954 road_revised.py Completed 30750 of 34374, 89.46%
2026-07-21 01:32:41,481 1255954 road_revised.py Completed 30760 of 34374, 89.49%
2026-07-21 01:32:41,724 1255954 road_revised.py Completed 30770 of 34374, 89.52%
2026-07-21 01:32:42,016 1255954 road_revised.py Completed 30780 of 34374, 89.54%
2026-07-21 01:32:42,333 1255954 road_revised.py Completed 30790 of 34374, 89.57%
2026-07-21 01:32:42,625 1255954 road_revised.py Completed 30800 of 34374, 89.60%
2026-07-21 01:32:42,626 1255954 road_revised.py RSS checkpoint [iter1_lcp_progress_30800_of_34374]: 22.98 GB
2026-07-21 01:32:42,909 1255954 road_revised.py Completed 30810 of 34374, 89.63%
2026-07-21 01:32:45,830 1255954 road_revised.py Completed 30820 of 34374, 89.66%
2026-07-21 01:32:45,862 1255954 road_revised.py Completed 30830 of 34374, 89.69%
2026-07-21 01:32:45,866 1255954 road_revised.py Completed 30840 of 34374, 89.72%
2026-07-21 01:32:45,867 1255954 road_revised.py Completed 30850 of 34374, 89.75%
2026-07-21 01:32:45,870 1255954 road_revised.py Completed 30860 of 34374, 89.78%
2026-07-21 01:32:45,870 1255954 road_revised.py Completed 30870 of 34374, 89.81%
2026-07-21 01:32:45,901 1255954 road_revised.py Completed 30880 of 34374, 89.84%
2026-07-21 01:32:46,147 1255954 road_revised.py Completed 30890 of 34374, 89.86%
2026-07-21 01:32:46,423 1255954 road_revised.py Completed 30900 of 34374, 89.89%
2026-07-21 01:32:46,423 1255954 road_revised.py RSS checkpoint [iter1_lcp_progress_30900_of_34374]: 23.13 GB
2026-07-21 01:32:46,676 1255954 road_revised.py Completed 30910 of 34374, 89.92%
2026-07-21 01:32:46,945 1255954 road_revised.py Completed 30920 of 34374, 89.95%
2026-07-21 01:32:47,226 1255954 road_revised.py Completed 30930 of 34374, 89.98%
2026-07-21 01:32:47,496 1255954 road_revised.py Completed 30940 of 34374, 90.01%
2026-07-21 01:32:47,700 1255954 road_revised.py Completed 30950 of 34374, 90.04%
2026-07-21 01:32:47,946 1255954 road_revised.py Completed 30960 of 34374, 90.07%
2026-07-21 01:32:48,152 1255954 road_revised.py Completed 30970 of 34374, 90.10%
2026-07-21 01:32:48,392 1255954 road_revised.py Completed 30980 of 34374, 90.13%
2026-07-21 01:32:51,913 1255954 road_revised.py Completed 30990 of 34374, 90.16%
2026-07-21 01:32:51,959 1255954 road_revised.py Completed 31000 of 34374, 90.18%
2026-07-21 01:32:51,968 1255954 road_revised.py RSS checkpoint [iter1_lcp_progress_31000_of_34374]: 23.35 GB
2026-07-21 01:32:51,970 1255954 road_revised.py Completed 31010 of 34374, 90.21%
2026-07-21 01:32:51,971 1255954 road_revised.py Completed 31020 of 34374, 90.24%
2026-07-21 01:32:52,396 1255954 road_revised.py Completed 31030 of 34374, 90.27%
2026-07-21 01:32:52,398 1255954 road_revised.py Completed 31040 of 34374, 90.30%
2026-07-21 01:32:52,399 1255954 road_revised.py Completed 31050 of 34374, 90.33%
2026-07-21 01:32:52,405 1255954 road_revised.py Completed 31060 of 34374, 90.36%
2026-07-21 01:32:52,406 1255954 road_revised.py Completed 31070 of 34374, 90.39%
2026-07-21 01:32:52,407 1255954 road_revised.py Completed 31080 of 34374, 90.42%
2026-07-21 01:32:52,604 1255954 road_revised.py Completed 31090 of 34374, 90.45%
2026-07-21 01:32:52,860 1255954 road_revised.py Completed 31100 of 34374, 90.48%
2026-07-21 01:32:52,860 1255954 road_revised.py RSS checkpoint [iter1_lcp_progress_31100_of_34374]: 23.18 GB
2026-07-21 01:32:53,142 1255954 road_revised.py Completed 31110 of 34374, 90.50%
2026-07-21 01:32:53,370 1255954 road_revised.py Completed 31120 of 34374, 90.53%
2026-07-21 01:32:53,595 1255954 road_revised.py Completed 31130 of 34374, 90.56%
2026-07-21 01:32:53,936 1255954 road_revised.py Completed 31140 of 34374, 90.59%
2026-07-21 01:32:56,538 1255954 road_revised.py Completed 31150 of 34374, 90.62%
2026-07-21 01:32:56,544 1255954 road_revised.py Completed 31160 of 34374, 90.65%
2026-07-21 01:32:56,545 1255954 road_revised.py Completed 31170 of 34374, 90.68%
2026-07-21 01:32:56,584 1255954 road_revised.py Completed 31180 of 34374, 90.71%
2026-07-21 01:32:56,585 1255954 road_revised.py Completed 31190 of 34374, 90.74%
2026-07-21 01:32:56,682 1255954 road_revised.py Completed 31200 of 34374, 90.77%
2026-07-21 01:32:56,683 1255954 road_revised.py RSS checkpoint [iter1_lcp_progress_31200_of_34374]: 23.41 GB
2026-07-21 01:32:56,982 1255954 road_revised.py Completed 31210 of 34374, 90.80%
2026-07-21 01:32:57,256 1255954 road_revised.py Completed 31220 of 34374, 90.82%
2026-07-21 01:32:57,540 1255954 road_revised.py Completed 31230 of 34374, 90.85%
2026-07-21 01:32:57,762 1255954 road_revised.py Completed 31240 of 34374, 90.88%
2026-07-21 01:32:57,966 1255954 road_revised.py Completed 31250 of 34374, 90.91%
2026-07-21 01:32:58,141 1255954 road_revised.py Completed 31260 of 34374, 90.94%
2026-07-21 01:32:58,327 1255954 road_revised.py Completed 31270 of 34374, 90.97%
2026-07-21 01:32:58,589 1255954 road_revised.py Completed 31280 of 34374, 91.00%
2026-07-21 01:32:58,756 1255954 road_revised.py Completed 31290 of 34374, 91.03%
2026-07-21 01:32:58,969 1255954 road_revised.py Completed 31300 of 34374, 91.06%
2026-07-21 01:32:58,970 1255954 road_revised.py RSS checkpoint [iter1_lcp_progress_31300_of_34374]: 23.27 GB
2026-07-21 01:32:59,211 1255954 road_revised.py Completed 31310 of 34374, 91.09%
2026-07-21 01:32:59,395 1255954 road_revised.py Completed 31320 of 34374, 91.12%
2026-07-21 01:32:59,648 1255954 road_revised.py Completed 31330 of 34374, 91.14%
2026-07-21 01:32:59,853 1255954 road_revised.py Completed 31340 of 34374, 91.17%
2026-07-21 01:33:00,051 1255954 road_revised.py Completed 31350 of 34374, 91.20%
2026-07-21 01:33:00,256 1255954 road_revised.py Completed 31360 of 34374, 91.23%
2026-07-21 01:33:00,434 1255954 road_revised.py Completed 31370 of 34374, 91.26%
2026-07-21 01:33:00,667 1255954 road_revised.py Completed 31380 of 34374, 91.29%
2026-07-21 01:33:00,879 1255954 road_revised.py Completed 31390 of 34374, 91.32%
2026-07-21 01:33:01,091 1255954 road_revised.py Completed 31400 of 34374, 91.35%
2026-07-21 01:33:01,091 1255954 road_revised.py RSS checkpoint [iter1_lcp_progress_31400_of_34374]: 23.33 GB
2026-07-21 01:33:05,100 1255954 road_revised.py Completed 31410 of 34374, 91.38%
2026-07-21 01:33:05,101 1255954 road_revised.py Completed 31420 of 34374, 91.41%
2026-07-21 01:33:05,105 1255954 road_revised.py Completed 31430 of 34374, 91.44%
2026-07-21 01:33:05,145 1255954 road_revised.py Completed 31440 of 34374, 91.46%
2026-07-21 01:33:05,147 1255954 road_revised.py Completed 31450 of 34374, 91.49%
2026-07-21 01:33:05,148 1255954 road_revised.py Completed 31460 of 34374, 91.52%
2026-07-21 01:33:05,148 1255954 road_revised.py Completed 31470 of 34374, 91.55%
2026-07-21 01:33:05,149 1255954 road_revised.py Completed 31480 of 34374, 91.58%
2026-07-21 01:33:05,149 1255954 road_revised.py Completed 31490 of 34374, 91.61%
2026-07-21 01:33:05,150 1255954 road_revised.py Completed 31500 of 34374, 91.64%
2026-07-21 01:33:05,152 1255954 road_revised.py RSS checkpoint [iter1_lcp_progress_31500_of_34374]: 23.59 GB
2026-07-21 01:33:05,153 1255954 road_revised.py Completed 31510 of 34374, 91.67%
2026-07-21 01:33:05,154 1255954 road_revised.py Completed 31520 of 34374, 91.70%
2026-07-21 01:33:05,154 1255954 road_revised.py Completed 31530 of 34374, 91.73%
2026-07-21 01:33:05,167 1255954 road_revised.py Completed 31540 of 34374, 91.76%
2026-07-21 01:33:05,389 1255954 road_revised.py Completed 31550 of 34374, 91.78%
2026-07-21 01:33:05,978 1255954 road_revised.py Completed 31560 of 34374, 91.81%
2026-07-21 01:33:06,182 1255954 road_revised.py Completed 31570 of 34374, 91.84%
2026-07-21 01:33:06,464 1255954 road_revised.py Completed 31580 of 34374, 91.87%
2026-07-21 01:33:06,583 1255954 road_revised.py Completed 31590 of 34374, 91.90%
2026-07-21 01:33:06,833 1255954 road_revised.py Completed 31600 of 34374, 91.93%
2026-07-21 01:33:06,834 1255954 road_revised.py RSS checkpoint [iter1_lcp_progress_31600_of_34374]: 23.32 GB
2026-07-21 01:33:07,010 1255954 road_revised.py Completed 31610 of 34374, 91.96%
2026-07-21 01:33:07,169 1255954 road_revised.py Completed 31620 of 34374, 91.99%
2026-07-21 01:33:07,316 1255954 road_revised.py Completed 31630 of 34374, 92.02%
2026-07-21 01:33:07,573 1255954 road_revised.py Completed 31640 of 34374, 92.05%
2026-07-21 01:33:07,801 1255954 road_revised.py Completed 31650 of 34374, 92.08%
2026-07-21 01:33:07,973 1255954 road_revised.py Completed 31660 of 34374, 92.10%
2026-07-21 01:33:08,207 1255954 road_revised.py Completed 31670 of 34374, 92.13%
2026-07-21 01:33:08,452 1255954 road_revised.py Completed 31680 of 34374, 92.16%
2026-07-21 01:33:08,604 1255954 road_revised.py Completed 31690 of 34374, 92.19%
2026-07-21 01:33:08,763 1255954 road_revised.py Completed 31700 of 34374, 92.22%
2026-07-21 01:33:08,781 1255954 road_revised.py RSS checkpoint [iter1_lcp_progress_31700_of_34374]: 23.42 GB
2026-07-21 01:33:08,953 1255954 road_revised.py Completed 31710 of 34374, 92.25%
2026-07-21 01:33:09,142 1255954 road_revised.py Completed 31720 of 34374, 92.28%
2026-07-21 01:33:09,367 1255954 road_revised.py Completed 31730 of 34374, 92.31%
2026-07-21 01:33:09,580 1255954 road_revised.py Completed 31740 of 34374, 92.34%
2026-07-21 01:33:09,752 1255954 road_revised.py Completed 31750 of 34374, 92.37%
2026-07-21 01:33:09,964 1255954 road_revised.py Completed 31760 of 34374, 92.40%
2026-07-21 01:33:12,641 1255954 road_revised.py Completed 31770 of 34374, 92.42%
2026-07-21 01:33:12,646 1255954 road_revised.py Completed 31780 of 34374, 92.45%
2026-07-21 01:33:12,651 1255954 road_revised.py Completed 31790 of 34374, 92.48%
2026-07-21 01:33:12,652 1255954 road_revised.py Completed 31800 of 34374, 92.51%
2026-07-21 01:33:12,652 1255954 road_revised.py RSS checkpoint [iter1_lcp_progress_31800_of_34374]: 23.61 GB
2026-07-21 01:33:12,653 1255954 road_revised.py Completed 31810 of 34374, 92.54%
2026-07-21 01:33:12,653 1255954 road_revised.py Completed 31820 of 34374, 92.57%
2026-07-21 01:33:12,675 1255954 road_revised.py Completed 31830 of 34374, 92.60%
2026-07-21 01:33:12,687 1255954 road_revised.py Completed 31840 of 34374, 92.63%
2026-07-21 01:33:12,921 1255954 road_revised.py Completed 31850 of 34374, 92.66%
2026-07-21 01:33:13,146 1255954 road_revised.py Completed 31860 of 34374, 92.69%
2026-07-21 01:33:13,400 1255954 road_revised.py Completed 31870 of 34374, 92.72%
2026-07-21 01:33:13,534 1255954 road_revised.py Completed 31880 of 34374, 92.74%
2026-07-21 01:33:13,747 1255954 road_revised.py Completed 31890 of 34374, 92.77%
2026-07-21 01:33:13,997 1255954 road_revised.py Completed 31900 of 34374, 92.80%
2026-07-21 01:33:13,997 1255954 road_revised.py RSS checkpoint [iter1_lcp_progress_31900_of_34374]: 23.33 GB
2026-07-21 01:33:14,223 1255954 road_revised.py Completed 31910 of 34374, 92.83%
2026-07-21 01:33:14,426 1255954 road_revised.py Completed 31920 of 34374, 92.86%
2026-07-21 01:33:14,619 1255954 road_revised.py Completed 31930 of 34374, 92.89%
2026-07-21 01:33:14,828 1255954 road_revised.py Completed 31940 of 34374, 92.92%
2026-07-21 01:33:14,973 1255954 road_revised.py Completed 31950 of 34374, 92.95%
2026-07-21 01:33:15,216 1255954 road_revised.py Completed 31960 of 34374, 92.98%
2026-07-21 01:33:15,440 1255954 road_revised.py Completed 31970 of 34374, 93.01%
2026-07-21 01:33:15,632 1255954 road_revised.py Completed 31980 of 34374, 93.04%
2026-07-21 01:33:15,866 1255954 road_revised.py Completed 31990 of 34374, 93.06%
2026-07-21 01:33:16,090 1255954 road_revised.py Completed 32000 of 34374, 93.09%
2026-07-21 01:33:16,090 1255954 road_revised.py RSS checkpoint [iter1_lcp_progress_32000_of_34374]: 23.40 GB
2026-07-21 01:33:16,371 1255954 road_revised.py Completed 32010 of 34374, 93.12%
2026-07-21 01:33:16,518 1255954 road_revised.py Completed 32020 of 34374, 93.15%
2026-07-21 01:33:16,698 1255954 road_revised.py Completed 32030 of 34374, 93.18%
2026-07-21 01:33:16,833 1255954 road_revised.py Completed 32040 of 34374, 93.21%
2026-07-21 01:33:17,047 1255954 road_revised.py Completed 32050 of 34374, 93.24%
2026-07-21 01:33:17,245 1255954 road_revised.py Completed 32060 of 34374, 93.27%
2026-07-21 01:33:17,454 1255954 road_revised.py Completed 32070 of 34374, 93.30%
2026-07-21 01:33:17,694 1255954 road_revised.py Completed 32080 of 34374, 93.33%
2026-07-21 01:33:17,889 1255954 road_revised.py Completed 32090 of 34374, 93.36%
2026-07-21 01:33:18,029 1255954 road_revised.py Completed 32100 of 34374, 93.38%
2026-07-21 01:33:18,030 1255954 road_revised.py RSS checkpoint [iter1_lcp_progress_32100_of_34374]: 23.49 GB
2026-07-21 01:33:18,318 1255954 road_revised.py Completed 32110 of 34374, 93.41%
2026-07-21 01:33:18,520 1255954 road_revised.py Completed 32120 of 34374, 93.44%
2026-07-21 01:33:22,665 1255954 road_revised.py Completed 32130 of 34374, 93.47%
2026-07-21 01:33:22,665 1255954 road_revised.py Completed 32140 of 34374, 93.50%
2026-07-21 01:33:22,705 1255954 road_revised.py Completed 32150 of 34374, 93.53%
2026-07-21 01:33:22,706 1255954 road_revised.py Completed 32160 of 34374, 93.56%
2026-07-21 01:33:22,706 1255954 road_revised.py Completed 32170 of 34374, 93.59%
2026-07-21 01:33:22,707 1255954 road_revised.py Completed 32180 of 34374, 93.62%
2026-07-21 01:33:22,707 1255954 road_revised.py Completed 32190 of 34374, 93.65%
2026-07-21 01:33:22,708 1255954 road_revised.py Completed 32200 of 34374, 93.68%
2026-07-21 01:33:22,711 1255954 road_revised.py RSS checkpoint [iter1_lcp_progress_32200_of_34374]: 23.96 GB
2026-07-21 01:33:22,718 1255954 road_revised.py Completed 32210 of 34374, 93.70%
2026-07-21 01:33:22,718 1255954 road_revised.py Completed 32220 of 34374, 93.73%
2026-07-21 01:33:22,719 1255954 road_revised.py Completed 32230 of 34374, 93.76%
2026-07-21 01:33:22,719 1255954 road_revised.py Completed 32240 of 34374, 93.79%
2026-07-21 01:33:22,720 1255954 road_revised.py Completed 32250 of 34374, 93.82%
2026-07-21 01:33:22,805 1255954 road_revised.py Completed 32260 of 34374, 93.85%
2026-07-21 01:33:23,301 1255954 road_revised.py Completed 32270 of 34374, 93.88%
2026-07-21 01:33:23,456 1255954 road_revised.py Completed 32280 of 34374, 93.91%
2026-07-21 01:33:23,719 1255954 road_revised.py Completed 32290 of 34374, 93.94%
2026-07-21 01:33:23,834 1255954 road_revised.py Completed 32300 of 34374, 93.97%
2026-07-21 01:33:23,834 1255954 road_revised.py RSS checkpoint [iter1_lcp_progress_32300_of_34374]: 23.66 GB
2026-07-21 01:33:24,075 1255954 road_revised.py Completed 32310 of 34374, 94.00%
2026-07-21 01:33:24,284 1255954 road_revised.py Completed 32320 of 34374, 94.02%
2026-07-21 01:33:24,488 1255954 road_revised.py Completed 32330 of 34374, 94.05%
2026-07-21 01:33:24,654 1255954 road_revised.py Completed 32340 of 34374, 94.08%
2026-07-21 01:33:24,849 1255954 road_revised.py Completed 32350 of 34374, 94.11%
2026-07-21 01:33:25,006 1255954 road_revised.py Completed 32360 of 34374, 94.14%
2026-07-21 01:33:25,274 1255954 road_revised.py Completed 32370 of 34374, 94.17%
2026-07-21 01:33:25,443 1255954 road_revised.py Completed 32380 of 34374, 94.20%
2026-07-21 01:33:25,657 1255954 road_revised.py Completed 32390 of 34374, 94.23%
2026-07-21 01:33:25,846 1255954 road_revised.py Completed 32400 of 34374, 94.26%
2026-07-21 01:33:25,849 1255954 road_revised.py RSS checkpoint [iter1_lcp_progress_32400_of_34374]: 23.77 GB
2026-07-21 01:33:26,019 1255954 road_revised.py Completed 32410 of 34374, 94.29%
2026-07-21 01:33:26,247 1255954 road_revised.py Completed 32420 of 34374, 94.32%
2026-07-21 01:33:26,409 1255954 road_revised.py Completed 32430 of 34374, 94.34%
2026-07-21 01:33:26,642 1255954 road_revised.py Completed 32440 of 34374, 94.37%
2026-07-21 01:33:26,839 1255954 road_revised.py Completed 32450 of 34374, 94.40%
2026-07-21 01:33:27,024 1255954 road_revised.py Completed 32460 of 34374, 94.43%
2026-07-21 01:33:27,277 1255954 road_revised.py Completed 32470 of 34374, 94.46%
2026-07-21 01:33:27,450 1255954 road_revised.py Completed 32480 of 34374, 94.49%
2026-07-21 01:33:30,139 1255954 road_revised.py Completed 32490 of 34374, 94.52%
2026-07-21 01:33:30,140 1255954 road_revised.py Completed 32500 of 34374, 94.55%
2026-07-21 01:33:30,140 1255954 road_revised.py RSS checkpoint [iter1_lcp_progress_32500_of_34374]: 23.82 GB
2026-07-21 01:33:30,147 1255954 road_revised.py Completed 32510 of 34374, 94.58%
2026-07-21 01:33:30,151 1255954 road_revised.py Completed 32520 of 34374, 94.61%
2026-07-21 01:33:30,191 1255954 road_revised.py Completed 32530 of 34374, 94.64%
2026-07-21 01:33:30,192 1255954 road_revised.py Completed 32540 of 34374, 94.66%
2026-07-21 01:33:30,192 1255954 road_revised.py Completed 32550 of 34374, 94.69%
2026-07-21 01:33:30,192 1255954 road_revised.py Completed 32560 of 34374, 94.72%
2026-07-21 01:33:30,414 1255954 road_revised.py Completed 32570 of 34374, 94.75%
2026-07-21 01:33:30,591 1255954 road_revised.py Completed 32580 of 34374, 94.78%
2026-07-21 01:33:30,816 1255954 road_revised.py Completed 32590 of 34374, 94.81%
2026-07-21 01:33:30,959 1255954 road_revised.py Completed 32600 of 34374, 94.84%
2026-07-21 01:33:30,960 1255954 road_revised.py RSS checkpoint [iter1_lcp_progress_32600_of_34374]: 23.49 GB
2026-07-21 01:33:31,149 1255954 road_revised.py Completed 32610 of 34374, 94.87%
2026-07-21 01:33:31,337 1255954 road_revised.py Completed 32620 of 34374, 94.90%
2026-07-21 01:33:31,553 1255954 road_revised.py Completed 32630 of 34374, 94.93%
2026-07-21 01:33:31,778 1255954 road_revised.py Completed 32640 of 34374, 94.96%
2026-07-21 01:33:31,980 1255954 road_revised.py Completed 32650 of 34374, 94.98%
2026-07-21 01:33:32,172 1255954 road_revised.py Completed 32660 of 34374, 95.01%
2026-07-21 01:33:32,346 1255954 road_revised.py Completed 32670 of 34374, 95.04%
2026-07-21 01:33:32,603 1255954 road_revised.py Completed 32680 of 34374, 95.07%
2026-07-21 01:33:32,753 1255954 road_revised.py Completed 32690 of 34374, 95.10%
2026-07-21 01:33:33,007 1255954 road_revised.py Completed 32700 of 34374, 95.13%
2026-07-21 01:33:33,008 1255954 road_revised.py RSS checkpoint [iter1_lcp_progress_32700_of_34374]: 23.60 GB
2026-07-21 01:33:33,271 1255954 road_revised.py Completed 32710 of 34374, 95.16%
2026-07-21 01:33:33,412 1255954 road_revised.py Completed 32720 of 34374, 95.19%
2026-07-21 01:33:33,663 1255954 road_revised.py Completed 32730 of 34374, 95.22%
2026-07-21 01:33:33,871 1255954 road_revised.py Completed 32740 of 34374, 95.25%
2026-07-21 01:33:34,092 1255954 road_revised.py Completed 32750 of 34374, 95.28%
2026-07-21 01:33:34,237 1255954 road_revised.py Completed 32760 of 34374, 95.30%
2026-07-21 01:33:34,526 1255954 road_revised.py Completed 32770 of 34374, 95.33%
2026-07-21 01:33:34,716 1255954 road_revised.py Completed 32780 of 34374, 95.36%
2026-07-21 01:33:34,904 1255954 road_revised.py Completed 32790 of 34374, 95.39%
2026-07-21 01:33:35,131 1255954 road_revised.py Completed 32800 of 34374, 95.42%
2026-07-21 01:33:35,131 1255954 road_revised.py RSS checkpoint [iter1_lcp_progress_32800_of_34374]: 23.67 GB
2026-07-21 01:33:35,319 1255954 road_revised.py Completed 32810 of 34374, 95.45%
2026-07-21 01:33:35,531 1255954 road_revised.py Completed 32820 of 34374, 95.48%
2026-07-21 01:33:35,688 1255954 road_revised.py Completed 32830 of 34374, 95.51%
2026-07-21 01:33:35,915 1255954 road_revised.py Completed 32840 of 34374, 95.54%
2026-07-21 01:33:36,153 1255954 road_revised.py Completed 32850 of 34374, 95.57%
2026-07-21 01:33:40,024 1255954 road_revised.py Completed 32860 of 34374, 95.60%
2026-07-21 01:33:40,027 1255954 road_revised.py Completed 32870 of 34374, 95.62%
2026-07-21 01:33:40,034 1255954 road_revised.py Completed 32880 of 34374, 95.65%
2026-07-21 01:33:40,034 1255954 road_revised.py Completed 32890 of 34374, 95.68%
2026-07-21 01:33:40,035 1255954 road_revised.py Completed 32900 of 34374, 95.71%
2026-07-21 01:33:40,035 1255954 road_revised.py RSS checkpoint [iter1_lcp_progress_32900_of_34374]: 24.02 GB
2026-07-21 01:33:40,036 1255954 road_revised.py Completed 32910 of 34374, 95.74%
2026-07-21 01:33:40,051 1255954 road_revised.py Completed 32920 of 34374, 95.77%
2026-07-21 01:33:40,053 1255954 road_revised.py Completed 32930 of 34374, 95.80%
2026-07-21 01:33:40,053 1255954 road_revised.py Completed 32940 of 34374, 95.83%
2026-07-21 01:33:40,054 1255954 road_revised.py Completed 32950 of 34374, 95.86%
2026-07-21 01:33:40,054 1255954 road_revised.py Completed 32960 of 34374, 95.89%
2026-07-21 01:33:40,055 1255954 road_revised.py Completed 32970 of 34374, 95.92%
2026-07-21 01:33:40,065 1255954 road_revised.py Completed 32980 of 34374, 95.94%
2026-07-21 01:33:40,531 1255954 road_revised.py Completed 32990 of 34374, 95.97%
2026-07-21 01:33:40,770 1255954 road_revised.py Completed 33000 of 34374, 96.00%
2026-07-21 01:33:40,771 1255954 road_revised.py RSS checkpoint [iter1_lcp_progress_33000_of_34374]: 23.75 GB
2026-07-21 01:33:41,058 1255954 road_revised.py Completed 33010 of 34374, 96.03%
2026-07-21 01:33:41,236 1255954 road_revised.py Completed 33020 of 34374, 96.06%
2026-07-21 01:33:41,434 1255954 road_revised.py Completed 33030 of 34374, 96.09%
2026-07-21 01:33:41,650 1255954 road_revised.py Completed 33040 of 34374, 96.12%
2026-07-21 01:33:41,817 1255954 road_revised.py Completed 33050 of 34374, 96.15%
2026-07-21 01:33:42,026 1255954 road_revised.py Completed 33060 of 34374, 96.18%
2026-07-21 01:33:42,269 1255954 road_revised.py Completed 33070 of 34374, 96.21%
2026-07-21 01:33:42,416 1255954 road_revised.py Completed 33080 of 34374, 96.24%
2026-07-21 01:33:42,660 1255954 road_revised.py Completed 33090 of 34374, 96.26%
2026-07-21 01:33:42,873 1255954 road_revised.py Completed 33100 of 34374, 96.29%
2026-07-21 01:33:42,873 1255954 road_revised.py RSS checkpoint [iter1_lcp_progress_33100_of_34374]: 23.89 GB
2026-07-21 01:33:43,110 1255954 road_revised.py Completed 33110 of 34374, 96.32%
2026-07-21 01:33:43,327 1255954 road_revised.py Completed 33120 of 34374, 96.35%
2026-07-21 01:33:43,485 1255954 road_revised.py Completed 33130 of 34374, 96.38%
2026-07-21 01:33:43,684 1255954 road_revised.py Completed 33140 of 34374, 96.41%
2026-07-21 01:33:43,872 1255954 road_revised.py Completed 33150 of 34374, 96.44%
2026-07-21 01:33:44,097 1255954 road_revised.py Completed 33160 of 34374, 96.47%
2026-07-21 01:33:44,234 1255954 road_revised.py Completed 33170 of 34374, 96.50%
2026-07-21 01:33:44,335 1255954 road_revised.py Completed 33180 of 34374, 96.53%
2026-07-21 01:33:44,595 1255954 road_revised.py Completed 33190 of 34374, 96.56%
2026-07-21 01:33:44,805 1255954 road_revised.py Completed 33200 of 34374, 96.58%
2026-07-21 01:33:44,805 1255954 road_revised.py RSS checkpoint [iter1_lcp_progress_33200_of_34374]: 23.93 GB
2026-07-21 01:33:45,045 1255954 road_revised.py Completed 33210 of 34374, 96.61%
2026-07-21 01:33:47,813 1255954 road_revised.py Completed 33220 of 34374, 96.64%
2026-07-21 01:33:47,814 1255954 road_revised.py Completed 33230 of 34374, 96.67%
2026-07-21 01:33:47,873 1255954 road_revised.py Completed 33240 of 34374, 96.70%
2026-07-21 01:33:47,873 1255954 road_revised.py Completed 33250 of 34374, 96.73%
2026-07-21 01:33:47,873 1255954 road_revised.py Completed 33260 of 34374, 96.76%
2026-07-21 01:33:47,874 1255954 road_revised.py Completed 33270 of 34374, 96.79%
2026-07-21 01:33:47,874 1255954 road_revised.py Completed 33280 of 34374, 96.82%
2026-07-21 01:33:47,874 1255954 road_revised.py Completed 33290 of 34374, 96.85%
2026-07-21 01:33:48,064 1255954 road_revised.py Completed 33300 of 34374, 96.88%
2026-07-21 01:33:48,064 1255954 road_revised.py RSS checkpoint [iter1_lcp_progress_33300_of_34374]: 23.68 GB
2026-07-21 01:33:48,220 1255954 road_revised.py Completed 33310 of 34374, 96.90%
2026-07-21 01:33:48,360 1255954 road_revised.py Completed 33320 of 34374, 96.93%
2026-07-21 01:33:48,605 1255954 road_revised.py Completed 33330 of 34374, 96.96%
2026-07-21 01:33:48,799 1255954 road_revised.py Completed 33340 of 34374, 96.99%
2026-07-21 01:33:49,035 1255954 road_revised.py Completed 33350 of 34374, 97.02%
2026-07-21 01:33:49,269 1255954 road_revised.py Completed 33360 of 34374, 97.05%
2026-07-21 01:33:49,492 1255954 road_revised.py Completed 33370 of 34374, 97.08%
2026-07-21 01:33:49,702 1255954 road_revised.py Completed 33380 of 34374, 97.11%
2026-07-21 01:33:49,907 1255954 road_revised.py Completed 33390 of 34374, 97.14%
2026-07-21 01:33:50,165 1255954 road_revised.py Completed 33400 of 34374, 97.17%
2026-07-21 01:33:50,165 1255954 road_revised.py RSS checkpoint [iter1_lcp_progress_33400_of_34374]: 23.82 GB
2026-07-21 01:33:50,293 1255954 road_revised.py Completed 33410 of 34374, 97.20%
2026-07-21 01:33:50,494 1255954 road_revised.py Completed 33420 of 34374, 97.22%
2026-07-21 01:33:50,694 1255954 road_revised.py Completed 33430 of 34374, 97.25%
2026-07-21 01:33:50,854 1255954 road_revised.py Completed 33440 of 34374, 97.28%
2026-07-21 01:33:51,059 1255954 road_revised.py Completed 33450 of 34374, 97.31%
2026-07-21 01:33:51,235 1255954 road_revised.py Completed 33460 of 34374, 97.34%
2026-07-21 01:33:51,452 1255954 road_revised.py Completed 33470 of 34374, 97.37%
2026-07-21 01:33:51,665 1255954 road_revised.py Completed 33480 of 34374, 97.40%
2026-07-21 01:33:51,852 1255954 road_revised.py Completed 33490 of 34374, 97.43%
2026-07-21 01:33:52,067 1255954 road_revised.py Completed 33500 of 34374, 97.46%
2026-07-21 01:33:52,068 1255954 road_revised.py RSS checkpoint [iter1_lcp_progress_33500_of_34374]: 23.87 GB
2026-07-21 01:33:52,294 1255954 road_revised.py Completed 33510 of 34374, 97.49%
2026-07-21 01:33:52,520 1255954 road_revised.py Completed 33520 of 34374, 97.52%
2026-07-21 01:33:52,690 1255954 road_revised.py Completed 33530 of 34374, 97.54%
2026-07-21 01:33:52,833 1255954 road_revised.py Completed 33540 of 34374, 97.57%
2026-07-21 01:33:53,075 1255954 road_revised.py Completed 33550 of 34374, 97.60%
2026-07-21 01:33:53,304 1255954 road_revised.py Completed 33560 of 34374, 97.63%
2026-07-21 01:33:53,474 1255954 road_revised.py Completed 33570 of 34374, 97.66%
2026-07-21 01:33:53,683 1255954 road_revised.py Completed 33580 of 34374, 97.69%
2026-07-21 01:33:57,923 1255954 road_revised.py Completed 33590 of 34374, 97.72%
2026-07-21 01:33:57,924 1255954 road_revised.py Completed 33600 of 34374, 97.75%
2026-07-21 01:33:57,925 1255954 road_revised.py RSS checkpoint [iter1_lcp_progress_33600_of_34374]: 24.23 GB
2026-07-21 01:33:57,929 1255954 road_revised.py Completed 33610 of 34374, 97.78%
2026-07-21 01:33:57,929 1255954 road_revised.py Completed 33620 of 34374, 97.81%
2026-07-21 01:33:57,930 1255954 road_revised.py Completed 33630 of 34374, 97.84%
2026-07-21 01:33:57,930 1255954 road_revised.py Completed 33640 of 34374, 97.86%
2026-07-21 01:33:57,930 1255954 road_revised.py Completed 33650 of 34374, 97.89%
2026-07-21 01:33:57,931 1255954 road_revised.py Completed 33660 of 34374, 97.92%
2026-07-21 01:33:57,931 1255954 road_revised.py Completed 33670 of 34374, 97.95%
2026-07-21 01:33:57,943 1255954 road_revised.py Completed 33680 of 34374, 97.98%
2026-07-21 01:33:57,944 1255954 road_revised.py Completed 33690 of 34374, 98.01%
2026-07-21 01:33:57,944 1255954 road_revised.py Completed 33700 of 34374, 98.04%
2026-07-21 01:33:57,945 1255954 road_revised.py RSS checkpoint [iter1_lcp_progress_33700_of_34374]: 24.23 GB
2026-07-21 01:33:57,946 1255954 road_revised.py Completed 33710 of 34374, 98.07%
2026-07-21 01:33:57,946 1255954 road_revised.py Completed 33720 of 34374, 98.10%
2026-07-21 01:33:58,138 1255954 road_revised.py Completed 33730 of 34374, 98.13%
2026-07-21 01:33:58,732 1255954 road_revised.py Completed 33740 of 34374, 98.16%
2026-07-21 01:33:58,874 1255954 road_revised.py Completed 33750 of 34374, 98.18%
2026-07-21 01:33:59,056 1255954 road_revised.py Completed 33760 of 34374, 98.21%
2026-07-21 01:33:59,215 1255954 road_revised.py Completed 33770 of 34374, 98.24%
2026-07-21 01:33:59,383 1255954 road_revised.py Completed 33780 of 34374, 98.27%
2026-07-21 01:33:59,587 1255954 road_revised.py Completed 33790 of 34374, 98.30%
2026-07-21 01:33:59,732 1255954 road_revised.py Completed 33800 of 34374, 98.33%
2026-07-21 01:33:59,741 1255954 road_revised.py RSS checkpoint [iter1_lcp_progress_33800_of_34374]: 24.00 GB
2026-07-21 01:33:59,900 1255954 road_revised.py Completed 33810 of 34374, 98.36%
2026-07-21 01:34:00,162 1255954 road_revised.py Completed 33820 of 34374, 98.39%
2026-07-21 01:34:00,271 1255954 road_revised.py Completed 33830 of 34374, 98.42%
2026-07-21 01:34:00,464 1255954 road_revised.py Completed 33840 of 34374, 98.45%
2026-07-21 01:34:00,660 1255954 road_revised.py Completed 33850 of 34374, 98.48%
2026-07-21 01:34:00,853 1255954 road_revised.py Completed 33860 of 34374, 98.50%
2026-07-21 01:34:01,075 1255954 road_revised.py Completed 33870 of 34374, 98.53%
2026-07-21 01:34:01,249 1255954 road_revised.py Completed 33880 of 34374, 98.56%
2026-07-21 01:34:01,437 1255954 road_revised.py Completed 33890 of 34374, 98.59%
2026-07-21 01:34:01,649 1255954 road_revised.py Completed 33900 of 34374, 98.62%
2026-07-21 01:34:01,649 1255954 road_revised.py RSS checkpoint [iter1_lcp_progress_33900_of_34374]: 24.06 GB
2026-07-21 01:34:01,808 1255954 road_revised.py Completed 33910 of 34374, 98.65%
2026-07-21 01:34:02,044 1255954 road_revised.py Completed 33920 of 34374, 98.68%
2026-07-21 01:34:02,209 1255954 road_revised.py Completed 33930 of 34374, 98.71%
2026-07-21 01:34:02,379 1255954 road_revised.py Completed 33940 of 34374, 98.74%
2026-07-21 01:34:02,530 1255954 road_revised.py Completed 33950 of 34374, 98.77%
2026-07-21 01:34:02,731 1255954 road_revised.py Completed 33960 of 34374, 98.80%
2026-07-21 01:34:02,855 1255954 road_revised.py Completed 33970 of 34374, 98.82%
2026-07-21 01:34:03,007 1255954 road_revised.py Completed 33980 of 34374, 98.85%
2026-07-21 01:34:03,223 1255954 road_revised.py Completed 33990 of 34374, 98.88%
2026-07-21 01:34:03,362 1255954 road_revised.py Completed 34000 of 34374, 98.91%
2026-07-21 01:34:03,362 1255954 road_revised.py RSS checkpoint [iter1_lcp_progress_34000_of_34374]: 24.12 GB
2026-07-21 01:34:03,585 1255954 road_revised.py Completed 34010 of 34374, 98.94%
2026-07-21 01:34:03,768 1255954 road_revised.py Completed 34020 of 34374, 98.97%
2026-07-21 01:34:03,946 1255954 road_revised.py Completed 34030 of 34374, 99.00%
2026-07-21 01:34:04,130 1255954 road_revised.py Completed 34040 of 34374, 99.03%
2026-07-21 01:34:06,550 1255954 road_revised.py Completed 34050 of 34374, 99.06%
2026-07-21 01:34:06,552 1255954 road_revised.py Completed 34060 of 34374, 99.09%
2026-07-21 01:34:06,600 1255954 road_revised.py Completed 34070 of 34374, 99.12%
2026-07-21 01:34:06,603 1255954 road_revised.py Completed 34080 of 34374, 99.14%
2026-07-21 01:34:06,603 1255954 road_revised.py Completed 34090 of 34374, 99.17%
2026-07-21 01:34:06,603 1255954 road_revised.py Completed 34100 of 34374, 99.20%
2026-07-21 01:34:06,607 1255954 road_revised.py RSS checkpoint [iter1_lcp_progress_34100_of_34374]: 24.12 GB
2026-07-21 01:34:06,608 1255954 road_revised.py Completed 34110 of 34374, 99.23%
2026-07-21 01:34:06,608 1255954 road_revised.py Completed 34120 of 34374, 99.26%
2026-07-21 01:34:06,756 1255954 road_revised.py Completed 34130 of 34374, 99.29%
2026-07-21 01:34:06,994 1255954 road_revised.py Completed 34140 of 34374, 99.32%
2026-07-21 01:34:07,197 1255954 road_revised.py Completed 34150 of 34374, 99.35%
2026-07-21 01:34:07,440 1255954 road_revised.py Completed 34160 of 34374, 99.38%
2026-07-21 01:34:07,529 1255954 road_revised.py Completed 34170 of 34374, 99.41%
2026-07-21 01:34:07,755 1255954 road_revised.py Completed 34180 of 34374, 99.44%
2026-07-21 01:34:07,916 1255954 road_revised.py Completed 34190 of 34374, 99.46%
2026-07-21 01:34:08,084 1255954 road_revised.py Completed 34200 of 34374, 99.49%
2026-07-21 01:34:08,112 1255954 road_revised.py RSS checkpoint [iter1_lcp_progress_34200_of_34374]: 23.86 GB
2026-07-21 01:34:08,286 1255954 road_revised.py Completed 34210 of 34374, 99.52%
2026-07-21 01:34:08,504 1255954 road_revised.py Completed 34220 of 34374, 99.55%
2026-07-21 01:34:08,628 1255954 road_revised.py Completed 34230 of 34374, 99.58%
2026-07-21 01:34:08,827 1255954 road_revised.py Completed 34240 of 34374, 99.61%
2026-07-21 01:34:09,053 1255954 road_revised.py Completed 34250 of 34374, 99.64%
2026-07-21 01:34:09,186 1255954 road_revised.py Completed 34260 of 34374, 99.67%
2026-07-21 01:34:09,396 1255954 road_revised.py Completed 34270 of 34374, 99.70%
2026-07-21 01:34:09,593 1255954 road_revised.py Completed 34280 of 34374, 99.73%
2026-07-21 01:34:09,772 1255954 road_revised.py Completed 34290 of 34374, 99.76%
2026-07-21 01:34:09,966 1255954 road_revised.py Completed 34300 of 34374, 99.78%
2026-07-21 01:34:09,966 1255954 road_revised.py RSS checkpoint [iter1_lcp_progress_34300_of_34374]: 23.92 GB
2026-07-21 01:34:10,140 1255954 road_revised.py Completed 34310 of 34374, 99.81%
2026-07-21 01:34:10,264 1255954 road_revised.py Completed 34320 of 34374, 99.84%
2026-07-21 01:34:10,503 1255954 road_revised.py Completed 34330 of 34374, 99.87%
2026-07-21 01:34:10,660 1255954 road_revised.py Completed 34340 of 34374, 99.90%
2026-07-21 01:34:10,837 1255954 road_revised.py Completed 34350 of 34374, 99.93%
2026-07-21 01:34:11,018 1255954 road_revised.py Completed 34360 of 34374, 99.96%
2026-07-21 01:34:11,169 1255954 road_revised.py Completed 34370 of 34374, 99.99%
2026-07-21 01:34:11,222 1255954 road_revised.py Completed 34374 of 34374, 100.00%
2026-07-21 01:34:11,222 1255954 road_revised.py RSS checkpoint [iter1_lcp_progress_34374_of_34374]: 23.94 GB
2026-07-21 01:34:11,222 1255954 road_revised.py Pool dispatch (imap_unordered consumption) time: 1075.570 seconds (chunksize=1).
2026-07-21 01:34:11,372 1255954 road_revised.py The least-cost path flow allocation time: 1075.97860622406.
2026-07-21 01:34:11,372 1255954 road_revised.py RSS checkpoint [iter1_lcp_pool_done]: 23.94 GB
2026-07-21 01:34:14,410 1255954 road_revised.py Non_allocated_flow: 78000076.47654174
2026-07-21 01:34:14,825 1255954 road_revised.py Assigning stable od_id values 0 to 9684056 for 9684057 path rows.
2026-07-21 01:37:26,063 1255954 road_revised.py od_id assignment phase: 191.24 seconds
2026-07-21 01:37:26,064 1255954 road_revised.py RSS checkpoint [iter1_before_itter_path]: 33.17 GB
2026-07-21 01:37:26,064 1255954 road_revised.py Create temp_flow_matrix table in duckdb...
2026-07-21 01:37:26,066 1255954 road_revised.py Processing 9684057 OD path rows in chunks of 484203 rows.
2026-07-21 01:37:26,873 1255954 road_revised.py Aggregating path costs and edge totals in chunked DuckDB compact mode...
DuckDB compact pass 1::   0%|          | 0/20 [00:00<?, ?chunk/s]2026-07-21 01:39:55,161 1255954 road_revised.py RSS checkpoint [itter_path_pass1_chunk_1_484203_of_9684057]: 68.31 GB
DuckDB compact pass 1::   5%|▌         | 1/20 [01:58<37:26, 118.22s/chunk]2026-07-21 01:41:55,319 1255954 road_revised.py RSS checkpoint [itter_path_pass1_chunk_484204_968406_of_9684057]: 69.02 GB
DuckDB compact pass 1::  10%|█         | 2/20 [03:58<35:48, 119.36s/chunk]2026-07-21 01:44:14,360 1255954 road_revised.py RSS checkpoint [itter_path_pass1_chunk_968407_1452609_of_9684057]: 69.09 GB
DuckDB compact pass 1::  15%|█▌        | 3/20 [06:17<36:21, 128.35s/chunk]2026-07-21 01:46:07,415 1255954 road_revised.py RSS checkpoint [itter_path_pass1_chunk_1452610_1936812_of_9684057]: 70.11 GB
DuckDB compact pass 1::  20%|██        | 4/20 [08:10<32:36, 122.31s/chunk]2026-07-21 01:48:00,666 1255954 road_revised.py RSS checkpoint [itter_path_pass1_chunk_1936813_2421015_of_9684057]: 68.64 GB
DuckDB compact pass 1::  25%|██▌       | 5/20 [10:03<29:45, 119.04s/chunk]2026-07-21 01:49:50,357 1255954 road_revised.py RSS checkpoint [itter_path_pass1_chunk_2421016_2905218_of_9684057]: 64.44 GB
DuckDB compact pass 1::  30%|███       | 6/20 [11:53<27:02, 115.86s/chunk]2026-07-21 01:51:37,887 1255954 road_revised.py RSS checkpoint [itter_path_pass1_chunk_2905219_3389421_of_9684057]: 67.63 GB
DuckDB compact pass 1::  35%|███▌      | 7/20 [13:40<24:30, 113.14s/chunk]2026-07-21 01:53:32,171 1255954 road_revised.py RSS checkpoint [itter_path_pass1_chunk_3389422_3873624_of_9684057]: 70.22 GB
DuckDB compact pass 1::  40%|████      | 8/20 [15:35<22:42, 113.50s/chunk]2026-07-21 01:55:26,198 1255954 road_revised.py RSS checkpoint [itter_path_pass1_chunk_3873625_4357827_of_9684057]: 69.46 GB
DuckDB compact pass 1::  45%|████▌     | 9/20 [17:29<20:50, 113.67s/chunk]2026-07-21 01:57:38,154 1255954 road_revised.py RSS checkpoint [itter_path_pass1_chunk_4357828_4842030_of_9684057]: 71.61 GB
DuckDB compact pass 1::  50%|█████     | 10/20 [19:41<19:53, 119.31s/chunk]2026-07-21 01:59:40,758 1255954 road_revised.py RSS checkpoint [itter_path_pass1_chunk_4842031_5326233_of_9684057]: 68.58 GB
DuckDB compact pass 1::  55%|█████▌    | 11/20 [21:43<18:02, 120.32s/chunk]2026-07-21 02:01:52,275 1255954 road_revised.py RSS checkpoint [itter_path_pass1_chunk_5326234_5810436_of_9684057]: 69.95 GB
DuckDB compact pass 1::  60%|██████    | 12/20 [23:55<16:29, 123.73s/chunk]2026-07-21 02:04:02,372 1255954 road_revised.py RSS checkpoint [itter_path_pass1_chunk_5810437_6294639_of_9684057]: 70.89 GB
DuckDB compact pass 1::  65%|██████▌   | 13/20 [26:05<14:39, 125.66s/chunk]2026-07-21 02:06:18,076 1255954 road_revised.py RSS checkpoint [itter_path_pass1_chunk_6294640_6778842_of_9684057]: 70.91 GB
DuckDB compact pass 1::  70%|███████   | 14/20 [28:21<12:52, 128.69s/chunk]2026-07-21 02:08:51,527 1255954 road_revised.py RSS checkpoint [itter_path_pass1_chunk_6778843_7263045_of_9684057]: 70.53 GB
DuckDB compact pass 1::  75%|███████▌  | 15/20 [30:54<11:20, 136.15s/chunk]2026-07-21 02:11:31,566 1255954 road_revised.py RSS checkpoint [itter_path_pass1_chunk_7263046_7747248_of_9684057]: 69.19 GB
DuckDB compact pass 1::  80%|████████  | 16/20 [33:34<09:33, 143.34s/chunk]2026-07-21 02:14:37,708 1255954 road_revised.py RSS checkpoint [itter_path_pass1_chunk_7747249_8231451_of_9684057]: 63.15 GB
DuckDB compact pass 1::  85%|████████▌ | 17/20 [36:40<07:48, 156.21s/chunk]2026-07-21 02:17:26,595 1255954 road_revised.py RSS checkpoint [itter_path_pass1_chunk_8231452_8715654_of_9684057]: 64.13 GB
DuckDB compact pass 1::  90%|█████████ | 18/20 [39:29<05:20, 160.02s/chunk]2026-07-21 02:19:35,885 1255954 road_revised.py RSS checkpoint [itter_path_pass1_chunk_8715655_9199857_of_9684057]: 60.57 GB
DuckDB compact pass 1::  95%|█████████▌| 19/20 [41:38<02:30, 150.79s/chunk]2026-07-21 02:21:50,713 1255954 road_revised.py RSS checkpoint [itter_path_pass1_chunk_9199858_9684057_of_9684057]: 61.94 GB
DuckDB compact pass 1:: 100%|██████████| 20/20 [43:53<00:00, 146.00s/chunk]DuckDB compact pass 1:: 100%|██████████| 20/20 [43:53<00:00, 131.69s/chunk]
2026-07-21 02:21:50,951 1255954 road_revised.py DuckDB compact pass 1 complete.
DuckDB compact pass 2::   0%|          | 0/20 [00:00<?, ?chunk/s]2026-07-21 02:22:11,555 1255954 road_revised.py RSS checkpoint [itter_path_pass2_chunk_1_484203_of_9684057]: 49.48 GB
DuckDB compact pass 2::   5%|▌         | 1/20 [00:20<06:31, 20.60s/chunk]2026-07-21 02:22:26,180 1255954 road_revised.py RSS checkpoint [itter_path_pass2_chunk_484204_968406_of_9684057]: 50.34 GB
DuckDB compact pass 2::  10%|█         | 2/20 [00:35<05:07, 17.09s/chunk]2026-07-21 02:22:42,584 1255954 road_revised.py RSS checkpoint [itter_path_pass2_chunk_968407_1452609_of_9684057]: 49.53 GB
DuckDB compact pass 2::  15%|█▌        | 3/20 [00:51<04:45, 16.77s/chunk]2026-07-21 02:22:58,448 1255954 road_revised.py RSS checkpoint [itter_path_pass2_chunk_1452610_1936812_of_9684057]: 49.25 GB
DuckDB compact pass 2::  20%|██        | 4/20 [01:07<04:22, 16.42s/chunk]2026-07-21 02:23:13,435 1255954 road_revised.py RSS checkpoint [itter_path_pass2_chunk_1936813_2421015_of_9684057]: 48.80 GB
DuckDB compact pass 2::  25%|██▌       | 5/20 [01:22<03:58, 15.90s/chunk]2026-07-21 02:23:27,568 1255954 road_revised.py RSS checkpoint [itter_path_pass2_chunk_2421016_2905218_of_9684057]: 49.27 GB
DuckDB compact pass 2::  30%|███       | 6/20 [01:36<03:34, 15.30s/chunk]2026-07-21 02:23:40,910 1255954 road_revised.py RSS checkpoint [itter_path_pass2_chunk_2905219_3389421_of_9684057]: 48.84 GB
DuckDB compact pass 2::  35%|███▌      | 7/20 [01:49<03:10, 14.66s/chunk]2026-07-21 02:23:54,927 1255954 road_revised.py RSS checkpoint [itter_path_pass2_chunk_3389422_3873624_of_9684057]: 49.02 GB
DuckDB compact pass 2::  40%|████      | 8/20 [02:03<02:53, 14.45s/chunk]2026-07-21 02:24:09,575 1255954 road_revised.py RSS checkpoint [itter_path_pass2_chunk_3873625_4357827_of_9684057]: 49.49 GB
DuckDB compact pass 2::  45%|████▌     | 9/20 [02:18<02:39, 14.52s/chunk]2026-07-21 02:24:26,365 1255954 road_revised.py RSS checkpoint [itter_path_pass2_chunk_4357828_4842030_of_9684057]: 49.48 GB
DuckDB compact pass 2::  50%|█████     | 10/20 [02:35<02:32, 15.22s/chunk]2026-07-21 02:24:42,116 1255954 road_revised.py RSS checkpoint [itter_path_pass2_chunk_4842031_5326233_of_9684057]: 49.22 GB
DuckDB compact pass 2::  55%|█████▌    | 11/20 [02:51<02:18, 15.38s/chunk]2026-07-21 02:24:57,796 1255954 road_revised.py RSS checkpoint [itter_path_pass2_chunk_5326234_5810436_of_9684057]: 50.54 GB
DuckDB compact pass 2::  60%|██████    | 12/20 [03:06<02:03, 15.47s/chunk]2026-07-21 02:25:13,402 1255954 road_revised.py RSS checkpoint [itter_path_pass2_chunk_5810437_6294639_of_9684057]: 49.42 GB
DuckDB compact pass 2::  65%|██████▌   | 13/20 [03:22<01:48, 15.51s/chunk]2026-07-21 02:25:29,505 1255954 road_revised.py RSS checkpoint [itter_path_pass2_chunk_6294640_6778842_of_9684057]: 49.53 GB
DuckDB compact pass 2::  70%|███████   | 14/20 [03:38<01:34, 15.69s/chunk]2026-07-21 02:25:47,882 1255954 road_revised.py RSS checkpoint [itter_path_pass2_chunk_6778843_7263045_of_9684057]: 51.06 GB
DuckDB compact pass 2::  75%|███████▌  | 15/20 [03:56<01:22, 16.50s/chunk]2026-07-21 02:26:07,730 1255954 road_revised.py RSS checkpoint [itter_path_pass2_chunk_7263046_7747248_of_9684057]: 50.12 GB
DuckDB compact pass 2::  80%|████████  | 16/20 [04:16<01:10, 17.51s/chunk]2026-07-21 02:26:29,362 1255954 road_revised.py RSS checkpoint [itter_path_pass2_chunk_7747249_8231451_of_9684057]: 50.60 GB
DuckDB compact pass 2::  85%|████████▌ | 17/20 [04:38<00:56, 18.75s/chunk]2026-07-21 02:26:49,262 1255954 road_revised.py RSS checkpoint [itter_path_pass2_chunk_8231452_8715654_of_9684057]: 50.85 GB
DuckDB compact pass 2::  90%|█████████ | 18/20 [04:58<00:38, 19.09s/chunk]2026-07-21 02:27:05,928 1255954 road_revised.py RSS checkpoint [itter_path_pass2_chunk_8715655_9199857_of_9684057]: 50.59 GB
DuckDB compact pass 2::  95%|█████████▌| 19/20 [05:14<00:18, 18.37s/chunk]2026-07-21 02:27:22,305 1255954 road_revised.py RSS checkpoint [itter_path_pass2_chunk_9199858_9684057_of_9684057]: 49.80 GB
DuckDB compact pass 2:: 100%|██████████| 20/20 [05:31<00:00, 17.77s/chunk]DuckDB compact pass 2:: 100%|██████████| 20/20 [05:31<00:00, 16.57s/chunk]
2026-07-21 02:28:20,459 1255954 road_revised.py Complete creating temp_flow_matrix table in Duckdb!
2026-07-21 02:28:20,525 1255954 road_revised.py RSS checkpoint [iter1_after_itter_path]: 99.20 GB
2026-07-21 02:28:20,554 1255954 road_revised.py Post-realization assigned_iter_sum for iteration 1: 2312630.356931694
2026-07-21 02:28:20,555 1255954 road_revised.py Writing OD path output for iteration 1 with mode=full_odpfc...
2026-07-21 02:33:47,434 1255954 road_revised.py Finished INSERT INTO odpfc for iteration 1.
2026-07-21 02:33:47,452 1255954 road_revised.py Computing cost components for iteration 1...
2026-07-21 02:33:47,616 1255954 road_revised.py Iteration 1 cost components: fuel=579923544.5077718, time=638700502.5170039, toll=0.0, fare=0.0, total_so_far=1218624047.0247757
2026-07-21 02:33:47,616 1255954 road_revised.py Computing edge flows with UNNEST(e_id) for iteration 1.
2026-07-21 02:34:52,353 1255954 road_revised.py Loaded 223290 edge-flow rows from UNNEST path.
2026-07-21 02:34:52,357 1255954 road_revised.py Updating road_links with iteration 1 edge flows...
2026-07-21 02:34:52,752 1255954 road_revised.py Updating edge speeds: 
2026-07-21 02:34:52,808 1255954 road_revised.py Finished road_links update for iteration 1.
2026-07-21 02:34:52,808 1255954 road_revised.py Updating remain_od for iteration 1...
2026-07-21 02:34:56,543 1255954 road_revised.py The total remain flow (after adjustment) is: 68604558.8655749.
2026-07-21 02:34:56,543 1255954 road_revised.py Pass A convergence: remain_fraction=0.46068908 assigned_fraction=0.53931092 iteration=1
2026-07-21 02:34:56,545 1255954 road_revised.py Iteration progress: assigned_delta=80312706.8334721, progress_rel=53.93109151%, stagnant_iterations=0/3.
2026-07-21 02:34:56,545 1255954 road_revised.py Cleaning transient path-realization tables for iteration 1...
2026-07-21 02:35:08,004 1255954 road_revised.py Finished cleanup for iteration 1.
2026-07-21 02:35:08,533 1255954 road_revised.py RSS checkpoint [iter1_end]: 24.65 GB
2026-07-21 02:35:09,495 1255954 road_revised.py Stop: Maximum iterations reached (1) with 68604558.86557548 extra isolated flows. 
2026-07-21 02:35:09,495 1255954 road_revised.py Stop: Maximum iterations reached (1)!
2026-07-21 02:35:10,923 1255954 road_revised.py Writing final odpfc output from DuckDB table to /scratch/akothaw/multimodal_hazard_data/results/base_scenario/scale_test_cpu8/odpfc.pq
2026-07-21 02:39:19,222 1255954 road_revised.py Finished final odpfc DuckDB table export.
2026-07-21 02:39:21,321 1255954 road_revised.py The flow simulation is completed!
2026-07-21 02:39:21,321 1255954 road_revised.py total travel cost is ($): 1218624047.0247757
2026-07-21 02:39:21,321 1255954 road_revised.py total time-equiv cost is ($): 638700502.5170039
2026-07-21 02:39:21,321 1255954 road_revised.py total operating cost is ($): 579923544.5077718
2026-07-21 02:39:21,321 1255954 road_revised.py total toll cost is ($): 0.0
2026-07-21 02:39:24,502 1255954 1_network_flow_model_revision.py Direct DuckDB output mode wrote edge_flows.gpq and trip_isolations.pq. Baseline path artifact mode: full_odpfc.
2026-07-21 02:39:24,502 1255954 1_network_flow_model_revision.py The total simulation time: 5009.575610876083
