2026-07-23 09:27:36,393 3842457 1_network_flow_model_revision.py Database path is: /scratch/akothaw/multimodal_hazard_data/opt_fuse_cpu8.duckdb
2026-07-23 09:27:36,409 3842457 1_network_flow_model_revision.py {'freeway': 2400.0, 'arterial': 2200.0, 'collector': 1700.0, 'local_access': 1000.0}
2026-07-23 09:27:44,933 3842457 1_network_flow_model_revision.py Assignment demand (faf5_parquet): freight=1735334.699 passenger=147181931.000 total=148917265.699
2026-07-23 09:27:54,871 3842457 1_network_flow_model_revision.py 
         origin_node  destination_node        Car21
0             100024            100024  2689.965855
1             100024            100123     0.001053
2             100024            100130     0.014766
3             100024            100178     0.000828
4             100024            100481     0.009938
...              ...               ...          ...
9780699        99961             99757     0.001568
9780700        99961             99789     0.003307
9780701        99961             99844     0.011416
9780702        99961             99948     0.005834
9780703        99961             99961  4935.606654

[9780704 rows x 3 columns]
2026-07-23 09:27:54,871 3842457 1_network_flow_model_revision.py OD totals (Car21): rows=9,780,704, total=148,917,265.699, self_pair_flow=77,784,890.780, duplicate_pairs=0
2026-07-23 09:27:54,871 3842457 1_network_flow_model_revision.py Generate road links
2026-07-23 09:27:55,694 3842457 1_network_flow_model_revision.py Create igraph network
2026-07-23 09:27:57,643 3842457 1_network_flow_model_revision.py Direct output controls: direct_duckdb_outputs=True, path_strategy=duckdb_chunked_compact, baseline_path_output_mode=full_odpfc, odpfc_output_mode=duckdb_table, combine_odpfc_parts=default
2026-07-23 09:27:57,643 3842457 1_network_flow_model_revision.py Run simulation
2026-07-23 09:27:57,687 3842457 road_revised.py The initial supply is 148917265.69904837
2026-07-23 09:27:57,971 3842457 road_revised.py The initial number of edges in the network: 483442
2026-07-23 09:27:58,009 3842457 road_revised.py The initial number of origins: 3143
2026-07-23 09:27:58,047 3842457 road_revised.py The initial number of destinations: 3143
2026-07-23 09:27:58,090 3842457 road_revised.py Iteration controls: max_iterations=1, min_progress_rel=1e-06, stagnant_limit=3, remain_assign_mode=full
2026-07-23 09:27:58,091 3842457 road_revised.py OD path output controls: path_strategy=duckdb_chunked_compact, odpfc_output_mode=duckdb_table, combine_odpfc_parts=True, odpfc_parts_dir=None, baseline_path_output_mode=full_odpfc, combine_event_candidate_parts=False, damaged_edges_path=None, create_full_temp_flow_matrix=True
2026-07-23 09:27:59,447 3842457 road_revised.py No.1 iteration starts:
2026-07-23 09:27:59,505 3842457 road_revised.py RSS checkpoint [iter1_start]: 2.86 GB
2026-07-23 09:27:59,677 3842457 road_revised.py Initial isolated flows: 0.0
2026-07-23 09:28:00,247 3842457 road_revised.py Network pickle time for worker init: 0.571 seconds.
Creating argument list:   0%|          | 0/3143 [00:00<?, ?it/s]Creating argument list:  10%|▉         | 302/3143 [00:00<00:01, 2831.97it/s]Creating argument list:  22%|██▏       | 679/3143 [00:00<00:00, 3365.28it/s]Creating argument list:  33%|███▎      | 1022/3143 [00:00<00:00, 3392.15it/s]Creating argument list:  44%|████▍     | 1397/3143 [00:00<00:00, 3529.18it/s]Creating argument list:  56%|█████▌    | 1751/3143 [00:00<00:00, 3421.36it/s]Creating argument list:  68%|██████▊   | 2128/3143 [00:00<00:00, 3535.26it/s]Creating argument list:  79%|███████▉  | 2483/3143 [00:00<00:00, 3506.79it/s]Creating argument list:  91%|█████████ | 2858/3143 [00:00<00:00, 3581.82it/s]Creating argument list: 100%|██████████| 3143/3143 [00:01<00:00, 3138.19it/s]
2026-07-23 09:28:02,211 3842457 road_revised.py Chunked LCP dispatch: 3143 origin-tasks split into 34374 tasks (dest_chunk_size=300).
2026-07-23 09:28:02,561 3842457 road_revised.py RSS checkpoint [iter1_args_built]: 3.86 GB
2026-07-23 09:28:02,564 3842457 road_revised.py Flow DB insert batch size: 50,000
2026-07-23 09:28:02,861 3842457 road_revised.py Pool construction (spawn+initializer) time: 0.296 seconds (num_of_cpu=8).
2026-07-23 09:28:03,276 3842457 road_revised.py Completed 1 of 34374, 0.00%
2026-07-23 09:28:03,276 3842457 road_revised.py RSS checkpoint [iter1_lcp_progress_1_of_34374]: 3.57 GB
2026-07-23 09:28:03,559 3842457 road_revised.py Completed 10 of 34374, 0.03%
2026-07-23 09:28:03,851 3842457 road_revised.py Completed 20 of 34374, 0.06%
2026-07-23 09:28:03,853 3842457 road_revised.py RSS checkpoint [iter1_lcp_progress_20_of_34374]: 3.75 GB
2026-07-23 09:28:04,129 3842457 road_revised.py Completed 30 of 34374, 0.09%
2026-07-23 09:28:04,430 3842457 road_revised.py Completed 40 of 34374, 0.12%
2026-07-23 09:28:04,430 3842457 road_revised.py RSS checkpoint [iter1_lcp_progress_40_of_34374]: 3.93 GB
2026-07-23 09:28:04,685 3842457 road_revised.py Completed 50 of 34374, 0.15%
2026-07-23 09:28:04,936 3842457 road_revised.py Completed 60 of 34374, 0.17%
2026-07-23 09:28:04,936 3842457 road_revised.py RSS checkpoint [iter1_lcp_progress_60_of_34374]: 4.07 GB
2026-07-23 09:28:05,199 3842457 road_revised.py Completed 70 of 34374, 0.20%
2026-07-23 09:28:05,482 3842457 road_revised.py Completed 80 of 34374, 0.23%
2026-07-23 09:28:05,483 3842457 road_revised.py RSS checkpoint [iter1_lcp_progress_80_of_34374]: 4.22 GB
2026-07-23 09:28:05,726 3842457 road_revised.py Completed 90 of 34374, 0.26%
2026-07-23 09:28:05,990 3842457 road_revised.py Completed 100 of 34374, 0.29%
2026-07-23 09:28:05,990 3842457 road_revised.py RSS checkpoint [iter1_lcp_progress_100_of_34374]: 4.38 GB
2026-07-23 09:28:06,305 3842457 road_revised.py Completed 110 of 34374, 0.32%
2026-07-23 09:28:06,553 3842457 road_revised.py Completed 120 of 34374, 0.35%
2026-07-23 09:28:06,554 3842457 road_revised.py RSS checkpoint [iter1_lcp_progress_120_of_34374]: 4.54 GB
2026-07-23 09:28:06,831 3842457 road_revised.py Completed 130 of 34374, 0.38%
2026-07-23 09:28:07,142 3842457 road_revised.py Completed 140 of 34374, 0.41%
2026-07-23 09:28:07,154 3842457 road_revised.py RSS checkpoint [iter1_lcp_progress_140_of_34374]: 4.70 GB
2026-07-23 09:28:07,385 3842457 road_revised.py Completed 150 of 34374, 0.44%
2026-07-23 09:28:07,726 3842457 road_revised.py Completed 160 of 34374, 0.47%
2026-07-23 09:28:07,728 3842457 road_revised.py RSS checkpoint [iter1_lcp_progress_160_of_34374]: 4.88 GB
2026-07-23 09:28:10,217 3842457 road_revised.py Completed 170 of 34374, 0.49%
2026-07-23 09:28:10,235 3842457 road_revised.py Completed 180 of 34374, 0.52%
2026-07-23 09:28:10,235 3842457 road_revised.py RSS checkpoint [iter1_lcp_progress_180_of_34374]: 4.56 GB
2026-07-23 09:28:10,236 3842457 road_revised.py Completed 190 of 34374, 0.55%
2026-07-23 09:28:10,250 3842457 road_revised.py Completed 200 of 34374, 0.58%
2026-07-23 09:28:10,254 3842457 road_revised.py RSS checkpoint [iter1_lcp_progress_200_of_34374]: 4.56 GB
2026-07-23 09:28:10,255 3842457 road_revised.py Completed 210 of 34374, 0.61%
2026-07-23 09:28:10,261 3842457 road_revised.py Completed 220 of 34374, 0.64%
2026-07-23 09:28:10,270 3842457 road_revised.py RSS checkpoint [iter1_lcp_progress_220_of_34374]: 4.56 GB
2026-07-23 09:28:10,330 3842457 road_revised.py Completed 230 of 34374, 0.67%
2026-07-23 09:28:10,587 3842457 road_revised.py Completed 240 of 34374, 0.70%
2026-07-23 09:28:10,587 3842457 road_revised.py RSS checkpoint [iter1_lcp_progress_240_of_34374]: 4.31 GB
2026-07-23 09:28:10,864 3842457 road_revised.py Completed 250 of 34374, 0.73%
2026-07-23 09:28:11,114 3842457 road_revised.py Completed 260 of 34374, 0.76%
2026-07-23 09:28:11,114 3842457 road_revised.py RSS checkpoint [iter1_lcp_progress_260_of_34374]: 4.44 GB
2026-07-23 09:28:11,387 3842457 road_revised.py Completed 270 of 34374, 0.79%
2026-07-23 09:28:11,630 3842457 road_revised.py Completed 280 of 34374, 0.81%
2026-07-23 09:28:11,630 3842457 road_revised.py RSS checkpoint [iter1_lcp_progress_280_of_34374]: 4.62 GB
2026-07-23 09:28:11,952 3842457 road_revised.py Completed 290 of 34374, 0.84%
2026-07-23 09:28:12,219 3842457 road_revised.py Completed 300 of 34374, 0.87%
2026-07-23 09:28:12,219 3842457 road_revised.py RSS checkpoint [iter1_lcp_progress_300_of_34374]: 4.80 GB
2026-07-23 09:28:12,514 3842457 road_revised.py Completed 310 of 34374, 0.90%
2026-07-23 09:28:13,260 3842457 road_revised.py Completed 320 of 34374, 0.93%
2026-07-23 09:28:13,260 3842457 road_revised.py RSS checkpoint [iter1_lcp_progress_320_of_34374]: 4.97 GB
2026-07-23 09:28:13,510 3842457 road_revised.py Completed 330 of 34374, 0.96%
2026-07-23 09:28:16,887 3842457 road_revised.py Completed 340 of 34374, 0.99%
2026-07-23 09:28:16,897 3842457 road_revised.py RSS checkpoint [iter1_lcp_progress_340_of_34374]: 5.26 GB
2026-07-23 09:28:16,964 3842457 road_revised.py Completed 350 of 34374, 1.02%
2026-07-23 09:28:16,965 3842457 road_revised.py Completed 360 of 34374, 1.05%
2026-07-23 09:28:16,968 3842457 road_revised.py RSS checkpoint [iter1_lcp_progress_360_of_34374]: 5.26 GB
2026-07-23 09:28:16,971 3842457 road_revised.py Completed 370 of 34374, 1.08%
2026-07-23 09:28:16,977 3842457 road_revised.py Completed 380 of 34374, 1.11%
2026-07-23 09:28:16,982 3842457 road_revised.py RSS checkpoint [iter1_lcp_progress_380_of_34374]: 5.26 GB
2026-07-23 09:28:16,986 3842457 road_revised.py Completed 390 of 34374, 1.13%
2026-07-23 09:28:16,995 3842457 road_revised.py Completed 400 of 34374, 1.16%
2026-07-23 09:28:16,996 3842457 road_revised.py RSS checkpoint [iter1_lcp_progress_400_of_34374]: 5.26 GB
2026-07-23 09:28:17,000 3842457 road_revised.py Completed 410 of 34374, 1.19%
2026-07-23 09:28:17,010 3842457 road_revised.py Completed 420 of 34374, 1.22%
2026-07-23 09:28:17,012 3842457 road_revised.py RSS checkpoint [iter1_lcp_progress_420_of_34374]: 5.26 GB
2026-07-23 09:28:17,200 3842457 road_revised.py Completed 430 of 34374, 1.25%
2026-07-23 09:28:17,489 3842457 road_revised.py Completed 440 of 34374, 1.28%
2026-07-23 09:28:17,491 3842457 road_revised.py RSS checkpoint [iter1_lcp_progress_440_of_34374]: 5.08 GB
2026-07-23 09:28:17,799 3842457 road_revised.py Completed 450 of 34374, 1.31%
2026-07-23 09:28:18,084 3842457 road_revised.py Completed 460 of 34374, 1.34%
2026-07-23 09:28:18,084 3842457 road_revised.py RSS checkpoint [iter1_lcp_progress_460_of_34374]: 5.33 GB
2026-07-23 09:28:18,423 3842457 road_revised.py Completed 470 of 34374, 1.37%
2026-07-23 09:28:18,710 3842457 road_revised.py Completed 480 of 34374, 1.40%
2026-07-23 09:28:18,710 3842457 road_revised.py RSS checkpoint [iter1_lcp_progress_480_of_34374]: 5.55 GB
2026-07-23 09:28:18,990 3842457 road_revised.py Completed 490 of 34374, 1.43%
2026-07-23 09:28:19,313 3842457 road_revised.py Completed 500 of 34374, 1.45%
2026-07-23 09:28:19,318 3842457 road_revised.py RSS checkpoint [iter1_lcp_progress_500_of_34374]: 5.73 GB
2026-07-23 09:28:22,559 3842457 road_revised.py Completed 510 of 34374, 1.48%
2026-07-23 09:28:22,561 3842457 road_revised.py Completed 520 of 34374, 1.51%
2026-07-23 09:28:22,561 3842457 road_revised.py Completed 530 of 34374, 1.54%
2026-07-23 09:28:22,563 3842457 road_revised.py Completed 540 of 34374, 1.57%
2026-07-23 09:28:22,564 3842457 road_revised.py Completed 550 of 34374, 1.60%
2026-07-23 09:28:22,564 3842457 road_revised.py Completed 560 of 34374, 1.63%
2026-07-23 09:28:22,566 3842457 road_revised.py Completed 570 of 34374, 1.66%
2026-07-23 09:28:22,727 3842457 road_revised.py Completed 580 of 34374, 1.69%
2026-07-23 09:28:23,013 3842457 road_revised.py Completed 590 of 34374, 1.72%
2026-07-23 09:28:23,272 3842457 road_revised.py Completed 600 of 34374, 1.75%
2026-07-23 09:28:23,272 3842457 road_revised.py RSS checkpoint [iter1_lcp_progress_600_of_34374]: 4.86 GB
2026-07-23 09:28:23,547 3842457 road_revised.py Completed 610 of 34374, 1.77%
2026-07-23 09:28:23,810 3842457 road_revised.py Completed 620 of 34374, 1.80%
2026-07-23 09:28:24,092 3842457 road_revised.py Completed 630 of 34374, 1.83%
2026-07-23 09:28:24,385 3842457 road_revised.py Completed 640 of 34374, 1.86%
2026-07-23 09:28:24,636 3842457 road_revised.py Completed 650 of 34374, 1.89%
2026-07-23 09:28:25,405 3842457 road_revised.py Completed 660 of 34374, 1.92%
2026-07-23 09:28:25,685 3842457 road_revised.py Completed 670 of 34374, 1.95%
2026-07-23 09:28:29,215 3842457 road_revised.py Completed 680 of 34374, 1.98%
2026-07-23 09:28:29,217 3842457 road_revised.py Completed 690 of 34374, 2.01%
2026-07-23 09:28:29,218 3842457 road_revised.py Completed 700 of 34374, 2.04%
2026-07-23 09:28:29,241 3842457 road_revised.py RSS checkpoint [iter1_lcp_progress_700_of_34374]: 5.37 GB
2026-07-23 09:28:29,247 3842457 road_revised.py Completed 710 of 34374, 2.07%
2026-07-23 09:28:29,247 3842457 road_revised.py Completed 720 of 34374, 2.09%
2026-07-23 09:28:29,266 3842457 road_revised.py Completed 730 of 34374, 2.12%
2026-07-23 09:28:29,267 3842457 road_revised.py Completed 740 of 34374, 2.15%
2026-07-23 09:28:29,269 3842457 road_revised.py Completed 750 of 34374, 2.18%
2026-07-23 09:28:29,293 3842457 road_revised.py Completed 760 of 34374, 2.21%
2026-07-23 09:28:29,543 3842457 road_revised.py Completed 770 of 34374, 2.24%
2026-07-23 09:28:29,799 3842457 road_revised.py Completed 780 of 34374, 2.27%
2026-07-23 09:28:30,108 3842457 road_revised.py Completed 790 of 34374, 2.30%
2026-07-23 09:28:30,370 3842457 road_revised.py Completed 800 of 34374, 2.33%
2026-07-23 09:28:30,371 3842457 road_revised.py RSS checkpoint [iter1_lcp_progress_800_of_34374]: 5.40 GB
2026-07-23 09:28:30,625 3842457 road_revised.py Completed 810 of 34374, 2.36%
2026-07-23 09:28:30,881 3842457 road_revised.py Completed 820 of 34374, 2.39%
2026-07-23 09:28:31,160 3842457 road_revised.py Completed 830 of 34374, 2.41%
2026-07-23 09:28:34,189 3842457 road_revised.py Completed 840 of 34374, 2.44%
2026-07-23 09:28:34,206 3842457 road_revised.py Completed 850 of 34374, 2.47%
2026-07-23 09:28:34,207 3842457 road_revised.py Completed 860 of 34374, 2.50%
2026-07-23 09:28:34,208 3842457 road_revised.py Completed 870 of 34374, 2.53%
2026-07-23 09:28:34,229 3842457 road_revised.py Completed 880 of 34374, 2.56%
2026-07-23 09:28:34,229 3842457 road_revised.py Completed 890 of 34374, 2.59%
2026-07-23 09:28:34,233 3842457 road_revised.py Completed 900 of 34374, 2.62%
2026-07-23 09:28:34,234 3842457 road_revised.py RSS checkpoint [iter1_lcp_progress_900_of_34374]: 5.71 GB
2026-07-23 09:28:34,451 3842457 road_revised.py Completed 910 of 34374, 2.65%
2026-07-23 09:28:34,734 3842457 road_revised.py Completed 920 of 34374, 2.68%
2026-07-23 09:28:35,047 3842457 road_revised.py Completed 930 of 34374, 2.71%
2026-07-23 09:28:35,307 3842457 road_revised.py Completed 940 of 34374, 2.73%
2026-07-23 09:28:35,606 3842457 road_revised.py Completed 950 of 34374, 2.76%
2026-07-23 09:28:35,919 3842457 road_revised.py Completed 960 of 34374, 2.79%
2026-07-23 09:28:36,202 3842457 road_revised.py Completed 970 of 34374, 2.82%
2026-07-23 09:28:36,519 3842457 road_revised.py Completed 980 of 34374, 2.85%
2026-07-23 09:28:36,785 3842457 road_revised.py Completed 990 of 34374, 2.88%
2026-07-23 09:28:37,101 3842457 road_revised.py Completed 1000 of 34374, 2.91%
2026-07-23 09:28:37,101 3842457 road_revised.py RSS checkpoint [iter1_lcp_progress_1000_of_34374]: 5.87 GB
2026-07-23 09:28:41,695 3842457 road_revised.py Completed 1010 of 34374, 2.94%
2026-07-23 09:28:41,711 3842457 road_revised.py Completed 1020 of 34374, 2.97%
2026-07-23 09:28:41,748 3842457 road_revised.py Completed 1030 of 34374, 3.00%
2026-07-23 09:28:41,755 3842457 road_revised.py Completed 1040 of 34374, 3.03%
2026-07-23 09:28:41,758 3842457 road_revised.py Completed 1050 of 34374, 3.05%
2026-07-23 09:28:41,766 3842457 road_revised.py Completed 1060 of 34374, 3.08%
2026-07-23 09:28:41,768 3842457 road_revised.py Completed 1070 of 34374, 3.11%
2026-07-23 09:28:41,771 3842457 road_revised.py Completed 1080 of 34374, 3.14%
2026-07-23 09:28:41,780 3842457 road_revised.py Completed 1090 of 34374, 3.17%
2026-07-23 09:28:41,781 3842457 road_revised.py Completed 1100 of 34374, 3.20%
2026-07-23 09:28:41,781 3842457 road_revised.py RSS checkpoint [iter1_lcp_progress_1100_of_34374]: 6.01 GB
2026-07-23 09:28:42,008 3842457 road_revised.py Completed 1110 of 34374, 3.23%
2026-07-23 09:28:42,282 3842457 road_revised.py Completed 1120 of 34374, 3.26%
2026-07-23 09:28:42,598 3842457 road_revised.py Completed 1130 of 34374, 3.29%
2026-07-23 09:28:42,843 3842457 road_revised.py Completed 1140 of 34374, 3.32%
2026-07-23 09:28:43,069 3842457 road_revised.py Completed 1150 of 34374, 3.35%
2026-07-23 09:28:43,403 3842457 road_revised.py Completed 1160 of 34374, 3.37%
2026-07-23 09:28:43,627 3842457 road_revised.py Completed 1170 of 34374, 3.40%
2026-07-23 09:28:46,065 3842457 road_revised.py Completed 1180 of 34374, 3.43%
2026-07-23 09:28:46,069 3842457 road_revised.py Completed 1190 of 34374, 3.46%
2026-07-23 09:28:46,070 3842457 road_revised.py Completed 1200 of 34374, 3.49%
2026-07-23 09:28:46,082 3842457 road_revised.py RSS checkpoint [iter1_lcp_progress_1200_of_34374]: 5.65 GB
2026-07-23 09:28:46,092 3842457 road_revised.py Completed 1210 of 34374, 3.52%
2026-07-23 09:28:46,096 3842457 road_revised.py Completed 1220 of 34374, 3.55%
2026-07-23 09:28:46,096 3842457 road_revised.py Completed 1230 of 34374, 3.58%
2026-07-23 09:28:46,289 3842457 road_revised.py Completed 1240 of 34374, 3.61%
2026-07-23 09:28:46,572 3842457 road_revised.py Completed 1250 of 34374, 3.64%
2026-07-23 09:28:46,835 3842457 road_revised.py Completed 1260 of 34374, 3.67%
2026-07-23 09:28:47,110 3842457 road_revised.py Completed 1270 of 34374, 3.69%
2026-07-23 09:28:47,352 3842457 road_revised.py Completed 1280 of 34374, 3.72%
2026-07-23 09:28:47,630 3842457 road_revised.py Completed 1290 of 34374, 3.75%
2026-07-23 09:28:47,894 3842457 road_revised.py Completed 1300 of 34374, 3.78%
2026-07-23 09:28:47,895 3842457 road_revised.py RSS checkpoint [iter1_lcp_progress_1300_of_34374]: 5.59 GB
2026-07-23 09:28:48,131 3842457 road_revised.py Completed 1310 of 34374, 3.81%
2026-07-23 09:28:48,464 3842457 road_revised.py Completed 1320 of 34374, 3.84%
2026-07-23 09:28:48,769 3842457 road_revised.py Completed 1330 of 34374, 3.87%
2026-07-23 09:28:49,099 3842457 road_revised.py Completed 1340 of 34374, 3.90%
2026-07-23 09:28:53,114 3842457 road_revised.py Completed 1350 of 34374, 3.93%
2026-07-23 09:28:53,115 3842457 road_revised.py Completed 1360 of 34374, 3.96%
2026-07-23 09:28:53,120 3842457 road_revised.py Completed 1370 of 34374, 3.99%
2026-07-23 09:28:53,124 3842457 road_revised.py Completed 1380 of 34374, 4.01%
2026-07-23 09:28:53,125 3842457 road_revised.py Completed 1390 of 34374, 4.04%
2026-07-23 09:28:53,126 3842457 road_revised.py Completed 1400 of 34374, 4.07%
2026-07-23 09:28:53,136 3842457 road_revised.py RSS checkpoint [iter1_lcp_progress_1400_of_34374]: 6.10 GB
2026-07-23 09:28:53,141 3842457 road_revised.py Completed 1410 of 34374, 4.10%
2026-07-23 09:28:53,347 3842457 road_revised.py Completed 1420 of 34374, 4.13%
2026-07-23 09:28:53,648 3842457 road_revised.py Completed 1430 of 34374, 4.16%
2026-07-23 09:28:53,905 3842457 road_revised.py Completed 1440 of 34374, 4.19%
2026-07-23 09:28:54,200 3842457 road_revised.py Completed 1450 of 34374, 4.22%
2026-07-23 09:28:54,473 3842457 road_revised.py Completed 1460 of 34374, 4.25%
2026-07-23 09:28:54,758 3842457 road_revised.py Completed 1470 of 34374, 4.28%
2026-07-23 09:28:55,063 3842457 road_revised.py Completed 1480 of 34374, 4.31%
2026-07-23 09:28:55,310 3842457 road_revised.py Completed 1490 of 34374, 4.33%
2026-07-23 09:28:55,594 3842457 road_revised.py Completed 1500 of 34374, 4.36%
2026-07-23 09:28:55,594 3842457 road_revised.py RSS checkpoint [iter1_lcp_progress_1500_of_34374]: 5.95 GB
2026-07-23 09:28:58,390 3842457 road_revised.py Completed 1510 of 34374, 4.39%
2026-07-23 09:28:58,393 3842457 road_revised.py Completed 1520 of 34374, 4.42%
2026-07-23 09:28:58,413 3842457 road_revised.py Completed 1530 of 34374, 4.45%
2026-07-23 09:28:58,416 3842457 road_revised.py Completed 1540 of 34374, 4.48%
2026-07-23 09:28:58,417 3842457 road_revised.py Completed 1550 of 34374, 4.51%
2026-07-23 09:28:58,419 3842457 road_revised.py Completed 1560 of 34374, 4.54%
2026-07-23 09:28:58,420 3842457 road_revised.py Completed 1570 of 34374, 4.57%
2026-07-23 09:28:58,583 3842457 road_revised.py Completed 1580 of 34374, 4.60%
2026-07-23 09:28:58,833 3842457 road_revised.py Completed 1590 of 34374, 4.63%
2026-07-23 09:28:59,060 3842457 road_revised.py Completed 1600 of 34374, 4.65%
2026-07-23 09:28:59,060 3842457 road_revised.py RSS checkpoint [iter1_lcp_progress_1600_of_34374]: 5.57 GB
2026-07-23 09:28:59,361 3842457 road_revised.py Completed 1610 of 34374, 4.68%
2026-07-23 09:28:59,639 3842457 road_revised.py Completed 1620 of 34374, 4.71%
2026-07-23 09:28:59,867 3842457 road_revised.py Completed 1630 of 34374, 4.74%
2026-07-23 09:29:00,132 3842457 road_revised.py Completed 1640 of 34374, 4.77%
2026-07-23 09:29:00,385 3842457 road_revised.py Completed 1650 of 34374, 4.80%
2026-07-23 09:29:00,614 3842457 road_revised.py Completed 1660 of 34374, 4.83%
2026-07-23 09:29:00,864 3842457 road_revised.py Completed 1670 of 34374, 4.86%
2026-07-23 09:29:04,081 3842457 road_revised.py Completed 1680 of 34374, 4.89%
2026-07-23 09:29:04,087 3842457 road_revised.py Completed 1690 of 34374, 4.92%
2026-07-23 09:29:04,128 3842457 road_revised.py Completed 1700 of 34374, 4.95%
2026-07-23 09:29:04,136 3842457 road_revised.py RSS checkpoint [iter1_lcp_progress_1700_of_34374]: 6.55 GB
2026-07-23 09:29:04,141 3842457 road_revised.py Completed 1710 of 34374, 4.97%
2026-07-23 09:29:04,141 3842457 road_revised.py Completed 1720 of 34374, 5.00%
2026-07-23 09:29:04,595 3842457 road_revised.py Completed 1730 of 34374, 5.03%
2026-07-23 09:29:04,597 3842457 road_revised.py Completed 1740 of 34374, 5.06%
2026-07-23 09:29:04,598 3842457 road_revised.py Completed 1750 of 34374, 5.09%
2026-07-23 09:29:04,700 3842457 road_revised.py Completed 1760 of 34374, 5.12%
2026-07-23 09:29:05,041 3842457 road_revised.py Completed 1770 of 34374, 5.15%
2026-07-23 09:29:05,330 3842457 road_revised.py Completed 1780 of 34374, 5.18%
2026-07-23 09:29:05,612 3842457 road_revised.py Completed 1790 of 34374, 5.21%
2026-07-23 09:29:05,868 3842457 road_revised.py Completed 1800 of 34374, 5.24%
2026-07-23 09:29:05,869 3842457 road_revised.py RSS checkpoint [iter1_lcp_progress_1800_of_34374]: 6.45 GB
2026-07-23 09:29:06,183 3842457 road_revised.py Completed 1810 of 34374, 5.27%
2026-07-23 09:29:06,413 3842457 road_revised.py Completed 1820 of 34374, 5.29%
2026-07-23 09:29:06,714 3842457 road_revised.py Completed 1830 of 34374, 5.32%
2026-07-23 09:29:06,980 3842457 road_revised.py Completed 1840 of 34374, 5.35%
2026-07-23 09:29:09,740 3842457 road_revised.py Completed 1850 of 34374, 5.38%
2026-07-23 09:29:09,799 3842457 road_revised.py Completed 1860 of 34374, 5.41%
2026-07-23 09:29:09,800 3842457 road_revised.py Completed 1870 of 34374, 5.44%
2026-07-23 09:29:09,801 3842457 road_revised.py Completed 1880 of 34374, 5.47%
2026-07-23 09:29:09,815 3842457 road_revised.py Completed 1890 of 34374, 5.50%
2026-07-23 09:29:09,815 3842457 road_revised.py Completed 1900 of 34374, 5.53%
2026-07-23 09:29:09,822 3842457 road_revised.py RSS checkpoint [iter1_lcp_progress_1900_of_34374]: 6.10 GB
2026-07-23 09:29:09,870 3842457 road_revised.py Completed 1910 of 34374, 5.56%
2026-07-23 09:29:10,127 3842457 road_revised.py Completed 1920 of 34374, 5.59%
2026-07-23 09:29:10,403 3842457 road_revised.py Completed 1930 of 34374, 5.61%
2026-07-23 09:29:10,704 3842457 road_revised.py Completed 1940 of 34374, 5.64%
2026-07-23 09:29:10,959 3842457 road_revised.py Completed 1950 of 34374, 5.67%
2026-07-23 09:29:11,211 3842457 road_revised.py Completed 1960 of 34374, 5.70%
2026-07-23 09:29:11,490 3842457 road_revised.py Completed 1970 of 34374, 5.73%
2026-07-23 09:29:11,747 3842457 road_revised.py Completed 1980 of 34374, 5.76%
2026-07-23 09:29:12,027 3842457 road_revised.py Completed 1990 of 34374, 5.79%
2026-07-23 09:29:12,259 3842457 road_revised.py Completed 2000 of 34374, 5.82%
2026-07-23 09:29:12,259 3842457 road_revised.py RSS checkpoint [iter1_lcp_progress_2000_of_34374]: 5.90 GB
2026-07-23 09:29:12,534 3842457 road_revised.py Completed 2010 of 34374, 5.85%
2026-07-23 09:29:15,611 3842457 road_revised.py Completed 2020 of 34374, 5.88%
2026-07-23 09:29:15,665 3842457 road_revised.py Completed 2030 of 34374, 5.91%
2026-07-23 09:29:15,666 3842457 road_revised.py Completed 2040 of 34374, 5.93%
2026-07-23 09:29:15,672 3842457 road_revised.py Completed 2050 of 34374, 5.96%
2026-07-23 09:29:16,143 3842457 road_revised.py Completed 2060 of 34374, 5.99%
2026-07-23 09:29:16,152 3842457 road_revised.py Completed 2070 of 34374, 6.02%
2026-07-23 09:29:16,155 3842457 road_revised.py Completed 2080 of 34374, 6.05%
2026-07-23 09:29:16,155 3842457 road_revised.py Completed 2090 of 34374, 6.08%
2026-07-23 09:29:16,399 3842457 road_revised.py Completed 2100 of 34374, 6.11%
2026-07-23 09:29:16,399 3842457 road_revised.py RSS checkpoint [iter1_lcp_progress_2100_of_34374]: 6.70 GB
2026-07-23 09:29:16,662 3842457 road_revised.py Completed 2110 of 34374, 6.14%
2026-07-23 09:29:16,971 3842457 road_revised.py Completed 2120 of 34374, 6.17%
2026-07-23 09:29:17,276 3842457 road_revised.py Completed 2130 of 34374, 6.20%
2026-07-23 09:29:17,595 3842457 road_revised.py Completed 2140 of 34374, 6.23%
2026-07-23 09:29:17,866 3842457 road_revised.py Completed 2150 of 34374, 6.25%
2026-07-23 09:29:18,108 3842457 road_revised.py Completed 2160 of 34374, 6.28%
2026-07-23 09:29:18,448 3842457 road_revised.py Completed 2170 of 34374, 6.31%
2026-07-23 09:29:21,620 3842457 road_revised.py Completed 2180 of 34374, 6.34%
2026-07-23 09:29:21,630 3842457 road_revised.py Completed 2190 of 34374, 6.37%
2026-07-23 09:29:21,632 3842457 road_revised.py Completed 2200 of 34374, 6.40%
2026-07-23 09:29:21,637 3842457 road_revised.py RSS checkpoint [iter1_lcp_progress_2200_of_34374]: 6.70 GB
2026-07-23 09:29:21,651 3842457 road_revised.py Completed 2210 of 34374, 6.43%
2026-07-23 09:29:21,652 3842457 road_revised.py Completed 2220 of 34374, 6.46%
2026-07-23 09:29:21,653 3842457 road_revised.py Completed 2230 of 34374, 6.49%
2026-07-23 09:29:21,655 3842457 road_revised.py Completed 2240 of 34374, 6.52%
2026-07-23 09:29:21,670 3842457 road_revised.py Completed 2250 of 34374, 6.55%
2026-07-23 09:29:21,911 3842457 road_revised.py Completed 2260 of 34374, 6.57%
2026-07-23 09:29:22,309 3842457 road_revised.py Completed 2270 of 34374, 6.60%
2026-07-23 09:29:22,502 3842457 road_revised.py Completed 2280 of 34374, 6.63%
2026-07-23 09:29:22,770 3842457 road_revised.py Completed 2290 of 34374, 6.66%
2026-07-23 09:29:23,045 3842457 road_revised.py Completed 2300 of 34374, 6.69%
2026-07-23 09:29:23,045 3842457 road_revised.py RSS checkpoint [iter1_lcp_progress_2300_of_34374]: 6.46 GB
2026-07-23 09:29:23,307 3842457 road_revised.py Completed 2310 of 34374, 6.72%
2026-07-23 09:29:23,615 3842457 road_revised.py Completed 2320 of 34374, 6.75%
2026-07-23 09:29:23,867 3842457 road_revised.py Completed 2330 of 34374, 6.78%
2026-07-23 09:29:24,189 3842457 road_revised.py Completed 2340 of 34374, 6.81%
2026-07-23 09:29:27,547 3842457 road_revised.py Completed 2350 of 34374, 6.84%
2026-07-23 09:29:27,568 3842457 road_revised.py Completed 2360 of 34374, 6.87%
2026-07-23 09:29:27,569 3842457 road_revised.py Completed 2370 of 34374, 6.89%
2026-07-23 09:29:28,044 3842457 road_revised.py Completed 2380 of 34374, 6.92%
2026-07-23 09:29:28,045 3842457 road_revised.py Completed 2390 of 34374, 6.95%
2026-07-23 09:29:28,046 3842457 road_revised.py Completed 2400 of 34374, 6.98%
2026-07-23 09:29:28,053 3842457 road_revised.py RSS checkpoint [iter1_lcp_progress_2400_of_34374]: 6.64 GB
2026-07-23 09:29:28,056 3842457 road_revised.py Completed 2410 of 34374, 7.01%
2026-07-23 09:29:28,057 3842457 road_revised.py Completed 2420 of 34374, 7.04%
2026-07-23 09:29:28,080 3842457 road_revised.py Completed 2430 of 34374, 7.07%
2026-07-23 09:29:28,372 3842457 road_revised.py Completed 2440 of 34374, 7.10%
2026-07-23 09:29:28,602 3842457 road_revised.py Completed 2450 of 34374, 7.13%
2026-07-23 09:29:28,869 3842457 road_revised.py Completed 2460 of 34374, 7.16%
2026-07-23 09:29:29,140 3842457 road_revised.py Completed 2470 of 34374, 7.19%
2026-07-23 09:29:29,378 3842457 road_revised.py Completed 2480 of 34374, 7.21%
2026-07-23 09:29:29,623 3842457 road_revised.py Completed 2490 of 34374, 7.24%
2026-07-23 09:29:29,867 3842457 road_revised.py Completed 2500 of 34374, 7.27%
2026-07-23 09:29:29,868 3842457 road_revised.py RSS checkpoint [iter1_lcp_progress_2500_of_34374]: 6.83 GB
2026-07-23 09:29:30,124 3842457 road_revised.py Completed 2510 of 34374, 7.30%
2026-07-23 09:29:32,705 3842457 road_revised.py Completed 2520 of 34374, 7.33%
2026-07-23 09:29:32,710 3842457 road_revised.py Completed 2530 of 34374, 7.36%
2026-07-23 09:29:32,711 3842457 road_revised.py Completed 2540 of 34374, 7.39%
2026-07-23 09:29:32,733 3842457 road_revised.py Completed 2550 of 34374, 7.42%
2026-07-23 09:29:32,743 3842457 road_revised.py Completed 2560 of 34374, 7.45%
2026-07-23 09:29:32,766 3842457 road_revised.py Completed 2570 of 34374, 7.48%
2026-07-23 09:29:32,785 3842457 road_revised.py Completed 2580 of 34374, 7.51%
2026-07-23 09:29:33,065 3842457 road_revised.py Completed 2590 of 34374, 7.53%
2026-07-23 09:29:33,348 3842457 road_revised.py Completed 2600 of 34374, 7.56%
2026-07-23 09:29:33,349 3842457 road_revised.py RSS checkpoint [iter1_lcp_progress_2600_of_34374]: 6.60 GB
2026-07-23 09:29:33,609 3842457 road_revised.py Completed 2610 of 34374, 7.59%
2026-07-23 09:29:33,913 3842457 road_revised.py Completed 2620 of 34374, 7.62%
2026-07-23 09:29:34,198 3842457 road_revised.py Completed 2630 of 34374, 7.65%
2026-07-23 09:29:34,457 3842457 road_revised.py Completed 2640 of 34374, 7.68%
2026-07-23 09:29:34,747 3842457 road_revised.py Completed 2650 of 34374, 7.71%
2026-07-23 09:29:35,072 3842457 road_revised.py Completed 2660 of 34374, 7.74%
2026-07-23 09:29:35,362 3842457 road_revised.py Completed 2670 of 34374, 7.77%
2026-07-23 09:29:35,661 3842457 road_revised.py Completed 2680 of 34374, 7.80%
2026-07-23 09:29:39,330 3842457 road_revised.py Completed 2690 of 34374, 7.83%
2026-07-23 09:29:39,356 3842457 road_revised.py Completed 2700 of 34374, 7.85%
2026-07-23 09:29:39,356 3842457 road_revised.py RSS checkpoint [iter1_lcp_progress_2700_of_34374]: 7.04 GB
2026-07-23 09:29:39,780 3842457 road_revised.py Completed 2710 of 34374, 7.88%
2026-07-23 09:29:39,781 3842457 road_revised.py Completed 2720 of 34374, 7.91%
2026-07-23 09:29:39,800 3842457 road_revised.py Completed 2730 of 34374, 7.94%
2026-07-23 09:29:39,801 3842457 road_revised.py Completed 2740 of 34374, 7.97%
2026-07-23 09:29:39,802 3842457 road_revised.py Completed 2750 of 34374, 8.00%
2026-07-23 09:29:39,805 3842457 road_revised.py Completed 2760 of 34374, 8.03%
2026-07-23 09:29:39,856 3842457 road_revised.py Completed 2770 of 34374, 8.06%
2026-07-23 09:29:40,144 3842457 road_revised.py Completed 2780 of 34374, 8.09%
2026-07-23 09:29:40,453 3842457 road_revised.py Completed 2790 of 34374, 8.12%
2026-07-23 09:29:40,741 3842457 road_revised.py Completed 2800 of 34374, 8.15%
2026-07-23 09:29:40,741 3842457 road_revised.py RSS checkpoint [iter1_lcp_progress_2800_of_34374]: 6.99 GB
2026-07-23 09:29:41,014 3842457 road_revised.py Completed 2810 of 34374, 8.17%
2026-07-23 09:29:41,314 3842457 road_revised.py Completed 2820 of 34374, 8.20%
2026-07-23 09:29:41,591 3842457 road_revised.py Completed 2830 of 34374, 8.23%
2026-07-23 09:29:41,852 3842457 road_revised.py Completed 2840 of 34374, 8.26%
2026-07-23 09:29:44,341 3842457 road_revised.py Completed 2850 of 34374, 8.29%
2026-07-23 09:29:44,343 3842457 road_revised.py Completed 2860 of 34374, 8.32%
2026-07-23 09:29:44,352 3842457 road_revised.py Completed 2870 of 34374, 8.35%
2026-07-23 09:29:44,376 3842457 road_revised.py Completed 2880 of 34374, 8.38%
2026-07-23 09:29:44,378 3842457 road_revised.py Completed 2890 of 34374, 8.41%
2026-07-23 09:29:44,379 3842457 road_revised.py Completed 2900 of 34374, 8.44%
2026-07-23 09:29:44,388 3842457 road_revised.py RSS checkpoint [iter1_lcp_progress_2900_of_34374]: 6.67 GB
2026-07-23 09:29:44,419 3842457 road_revised.py Completed 2910 of 34374, 8.47%
2026-07-23 09:29:44,701 3842457 road_revised.py Completed 2920 of 34374, 8.49%
2026-07-23 09:29:44,928 3842457 road_revised.py Completed 2930 of 34374, 8.52%
2026-07-23 09:29:45,187 3842457 road_revised.py Completed 2940 of 34374, 8.55%
2026-07-23 09:29:45,465 3842457 road_revised.py Completed 2950 of 34374, 8.58%
2026-07-23 09:29:45,729 3842457 road_revised.py Completed 2960 of 34374, 8.61%
2026-07-23 09:29:46,002 3842457 road_revised.py Completed 2970 of 34374, 8.64%
2026-07-23 09:29:46,254 3842457 road_revised.py Completed 2980 of 34374, 8.67%
2026-07-23 09:29:46,507 3842457 road_revised.py Completed 2990 of 34374, 8.70%
2026-07-23 09:29:46,755 3842457 road_revised.py Completed 3000 of 34374, 8.73%
2026-07-23 09:29:46,755 3842457 road_revised.py RSS checkpoint [iter1_lcp_progress_3000_of_34374]: 6.54 GB
2026-07-23 09:29:47,029 3842457 road_revised.py Completed 3010 of 34374, 8.76%
2026-07-23 09:29:50,964 3842457 road_revised.py Completed 3020 of 34374, 8.79%
2026-07-23 09:29:50,968 3842457 road_revised.py Completed 3030 of 34374, 8.81%
2026-07-23 09:29:50,969 3842457 road_revised.py Completed 3040 of 34374, 8.84%
2026-07-23 09:29:50,970 3842457 road_revised.py Completed 3050 of 34374, 8.87%
2026-07-23 09:29:50,975 3842457 road_revised.py Completed 3060 of 34374, 8.90%
2026-07-23 09:29:50,976 3842457 road_revised.py Completed 3070 of 34374, 8.93%
2026-07-23 09:29:50,977 3842457 road_revised.py Completed 3080 of 34374, 8.96%
2026-07-23 09:29:50,987 3842457 road_revised.py Completed 3090 of 34374, 8.99%
2026-07-23 09:29:51,001 3842457 road_revised.py Completed 3100 of 34374, 9.02%
2026-07-23 09:29:51,002 3842457 road_revised.py RSS checkpoint [iter1_lcp_progress_3100_of_34374]: 7.46 GB
2026-07-23 09:29:51,186 3842457 road_revised.py Completed 3110 of 34374, 9.05%
2026-07-23 09:29:51,454 3842457 road_revised.py Completed 3120 of 34374, 9.08%
2026-07-23 09:29:51,680 3842457 road_revised.py Completed 3130 of 34374, 9.11%
2026-07-23 09:29:52,012 3842457 road_revised.py Completed 3140 of 34374, 9.13%
2026-07-23 09:29:52,316 3842457 road_revised.py Completed 3150 of 34374, 9.16%
2026-07-23 09:29:52,617 3842457 road_revised.py Completed 3160 of 34374, 9.19%
2026-07-23 09:29:52,943 3842457 road_revised.py Completed 3170 of 34374, 9.22%
2026-07-23 09:29:53,367 3842457 road_revised.py Completed 3180 of 34374, 9.25%
2026-07-23 09:29:56,721 3842457 road_revised.py Completed 3190 of 34374, 9.28%
2026-07-23 09:29:56,727 3842457 road_revised.py Completed 3200 of 34374, 9.31%
2026-07-23 09:29:56,727 3842457 road_revised.py RSS checkpoint [iter1_lcp_progress_3200_of_34374]: 7.45 GB
2026-07-23 09:29:56,728 3842457 road_revised.py Completed 3210 of 34374, 9.34%
2026-07-23 09:29:56,742 3842457 road_revised.py Completed 3220 of 34374, 9.37%
2026-07-23 09:29:56,743 3842457 road_revised.py Completed 3230 of 34374, 9.40%
2026-07-23 09:29:56,745 3842457 road_revised.py Completed 3240 of 34374, 9.43%
2026-07-23 09:29:56,759 3842457 road_revised.py Completed 3250 of 34374, 9.45%
2026-07-23 09:29:56,887 3842457 road_revised.py Completed 3260 of 34374, 9.48%
2026-07-23 09:29:57,191 3842457 road_revised.py Completed 3270 of 34374, 9.51%
2026-07-23 09:29:57,451 3842457 road_revised.py Completed 3280 of 34374, 9.54%
2026-07-23 09:29:57,764 3842457 road_revised.py Completed 3290 of 34374, 9.57%
2026-07-23 09:29:58,018 3842457 road_revised.py Completed 3300 of 34374, 9.60%
2026-07-23 09:29:58,018 3842457 road_revised.py RSS checkpoint [iter1_lcp_progress_3300_of_34374]: 7.17 GB
2026-07-23 09:29:58,338 3842457 road_revised.py Completed 3310 of 34374, 9.63%
2026-07-23 09:29:58,595 3842457 road_revised.py Completed 3320 of 34374, 9.66%
2026-07-23 09:29:58,822 3842457 road_revised.py Completed 3330 of 34374, 9.69%
2026-07-23 09:29:59,139 3842457 road_revised.py Completed 3340 of 34374, 9.72%
2026-07-23 09:29:59,396 3842457 road_revised.py Completed 3350 of 34374, 9.75%
2026-07-23 09:30:02,917 3842457 road_revised.py Completed 3360 of 34374, 9.77%
2026-07-23 09:30:02,948 3842457 road_revised.py Completed 3370 of 34374, 9.80%
2026-07-23 09:30:02,957 3842457 road_revised.py Completed 3380 of 34374, 9.83%
2026-07-23 09:30:02,962 3842457 road_revised.py Completed 3390 of 34374, 9.86%
2026-07-23 09:30:03,440 3842457 road_revised.py Completed 3400 of 34374, 9.89%
2026-07-23 09:30:03,446 3842457 road_revised.py RSS checkpoint [iter1_lcp_progress_3400_of_34374]: 7.17 GB
2026-07-23 09:30:03,447 3842457 road_revised.py Completed 3410 of 34374, 9.92%
2026-07-23 09:30:03,450 3842457 road_revised.py Completed 3420 of 34374, 9.95%
2026-07-23 09:30:03,451 3842457 road_revised.py Completed 3430 of 34374, 9.98%
2026-07-23 09:30:03,461 3842457 road_revised.py Completed 3440 of 34374, 10.01%
2026-07-23 09:30:03,479 3842457 road_revised.py Completed 3450 of 34374, 10.04%
2026-07-23 09:30:03,686 3842457 road_revised.py Completed 3460 of 34374, 10.07%
2026-07-23 09:30:03,922 3842457 road_revised.py Completed 3470 of 34374, 10.09%
2026-07-23 09:30:04,214 3842457 road_revised.py Completed 3480 of 34374, 10.12%
2026-07-23 09:30:04,451 3842457 road_revised.py Completed 3490 of 34374, 10.15%
2026-07-23 09:30:04,756 3842457 road_revised.py Completed 3500 of 34374, 10.18%
2026-07-23 09:30:04,756 3842457 road_revised.py RSS checkpoint [iter1_lcp_progress_3500_of_34374]: 7.31 GB
2026-07-23 09:30:05,022 3842457 road_revised.py Completed 3510 of 34374, 10.21%
2026-07-23 09:30:07,608 3842457 road_revised.py Completed 3520 of 34374, 10.24%
2026-07-23 09:30:07,621 3842457 road_revised.py Completed 3530 of 34374, 10.27%
2026-07-23 09:30:07,630 3842457 road_revised.py Completed 3540 of 34374, 10.30%
2026-07-23 09:30:07,631 3842457 road_revised.py Completed 3550 of 34374, 10.33%
2026-07-23 09:30:07,645 3842457 road_revised.py Completed 3560 of 34374, 10.36%
2026-07-23 09:30:07,646 3842457 road_revised.py Completed 3570 of 34374, 10.39%
2026-07-23 09:30:07,654 3842457 road_revised.py Completed 3580 of 34374, 10.41%
2026-07-23 09:30:07,930 3842457 road_revised.py Completed 3590 of 34374, 10.44%
2026-07-23 09:30:08,269 3842457 road_revised.py Completed 3600 of 34374, 10.47%
2026-07-23 09:30:08,269 3842457 road_revised.py RSS checkpoint [iter1_lcp_progress_3600_of_34374]: 7.19 GB
2026-07-23 09:30:08,559 3842457 road_revised.py Completed 3610 of 34374, 10.50%
2026-07-23 09:30:08,834 3842457 road_revised.py Completed 3620 of 34374, 10.53%
2026-07-23 09:30:09,157 3842457 road_revised.py Completed 3630 of 34374, 10.56%
2026-07-23 09:30:09,426 3842457 road_revised.py Completed 3640 of 34374, 10.59%
2026-07-23 09:30:09,733 3842457 road_revised.py Completed 3650 of 34374, 10.62%
2026-07-23 09:30:10,006 3842457 road_revised.py Completed 3660 of 34374, 10.65%
2026-07-23 09:30:10,339 3842457 road_revised.py Completed 3670 of 34374, 10.68%
2026-07-23 09:30:10,615 3842457 road_revised.py Completed 3680 of 34374, 10.71%
2026-07-23 09:30:14,623 3842457 road_revised.py Completed 3690 of 34374, 10.73%
2026-07-23 09:30:14,681 3842457 road_revised.py Completed 3700 of 34374, 10.76%
2026-07-23 09:30:14,687 3842457 road_revised.py RSS checkpoint [iter1_lcp_progress_3700_of_34374]: 8.18 GB
2026-07-23 09:30:14,690 3842457 road_revised.py Completed 3710 of 34374, 10.79%
2026-07-23 09:30:14,691 3842457 road_revised.py Completed 3720 of 34374, 10.82%
2026-07-23 09:30:15,186 3842457 road_revised.py Completed 3730 of 34374, 10.85%
2026-07-23 09:30:15,187 3842457 road_revised.py Completed 3740 of 34374, 10.88%
2026-07-23 09:30:15,190 3842457 road_revised.py Completed 3750 of 34374, 10.91%
2026-07-23 09:30:15,191 3842457 road_revised.py Completed 3760 of 34374, 10.94%
2026-07-23 09:30:15,192 3842457 road_revised.py Completed 3770 of 34374, 10.97%
2026-07-23 09:30:15,193 3842457 road_revised.py Completed 3780 of 34374, 11.00%
2026-07-23 09:30:15,400 3842457 road_revised.py Completed 3790 of 34374, 11.03%
2026-07-23 09:30:15,649 3842457 road_revised.py Completed 3800 of 34374, 11.05%
2026-07-23 09:30:15,649 3842457 road_revised.py RSS checkpoint [iter1_lcp_progress_3800_of_34374]: 7.90 GB
2026-07-23 09:30:15,887 3842457 road_revised.py Completed 3810 of 34374, 11.08%
2026-07-23 09:30:16,164 3842457 road_revised.py Completed 3820 of 34374, 11.11%
2026-07-23 09:30:16,413 3842457 road_revised.py Completed 3830 of 34374, 11.14%
2026-07-23 09:30:16,685 3842457 road_revised.py Completed 3840 of 34374, 11.17%
2026-07-23 09:30:16,948 3842457 road_revised.py Completed 3850 of 34374, 11.20%
2026-07-23 09:30:19,689 3842457 road_revised.py Completed 3860 of 34374, 11.23%
2026-07-23 09:30:19,732 3842457 road_revised.py Completed 3870 of 34374, 11.26%
2026-07-23 09:30:19,733 3842457 road_revised.py Completed 3880 of 34374, 11.29%
2026-07-23 09:30:19,734 3842457 road_revised.py Completed 3890 of 34374, 11.32%
2026-07-23 09:30:19,741 3842457 road_revised.py Completed 3900 of 34374, 11.35%
2026-07-23 09:30:19,748 3842457 road_revised.py RSS checkpoint [iter1_lcp_progress_3900_of_34374]: 7.45 GB
2026-07-23 09:30:19,752 3842457 road_revised.py Completed 3910 of 34374, 11.37%
2026-07-23 09:30:19,753 3842457 road_revised.py Completed 3920 of 34374, 11.40%
2026-07-23 09:30:19,817 3842457 road_revised.py Completed 3930 of 34374, 11.43%
2026-07-23 09:30:20,166 3842457 road_revised.py Completed 3940 of 34374, 11.46%
2026-07-23 09:30:20,391 3842457 road_revised.py Completed 3950 of 34374, 11.49%
2026-07-23 09:30:20,722 3842457 road_revised.py Completed 3960 of 34374, 11.52%
2026-07-23 09:30:20,999 3842457 road_revised.py Completed 3970 of 34374, 11.55%
2026-07-23 09:30:21,241 3842457 road_revised.py Completed 3980 of 34374, 11.58%
2026-07-23 09:30:21,545 3842457 road_revised.py Completed 3990 of 34374, 11.61%
2026-07-23 09:30:21,800 3842457 road_revised.py Completed 4000 of 34374, 11.64%
2026-07-23 09:30:21,800 3842457 road_revised.py RSS checkpoint [iter1_lcp_progress_4000_of_34374]: 7.30 GB
2026-07-23 09:30:22,067 3842457 road_revised.py Completed 4010 of 34374, 11.67%
2026-07-23 09:30:22,302 3842457 road_revised.py Completed 4020 of 34374, 11.69%
2026-07-23 09:30:25,522 3842457 road_revised.py Completed 4030 of 34374, 11.72%
2026-07-23 09:30:25,524 3842457 road_revised.py Completed 4040 of 34374, 11.75%
2026-07-23 09:30:25,525 3842457 road_revised.py Completed 4050 of 34374, 11.78%
2026-07-23 09:30:25,961 3842457 road_revised.py Completed 4060 of 34374, 11.81%
2026-07-23 09:30:25,962 3842457 road_revised.py Completed 4070 of 34374, 11.84%
2026-07-23 09:30:25,963 3842457 road_revised.py Completed 4080 of 34374, 11.87%
2026-07-23 09:30:25,973 3842457 road_revised.py Completed 4090 of 34374, 11.90%
2026-07-23 09:30:25,974 3842457 road_revised.py Completed 4100 of 34374, 11.93%
2026-07-23 09:30:25,974 3842457 road_revised.py RSS checkpoint [iter1_lcp_progress_4100_of_34374]: 7.78 GB
2026-07-23 09:30:25,976 3842457 road_revised.py Completed 4110 of 34374, 11.96%
2026-07-23 09:30:26,168 3842457 road_revised.py Completed 4120 of 34374, 11.99%
2026-07-23 09:30:26,434 3842457 road_revised.py Completed 4130 of 34374, 12.01%
2026-07-23 09:30:26,728 3842457 road_revised.py Completed 4140 of 34374, 12.04%
2026-07-23 09:30:27,012 3842457 road_revised.py Completed 4150 of 34374, 12.07%
2026-07-23 09:30:27,314 3842457 road_revised.py Completed 4160 of 34374, 12.10%
2026-07-23 09:30:27,624 3842457 road_revised.py Completed 4170 of 34374, 12.13%
2026-07-23 09:30:27,926 3842457 road_revised.py Completed 4180 of 34374, 12.16%
2026-07-23 09:30:31,048 3842457 road_revised.py Completed 4190 of 34374, 12.19%
2026-07-23 09:30:31,050 3842457 road_revised.py Completed 4200 of 34374, 12.22%
2026-07-23 09:30:31,059 3842457 road_revised.py RSS checkpoint [iter1_lcp_progress_4200_of_34374]: 7.76 GB
2026-07-23 09:30:31,062 3842457 road_revised.py Completed 4210 of 34374, 12.25%
2026-07-23 09:30:31,088 3842457 road_revised.py Completed 4220 of 34374, 12.28%
2026-07-23 09:30:31,089 3842457 road_revised.py Completed 4230 of 34374, 12.31%
2026-07-23 09:30:31,093 3842457 road_revised.py Completed 4240 of 34374, 12.33%
2026-07-23 09:30:31,094 3842457 road_revised.py Completed 4250 of 34374, 12.36%
2026-07-23 09:30:31,095 3842457 road_revised.py Completed 4260 of 34374, 12.39%
2026-07-23 09:30:31,096 3842457 road_revised.py Completed 4270 of 34374, 12.42%
2026-07-23 09:30:31,382 3842457 road_revised.py Completed 4280 of 34374, 12.45%
2026-07-23 09:30:31,656 3842457 road_revised.py Completed 4290 of 34374, 12.48%
2026-07-23 09:30:31,912 3842457 road_revised.py Completed 4300 of 34374, 12.51%
2026-07-23 09:30:31,929 3842457 road_revised.py RSS checkpoint [iter1_lcp_progress_4300_of_34374]: 7.47 GB
2026-07-23 09:30:32,235 3842457 road_revised.py Completed 4310 of 34374, 12.54%
2026-07-23 09:30:32,495 3842457 road_revised.py Completed 4320 of 34374, 12.57%
2026-07-23 09:30:32,787 3842457 road_revised.py Completed 4330 of 34374, 12.60%
2026-07-23 09:30:33,003 3842457 road_revised.py Completed 4340 of 34374, 12.63%
2026-07-23 09:30:33,298 3842457 road_revised.py Completed 4350 of 34374, 12.65%
2026-07-23 09:30:33,587 3842457 road_revised.py Completed 4360 of 34374, 12.68%
2026-07-23 09:30:37,092 3842457 road_revised.py Completed 4370 of 34374, 12.71%
2026-07-23 09:30:37,583 3842457 road_revised.py Completed 4380 of 34374, 12.74%
2026-07-23 09:30:37,584 3842457 road_revised.py Completed 4390 of 34374, 12.77%
2026-07-23 09:30:37,590 3842457 road_revised.py Completed 4400 of 34374, 12.80%
2026-07-23 09:30:37,593 3842457 road_revised.py RSS checkpoint [iter1_lcp_progress_4400_of_34374]: 8.10 GB
2026-07-23 09:30:37,597 3842457 road_revised.py Completed 4410 of 34374, 12.83%
2026-07-23 09:30:37,611 3842457 road_revised.py Completed 4420 of 34374, 12.86%
2026-07-23 09:30:37,619 3842457 road_revised.py Completed 4430 of 34374, 12.89%
2026-07-23 09:30:37,620 3842457 road_revised.py Completed 4440 of 34374, 12.92%
2026-07-23 09:30:37,621 3842457 road_revised.py Completed 4450 of 34374, 12.95%
2026-07-23 09:30:37,622 3842457 road_revised.py Completed 4460 of 34374, 12.97%
2026-07-23 09:30:37,804 3842457 road_revised.py Completed 4470 of 34374, 13.00%
2026-07-23 09:30:38,076 3842457 road_revised.py Completed 4480 of 34374, 13.03%
2026-07-23 09:30:38,369 3842457 road_revised.py Completed 4490 of 34374, 13.06%
2026-07-23 09:30:38,595 3842457 road_revised.py Completed 4500 of 34374, 13.09%
2026-07-23 09:30:38,595 3842457 road_revised.py RSS checkpoint [iter1_lcp_progress_4500_of_34374]: 8.24 GB
2026-07-23 09:30:38,926 3842457 road_revised.py Completed 4510 of 34374, 13.12%
2026-07-23 09:30:39,172 3842457 road_revised.py Completed 4520 of 34374, 13.15%
2026-07-23 09:30:39,496 3842457 road_revised.py Completed 4530 of 34374, 13.18%
2026-07-23 09:30:43,025 3842457 road_revised.py Completed 4540 of 34374, 13.21%
2026-07-23 09:30:43,028 3842457 road_revised.py Completed 4550 of 34374, 13.24%
2026-07-23 09:30:43,028 3842457 road_revised.py Completed 4560 of 34374, 13.27%
2026-07-23 09:30:43,031 3842457 road_revised.py Completed 4570 of 34374, 13.29%
2026-07-23 09:30:43,031 3842457 road_revised.py Completed 4580 of 34374, 13.32%
2026-07-23 09:30:43,032 3842457 road_revised.py Completed 4590 of 34374, 13.35%
2026-07-23 09:30:43,034 3842457 road_revised.py Completed 4600 of 34374, 13.38%
2026-07-23 09:30:43,041 3842457 road_revised.py RSS checkpoint [iter1_lcp_progress_4600_of_34374]: 8.27 GB
2026-07-23 09:30:43,049 3842457 road_revised.py Completed 4610 of 34374, 13.41%
2026-07-23 09:30:43,303 3842457 road_revised.py Completed 4620 of 34374, 13.44%
2026-07-23 09:30:43,568 3842457 road_revised.py Completed 4630 of 34374, 13.47%
2026-07-23 09:30:43,828 3842457 road_revised.py Completed 4640 of 34374, 13.50%
2026-07-23 09:30:44,113 3842457 road_revised.py Completed 4650 of 34374, 13.53%
2026-07-23 09:30:44,396 3842457 road_revised.py Completed 4660 of 34374, 13.56%
2026-07-23 09:30:44,666 3842457 road_revised.py Completed 4670 of 34374, 13.59%
2026-07-23 09:30:44,942 3842457 road_revised.py Completed 4680 of 34374, 13.61%
2026-07-23 09:30:45,236 3842457 road_revised.py Completed 4690 of 34374, 13.64%
2026-07-23 09:30:45,543 3842457 road_revised.py Completed 4700 of 34374, 13.67%
2026-07-23 09:30:45,543 3842457 road_revised.py RSS checkpoint [iter1_lcp_progress_4700_of_34374]: 8.09 GB
2026-07-23 09:30:49,816 3842457 road_revised.py Completed 4710 of 34374, 13.70%
2026-07-23 09:30:49,822 3842457 road_revised.py Completed 4720 of 34374, 13.73%
2026-07-23 09:30:49,823 3842457 road_revised.py Completed 4730 of 34374, 13.76%
2026-07-23 09:30:49,835 3842457 road_revised.py Completed 4740 of 34374, 13.79%
2026-07-23 09:30:49,836 3842457 road_revised.py Completed 4750 of 34374, 13.82%
2026-07-23 09:30:49,843 3842457 road_revised.py Completed 4760 of 34374, 13.85%
2026-07-23 09:30:49,853 3842457 road_revised.py Completed 4770 of 34374, 13.88%
2026-07-23 09:30:49,854 3842457 road_revised.py Completed 4780 of 34374, 13.91%
2026-07-23 09:30:49,864 3842457 road_revised.py Completed 4790 of 34374, 13.93%
2026-07-23 09:30:50,090 3842457 road_revised.py Completed 4800 of 34374, 13.96%
2026-07-23 09:30:50,096 3842457 road_revised.py RSS checkpoint [iter1_lcp_progress_4800_of_34374]: 8.20 GB
2026-07-23 09:30:50,350 3842457 road_revised.py Completed 4810 of 34374, 13.99%
2026-07-23 09:30:50,644 3842457 road_revised.py Completed 4820 of 34374, 14.02%
2026-07-23 09:30:50,892 3842457 road_revised.py Completed 4830 of 34374, 14.05%
2026-07-23 09:30:51,166 3842457 road_revised.py Completed 4840 of 34374, 14.08%
2026-07-23 09:30:51,412 3842457 road_revised.py Completed 4850 of 34374, 14.11%
2026-07-23 09:30:51,676 3842457 road_revised.py Completed 4860 of 34374, 14.14%
2026-07-23 09:30:54,488 3842457 road_revised.py Completed 4870 of 34374, 14.17%
2026-07-23 09:30:54,504 3842457 road_revised.py Completed 4880 of 34374, 14.20%
2026-07-23 09:30:54,547 3842457 road_revised.py Completed 4890 of 34374, 14.23%
2026-07-23 09:30:54,547 3842457 road_revised.py Completed 4900 of 34374, 14.25%
2026-07-23 09:30:54,548 3842457 road_revised.py RSS checkpoint [iter1_lcp_progress_4900_of_34374]: 8.22 GB
2026-07-23 09:30:54,549 3842457 road_revised.py Completed 4910 of 34374, 14.28%
2026-07-23 09:30:54,550 3842457 road_revised.py Completed 4920 of 34374, 14.31%
2026-07-23 09:30:54,557 3842457 road_revised.py Completed 4930 of 34374, 14.34%
2026-07-23 09:30:54,618 3842457 road_revised.py Completed 4940 of 34374, 14.37%
2026-07-23 09:30:54,948 3842457 road_revised.py Completed 4950 of 34374, 14.40%
2026-07-23 09:30:55,167 3842457 road_revised.py Completed 4960 of 34374, 14.43%
2026-07-23 09:30:55,446 3842457 road_revised.py Completed 4970 of 34374, 14.46%
2026-07-23 09:30:55,720 3842457 road_revised.py Completed 4980 of 34374, 14.49%
2026-07-23 09:30:56,000 3842457 road_revised.py Completed 4990 of 34374, 14.52%
2026-07-23 09:30:56,254 3842457 road_revised.py Completed 5000 of 34374, 14.55%
2026-07-23 09:30:56,255 3842457 road_revised.py RSS checkpoint [iter1_lcp_progress_5000_of_34374]: 8.11 GB
2026-07-23 09:30:56,521 3842457 road_revised.py Completed 5010 of 34374, 14.57%
2026-07-23 09:30:56,863 3842457 road_revised.py Completed 5020 of 34374, 14.60%
2026-07-23 09:30:57,102 3842457 road_revised.py Completed 5030 of 34374, 14.63%
2026-07-23 09:31:01,113 3842457 road_revised.py Completed 5040 of 34374, 14.66%
2026-07-23 09:31:01,118 3842457 road_revised.py Completed 5050 of 34374, 14.69%
2026-07-23 09:31:01,119 3842457 road_revised.py Completed 5060 of 34374, 14.72%
2026-07-23 09:31:01,120 3842457 road_revised.py Completed 5070 of 34374, 14.75%
2026-07-23 09:31:01,125 3842457 road_revised.py Completed 5080 of 34374, 14.78%
2026-07-23 09:31:01,139 3842457 road_revised.py Completed 5090 of 34374, 14.81%
2026-07-23 09:31:01,144 3842457 road_revised.py Completed 5100 of 34374, 14.84%
2026-07-23 09:31:01,148 3842457 road_revised.py RSS checkpoint [iter1_lcp_progress_5100_of_34374]: 9.18 GB
2026-07-23 09:31:01,636 3842457 road_revised.py Completed 5110 of 34374, 14.87%
2026-07-23 09:31:01,668 3842457 road_revised.py Completed 5120 of 34374, 14.89%
2026-07-23 09:31:01,935 3842457 road_revised.py Completed 5130 of 34374, 14.92%
2026-07-23 09:31:02,255 3842457 road_revised.py Completed 5140 of 34374, 14.95%
2026-07-23 09:31:02,587 3842457 road_revised.py Completed 5150 of 34374, 14.98%
2026-07-23 09:31:02,806 3842457 road_revised.py Completed 5160 of 34374, 15.01%
2026-07-23 09:31:03,070 3842457 road_revised.py Completed 5170 of 34374, 15.04%
2026-07-23 09:31:03,402 3842457 road_revised.py Completed 5180 of 34374, 15.07%
2026-07-23 09:31:03,655 3842457 road_revised.py Completed 5190 of 34374, 15.10%
2026-07-23 09:31:03,888 3842457 road_revised.py Completed 5200 of 34374, 15.13%
2026-07-23 09:31:03,888 3842457 road_revised.py RSS checkpoint [iter1_lcp_progress_5200_of_34374]: 9.13 GB
2026-07-23 09:31:07,534 3842457 road_revised.py Completed 5210 of 34374, 15.16%
2026-07-23 09:31:07,536 3842457 road_revised.py Completed 5220 of 34374, 15.19%
2026-07-23 09:31:07,537 3842457 road_revised.py Completed 5230 of 34374, 15.21%
2026-07-23 09:31:07,539 3842457 road_revised.py Completed 5240 of 34374, 15.24%
2026-07-23 09:31:07,540 3842457 road_revised.py Completed 5250 of 34374, 15.27%
2026-07-23 09:31:07,541 3842457 road_revised.py Completed 5260 of 34374, 15.30%
2026-07-23 09:31:07,542 3842457 road_revised.py Completed 5270 of 34374, 15.33%
2026-07-23 09:31:07,543 3842457 road_revised.py Completed 5280 of 34374, 15.36%
2026-07-23 09:31:07,544 3842457 road_revised.py Completed 5290 of 34374, 15.39%
2026-07-23 09:31:07,710 3842457 road_revised.py Completed 5300 of 34374, 15.42%
2026-07-23 09:31:07,710 3842457 road_revised.py RSS checkpoint [iter1_lcp_progress_5300_of_34374]: 8.19 GB
2026-07-23 09:31:07,985 3842457 road_revised.py Completed 5310 of 34374, 15.45%
2026-07-23 09:31:08,266 3842457 road_revised.py Completed 5320 of 34374, 15.48%
2026-07-23 09:31:08,520 3842457 road_revised.py Completed 5330 of 34374, 15.51%
2026-07-23 09:31:08,761 3842457 road_revised.py Completed 5340 of 34374, 15.53%
2026-07-23 09:31:09,055 3842457 road_revised.py Completed 5350 of 34374, 15.56%
2026-07-23 09:31:09,267 3842457 road_revised.py Completed 5360 of 34374, 15.59%
2026-07-23 09:31:09,535 3842457 road_revised.py Completed 5370 of 34374, 15.62%
2026-07-23 09:31:12,791 3842457 road_revised.py Completed 5380 of 34374, 15.65%
2026-07-23 09:31:12,833 3842457 road_revised.py Completed 5390 of 34374, 15.68%
2026-07-23 09:31:12,834 3842457 road_revised.py Completed 5400 of 34374, 15.71%
2026-07-23 09:31:12,843 3842457 road_revised.py RSS checkpoint [iter1_lcp_progress_5400_of_34374]: 8.77 GB
2026-07-23 09:31:12,851 3842457 road_revised.py Completed 5410 of 34374, 15.74%
2026-07-23 09:31:13,294 3842457 road_revised.py Completed 5420 of 34374, 15.77%
2026-07-23 09:31:13,299 3842457 road_revised.py Completed 5430 of 34374, 15.80%
2026-07-23 09:31:13,301 3842457 road_revised.py Completed 5440 of 34374, 15.83%
2026-07-23 09:31:13,302 3842457 road_revised.py Completed 5450 of 34374, 15.86%
2026-07-23 09:31:13,309 3842457 road_revised.py Completed 5460 of 34374, 15.88%
2026-07-23 09:31:13,340 3842457 road_revised.py Completed 5470 of 34374, 15.91%
2026-07-23 09:31:13,631 3842457 road_revised.py Completed 5480 of 34374, 15.94%
2026-07-23 09:31:13,864 3842457 road_revised.py Completed 5490 of 34374, 15.97%
2026-07-23 09:31:14,150 3842457 road_revised.py Completed 5500 of 34374, 16.00%
2026-07-23 09:31:14,150 3842457 road_revised.py RSS checkpoint [iter1_lcp_progress_5500_of_34374]: 8.64 GB
2026-07-23 09:31:14,448 3842457 road_revised.py Completed 5510 of 34374, 16.03%
2026-07-23 09:31:14,685 3842457 road_revised.py Completed 5520 of 34374, 16.06%
2026-07-23 09:31:14,942 3842457 road_revised.py Completed 5530 of 34374, 16.09%
2026-07-23 09:31:18,022 3842457 road_revised.py Completed 5540 of 34374, 16.12%
2026-07-23 09:31:18,027 3842457 road_revised.py Completed 5550 of 34374, 16.15%
2026-07-23 09:31:18,028 3842457 road_revised.py Completed 5560 of 34374, 16.18%
2026-07-23 09:31:18,055 3842457 road_revised.py Completed 5570 of 34374, 16.20%
2026-07-23 09:31:18,063 3842457 road_revised.py Completed 5580 of 34374, 16.23%
2026-07-23 09:31:18,068 3842457 road_revised.py Completed 5590 of 34374, 16.26%
2026-07-23 09:31:18,077 3842457 road_revised.py Completed 5600 of 34374, 16.29%
2026-07-23 09:31:18,078 3842457 road_revised.py RSS checkpoint [iter1_lcp_progress_5600_of_34374]: 8.73 GB
2026-07-23 09:31:18,171 3842457 road_revised.py Completed 5610 of 34374, 16.32%
2026-07-23 09:31:18,500 3842457 road_revised.py Completed 5620 of 34374, 16.35%
2026-07-23 09:31:18,760 3842457 road_revised.py Completed 5630 of 34374, 16.38%
2026-07-23 09:31:19,043 3842457 road_revised.py Completed 5640 of 34374, 16.41%
2026-07-23 09:31:19,310 3842457 road_revised.py Completed 5650 of 34374, 16.44%
2026-07-23 09:31:19,570 3842457 road_revised.py Completed 5660 of 34374, 16.47%
2026-07-23 09:31:19,853 3842457 road_revised.py Completed 5670 of 34374, 16.50%
2026-07-23 09:31:20,140 3842457 road_revised.py Completed 5680 of 34374, 16.52%
2026-07-23 09:31:20,381 3842457 road_revised.py Completed 5690 of 34374, 16.55%
2026-07-23 09:31:20,667 3842457 road_revised.py Completed 5700 of 34374, 16.58%
2026-07-23 09:31:20,667 3842457 road_revised.py RSS checkpoint [iter1_lcp_progress_5700_of_34374]: 8.57 GB
2026-07-23 09:31:24,225 3842457 road_revised.py Completed 5710 of 34374, 16.61%
2026-07-23 09:31:24,230 3842457 road_revised.py Completed 5720 of 34374, 16.64%
2026-07-23 09:31:24,231 3842457 road_revised.py Completed 5730 of 34374, 16.67%
2026-07-23 09:31:24,240 3842457 road_revised.py Completed 5740 of 34374, 16.70%
2026-07-23 09:31:24,664 3842457 road_revised.py Completed 5750 of 34374, 16.73%
2026-07-23 09:31:24,665 3842457 road_revised.py Completed 5760 of 34374, 16.76%
2026-07-23 09:31:24,669 3842457 road_revised.py Completed 5770 of 34374, 16.79%
2026-07-23 09:31:24,670 3842457 road_revised.py Completed 5780 of 34374, 16.82%
2026-07-23 09:31:24,671 3842457 road_revised.py Completed 5790 of 34374, 16.84%
2026-07-23 09:31:24,691 3842457 road_revised.py Completed 5800 of 34374, 16.87%
2026-07-23 09:31:24,704 3842457 road_revised.py RSS checkpoint [iter1_lcp_progress_5800_of_34374]: 8.57 GB
2026-07-23 09:31:24,923 3842457 road_revised.py Completed 5810 of 34374, 16.90%
2026-07-23 09:31:25,240 3842457 road_revised.py Completed 5820 of 34374, 16.93%
2026-07-23 09:31:25,515 3842457 road_revised.py Completed 5830 of 34374, 16.96%
2026-07-23 09:31:25,809 3842457 road_revised.py Completed 5840 of 34374, 16.99%
2026-07-23 09:31:26,042 3842457 road_revised.py Completed 5850 of 34374, 17.02%
2026-07-23 09:31:26,294 3842457 road_revised.py Completed 5860 of 34374, 17.05%
2026-07-23 09:31:26,540 3842457 road_revised.py Completed 5870 of 34374, 17.08%
2026-07-23 09:31:28,931 3842457 road_revised.py Completed 5880 of 34374, 17.11%
2026-07-23 09:31:28,933 3842457 road_revised.py Completed 5890 of 34374, 17.14%
2026-07-23 09:31:28,968 3842457 road_revised.py Completed 5900 of 34374, 17.16%
2026-07-23 09:31:28,972 3842457 road_revised.py RSS checkpoint [iter1_lcp_progress_5900_of_34374]: 8.80 GB
2026-07-23 09:31:28,973 3842457 road_revised.py Completed 5910 of 34374, 17.19%
2026-07-23 09:31:28,987 3842457 road_revised.py Completed 5920 of 34374, 17.22%
2026-07-23 09:31:28,994 3842457 road_revised.py Completed 5930 of 34374, 17.25%
2026-07-23 09:31:29,240 3842457 road_revised.py Completed 5940 of 34374, 17.28%
2026-07-23 09:31:29,465 3842457 road_revised.py Completed 5950 of 34374, 17.31%
2026-07-23 09:31:29,742 3842457 road_revised.py Completed 5960 of 34374, 17.34%
2026-07-23 09:31:30,087 3842457 road_revised.py Completed 5970 of 34374, 17.37%
2026-07-23 09:31:30,323 3842457 road_revised.py Completed 5980 of 34374, 17.40%
2026-07-23 09:31:30,603 3842457 road_revised.py Completed 5990 of 34374, 17.43%
2026-07-23 09:31:30,933 3842457 road_revised.py Completed 6000 of 34374, 17.46%
2026-07-23 09:31:30,933 3842457 road_revised.py RSS checkpoint [iter1_lcp_progress_6000_of_34374]: 8.69 GB
2026-07-23 09:31:31,196 3842457 road_revised.py Completed 6010 of 34374, 17.48%
2026-07-23 09:31:31,506 3842457 road_revised.py Completed 6020 of 34374, 17.51%
2026-07-23 09:31:31,787 3842457 road_revised.py Completed 6030 of 34374, 17.54%
2026-07-23 09:31:32,068 3842457 road_revised.py Completed 6040 of 34374, 17.57%
2026-07-23 09:31:35,609 3842457 road_revised.py Completed 6050 of 34374, 17.60%
2026-07-23 09:31:35,611 3842457 road_revised.py Completed 6060 of 34374, 17.63%
2026-07-23 09:31:35,611 3842457 road_revised.py Completed 6070 of 34374, 17.66%
2026-07-23 09:31:36,060 3842457 road_revised.py Completed 6080 of 34374, 17.69%
2026-07-23 09:31:36,061 3842457 road_revised.py Completed 6090 of 34374, 17.72%
2026-07-23 09:31:36,069 3842457 road_revised.py Completed 6100 of 34374, 17.75%
2026-07-23 09:31:36,076 3842457 road_revised.py RSS checkpoint [iter1_lcp_progress_6100_of_34374]: 9.03 GB
2026-07-23 09:31:36,082 3842457 road_revised.py Completed 6110 of 34374, 17.78%
2026-07-23 09:31:36,092 3842457 road_revised.py Completed 6120 of 34374, 17.80%
2026-07-23 09:31:36,254 3842457 road_revised.py Completed 6130 of 34374, 17.83%
2026-07-23 09:31:36,497 3842457 road_revised.py Completed 6140 of 34374, 17.86%
2026-07-23 09:31:36,803 3842457 road_revised.py Completed 6150 of 34374, 17.89%
2026-07-23 09:31:37,078 3842457 road_revised.py Completed 6160 of 34374, 17.92%
2026-07-23 09:31:37,351 3842457 road_revised.py Completed 6170 of 34374, 17.95%
2026-07-23 09:31:37,602 3842457 road_revised.py Completed 6180 of 34374, 17.98%
2026-07-23 09:31:37,908 3842457 road_revised.py Completed 6190 of 34374, 18.01%
2026-07-23 09:31:38,173 3842457 road_revised.py Completed 6200 of 34374, 18.04%
2026-07-23 09:31:38,175 3842457 road_revised.py RSS checkpoint [iter1_lcp_progress_6200_of_34374]: 9.24 GB
2026-07-23 09:31:40,931 3842457 road_revised.py Completed 6210 of 34374, 18.07%
2026-07-23 09:31:40,933 3842457 road_revised.py Completed 6220 of 34374, 18.10%
2026-07-23 09:31:40,934 3842457 road_revised.py Completed 6230 of 34374, 18.12%
2026-07-23 09:31:40,935 3842457 road_revised.py Completed 6240 of 34374, 18.15%
2026-07-23 09:31:40,947 3842457 road_revised.py Completed 6250 of 34374, 18.18%
2026-07-23 09:31:40,948 3842457 road_revised.py Completed 6260 of 34374, 18.21%
2026-07-23 09:31:40,950 3842457 road_revised.py Completed 6270 of 34374, 18.24%
2026-07-23 09:31:41,046 3842457 road_revised.py Completed 6280 of 34374, 18.27%
2026-07-23 09:31:41,309 3842457 road_revised.py Completed 6290 of 34374, 18.30%
2026-07-23 09:31:41,561 3842457 road_revised.py Completed 6300 of 34374, 18.33%
2026-07-23 09:31:41,561 3842457 road_revised.py RSS checkpoint [iter1_lcp_progress_6300_of_34374]: 8.65 GB
2026-07-23 09:31:41,836 3842457 road_revised.py Completed 6310 of 34374, 18.36%
2026-07-23 09:31:42,064 3842457 road_revised.py Completed 6320 of 34374, 18.39%
2026-07-23 09:31:42,342 3842457 road_revised.py Completed 6330 of 34374, 18.42%
2026-07-23 09:31:42,664 3842457 road_revised.py Completed 6340 of 34374, 18.44%
2026-07-23 09:31:42,892 3842457 road_revised.py Completed 6350 of 34374, 18.47%
2026-07-23 09:31:43,179 3842457 road_revised.py Completed 6360 of 34374, 18.50%
2026-07-23 09:31:43,437 3842457 road_revised.py Completed 6370 of 34374, 18.53%
2026-07-23 09:31:46,926 3842457 road_revised.py Completed 6380 of 34374, 18.56%
2026-07-23 09:31:46,972 3842457 road_revised.py Completed 6390 of 34374, 18.59%
2026-07-23 09:31:47,447 3842457 road_revised.py Completed 6400 of 34374, 18.62%
2026-07-23 09:31:47,448 3842457 road_revised.py RSS checkpoint [iter1_lcp_progress_6400_of_34374]: 9.24 GB
2026-07-23 09:31:47,448 3842457 road_revised.py Completed 6410 of 34374, 18.65%
2026-07-23 09:31:47,451 3842457 road_revised.py Completed 6420 of 34374, 18.68%
2026-07-23 09:31:47,463 3842457 road_revised.py Completed 6430 of 34374, 18.71%
2026-07-23 09:31:47,465 3842457 road_revised.py Completed 6440 of 34374, 18.74%
2026-07-23 09:31:47,470 3842457 road_revised.py Completed 6450 of 34374, 18.76%
2026-07-23 09:31:47,480 3842457 road_revised.py Completed 6460 of 34374, 18.79%
2026-07-23 09:31:47,492 3842457 road_revised.py Completed 6470 of 34374, 18.82%
2026-07-23 09:31:47,750 3842457 road_revised.py Completed 6480 of 34374, 18.85%
2026-07-23 09:31:48,011 3842457 road_revised.py Completed 6490 of 34374, 18.88%
2026-07-23 09:31:48,309 3842457 road_revised.py Completed 6500 of 34374, 18.91%
2026-07-23 09:31:48,310 3842457 road_revised.py RSS checkpoint [iter1_lcp_progress_6500_of_34374]: 9.39 GB
2026-07-23 09:31:48,538 3842457 road_revised.py Completed 6510 of 34374, 18.94%
2026-07-23 09:31:48,819 3842457 road_revised.py Completed 6520 of 34374, 18.97%
2026-07-23 09:31:49,116 3842457 road_revised.py Completed 6530 of 34374, 19.00%
2026-07-23 09:31:49,370 3842457 road_revised.py Completed 6540 of 34374, 19.03%
2026-07-23 09:31:52,865 3842457 road_revised.py Completed 6550 of 34374, 19.06%
2026-07-23 09:31:52,878 3842457 road_revised.py Completed 6560 of 34374, 19.08%
2026-07-23 09:31:52,879 3842457 road_revised.py Completed 6570 of 34374, 19.11%
2026-07-23 09:31:52,898 3842457 road_revised.py Completed 6580 of 34374, 19.14%
2026-07-23 09:31:52,899 3842457 road_revised.py Completed 6590 of 34374, 19.17%
2026-07-23 09:31:52,900 3842457 road_revised.py Completed 6600 of 34374, 19.20%
2026-07-23 09:31:52,900 3842457 road_revised.py RSS checkpoint [iter1_lcp_progress_6600_of_34374]: 9.56 GB
2026-07-23 09:31:52,904 3842457 road_revised.py Completed 6610 of 34374, 19.23%
2026-07-23 09:31:52,905 3842457 road_revised.py Completed 6620 of 34374, 19.26%
2026-07-23 09:31:52,985 3842457 road_revised.py Completed 6630 of 34374, 19.29%
2026-07-23 09:31:53,276 3842457 road_revised.py Completed 6640 of 34374, 19.32%
2026-07-23 09:31:53,556 3842457 road_revised.py Completed 6650 of 34374, 19.35%
2026-07-23 09:31:53,860 3842457 road_revised.py Completed 6660 of 34374, 19.38%
2026-07-23 09:31:54,153 3842457 road_revised.py Completed 6670 of 34374, 19.40%
2026-07-23 09:31:54,426 3842457 road_revised.py Completed 6680 of 34374, 19.43%
2026-07-23 09:31:54,680 3842457 road_revised.py Completed 6690 of 34374, 19.46%
2026-07-23 09:31:54,969 3842457 road_revised.py Completed 6700 of 34374, 19.49%
2026-07-23 09:31:55,017 3842457 road_revised.py RSS checkpoint [iter1_lcp_progress_6700_of_34374]: 9.33 GB
2026-07-23 09:31:55,265 3842457 road_revised.py Completed 6710 of 34374, 19.52%
2026-07-23 09:31:59,504 3842457 road_revised.py Completed 6720 of 34374, 19.55%
2026-07-23 09:31:59,520 3842457 road_revised.py Completed 6730 of 34374, 19.58%
2026-07-23 09:31:59,521 3842457 road_revised.py Completed 6740 of 34374, 19.61%
2026-07-23 09:31:59,531 3842457 road_revised.py Completed 6750 of 34374, 19.64%
2026-07-23 09:31:59,539 3842457 road_revised.py Completed 6760 of 34374, 19.67%
2026-07-23 09:31:59,540 3842457 road_revised.py Completed 6770 of 34374, 19.70%
2026-07-23 09:31:59,544 3842457 road_revised.py Completed 6780 of 34374, 19.72%
2026-07-23 09:31:59,551 3842457 road_revised.py Completed 6790 of 34374, 19.75%
2026-07-23 09:31:59,552 3842457 road_revised.py Completed 6800 of 34374, 19.78%
2026-07-23 09:31:59,563 3842457 road_revised.py RSS checkpoint [iter1_lcp_progress_6800_of_34374]: 9.52 GB
2026-07-23 09:31:59,737 3842457 road_revised.py Completed 6810 of 34374, 19.81%
2026-07-23 09:31:59,975 3842457 road_revised.py Completed 6820 of 34374, 19.84%
2026-07-23 09:32:00,283 3842457 road_revised.py Completed 6830 of 34374, 19.87%
2026-07-23 09:32:00,511 3842457 road_revised.py Completed 6840 of 34374, 19.90%
2026-07-23 09:32:00,743 3842457 road_revised.py Completed 6850 of 34374, 19.93%
2026-07-23 09:32:01,021 3842457 road_revised.py Completed 6860 of 34374, 19.96%
2026-07-23 09:32:01,254 3842457 road_revised.py Completed 6870 of 34374, 19.99%
2026-07-23 09:32:01,495 3842457 road_revised.py Completed 6880 of 34374, 20.02%
2026-07-23 09:32:04,127 3842457 road_revised.py Completed 6890 of 34374, 20.04%
2026-07-23 09:32:04,178 3842457 road_revised.py Completed 6900 of 34374, 20.07%
2026-07-23 09:32:04,187 3842457 road_revised.py RSS checkpoint [iter1_lcp_progress_6900_of_34374]: 9.78 GB
2026-07-23 09:32:04,190 3842457 road_revised.py Completed 6910 of 34374, 20.10%
2026-07-23 09:32:04,191 3842457 road_revised.py Completed 6920 of 34374, 20.13%
2026-07-23 09:32:04,197 3842457 road_revised.py Completed 6930 of 34374, 20.16%
2026-07-23 09:32:04,197 3842457 road_revised.py Completed 6940 of 34374, 20.19%
2026-07-23 09:32:04,365 3842457 road_revised.py Completed 6950 of 34374, 20.22%
2026-07-23 09:32:04,656 3842457 road_revised.py Completed 6960 of 34374, 20.25%
2026-07-23 09:32:04,959 3842457 road_revised.py Completed 6970 of 34374, 20.28%
2026-07-23 09:32:05,261 3842457 road_revised.py Completed 6980 of 34374, 20.31%
2026-07-23 09:32:05,594 3842457 road_revised.py Completed 6990 of 34374, 20.34%
2026-07-23 09:32:05,862 3842457 road_revised.py Completed 7000 of 34374, 20.36%
2026-07-23 09:32:05,863 3842457 road_revised.py RSS checkpoint [iter1_lcp_progress_7000_of_34374]: 9.66 GB
2026-07-23 09:32:06,162 3842457 road_revised.py Completed 7010 of 34374, 20.39%
2026-07-23 09:32:06,462 3842457 road_revised.py Completed 7020 of 34374, 20.42%
2026-07-23 09:32:06,776 3842457 road_revised.py Completed 7030 of 34374, 20.45%
2026-07-23 09:32:07,028 3842457 road_revised.py Completed 7040 of 34374, 20.48%
2026-07-23 09:32:11,301 3842457 road_revised.py Completed 7050 of 34374, 20.51%
2026-07-23 09:32:11,314 3842457 road_revised.py Completed 7060 of 34374, 20.54%
2026-07-23 09:32:11,339 3842457 road_revised.py Completed 7070 of 34374, 20.57%
2026-07-23 09:32:11,343 3842457 road_revised.py Completed 7080 of 34374, 20.60%
2026-07-23 09:32:11,344 3842457 road_revised.py Completed 7090 of 34374, 20.63%
2026-07-23 09:32:11,803 3842457 road_revised.py Completed 7100 of 34374, 20.66%
2026-07-23 09:32:11,803 3842457 road_revised.py RSS checkpoint [iter1_lcp_progress_7100_of_34374]: 9.80 GB
2026-07-23 09:32:11,808 3842457 road_revised.py Completed 7110 of 34374, 20.68%
2026-07-23 09:32:11,809 3842457 road_revised.py Completed 7120 of 34374, 20.71%
2026-07-23 09:32:11,821 3842457 road_revised.py Completed 7130 of 34374, 20.74%
2026-07-23 09:32:11,828 3842457 road_revised.py Completed 7140 of 34374, 20.77%
2026-07-23 09:32:11,992 3842457 road_revised.py Completed 7150 of 34374, 20.80%
2026-07-23 09:32:12,238 3842457 road_revised.py Completed 7160 of 34374, 20.83%
2026-07-23 09:32:12,548 3842457 road_revised.py Completed 7170 of 34374, 20.86%
2026-07-23 09:32:12,811 3842457 road_revised.py Completed 7180 of 34374, 20.89%
2026-07-23 09:32:13,077 3842457 road_revised.py Completed 7190 of 34374, 20.92%
2026-07-23 09:32:13,356 3842457 road_revised.py Completed 7200 of 34374, 20.95%
2026-07-23 09:32:13,356 3842457 road_revised.py RSS checkpoint [iter1_lcp_progress_7200_of_34374]: 9.96 GB
2026-07-23 09:32:13,621 3842457 road_revised.py Completed 7210 of 34374, 20.98%
2026-07-23 09:32:15,980 3842457 road_revised.py Completed 7220 of 34374, 21.00%
2026-07-23 09:32:16,019 3842457 road_revised.py Completed 7230 of 34374, 21.03%
2026-07-23 09:32:16,020 3842457 road_revised.py Completed 7240 of 34374, 21.06%
2026-07-23 09:32:16,027 3842457 road_revised.py Completed 7250 of 34374, 21.09%
2026-07-23 09:32:16,030 3842457 road_revised.py Completed 7260 of 34374, 21.12%
2026-07-23 09:32:16,032 3842457 road_revised.py Completed 7270 of 34374, 21.15%
2026-07-23 09:32:16,240 3842457 road_revised.py Completed 7280 of 34374, 21.18%
2026-07-23 09:32:16,489 3842457 road_revised.py Completed 7290 of 34374, 21.21%
2026-07-23 09:32:16,793 3842457 road_revised.py Completed 7300 of 34374, 21.24%
2026-07-23 09:32:16,793 3842457 road_revised.py RSS checkpoint [iter1_lcp_progress_7300_of_34374]: 9.54 GB
2026-07-23 09:32:17,057 3842457 road_revised.py Completed 7310 of 34374, 21.27%
2026-07-23 09:32:17,353 3842457 road_revised.py Completed 7320 of 34374, 21.30%
2026-07-23 09:32:17,594 3842457 road_revised.py Completed 7330 of 34374, 21.32%
2026-07-23 09:32:17,846 3842457 road_revised.py Completed 7340 of 34374, 21.35%
2026-07-23 09:32:18,126 3842457 road_revised.py Completed 7350 of 34374, 21.38%
2026-07-23 09:32:18,376 3842457 road_revised.py Completed 7360 of 34374, 21.41%
2026-07-23 09:32:18,634 3842457 road_revised.py Completed 7370 of 34374, 21.44%
2026-07-23 09:32:18,898 3842457 road_revised.py Completed 7380 of 34374, 21.47%
2026-07-23 09:32:22,186 3842457 road_revised.py Completed 7390 of 34374, 21.50%
2026-07-23 09:32:22,187 3842457 road_revised.py Completed 7400 of 34374, 21.53%
2026-07-23 09:32:22,187 3842457 road_revised.py RSS checkpoint [iter1_lcp_progress_7400_of_34374]: 10.32 GB
2026-07-23 09:32:22,188 3842457 road_revised.py Completed 7410 of 34374, 21.56%
2026-07-23 09:32:22,225 3842457 road_revised.py Completed 7420 of 34374, 21.59%
2026-07-23 09:32:22,231 3842457 road_revised.py Completed 7430 of 34374, 21.62%
2026-07-23 09:32:22,720 3842457 road_revised.py Completed 7440 of 34374, 21.64%
2026-07-23 09:32:22,721 3842457 road_revised.py Completed 7450 of 34374, 21.67%
2026-07-23 09:32:22,722 3842457 road_revised.py Completed 7460 of 34374, 21.70%
2026-07-23 09:32:22,811 3842457 road_revised.py Completed 7470 of 34374, 21.73%
2026-07-23 09:32:23,173 3842457 road_revised.py Completed 7480 of 34374, 21.76%
2026-07-23 09:32:23,454 3842457 road_revised.py Completed 7490 of 34374, 21.79%
2026-07-23 09:32:23,772 3842457 road_revised.py Completed 7500 of 34374, 21.82%
2026-07-23 09:32:23,772 3842457 road_revised.py RSS checkpoint [iter1_lcp_progress_7500_of_34374]: 10.17 GB
2026-07-23 09:32:24,030 3842457 road_revised.py Completed 7510 of 34374, 21.85%
2026-07-23 09:32:24,338 3842457 road_revised.py Completed 7520 of 34374, 21.88%
2026-07-23 09:32:24,598 3842457 road_revised.py Completed 7530 of 34374, 21.91%
2026-07-23 09:32:24,894 3842457 road_revised.py Completed 7540 of 34374, 21.94%
2026-07-23 09:32:25,184 3842457 road_revised.py Completed 7550 of 34374, 21.96%
2026-07-23 09:32:28,201 3842457 road_revised.py Completed 7560 of 34374, 21.99%
2026-07-23 09:32:28,232 3842457 road_revised.py Completed 7570 of 34374, 22.02%
2026-07-23 09:32:28,233 3842457 road_revised.py Completed 7580 of 34374, 22.05%
2026-07-23 09:32:28,234 3842457 road_revised.py Completed 7590 of 34374, 22.08%
2026-07-23 09:32:28,235 3842457 road_revised.py Completed 7600 of 34374, 22.11%
2026-07-23 09:32:28,247 3842457 road_revised.py RSS checkpoint [iter1_lcp_progress_7600_of_34374]: 10.05 GB
2026-07-23 09:32:28,264 3842457 road_revised.py Completed 7610 of 34374, 22.14%
2026-07-23 09:32:28,273 3842457 road_revised.py Completed 7620 of 34374, 22.17%
2026-07-23 09:32:28,291 3842457 road_revised.py Completed 7630 of 34374, 22.20%
2026-07-23 09:32:28,598 3842457 road_revised.py Completed 7640 of 34374, 22.23%
2026-07-23 09:32:28,900 3842457 road_revised.py Completed 7650 of 34374, 22.26%
2026-07-23 09:32:29,127 3842457 road_revised.py Completed 7660 of 34374, 22.28%
2026-07-23 09:32:29,397 3842457 road_revised.py Completed 7670 of 34374, 22.31%
2026-07-23 09:32:29,675 3842457 road_revised.py Completed 7680 of 34374, 22.34%
2026-07-23 09:32:29,936 3842457 road_revised.py Completed 7690 of 34374, 22.37%
2026-07-23 09:32:30,220 3842457 road_revised.py Completed 7700 of 34374, 22.40%
2026-07-23 09:32:30,222 3842457 road_revised.py RSS checkpoint [iter1_lcp_progress_7700_of_34374]: 9.85 GB
2026-07-23 09:32:30,507 3842457 road_revised.py Completed 7710 of 34374, 22.43%
2026-07-23 09:32:33,823 3842457 road_revised.py Completed 7720 of 34374, 22.46%
2026-07-23 09:32:33,827 3842457 road_revised.py Completed 7730 of 34374, 22.49%
2026-07-23 09:32:33,828 3842457 road_revised.py Completed 7740 of 34374, 22.52%
2026-07-23 09:32:33,858 3842457 road_revised.py Completed 7750 of 34374, 22.55%
2026-07-23 09:32:33,859 3842457 road_revised.py Completed 7760 of 34374, 22.58%
2026-07-23 09:32:34,367 3842457 road_revised.py Completed 7770 of 34374, 22.60%
2026-07-23 09:32:34,368 3842457 road_revised.py Completed 7780 of 34374, 22.63%
2026-07-23 09:32:34,369 3842457 road_revised.py Completed 7790 of 34374, 22.66%
2026-07-23 09:32:34,479 3842457 road_revised.py Completed 7800 of 34374, 22.69%
2026-07-23 09:32:34,509 3842457 road_revised.py RSS checkpoint [iter1_lcp_progress_7800_of_34374]: 9.84 GB
2026-07-23 09:32:34,747 3842457 road_revised.py Completed 7810 of 34374, 22.72%
2026-07-23 09:32:34,978 3842457 road_revised.py Completed 7820 of 34374, 22.75%
2026-07-23 09:32:35,227 3842457 road_revised.py Completed 7830 of 34374, 22.78%
2026-07-23 09:32:35,493 3842457 road_revised.py Completed 7840 of 34374, 22.81%
2026-07-23 09:32:35,745 3842457 road_revised.py Completed 7850 of 34374, 22.84%
2026-07-23 09:32:36,012 3842457 road_revised.py Completed 7860 of 34374, 22.87%
2026-07-23 09:32:36,262 3842457 road_revised.py Completed 7870 of 34374, 22.90%
2026-07-23 09:32:36,290 3842457 road_revised.py Completed 7880 of 34374, 22.92%
2026-07-23 09:32:36,607 3842457 road_revised.py Completed 7890 of 34374, 22.95%
2026-07-23 09:32:39,953 3842457 road_revised.py Completed 7900 of 34374, 22.98%
2026-07-23 09:32:39,960 3842457 road_revised.py RSS checkpoint [iter1_lcp_progress_7900_of_34374]: 10.46 GB
2026-07-23 09:32:39,968 3842457 road_revised.py Completed 7910 of 34374, 23.01%
2026-07-23 09:32:40,011 3842457 road_revised.py Completed 7920 of 34374, 23.04%
2026-07-23 09:32:40,012 3842457 road_revised.py Completed 7930 of 34374, 23.07%
2026-07-23 09:32:40,013 3842457 road_revised.py Completed 7940 of 34374, 23.10%
2026-07-23 09:32:40,016 3842457 road_revised.py Completed 7950 of 34374, 23.13%
2026-07-23 09:32:40,016 3842457 road_revised.py Completed 7960 of 34374, 23.16%
2026-07-23 09:32:40,017 3842457 road_revised.py Completed 7970 of 34374, 23.19%
2026-07-23 09:32:40,231 3842457 road_revised.py Completed 7980 of 34374, 23.22%
2026-07-23 09:32:40,562 3842457 road_revised.py Completed 7990 of 34374, 23.24%
2026-07-23 09:32:40,867 3842457 road_revised.py Completed 8000 of 34374, 23.27%
2026-07-23 09:32:40,867 3842457 road_revised.py RSS checkpoint [iter1_lcp_progress_8000_of_34374]: 10.19 GB
2026-07-23 09:32:41,114 3842457 road_revised.py Completed 8010 of 34374, 23.30%
2026-07-23 09:32:41,419 3842457 road_revised.py Completed 8020 of 34374, 23.33%
2026-07-23 09:32:41,662 3842457 road_revised.py Completed 8030 of 34374, 23.36%
2026-07-23 09:32:41,949 3842457 road_revised.py Completed 8040 of 34374, 23.39%
2026-07-23 09:32:42,235 3842457 road_revised.py Completed 8050 of 34374, 23.42%
2026-07-23 09:32:42,516 3842457 road_revised.py Completed 8060 of 34374, 23.45%
2026-07-23 09:32:46,302 3842457 road_revised.py Completed 8070 of 34374, 23.48%
2026-07-23 09:32:46,308 3842457 road_revised.py Completed 8080 of 34374, 23.51%
2026-07-23 09:32:46,309 3842457 road_revised.py Completed 8090 of 34374, 23.54%
2026-07-23 09:32:46,797 3842457 road_revised.py Completed 8100 of 34374, 23.56%
2026-07-23 09:32:46,813 3842457 road_revised.py RSS checkpoint [iter1_lcp_progress_8100_of_34374]: 10.11 GB
2026-07-23 09:32:46,816 3842457 road_revised.py Completed 8110 of 34374, 23.59%
2026-07-23 09:32:46,817 3842457 road_revised.py Completed 8120 of 34374, 23.62%
2026-07-23 09:32:46,835 3842457 road_revised.py Completed 8130 of 34374, 23.65%
2026-07-23 09:32:46,836 3842457 road_revised.py Completed 8140 of 34374, 23.68%
2026-07-23 09:32:46,845 3842457 road_revised.py Completed 8150 of 34374, 23.71%
2026-07-23 09:32:46,846 3842457 road_revised.py Completed 8160 of 34374, 23.74%
2026-07-23 09:32:46,910 3842457 road_revised.py Completed 8170 of 34374, 23.77%
2026-07-23 09:32:47,255 3842457 road_revised.py Completed 8180 of 34374, 23.80%
2026-07-23 09:32:47,549 3842457 road_revised.py Completed 8190 of 34374, 23.83%
2026-07-23 09:32:47,830 3842457 road_revised.py Completed 8200 of 34374, 23.86%
2026-07-23 09:32:47,831 3842457 road_revised.py RSS checkpoint [iter1_lcp_progress_8200_of_34374]: 10.23 GB
2026-07-23 09:32:48,109 3842457 road_revised.py Completed 8210 of 34374, 23.88%
2026-07-23 09:32:48,344 3842457 road_revised.py Completed 8220 of 34374, 23.91%
2026-07-23 09:32:48,609 3842457 road_revised.py Completed 8230 of 34374, 23.94%
2026-07-23 09:32:51,360 3842457 road_revised.py Completed 8240 of 34374, 23.97%
2026-07-23 09:32:51,412 3842457 road_revised.py Completed 8250 of 34374, 24.00%
2026-07-23 09:32:51,413 3842457 road_revised.py Completed 8260 of 34374, 24.03%
2026-07-23 09:32:51,414 3842457 road_revised.py Completed 8270 of 34374, 24.06%
2026-07-23 09:32:51,437 3842457 road_revised.py Completed 8280 of 34374, 24.09%
2026-07-23 09:32:51,438 3842457 road_revised.py Completed 8290 of 34374, 24.12%
2026-07-23 09:32:51,439 3842457 road_revised.py Completed 8300 of 34374, 24.15%
2026-07-23 09:32:51,458 3842457 road_revised.py RSS checkpoint [iter1_lcp_progress_8300_of_34374]: 10.50 GB
2026-07-23 09:32:51,674 3842457 road_revised.py Completed 8310 of 34374, 24.18%
2026-07-23 09:32:51,936 3842457 road_revised.py Completed 8320 of 34374, 24.20%
2026-07-23 09:32:52,281 3842457 road_revised.py Completed 8330 of 34374, 24.23%
2026-07-23 09:32:52,536 3842457 road_revised.py Completed 8340 of 34374, 24.26%
2026-07-23 09:32:52,817 3842457 road_revised.py Completed 8350 of 34374, 24.29%
2026-07-23 09:32:53,105 3842457 road_revised.py Completed 8360 of 34374, 24.32%
2026-07-23 09:32:53,388 3842457 road_revised.py Completed 8370 of 34374, 24.35%
2026-07-23 09:32:53,686 3842457 road_revised.py Completed 8380 of 34374, 24.38%
2026-07-23 09:32:53,956 3842457 road_revised.py Completed 8390 of 34374, 24.41%
2026-07-23 09:32:58,095 3842457 road_revised.py Completed 8400 of 34374, 24.44%
2026-07-23 09:32:58,095 3842457 road_revised.py RSS checkpoint [iter1_lcp_progress_8400_of_34374]: 10.71 GB
2026-07-23 09:32:58,099 3842457 road_revised.py Completed 8410 of 34374, 24.47%
2026-07-23 09:32:58,101 3842457 road_revised.py Completed 8420 of 34374, 24.50%
2026-07-23 09:32:58,102 3842457 road_revised.py Completed 8430 of 34374, 24.52%
2026-07-23 09:32:58,541 3842457 road_revised.py Completed 8440 of 34374, 24.55%
2026-07-23 09:32:58,542 3842457 road_revised.py Completed 8450 of 34374, 24.58%
2026-07-23 09:32:58,545 3842457 road_revised.py Completed 8460 of 34374, 24.61%
2026-07-23 09:32:58,547 3842457 road_revised.py Completed 8470 of 34374, 24.64%
2026-07-23 09:32:58,548 3842457 road_revised.py Completed 8480 of 34374, 24.67%
2026-07-23 09:32:58,557 3842457 road_revised.py Completed 8490 of 34374, 24.70%
2026-07-23 09:32:58,808 3842457 road_revised.py Completed 8500 of 34374, 24.73%
2026-07-23 09:32:58,808 3842457 road_revised.py RSS checkpoint [iter1_lcp_progress_8500_of_34374]: 10.49 GB
2026-07-23 09:32:59,092 3842457 road_revised.py Completed 8510 of 34374, 24.76%
2026-07-23 09:32:59,315 3842457 road_revised.py Completed 8520 of 34374, 24.79%
2026-07-23 09:32:59,633 3842457 road_revised.py Completed 8530 of 34374, 24.82%
2026-07-23 09:32:59,909 3842457 road_revised.py Completed 8540 of 34374, 24.84%
2026-07-23 09:33:00,166 3842457 road_revised.py Completed 8550 of 34374, 24.87%
2026-07-23 09:33:00,392 3842457 road_revised.py Completed 8560 of 34374, 24.90%
2026-07-23 09:33:02,980 3842457 road_revised.py Completed 8570 of 34374, 24.93%
2026-07-23 09:33:03,024 3842457 road_revised.py Completed 8580 of 34374, 24.96%
2026-07-23 09:33:03,028 3842457 road_revised.py Completed 8590 of 34374, 24.99%
2026-07-23 09:33:03,041 3842457 road_revised.py Completed 8600 of 34374, 25.02%
2026-07-23 09:33:03,042 3842457 road_revised.py RSS checkpoint [iter1_lcp_progress_8600_of_34374]: 10.49 GB
2026-07-23 09:33:03,050 3842457 road_revised.py Completed 8610 of 34374, 25.05%
2026-07-23 09:33:03,058 3842457 road_revised.py Completed 8620 of 34374, 25.08%
2026-07-23 09:33:03,059 3842457 road_revised.py Completed 8630 of 34374, 25.11%
2026-07-23 09:33:03,260 3842457 road_revised.py Completed 8640 of 34374, 25.14%
2026-07-23 09:33:03,561 3842457 road_revised.py Completed 8650 of 34374, 25.16%
2026-07-23 09:33:03,923 3842457 road_revised.py Completed 8660 of 34374, 25.19%
2026-07-23 09:33:04,169 3842457 road_revised.py Completed 8670 of 34374, 25.22%
2026-07-23 09:33:04,298 3842457 road_revised.py Completed 8680 of 34374, 25.25%
2026-07-23 09:33:04,477 3842457 road_revised.py Completed 8690 of 34374, 25.28%
2026-07-23 09:33:04,781 3842457 road_revised.py Completed 8700 of 34374, 25.31%
2026-07-23 09:33:04,782 3842457 road_revised.py RSS checkpoint [iter1_lcp_progress_8700_of_34374]: 10.40 GB
2026-07-23 09:33:05,071 3842457 road_revised.py Completed 8710 of 34374, 25.34%
2026-07-23 09:33:05,339 3842457 road_revised.py Completed 8720 of 34374, 25.37%
2026-07-23 09:33:05,654 3842457 road_revised.py Completed 8730 of 34374, 25.40%
2026-07-23 09:33:05,909 3842457 road_revised.py Completed 8740 of 34374, 25.43%
2026-07-23 09:33:09,872 3842457 road_revised.py Completed 8750 of 34374, 25.46%
2026-07-23 09:33:09,882 3842457 road_revised.py Completed 8760 of 34374, 25.48%
2026-07-23 09:33:09,883 3842457 road_revised.py Completed 8770 of 34374, 25.51%
2026-07-23 09:33:10,373 3842457 road_revised.py Completed 8780 of 34374, 25.54%
2026-07-23 09:33:10,374 3842457 road_revised.py Completed 8790 of 34374, 25.57%
2026-07-23 09:33:10,375 3842457 road_revised.py Completed 8800 of 34374, 25.60%
2026-07-23 09:33:10,387 3842457 road_revised.py RSS checkpoint [iter1_lcp_progress_8800_of_34374]: 10.85 GB
2026-07-23 09:33:10,409 3842457 road_revised.py Completed 8810 of 34374, 25.63%
2026-07-23 09:33:10,411 3842457 road_revised.py Completed 8820 of 34374, 25.66%
2026-07-23 09:33:10,412 3842457 road_revised.py Completed 8830 of 34374, 25.69%
2026-07-23 09:33:10,418 3842457 road_revised.py Completed 8840 of 34374, 25.72%
2026-07-23 09:33:10,436 3842457 road_revised.py Completed 8850 of 34374, 25.75%
2026-07-23 09:33:10,685 3842457 road_revised.py Completed 8860 of 34374, 25.78%
2026-07-23 09:33:11,006 3842457 road_revised.py Completed 8870 of 34374, 25.80%
2026-07-23 09:33:11,260 3842457 road_revised.py Completed 8880 of 34374, 25.83%
2026-07-23 09:33:11,519 3842457 road_revised.py Completed 8890 of 34374, 25.86%
2026-07-23 09:33:11,830 3842457 road_revised.py Completed 8900 of 34374, 25.89%
2026-07-23 09:33:11,831 3842457 road_revised.py RSS checkpoint [iter1_lcp_progress_8900_of_34374]: 11.02 GB
2026-07-23 09:33:12,116 3842457 road_revised.py Completed 8910 of 34374, 25.92%
2026-07-23 09:33:12,355 3842457 road_revised.py Completed 8920 of 34374, 25.95%
2026-07-23 09:33:14,968 3842457 road_revised.py Completed 8930 of 34374, 25.98%
2026-07-23 09:33:14,969 3842457 road_revised.py Completed 8940 of 34374, 26.01%
2026-07-23 09:33:14,970 3842457 road_revised.py Completed 8950 of 34374, 26.04%
2026-07-23 09:33:14,972 3842457 road_revised.py Completed 8960 of 34374, 26.07%
2026-07-23 09:33:14,973 3842457 road_revised.py Completed 8970 of 34374, 26.10%
2026-07-23 09:33:14,973 3842457 road_revised.py Completed 8980 of 34374, 26.12%
2026-07-23 09:33:15,044 3842457 road_revised.py Completed 8990 of 34374, 26.15%
2026-07-23 09:33:15,325 3842457 road_revised.py Completed 9000 of 34374, 26.18%
2026-07-23 09:33:15,326 3842457 road_revised.py RSS checkpoint [iter1_lcp_progress_9000_of_34374]: 10.39 GB
2026-07-23 09:33:15,607 3842457 road_revised.py Completed 9010 of 34374, 26.21%
2026-07-23 09:33:15,861 3842457 road_revised.py Completed 9020 of 34374, 26.24%
2026-07-23 09:33:16,155 3842457 road_revised.py Completed 9030 of 34374, 26.27%
2026-07-23 09:33:16,409 3842457 road_revised.py Completed 9040 of 34374, 26.30%
2026-07-23 09:33:16,695 3842457 road_revised.py Completed 9050 of 34374, 26.33%
2026-07-23 09:33:16,939 3842457 road_revised.py Completed 9060 of 34374, 26.36%
2026-07-23 09:33:17,213 3842457 road_revised.py Completed 9070 of 34374, 26.39%
2026-07-23 09:33:17,437 3842457 road_revised.py Completed 9080 of 34374, 26.42%
2026-07-23 09:33:20,883 3842457 road_revised.py Completed 9090 of 34374, 26.44%
2026-07-23 09:33:20,902 3842457 road_revised.py Completed 9100 of 34374, 26.47%
2026-07-23 09:33:20,909 3842457 road_revised.py RSS checkpoint [iter1_lcp_progress_9100_of_34374]: 10.91 GB
2026-07-23 09:33:21,427 3842457 road_revised.py Completed 9110 of 34374, 26.50%
2026-07-23 09:33:21,428 3842457 road_revised.py Completed 9120 of 34374, 26.53%
2026-07-23 09:33:21,435 3842457 road_revised.py Completed 9130 of 34374, 26.56%
2026-07-23 09:33:21,441 3842457 road_revised.py Completed 9140 of 34374, 26.59%
2026-07-23 09:33:21,444 3842457 road_revised.py Completed 9150 of 34374, 26.62%
2026-07-23 09:33:21,447 3842457 road_revised.py Completed 9160 of 34374, 26.65%
2026-07-23 09:33:21,448 3842457 road_revised.py Completed 9170 of 34374, 26.68%
2026-07-23 09:33:21,449 3842457 road_revised.py Completed 9180 of 34374, 26.71%
2026-07-23 09:33:21,577 3842457 road_revised.py Completed 9190 of 34374, 26.74%
2026-07-23 09:33:21,847 3842457 road_revised.py Completed 9200 of 34374, 26.76%
2026-07-23 09:33:21,848 3842457 road_revised.py RSS checkpoint [iter1_lcp_progress_9200_of_34374]: 10.72 GB
2026-07-23 09:33:22,087 3842457 road_revised.py Completed 9210 of 34374, 26.79%
2026-07-23 09:33:22,342 3842457 road_revised.py Completed 9220 of 34374, 26.82%
2026-07-23 09:33:22,633 3842457 road_revised.py Completed 9230 of 34374, 26.85%
2026-07-23 09:33:22,942 3842457 road_revised.py Completed 9240 of 34374, 26.88%
2026-07-23 09:33:23,239 3842457 road_revised.py Completed 9250 of 34374, 26.91%
2026-07-23 09:33:26,462 3842457 road_revised.py Completed 9260 of 34374, 26.94%
2026-07-23 09:33:26,469 3842457 road_revised.py Completed 9270 of 34374, 26.97%
2026-07-23 09:33:26,519 3842457 road_revised.py Completed 9280 of 34374, 27.00%
2026-07-23 09:33:26,520 3842457 road_revised.py Completed 9290 of 34374, 27.03%
2026-07-23 09:33:26,522 3842457 road_revised.py Completed 9300 of 34374, 27.06%
2026-07-23 09:33:26,604 3842457 road_revised.py RSS checkpoint [iter1_lcp_progress_9300_of_34374]: 11.01 GB
2026-07-23 09:33:26,607 3842457 road_revised.py Completed 9310 of 34374, 27.08%
2026-07-23 09:33:26,608 3842457 road_revised.py Completed 9320 of 34374, 27.11%
2026-07-23 09:33:26,611 3842457 road_revised.py Completed 9330 of 34374, 27.14%
2026-07-23 09:33:26,612 3842457 road_revised.py Completed 9340 of 34374, 27.17%
2026-07-23 09:33:26,841 3842457 road_revised.py Completed 9350 of 34374, 27.20%
2026-07-23 09:33:27,152 3842457 road_revised.py Completed 9360 of 34374, 27.23%
2026-07-23 09:33:27,411 3842457 road_revised.py Completed 9370 of 34374, 27.26%
2026-07-23 09:33:27,707 3842457 road_revised.py Completed 9380 of 34374, 27.29%
2026-07-23 09:33:27,997 3842457 road_revised.py Completed 9390 of 34374, 27.32%
2026-07-23 09:33:28,241 3842457 road_revised.py Completed 9400 of 34374, 27.35%
2026-07-23 09:33:28,241 3842457 road_revised.py RSS checkpoint [iter1_lcp_progress_9400_of_34374]: 10.85 GB
2026-07-23 09:33:28,507 3842457 road_revised.py Completed 9410 of 34374, 27.38%
2026-07-23 09:33:28,785 3842457 road_revised.py Completed 9420 of 34374, 27.40%
2026-07-23 09:33:29,032 3842457 road_revised.py Completed 9430 of 34374, 27.43%
2026-07-23 09:33:32,252 3842457 road_revised.py Completed 9440 of 34374, 27.46%
2026-07-23 09:33:32,713 3842457 road_revised.py Completed 9450 of 34374, 27.49%
2026-07-23 09:33:32,714 3842457 road_revised.py Completed 9460 of 34374, 27.52%
2026-07-23 09:33:32,715 3842457 road_revised.py Completed 9470 of 34374, 27.55%
2026-07-23 09:33:32,717 3842457 road_revised.py Completed 9480 of 34374, 27.58%
2026-07-23 09:33:32,717 3842457 road_revised.py Completed 9490 of 34374, 27.61%
2026-07-23 09:33:32,718 3842457 road_revised.py Completed 9500 of 34374, 27.64%
2026-07-23 09:33:32,724 3842457 road_revised.py RSS checkpoint [iter1_lcp_progress_9500_of_34374]: 10.81 GB
2026-07-23 09:33:32,726 3842457 road_revised.py Completed 9510 of 34374, 27.67%
2026-07-23 09:33:32,758 3842457 road_revised.py Completed 9520 of 34374, 27.70%
2026-07-23 09:33:33,005 3842457 road_revised.py Completed 9530 of 34374, 27.72%
2026-07-23 09:33:33,248 3842457 road_revised.py Completed 9540 of 34374, 27.75%
2026-07-23 09:33:33,502 3842457 road_revised.py Completed 9550 of 34374, 27.78%
2026-07-23 09:33:33,772 3842457 road_revised.py Completed 9560 of 34374, 27.81%
2026-07-23 09:33:34,029 3842457 road_revised.py Completed 9570 of 34374, 27.84%
2026-07-23 09:33:34,304 3842457 road_revised.py Completed 9580 of 34374, 27.87%
2026-07-23 09:33:34,545 3842457 road_revised.py Completed 9590 of 34374, 27.90%
2026-07-23 09:33:34,822 3842457 road_revised.py Completed 9600 of 34374, 27.93%
2026-07-23 09:33:34,822 3842457 road_revised.py RSS checkpoint [iter1_lcp_progress_9600_of_34374]: 11.00 GB
2026-07-23 09:33:37,214 3842457 road_revised.py Completed 9610 of 34374, 27.96%
2026-07-23 09:33:37,258 3842457 road_revised.py Completed 9620 of 34374, 27.99%
2026-07-23 09:33:37,261 3842457 road_revised.py Completed 9630 of 34374, 28.02%
2026-07-23 09:33:37,262 3842457 road_revised.py Completed 9640 of 34374, 28.04%
2026-07-23 09:33:37,273 3842457 road_revised.py Completed 9650 of 34374, 28.07%
2026-07-23 09:33:37,300 3842457 road_revised.py Completed 9660 of 34374, 28.10%
2026-07-23 09:33:37,609 3842457 road_revised.py Completed 9670 of 34374, 28.13%
2026-07-23 09:33:37,908 3842457 road_revised.py Completed 9680 of 34374, 28.16%
2026-07-23 09:33:38,248 3842457 road_revised.py Completed 9690 of 34374, 28.19%
2026-07-23 09:33:38,508 3842457 road_revised.py Completed 9700 of 34374, 28.22%
2026-07-23 09:33:38,508 3842457 road_revised.py RSS checkpoint [iter1_lcp_progress_9700_of_34374]: 11.01 GB
2026-07-23 09:33:38,816 3842457 road_revised.py Completed 9710 of 34374, 28.25%
2026-07-23 09:33:39,099 3842457 road_revised.py Completed 9720 of 34374, 28.28%
2026-07-23 09:33:39,365 3842457 road_revised.py Completed 9730 of 34374, 28.31%
2026-07-23 09:33:39,672 3842457 road_revised.py Completed 9740 of 34374, 28.34%
2026-07-23 09:33:39,926 3842457 road_revised.py Completed 9750 of 34374, 28.36%
2026-07-23 09:33:40,265 3842457 road_revised.py Completed 9760 of 34374, 28.39%
2026-07-23 09:33:44,663 3842457 road_revised.py Completed 9770 of 34374, 28.42%
2026-07-23 09:33:44,674 3842457 road_revised.py Completed 9780 of 34374, 28.45%
2026-07-23 09:33:44,675 3842457 road_revised.py Completed 9790 of 34374, 28.48%
2026-07-23 09:33:44,676 3842457 road_revised.py Completed 9800 of 34374, 28.51%
2026-07-23 09:33:44,697 3842457 road_revised.py RSS checkpoint [iter1_lcp_progress_9800_of_34374]: 11.69 GB
2026-07-23 09:33:44,698 3842457 road_revised.py Completed 9810 of 34374, 28.54%
2026-07-23 09:33:44,699 3842457 road_revised.py Completed 9820 of 34374, 28.57%
2026-07-23 09:33:44,701 3842457 road_revised.py Completed 9830 of 34374, 28.60%
2026-07-23 09:33:44,702 3842457 road_revised.py Completed 9840 of 34374, 28.63%
2026-07-23 09:33:44,703 3842457 road_revised.py Completed 9850 of 34374, 28.66%
2026-07-23 09:33:44,924 3842457 road_revised.py Completed 9860 of 34374, 28.68%
2026-07-23 09:33:45,254 3842457 road_revised.py Completed 9870 of 34374, 28.71%
2026-07-23 09:33:45,507 3842457 road_revised.py Completed 9880 of 34374, 28.74%
2026-07-23 09:33:45,805 3842457 road_revised.py Completed 9890 of 34374, 28.77%
2026-07-23 09:33:46,073 3842457 road_revised.py Completed 9900 of 34374, 28.80%
2026-07-23 09:33:46,073 3842457 road_revised.py RSS checkpoint [iter1_lcp_progress_9900_of_34374]: 11.48 GB
2026-07-23 09:33:46,388 3842457 road_revised.py Completed 9910 of 34374, 28.83%
2026-07-23 09:33:46,641 3842457 road_revised.py Completed 9920 of 34374, 28.86%
2026-07-23 09:33:46,985 3842457 road_revised.py Completed 9930 of 34374, 28.89%
2026-07-23 09:33:49,849 3842457 road_revised.py Completed 9940 of 34374, 28.92%
2026-07-23 09:33:49,852 3842457 road_revised.py Completed 9950 of 34374, 28.95%
2026-07-23 09:33:49,853 3842457 road_revised.py Completed 9960 of 34374, 28.98%
2026-07-23 09:33:49,892 3842457 road_revised.py Completed 9970 of 34374, 29.00%
2026-07-23 09:33:49,897 3842457 road_revised.py Completed 9980 of 34374, 29.03%
2026-07-23 09:33:49,898 3842457 road_revised.py Completed 9990 of 34374, 29.06%
2026-07-23 09:33:49,905 3842457 road_revised.py Completed 10000 of 34374, 29.09%
2026-07-23 09:33:49,915 3842457 road_revised.py RSS checkpoint [iter1_lcp_progress_10000_of_34374]: 11.33 GB
2026-07-23 09:33:49,961 3842457 road_revised.py Completed 10010 of 34374, 29.12%
2026-07-23 09:33:50,299 3842457 road_revised.py Completed 10020 of 34374, 29.15%
2026-07-23 09:33:50,556 3842457 road_revised.py Completed 10030 of 34374, 29.18%
2026-07-23 09:33:50,848 3842457 road_revised.py Completed 10040 of 34374, 29.21%
2026-07-23 09:33:51,071 3842457 road_revised.py Completed 10050 of 34374, 29.24%
2026-07-23 09:33:51,314 3842457 road_revised.py Completed 10060 of 34374, 29.27%
2026-07-23 09:33:51,645 3842457 road_revised.py Completed 10070 of 34374, 29.30%
2026-07-23 09:33:51,876 3842457 road_revised.py Completed 10080 of 34374, 29.32%
2026-07-23 09:33:52,122 3842457 road_revised.py Completed 10090 of 34374, 29.35%
2026-07-23 09:33:52,390 3842457 road_revised.py Completed 10100 of 34374, 29.38%
2026-07-23 09:33:52,400 3842457 road_revised.py RSS checkpoint [iter1_lcp_progress_10100_of_34374]: 11.19 GB
2026-07-23 09:33:56,113 3842457 road_revised.py Completed 10110 of 34374, 29.41%
2026-07-23 09:33:56,190 3842457 road_revised.py Completed 10120 of 34374, 29.44%
2026-07-23 09:33:56,191 3842457 road_revised.py Completed 10130 of 34374, 29.47%
2026-07-23 09:33:56,196 3842457 road_revised.py Completed 10140 of 34374, 29.50%
2026-07-23 09:33:56,694 3842457 road_revised.py Completed 10150 of 34374, 29.53%
2026-07-23 09:33:56,695 3842457 road_revised.py Completed 10160 of 34374, 29.56%
2026-07-23 09:33:56,699 3842457 road_revised.py Completed 10170 of 34374, 29.59%
2026-07-23 09:33:56,700 3842457 road_revised.py Completed 10180 of 34374, 29.62%
2026-07-23 09:33:56,712 3842457 road_revised.py Completed 10190 of 34374, 29.64%
2026-07-23 09:33:56,716 3842457 road_revised.py Completed 10200 of 34374, 29.67%
2026-07-23 09:33:56,728 3842457 road_revised.py RSS checkpoint [iter1_lcp_progress_10200_of_34374]: 11.52 GB
2026-07-23 09:33:56,906 3842457 road_revised.py Completed 10210 of 34374, 29.70%
2026-07-23 09:33:57,170 3842457 road_revised.py Completed 10220 of 34374, 29.73%
2026-07-23 09:33:57,490 3842457 road_revised.py Completed 10230 of 34374, 29.76%
2026-07-23 09:33:57,751 3842457 road_revised.py Completed 10240 of 34374, 29.79%
2026-07-23 09:33:58,041 3842457 road_revised.py Completed 10250 of 34374, 29.82%
2026-07-23 09:33:58,330 3842457 road_revised.py Completed 10260 of 34374, 29.85%
2026-07-23 09:33:58,634 3842457 road_revised.py Completed 10270 of 34374, 29.88%
2026-07-23 09:34:01,713 3842457 road_revised.py Completed 10280 of 34374, 29.91%
2026-07-23 09:34:01,752 3842457 road_revised.py Completed 10290 of 34374, 29.94%
2026-07-23 09:34:01,753 3842457 road_revised.py Completed 10300 of 34374, 29.96%
2026-07-23 09:34:01,758 3842457 road_revised.py RSS checkpoint [iter1_lcp_progress_10300_of_34374]: 11.61 GB
2026-07-23 09:34:01,762 3842457 road_revised.py Completed 10310 of 34374, 29.99%
2026-07-23 09:34:01,786 3842457 road_revised.py Completed 10320 of 34374, 30.02%
2026-07-23 09:34:01,787 3842457 road_revised.py Completed 10330 of 34374, 30.05%
2026-07-23 09:34:01,803 3842457 road_revised.py Completed 10340 of 34374, 30.08%
2026-07-23 09:34:01,919 3842457 road_revised.py Completed 10350 of 34374, 30.11%
2026-07-23 09:34:02,169 3842457 road_revised.py Completed 10360 of 34374, 30.14%
2026-07-23 09:34:02,455 3842457 road_revised.py Completed 10370 of 34374, 30.17%
2026-07-23 09:34:02,727 3842457 road_revised.py Completed 10380 of 34374, 30.20%
2026-07-23 09:34:03,035 3842457 road_revised.py Completed 10390 of 34374, 30.23%
2026-07-23 09:34:03,259 3842457 road_revised.py Completed 10400 of 34374, 30.26%
2026-07-23 09:34:03,259 3842457 road_revised.py RSS checkpoint [iter1_lcp_progress_10400_of_34374]: 11.38 GB
2026-07-23 09:34:03,507 3842457 road_revised.py Completed 10410 of 34374, 30.28%
2026-07-23 09:34:03,797 3842457 road_revised.py Completed 10420 of 34374, 30.31%
2026-07-23 09:34:04,060 3842457 road_revised.py Completed 10430 of 34374, 30.34%
2026-07-23 09:34:07,526 3842457 road_revised.py Completed 10440 of 34374, 30.37%
2026-07-23 09:34:07,539 3842457 road_revised.py Completed 10450 of 34374, 30.40%
2026-07-23 09:34:07,540 3842457 road_revised.py Completed 10460 of 34374, 30.43%
2026-07-23 09:34:07,541 3842457 road_revised.py Completed 10470 of 34374, 30.46%
2026-07-23 09:34:07,981 3842457 road_revised.py Completed 10480 of 34374, 30.49%
2026-07-23 09:34:07,984 3842457 road_revised.py Completed 10490 of 34374, 30.52%
2026-07-23 09:34:07,985 3842457 road_revised.py Completed 10500 of 34374, 30.55%
2026-07-23 09:34:07,994 3842457 road_revised.py RSS checkpoint [iter1_lcp_progress_10500_of_34374]: 11.45 GB
2026-07-23 09:34:07,995 3842457 road_revised.py Completed 10510 of 34374, 30.58%
2026-07-23 09:34:07,999 3842457 road_revised.py Completed 10520 of 34374, 30.60%
2026-07-23 09:34:08,013 3842457 road_revised.py Completed 10530 of 34374, 30.63%
2026-07-23 09:34:08,210 3842457 road_revised.py Completed 10540 of 34374, 30.66%
2026-07-23 09:34:08,444 3842457 road_revised.py Completed 10550 of 34374, 30.69%
2026-07-23 09:34:08,752 3842457 road_revised.py Completed 10560 of 34374, 30.72%
2026-07-23 09:34:09,024 3842457 road_revised.py Completed 10570 of 34374, 30.75%
2026-07-23 09:34:09,294 3842457 road_revised.py Completed 10580 of 34374, 30.78%
2026-07-23 09:34:09,530 3842457 road_revised.py Completed 10590 of 34374, 30.81%
2026-07-23 09:34:09,804 3842457 road_revised.py Completed 10600 of 34374, 30.84%
2026-07-23 09:34:09,804 3842457 road_revised.py RSS checkpoint [iter1_lcp_progress_10600_of_34374]: 11.67 GB
2026-07-23 09:34:12,661 3842457 road_revised.py Completed 10610 of 34374, 30.87%
2026-07-23 09:34:12,664 3842457 road_revised.py Completed 10620 of 34374, 30.90%
2026-07-23 09:34:12,665 3842457 road_revised.py Completed 10630 of 34374, 30.92%
2026-07-23 09:34:12,666 3842457 road_revised.py Completed 10640 of 34374, 30.95%
2026-07-23 09:34:12,670 3842457 road_revised.py Completed 10650 of 34374, 30.98%
2026-07-23 09:34:12,670 3842457 road_revised.py Completed 10660 of 34374, 31.01%
2026-07-23 09:34:12,671 3842457 road_revised.py Completed 10670 of 34374, 31.04%
2026-07-23 09:34:12,729 3842457 road_revised.py Completed 10680 of 34374, 31.07%
2026-07-23 09:34:12,996 3842457 road_revised.py Completed 10690 of 34374, 31.10%
2026-07-23 09:34:13,244 3842457 road_revised.py Completed 10700 of 34374, 31.13%
2026-07-23 09:34:13,302 3842457 road_revised.py RSS checkpoint [iter1_lcp_progress_10700_of_34374]: 11.55 GB
2026-07-23 09:34:13,518 3842457 road_revised.py Completed 10710 of 34374, 31.16%
2026-07-23 09:34:13,774 3842457 road_revised.py Completed 10720 of 34374, 31.19%
2026-07-23 09:34:14,186 3842457 road_revised.py Completed 10730 of 34374, 31.22%
2026-07-23 09:34:14,454 3842457 road_revised.py Completed 10740 of 34374, 31.24%
2026-07-23 09:34:14,736 3842457 road_revised.py Completed 10750 of 34374, 31.27%
2026-07-23 09:34:15,065 3842457 road_revised.py Completed 10760 of 34374, 31.30%
2026-07-23 09:34:15,348 3842457 road_revised.py Completed 10770 of 34374, 31.33%
2026-07-23 09:34:19,548 3842457 road_revised.py Completed 10780 of 34374, 31.36%
2026-07-23 09:34:20,023 3842457 road_revised.py Completed 10790 of 34374, 31.39%
2026-07-23 09:34:20,024 3842457 road_revised.py Completed 10800 of 34374, 31.42%
2026-07-23 09:34:20,027 3842457 road_revised.py RSS checkpoint [iter1_lcp_progress_10800_of_34374]: 12.08 GB
2026-07-23 09:34:20,029 3842457 road_revised.py Completed 10810 of 34374, 31.45%
2026-07-23 09:34:20,031 3842457 road_revised.py Completed 10820 of 34374, 31.48%
2026-07-23 09:34:20,032 3842457 road_revised.py Completed 10830 of 34374, 31.51%
2026-07-23 09:34:20,033 3842457 road_revised.py Completed 10840 of 34374, 31.54%
2026-07-23 09:34:20,034 3842457 road_revised.py Completed 10850 of 34374, 31.56%
2026-07-23 09:34:20,035 3842457 road_revised.py Completed 10860 of 34374, 31.59%
2026-07-23 09:34:20,036 3842457 road_revised.py Completed 10870 of 34374, 31.62%
2026-07-23 09:34:20,060 3842457 road_revised.py Completed 10880 of 34374, 31.65%
2026-07-23 09:34:20,289 3842457 road_revised.py Completed 10890 of 34374, 31.68%
2026-07-23 09:34:20,565 3842457 road_revised.py Completed 10900 of 34374, 31.71%
2026-07-23 09:34:20,566 3842457 road_revised.py RSS checkpoint [iter1_lcp_progress_10900_of_34374]: 12.14 GB
2026-07-23 09:34:20,867 3842457 road_revised.py Completed 10910 of 34374, 31.74%
2026-07-23 09:34:21,126 3842457 road_revised.py Completed 10920 of 34374, 31.77%
2026-07-23 09:34:21,462 3842457 road_revised.py Completed 10930 of 34374, 31.80%
2026-07-23 09:34:21,735 3842457 road_revised.py Completed 10940 of 34374, 31.83%
2026-07-23 09:34:22,058 3842457 road_revised.py Completed 10950 of 34374, 31.86%
2026-07-23 09:34:24,689 3842457 road_revised.py Completed 10960 of 34374, 31.88%
2026-07-23 09:34:24,690 3842457 road_revised.py Completed 10970 of 34374, 31.91%
2026-07-23 09:34:24,715 3842457 road_revised.py Completed 10980 of 34374, 31.94%
2026-07-23 09:34:24,719 3842457 road_revised.py Completed 10990 of 34374, 31.97%
2026-07-23 09:34:24,722 3842457 road_revised.py Completed 11000 of 34374, 32.00%
2026-07-23 09:34:24,737 3842457 road_revised.py RSS checkpoint [iter1_lcp_progress_11000_of_34374]: 11.99 GB
2026-07-23 09:34:24,738 3842457 road_revised.py Completed 11010 of 34374, 32.03%
2026-07-23 09:34:24,747 3842457 road_revised.py Completed 11020 of 34374, 32.06%
2026-07-23 09:34:25,005 3842457 road_revised.py Completed 11030 of 34374, 32.09%
2026-07-23 09:34:25,285 3842457 road_revised.py Completed 11040 of 34374, 32.12%
2026-07-23 09:34:25,526 3842457 road_revised.py Completed 11050 of 34374, 32.15%
2026-07-23 09:34:25,806 3842457 road_revised.py Completed 11060 of 34374, 32.18%
2026-07-23 09:34:26,089 3842457 road_revised.py Completed 11070 of 34374, 32.20%
2026-07-23 09:34:26,373 3842457 road_revised.py Completed 11080 of 34374, 32.23%
2026-07-23 09:34:26,603 3842457 road_revised.py Completed 11090 of 34374, 32.26%
2026-07-23 09:34:26,845 3842457 road_revised.py Completed 11100 of 34374, 32.29%
2026-07-23 09:34:26,845 3842457 road_revised.py RSS checkpoint [iter1_lcp_progress_11100_of_34374]: 11.84 GB
2026-07-23 09:34:27,120 3842457 road_revised.py Completed 11110 of 34374, 32.32%
2026-07-23 09:34:30,398 3842457 road_revised.py Completed 11120 of 34374, 32.35%
2026-07-23 09:34:30,458 3842457 road_revised.py Completed 11130 of 34374, 32.38%
2026-07-23 09:34:30,910 3842457 road_revised.py Completed 11140 of 34374, 32.41%
2026-07-23 09:34:30,911 3842457 road_revised.py Completed 11150 of 34374, 32.44%
2026-07-23 09:34:30,912 3842457 road_revised.py Completed 11160 of 34374, 32.47%
2026-07-23 09:34:30,913 3842457 road_revised.py Completed 11170 of 34374, 32.50%
2026-07-23 09:34:30,914 3842457 road_revised.py Completed 11180 of 34374, 32.52%
2026-07-23 09:34:30,915 3842457 road_revised.py Completed 11190 of 34374, 32.55%
2026-07-23 09:34:30,916 3842457 road_revised.py Completed 11200 of 34374, 32.58%
2026-07-23 09:34:30,927 3842457 road_revised.py RSS checkpoint [iter1_lcp_progress_11200_of_34374]: 11.82 GB
2026-07-23 09:34:31,034 3842457 road_revised.py Completed 11210 of 34374, 32.61%
2026-07-23 09:34:31,284 3842457 road_revised.py Completed 11220 of 34374, 32.64%
2026-07-23 09:34:31,535 3842457 road_revised.py Completed 11230 of 34374, 32.67%
2026-07-23 09:34:31,818 3842457 road_revised.py Completed 11240 of 34374, 32.70%
2026-07-23 09:34:32,067 3842457 road_revised.py Completed 11250 of 34374, 32.73%
2026-07-23 09:34:32,411 3842457 road_revised.py Completed 11260 of 34374, 32.76%
2026-07-23 09:34:32,624 3842457 road_revised.py Completed 11270 of 34374, 32.79%
2026-07-23 09:34:32,977 3842457 road_revised.py Completed 11280 of 34374, 32.82%
2026-07-23 09:34:36,095 3842457 road_revised.py Completed 11290 of 34374, 32.84%
2026-07-23 09:34:36,167 3842457 road_revised.py Completed 11300 of 34374, 32.87%
2026-07-23 09:34:36,176 3842457 road_revised.py RSS checkpoint [iter1_lcp_progress_11300_of_34374]: 12.30 GB
2026-07-23 09:34:36,178 3842457 road_revised.py Completed 11310 of 34374, 32.90%
2026-07-23 09:34:36,189 3842457 road_revised.py Completed 11320 of 34374, 32.93%
2026-07-23 09:34:36,196 3842457 road_revised.py Completed 11330 of 34374, 32.96%
2026-07-23 09:34:36,197 3842457 road_revised.py Completed 11340 of 34374, 32.99%
2026-07-23 09:34:36,198 3842457 road_revised.py Completed 11350 of 34374, 33.02%
2026-07-23 09:34:36,350 3842457 road_revised.py Completed 11360 of 34374, 33.05%
2026-07-23 09:34:36,619 3842457 road_revised.py Completed 11370 of 34374, 33.08%
2026-07-23 09:34:36,929 3842457 road_revised.py Completed 11380 of 34374, 33.11%
2026-07-23 09:34:37,160 3842457 road_revised.py Completed 11390 of 34374, 33.14%
2026-07-23 09:34:37,473 3842457 road_revised.py Completed 11400 of 34374, 33.16%
2026-07-23 09:34:37,473 3842457 road_revised.py RSS checkpoint [iter1_lcp_progress_11400_of_34374]: 12.08 GB
2026-07-23 09:34:37,757 3842457 road_revised.py Completed 11410 of 34374, 33.19%
2026-07-23 09:34:38,013 3842457 road_revised.py Completed 11420 of 34374, 33.22%
2026-07-23 09:34:38,239 3842457 road_revised.py Completed 11430 of 34374, 33.25%
2026-07-23 09:34:38,525 3842457 road_revised.py Completed 11440 of 34374, 33.28%
2026-07-23 09:34:38,794 3842457 road_revised.py Completed 11450 of 34374, 33.31%
2026-07-23 09:34:43,104 3842457 road_revised.py Completed 11460 of 34374, 33.34%
2026-07-23 09:34:43,115 3842457 road_revised.py Completed 11470 of 34374, 33.37%
2026-07-23 09:34:43,116 3842457 road_revised.py Completed 11480 of 34374, 33.40%
2026-07-23 09:34:43,121 3842457 road_revised.py Completed 11490 of 34374, 33.43%
2026-07-23 09:34:43,122 3842457 road_revised.py Completed 11500 of 34374, 33.46%
2026-07-23 09:34:43,122 3842457 road_revised.py RSS checkpoint [iter1_lcp_progress_11500_of_34374]: 12.39 GB
2026-07-23 09:34:43,123 3842457 road_revised.py Completed 11510 of 34374, 33.48%
2026-07-23 09:34:43,133 3842457 road_revised.py Completed 11520 of 34374, 33.51%
2026-07-23 09:34:43,134 3842457 road_revised.py Completed 11530 of 34374, 33.54%
2026-07-23 09:34:43,153 3842457 road_revised.py Completed 11540 of 34374, 33.57%
2026-07-23 09:34:43,389 3842457 road_revised.py Completed 11550 of 34374, 33.60%
2026-07-23 09:34:43,741 3842457 road_revised.py Completed 11560 of 34374, 33.63%
2026-07-23 09:34:43,980 3842457 road_revised.py Completed 11570 of 34374, 33.66%
2026-07-23 09:34:44,234 3842457 road_revised.py Completed 11580 of 34374, 33.69%
2026-07-23 09:34:44,507 3842457 road_revised.py Completed 11590 of 34374, 33.72%
2026-07-23 09:34:44,738 3842457 road_revised.py Completed 11600 of 34374, 33.75%
2026-07-23 09:34:44,738 3842457 road_revised.py RSS checkpoint [iter1_lcp_progress_11600_of_34374]: 12.25 GB
2026-07-23 09:34:45,000 3842457 road_revised.py Completed 11610 of 34374, 33.78%
2026-07-23 09:34:45,254 3842457 road_revised.py Completed 11620 of 34374, 33.80%
2026-07-23 09:34:47,805 3842457 road_revised.py Completed 11630 of 34374, 33.83%
2026-07-23 09:34:47,881 3842457 road_revised.py Completed 11640 of 34374, 33.86%
2026-07-23 09:34:47,882 3842457 road_revised.py Completed 11650 of 34374, 33.89%
2026-07-23 09:34:47,901 3842457 road_revised.py Completed 11660 of 34374, 33.92%
2026-07-23 09:34:47,902 3842457 road_revised.py Completed 11670 of 34374, 33.95%
2026-07-23 09:34:47,903 3842457 road_revised.py Completed 11680 of 34374, 33.98%
2026-07-23 09:34:48,050 3842457 road_revised.py Completed 11690 of 34374, 34.01%
2026-07-23 09:34:48,387 3842457 road_revised.py Completed 11700 of 34374, 34.04%
2026-07-23 09:34:48,388 3842457 road_revised.py RSS checkpoint [iter1_lcp_progress_11700_of_34374]: 12.09 GB
2026-07-23 09:34:48,655 3842457 road_revised.py Completed 11710 of 34374, 34.07%
2026-07-23 09:34:48,972 3842457 road_revised.py Completed 11720 of 34374, 34.10%
2026-07-23 09:34:49,289 3842457 road_revised.py Completed 11730 of 34374, 34.12%
2026-07-23 09:34:49,566 3842457 road_revised.py Completed 11740 of 34374, 34.15%
2026-07-23 09:34:49,851 3842457 road_revised.py Completed 11750 of 34374, 34.18%
2026-07-23 09:34:50,113 3842457 road_revised.py Completed 11760 of 34374, 34.21%
2026-07-23 09:34:50,384 3842457 road_revised.py Completed 11770 of 34374, 34.24%
2026-07-23 09:34:50,658 3842457 road_revised.py Completed 11780 of 34374, 34.27%
2026-07-23 09:34:54,572 3842457 road_revised.py Completed 11790 of 34374, 34.30%
2026-07-23 09:34:54,578 3842457 road_revised.py Completed 11800 of 34374, 34.33%
2026-07-23 09:34:54,581 3842457 road_revised.py RSS checkpoint [iter1_lcp_progress_11800_of_34374]: 12.66 GB
2026-07-23 09:34:54,582 3842457 road_revised.py Completed 11810 of 34374, 34.36%
2026-07-23 09:34:54,605 3842457 road_revised.py Completed 11820 of 34374, 34.39%
2026-07-23 09:34:54,609 3842457 road_revised.py Completed 11830 of 34374, 34.42%
2026-07-23 09:34:54,611 3842457 road_revised.py Completed 11840 of 34374, 34.44%
2026-07-23 09:34:55,081 3842457 road_revised.py Completed 11850 of 34374, 34.47%
2026-07-23 09:34:55,082 3842457 road_revised.py Completed 11860 of 34374, 34.50%
2026-07-23 09:34:55,084 3842457 road_revised.py Completed 11870 of 34374, 34.53%
2026-07-23 09:34:55,101 3842457 road_revised.py Completed 11880 of 34374, 34.56%
2026-07-23 09:34:55,353 3842457 road_revised.py Completed 11890 of 34374, 34.59%
2026-07-23 09:34:55,664 3842457 road_revised.py Completed 11900 of 34374, 34.62%
2026-07-23 09:34:55,668 3842457 road_revised.py RSS checkpoint [iter1_lcp_progress_11900_of_34374]: 12.45 GB
2026-07-23 09:34:55,898 3842457 road_revised.py Completed 11910 of 34374, 34.65%
2026-07-23 09:34:56,158 3842457 road_revised.py Completed 11920 of 34374, 34.68%
2026-07-23 09:34:56,435 3842457 road_revised.py Completed 11930 of 34374, 34.71%
2026-07-23 09:34:56,696 3842457 road_revised.py Completed 11940 of 34374, 34.74%
2026-07-23 09:34:56,969 3842457 road_revised.py Completed 11950 of 34374, 34.76%
2026-07-23 09:34:59,905 3842457 road_revised.py Completed 11960 of 34374, 34.79%
2026-07-23 09:34:59,916 3842457 road_revised.py Completed 11970 of 34374, 34.82%
2026-07-23 09:34:59,957 3842457 road_revised.py Completed 11980 of 34374, 34.85%
2026-07-23 09:34:59,959 3842457 road_revised.py Completed 11990 of 34374, 34.88%
2026-07-23 09:34:59,966 3842457 road_revised.py Completed 12000 of 34374, 34.91%
2026-07-23 09:34:59,969 3842457 road_revised.py RSS checkpoint [iter1_lcp_progress_12000_of_34374]: 12.52 GB
2026-07-23 09:34:59,974 3842457 road_revised.py Completed 12010 of 34374, 34.94%
2026-07-23 09:34:59,975 3842457 road_revised.py Completed 12020 of 34374, 34.97%
2026-07-23 09:34:59,983 3842457 road_revised.py Completed 12030 of 34374, 35.00%
2026-07-23 09:35:00,233 3842457 road_revised.py Completed 12040 of 34374, 35.03%
2026-07-23 09:35:00,488 3842457 road_revised.py Completed 12050 of 34374, 35.06%
2026-07-23 09:35:00,855 3842457 road_revised.py Completed 12060 of 34374, 35.08%
2026-07-23 09:35:01,104 3842457 road_revised.py Completed 12070 of 34374, 35.11%
2026-07-23 09:35:01,380 3842457 road_revised.py Completed 12080 of 34374, 35.14%
2026-07-23 09:35:01,618 3842457 road_revised.py Completed 12090 of 34374, 35.17%
2026-07-23 09:35:01,872 3842457 road_revised.py Completed 12100 of 34374, 35.20%
2026-07-23 09:35:01,872 3842457 road_revised.py RSS checkpoint [iter1_lcp_progress_12100_of_34374]: 12.39 GB
2026-07-23 09:35:02,137 3842457 road_revised.py Completed 12110 of 34374, 35.23%
2026-07-23 09:35:02,437 3842457 road_revised.py Completed 12120 of 34374, 35.26%
2026-07-23 09:35:06,634 3842457 road_revised.py Completed 12130 of 34374, 35.29%
2026-07-23 09:35:06,682 3842457 road_revised.py Completed 12140 of 34374, 35.32%
2026-07-23 09:35:06,683 3842457 road_revised.py Completed 12150 of 34374, 35.35%
2026-07-23 09:35:06,684 3842457 road_revised.py Completed 12160 of 34374, 35.38%
2026-07-23 09:35:07,173 3842457 road_revised.py Completed 12170 of 34374, 35.40%
2026-07-23 09:35:07,181 3842457 road_revised.py Completed 12180 of 34374, 35.43%
2026-07-23 09:35:07,184 3842457 road_revised.py Completed 12190 of 34374, 35.46%
2026-07-23 09:35:07,185 3842457 road_revised.py Completed 12200 of 34374, 35.49%
2026-07-23 09:35:07,185 3842457 road_revised.py RSS checkpoint [iter1_lcp_progress_12200_of_34374]: 12.66 GB
2026-07-23 09:35:07,198 3842457 road_revised.py Completed 12210 of 34374, 35.52%
2026-07-23 09:35:07,205 3842457 road_revised.py Completed 12220 of 34374, 35.55%
2026-07-23 09:35:07,425 3842457 road_revised.py Completed 12230 of 34374, 35.58%
2026-07-23 09:35:07,661 3842457 road_revised.py Completed 12240 of 34374, 35.61%
2026-07-23 09:35:07,950 3842457 road_revised.py Completed 12250 of 34374, 35.64%
2026-07-23 09:35:08,274 3842457 road_revised.py Completed 12260 of 34374, 35.67%
2026-07-23 09:35:08,569 3842457 road_revised.py Completed 12270 of 34374, 35.70%
2026-07-23 09:35:08,795 3842457 road_revised.py Completed 12280 of 34374, 35.72%
2026-07-23 09:35:09,067 3842457 road_revised.py Completed 12290 of 34374, 35.75%
2026-07-23 09:35:11,675 3842457 road_revised.py Completed 12300 of 34374, 35.78%
2026-07-23 09:35:11,679 3842457 road_revised.py RSS checkpoint [iter1_lcp_progress_12300_of_34374]: 12.76 GB
2026-07-23 09:35:11,684 3842457 road_revised.py Completed 12310 of 34374, 35.81%
2026-07-23 09:35:11,714 3842457 road_revised.py Completed 12320 of 34374, 35.84%
2026-07-23 09:35:11,715 3842457 road_revised.py Completed 12330 of 34374, 35.87%
2026-07-23 09:35:11,720 3842457 road_revised.py Completed 12340 of 34374, 35.90%
2026-07-23 09:35:11,721 3842457 road_revised.py Completed 12350 of 34374, 35.93%
2026-07-23 09:35:11,733 3842457 road_revised.py Completed 12360 of 34374, 35.96%
2026-07-23 09:35:12,000 3842457 road_revised.py Completed 12370 of 34374, 35.99%
2026-07-23 09:35:12,291 3842457 road_revised.py Completed 12380 of 34374, 36.02%
2026-07-23 09:35:12,514 3842457 road_revised.py Completed 12390 of 34374, 36.04%
2026-07-23 09:35:12,796 3842457 road_revised.py Completed 12400 of 34374, 36.07%
2026-07-23 09:35:12,796 3842457 road_revised.py RSS checkpoint [iter1_lcp_progress_12400_of_34374]: 12.52 GB
2026-07-23 09:35:13,032 3842457 road_revised.py Completed 12410 of 34374, 36.10%
2026-07-23 09:35:13,320 3842457 road_revised.py Completed 12420 of 34374, 36.13%
2026-07-23 09:35:13,545 3842457 road_revised.py Completed 12430 of 34374, 36.16%
2026-07-23 09:35:13,820 3842457 road_revised.py Completed 12440 of 34374, 36.19%
2026-07-23 09:35:14,093 3842457 road_revised.py Completed 12450 of 34374, 36.22%
2026-07-23 09:35:17,438 3842457 road_revised.py Completed 12460 of 34374, 36.25%
2026-07-23 09:35:17,439 3842457 road_revised.py Completed 12470 of 34374, 36.28%
2026-07-23 09:35:17,486 3842457 road_revised.py Completed 12480 of 34374, 36.31%
2026-07-23 09:35:17,487 3842457 road_revised.py Completed 12490 of 34374, 36.34%
2026-07-23 09:35:17,507 3842457 road_revised.py Completed 12500 of 34374, 36.36%
2026-07-23 09:35:17,508 3842457 road_revised.py RSS checkpoint [iter1_lcp_progress_12500_of_34374]: 12.88 GB
2026-07-23 09:35:18,016 3842457 road_revised.py Completed 12510 of 34374, 36.39%
2026-07-23 09:35:18,018 3842457 road_revised.py Completed 12520 of 34374, 36.42%
2026-07-23 09:35:18,022 3842457 road_revised.py Completed 12530 of 34374, 36.45%
2026-07-23 09:35:18,023 3842457 road_revised.py Completed 12540 of 34374, 36.48%
2026-07-23 09:35:18,125 3842457 road_revised.py Completed 12550 of 34374, 36.51%
2026-07-23 09:35:18,426 3842457 road_revised.py Completed 12560 of 34374, 36.54%
2026-07-23 09:35:18,648 3842457 road_revised.py Completed 12570 of 34374, 36.57%
2026-07-23 09:35:18,949 3842457 road_revised.py Completed 12580 of 34374, 36.60%
2026-07-23 09:35:19,200 3842457 road_revised.py Completed 12590 of 34374, 36.63%
2026-07-23 09:35:19,437 3842457 road_revised.py Completed 12600 of 34374, 36.66%
2026-07-23 09:35:19,437 3842457 road_revised.py RSS checkpoint [iter1_lcp_progress_12600_of_34374]: 12.81 GB
2026-07-23 09:35:19,765 3842457 road_revised.py Completed 12610 of 34374, 36.68%
2026-07-23 09:35:20,057 3842457 road_revised.py Completed 12620 of 34374, 36.71%
2026-07-23 09:35:23,521 3842457 road_revised.py Completed 12630 of 34374, 36.74%
2026-07-23 09:35:23,530 3842457 road_revised.py Completed 12640 of 34374, 36.77%
2026-07-23 09:35:23,564 3842457 road_revised.py Completed 12650 of 34374, 36.80%
2026-07-23 09:35:23,578 3842457 road_revised.py Completed 12660 of 34374, 36.83%
2026-07-23 09:35:23,579 3842457 road_revised.py Completed 12670 of 34374, 36.86%
2026-07-23 09:35:23,587 3842457 road_revised.py Completed 12680 of 34374, 36.89%
2026-07-23 09:35:23,588 3842457 road_revised.py Completed 12690 of 34374, 36.92%
2026-07-23 09:35:23,589 3842457 road_revised.py Completed 12700 of 34374, 36.95%
2026-07-23 09:35:23,596 3842457 road_revised.py RSS checkpoint [iter1_lcp_progress_12700_of_34374]: 13.18 GB
2026-07-23 09:35:23,604 3842457 road_revised.py Completed 12710 of 34374, 36.98%
2026-07-23 09:35:23,874 3842457 road_revised.py Completed 12720 of 34374, 37.00%
2026-07-23 09:35:24,205 3842457 road_revised.py Completed 12730 of 34374, 37.03%
2026-07-23 09:35:24,458 3842457 road_revised.py Completed 12740 of 34374, 37.06%
2026-07-23 09:35:24,750 3842457 road_revised.py Completed 12750 of 34374, 37.09%
2026-07-23 09:35:25,016 3842457 road_revised.py Completed 12760 of 34374, 37.12%
2026-07-23 09:35:25,276 3842457 road_revised.py Completed 12770 of 34374, 37.15%
2026-07-23 09:35:25,610 3842457 road_revised.py Completed 12780 of 34374, 37.18%
2026-07-23 09:35:25,849 3842457 road_revised.py Completed 12790 of 34374, 37.21%
2026-07-23 09:35:29,474 3842457 road_revised.py Completed 12800 of 34374, 37.24%
2026-07-23 09:35:29,493 3842457 road_revised.py RSS checkpoint [iter1_lcp_progress_12800_of_34374]: 13.13 GB
2026-07-23 09:35:29,496 3842457 road_revised.py Completed 12810 of 34374, 37.27%
2026-07-23 09:35:29,980 3842457 road_revised.py Completed 12820 of 34374, 37.30%
2026-07-23 09:35:29,982 3842457 road_revised.py Completed 12830 of 34374, 37.32%
2026-07-23 09:35:29,983 3842457 road_revised.py Completed 12840 of 34374, 37.35%
2026-07-23 09:35:29,984 3842457 road_revised.py Completed 12850 of 34374, 37.38%
2026-07-23 09:35:29,985 3842457 road_revised.py Completed 12860 of 34374, 37.41%
2026-07-23 09:35:30,003 3842457 road_revised.py Completed 12870 of 34374, 37.44%
2026-07-23 09:35:30,004 3842457 road_revised.py Completed 12880 of 34374, 37.47%
2026-07-23 09:35:30,015 3842457 road_revised.py Completed 12890 of 34374, 37.50%
2026-07-23 09:35:30,215 3842457 road_revised.py Completed 12900 of 34374, 37.53%
2026-07-23 09:35:30,215 3842457 road_revised.py RSS checkpoint [iter1_lcp_progress_12900_of_34374]: 12.86 GB
2026-07-23 09:35:30,474 3842457 road_revised.py Completed 12910 of 34374, 37.56%
2026-07-23 09:35:30,740 3842457 road_revised.py Completed 12920 of 34374, 37.59%
2026-07-23 09:35:30,968 3842457 road_revised.py Completed 12930 of 34374, 37.62%
2026-07-23 09:35:31,280 3842457 road_revised.py Completed 12940 of 34374, 37.64%
2026-07-23 09:35:31,505 3842457 road_revised.py Completed 12950 of 34374, 37.67%
2026-07-23 09:35:31,800 3842457 road_revised.py Completed 12960 of 34374, 37.70%
2026-07-23 09:35:34,162 3842457 road_revised.py Completed 12970 of 34374, 37.73%
2026-07-23 09:35:34,224 3842457 road_revised.py Completed 12980 of 34374, 37.76%
2026-07-23 09:35:34,225 3842457 road_revised.py Completed 12990 of 34374, 37.79%
2026-07-23 09:35:34,227 3842457 road_revised.py Completed 13000 of 34374, 37.82%
2026-07-23 09:35:34,228 3842457 road_revised.py RSS checkpoint [iter1_lcp_progress_13000_of_34374]: 13.10 GB
2026-07-23 09:35:34,229 3842457 road_revised.py Completed 13010 of 34374, 37.85%
2026-07-23 09:35:34,230 3842457 road_revised.py Completed 13020 of 34374, 37.88%
2026-07-23 09:35:34,341 3842457 road_revised.py Completed 13030 of 34374, 37.91%
2026-07-23 09:35:34,649 3842457 road_revised.py Completed 13040 of 34374, 37.94%
2026-07-23 09:35:34,913 3842457 road_revised.py Completed 13050 of 34374, 37.96%
2026-07-23 09:35:35,193 3842457 road_revised.py Completed 13060 of 34374, 37.99%
2026-07-23 09:35:35,476 3842457 road_revised.py Completed 13070 of 34374, 38.02%
2026-07-23 09:35:35,709 3842457 road_revised.py Completed 13080 of 34374, 38.05%
2026-07-23 09:35:35,978 3842457 road_revised.py Completed 13090 of 34374, 38.08%
2026-07-23 09:35:36,197 3842457 road_revised.py Completed 13100 of 34374, 38.11%
2026-07-23 09:35:36,197 3842457 road_revised.py RSS checkpoint [iter1_lcp_progress_13100_of_34374]: 13.05 GB
2026-07-23 09:35:36,573 3842457 road_revised.py Completed 13110 of 34374, 38.14%
2026-07-23 09:35:36,804 3842457 road_revised.py Completed 13120 of 34374, 38.17%
2026-07-23 09:35:40,856 3842457 road_revised.py Completed 13130 of 34374, 38.20%
2026-07-23 09:35:40,859 3842457 road_revised.py Completed 13140 of 34374, 38.23%
2026-07-23 09:35:40,896 3842457 road_revised.py Completed 13150 of 34374, 38.26%
2026-07-23 09:35:41,396 3842457 road_revised.py Completed 13160 of 34374, 38.28%
2026-07-23 09:35:41,407 3842457 road_revised.py Completed 13170 of 34374, 38.31%
2026-07-23 09:35:41,410 3842457 road_revised.py Completed 13180 of 34374, 38.34%
2026-07-23 09:35:41,411 3842457 road_revised.py Completed 13190 of 34374, 38.37%
2026-07-23 09:35:41,412 3842457 road_revised.py Completed 13200 of 34374, 38.40%
2026-07-23 09:35:41,424 3842457 road_revised.py RSS checkpoint [iter1_lcp_progress_13200_of_34374]: 13.29 GB
2026-07-23 09:35:41,435 3842457 road_revised.py Completed 13210 of 34374, 38.43%
2026-07-23 09:35:41,458 3842457 road_revised.py Completed 13220 of 34374, 38.46%
2026-07-23 09:35:41,734 3842457 road_revised.py Completed 13230 of 34374, 38.49%
2026-07-23 09:35:42,092 3842457 road_revised.py Completed 13240 of 34374, 38.52%
2026-07-23 09:35:42,354 3842457 road_revised.py Completed 13250 of 34374, 38.55%
2026-07-23 09:35:42,653 3842457 road_revised.py Completed 13260 of 34374, 38.58%
2026-07-23 09:35:42,971 3842457 road_revised.py Completed 13270 of 34374, 38.60%
2026-07-23 09:35:43,229 3842457 road_revised.py Completed 13280 of 34374, 38.63%
2026-07-23 09:35:43,519 3842457 road_revised.py Completed 13290 of 34374, 38.66%
2026-07-23 09:35:46,958 3842457 road_revised.py Completed 13300 of 34374, 38.69%
2026-07-23 09:35:46,966 3842457 road_revised.py RSS checkpoint [iter1_lcp_progress_13300_of_34374]: 13.36 GB
2026-07-23 09:35:46,976 3842457 road_revised.py Completed 13310 of 34374, 38.72%
2026-07-23 09:35:47,025 3842457 road_revised.py Completed 13320 of 34374, 38.75%
2026-07-23 09:35:47,026 3842457 road_revised.py Completed 13330 of 34374, 38.78%
2026-07-23 09:35:47,030 3842457 road_revised.py Completed 13340 of 34374, 38.81%
2026-07-23 09:35:47,031 3842457 road_revised.py Completed 13350 of 34374, 38.84%
2026-07-23 09:35:47,032 3842457 road_revised.py Completed 13360 of 34374, 38.87%
2026-07-23 09:35:47,033 3842457 road_revised.py Completed 13370 of 34374, 38.90%
2026-07-23 09:35:47,236 3842457 road_revised.py Completed 13380 of 34374, 38.92%
2026-07-23 09:35:47,531 3842457 road_revised.py Completed 13390 of 34374, 38.95%
2026-07-23 09:35:47,761 3842457 road_revised.py Completed 13400 of 34374, 38.98%
2026-07-23 09:35:47,762 3842457 road_revised.py RSS checkpoint [iter1_lcp_progress_13400_of_34374]: 13.01 GB
2026-07-23 09:35:48,074 3842457 road_revised.py Completed 13410 of 34374, 39.01%
2026-07-23 09:35:48,331 3842457 road_revised.py Completed 13420 of 34374, 39.04%
2026-07-23 09:35:48,590 3842457 road_revised.py Completed 13430 of 34374, 39.07%
2026-07-23 09:35:48,895 3842457 road_revised.py Completed 13440 of 34374, 39.10%
2026-07-23 09:35:49,150 3842457 road_revised.py Completed 13450 of 34374, 39.13%
2026-07-23 09:35:49,410 3842457 road_revised.py Completed 13460 of 34374, 39.16%
2026-07-23 09:35:53,678 3842457 road_revised.py Completed 13470 of 34374, 39.19%
2026-07-23 09:35:53,681 3842457 road_revised.py Completed 13480 of 34374, 39.22%
2026-07-23 09:35:53,682 3842457 road_revised.py Completed 13490 of 34374, 39.24%
2026-07-23 09:35:53,691 3842457 road_revised.py Completed 13500 of 34374, 39.27%
2026-07-23 09:35:53,697 3842457 road_revised.py RSS checkpoint [iter1_lcp_progress_13500_of_34374]: 13.53 GB
2026-07-23 09:35:53,700 3842457 road_revised.py Completed 13510 of 34374, 39.30%
2026-07-23 09:35:53,701 3842457 road_revised.py Completed 13520 of 34374, 39.33%
2026-07-23 09:35:53,717 3842457 road_revised.py Completed 13530 of 34374, 39.36%
2026-07-23 09:35:53,728 3842457 road_revised.py Completed 13540 of 34374, 39.39%
2026-07-23 09:35:53,746 3842457 road_revised.py Completed 13550 of 34374, 39.42%
2026-07-23 09:35:53,749 3842457 road_revised.py Completed 13560 of 34374, 39.45%
2026-07-23 09:35:53,953 3842457 road_revised.py Completed 13570 of 34374, 39.48%
2026-07-23 09:35:54,206 3842457 road_revised.py Completed 13580 of 34374, 39.51%
2026-07-23 09:35:54,454 3842457 road_revised.py Completed 13590 of 34374, 39.54%
2026-07-23 09:35:54,752 3842457 road_revised.py Completed 13600 of 34374, 39.56%
2026-07-23 09:35:54,752 3842457 road_revised.py RSS checkpoint [iter1_lcp_progress_13600_of_34374]: 13.35 GB
2026-07-23 09:35:55,007 3842457 road_revised.py Completed 13610 of 34374, 39.59%
2026-07-23 09:35:55,321 3842457 road_revised.py Completed 13620 of 34374, 39.62%
2026-07-23 09:35:55,578 3842457 road_revised.py Completed 13630 of 34374, 39.65%
2026-07-23 09:35:57,820 3842457 road_revised.py Completed 13640 of 34374, 39.68%
2026-07-23 09:35:57,822 3842457 road_revised.py Completed 13650 of 34374, 39.71%
2026-07-23 09:35:57,842 3842457 road_revised.py Completed 13660 of 34374, 39.74%
2026-07-23 09:35:57,843 3842457 road_revised.py Completed 13670 of 34374, 39.77%
2026-07-23 09:35:57,848 3842457 road_revised.py Completed 13680 of 34374, 39.80%
2026-07-23 09:35:57,851 3842457 road_revised.py Completed 13690 of 34374, 39.83%
2026-07-23 09:35:58,077 3842457 road_revised.py Completed 13700 of 34374, 39.86%
2026-07-23 09:35:58,082 3842457 road_revised.py RSS checkpoint [iter1_lcp_progress_13700_of_34374]: 13.20 GB
2026-07-23 09:35:58,364 3842457 road_revised.py Completed 13710 of 34374, 39.88%
2026-07-23 09:35:58,659 3842457 road_revised.py Completed 13720 of 34374, 39.91%
2026-07-23 09:35:58,911 3842457 road_revised.py Completed 13730 of 34374, 39.94%
2026-07-23 09:35:59,169 3842457 road_revised.py Completed 13740 of 34374, 39.97%
2026-07-23 09:35:59,443 3842457 road_revised.py Completed 13750 of 34374, 40.00%
2026-07-23 09:35:59,736 3842457 road_revised.py Completed 13760 of 34374, 40.03%
2026-07-23 09:35:59,986 3842457 road_revised.py Completed 13770 of 34374, 40.06%
2026-07-23 09:36:00,282 3842457 road_revised.py Completed 13780 of 34374, 40.09%
2026-07-23 09:36:00,539 3842457 road_revised.py Completed 13790 of 34374, 40.12%
2026-07-23 09:36:04,050 3842457 road_revised.py Completed 13800 of 34374, 40.15%
2026-07-23 09:36:04,060 3842457 road_revised.py RSS checkpoint [iter1_lcp_progress_13800_of_34374]: 13.54 GB
2026-07-23 09:36:04,070 3842457 road_revised.py Completed 13810 of 34374, 40.18%
2026-07-23 09:36:04,123 3842457 road_revised.py Completed 13820 of 34374, 40.20%
2026-07-23 09:36:04,124 3842457 road_revised.py Completed 13830 of 34374, 40.23%
2026-07-23 09:36:04,131 3842457 road_revised.py Completed 13840 of 34374, 40.26%
2026-07-23 09:36:04,147 3842457 road_revised.py Completed 13850 of 34374, 40.29%
2026-07-23 09:36:04,148 3842457 road_revised.py Completed 13860 of 34374, 40.32%
2026-07-23 09:36:04,158 3842457 road_revised.py Completed 13870 of 34374, 40.35%
2026-07-23 09:36:04,668 3842457 road_revised.py Completed 13880 of 34374, 40.38%
2026-07-23 09:36:04,942 3842457 road_revised.py Completed 13890 of 34374, 40.41%
2026-07-23 09:36:05,218 3842457 road_revised.py Completed 13900 of 34374, 40.44%
2026-07-23 09:36:05,223 3842457 road_revised.py RSS checkpoint [iter1_lcp_progress_13900_of_34374]: 13.52 GB
2026-07-23 09:36:05,532 3842457 road_revised.py Completed 13910 of 34374, 40.47%
2026-07-23 09:36:05,854 3842457 road_revised.py Completed 13920 of 34374, 40.50%
2026-07-23 09:36:06,125 3842457 road_revised.py Completed 13930 of 34374, 40.52%
2026-07-23 09:36:06,458 3842457 road_revised.py Completed 13940 of 34374, 40.55%
2026-07-23 09:36:06,736 3842457 road_revised.py Completed 13950 of 34374, 40.58%
2026-07-23 09:36:07,043 3842457 road_revised.py Completed 13960 of 34374, 40.61%
2026-07-23 09:36:10,793 3842457 road_revised.py Completed 13970 of 34374, 40.64%
2026-07-23 09:36:10,796 3842457 road_revised.py Completed 13980 of 34374, 40.67%
2026-07-23 09:36:10,798 3842457 road_revised.py Completed 13990 of 34374, 40.70%
2026-07-23 09:36:10,825 3842457 road_revised.py Completed 14000 of 34374, 40.73%
2026-07-23 09:36:10,831 3842457 road_revised.py RSS checkpoint [iter1_lcp_progress_14000_of_34374]: 14.13 GB
2026-07-23 09:36:10,833 3842457 road_revised.py Completed 14010 of 34374, 40.76%
2026-07-23 09:36:10,843 3842457 road_revised.py Completed 14020 of 34374, 40.79%
2026-07-23 09:36:10,847 3842457 road_revised.py Completed 14030 of 34374, 40.82%
2026-07-23 09:36:10,848 3842457 road_revised.py Completed 14040 of 34374, 40.84%
2026-07-23 09:36:10,875 3842457 road_revised.py Completed 14050 of 34374, 40.87%
2026-07-23 09:36:11,244 3842457 road_revised.py Completed 14060 of 34374, 40.90%
2026-07-23 09:36:11,525 3842457 road_revised.py Completed 14070 of 34374, 40.93%
2026-07-23 09:36:11,805 3842457 road_revised.py Completed 14080 of 34374, 40.96%
2026-07-23 09:36:12,139 3842457 road_revised.py Completed 14090 of 34374, 40.99%
2026-07-23 09:36:12,421 3842457 road_revised.py Completed 14100 of 34374, 41.02%
2026-07-23 09:36:12,422 3842457 road_revised.py RSS checkpoint [iter1_lcp_progress_14100_of_34374]: 13.87 GB
2026-07-23 09:36:12,684 3842457 road_revised.py Completed 14110 of 34374, 41.05%
2026-07-23 09:36:12,957 3842457 road_revised.py Completed 14120 of 34374, 41.08%
2026-07-23 09:36:13,253 3842457 road_revised.py Completed 14130 of 34374, 41.11%
2026-07-23 09:36:17,124 3842457 road_revised.py Completed 14140 of 34374, 41.14%
2026-07-23 09:36:17,183 3842457 road_revised.py Completed 14150 of 34374, 41.16%
2026-07-23 09:36:17,184 3842457 road_revised.py Completed 14160 of 34374, 41.19%
2026-07-23 09:36:17,185 3842457 road_revised.py Completed 14170 of 34374, 41.22%
2026-07-23 09:36:17,685 3842457 road_revised.py Completed 14180 of 34374, 41.25%
2026-07-23 09:36:17,699 3842457 road_revised.py Completed 14190 of 34374, 41.28%
2026-07-23 09:36:17,700 3842457 road_revised.py Completed 14200 of 34374, 41.31%
2026-07-23 09:36:17,701 3842457 road_revised.py RSS checkpoint [iter1_lcp_progress_14200_of_34374]: 13.75 GB
2026-07-23 09:36:17,710 3842457 road_revised.py Completed 14210 of 34374, 41.34%
2026-07-23 09:36:17,723 3842457 road_revised.py Completed 14220 of 34374, 41.37%
2026-07-23 09:36:17,727 3842457 road_revised.py Completed 14230 of 34374, 41.40%
2026-07-23 09:36:17,784 3842457 road_revised.py Completed 14240 of 34374, 41.43%
2026-07-23 09:36:18,047 3842457 road_revised.py Completed 14250 of 34374, 41.46%
2026-07-23 09:36:18,282 3842457 road_revised.py Completed 14260 of 34374, 41.48%
2026-07-23 09:36:18,594 3842457 road_revised.py Completed 14270 of 34374, 41.51%
2026-07-23 09:36:18,842 3842457 road_revised.py Completed 14280 of 34374, 41.54%
2026-07-23 09:36:19,069 3842457 road_revised.py Completed 14290 of 34374, 41.57%
2026-07-23 09:36:19,315 3842457 road_revised.py Completed 14300 of 34374, 41.60%
2026-07-23 09:36:19,315 3842457 road_revised.py RSS checkpoint [iter1_lcp_progress_14300_of_34374]: 13.93 GB
2026-07-23 09:36:22,152 3842457 road_revised.py Completed 14310 of 34374, 41.63%
2026-07-23 09:36:22,154 3842457 road_revised.py Completed 14320 of 34374, 41.66%
2026-07-23 09:36:22,200 3842457 road_revised.py Completed 14330 of 34374, 41.69%
2026-07-23 09:36:22,202 3842457 road_revised.py Completed 14340 of 34374, 41.72%
2026-07-23 09:36:22,203 3842457 road_revised.py Completed 14350 of 34374, 41.75%
2026-07-23 09:36:22,209 3842457 road_revised.py Completed 14360 of 34374, 41.78%
2026-07-23 09:36:22,210 3842457 road_revised.py Completed 14370 of 34374, 41.80%
2026-07-23 09:36:22,288 3842457 road_revised.py Completed 14380 of 34374, 41.83%
2026-07-23 09:36:22,552 3842457 road_revised.py Completed 14390 of 34374, 41.86%
2026-07-23 09:36:22,877 3842457 road_revised.py Completed 14400 of 34374, 41.89%
2026-07-23 09:36:22,878 3842457 road_revised.py RSS checkpoint [iter1_lcp_progress_14400_of_34374]: 13.79 GB
2026-07-23 09:36:23,152 3842457 road_revised.py Completed 14410 of 34374, 41.92%
2026-07-23 09:36:23,451 3842457 road_revised.py Completed 14420 of 34374, 41.95%
2026-07-23 09:36:23,735 3842457 road_revised.py Completed 14430 of 34374, 41.98%
2026-07-23 09:36:23,989 3842457 road_revised.py Completed 14440 of 34374, 42.01%
2026-07-23 09:36:24,317 3842457 road_revised.py Completed 14450 of 34374, 42.04%
2026-07-23 09:36:24,539 3842457 road_revised.py Completed 14460 of 34374, 42.07%
2026-07-23 09:36:24,833 3842457 road_revised.py Completed 14470 of 34374, 42.10%
2026-07-23 09:36:28,631 3842457 road_revised.py Completed 14480 of 34374, 42.12%
2026-07-23 09:36:28,666 3842457 road_revised.py Completed 14490 of 34374, 42.15%
2026-07-23 09:36:28,668 3842457 road_revised.py Completed 14500 of 34374, 42.18%
2026-07-23 09:36:28,672 3842457 road_revised.py RSS checkpoint [iter1_lcp_progress_14500_of_34374]: 14.44 GB
2026-07-23 09:36:28,675 3842457 road_revised.py Completed 14510 of 34374, 42.21%
2026-07-23 09:36:29,164 3842457 road_revised.py Completed 14520 of 34374, 42.24%
2026-07-23 09:36:29,170 3842457 road_revised.py Completed 14530 of 34374, 42.27%
2026-07-23 09:36:29,179 3842457 road_revised.py Completed 14540 of 34374, 42.30%
2026-07-23 09:36:29,190 3842457 road_revised.py Completed 14550 of 34374, 42.33%
2026-07-23 09:36:29,191 3842457 road_revised.py Completed 14560 of 34374, 42.36%
2026-07-23 09:36:29,364 3842457 road_revised.py Completed 14570 of 34374, 42.39%
2026-07-23 09:36:29,615 3842457 road_revised.py Completed 14580 of 34374, 42.42%
2026-07-23 09:36:29,887 3842457 road_revised.py Completed 14590 of 34374, 42.44%
2026-07-23 09:36:30,179 3842457 road_revised.py Completed 14600 of 34374, 42.47%
2026-07-23 09:36:30,179 3842457 road_revised.py RSS checkpoint [iter1_lcp_progress_14600_of_34374]: 14.18 GB
2026-07-23 09:36:30,426 3842457 road_revised.py Completed 14610 of 34374, 42.50%
2026-07-23 09:36:30,728 3842457 road_revised.py Completed 14620 of 34374, 42.53%
2026-07-23 09:36:30,968 3842457 road_revised.py Completed 14630 of 34374, 42.56%
2026-07-23 09:36:33,758 3842457 road_revised.py Completed 14640 of 34374, 42.59%
2026-07-23 09:36:33,763 3842457 road_revised.py Completed 14650 of 34374, 42.62%
2026-07-23 09:36:33,765 3842457 road_revised.py Completed 14660 of 34374, 42.65%
2026-07-23 09:36:33,798 3842457 road_revised.py Completed 14670 of 34374, 42.68%
2026-07-23 09:36:33,799 3842457 road_revised.py Completed 14680 of 34374, 42.71%
2026-07-23 09:36:33,800 3842457 road_revised.py Completed 14690 of 34374, 42.74%
2026-07-23 09:36:33,814 3842457 road_revised.py Completed 14700 of 34374, 42.76%
2026-07-23 09:36:33,815 3842457 road_revised.py RSS checkpoint [iter1_lcp_progress_14700_of_34374]: 14.12 GB
2026-07-23 09:36:34,092 3842457 road_revised.py Completed 14710 of 34374, 42.79%
2026-07-23 09:36:34,359 3842457 road_revised.py Completed 14720 of 34374, 42.82%
2026-07-23 09:36:34,599 3842457 road_revised.py Completed 14730 of 34374, 42.85%
2026-07-23 09:36:34,886 3842457 road_revised.py Completed 14740 of 34374, 42.88%
2026-07-23 09:36:35,131 3842457 road_revised.py Completed 14750 of 34374, 42.91%
2026-07-23 09:36:35,424 3842457 road_revised.py Completed 14760 of 34374, 42.94%
2026-07-23 09:36:35,702 3842457 road_revised.py Completed 14770 of 34374, 42.97%
2026-07-23 09:36:35,962 3842457 road_revised.py Completed 14780 of 34374, 43.00%
2026-07-23 09:36:36,198 3842457 road_revised.py Completed 14790 of 34374, 43.03%
2026-07-23 09:36:36,463 3842457 road_revised.py Completed 14800 of 34374, 43.06%
2026-07-23 09:36:36,464 3842457 road_revised.py RSS checkpoint [iter1_lcp_progress_14800_of_34374]: 14.03 GB
2026-07-23 09:36:40,542 3842457 road_revised.py Completed 14810 of 34374, 43.08%
2026-07-23 09:36:40,604 3842457 road_revised.py Completed 14820 of 34374, 43.11%
2026-07-23 09:36:40,605 3842457 road_revised.py Completed 14830 of 34374, 43.14%
2026-07-23 09:36:40,606 3842457 road_revised.py Completed 14840 of 34374, 43.17%
2026-07-23 09:36:41,078 3842457 road_revised.py Completed 14850 of 34374, 43.20%
2026-07-23 09:36:41,079 3842457 road_revised.py Completed 14860 of 34374, 43.23%
2026-07-23 09:36:41,080 3842457 road_revised.py Completed 14870 of 34374, 43.26%
2026-07-23 09:36:41,089 3842457 road_revised.py Completed 14880 of 34374, 43.29%
2026-07-23 09:36:41,090 3842457 road_revised.py Completed 14890 of 34374, 43.32%
2026-07-23 09:36:41,329 3842457 road_revised.py Completed 14900 of 34374, 43.35%
2026-07-23 09:36:41,330 3842457 road_revised.py RSS checkpoint [iter1_lcp_progress_14900_of_34374]: 14.30 GB
2026-07-23 09:36:41,621 3842457 road_revised.py Completed 14910 of 34374, 43.38%
2026-07-23 09:36:41,872 3842457 road_revised.py Completed 14920 of 34374, 43.40%
2026-07-23 09:36:42,136 3842457 road_revised.py Completed 14930 of 34374, 43.43%
2026-07-23 09:36:42,451 3842457 road_revised.py Completed 14940 of 34374, 43.46%
2026-07-23 09:36:42,717 3842457 road_revised.py Completed 14950 of 34374, 43.49%
2026-07-23 09:36:42,961 3842457 road_revised.py Completed 14960 of 34374, 43.52%
2026-07-23 09:36:43,297 3842457 road_revised.py Completed 14970 of 34374, 43.55%
2026-07-23 09:36:46,290 3842457 road_revised.py Completed 14980 of 34374, 43.58%
2026-07-23 09:36:46,348 3842457 road_revised.py Completed 14990 of 34374, 43.61%
2026-07-23 09:36:46,350 3842457 road_revised.py Completed 15000 of 34374, 43.64%
2026-07-23 09:36:46,356 3842457 road_revised.py RSS checkpoint [iter1_lcp_progress_15000_of_34374]: 14.39 GB
2026-07-23 09:36:46,367 3842457 road_revised.py Completed 15010 of 34374, 43.67%
2026-07-23 09:36:46,374 3842457 road_revised.py Completed 15020 of 34374, 43.70%
2026-07-23 09:36:46,375 3842457 road_revised.py Completed 15030 of 34374, 43.72%
2026-07-23 09:36:46,387 3842457 road_revised.py Completed 15040 of 34374, 43.75%
2026-07-23 09:36:46,589 3842457 road_revised.py Completed 15050 of 34374, 43.78%
2026-07-23 09:36:46,900 3842457 road_revised.py Completed 15060 of 34374, 43.81%
2026-07-23 09:36:47,162 3842457 road_revised.py Completed 15070 of 34374, 43.84%
2026-07-23 09:36:47,422 3842457 road_revised.py Completed 15080 of 34374, 43.87%
2026-07-23 09:36:47,696 3842457 road_revised.py Completed 15090 of 34374, 43.90%
2026-07-23 09:36:47,975 3842457 road_revised.py Completed 15100 of 34374, 43.93%
2026-07-23 09:36:47,975 3842457 road_revised.py RSS checkpoint [iter1_lcp_progress_15100_of_34374]: 14.19 GB
2026-07-23 09:36:48,270 3842457 road_revised.py Completed 15110 of 34374, 43.96%
2026-07-23 09:36:48,532 3842457 road_revised.py Completed 15120 of 34374, 43.99%
2026-07-23 09:36:48,789 3842457 road_revised.py Completed 15130 of 34374, 44.02%
2026-07-23 09:36:49,036 3842457 road_revised.py Completed 15140 of 34374, 44.04%
2026-07-23 09:36:52,372 3842457 road_revised.py Completed 15150 of 34374, 44.07%
2026-07-23 09:36:52,375 3842457 road_revised.py Completed 15160 of 34374, 44.10%
2026-07-23 09:36:52,892 3842457 road_revised.py Completed 15170 of 34374, 44.13%
2026-07-23 09:36:52,894 3842457 road_revised.py Completed 15180 of 34374, 44.16%
2026-07-23 09:36:52,898 3842457 road_revised.py Completed 15190 of 34374, 44.19%
2026-07-23 09:36:52,912 3842457 road_revised.py Completed 15200 of 34374, 44.22%
2026-07-23 09:36:52,912 3842457 road_revised.py RSS checkpoint [iter1_lcp_progress_15200_of_34374]: 14.21 GB
2026-07-23 09:36:52,913 3842457 road_revised.py Completed 15210 of 34374, 44.25%
2026-07-23 09:36:52,917 3842457 road_revised.py Completed 15220 of 34374, 44.28%
2026-07-23 09:36:52,918 3842457 road_revised.py Completed 15230 of 34374, 44.31%
2026-07-23 09:36:53,150 3842457 road_revised.py Completed 15240 of 34374, 44.34%
2026-07-23 09:36:53,394 3842457 road_revised.py Completed 15250 of 34374, 44.36%
2026-07-23 09:36:53,658 3842457 road_revised.py Completed 15260 of 34374, 44.39%
2026-07-23 09:36:53,944 3842457 road_revised.py Completed 15270 of 34374, 44.42%
2026-07-23 09:36:54,180 3842457 road_revised.py Completed 15280 of 34374, 44.45%
2026-07-23 09:36:54,457 3842457 road_revised.py Completed 15290 of 34374, 44.48%
2026-07-23 09:36:54,686 3842457 road_revised.py Completed 15300 of 34374, 44.51%
2026-07-23 09:36:54,687 3842457 road_revised.py RSS checkpoint [iter1_lcp_progress_15300_of_34374]: 14.41 GB
2026-07-23 09:36:57,623 3842457 road_revised.py Completed 15310 of 34374, 44.54%
2026-07-23 09:36:57,629 3842457 road_revised.py Completed 15320 of 34374, 44.57%
2026-07-23 09:36:57,630 3842457 road_revised.py Completed 15330 of 34374, 44.60%
2026-07-23 09:36:57,653 3842457 road_revised.py Completed 15340 of 34374, 44.63%
2026-07-23 09:36:57,655 3842457 road_revised.py Completed 15350 of 34374, 44.66%
2026-07-23 09:36:57,656 3842457 road_revised.py Completed 15360 of 34374, 44.68%
2026-07-23 09:36:57,657 3842457 road_revised.py Completed 15370 of 34374, 44.71%
2026-07-23 09:36:57,913 3842457 road_revised.py Completed 15380 of 34374, 44.74%
2026-07-23 09:36:58,189 3842457 road_revised.py Completed 15390 of 34374, 44.77%
2026-07-23 09:36:58,517 3842457 road_revised.py Completed 15400 of 34374, 44.80%
2026-07-23 09:36:58,526 3842457 road_revised.py RSS checkpoint [iter1_lcp_progress_15400_of_34374]: 14.24 GB
2026-07-23 09:36:58,792 3842457 road_revised.py Completed 15410 of 34374, 44.83%
2026-07-23 09:36:59,114 3842457 road_revised.py Completed 15420 of 34374, 44.86%
2026-07-23 09:36:59,404 3842457 road_revised.py Completed 15430 of 34374, 44.89%
2026-07-23 09:36:59,737 3842457 road_revised.py Completed 15440 of 34374, 44.92%
2026-07-23 09:36:59,992 3842457 road_revised.py Completed 15450 of 34374, 44.95%
2026-07-23 09:37:00,290 3842457 road_revised.py Completed 15460 of 34374, 44.98%
2026-07-23 09:37:00,556 3842457 road_revised.py Completed 15470 of 34374, 45.00%
2026-07-23 09:37:04,260 3842457 road_revised.py Completed 15480 of 34374, 45.03%
2026-07-23 09:37:04,261 3842457 road_revised.py Completed 15490 of 34374, 45.06%
2026-07-23 09:37:04,745 3842457 road_revised.py Completed 15500 of 34374, 45.09%
2026-07-23 09:37:04,746 3842457 road_revised.py RSS checkpoint [iter1_lcp_progress_15500_of_34374]: 14.46 GB
2026-07-23 09:37:04,747 3842457 road_revised.py Completed 15510 of 34374, 45.12%
2026-07-23 09:37:04,748 3842457 road_revised.py Completed 15520 of 34374, 45.15%
2026-07-23 09:37:04,768 3842457 road_revised.py Completed 15530 of 34374, 45.18%
2026-07-23 09:37:04,769 3842457 road_revised.py Completed 15540 of 34374, 45.21%
2026-07-23 09:37:04,771 3842457 road_revised.py Completed 15550 of 34374, 45.24%
2026-07-23 09:37:04,772 3842457 road_revised.py Completed 15560 of 34374, 45.27%
2026-07-23 09:37:04,993 3842457 road_revised.py Completed 15570 of 34374, 45.30%
2026-07-23 09:37:05,226 3842457 road_revised.py Completed 15580 of 34374, 45.32%
2026-07-23 09:37:05,463 3842457 road_revised.py Completed 15590 of 34374, 45.35%
2026-07-23 09:37:05,791 3842457 road_revised.py Completed 15600 of 34374, 45.38%
2026-07-23 09:37:05,799 3842457 road_revised.py RSS checkpoint [iter1_lcp_progress_15600_of_34374]: 14.60 GB
2026-07-23 09:37:06,043 3842457 road_revised.py Completed 15610 of 34374, 45.41%
2026-07-23 09:37:06,287 3842457 road_revised.py Completed 15620 of 34374, 45.44%
2026-07-23 09:37:06,582 3842457 road_revised.py Completed 15630 of 34374, 45.47%
2026-07-23 09:37:06,864 3842457 road_revised.py Completed 15640 of 34374, 45.50%
2026-07-23 09:37:09,595 3842457 road_revised.py Completed 15650 of 34374, 45.53%
2026-07-23 09:37:09,643 3842457 road_revised.py Completed 15660 of 34374, 45.56%
2026-07-23 09:37:09,651 3842457 road_revised.py Completed 15670 of 34374, 45.59%
2026-07-23 09:37:09,652 3842457 road_revised.py Completed 15680 of 34374, 45.62%
2026-07-23 09:37:09,656 3842457 road_revised.py Completed 15690 of 34374, 45.64%
2026-07-23 09:37:09,657 3842457 road_revised.py Completed 15700 of 34374, 45.67%
2026-07-23 09:37:09,657 3842457 road_revised.py RSS checkpoint [iter1_lcp_progress_15700_of_34374]: 14.79 GB
2026-07-23 09:37:09,658 3842457 road_revised.py Completed 15710 of 34374, 45.70%
2026-07-23 09:37:09,679 3842457 road_revised.py Completed 15720 of 34374, 45.73%
2026-07-23 09:37:10,030 3842457 road_revised.py Completed 15730 of 34374, 45.76%
2026-07-23 09:37:10,310 3842457 road_revised.py Completed 15740 of 34374, 45.79%
2026-07-23 09:37:10,580 3842457 road_revised.py Completed 15750 of 34374, 45.82%
2026-07-23 09:37:10,839 3842457 road_revised.py Completed 15760 of 34374, 45.85%
2026-07-23 09:37:11,099 3842457 road_revised.py Completed 15770 of 34374, 45.88%
2026-07-23 09:37:11,430 3842457 road_revised.py Completed 15780 of 34374, 45.91%
2026-07-23 09:37:11,693 3842457 road_revised.py Completed 15790 of 34374, 45.94%
2026-07-23 09:37:11,955 3842457 road_revised.py Completed 15800 of 34374, 45.96%
2026-07-23 09:37:11,955 3842457 road_revised.py RSS checkpoint [iter1_lcp_progress_15800_of_34374]: 14.68 GB
2026-07-23 09:37:12,219 3842457 road_revised.py Completed 15810 of 34374, 45.99%
2026-07-23 09:37:16,048 3842457 road_revised.py Completed 15820 of 34374, 46.02%
2026-07-23 09:37:16,049 3842457 road_revised.py Completed 15830 of 34374, 46.05%
2026-07-23 09:37:16,050 3842457 road_revised.py Completed 15840 of 34374, 46.08%
2026-07-23 09:37:16,052 3842457 road_revised.py Completed 15850 of 34374, 46.11%
2026-07-23 09:37:16,053 3842457 road_revised.py Completed 15860 of 34374, 46.14%
2026-07-23 09:37:16,054 3842457 road_revised.py Completed 15870 of 34374, 46.17%
2026-07-23 09:37:16,055 3842457 road_revised.py Completed 15880 of 34374, 46.20%
2026-07-23 09:37:16,056 3842457 road_revised.py Completed 15890 of 34374, 46.23%
2026-07-23 09:37:16,066 3842457 road_revised.py Completed 15900 of 34374, 46.26%
2026-07-23 09:37:16,081 3842457 road_revised.py RSS checkpoint [iter1_lcp_progress_15900_of_34374]: 14.76 GB
2026-07-23 09:37:16,322 3842457 road_revised.py Completed 15910 of 34374, 46.28%
2026-07-23 09:37:16,607 3842457 road_revised.py Completed 15920 of 34374, 46.31%
2026-07-23 09:37:16,956 3842457 road_revised.py Completed 15930 of 34374, 46.34%
2026-07-23 09:37:17,211 3842457 road_revised.py Completed 15940 of 34374, 46.37%
2026-07-23 09:37:17,560 3842457 road_revised.py Completed 15950 of 34374, 46.40%
2026-07-23 09:37:17,830 3842457 road_revised.py Completed 15960 of 34374, 46.43%
2026-07-23 09:37:18,101 3842457 road_revised.py Completed 15970 of 34374, 46.46%
2026-07-23 09:37:21,224 3842457 road_revised.py Completed 15980 of 34374, 46.49%
2026-07-23 09:37:21,269 3842457 road_revised.py Completed 15990 of 34374, 46.52%
2026-07-23 09:37:21,294 3842457 road_revised.py Completed 16000 of 34374, 46.55%
2026-07-23 09:37:21,296 3842457 road_revised.py RSS checkpoint [iter1_lcp_progress_16000_of_34374]: 15.08 GB
2026-07-23 09:37:21,297 3842457 road_revised.py Completed 16010 of 34374, 46.58%
2026-07-23 09:37:21,312 3842457 road_revised.py Completed 16020 of 34374, 46.60%
2026-07-23 09:37:21,319 3842457 road_revised.py Completed 16030 of 34374, 46.63%
2026-07-23 09:37:21,320 3842457 road_revised.py Completed 16040 of 34374, 46.66%
2026-07-23 09:37:21,483 3842457 road_revised.py Completed 16050 of 34374, 46.69%
2026-07-23 09:37:21,783 3842457 road_revised.py Completed 16060 of 34374, 46.72%
2026-07-23 09:37:22,039 3842457 road_revised.py Completed 16070 of 34374, 46.75%
2026-07-23 09:37:22,309 3842457 road_revised.py Completed 16080 of 34374, 46.78%
2026-07-23 09:37:22,593 3842457 road_revised.py Completed 16090 of 34374, 46.81%
2026-07-23 09:37:22,864 3842457 road_revised.py Completed 16100 of 34374, 46.84%
2026-07-23 09:37:22,864 3842457 road_revised.py RSS checkpoint [iter1_lcp_progress_16100_of_34374]: 14.88 GB
2026-07-23 09:37:23,139 3842457 road_revised.py Completed 16110 of 34374, 46.87%
2026-07-23 09:37:23,403 3842457 road_revised.py Completed 16120 of 34374, 46.90%
2026-07-23 09:37:23,684 3842457 road_revised.py Completed 16130 of 34374, 46.93%
2026-07-23 09:37:23,928 3842457 road_revised.py Completed 16140 of 34374, 46.95%
2026-07-23 09:37:27,953 3842457 road_revised.py Completed 16150 of 34374, 46.98%
2026-07-23 09:37:27,954 3842457 road_revised.py Completed 16160 of 34374, 47.01%
2026-07-23 09:37:27,955 3842457 road_revised.py Completed 16170 of 34374, 47.04%
2026-07-23 09:37:27,956 3842457 road_revised.py Completed 16180 of 34374, 47.07%
2026-07-23 09:37:27,958 3842457 road_revised.py Completed 16190 of 34374, 47.10%
2026-07-23 09:37:27,959 3842457 road_revised.py Completed 16200 of 34374, 47.13%
2026-07-23 09:37:27,966 3842457 road_revised.py RSS checkpoint [iter1_lcp_progress_16200_of_34374]: 15.14 GB
2026-07-23 09:37:27,975 3842457 road_revised.py Completed 16210 of 34374, 47.16%
2026-07-23 09:37:27,976 3842457 road_revised.py Completed 16220 of 34374, 47.19%
2026-07-23 09:37:28,000 3842457 road_revised.py Completed 16230 of 34374, 47.22%
2026-07-23 09:37:28,308 3842457 road_revised.py Completed 16240 of 34374, 47.25%
2026-07-23 09:37:28,587 3842457 road_revised.py Completed 16250 of 34374, 47.27%
2026-07-23 09:37:28,858 3842457 road_revised.py Completed 16260 of 34374, 47.30%
2026-07-23 09:37:29,110 3842457 road_revised.py Completed 16270 of 34374, 47.33%
2026-07-23 09:37:29,313 3842457 road_revised.py Completed 16280 of 34374, 47.36%
2026-07-23 09:37:29,613 3842457 road_revised.py Completed 16290 of 34374, 47.39%
2026-07-23 09:37:29,870 3842457 road_revised.py Completed 16300 of 34374, 47.42%
2026-07-23 09:37:29,871 3842457 road_revised.py RSS checkpoint [iter1_lcp_progress_16300_of_34374]: 15.07 GB
2026-07-23 09:37:30,194 3842457 road_revised.py Completed 16310 of 34374, 47.45%
2026-07-23 09:37:32,880 3842457 road_revised.py Completed 16320 of 34374, 47.48%
2026-07-23 09:37:32,937 3842457 road_revised.py Completed 16330 of 34374, 47.51%
2026-07-23 09:37:32,939 3842457 road_revised.py Completed 16340 of 34374, 47.54%
2026-07-23 09:37:32,942 3842457 road_revised.py Completed 16350 of 34374, 47.57%
2026-07-23 09:37:32,943 3842457 road_revised.py Completed 16360 of 34374, 47.59%
2026-07-23 09:37:32,944 3842457 road_revised.py Completed 16370 of 34374, 47.62%
2026-07-23 09:37:33,132 3842457 road_revised.py Completed 16380 of 34374, 47.65%
2026-07-23 09:37:33,431 3842457 road_revised.py Completed 16390 of 34374, 47.68%
2026-07-23 09:37:33,679 3842457 road_revised.py Completed 16400 of 34374, 47.71%
2026-07-23 09:37:33,679 3842457 road_revised.py RSS checkpoint [iter1_lcp_progress_16400_of_34374]: 14.78 GB
2026-07-23 09:37:33,965 3842457 road_revised.py Completed 16410 of 34374, 47.74%
2026-07-23 09:37:34,260 3842457 road_revised.py Completed 16420 of 34374, 47.77%
2026-07-23 09:37:34,501 3842457 road_revised.py Completed 16430 of 34374, 47.80%
2026-07-23 09:37:34,765 3842457 road_revised.py Completed 16440 of 34374, 47.83%
2026-07-23 09:37:35,095 3842457 road_revised.py Completed 16450 of 34374, 47.86%
2026-07-23 09:37:35,421 3842457 road_revised.py Completed 16460 of 34374, 47.89%
2026-07-23 09:37:35,674 3842457 road_revised.py Completed 16470 of 34374, 47.91%
2026-07-23 09:37:35,941 3842457 road_revised.py Completed 16480 of 34374, 47.94%
2026-07-23 09:37:39,533 3842457 road_revised.py Completed 16490 of 34374, 47.97%
2026-07-23 09:37:39,568 3842457 road_revised.py Completed 16500 of 34374, 48.00%
2026-07-23 09:37:39,569 3842457 road_revised.py RSS checkpoint [iter1_lcp_progress_16500_of_34374]: 15.31 GB
2026-07-23 09:37:39,570 3842457 road_revised.py Completed 16510 of 34374, 48.03%
2026-07-23 09:37:39,571 3842457 road_revised.py Completed 16520 of 34374, 48.06%
2026-07-23 09:37:40,029 3842457 road_revised.py Completed 16530 of 34374, 48.09%
2026-07-23 09:37:40,030 3842457 road_revised.py Completed 16540 of 34374, 48.12%
2026-07-23 09:37:40,035 3842457 road_revised.py Completed 16550 of 34374, 48.15%
2026-07-23 09:37:40,037 3842457 road_revised.py Completed 16560 of 34374, 48.18%
2026-07-23 09:37:40,038 3842457 road_revised.py Completed 16570 of 34374, 48.21%
2026-07-23 09:37:40,050 3842457 road_revised.py Completed 16580 of 34374, 48.23%
2026-07-23 09:37:40,267 3842457 road_revised.py Completed 16590 of 34374, 48.26%
2026-07-23 09:37:40,517 3842457 road_revised.py Completed 16600 of 34374, 48.29%
2026-07-23 09:37:40,517 3842457 road_revised.py RSS checkpoint [iter1_lcp_progress_16600_of_34374]: 15.07 GB
2026-07-23 09:37:40,793 3842457 road_revised.py Completed 16610 of 34374, 48.32%
2026-07-23 09:37:41,083 3842457 road_revised.py Completed 16620 of 34374, 48.35%
2026-07-23 09:37:41,322 3842457 road_revised.py Completed 16630 of 34374, 48.38%
2026-07-23 09:37:41,589 3842457 road_revised.py Completed 16640 of 34374, 48.41%
2026-07-23 09:37:44,330 3842457 road_revised.py Completed 16650 of 34374, 48.44%
2026-07-23 09:37:44,331 3842457 road_revised.py Completed 16660 of 34374, 48.47%
2026-07-23 09:37:44,333 3842457 road_revised.py Completed 16670 of 34374, 48.50%
2026-07-23 09:37:44,356 3842457 road_revised.py Completed 16680 of 34374, 48.53%
2026-07-23 09:37:44,357 3842457 road_revised.py Completed 16690 of 34374, 48.55%
2026-07-23 09:37:44,358 3842457 road_revised.py Completed 16700 of 34374, 48.58%
2026-07-23 09:37:44,370 3842457 road_revised.py RSS checkpoint [iter1_lcp_progress_16700_of_34374]: 15.26 GB
2026-07-23 09:37:44,372 3842457 road_revised.py Completed 16710 of 34374, 48.61%
2026-07-23 09:37:44,463 3842457 road_revised.py Completed 16720 of 34374, 48.64%
2026-07-23 09:37:44,812 3842457 road_revised.py Completed 16730 of 34374, 48.67%
2026-07-23 09:37:45,088 3842457 road_revised.py Completed 16740 of 34374, 48.70%
2026-07-23 09:37:45,438 3842457 road_revised.py Completed 16750 of 34374, 48.73%
2026-07-23 09:37:45,685 3842457 road_revised.py Completed 16760 of 34374, 48.76%
2026-07-23 09:37:45,993 3842457 road_revised.py Completed 16770 of 34374, 48.79%
2026-07-23 09:37:46,298 3842457 road_revised.py Completed 16780 of 34374, 48.82%
2026-07-23 09:37:46,536 3842457 road_revised.py Completed 16790 of 34374, 48.85%
2026-07-23 09:37:46,853 3842457 road_revised.py Completed 16800 of 34374, 48.87%
2026-07-23 09:37:46,903 3842457 road_revised.py RSS checkpoint [iter1_lcp_progress_16800_of_34374]: 15.19 GB
2026-07-23 09:37:47,155 3842457 road_revised.py Completed 16810 of 34374, 48.90%
2026-07-23 09:37:50,870 3842457 road_revised.py Completed 16820 of 34374, 48.93%
2026-07-23 09:37:50,916 3842457 road_revised.py Completed 16830 of 34374, 48.96%
2026-07-23 09:37:50,917 3842457 road_revised.py Completed 16840 of 34374, 48.99%
2026-07-23 09:37:50,925 3842457 road_revised.py Completed 16850 of 34374, 49.02%
2026-07-23 09:37:51,391 3842457 road_revised.py Completed 16860 of 34374, 49.05%
2026-07-23 09:37:51,392 3842457 road_revised.py Completed 16870 of 34374, 49.08%
2026-07-23 09:37:51,393 3842457 road_revised.py Completed 16880 of 34374, 49.11%
2026-07-23 09:37:51,396 3842457 road_revised.py Completed 16890 of 34374, 49.14%
2026-07-23 09:37:51,405 3842457 road_revised.py Completed 16900 of 34374, 49.17%
2026-07-23 09:37:51,405 3842457 road_revised.py RSS checkpoint [iter1_lcp_progress_16900_of_34374]: 15.26 GB
2026-07-23 09:37:51,453 3842457 road_revised.py Completed 16910 of 34374, 49.19%
2026-07-23 09:37:51,730 3842457 road_revised.py Completed 16920 of 34374, 49.22%
2026-07-23 09:37:52,039 3842457 road_revised.py Completed 16930 of 34374, 49.25%
2026-07-23 09:37:52,317 3842457 road_revised.py Completed 16940 of 34374, 49.28%
2026-07-23 09:37:52,625 3842457 road_revised.py Completed 16950 of 34374, 49.31%
2026-07-23 09:37:52,851 3842457 road_revised.py Completed 16960 of 34374, 49.34%
2026-07-23 09:37:53,162 3842457 road_revised.py Completed 16970 of 34374, 49.37%
2026-07-23 09:37:53,432 3842457 road_revised.py Completed 16980 of 34374, 49.40%
2026-07-23 09:37:56,176 3842457 road_revised.py Completed 16990 of 34374, 49.43%
2026-07-23 09:37:56,225 3842457 road_revised.py Completed 17000 of 34374, 49.46%
2026-07-23 09:37:56,231 3842457 road_revised.py RSS checkpoint [iter1_lcp_progress_17000_of_34374]: 15.46 GB
2026-07-23 09:37:56,234 3842457 road_revised.py Completed 17010 of 34374, 49.49%
2026-07-23 09:37:56,235 3842457 road_revised.py Completed 17020 of 34374, 49.51%
2026-07-23 09:37:56,238 3842457 road_revised.py Completed 17030 of 34374, 49.54%
2026-07-23 09:37:56,246 3842457 road_revised.py Completed 17040 of 34374, 49.57%
2026-07-23 09:37:56,247 3842457 road_revised.py Completed 17050 of 34374, 49.60%
2026-07-23 09:37:56,479 3842457 road_revised.py Completed 17060 of 34374, 49.63%
2026-07-23 09:37:56,742 3842457 road_revised.py Completed 17070 of 34374, 49.66%
2026-07-23 09:37:57,033 3842457 road_revised.py Completed 17080 of 34374, 49.69%
2026-07-23 09:37:57,330 3842457 road_revised.py Completed 17090 of 34374, 49.72%
2026-07-23 09:37:57,594 3842457 road_revised.py Completed 17100 of 34374, 49.75%
2026-07-23 09:37:57,594 3842457 road_revised.py RSS checkpoint [iter1_lcp_progress_17100_of_34374]: 15.27 GB
2026-07-23 09:37:57,928 3842457 road_revised.py Completed 17110 of 34374, 49.78%
2026-07-23 09:37:58,149 3842457 road_revised.py Completed 17120 of 34374, 49.81%
2026-07-23 09:37:58,415 3842457 road_revised.py Completed 17130 of 34374, 49.83%
2026-07-23 09:37:58,658 3842457 road_revised.py Completed 17140 of 34374, 49.86%
2026-07-23 09:37:58,916 3842457 road_revised.py Completed 17150 of 34374, 49.89%
2026-07-23 09:38:02,102 3842457 road_revised.py Completed 17160 of 34374, 49.92%
2026-07-23 09:38:02,105 3842457 road_revised.py Completed 17170 of 34374, 49.95%
2026-07-23 09:38:02,106 3842457 road_revised.py Completed 17180 of 34374, 49.98%
2026-07-23 09:38:02,545 3842457 road_revised.py Completed 17190 of 34374, 50.01%
2026-07-23 09:38:02,546 3842457 road_revised.py Completed 17200 of 34374, 50.04%
2026-07-23 09:38:02,546 3842457 road_revised.py RSS checkpoint [iter1_lcp_progress_17200_of_34374]: 15.29 GB
2026-07-23 09:38:02,547 3842457 road_revised.py Completed 17210 of 34374, 50.07%
2026-07-23 09:38:02,549 3842457 road_revised.py Completed 17220 of 34374, 50.10%
2026-07-23 09:38:02,550 3842457 road_revised.py Completed 17230 of 34374, 50.13%
2026-07-23 09:38:02,590 3842457 road_revised.py Completed 17240 of 34374, 50.15%
2026-07-23 09:38:02,829 3842457 road_revised.py Completed 17250 of 34374, 50.18%
2026-07-23 09:38:03,096 3842457 road_revised.py Completed 17260 of 34374, 50.21%
2026-07-23 09:38:03,359 3842457 road_revised.py Completed 17270 of 34374, 50.24%
2026-07-23 09:38:03,636 3842457 road_revised.py Completed 17280 of 34374, 50.27%
2026-07-23 09:38:03,920 3842457 road_revised.py Completed 17290 of 34374, 50.30%
2026-07-23 09:38:04,209 3842457 road_revised.py Completed 17300 of 34374, 50.33%
2026-07-23 09:38:04,209 3842457 road_revised.py RSS checkpoint [iter1_lcp_progress_17300_of_34374]: 15.47 GB
2026-07-23 09:38:04,526 3842457 road_revised.py Completed 17310 of 34374, 50.36%
2026-07-23 09:38:07,346 3842457 road_revised.py Completed 17320 of 34374, 50.39%
2026-07-23 09:38:07,396 3842457 road_revised.py Completed 17330 of 34374, 50.42%
2026-07-23 09:38:07,397 3842457 road_revised.py Completed 17340 of 34374, 50.45%
2026-07-23 09:38:07,404 3842457 road_revised.py Completed 17350 of 34374, 50.47%
2026-07-23 09:38:07,417 3842457 road_revised.py Completed 17360 of 34374, 50.50%
2026-07-23 09:38:07,418 3842457 road_revised.py Completed 17370 of 34374, 50.53%
2026-07-23 09:38:07,419 3842457 road_revised.py Completed 17380 of 34374, 50.56%
2026-07-23 09:38:07,579 3842457 road_revised.py Completed 17390 of 34374, 50.59%
2026-07-23 09:38:07,835 3842457 road_revised.py Completed 17400 of 34374, 50.62%
2026-07-23 09:38:07,836 3842457 road_revised.py RSS checkpoint [iter1_lcp_progress_17400_of_34374]: 15.30 GB
2026-07-23 09:38:08,095 3842457 road_revised.py Completed 17410 of 34374, 50.65%
2026-07-23 09:38:08,385 3842457 road_revised.py Completed 17420 of 34374, 50.68%
2026-07-23 09:38:08,679 3842457 road_revised.py Completed 17430 of 34374, 50.71%
2026-07-23 09:38:08,984 3842457 road_revised.py Completed 17440 of 34374, 50.74%
2026-07-23 09:38:09,227 3842457 road_revised.py Completed 17450 of 34374, 50.77%
2026-07-23 09:38:09,472 3842457 road_revised.py Completed 17460 of 34374, 50.79%
2026-07-23 09:38:09,784 3842457 road_revised.py Completed 17470 of 34374, 50.82%
2026-07-23 09:38:10,000 3842457 road_revised.py Completed 17480 of 34374, 50.85%
2026-07-23 09:38:13,361 3842457 road_revised.py Completed 17490 of 34374, 50.88%
2026-07-23 09:38:13,363 3842457 road_revised.py Completed 17500 of 34374, 50.91%
2026-07-23 09:38:13,365 3842457 road_revised.py RSS checkpoint [iter1_lcp_progress_17500_of_34374]: 15.71 GB
2026-07-23 09:38:13,837 3842457 road_revised.py Completed 17510 of 34374, 50.94%
2026-07-23 09:38:13,845 3842457 road_revised.py Completed 17520 of 34374, 50.97%
2026-07-23 09:38:13,846 3842457 road_revised.py Completed 17530 of 34374, 51.00%
2026-07-23 09:38:13,864 3842457 road_revised.py Completed 17540 of 34374, 51.03%
2026-07-23 09:38:13,865 3842457 road_revised.py Completed 17550 of 34374, 51.06%
2026-07-23 09:38:13,872 3842457 road_revised.py Completed 17560 of 34374, 51.09%
2026-07-23 09:38:13,873 3842457 road_revised.py Completed 17570 of 34374, 51.11%
2026-07-23 09:38:13,898 3842457 road_revised.py Completed 17580 of 34374, 51.14%
2026-07-23 09:38:14,157 3842457 road_revised.py Completed 17590 of 34374, 51.17%
2026-07-23 09:38:14,440 3842457 road_revised.py Completed 17600 of 34374, 51.20%
2026-07-23 09:38:14,441 3842457 road_revised.py RSS checkpoint [iter1_lcp_progress_17600_of_34374]: 15.54 GB
2026-07-23 09:38:14,697 3842457 road_revised.py Completed 17610 of 34374, 51.23%
2026-07-23 09:38:14,961 3842457 road_revised.py Completed 17620 of 34374, 51.26%
2026-07-23 09:38:15,232 3842457 road_revised.py Completed 17630 of 34374, 51.29%
2026-07-23 09:38:15,518 3842457 road_revised.py Completed 17640 of 34374, 51.32%
2026-07-23 09:38:15,774 3842457 road_revised.py Completed 17650 of 34374, 51.35%
2026-07-23 09:38:18,884 3842457 road_revised.py Completed 17660 of 34374, 51.38%
2026-07-23 09:38:18,892 3842457 road_revised.py Completed 17670 of 34374, 51.41%
2026-07-23 09:38:18,919 3842457 road_revised.py Completed 17680 of 34374, 51.43%
2026-07-23 09:38:18,921 3842457 road_revised.py Completed 17690 of 34374, 51.46%
2026-07-23 09:38:18,921 3842457 road_revised.py Completed 17700 of 34374, 51.49%
2026-07-23 09:38:18,942 3842457 road_revised.py RSS checkpoint [iter1_lcp_progress_17700_of_34374]: 15.82 GB
2026-07-23 09:38:18,957 3842457 road_revised.py Completed 17710 of 34374, 51.52%
2026-07-23 09:38:18,971 3842457 road_revised.py Completed 17720 of 34374, 51.55%
2026-07-23 09:38:19,127 3842457 road_revised.py Completed 17730 of 34374, 51.58%
2026-07-23 09:38:19,380 3842457 road_revised.py Completed 17740 of 34374, 51.61%
2026-07-23 09:38:19,680 3842457 road_revised.py Completed 17750 of 34374, 51.64%
2026-07-23 09:38:20,002 3842457 road_revised.py Completed 17760 of 34374, 51.67%
2026-07-23 09:38:20,312 3842457 road_revised.py Completed 17770 of 34374, 51.70%
2026-07-23 09:38:20,535 3842457 road_revised.py Completed 17780 of 34374, 51.73%
2026-07-23 09:38:20,591 3842457 road_revised.py Completed 17790 of 34374, 51.75%
2026-07-23 09:38:20,844 3842457 road_revised.py Completed 17800 of 34374, 51.78%
2026-07-23 09:38:20,844 3842457 road_revised.py RSS checkpoint [iter1_lcp_progress_17800_of_34374]: 15.70 GB
2026-07-23 09:38:21,122 3842457 road_revised.py Completed 17810 of 34374, 51.81%
2026-07-23 09:38:21,411 3842457 road_revised.py Completed 17820 of 34374, 51.84%
2026-07-23 09:38:21,670 3842457 road_revised.py Completed 17830 of 34374, 51.87%
2026-07-23 09:38:25,375 3842457 road_revised.py Completed 17840 of 34374, 51.90%
2026-07-23 09:38:25,378 3842457 road_revised.py Completed 17850 of 34374, 51.93%
2026-07-23 09:38:25,379 3842457 road_revised.py Completed 17860 of 34374, 51.96%
2026-07-23 09:38:25,871 3842457 road_revised.py Completed 17870 of 34374, 51.99%
2026-07-23 09:38:25,878 3842457 road_revised.py Completed 17880 of 34374, 52.02%
2026-07-23 09:38:25,880 3842457 road_revised.py Completed 17890 of 34374, 52.05%
2026-07-23 09:38:25,898 3842457 road_revised.py Completed 17900 of 34374, 52.07%
2026-07-23 09:38:25,906 3842457 road_revised.py RSS checkpoint [iter1_lcp_progress_17900_of_34374]: 15.71 GB
2026-07-23 09:38:25,908 3842457 road_revised.py Completed 17910 of 34374, 52.10%
2026-07-23 09:38:26,030 3842457 road_revised.py Completed 17920 of 34374, 52.13%
2026-07-23 09:38:26,351 3842457 road_revised.py Completed 17930 of 34374, 52.16%
2026-07-23 09:38:26,581 3842457 road_revised.py Completed 17940 of 34374, 52.19%
2026-07-23 09:38:26,874 3842457 road_revised.py Completed 17950 of 34374, 52.22%
2026-07-23 09:38:27,152 3842457 road_revised.py Completed 17960 of 34374, 52.25%
2026-07-23 09:38:27,434 3842457 road_revised.py Completed 17970 of 34374, 52.28%
2026-07-23 09:38:27,701 3842457 road_revised.py Completed 17980 of 34374, 52.31%
2026-07-23 09:38:28,007 3842457 road_revised.py Completed 17990 of 34374, 52.34%
2026-07-23 09:38:30,831 3842457 road_revised.py Completed 18000 of 34374, 52.37%
2026-07-23 09:38:30,836 3842457 road_revised.py RSS checkpoint [iter1_lcp_progress_18000_of_34374]: 15.94 GB
2026-07-23 09:38:30,886 3842457 road_revised.py Completed 18010 of 34374, 52.39%
2026-07-23 09:38:30,887 3842457 road_revised.py Completed 18020 of 34374, 52.42%
2026-07-23 09:38:30,888 3842457 road_revised.py Completed 18030 of 34374, 52.45%
2026-07-23 09:38:30,903 3842457 road_revised.py Completed 18040 of 34374, 52.48%
2026-07-23 09:38:30,904 3842457 road_revised.py Completed 18050 of 34374, 52.51%
2026-07-23 09:38:30,905 3842457 road_revised.py Completed 18060 of 34374, 52.54%
2026-07-23 09:38:31,059 3842457 road_revised.py Completed 18070 of 34374, 52.57%
2026-07-23 09:38:31,359 3842457 road_revised.py Completed 18080 of 34374, 52.60%
2026-07-23 09:38:31,592 3842457 road_revised.py Completed 18090 of 34374, 52.63%
2026-07-23 09:38:31,835 3842457 road_revised.py Completed 18100 of 34374, 52.66%
2026-07-23 09:38:31,835 3842457 road_revised.py RSS checkpoint [iter1_lcp_progress_18100_of_34374]: 15.70 GB
2026-07-23 09:38:32,142 3842457 road_revised.py Completed 18110 of 34374, 52.69%
2026-07-23 09:38:32,396 3842457 road_revised.py Completed 18120 of 34374, 52.71%
2026-07-23 09:38:32,618 3842457 road_revised.py Completed 18130 of 34374, 52.74%
2026-07-23 09:38:32,871 3842457 road_revised.py Completed 18140 of 34374, 52.77%
2026-07-23 09:38:33,148 3842457 road_revised.py Completed 18150 of 34374, 52.80%
2026-07-23 09:38:33,372 3842457 road_revised.py Completed 18160 of 34374, 52.83%
2026-07-23 09:38:36,829 3842457 road_revised.py Completed 18170 of 34374, 52.86%
2026-07-23 09:38:36,890 3842457 road_revised.py Completed 18180 of 34374, 52.89%
2026-07-23 09:38:37,391 3842457 road_revised.py Completed 18190 of 34374, 52.92%
2026-07-23 09:38:37,588 3842457 road_revised.py Completed 18200 of 34374, 52.95%
2026-07-23 09:38:37,596 3842457 road_revised.py RSS checkpoint [iter1_lcp_progress_18200_of_34374]: 15.75 GB
2026-07-23 09:38:37,630 3842457 road_revised.py Completed 18210 of 34374, 52.98%
2026-07-23 09:38:37,631 3842457 road_revised.py Completed 18220 of 34374, 53.01%
2026-07-23 09:38:37,636 3842457 road_revised.py Completed 18230 of 34374, 53.03%
2026-07-23 09:38:37,637 3842457 road_revised.py Completed 18240 of 34374, 53.06%
2026-07-23 09:38:37,639 3842457 road_revised.py Completed 18250 of 34374, 53.09%
2026-07-23 09:38:37,640 3842457 road_revised.py Completed 18260 of 34374, 53.12%
2026-07-23 09:38:37,684 3842457 road_revised.py Completed 18270 of 34374, 53.15%
2026-07-23 09:38:37,948 3842457 road_revised.py Completed 18280 of 34374, 53.18%
2026-07-23 09:38:38,152 3842457 road_revised.py Completed 18290 of 34374, 53.21%
2026-07-23 09:38:38,438 3842457 road_revised.py Completed 18300 of 34374, 53.24%
2026-07-23 09:38:38,438 3842457 road_revised.py RSS checkpoint [iter1_lcp_progress_18300_of_34374]: 15.83 GB
2026-07-23 09:38:38,718 3842457 road_revised.py Completed 18310 of 34374, 53.27%
2026-07-23 09:38:39,001 3842457 road_revised.py Completed 18320 of 34374, 53.30%
2026-07-23 09:38:39,240 3842457 road_revised.py Completed 18330 of 34374, 53.33%
2026-07-23 09:38:42,422 3842457 road_revised.py Completed 18340 of 34374, 53.35%
2026-07-23 09:38:42,427 3842457 road_revised.py Completed 18350 of 34374, 53.38%
2026-07-23 09:38:42,428 3842457 road_revised.py Completed 18360 of 34374, 53.41%
2026-07-23 09:38:42,455 3842457 road_revised.py Completed 18370 of 34374, 53.44%
2026-07-23 09:38:42,456 3842457 road_revised.py Completed 18380 of 34374, 53.47%
2026-07-23 09:38:42,469 3842457 road_revised.py Completed 18390 of 34374, 53.50%
2026-07-23 09:38:42,483 3842457 road_revised.py Completed 18400 of 34374, 53.53%
2026-07-23 09:38:42,483 3842457 road_revised.py RSS checkpoint [iter1_lcp_progress_18400_of_34374]: 14.88 GB
2026-07-23 09:38:42,771 3842457 road_revised.py Completed 18410 of 34374, 53.56%
2026-07-23 09:38:43,038 3842457 road_revised.py Completed 18420 of 34374, 53.59%
2026-07-23 09:38:43,363 3842457 road_revised.py Completed 18430 of 34374, 53.62%
2026-07-23 09:38:43,640 3842457 road_revised.py Completed 18440 of 34374, 53.65%
2026-07-23 09:38:43,896 3842457 road_revised.py Completed 18450 of 34374, 53.67%
2026-07-23 09:38:44,210 3842457 road_revised.py Completed 18460 of 34374, 53.70%
2026-07-23 09:38:44,458 3842457 road_revised.py Completed 18470 of 34374, 53.73%
2026-07-23 09:38:44,736 3842457 road_revised.py Completed 18480 of 34374, 53.76%
2026-07-23 09:38:45,049 3842457 road_revised.py Completed 18490 of 34374, 53.79%
2026-07-23 09:38:45,313 3842457 road_revised.py Completed 18500 of 34374, 53.82%
2026-07-23 09:38:45,324 3842457 road_revised.py RSS checkpoint [iter1_lcp_progress_18500_of_34374]: 15.25 GB
2026-07-23 09:38:48,926 3842457 road_revised.py Completed 18510 of 34374, 53.85%
2026-07-23 09:38:49,401 3842457 road_revised.py Completed 18520 of 34374, 53.88%
2026-07-23 09:38:49,404 3842457 road_revised.py Completed 18530 of 34374, 53.91%
2026-07-23 09:38:49,406 3842457 road_revised.py Completed 18540 of 34374, 53.94%
2026-07-23 09:38:49,407 3842457 road_revised.py Completed 18550 of 34374, 53.97%
2026-07-23 09:38:49,408 3842457 road_revised.py Completed 18560 of 34374, 53.99%
2026-07-23 09:38:49,410 3842457 road_revised.py Completed 18570 of 34374, 54.02%
2026-07-23 09:38:49,411 3842457 road_revised.py Completed 18580 of 34374, 54.05%
2026-07-23 09:38:49,412 3842457 road_revised.py Completed 18590 of 34374, 54.08%
2026-07-23 09:38:49,426 3842457 road_revised.py Completed 18600 of 34374, 54.11%
2026-07-23 09:38:49,428 3842457 road_revised.py RSS checkpoint [iter1_lcp_progress_18600_of_34374]: 14.93 GB
2026-07-23 09:38:49,698 3842457 road_revised.py Completed 18610 of 34374, 54.14%
2026-07-23 09:38:49,950 3842457 road_revised.py Completed 18620 of 34374, 54.17%
2026-07-23 09:38:50,244 3842457 road_revised.py Completed 18630 of 34374, 54.20%
2026-07-23 09:38:50,510 3842457 road_revised.py Completed 18640 of 34374, 54.23%
2026-07-23 09:38:50,745 3842457 road_revised.py Completed 18650 of 34374, 54.26%
2026-07-23 09:38:50,997 3842457 road_revised.py Completed 18660 of 34374, 54.29%
2026-07-23 09:38:53,583 3842457 road_revised.py Completed 18670 of 34374, 54.31%
2026-07-23 09:38:53,586 3842457 road_revised.py Completed 18680 of 34374, 54.34%
2026-07-23 09:38:53,587 3842457 road_revised.py Completed 18690 of 34374, 54.37%
2026-07-23 09:38:53,597 3842457 road_revised.py Completed 18700 of 34374, 54.40%
2026-07-23 09:38:53,597 3842457 road_revised.py RSS checkpoint [iter1_lcp_progress_18700_of_34374]: 15.14 GB
2026-07-23 09:38:53,598 3842457 road_revised.py Completed 18710 of 34374, 54.43%
2026-07-23 09:38:53,599 3842457 road_revised.py Completed 18720 of 34374, 54.46%
2026-07-23 09:38:53,698 3842457 road_revised.py Completed 18730 of 34374, 54.49%
2026-07-23 09:38:54,040 3842457 road_revised.py Completed 18740 of 34374, 54.52%
2026-07-23 09:38:54,283 3842457 road_revised.py Completed 18750 of 34374, 54.55%
2026-07-23 09:38:54,552 3842457 road_revised.py Completed 18760 of 34374, 54.58%
2026-07-23 09:38:54,810 3842457 road_revised.py Completed 18770 of 34374, 54.61%
2026-07-23 09:38:55,072 3842457 road_revised.py Completed 18780 of 34374, 54.63%
2026-07-23 09:38:55,362 3842457 road_revised.py Completed 18790 of 34374, 54.66%
2026-07-23 09:38:55,605 3842457 road_revised.py Completed 18800 of 34374, 54.69%
2026-07-23 09:38:55,605 3842457 road_revised.py RSS checkpoint [iter1_lcp_progress_18800_of_34374]: 15.31 GB
2026-07-23 09:38:55,936 3842457 road_revised.py Completed 18810 of 34374, 54.72%
2026-07-23 09:38:56,157 3842457 road_revised.py Completed 18820 of 34374, 54.75%
2026-07-23 09:38:56,371 3842457 road_revised.py Completed 18830 of 34374, 54.78%
2026-07-23 09:39:00,923 3842457 road_revised.py Completed 18840 of 34374, 54.81%
2026-07-23 09:39:00,928 3842457 road_revised.py Completed 18850 of 34374, 54.84%
2026-07-23 09:39:00,938 3842457 road_revised.py Completed 18860 of 34374, 54.87%
2026-07-23 09:39:00,939 3842457 road_revised.py Completed 18870 of 34374, 54.90%
2026-07-23 09:39:00,957 3842457 road_revised.py Completed 18880 of 34374, 54.93%
2026-07-23 09:39:00,958 3842457 road_revised.py Completed 18890 of 34374, 54.95%
2026-07-23 09:39:00,962 3842457 road_revised.py Completed 18900 of 34374, 54.98%
2026-07-23 09:39:00,962 3842457 road_revised.py RSS checkpoint [iter1_lcp_progress_18900_of_34374]: 15.79 GB
2026-07-23 09:39:00,963 3842457 road_revised.py Completed 18910 of 34374, 55.01%
2026-07-23 09:39:00,964 3842457 road_revised.py Completed 18920 of 34374, 55.04%
2026-07-23 09:39:00,989 3842457 road_revised.py Completed 18930 of 34374, 55.07%
2026-07-23 09:39:01,299 3842457 road_revised.py Completed 18940 of 34374, 55.10%
2026-07-23 09:39:01,603 3842457 road_revised.py Completed 18950 of 34374, 55.13%
2026-07-23 09:39:01,912 3842457 road_revised.py Completed 18960 of 34374, 55.16%
2026-07-23 09:39:02,013 3842457 road_revised.py Completed 18970 of 34374, 55.19%
2026-07-23 09:39:02,185 3842457 road_revised.py Completed 18980 of 34374, 55.22%
2026-07-23 09:39:02,477 3842457 road_revised.py Completed 18990 of 34374, 55.25%
2026-07-23 09:39:02,761 3842457 road_revised.py Completed 19000 of 34374, 55.27%
2026-07-23 09:39:02,761 3842457 road_revised.py RSS checkpoint [iter1_lcp_progress_19000_of_34374]: 15.73 GB
2026-07-23 09:39:03,055 3842457 road_revised.py Completed 19010 of 34374, 55.30%
2026-07-23 09:39:03,328 3842457 road_revised.py Completed 19020 of 34374, 55.33%
2026-07-23 09:39:06,132 3842457 road_revised.py Completed 19030 of 34374, 55.36%
2026-07-23 09:39:06,138 3842457 road_revised.py Completed 19040 of 34374, 55.39%
2026-07-23 09:39:06,161 3842457 road_revised.py Completed 19050 of 34374, 55.42%
2026-07-23 09:39:06,169 3842457 road_revised.py Completed 19060 of 34374, 55.45%
2026-07-23 09:39:06,170 3842457 road_revised.py Completed 19070 of 34374, 55.48%
2026-07-23 09:39:06,176 3842457 road_revised.py Completed 19080 of 34374, 55.51%
2026-07-23 09:39:06,230 3842457 road_revised.py Completed 19090 of 34374, 55.54%
2026-07-23 09:39:06,578 3842457 road_revised.py Completed 19100 of 34374, 55.57%
2026-07-23 09:39:06,579 3842457 road_revised.py RSS checkpoint [iter1_lcp_progress_19100_of_34374]: 15.13 GB
2026-07-23 09:39:06,842 3842457 road_revised.py Completed 19110 of 34374, 55.59%
2026-07-23 09:39:07,105 3842457 road_revised.py Completed 19120 of 34374, 55.62%
2026-07-23 09:39:07,358 3842457 road_revised.py Completed 19130 of 34374, 55.65%
2026-07-23 09:39:07,632 3842457 road_revised.py Completed 19140 of 34374, 55.68%
2026-07-23 09:39:07,876 3842457 road_revised.py Completed 19150 of 34374, 55.71%
2026-07-23 09:39:08,163 3842457 road_revised.py Completed 19160 of 34374, 55.74%
2026-07-23 09:39:08,433 3842457 road_revised.py Completed 19170 of 34374, 55.77%
2026-07-23 09:39:08,714 3842457 road_revised.py Completed 19180 of 34374, 55.80%
2026-07-23 09:39:08,971 3842457 road_revised.py Completed 19190 of 34374, 55.83%
2026-07-23 09:39:12,388 3842457 road_revised.py Completed 19200 of 34374, 55.86%
2026-07-23 09:39:12,395 3842457 road_revised.py RSS checkpoint [iter1_lcp_progress_19200_of_34374]: 15.97 GB
2026-07-23 09:39:12,461 3842457 road_revised.py Completed 19210 of 34374, 55.89%
2026-07-23 09:39:12,462 3842457 road_revised.py Completed 19220 of 34374, 55.91%
2026-07-23 09:39:12,463 3842457 road_revised.py Completed 19230 of 34374, 55.94%
2026-07-23 09:39:12,467 3842457 road_revised.py Completed 19240 of 34374, 55.97%
2026-07-23 09:39:12,468 3842457 road_revised.py Completed 19250 of 34374, 56.00%
2026-07-23 09:39:12,469 3842457 road_revised.py Completed 19260 of 34374, 56.03%
2026-07-23 09:39:12,926 3842457 road_revised.py Completed 19270 of 34374, 56.06%
2026-07-23 09:39:13,165 3842457 road_revised.py Completed 19280 of 34374, 56.09%
2026-07-23 09:39:13,434 3842457 road_revised.py Completed 19290 of 34374, 56.12%
2026-07-23 09:39:13,716 3842457 road_revised.py Completed 19300 of 34374, 56.15%
2026-07-23 09:39:13,716 3842457 road_revised.py RSS checkpoint [iter1_lcp_progress_19300_of_34374]: 15.89 GB
2026-07-23 09:39:14,015 3842457 road_revised.py Completed 19310 of 34374, 56.18%
2026-07-23 09:39:14,324 3842457 road_revised.py Completed 19320 of 34374, 56.21%
2026-07-23 09:39:14,605 3842457 road_revised.py Completed 19330 of 34374, 56.23%
2026-07-23 09:39:14,924 3842457 road_revised.py Completed 19340 of 34374, 56.26%
2026-07-23 09:39:15,239 3842457 road_revised.py Completed 19350 of 34374, 56.29%
2026-07-23 09:39:18,962 3842457 road_revised.py Completed 19360 of 34374, 56.32%
2026-07-23 09:39:18,969 3842457 road_revised.py Completed 19370 of 34374, 56.35%
2026-07-23 09:39:18,971 3842457 road_revised.py Completed 19380 of 34374, 56.38%
2026-07-23 09:39:18,977 3842457 road_revised.py Completed 19390 of 34374, 56.41%
2026-07-23 09:39:18,992 3842457 road_revised.py Completed 19400 of 34374, 56.44%
2026-07-23 09:39:18,996 3842457 road_revised.py RSS checkpoint [iter1_lcp_progress_19400_of_34374]: 16.05 GB
2026-07-23 09:39:19,006 3842457 road_revised.py Completed 19410 of 34374, 56.47%
2026-07-23 09:39:19,014 3842457 road_revised.py Completed 19420 of 34374, 56.50%
2026-07-23 09:39:19,015 3842457 road_revised.py Completed 19430 of 34374, 56.53%
2026-07-23 09:39:19,267 3842457 road_revised.py Completed 19440 of 34374, 56.55%
2026-07-23 09:39:19,527 3842457 road_revised.py Completed 19450 of 34374, 56.58%
2026-07-23 09:39:19,832 3842457 road_revised.py Completed 19460 of 34374, 56.61%
2026-07-23 09:39:20,114 3842457 road_revised.py Completed 19470 of 34374, 56.64%
2026-07-23 09:39:20,393 3842457 road_revised.py Completed 19480 of 34374, 56.67%
2026-07-23 09:39:20,690 3842457 road_revised.py Completed 19490 of 34374, 56.70%
2026-07-23 09:39:20,943 3842457 road_revised.py Completed 19500 of 34374, 56.73%
2026-07-23 09:39:20,944 3842457 road_revised.py RSS checkpoint [iter1_lcp_progress_19500_of_34374]: 15.81 GB
2026-07-23 09:39:21,241 3842457 road_revised.py Completed 19510 of 34374, 56.76%
2026-07-23 09:39:21,443 3842457 road_revised.py Completed 19520 of 34374, 56.79%
2026-07-23 09:39:25,547 3842457 road_revised.py Completed 19530 of 34374, 56.82%
2026-07-23 09:39:25,553 3842457 road_revised.py Completed 19540 of 34374, 56.85%
2026-07-23 09:39:25,599 3842457 road_revised.py Completed 19550 of 34374, 56.87%
2026-07-23 09:39:25,600 3842457 road_revised.py Completed 19560 of 34374, 56.90%
2026-07-23 09:39:25,602 3842457 road_revised.py Completed 19570 of 34374, 56.93%
2026-07-23 09:39:26,044 3842457 road_revised.py Completed 19580 of 34374, 56.96%
2026-07-23 09:39:26,045 3842457 road_revised.py Completed 19590 of 34374, 56.99%
2026-07-23 09:39:26,047 3842457 road_revised.py Completed 19600 of 34374, 57.02%
2026-07-23 09:39:26,058 3842457 road_revised.py RSS checkpoint [iter1_lcp_progress_19600_of_34374]: 16.06 GB
2026-07-23 09:39:26,063 3842457 road_revised.py Completed 19610 of 34374, 57.05%
2026-07-23 09:39:26,076 3842457 road_revised.py Completed 19620 of 34374, 57.08%
2026-07-23 09:39:26,090 3842457 road_revised.py Completed 19630 of 34374, 57.11%
2026-07-23 09:39:26,332 3842457 road_revised.py Completed 19640 of 34374, 57.14%
2026-07-23 09:39:26,593 3842457 road_revised.py Completed 19650 of 34374, 57.17%
2026-07-23 09:39:26,830 3842457 road_revised.py Completed 19660 of 34374, 57.19%
2026-07-23 09:39:27,175 3842457 road_revised.py Completed 19670 of 34374, 57.22%
2026-07-23 09:39:27,411 3842457 road_revised.py Completed 19680 of 34374, 57.25%
2026-07-23 09:39:27,683 3842457 road_revised.py Completed 19690 of 34374, 57.28%
2026-07-23 09:39:30,344 3842457 road_revised.py Completed 19700 of 34374, 57.31%
2026-07-23 09:39:30,345 3842457 road_revised.py RSS checkpoint [iter1_lcp_progress_19700_of_34374]: 16.13 GB
2026-07-23 09:39:30,348 3842457 road_revised.py Completed 19710 of 34374, 57.34%
2026-07-23 09:39:30,349 3842457 road_revised.py Completed 19720 of 34374, 57.37%
2026-07-23 09:39:30,352 3842457 road_revised.py Completed 19730 of 34374, 57.40%
2026-07-23 09:39:30,354 3842457 road_revised.py Completed 19740 of 34374, 57.43%
2026-07-23 09:39:30,355 3842457 road_revised.py Completed 19750 of 34374, 57.46%
2026-07-23 09:39:30,402 3842457 road_revised.py Completed 19760 of 34374, 57.49%
2026-07-23 09:39:30,663 3842457 road_revised.py Completed 19770 of 34374, 57.51%
2026-07-23 09:39:30,942 3842457 road_revised.py Completed 19780 of 34374, 57.54%
2026-07-23 09:39:31,269 3842457 road_revised.py Completed 19790 of 34374, 57.57%
2026-07-23 09:39:31,568 3842457 road_revised.py Completed 19800 of 34374, 57.60%
2026-07-23 09:39:31,571 3842457 road_revised.py RSS checkpoint [iter1_lcp_progress_19800_of_34374]: 15.96 GB
2026-07-23 09:39:31,862 3842457 road_revised.py Completed 19810 of 34374, 57.63%
2026-07-23 09:39:32,147 3842457 road_revised.py Completed 19820 of 34374, 57.66%
2026-07-23 09:39:32,479 3842457 road_revised.py Completed 19830 of 34374, 57.69%
2026-07-23 09:39:32,794 3842457 road_revised.py Completed 19840 of 34374, 57.72%
2026-07-23 09:39:33,101 3842457 road_revised.py Completed 19850 of 34374, 57.75%
2026-07-23 09:39:33,405 3842457 road_revised.py Completed 19860 of 34374, 57.78%
2026-07-23 09:39:37,855 3842457 road_revised.py Completed 19870 of 34374, 57.81%
2026-07-23 09:39:37,861 3842457 road_revised.py Completed 19880 of 34374, 57.83%
2026-07-23 09:39:37,866 3842457 road_revised.py Completed 19890 of 34374, 57.86%
2026-07-23 09:39:38,363 3842457 road_revised.py Completed 19900 of 34374, 57.89%
2026-07-23 09:39:38,364 3842457 road_revised.py RSS checkpoint [iter1_lcp_progress_19900_of_34374]: 16.61 GB
2026-07-23 09:39:38,365 3842457 road_revised.py Completed 19910 of 34374, 57.92%
2026-07-23 09:39:38,366 3842457 road_revised.py Completed 19920 of 34374, 57.95%
2026-07-23 09:39:38,385 3842457 road_revised.py Completed 19930 of 34374, 57.98%
2026-07-23 09:39:38,386 3842457 road_revised.py Completed 19940 of 34374, 58.01%
2026-07-23 09:39:38,397 3842457 road_revised.py Completed 19950 of 34374, 58.04%
2026-07-23 09:39:38,398 3842457 road_revised.py Completed 19960 of 34374, 58.07%
2026-07-23 09:39:38,494 3842457 road_revised.py Completed 19970 of 34374, 58.10%
2026-07-23 09:39:38,754 3842457 road_revised.py Completed 19980 of 34374, 58.13%
2026-07-23 09:39:39,035 3842457 road_revised.py Completed 19990 of 34374, 58.15%
2026-07-23 09:39:39,334 3842457 road_revised.py Completed 20000 of 34374, 58.18%
2026-07-23 09:39:39,334 3842457 road_revised.py RSS checkpoint [iter1_lcp_progress_20000_of_34374]: 16.73 GB
2026-07-23 09:39:39,623 3842457 road_revised.py Completed 20010 of 34374, 58.21%
2026-07-23 09:39:39,880 3842457 road_revised.py Completed 20020 of 34374, 58.24%
2026-07-23 09:39:42,882 3842457 road_revised.py Completed 20030 of 34374, 58.27%
2026-07-23 09:39:42,886 3842457 road_revised.py Completed 20040 of 34374, 58.30%
2026-07-23 09:39:42,915 3842457 road_revised.py Completed 20050 of 34374, 58.33%
2026-07-23 09:39:42,916 3842457 road_revised.py Completed 20060 of 34374, 58.36%
2026-07-23 09:39:42,917 3842457 road_revised.py Completed 20070 of 34374, 58.39%
2026-07-23 09:39:42,926 3842457 road_revised.py Completed 20080 of 34374, 58.42%
2026-07-23 09:39:42,932 3842457 road_revised.py Completed 20090 of 34374, 58.45%
2026-07-23 09:39:42,942 3842457 road_revised.py Completed 20100 of 34374, 58.47%
2026-07-23 09:39:42,950 3842457 road_revised.py RSS checkpoint [iter1_lcp_progress_20100_of_34374]: 16.19 GB
2026-07-23 09:39:43,203 3842457 road_revised.py Completed 20110 of 34374, 58.50%
2026-07-23 09:39:43,471 3842457 road_revised.py Completed 20120 of 34374, 58.53%
2026-07-23 09:39:43,725 3842457 road_revised.py Completed 20130 of 34374, 58.56%
2026-07-23 09:39:43,941 3842457 road_revised.py Completed 20140 of 34374, 58.59%
2026-07-23 09:39:44,219 3842457 road_revised.py Completed 20150 of 34374, 58.62%
2026-07-23 09:39:44,582 3842457 road_revised.py Completed 20160 of 34374, 58.65%
2026-07-23 09:39:44,829 3842457 road_revised.py Completed 20170 of 34374, 58.68%
2026-07-23 09:39:45,048 3842457 road_revised.py Completed 20180 of 34374, 58.71%
2026-07-23 09:39:45,324 3842457 road_revised.py Completed 20190 of 34374, 58.74%
2026-07-23 09:39:48,976 3842457 road_revised.py Completed 20200 of 34374, 58.77%
2026-07-23 09:39:48,977 3842457 road_revised.py RSS checkpoint [iter1_lcp_progress_20200_of_34374]: 17.03 GB
2026-07-23 09:39:49,031 3842457 road_revised.py Completed 20210 of 34374, 58.79%
2026-07-23 09:39:49,032 3842457 road_revised.py Completed 20220 of 34374, 58.82%
2026-07-23 09:39:49,044 3842457 road_revised.py Completed 20230 of 34374, 58.85%
2026-07-23 09:39:49,578 3842457 road_revised.py Completed 20240 of 34374, 58.88%
2026-07-23 09:39:49,579 3842457 road_revised.py Completed 20250 of 34374, 58.91%
2026-07-23 09:39:49,580 3842457 road_revised.py Completed 20260 of 34374, 58.94%
2026-07-23 09:39:49,595 3842457 road_revised.py Completed 20270 of 34374, 58.97%
2026-07-23 09:39:49,596 3842457 road_revised.py Completed 20280 of 34374, 59.00%
2026-07-23 09:39:49,626 3842457 road_revised.py Completed 20290 of 34374, 59.03%
2026-07-23 09:39:49,893 3842457 road_revised.py Completed 20300 of 34374, 59.06%
2026-07-23 09:39:49,893 3842457 road_revised.py RSS checkpoint [iter1_lcp_progress_20300_of_34374]: 16.79 GB
2026-07-23 09:39:50,187 3842457 road_revised.py Completed 20310 of 34374, 59.09%
2026-07-23 09:39:50,486 3842457 road_revised.py Completed 20320 of 34374, 59.11%
2026-07-23 09:39:50,819 3842457 road_revised.py Completed 20330 of 34374, 59.14%
2026-07-23 09:39:51,067 3842457 road_revised.py Completed 20340 of 34374, 59.17%
2026-07-23 09:39:51,373 3842457 road_revised.py Completed 20350 of 34374, 59.20%
2026-07-23 09:39:51,551 3842457 road_revised.py Completed 20360 of 34374, 59.23%
2026-07-23 09:39:51,683 3842457 road_revised.py Completed 20370 of 34374, 59.26%
2026-07-23 09:39:54,825 3842457 road_revised.py Completed 20380 of 34374, 59.29%
2026-07-23 09:39:54,826 3842457 road_revised.py Completed 20390 of 34374, 59.32%
2026-07-23 09:39:54,827 3842457 road_revised.py Completed 20400 of 34374, 59.35%
2026-07-23 09:39:54,827 3842457 road_revised.py RSS checkpoint [iter1_lcp_progress_20400_of_34374]: 16.81 GB
2026-07-23 09:39:54,832 3842457 road_revised.py Completed 20410 of 34374, 59.38%
2026-07-23 09:39:54,837 3842457 road_revised.py Completed 20420 of 34374, 59.41%
2026-07-23 09:39:54,838 3842457 road_revised.py Completed 20430 of 34374, 59.43%
2026-07-23 09:39:54,871 3842457 road_revised.py Completed 20440 of 34374, 59.46%
2026-07-23 09:39:55,180 3842457 road_revised.py Completed 20450 of 34374, 59.49%
2026-07-23 09:39:55,480 3842457 road_revised.py Completed 20460 of 34374, 59.52%
2026-07-23 09:39:55,782 3842457 road_revised.py Completed 20470 of 34374, 59.55%
2026-07-23 09:39:56,051 3842457 road_revised.py Completed 20480 of 34374, 59.58%
2026-07-23 09:39:56,310 3842457 road_revised.py Completed 20490 of 34374, 59.61%
2026-07-23 09:39:56,576 3842457 road_revised.py Completed 20500 of 34374, 59.64%
2026-07-23 09:39:56,576 3842457 road_revised.py RSS checkpoint [iter1_lcp_progress_20500_of_34374]: 16.59 GB
2026-07-23 09:39:56,906 3842457 road_revised.py Completed 20510 of 34374, 59.67%
2026-07-23 09:39:57,211 3842457 road_revised.py Completed 20520 of 34374, 59.70%
2026-07-23 09:39:57,347 3842457 road_revised.py Completed 20530 of 34374, 59.73%
2026-07-23 09:39:57,610 3842457 road_revised.py Completed 20540 of 34374, 59.75%
2026-07-23 09:40:01,332 3842457 road_revised.py Completed 20550 of 34374, 59.78%
2026-07-23 09:40:01,335 3842457 road_revised.py Completed 20560 of 34374, 59.81%
2026-07-23 09:40:01,336 3842457 road_revised.py Completed 20570 of 34374, 59.84%
2026-07-23 09:40:01,790 3842457 road_revised.py Completed 20580 of 34374, 59.87%
2026-07-23 09:40:01,796 3842457 road_revised.py Completed 20590 of 34374, 59.90%
2026-07-23 09:40:01,797 3842457 road_revised.py Completed 20600 of 34374, 59.93%
2026-07-23 09:40:01,805 3842457 road_revised.py RSS checkpoint [iter1_lcp_progress_20600_of_34374]: 16.83 GB
2026-07-23 09:40:01,821 3842457 road_revised.py Completed 20610 of 34374, 59.96%
2026-07-23 09:40:01,823 3842457 road_revised.py Completed 20620 of 34374, 59.99%
2026-07-23 09:40:01,844 3842457 road_revised.py Completed 20630 of 34374, 60.02%
2026-07-23 09:40:01,845 3842457 road_revised.py Completed 20640 of 34374, 60.05%
2026-07-23 09:40:01,969 3842457 road_revised.py Completed 20650 of 34374, 60.07%
2026-07-23 09:40:02,236 3842457 road_revised.py Completed 20660 of 34374, 60.10%
2026-07-23 09:40:02,504 3842457 road_revised.py Completed 20670 of 34374, 60.13%
2026-07-23 09:40:02,730 3842457 road_revised.py Completed 20680 of 34374, 60.16%
2026-07-23 09:40:02,972 3842457 road_revised.py Completed 20690 of 34374, 60.19%
2026-07-23 09:40:03,224 3842457 road_revised.py Completed 20700 of 34374, 60.22%
2026-07-23 09:40:03,224 3842457 road_revised.py RSS checkpoint [iter1_lcp_progress_20700_of_34374]: 16.98 GB
2026-07-23 09:40:05,715 3842457 road_revised.py Completed 20710 of 34374, 60.25%
2026-07-23 09:40:05,717 3842457 road_revised.py Completed 20720 of 34374, 60.28%
2026-07-23 09:40:05,718 3842457 road_revised.py Completed 20730 of 34374, 60.31%
2026-07-23 09:40:05,744 3842457 road_revised.py Completed 20740 of 34374, 60.34%
2026-07-23 09:40:05,745 3842457 road_revised.py Completed 20750 of 34374, 60.37%
2026-07-23 09:40:05,752 3842457 road_revised.py Completed 20760 of 34374, 60.39%
2026-07-23 09:40:05,759 3842457 road_revised.py Completed 20770 of 34374, 60.42%
2026-07-23 09:40:05,985 3842457 road_revised.py Completed 20780 of 34374, 60.45%
2026-07-23 09:40:06,329 3842457 road_revised.py Completed 20790 of 34374, 60.48%
2026-07-23 09:40:06,523 3842457 road_revised.py Completed 20800 of 34374, 60.51%
2026-07-23 09:40:06,523 3842457 road_revised.py RSS checkpoint [iter1_lcp_progress_20800_of_34374]: 16.46 GB
2026-07-23 09:40:06,801 3842457 road_revised.py Completed 20810 of 34374, 60.54%
2026-07-23 09:40:07,159 3842457 road_revised.py Completed 20820 of 34374, 60.57%
2026-07-23 09:40:07,316 3842457 road_revised.py Completed 20830 of 34374, 60.60%
2026-07-23 09:40:07,619 3842457 road_revised.py Completed 20840 of 34374, 60.63%
2026-07-23 09:40:07,897 3842457 road_revised.py Completed 20850 of 34374, 60.66%
2026-07-23 09:40:08,202 3842457 road_revised.py Completed 20860 of 34374, 60.69%
2026-07-23 09:40:08,495 3842457 road_revised.py Completed 20870 of 34374, 60.71%
2026-07-23 09:40:12,644 3842457 road_revised.py Completed 20880 of 34374, 60.74%
2026-07-23 09:40:12,646 3842457 road_revised.py Completed 20890 of 34374, 60.77%
2026-07-23 09:40:12,647 3842457 road_revised.py Completed 20900 of 34374, 60.80%
2026-07-23 09:40:12,655 3842457 road_revised.py RSS checkpoint [iter1_lcp_progress_20900_of_34374]: 17.63 GB
2026-07-23 09:40:13,105 3842457 road_revised.py Completed 20910 of 34374, 60.83%
2026-07-23 09:40:13,106 3842457 road_revised.py Completed 20920 of 34374, 60.86%
2026-07-23 09:40:13,120 3842457 road_revised.py Completed 20930 of 34374, 60.89%
2026-07-23 09:40:13,122 3842457 road_revised.py Completed 20940 of 34374, 60.92%
2026-07-23 09:40:13,123 3842457 road_revised.py Completed 20950 of 34374, 60.95%
2026-07-23 09:40:13,125 3842457 road_revised.py Completed 20960 of 34374, 60.98%
2026-07-23 09:40:13,131 3842457 road_revised.py Completed 20970 of 34374, 61.01%
2026-07-23 09:40:13,157 3842457 road_revised.py Completed 20980 of 34374, 61.03%
2026-07-23 09:40:13,460 3842457 road_revised.py Completed 20990 of 34374, 61.06%
2026-07-23 09:40:13,737 3842457 road_revised.py Completed 21000 of 34374, 61.09%
2026-07-23 09:40:13,737 3842457 road_revised.py RSS checkpoint [iter1_lcp_progress_21000_of_34374]: 17.41 GB
2026-07-23 09:40:13,999 3842457 road_revised.py Completed 21010 of 34374, 61.12%
2026-07-23 09:40:14,269 3842457 road_revised.py Completed 21020 of 34374, 61.15%
2026-07-23 09:40:14,533 3842457 road_revised.py Completed 21030 of 34374, 61.18%
2026-07-23 09:40:14,840 3842457 road_revised.py Completed 21040 of 34374, 61.21%
2026-07-23 09:40:15,133 3842457 road_revised.py Completed 21050 of 34374, 61.24%
2026-07-23 09:40:17,893 3842457 road_revised.py Completed 21060 of 34374, 61.27%
2026-07-23 09:40:17,897 3842457 road_revised.py Completed 21070 of 34374, 61.30%
2026-07-23 09:40:17,909 3842457 road_revised.py Completed 21080 of 34374, 61.33%
2026-07-23 09:40:17,925 3842457 road_revised.py Completed 21090 of 34374, 61.35%
2026-07-23 09:40:17,926 3842457 road_revised.py Completed 21100 of 34374, 61.38%
2026-07-23 09:40:17,926 3842457 road_revised.py RSS checkpoint [iter1_lcp_progress_21100_of_34374]: 16.96 GB
2026-07-23 09:40:17,927 3842457 road_revised.py Completed 21110 of 34374, 61.41%
2026-07-23 09:40:17,937 3842457 road_revised.py Completed 21120 of 34374, 61.44%
2026-07-23 09:40:18,194 3842457 road_revised.py Completed 21130 of 34374, 61.47%
2026-07-23 09:40:18,449 3842457 road_revised.py Completed 21140 of 34374, 61.50%
2026-07-23 09:40:18,743 3842457 road_revised.py Completed 21150 of 34374, 61.53%
2026-07-23 09:40:19,016 3842457 road_revised.py Completed 21160 of 34374, 61.56%
2026-07-23 09:40:19,276 3842457 road_revised.py Completed 21170 of 34374, 61.59%
2026-07-23 09:40:19,520 3842457 road_revised.py Completed 21180 of 34374, 61.62%
2026-07-23 09:40:19,779 3842457 road_revised.py Completed 21190 of 34374, 61.65%
2026-07-23 09:40:20,062 3842457 road_revised.py Completed 21200 of 34374, 61.67%
2026-07-23 09:40:20,062 3842457 road_revised.py RSS checkpoint [iter1_lcp_progress_21200_of_34374]: 16.80 GB
2026-07-23 09:40:20,282 3842457 road_revised.py Completed 21210 of 34374, 61.70%
2026-07-23 09:40:20,531 3842457 road_revised.py Completed 21220 of 34374, 61.73%
2026-07-23 09:40:23,681 3842457 road_revised.py Completed 21230 of 34374, 61.76%
2026-07-23 09:40:24,168 3842457 road_revised.py Completed 21240 of 34374, 61.79%
2026-07-23 09:40:24,169 3842457 road_revised.py Completed 21250 of 34374, 61.82%
2026-07-23 09:40:24,170 3842457 road_revised.py Completed 21260 of 34374, 61.85%
2026-07-23 09:40:24,171 3842457 road_revised.py Completed 21270 of 34374, 61.88%
2026-07-23 09:40:24,172 3842457 road_revised.py Completed 21280 of 34374, 61.91%
2026-07-23 09:40:24,173 3842457 road_revised.py Completed 21290 of 34374, 61.94%
2026-07-23 09:40:24,174 3842457 road_revised.py Completed 21300 of 34374, 61.97%
2026-07-23 09:40:24,178 3842457 road_revised.py RSS checkpoint [iter1_lcp_progress_21300_of_34374]: 17.12 GB
2026-07-23 09:40:24,180 3842457 road_revised.py Completed 21310 of 34374, 61.99%
2026-07-23 09:40:24,245 3842457 road_revised.py Completed 21320 of 34374, 62.02%
2026-07-23 09:40:24,534 3842457 road_revised.py Completed 21330 of 34374, 62.05%
2026-07-23 09:40:24,766 3842457 road_revised.py Completed 21340 of 34374, 62.08%
2026-07-23 09:40:25,019 3842457 road_revised.py Completed 21350 of 34374, 62.11%
2026-07-23 09:40:25,353 3842457 road_revised.py Completed 21360 of 34374, 62.14%
2026-07-23 09:40:25,614 3842457 road_revised.py Completed 21370 of 34374, 62.17%
2026-07-23 09:40:25,935 3842457 road_revised.py Completed 21380 of 34374, 62.20%
2026-07-23 09:40:26,245 3842457 road_revised.py Completed 21390 of 34374, 62.23%
2026-07-23 09:40:29,188 3842457 road_revised.py Completed 21400 of 34374, 62.26%
2026-07-23 09:40:29,188 3842457 road_revised.py RSS checkpoint [iter1_lcp_progress_21400_of_34374]: 17.24 GB
2026-07-23 09:40:29,237 3842457 road_revised.py Completed 21410 of 34374, 62.29%
2026-07-23 09:40:29,239 3842457 road_revised.py Completed 21420 of 34374, 62.31%
2026-07-23 09:40:29,250 3842457 road_revised.py Completed 21430 of 34374, 62.34%
2026-07-23 09:40:29,255 3842457 road_revised.py Completed 21440 of 34374, 62.37%
2026-07-23 09:40:29,256 3842457 road_revised.py Completed 21450 of 34374, 62.40%
2026-07-23 09:40:29,270 3842457 road_revised.py Completed 21460 of 34374, 62.43%
2026-07-23 09:40:29,481 3842457 road_revised.py Completed 21470 of 34374, 62.46%
2026-07-23 09:40:29,745 3842457 road_revised.py Completed 21480 of 34374, 62.49%
2026-07-23 09:40:30,025 3842457 road_revised.py Completed 21490 of 34374, 62.52%
2026-07-23 09:40:30,308 3842457 road_revised.py Completed 21500 of 34374, 62.55%
2026-07-23 09:40:30,308 3842457 road_revised.py RSS checkpoint [iter1_lcp_progress_21500_of_34374]: 17.03 GB
2026-07-23 09:40:30,615 3842457 road_revised.py Completed 21510 of 34374, 62.58%
2026-07-23 09:40:30,887 3842457 road_revised.py Completed 21520 of 34374, 62.61%
2026-07-23 09:40:31,182 3842457 road_revised.py Completed 21530 of 34374, 62.63%
2026-07-23 09:40:31,436 3842457 road_revised.py Completed 21540 of 34374, 62.66%
2026-07-23 09:40:31,727 3842457 road_revised.py Completed 21550 of 34374, 62.69%
2026-07-23 09:40:36,142 3842457 road_revised.py Completed 21560 of 34374, 62.72%
2026-07-23 09:40:36,144 3842457 road_revised.py Completed 21570 of 34374, 62.75%
2026-07-23 09:40:36,145 3842457 road_revised.py Completed 21580 of 34374, 62.78%
2026-07-23 09:40:36,146 3842457 road_revised.py Completed 21590 of 34374, 62.81%
2026-07-23 09:40:36,148 3842457 road_revised.py Completed 21600 of 34374, 62.84%
2026-07-23 09:40:36,164 3842457 road_revised.py RSS checkpoint [iter1_lcp_progress_21600_of_34374]: 17.62 GB
2026-07-23 09:40:36,166 3842457 road_revised.py Completed 21610 of 34374, 62.87%
2026-07-23 09:40:36,193 3842457 road_revised.py Completed 21620 of 34374, 62.90%
2026-07-23 09:40:36,194 3842457 road_revised.py Completed 21630 of 34374, 62.93%
2026-07-23 09:40:36,195 3842457 road_revised.py Completed 21640 of 34374, 62.95%
2026-07-23 09:40:36,213 3842457 road_revised.py Completed 21650 of 34374, 62.98%
2026-07-23 09:40:36,528 3842457 road_revised.py Completed 21660 of 34374, 63.01%
2026-07-23 09:40:36,762 3842457 road_revised.py Completed 21670 of 34374, 63.04%
2026-07-23 09:40:37,018 3842457 road_revised.py Completed 21680 of 34374, 63.07%
2026-07-23 09:40:37,318 3842457 road_revised.py Completed 21690 of 34374, 63.10%
2026-07-23 09:40:37,559 3842457 road_revised.py Completed 21700 of 34374, 63.13%
2026-07-23 09:40:37,560 3842457 road_revised.py RSS checkpoint [iter1_lcp_progress_21700_of_34374]: 17.45 GB
2026-07-23 09:40:37,819 3842457 road_revised.py Completed 21710 of 34374, 63.16%
2026-07-23 09:40:38,078 3842457 road_revised.py Completed 21720 of 34374, 63.19%
2026-07-23 09:40:40,455 3842457 road_revised.py Completed 21730 of 34374, 63.22%
2026-07-23 09:40:40,460 3842457 road_revised.py Completed 21740 of 34374, 63.25%
2026-07-23 09:40:40,497 3842457 road_revised.py Completed 21750 of 34374, 63.27%
2026-07-23 09:40:40,498 3842457 road_revised.py Completed 21760 of 34374, 63.30%
2026-07-23 09:40:40,499 3842457 road_revised.py Completed 21770 of 34374, 63.33%
2026-07-23 09:40:40,500 3842457 road_revised.py Completed 21780 of 34374, 63.36%
2026-07-23 09:40:40,541 3842457 road_revised.py Completed 21790 of 34374, 63.39%
2026-07-23 09:40:40,821 3842457 road_revised.py Completed 21800 of 34374, 63.42%
2026-07-23 09:40:40,832 3842457 road_revised.py RSS checkpoint [iter1_lcp_progress_21800_of_34374]: 16.94 GB
2026-07-23 09:40:41,085 3842457 road_revised.py Completed 21810 of 34374, 63.45%
2026-07-23 09:40:41,393 3842457 road_revised.py Completed 21820 of 34374, 63.48%
2026-07-23 09:40:41,655 3842457 road_revised.py Completed 21830 of 34374, 63.51%
2026-07-23 09:40:41,911 3842457 road_revised.py Completed 21840 of 34374, 63.54%
2026-07-23 09:40:42,221 3842457 road_revised.py Completed 21850 of 34374, 63.57%
2026-07-23 09:40:42,505 3842457 road_revised.py Completed 21860 of 34374, 63.59%
2026-07-23 09:40:42,773 3842457 road_revised.py Completed 21870 of 34374, 63.62%
2026-07-23 09:40:43,123 3842457 road_revised.py Completed 21880 of 34374, 63.65%
2026-07-23 09:40:43,422 3842457 road_revised.py Completed 21890 of 34374, 63.68%
2026-07-23 09:40:47,135 3842457 road_revised.py Completed 21900 of 34374, 63.71%
2026-07-23 09:40:47,139 3842457 road_revised.py RSS checkpoint [iter1_lcp_progress_21900_of_34374]: 18.03 GB
2026-07-23 09:40:47,143 3842457 road_revised.py Completed 21910 of 34374, 63.74%
2026-07-23 09:40:47,144 3842457 road_revised.py Completed 21920 of 34374, 63.77%
2026-07-23 09:40:47,152 3842457 road_revised.py Completed 21930 of 34374, 63.80%
2026-07-23 09:40:47,153 3842457 road_revised.py Completed 21940 of 34374, 63.83%
2026-07-23 09:40:47,161 3842457 road_revised.py Completed 21950 of 34374, 63.86%
2026-07-23 09:40:47,587 3842457 road_revised.py Completed 21960 of 34374, 63.89%
2026-07-23 09:40:47,588 3842457 road_revised.py Completed 21970 of 34374, 63.91%
2026-07-23 09:40:47,649 3842457 road_revised.py Completed 21980 of 34374, 63.94%
2026-07-23 09:40:47,967 3842457 road_revised.py Completed 21990 of 34374, 63.97%
2026-07-23 09:40:48,231 3842457 road_revised.py Completed 22000 of 34374, 64.00%
2026-07-23 09:40:48,231 3842457 road_revised.py RSS checkpoint [iter1_lcp_progress_22000_of_34374]: 17.87 GB
2026-07-23 09:40:48,481 3842457 road_revised.py Completed 22010 of 34374, 64.03%
2026-07-23 09:40:48,811 3842457 road_revised.py Completed 22020 of 34374, 64.06%
2026-07-23 09:40:49,082 3842457 road_revised.py Completed 22030 of 34374, 64.09%
2026-07-23 09:40:49,384 3842457 road_revised.py Completed 22040 of 34374, 64.12%
2026-07-23 09:40:49,672 3842457 road_revised.py Completed 22050 of 34374, 64.15%
2026-07-23 09:40:49,958 3842457 road_revised.py Completed 22060 of 34374, 64.18%
2026-07-23 09:40:52,834 3842457 road_revised.py Completed 22070 of 34374, 64.21%
2026-07-23 09:40:52,835 3842457 road_revised.py Completed 22080 of 34374, 64.23%
2026-07-23 09:40:52,867 3842457 road_revised.py Completed 22090 of 34374, 64.26%
2026-07-23 09:40:52,874 3842457 road_revised.py Completed 22100 of 34374, 64.29%
2026-07-23 09:40:52,885 3842457 road_revised.py RSS checkpoint [iter1_lcp_progress_22100_of_34374]: 17.59 GB
2026-07-23 09:40:52,901 3842457 road_revised.py Completed 22110 of 34374, 64.32%
2026-07-23 09:40:52,902 3842457 road_revised.py Completed 22120 of 34374, 64.35%
2026-07-23 09:40:52,903 3842457 road_revised.py Completed 22130 of 34374, 64.38%
2026-07-23 09:40:53,026 3842457 road_revised.py Completed 22140 of 34374, 64.41%
2026-07-23 09:40:53,301 3842457 road_revised.py Completed 22150 of 34374, 64.44%
2026-07-23 09:40:53,548 3842457 road_revised.py Completed 22160 of 34374, 64.47%
2026-07-23 09:40:53,825 3842457 road_revised.py Completed 22170 of 34374, 64.50%
2026-07-23 09:40:54,120 3842457 road_revised.py Completed 22180 of 34374, 64.53%
2026-07-23 09:40:54,392 3842457 road_revised.py Completed 22190 of 34374, 64.55%
2026-07-23 09:40:54,658 3842457 road_revised.py Completed 22200 of 34374, 64.58%
2026-07-23 09:40:54,668 3842457 road_revised.py RSS checkpoint [iter1_lcp_progress_22200_of_34374]: 17.47 GB
2026-07-23 09:40:54,913 3842457 road_revised.py Completed 22210 of 34374, 64.61%
2026-07-23 09:40:55,218 3842457 road_revised.py Completed 22220 of 34374, 64.64%
2026-07-23 09:40:58,993 3842457 road_revised.py Completed 22230 of 34374, 64.67%
2026-07-23 09:40:59,007 3842457 road_revised.py Completed 22240 of 34374, 64.70%
2026-07-23 09:40:59,039 3842457 road_revised.py Completed 22250 of 34374, 64.73%
2026-07-23 09:40:59,042 3842457 road_revised.py Completed 22260 of 34374, 64.76%
2026-07-23 09:40:59,043 3842457 road_revised.py Completed 22270 of 34374, 64.79%
2026-07-23 09:40:59,539 3842457 road_revised.py Completed 22280 of 34374, 64.82%
2026-07-23 09:40:59,540 3842457 road_revised.py Completed 22290 of 34374, 64.85%
2026-07-23 09:40:59,545 3842457 road_revised.py Completed 22300 of 34374, 64.87%
2026-07-23 09:40:59,546 3842457 road_revised.py RSS checkpoint [iter1_lcp_progress_22300_of_34374]: 18.12 GB
2026-07-23 09:40:59,547 3842457 road_revised.py Completed 22310 of 34374, 64.90%
2026-07-23 09:40:59,560 3842457 road_revised.py Completed 22320 of 34374, 64.93%
2026-07-23 09:40:59,769 3842457 road_revised.py Completed 22330 of 34374, 64.96%
2026-07-23 09:41:00,035 3842457 road_revised.py Completed 22340 of 34374, 64.99%
2026-07-23 09:41:00,276 3842457 road_revised.py Completed 22350 of 34374, 65.02%
2026-07-23 09:41:00,537 3842457 road_revised.py Completed 22360 of 34374, 65.05%
2026-07-23 09:41:00,791 3842457 road_revised.py Completed 22370 of 34374, 65.08%
2026-07-23 09:41:01,077 3842457 road_revised.py Completed 22380 of 34374, 65.11%
2026-07-23 09:41:01,312 3842457 road_revised.py Completed 22390 of 34374, 65.14%
2026-07-23 09:41:04,201 3842457 road_revised.py Completed 22400 of 34374, 65.17%
2026-07-23 09:41:04,202 3842457 road_revised.py RSS checkpoint [iter1_lcp_progress_22400_of_34374]: 17.76 GB
2026-07-23 09:41:04,204 3842457 road_revised.py Completed 22410 of 34374, 65.19%
2026-07-23 09:41:04,254 3842457 road_revised.py Completed 22420 of 34374, 65.22%
2026-07-23 09:41:04,264 3842457 road_revised.py Completed 22430 of 34374, 65.25%
2026-07-23 09:41:04,276 3842457 road_revised.py Completed 22440 of 34374, 65.28%
2026-07-23 09:41:04,288 3842457 road_revised.py Completed 22450 of 34374, 65.31%
2026-07-23 09:41:04,289 3842457 road_revised.py Completed 22460 of 34374, 65.34%
2026-07-23 09:41:04,382 3842457 road_revised.py Completed 22470 of 34374, 65.37%
2026-07-23 09:41:04,633 3842457 road_revised.py Completed 22480 of 34374, 65.40%
2026-07-23 09:41:04,908 3842457 road_revised.py Completed 22490 of 34374, 65.43%
2026-07-23 09:41:05,222 3842457 road_revised.py Completed 22500 of 34374, 65.46%
2026-07-23 09:41:05,222 3842457 road_revised.py RSS checkpoint [iter1_lcp_progress_22500_of_34374]: 17.56 GB
2026-07-23 09:41:05,535 3842457 road_revised.py Completed 22510 of 34374, 65.49%
2026-07-23 09:41:05,773 3842457 road_revised.py Completed 22520 of 34374, 65.51%
2026-07-23 09:41:06,062 3842457 road_revised.py Completed 22530 of 34374, 65.54%
2026-07-23 09:41:06,344 3842457 road_revised.py Completed 22540 of 34374, 65.57%
2026-07-23 09:41:06,579 3842457 road_revised.py Completed 22550 of 34374, 65.60%
2026-07-23 09:41:06,914 3842457 road_revised.py Completed 22560 of 34374, 65.63%
2026-07-23 09:41:10,425 3842457 road_revised.py Completed 22570 of 34374, 65.66%
2026-07-23 09:41:10,458 3842457 road_revised.py Completed 22580 of 34374, 65.69%
2026-07-23 09:41:10,459 3842457 road_revised.py Completed 22590 of 34374, 65.72%
2026-07-23 09:41:10,460 3842457 road_revised.py Completed 22600 of 34374, 65.75%
2026-07-23 09:41:10,477 3842457 road_revised.py RSS checkpoint [iter1_lcp_progress_22600_of_34374]: 18.31 GB
2026-07-23 09:41:10,998 3842457 road_revised.py Completed 22610 of 34374, 65.78%
2026-07-23 09:41:10,999 3842457 road_revised.py Completed 22620 of 34374, 65.81%
2026-07-23 09:41:11,001 3842457 road_revised.py Completed 22630 of 34374, 65.83%
2026-07-23 09:41:11,002 3842457 road_revised.py Completed 22640 of 34374, 65.86%
2026-07-23 09:41:11,003 3842457 road_revised.py Completed 22650 of 34374, 65.89%
2026-07-23 09:41:11,078 3842457 road_revised.py Completed 22660 of 34374, 65.92%
2026-07-23 09:41:11,382 3842457 road_revised.py Completed 22670 of 34374, 65.95%
2026-07-23 09:41:11,676 3842457 road_revised.py Completed 22680 of 34374, 65.98%
2026-07-23 09:41:11,892 3842457 road_revised.py Completed 22690 of 34374, 66.01%
2026-07-23 09:41:12,215 3842457 road_revised.py Completed 22700 of 34374, 66.04%
2026-07-23 09:41:12,215 3842457 road_revised.py RSS checkpoint [iter1_lcp_progress_22700_of_34374]: 18.20 GB
2026-07-23 09:41:12,412 3842457 road_revised.py Completed 22710 of 34374, 66.07%
2026-07-23 09:41:12,709 3842457 road_revised.py Completed 22720 of 34374, 66.10%
2026-07-23 09:41:13,004 3842457 road_revised.py Completed 22730 of 34374, 66.13%
2026-07-23 09:41:15,355 3842457 road_revised.py Completed 22740 of 34374, 66.15%
2026-07-23 09:41:15,384 3842457 road_revised.py Completed 22750 of 34374, 66.18%
2026-07-23 09:41:15,385 3842457 road_revised.py Completed 22760 of 34374, 66.21%
2026-07-23 09:41:15,391 3842457 road_revised.py Completed 22770 of 34374, 66.24%
2026-07-23 09:41:15,409 3842457 road_revised.py Completed 22780 of 34374, 66.27%
2026-07-23 09:41:15,410 3842457 road_revised.py Completed 22790 of 34374, 66.30%
2026-07-23 09:41:15,647 3842457 road_revised.py Completed 22800 of 34374, 66.33%
2026-07-23 09:41:15,653 3842457 road_revised.py RSS checkpoint [iter1_lcp_progress_22800_of_34374]: 17.76 GB
2026-07-23 09:41:15,863 3842457 road_revised.py Completed 22810 of 34374, 66.36%
2026-07-23 09:41:16,126 3842457 road_revised.py Completed 22820 of 34374, 66.39%
2026-07-23 09:41:16,396 3842457 road_revised.py Completed 22830 of 34374, 66.42%
2026-07-23 09:41:16,617 3842457 road_revised.py Completed 22840 of 34374, 66.45%
2026-07-23 09:41:16,846 3842457 road_revised.py Completed 22850 of 34374, 66.47%
2026-07-23 09:41:17,164 3842457 road_revised.py Completed 22860 of 34374, 66.50%
2026-07-23 09:41:17,409 3842457 road_revised.py Completed 22870 of 34374, 66.53%
2026-07-23 09:41:17,679 3842457 road_revised.py Completed 22880 of 34374, 66.56%
2026-07-23 09:41:17,954 3842457 road_revised.py Completed 22890 of 34374, 66.59%
2026-07-23 09:41:22,006 3842457 road_revised.py Completed 22900 of 34374, 66.62%
2026-07-23 09:41:22,006 3842457 road_revised.py RSS checkpoint [iter1_lcp_progress_22900_of_34374]: 18.87 GB
2026-07-23 09:41:22,008 3842457 road_revised.py Completed 22910 of 34374, 66.65%
2026-07-23 09:41:22,018 3842457 road_revised.py Completed 22920 of 34374, 66.68%
2026-07-23 09:41:22,019 3842457 road_revised.py Completed 22930 of 34374, 66.71%
2026-07-23 09:41:22,481 3842457 road_revised.py Completed 22940 of 34374, 66.74%
2026-07-23 09:41:22,483 3842457 road_revised.py Completed 22950 of 34374, 66.77%
2026-07-23 09:41:22,484 3842457 road_revised.py Completed 22960 of 34374, 66.79%
2026-07-23 09:41:22,495 3842457 road_revised.py Completed 22970 of 34374, 66.82%
2026-07-23 09:41:22,497 3842457 road_revised.py Completed 22980 of 34374, 66.85%
2026-07-23 09:41:22,732 3842457 road_revised.py Completed 22990 of 34374, 66.88%
2026-07-23 09:41:23,040 3842457 road_revised.py Completed 23000 of 34374, 66.91%
2026-07-23 09:41:23,040 3842457 road_revised.py RSS checkpoint [iter1_lcp_progress_23000_of_34374]: 18.71 GB
2026-07-23 09:41:23,277 3842457 road_revised.py Completed 23010 of 34374, 66.94%
2026-07-23 09:41:23,568 3842457 road_revised.py Completed 23020 of 34374, 66.97%
2026-07-23 09:41:23,862 3842457 road_revised.py Completed 23030 of 34374, 67.00%
2026-07-23 09:41:24,150 3842457 road_revised.py Completed 23040 of 34374, 67.03%
2026-07-23 09:41:24,367 3842457 road_revised.py Completed 23050 of 34374, 67.06%
2026-07-23 09:41:24,704 3842457 road_revised.py Completed 23060 of 34374, 67.09%
2026-07-23 09:41:27,566 3842457 road_revised.py Completed 23070 of 34374, 67.11%
2026-07-23 09:41:27,573 3842457 road_revised.py Completed 23080 of 34374, 67.14%
2026-07-23 09:41:27,574 3842457 road_revised.py Completed 23090 of 34374, 67.17%
2026-07-23 09:41:27,597 3842457 road_revised.py Completed 23100 of 34374, 67.20%
2026-07-23 09:41:27,601 3842457 road_revised.py RSS checkpoint [iter1_lcp_progress_23100_of_34374]: 18.21 GB
2026-07-23 09:41:27,604 3842457 road_revised.py Completed 23110 of 34374, 67.23%
2026-07-23 09:41:27,605 3842457 road_revised.py Completed 23120 of 34374, 67.26%
2026-07-23 09:41:27,612 3842457 road_revised.py Completed 23130 of 34374, 67.29%
2026-07-23 09:41:27,709 3842457 road_revised.py Completed 23140 of 34374, 67.32%
2026-07-23 09:41:28,044 3842457 road_revised.py Completed 23150 of 34374, 67.35%
2026-07-23 09:41:28,292 3842457 road_revised.py Completed 23160 of 34374, 67.38%
2026-07-23 09:41:28,549 3842457 road_revised.py Completed 23170 of 34374, 67.41%
2026-07-23 09:41:28,813 3842457 road_revised.py Completed 23180 of 34374, 67.43%
2026-07-23 09:41:29,130 3842457 road_revised.py Completed 23190 of 34374, 67.46%
2026-07-23 09:41:29,406 3842457 road_revised.py Completed 23200 of 34374, 67.49%
2026-07-23 09:41:29,406 3842457 road_revised.py RSS checkpoint [iter1_lcp_progress_23200_of_34374]: 18.01 GB
2026-07-23 09:41:29,614 3842457 road_revised.py Completed 23210 of 34374, 67.52%
2026-07-23 09:41:29,881 3842457 road_revised.py Completed 23220 of 34374, 67.55%
2026-07-23 09:41:30,202 3842457 road_revised.py Completed 23230 of 34374, 67.58%
2026-07-23 09:41:33,251 3842457 road_revised.py Completed 23240 of 34374, 67.61%
2026-07-23 09:41:33,254 3842457 road_revised.py Completed 23250 of 34374, 67.64%
2026-07-23 09:41:33,266 3842457 road_revised.py Completed 23260 of 34374, 67.67%
2026-07-23 09:41:33,691 3842457 road_revised.py Completed 23270 of 34374, 67.70%
2026-07-23 09:41:33,693 3842457 road_revised.py Completed 23280 of 34374, 67.73%
2026-07-23 09:41:33,694 3842457 road_revised.py Completed 23290 of 34374, 67.75%
2026-07-23 09:41:33,695 3842457 road_revised.py Completed 23300 of 34374, 67.78%
2026-07-23 09:41:33,699 3842457 road_revised.py RSS checkpoint [iter1_lcp_progress_23300_of_34374]: 18.19 GB
2026-07-23 09:41:33,701 3842457 road_revised.py Completed 23310 of 34374, 67.81%
2026-07-23 09:41:33,848 3842457 road_revised.py Completed 23320 of 34374, 67.84%
2026-07-23 09:41:34,127 3842457 road_revised.py Completed 23330 of 34374, 67.87%
2026-07-23 09:41:34,387 3842457 road_revised.py Completed 23340 of 34374, 67.90%
2026-07-23 09:41:34,644 3842457 road_revised.py Completed 23350 of 34374, 67.93%
2026-07-23 09:41:34,907 3842457 road_revised.py Completed 23360 of 34374, 67.96%
2026-07-23 09:41:35,184 3842457 road_revised.py Completed 23370 of 34374, 67.99%
2026-07-23 09:41:35,441 3842457 road_revised.py Completed 23380 of 34374, 68.02%
2026-07-23 09:41:35,669 3842457 road_revised.py Completed 23390 of 34374, 68.05%
2026-07-23 09:41:35,902 3842457 road_revised.py Completed 23400 of 34374, 68.07%
2026-07-23 09:41:35,902 3842457 road_revised.py RSS checkpoint [iter1_lcp_progress_23400_of_34374]: 18.40 GB
2026-07-23 09:41:38,289 3842457 road_revised.py Completed 23410 of 34374, 68.10%
2026-07-23 09:41:38,291 3842457 road_revised.py Completed 23420 of 34374, 68.13%
2026-07-23 09:41:38,291 3842457 road_revised.py Completed 23430 of 34374, 68.16%
2026-07-23 09:41:38,306 3842457 road_revised.py Completed 23440 of 34374, 68.19%
2026-07-23 09:41:38,307 3842457 road_revised.py Completed 23450 of 34374, 68.22%
2026-07-23 09:41:38,310 3842457 road_revised.py Completed 23460 of 34374, 68.25%
2026-07-23 09:41:38,471 3842457 road_revised.py Completed 23470 of 34374, 68.28%
2026-07-23 09:41:38,729 3842457 road_revised.py Completed 23480 of 34374, 68.31%
2026-07-23 09:41:39,025 3842457 road_revised.py Completed 23490 of 34374, 68.34%
2026-07-23 09:41:39,342 3842457 road_revised.py Completed 23500 of 34374, 68.37%
2026-07-23 09:41:39,359 3842457 road_revised.py RSS checkpoint [iter1_lcp_progress_23500_of_34374]: 18.28 GB
2026-07-23 09:41:39,610 3842457 road_revised.py Completed 23510 of 34374, 68.39%
2026-07-23 09:41:39,896 3842457 road_revised.py Completed 23520 of 34374, 68.42%
2026-07-23 09:41:40,257 3842457 road_revised.py Completed 23530 of 34374, 68.45%
2026-07-23 09:41:40,512 3842457 road_revised.py Completed 23540 of 34374, 68.48%
2026-07-23 09:41:40,801 3842457 road_revised.py Completed 23550 of 34374, 68.51%
2026-07-23 09:41:41,093 3842457 road_revised.py Completed 23560 of 34374, 68.54%
2026-07-23 09:41:46,286 3842457 road_revised.py Completed 23570 of 34374, 68.57%
2026-07-23 09:41:46,289 3842457 road_revised.py Completed 23580 of 34374, 68.60%
2026-07-23 09:41:46,296 3842457 road_revised.py Completed 23590 of 34374, 68.63%
2026-07-23 09:41:46,297 3842457 road_revised.py Completed 23600 of 34374, 68.66%
2026-07-23 09:41:46,323 3842457 road_revised.py RSS checkpoint [iter1_lcp_progress_23600_of_34374]: 19.63 GB
2026-07-23 09:41:46,325 3842457 road_revised.py Completed 23610 of 34374, 68.69%
2026-07-23 09:41:46,331 3842457 road_revised.py Completed 23620 of 34374, 68.71%
2026-07-23 09:41:46,336 3842457 road_revised.py Completed 23630 of 34374, 68.74%
2026-07-23 09:41:46,337 3842457 road_revised.py Completed 23640 of 34374, 68.77%
2026-07-23 09:41:46,338 3842457 road_revised.py Completed 23650 of 34374, 68.80%
2026-07-23 09:41:46,339 3842457 road_revised.py Completed 23660 of 34374, 68.83%
2026-07-23 09:41:46,527 3842457 road_revised.py Completed 23670 of 34374, 68.86%
2026-07-23 09:41:46,781 3842457 road_revised.py Completed 23680 of 34374, 68.89%
2026-07-23 09:41:47,072 3842457 road_revised.py Completed 23690 of 34374, 68.92%
2026-07-23 09:41:47,288 3842457 road_revised.py Completed 23700 of 34374, 68.95%
2026-07-23 09:41:47,289 3842457 road_revised.py RSS checkpoint [iter1_lcp_progress_23700_of_34374]: 19.34 GB
2026-07-23 09:41:47,602 3842457 road_revised.py Completed 23710 of 34374, 68.98%
2026-07-23 09:41:47,915 3842457 road_revised.py Completed 23720 of 34374, 69.01%
2026-07-23 09:41:48,128 3842457 road_revised.py Completed 23730 of 34374, 69.03%
2026-07-23 09:41:50,930 3842457 road_revised.py Completed 23740 of 34374, 69.06%
2026-07-23 09:41:50,937 3842457 road_revised.py Completed 23750 of 34374, 69.09%
2026-07-23 09:41:50,963 3842457 road_revised.py Completed 23760 of 34374, 69.12%
2026-07-23 09:41:50,964 3842457 road_revised.py Completed 23770 of 34374, 69.15%
2026-07-23 09:41:50,968 3842457 road_revised.py Completed 23780 of 34374, 69.18%
2026-07-23 09:41:50,970 3842457 road_revised.py Completed 23790 of 34374, 69.21%
2026-07-23 09:41:50,974 3842457 road_revised.py Completed 23800 of 34374, 69.24%
2026-07-23 09:41:50,981 3842457 road_revised.py RSS checkpoint [iter1_lcp_progress_23800_of_34374]: 18.74 GB
2026-07-23 09:41:51,205 3842457 road_revised.py Completed 23810 of 34374, 69.27%
2026-07-23 09:41:51,437 3842457 road_revised.py Completed 23820 of 34374, 69.30%
2026-07-23 09:41:51,717 3842457 road_revised.py Completed 23830 of 34374, 69.33%
2026-07-23 09:41:51,994 3842457 road_revised.py Completed 23840 of 34374, 69.35%
2026-07-23 09:41:52,263 3842457 road_revised.py Completed 23850 of 34374, 69.38%
2026-07-23 09:41:52,512 3842457 road_revised.py Completed 23860 of 34374, 69.41%
2026-07-23 09:41:52,784 3842457 road_revised.py Completed 23870 of 34374, 69.44%
2026-07-23 09:41:53,079 3842457 road_revised.py Completed 23880 of 34374, 69.47%
2026-07-23 09:41:53,348 3842457 road_revised.py Completed 23890 of 34374, 69.50%
2026-07-23 09:41:53,665 3842457 road_revised.py Completed 23900 of 34374, 69.53%
2026-07-23 09:41:53,665 3842457 road_revised.py RSS checkpoint [iter1_lcp_progress_23900_of_34374]: 18.60 GB
2026-07-23 09:41:56,971 3842457 road_revised.py Completed 23910 of 34374, 69.56%
2026-07-23 09:41:56,973 3842457 road_revised.py Completed 23920 of 34374, 69.59%
2026-07-23 09:41:56,974 3842457 road_revised.py Completed 23930 of 34374, 69.62%
2026-07-23 09:41:56,976 3842457 road_revised.py Completed 23940 of 34374, 69.65%
2026-07-23 09:41:56,977 3842457 road_revised.py Completed 23950 of 34374, 69.67%
2026-07-23 09:41:56,978 3842457 road_revised.py Completed 23960 of 34374, 69.70%
2026-07-23 09:41:57,413 3842457 road_revised.py Completed 23970 of 34374, 69.73%
2026-07-23 09:41:57,414 3842457 road_revised.py Completed 23980 of 34374, 69.76%
2026-07-23 09:41:57,432 3842457 road_revised.py Completed 23990 of 34374, 69.79%
2026-07-23 09:41:57,647 3842457 road_revised.py Completed 24000 of 34374, 69.82%
2026-07-23 09:41:57,655 3842457 road_revised.py RSS checkpoint [iter1_lcp_progress_24000_of_34374]: 18.75 GB
2026-07-23 09:41:57,912 3842457 road_revised.py Completed 24010 of 34374, 69.85%
2026-07-23 09:41:58,155 3842457 road_revised.py Completed 24020 of 34374, 69.88%
2026-07-23 09:41:58,478 3842457 road_revised.py Completed 24030 of 34374, 69.91%
2026-07-23 09:41:58,733 3842457 road_revised.py Completed 24040 of 34374, 69.94%
2026-07-23 09:41:59,058 3842457 road_revised.py Completed 24050 of 34374, 69.97%
2026-07-23 09:41:59,323 3842457 road_revised.py Completed 24060 of 34374, 69.99%
2026-07-23 09:41:59,598 3842457 road_revised.py Completed 24070 of 34374, 70.02%
2026-07-23 09:42:02,640 3842457 road_revised.py Completed 24080 of 34374, 70.05%
2026-07-23 09:42:02,652 3842457 road_revised.py Completed 24090 of 34374, 70.08%
2026-07-23 09:42:02,653 3842457 road_revised.py Completed 24100 of 34374, 70.11%
2026-07-23 09:42:02,654 3842457 road_revised.py RSS checkpoint [iter1_lcp_progress_24100_of_34374]: 19.22 GB
2026-07-23 09:42:02,667 3842457 road_revised.py Completed 24110 of 34374, 70.14%
2026-07-23 09:42:02,668 3842457 road_revised.py Completed 24120 of 34374, 70.17%
2026-07-23 09:42:02,669 3842457 road_revised.py Completed 24130 of 34374, 70.20%
2026-07-23 09:42:02,676 3842457 road_revised.py Completed 24140 of 34374, 70.23%
2026-07-23 09:42:02,907 3842457 road_revised.py Completed 24150 of 34374, 70.26%
2026-07-23 09:42:03,210 3842457 road_revised.py Completed 24160 of 34374, 70.29%
2026-07-23 09:42:03,443 3842457 road_revised.py Completed 24170 of 34374, 70.31%
2026-07-23 09:42:03,754 3842457 road_revised.py Completed 24180 of 34374, 70.34%
2026-07-23 09:42:03,995 3842457 road_revised.py Completed 24190 of 34374, 70.37%
2026-07-23 09:42:04,324 3842457 road_revised.py Completed 24200 of 34374, 70.40%
2026-07-23 09:42:04,324 3842457 road_revised.py RSS checkpoint [iter1_lcp_progress_24200_of_34374]: 19.03 GB
2026-07-23 09:42:04,625 3842457 road_revised.py Completed 24210 of 34374, 70.43%
2026-07-23 09:42:04,884 3842457 road_revised.py Completed 24220 of 34374, 70.46%
2026-07-23 09:42:05,146 3842457 road_revised.py Completed 24230 of 34374, 70.49%
2026-07-23 09:42:08,966 3842457 road_revised.py Completed 24240 of 34374, 70.52%
2026-07-23 09:42:08,969 3842457 road_revised.py Completed 24250 of 34374, 70.55%
2026-07-23 09:42:09,001 3842457 road_revised.py Completed 24260 of 34374, 70.58%
2026-07-23 09:42:09,002 3842457 road_revised.py Completed 24270 of 34374, 70.61%
2026-07-23 09:42:09,003 3842457 road_revised.py Completed 24280 of 34374, 70.63%
2026-07-23 09:42:09,457 3842457 road_revised.py Completed 24290 of 34374, 70.66%
2026-07-23 09:42:09,458 3842457 road_revised.py Completed 24300 of 34374, 70.69%
2026-07-23 09:42:09,465 3842457 road_revised.py RSS checkpoint [iter1_lcp_progress_24300_of_34374]: 18.95 GB
2026-07-23 09:42:09,469 3842457 road_revised.py Completed 24310 of 34374, 70.72%
2026-07-23 09:42:09,478 3842457 road_revised.py Completed 24320 of 34374, 70.75%
2026-07-23 09:42:09,479 3842457 road_revised.py Completed 24330 of 34374, 70.78%
2026-07-23 09:42:09,668 3842457 road_revised.py Completed 24340 of 34374, 70.81%
2026-07-23 09:42:09,937 3842457 road_revised.py Completed 24350 of 34374, 70.84%
2026-07-23 09:42:10,231 3842457 road_revised.py Completed 24360 of 34374, 70.87%
2026-07-23 09:42:10,549 3842457 road_revised.py Completed 24370 of 34374, 70.90%
2026-07-23 09:42:10,887 3842457 road_revised.py Completed 24380 of 34374, 70.93%
2026-07-23 09:42:11,123 3842457 road_revised.py Completed 24390 of 34374, 70.95%
2026-07-23 09:42:11,367 3842457 road_revised.py Completed 24400 of 34374, 70.98%
2026-07-23 09:42:11,367 3842457 road_revised.py RSS checkpoint [iter1_lcp_progress_24400_of_34374]: 19.18 GB
2026-07-23 09:42:14,819 3842457 road_revised.py Completed 24410 of 34374, 71.01%
2026-07-23 09:42:14,821 3842457 road_revised.py Completed 24420 of 34374, 71.04%
2026-07-23 09:42:14,855 3842457 road_revised.py Completed 24430 of 34374, 71.07%
2026-07-23 09:42:14,856 3842457 road_revised.py Completed 24440 of 34374, 71.10%
2026-07-23 09:42:14,863 3842457 road_revised.py Completed 24450 of 34374, 71.13%
2026-07-23 09:42:14,877 3842457 road_revised.py Completed 24460 of 34374, 71.16%
2026-07-23 09:42:14,878 3842457 road_revised.py Completed 24470 of 34374, 71.19%
2026-07-23 09:42:14,883 3842457 road_revised.py Completed 24480 of 34374, 71.22%
2026-07-23 09:42:15,091 3842457 road_revised.py Completed 24490 of 34374, 71.25%
2026-07-23 09:42:15,346 3842457 road_revised.py Completed 24500 of 34374, 71.27%
2026-07-23 09:42:15,346 3842457 road_revised.py RSS checkpoint [iter1_lcp_progress_24500_of_34374]: 19.18 GB
2026-07-23 09:42:15,659 3842457 road_revised.py Completed 24510 of 34374, 71.30%
2026-07-23 09:42:15,883 3842457 road_revised.py Completed 24520 of 34374, 71.33%
2026-07-23 09:42:16,158 3842457 road_revised.py Completed 24530 of 34374, 71.36%
2026-07-23 09:42:16,460 3842457 road_revised.py Completed 24540 of 34374, 71.39%
2026-07-23 09:42:16,751 3842457 road_revised.py Completed 24550 of 34374, 71.42%
2026-07-23 09:42:17,029 3842457 road_revised.py Completed 24560 of 34374, 71.45%
2026-07-23 09:42:17,287 3842457 road_revised.py Completed 24570 of 34374, 71.48%
2026-07-23 09:42:20,922 3842457 road_revised.py Completed 24580 of 34374, 71.51%
2026-07-23 09:42:20,932 3842457 road_revised.py Completed 24590 of 34374, 71.54%
2026-07-23 09:42:20,933 3842457 road_revised.py Completed 24600 of 34374, 71.57%
2026-07-23 09:42:20,944 3842457 road_revised.py RSS checkpoint [iter1_lcp_progress_24600_of_34374]: 19.29 GB
2026-07-23 09:42:21,488 3842457 road_revised.py Completed 24610 of 34374, 71.59%
2026-07-23 09:42:21,489 3842457 road_revised.py Completed 24620 of 34374, 71.62%
2026-07-23 09:42:21,490 3842457 road_revised.py Completed 24630 of 34374, 71.65%
2026-07-23 09:42:21,493 3842457 road_revised.py Completed 24640 of 34374, 71.68%
2026-07-23 09:42:21,494 3842457 road_revised.py Completed 24650 of 34374, 71.71%
2026-07-23 09:42:21,495 3842457 road_revised.py Completed 24660 of 34374, 71.74%
2026-07-23 09:42:21,496 3842457 road_revised.py Completed 24670 of 34374, 71.77%
2026-07-23 09:42:21,672 3842457 road_revised.py Completed 24680 of 34374, 71.80%
2026-07-23 09:42:21,928 3842457 road_revised.py Completed 24690 of 34374, 71.83%
2026-07-23 09:42:22,190 3842457 road_revised.py Completed 24700 of 34374, 71.86%
2026-07-23 09:42:22,190 3842457 road_revised.py RSS checkpoint [iter1_lcp_progress_24700_of_34374]: 19.11 GB
2026-07-23 09:42:22,502 3842457 road_revised.py Completed 24710 of 34374, 71.89%
2026-07-23 09:42:22,744 3842457 road_revised.py Completed 24720 of 34374, 71.91%
2026-07-23 09:42:23,008 3842457 road_revised.py Completed 24730 of 34374, 71.94%
2026-07-23 09:42:23,253 3842457 road_revised.py Completed 24740 of 34374, 71.97%
2026-07-23 09:42:25,857 3842457 road_revised.py Completed 24750 of 34374, 72.00%
2026-07-23 09:42:25,862 3842457 road_revised.py Completed 24760 of 34374, 72.03%
2026-07-23 09:42:25,903 3842457 road_revised.py Completed 24770 of 34374, 72.06%
2026-07-23 09:42:25,904 3842457 road_revised.py Completed 24780 of 34374, 72.09%
2026-07-23 09:42:25,926 3842457 road_revised.py Completed 24790 of 34374, 72.12%
2026-07-23 09:42:25,927 3842457 road_revised.py Completed 24800 of 34374, 72.15%
2026-07-23 09:42:25,928 3842457 road_revised.py RSS checkpoint [iter1_lcp_progress_24800_of_34374]: 19.29 GB
2026-07-23 09:42:26,086 3842457 road_revised.py Completed 24810 of 34374, 72.18%
2026-07-23 09:42:26,372 3842457 road_revised.py Completed 24820 of 34374, 72.21%
2026-07-23 09:42:26,663 3842457 road_revised.py Completed 24830 of 34374, 72.23%
2026-07-23 09:42:26,985 3842457 road_revised.py Completed 24840 of 34374, 72.26%
2026-07-23 09:42:27,257 3842457 road_revised.py Completed 24850 of 34374, 72.29%
2026-07-23 09:42:27,531 3842457 road_revised.py Completed 24860 of 34374, 72.32%
2026-07-23 09:42:27,777 3842457 road_revised.py Completed 24870 of 34374, 72.35%
2026-07-23 09:42:28,058 3842457 road_revised.py Completed 24880 of 34374, 72.38%
2026-07-23 09:42:28,359 3842457 road_revised.py Completed 24890 of 34374, 72.41%
2026-07-23 09:42:28,618 3842457 road_revised.py Completed 24900 of 34374, 72.44%
2026-07-23 09:42:28,619 3842457 road_revised.py RSS checkpoint [iter1_lcp_progress_24900_of_34374]: 19.27 GB
2026-07-23 09:42:32,671 3842457 road_revised.py Completed 24910 of 34374, 72.47%
2026-07-23 09:42:32,681 3842457 road_revised.py Completed 24920 of 34374, 72.50%
2026-07-23 09:42:32,691 3842457 road_revised.py Completed 24930 of 34374, 72.53%
2026-07-23 09:42:32,692 3842457 road_revised.py Completed 24940 of 34374, 72.55%
2026-07-23 09:42:33,165 3842457 road_revised.py Completed 24950 of 34374, 72.58%
2026-07-23 09:42:33,167 3842457 road_revised.py Completed 24960 of 34374, 72.61%
2026-07-23 09:42:33,169 3842457 road_revised.py Completed 24970 of 34374, 72.64%
2026-07-23 09:42:33,170 3842457 road_revised.py Completed 24980 of 34374, 72.67%
2026-07-23 09:42:33,171 3842457 road_revised.py Completed 24990 of 34374, 72.70%
2026-07-23 09:42:33,201 3842457 road_revised.py Completed 25000 of 34374, 72.73%
2026-07-23 09:42:33,205 3842457 road_revised.py RSS checkpoint [iter1_lcp_progress_25000_of_34374]: 19.75 GB
2026-07-23 09:42:33,456 3842457 road_revised.py Completed 25010 of 34374, 72.76%
2026-07-23 09:42:33,756 3842457 road_revised.py Completed 25020 of 34374, 72.79%
2026-07-23 09:42:34,014 3842457 road_revised.py Completed 25030 of 34374, 72.82%
2026-07-23 09:42:34,332 3842457 road_revised.py Completed 25040 of 34374, 72.85%
2026-07-23 09:42:34,593 3842457 road_revised.py Completed 25050 of 34374, 72.87%
2026-07-23 09:42:34,846 3842457 road_revised.py Completed 25060 of 34374, 72.90%
2026-07-23 09:42:35,153 3842457 road_revised.py Completed 25070 of 34374, 72.93%
2026-07-23 09:42:37,824 3842457 road_revised.py Completed 25080 of 34374, 72.96%
2026-07-23 09:42:37,861 3842457 road_revised.py Completed 25090 of 34374, 72.99%
2026-07-23 09:42:37,862 3842457 road_revised.py Completed 25100 of 34374, 73.02%
2026-07-23 09:42:37,878 3842457 road_revised.py RSS checkpoint [iter1_lcp_progress_25100_of_34374]: 19.68 GB
2026-07-23 09:42:37,880 3842457 road_revised.py Completed 25110 of 34374, 73.05%
2026-07-23 09:42:37,889 3842457 road_revised.py Completed 25120 of 34374, 73.08%
2026-07-23 09:42:37,890 3842457 road_revised.py Completed 25130 of 34374, 73.11%
2026-07-23 09:42:37,891 3842457 road_revised.py Completed 25140 of 34374, 73.14%
2026-07-23 09:42:38,116 3842457 road_revised.py Completed 25150 of 34374, 73.17%
2026-07-23 09:42:38,411 3842457 road_revised.py Completed 25160 of 34374, 73.19%
2026-07-23 09:42:38,693 3842457 road_revised.py Completed 25170 of 34374, 73.22%
2026-07-23 09:42:38,947 3842457 road_revised.py Completed 25180 of 34374, 73.25%
2026-07-23 09:42:39,194 3842457 road_revised.py Completed 25190 of 34374, 73.28%
2026-07-23 09:42:39,473 3842457 road_revised.py Completed 25200 of 34374, 73.31%
2026-07-23 09:42:39,473 3842457 road_revised.py RSS checkpoint [iter1_lcp_progress_25200_of_34374]: 19.53 GB
2026-07-23 09:42:39,726 3842457 road_revised.py Completed 25210 of 34374, 73.34%
2026-07-23 09:42:39,966 3842457 road_revised.py Completed 25220 of 34374, 73.37%
2026-07-23 09:42:40,215 3842457 road_revised.py Completed 25230 of 34374, 73.40%
2026-07-23 09:42:40,500 3842457 road_revised.py Completed 25240 of 34374, 73.43%
2026-07-23 09:42:43,953 3842457 road_revised.py Completed 25250 of 34374, 73.46%
2026-07-23 09:42:44,013 3842457 road_revised.py Completed 25260 of 34374, 73.49%
2026-07-23 09:42:44,014 3842457 road_revised.py Completed 25270 of 34374, 73.51%
2026-07-23 09:42:44,020 3842457 road_revised.py Completed 25280 of 34374, 73.54%
2026-07-23 09:42:44,491 3842457 road_revised.py Completed 25290 of 34374, 73.57%
2026-07-23 09:42:44,492 3842457 road_revised.py Completed 25300 of 34374, 73.60%
2026-07-23 09:42:44,504 3842457 road_revised.py RSS checkpoint [iter1_lcp_progress_25300_of_34374]: 19.63 GB
2026-07-23 09:42:44,513 3842457 road_revised.py Completed 25310 of 34374, 73.63%
2026-07-23 09:42:44,521 3842457 road_revised.py Completed 25320 of 34374, 73.66%
2026-07-23 09:42:44,710 3842457 road_revised.py Completed 25330 of 34374, 73.69%
2026-07-23 09:42:44,973 3842457 road_revised.py Completed 25340 of 34374, 73.72%
2026-07-23 09:42:45,258 3842457 road_revised.py Completed 25350 of 34374, 73.75%
2026-07-23 09:42:45,549 3842457 road_revised.py Completed 25360 of 34374, 73.78%
2026-07-23 09:42:45,848 3842457 road_revised.py Completed 25370 of 34374, 73.81%
2026-07-23 09:42:46,153 3842457 road_revised.py Completed 25380 of 34374, 73.83%
2026-07-23 09:42:46,414 3842457 road_revised.py Completed 25390 of 34374, 73.86%
2026-07-23 09:42:46,693 3842457 road_revised.py Completed 25400 of 34374, 73.89%
2026-07-23 09:42:46,693 3842457 road_revised.py RSS checkpoint [iter1_lcp_progress_25400_of_34374]: 19.84 GB
2026-07-23 09:42:46,962 3842457 road_revised.py Completed 25410 of 34374, 73.92%
2026-07-23 09:42:49,827 3842457 road_revised.py Completed 25420 of 34374, 73.95%
2026-07-23 09:42:49,830 3842457 road_revised.py Completed 25430 of 34374, 73.98%
2026-07-23 09:42:49,853 3842457 road_revised.py Completed 25440 of 34374, 74.01%
2026-07-23 09:42:49,854 3842457 road_revised.py Completed 25450 of 34374, 74.04%
2026-07-23 09:42:49,855 3842457 road_revised.py Completed 25460 of 34374, 74.07%
2026-07-23 09:42:49,858 3842457 road_revised.py Completed 25470 of 34374, 74.10%
2026-07-23 09:42:49,859 3842457 road_revised.py Completed 25480 of 34374, 74.13%
2026-07-23 09:42:50,056 3842457 road_revised.py Completed 25490 of 34374, 74.15%
2026-07-23 09:42:50,287 3842457 road_revised.py Completed 25500 of 34374, 74.18%
2026-07-23 09:42:50,288 3842457 road_revised.py RSS checkpoint [iter1_lcp_progress_25500_of_34374]: 19.48 GB
2026-07-23 09:42:50,542 3842457 road_revised.py Completed 25510 of 34374, 74.21%
2026-07-23 09:42:50,837 3842457 road_revised.py Completed 25520 of 34374, 74.24%
2026-07-23 09:42:51,149 3842457 road_revised.py Completed 25530 of 34374, 74.27%
2026-07-23 09:42:51,401 3842457 road_revised.py Completed 25540 of 34374, 74.30%
2026-07-23 09:42:51,673 3842457 road_revised.py Completed 25550 of 34374, 74.33%
2026-07-23 09:42:51,938 3842457 road_revised.py Completed 25560 of 34374, 74.36%
2026-07-23 09:42:52,187 3842457 road_revised.py Completed 25570 of 34374, 74.39%
2026-07-23 09:42:55,522 3842457 road_revised.py Completed 25580 of 34374, 74.42%
2026-07-23 09:42:55,524 3842457 road_revised.py Completed 25590 of 34374, 74.45%
2026-07-23 09:42:55,525 3842457 road_revised.py Completed 25600 of 34374, 74.47%
2026-07-23 09:42:55,525 3842457 road_revised.py RSS checkpoint [iter1_lcp_progress_25600_of_34374]: 19.78 GB
2026-07-23 09:42:55,945 3842457 road_revised.py Completed 25610 of 34374, 74.50%
2026-07-23 09:42:55,946 3842457 road_revised.py Completed 25620 of 34374, 74.53%
2026-07-23 09:42:55,952 3842457 road_revised.py Completed 25630 of 34374, 74.56%
2026-07-23 09:42:55,955 3842457 road_revised.py Completed 25640 of 34374, 74.59%
2026-07-23 09:42:55,956 3842457 road_revised.py Completed 25650 of 34374, 74.62%
2026-07-23 09:42:55,963 3842457 road_revised.py Completed 25660 of 34374, 74.65%
2026-07-23 09:42:56,182 3842457 road_revised.py Completed 25670 of 34374, 74.68%
2026-07-23 09:42:56,431 3842457 road_revised.py Completed 25680 of 34374, 74.71%
2026-07-23 09:42:56,693 3842457 road_revised.py Completed 25690 of 34374, 74.74%
2026-07-23 09:42:56,970 3842457 road_revised.py Completed 25700 of 34374, 74.77%
2026-07-23 09:42:56,970 3842457 road_revised.py RSS checkpoint [iter1_lcp_progress_25700_of_34374]: 19.73 GB
2026-07-23 09:42:57,288 3842457 road_revised.py Completed 25710 of 34374, 74.79%
2026-07-23 09:42:57,514 3842457 road_revised.py Completed 25720 of 34374, 74.82%
2026-07-23 09:42:57,808 3842457 road_revised.py Completed 25730 of 34374, 74.85%
2026-07-23 09:42:58,045 3842457 road_revised.py Completed 25740 of 34374, 74.88%
2026-07-23 09:43:00,548 3842457 road_revised.py Completed 25750 of 34374, 74.91%
2026-07-23 09:43:00,565 3842457 road_revised.py Completed 25760 of 34374, 74.94%
2026-07-23 09:43:00,629 3842457 road_revised.py Completed 25770 of 34374, 74.97%
2026-07-23 09:43:00,642 3842457 road_revised.py Completed 25780 of 34374, 75.00%
2026-07-23 09:43:00,643 3842457 road_revised.py Completed 25790 of 34374, 75.03%
2026-07-23 09:43:00,661 3842457 road_revised.py Completed 25800 of 34374, 75.06%
2026-07-23 09:43:00,661 3842457 road_revised.py RSS checkpoint [iter1_lcp_progress_25800_of_34374]: 19.95 GB
2026-07-23 09:43:00,662 3842457 road_revised.py Completed 25810 of 34374, 75.09%
2026-07-23 09:43:00,925 3842457 road_revised.py Completed 25820 of 34374, 75.11%
2026-07-23 09:43:01,188 3842457 road_revised.py Completed 25830 of 34374, 75.14%
2026-07-23 09:43:01,474 3842457 road_revised.py Completed 25840 of 34374, 75.17%
2026-07-23 09:43:01,742 3842457 road_revised.py Completed 25850 of 34374, 75.20%
2026-07-23 09:43:02,033 3842457 road_revised.py Completed 25860 of 34374, 75.23%
2026-07-23 09:43:02,283 3842457 road_revised.py Completed 25870 of 34374, 75.26%
2026-07-23 09:43:02,547 3842457 road_revised.py Completed 25880 of 34374, 75.29%
2026-07-23 09:43:02,888 3842457 road_revised.py Completed 25890 of 34374, 75.32%
2026-07-23 09:43:03,153 3842457 road_revised.py Completed 25900 of 34374, 75.35%
2026-07-23 09:43:03,153 3842457 road_revised.py RSS checkpoint [iter1_lcp_progress_25900_of_34374]: 19.90 GB
2026-07-23 09:43:03,434 3842457 road_revised.py Completed 25910 of 34374, 75.38%
2026-07-23 09:43:07,374 3842457 road_revised.py Completed 25920 of 34374, 75.41%
2026-07-23 09:43:07,872 3842457 road_revised.py Completed 25930 of 34374, 75.43%
2026-07-23 09:43:07,873 3842457 road_revised.py Completed 25940 of 34374, 75.46%
2026-07-23 09:43:07,874 3842457 road_revised.py Completed 25950 of 34374, 75.49%
2026-07-23 09:43:07,876 3842457 road_revised.py Completed 25960 of 34374, 75.52%
2026-07-23 09:43:07,877 3842457 road_revised.py Completed 25970 of 34374, 75.55%
2026-07-23 09:43:07,904 3842457 road_revised.py Completed 25980 of 34374, 75.58%
2026-07-23 09:43:07,905 3842457 road_revised.py Completed 25990 of 34374, 75.61%
2026-07-23 09:43:07,907 3842457 road_revised.py Completed 26000 of 34374, 75.64%
2026-07-23 09:43:07,917 3842457 road_revised.py RSS checkpoint [iter1_lcp_progress_26000_of_34374]: 20.27 GB
2026-07-23 09:43:08,086 3842457 road_revised.py Completed 26010 of 34374, 75.67%
2026-07-23 09:43:08,371 3842457 road_revised.py Completed 26020 of 34374, 75.70%
2026-07-23 09:43:08,642 3842457 road_revised.py Completed 26030 of 34374, 75.73%
2026-07-23 09:43:08,935 3842457 road_revised.py Completed 26040 of 34374, 75.75%
2026-07-23 09:43:09,214 3842457 road_revised.py Completed 26050 of 34374, 75.78%
2026-07-23 09:43:09,495 3842457 road_revised.py Completed 26060 of 34374, 75.81%
2026-07-23 09:43:09,793 3842457 road_revised.py Completed 26070 of 34374, 75.84%
2026-07-23 09:43:10,064 3842457 road_revised.py Completed 26080 of 34374, 75.87%
2026-07-23 09:43:12,854 3842457 road_revised.py Completed 26090 of 34374, 75.90%
2026-07-23 09:43:12,897 3842457 road_revised.py Completed 26100 of 34374, 75.93%
2026-07-23 09:43:12,898 3842457 road_revised.py RSS checkpoint [iter1_lcp_progress_26100_of_34374]: 20.25 GB
2026-07-23 09:43:12,899 3842457 road_revised.py Completed 26110 of 34374, 75.96%
2026-07-23 09:43:12,901 3842457 road_revised.py Completed 26120 of 34374, 75.99%
2026-07-23 09:43:12,906 3842457 road_revised.py Completed 26130 of 34374, 76.02%
2026-07-23 09:43:12,907 3842457 road_revised.py Completed 26140 of 34374, 76.05%
2026-07-23 09:43:12,920 3842457 road_revised.py Completed 26150 of 34374, 76.07%
2026-07-23 09:43:13,144 3842457 road_revised.py Completed 26160 of 34374, 76.10%
2026-07-23 09:43:13,428 3842457 road_revised.py Completed 26170 of 34374, 76.13%
2026-07-23 09:43:13,701 3842457 road_revised.py Completed 26180 of 34374, 76.16%
2026-07-23 09:43:13,953 3842457 road_revised.py Completed 26190 of 34374, 76.19%
2026-07-23 09:43:14,196 3842457 road_revised.py Completed 26200 of 34374, 76.22%
2026-07-23 09:43:14,208 3842457 road_revised.py RSS checkpoint [iter1_lcp_progress_26200_of_34374]: 20.06 GB
2026-07-23 09:43:14,458 3842457 road_revised.py Completed 26210 of 34374, 76.25%
2026-07-23 09:43:14,726 3842457 road_revised.py Completed 26220 of 34374, 76.28%
2026-07-23 09:43:14,955 3842457 road_revised.py Completed 26230 of 34374, 76.31%
2026-07-23 09:43:15,225 3842457 road_revised.py Completed 26240 of 34374, 76.34%
2026-07-23 09:43:19,725 3842457 road_revised.py Completed 26250 of 34374, 76.37%
2026-07-23 09:43:19,733 3842457 road_revised.py Completed 26260 of 34374, 76.39%
2026-07-23 09:43:19,734 3842457 road_revised.py Completed 26270 of 34374, 76.42%
2026-07-23 09:43:19,742 3842457 road_revised.py Completed 26280 of 34374, 76.45%
2026-07-23 09:43:19,753 3842457 road_revised.py Completed 26290 of 34374, 76.48%
2026-07-23 09:43:19,754 3842457 road_revised.py Completed 26300 of 34374, 76.51%
2026-07-23 09:43:19,758 3842457 road_revised.py RSS checkpoint [iter1_lcp_progress_26300_of_34374]: 20.67 GB
2026-07-23 09:43:19,761 3842457 road_revised.py Completed 26310 of 34374, 76.54%
2026-07-23 09:43:19,770 3842457 road_revised.py Completed 26320 of 34374, 76.57%
2026-07-23 09:43:19,781 3842457 road_revised.py Completed 26330 of 34374, 76.60%
2026-07-23 09:43:19,904 3842457 road_revised.py Completed 26340 of 34374, 76.63%
2026-07-23 09:43:20,169 3842457 road_revised.py Completed 26350 of 34374, 76.66%
2026-07-23 09:43:20,467 3842457 road_revised.py Completed 26360 of 34374, 76.69%
2026-07-23 09:43:20,761 3842457 road_revised.py Completed 26370 of 34374, 76.71%
2026-07-23 09:43:21,093 3842457 road_revised.py Completed 26380 of 34374, 76.74%
2026-07-23 09:43:21,345 3842457 road_revised.py Completed 26390 of 34374, 76.77%
2026-07-23 09:43:21,679 3842457 road_revised.py Completed 26400 of 34374, 76.80%
2026-07-23 09:43:21,683 3842457 road_revised.py RSS checkpoint [iter1_lcp_progress_26400_of_34374]: 20.58 GB
2026-07-23 09:43:21,917 3842457 road_revised.py Completed 26410 of 34374, 76.83%
2026-07-23 09:43:25,108 3842457 road_revised.py Completed 26420 of 34374, 76.86%
2026-07-23 09:43:25,111 3842457 road_revised.py Completed 26430 of 34374, 76.89%
2026-07-23 09:43:25,112 3842457 road_revised.py Completed 26440 of 34374, 76.92%
2026-07-23 09:43:25,113 3842457 road_revised.py Completed 26450 of 34374, 76.95%
2026-07-23 09:43:25,120 3842457 road_revised.py Completed 26460 of 34374, 76.98%
2026-07-23 09:43:25,121 3842457 road_revised.py Completed 26470 of 34374, 77.01%
2026-07-23 09:43:25,128 3842457 road_revised.py Completed 26480 of 34374, 77.03%
2026-07-23 09:43:25,323 3842457 road_revised.py Completed 26490 of 34374, 77.06%
2026-07-23 09:43:25,565 3842457 road_revised.py Completed 26500 of 34374, 77.09%
2026-07-23 09:43:25,565 3842457 road_revised.py RSS checkpoint [iter1_lcp_progress_26500_of_34374]: 20.17 GB
2026-07-23 09:43:25,850 3842457 road_revised.py Completed 26510 of 34374, 77.12%
2026-07-23 09:43:26,127 3842457 road_revised.py Completed 26520 of 34374, 77.15%
2026-07-23 09:43:26,427 3842457 road_revised.py Completed 26530 of 34374, 77.18%
2026-07-23 09:43:26,676 3842457 road_revised.py Completed 26540 of 34374, 77.21%
2026-07-23 09:43:26,972 3842457 road_revised.py Completed 26550 of 34374, 77.24%
2026-07-23 09:43:27,221 3842457 road_revised.py Completed 26560 of 34374, 77.27%
2026-07-23 09:43:27,505 3842457 road_revised.py Completed 26570 of 34374, 77.30%
2026-07-23 09:43:27,807 3842457 road_revised.py Completed 26580 of 34374, 77.33%
2026-07-23 09:43:31,296 3842457 road_revised.py Completed 26590 of 34374, 77.35%
2026-07-23 09:43:31,304 3842457 road_revised.py Completed 26600 of 34374, 77.38%
2026-07-23 09:43:31,350 3842457 road_revised.py RSS checkpoint [iter1_lcp_progress_26600_of_34374]: 20.60 GB
2026-07-23 09:43:31,352 3842457 road_revised.py Completed 26610 of 34374, 77.41%
2026-07-23 09:43:31,353 3842457 road_revised.py Completed 26620 of 34374, 77.44%
2026-07-23 09:43:31,908 3842457 road_revised.py Completed 26630 of 34374, 77.47%
2026-07-23 09:43:31,909 3842457 road_revised.py Completed 26640 of 34374, 77.50%
2026-07-23 09:43:31,912 3842457 road_revised.py Completed 26650 of 34374, 77.53%
2026-07-23 09:43:31,913 3842457 road_revised.py Completed 26660 of 34374, 77.56%
2026-07-23 09:43:31,914 3842457 road_revised.py Completed 26670 of 34374, 77.59%
2026-07-23 09:43:31,917 3842457 road_revised.py Completed 26680 of 34374, 77.62%
2026-07-23 09:43:32,140 3842457 road_revised.py Completed 26690 of 34374, 77.65%
2026-07-23 09:43:32,387 3842457 road_revised.py Completed 26700 of 34374, 77.67%
2026-07-23 09:43:32,387 3842457 road_revised.py RSS checkpoint [iter1_lcp_progress_26700_of_34374]: 20.37 GB
2026-07-23 09:43:32,680 3842457 road_revised.py Completed 26710 of 34374, 77.70%
2026-07-23 09:43:32,931 3842457 road_revised.py Completed 26720 of 34374, 77.73%
2026-07-23 09:43:33,195 3842457 road_revised.py Completed 26730 of 34374, 77.76%
2026-07-23 09:43:33,459 3842457 road_revised.py Completed 26740 of 34374, 77.79%
2026-07-23 09:43:33,731 3842457 road_revised.py Completed 26750 of 34374, 77.82%
2026-07-23 09:43:36,224 3842457 road_revised.py Completed 26760 of 34374, 77.85%
2026-07-23 09:43:36,226 3842457 road_revised.py Completed 26770 of 34374, 77.88%
2026-07-23 09:43:36,228 3842457 road_revised.py Completed 26780 of 34374, 77.91%
2026-07-23 09:43:36,248 3842457 road_revised.py Completed 26790 of 34374, 77.94%
2026-07-23 09:43:36,249 3842457 road_revised.py Completed 26800 of 34374, 77.97%
2026-07-23 09:43:36,255 3842457 road_revised.py RSS checkpoint [iter1_lcp_progress_26800_of_34374]: 20.59 GB
2026-07-23 09:43:36,260 3842457 road_revised.py Completed 26810 of 34374, 77.99%
2026-07-23 09:43:36,297 3842457 road_revised.py Completed 26820 of 34374, 78.02%
2026-07-23 09:43:36,570 3842457 road_revised.py Completed 26830 of 34374, 78.05%
2026-07-23 09:43:36,795 3842457 road_revised.py Completed 26840 of 34374, 78.08%
2026-07-23 09:43:37,094 3842457 road_revised.py Completed 26850 of 34374, 78.11%
2026-07-23 09:43:37,344 3842457 road_revised.py Completed 26860 of 34374, 78.14%
2026-07-23 09:43:37,625 3842457 road_revised.py Completed 26870 of 34374, 78.17%
2026-07-23 09:43:37,862 3842457 road_revised.py Completed 26880 of 34374, 78.20%
2026-07-23 09:43:37,938 3842457 road_revised.py Completed 26890 of 34374, 78.23%
2026-07-23 09:43:38,146 3842457 road_revised.py Completed 26900 of 34374, 78.26%
2026-07-23 09:43:38,146 3842457 road_revised.py RSS checkpoint [iter1_lcp_progress_26900_of_34374]: 20.52 GB
2026-07-23 09:43:38,395 3842457 road_revised.py Completed 26910 of 34374, 78.29%
2026-07-23 09:43:38,642 3842457 road_revised.py Completed 26920 of 34374, 78.32%
2026-07-23 09:43:42,661 3842457 road_revised.py Completed 26930 of 34374, 78.34%
2026-07-23 09:43:42,676 3842457 road_revised.py Completed 26940 of 34374, 78.37%
2026-07-23 09:43:42,677 3842457 road_revised.py Completed 26950 of 34374, 78.40%
2026-07-23 09:43:42,678 3842457 road_revised.py Completed 26960 of 34374, 78.43%
2026-07-23 09:43:42,696 3842457 road_revised.py Completed 26970 of 34374, 78.46%
2026-07-23 09:43:42,697 3842457 road_revised.py Completed 26980 of 34374, 78.49%
2026-07-23 09:43:42,698 3842457 road_revised.py Completed 26990 of 34374, 78.52%
2026-07-23 09:43:43,194 3842457 road_revised.py Completed 27000 of 34374, 78.55%
2026-07-23 09:43:43,204 3842457 road_revised.py RSS checkpoint [iter1_lcp_progress_27000_of_34374]: 21.00 GB
2026-07-23 09:43:43,206 3842457 road_revised.py Completed 27010 of 34374, 78.58%
2026-07-23 09:43:43,256 3842457 road_revised.py Completed 27020 of 34374, 78.61%
2026-07-23 09:43:43,546 3842457 road_revised.py Completed 27030 of 34374, 78.64%
2026-07-23 09:43:43,857 3842457 road_revised.py Completed 27040 of 34374, 78.66%
2026-07-23 09:43:44,120 3842457 road_revised.py Completed 27050 of 34374, 78.69%
2026-07-23 09:43:44,441 3842457 road_revised.py Completed 27060 of 34374, 78.72%
2026-07-23 09:43:44,696 3842457 road_revised.py Completed 27070 of 34374, 78.75%
2026-07-23 09:43:44,956 3842457 road_revised.py Completed 27080 of 34374, 78.78%
2026-07-23 09:43:45,269 3842457 road_revised.py Completed 27090 of 34374, 78.81%
2026-07-23 09:43:48,375 3842457 road_revised.py Completed 27100 of 34374, 78.84%
2026-07-23 09:43:48,391 3842457 road_revised.py RSS checkpoint [iter1_lcp_progress_27100_of_34374]: 20.85 GB
2026-07-23 09:43:48,393 3842457 road_revised.py Completed 27110 of 34374, 78.87%
2026-07-23 09:43:48,395 3842457 road_revised.py Completed 27120 of 34374, 78.90%
2026-07-23 09:43:48,423 3842457 road_revised.py Completed 27130 of 34374, 78.93%
2026-07-23 09:43:48,424 3842457 road_revised.py Completed 27140 of 34374, 78.96%
2026-07-23 09:43:48,429 3842457 road_revised.py Completed 27150 of 34374, 78.98%
2026-07-23 09:43:48,434 3842457 road_revised.py Completed 27160 of 34374, 79.01%
2026-07-23 09:43:48,435 3842457 road_revised.py Completed 27170 of 34374, 79.04%
2026-07-23 09:43:48,772 3842457 road_revised.py Completed 27180 of 34374, 79.07%
2026-07-23 09:43:49,028 3842457 road_revised.py Completed 27190 of 34374, 79.10%
2026-07-23 09:43:49,264 3842457 road_revised.py Completed 27200 of 34374, 79.13%
2026-07-23 09:43:49,264 3842457 road_revised.py RSS checkpoint [iter1_lcp_progress_27200_of_34374]: 20.56 GB
2026-07-23 09:43:49,553 3842457 road_revised.py Completed 27210 of 34374, 79.16%
2026-07-23 09:43:49,816 3842457 road_revised.py Completed 27220 of 34374, 79.19%
2026-07-23 09:43:50,076 3842457 road_revised.py Completed 27230 of 34374, 79.22%
2026-07-23 09:43:50,315 3842457 road_revised.py Completed 27240 of 34374, 79.25%
2026-07-23 09:43:50,668 3842457 road_revised.py Completed 27250 of 34374, 79.28%
2026-07-23 09:43:50,962 3842457 road_revised.py Completed 27260 of 34374, 79.30%
2026-07-23 09:43:54,442 3842457 road_revised.py Completed 27270 of 34374, 79.33%
2026-07-23 09:43:54,444 3842457 road_revised.py Completed 27280 of 34374, 79.36%
2026-07-23 09:43:54,480 3842457 road_revised.py Completed 27290 of 34374, 79.39%
2026-07-23 09:43:54,494 3842457 road_revised.py Completed 27300 of 34374, 79.42%
2026-07-23 09:43:54,494 3842457 road_revised.py RSS checkpoint [iter1_lcp_progress_27300_of_34374]: 21.21 GB
2026-07-23 09:43:54,502 3842457 road_revised.py Completed 27310 of 34374, 79.45%
2026-07-23 09:43:55,002 3842457 road_revised.py Completed 27320 of 34374, 79.48%
2026-07-23 09:43:55,003 3842457 road_revised.py Completed 27330 of 34374, 79.51%
2026-07-23 09:43:55,008 3842457 road_revised.py Completed 27340 of 34374, 79.54%
2026-07-23 09:43:55,009 3842457 road_revised.py Completed 27350 of 34374, 79.57%
2026-07-23 09:43:55,026 3842457 road_revised.py Completed 27360 of 34374, 79.60%
2026-07-23 09:43:55,236 3842457 road_revised.py Completed 27370 of 34374, 79.62%
2026-07-23 09:43:55,532 3842457 road_revised.py Completed 27380 of 34374, 79.65%
2026-07-23 09:43:55,759 3842457 road_revised.py Completed 27390 of 34374, 79.68%
2026-07-23 09:43:55,854 3842457 road_revised.py Completed 27400 of 34374, 79.71%
2026-07-23 09:43:55,854 3842457 road_revised.py RSS checkpoint [iter1_lcp_progress_27400_of_34374]: 21.05 GB
2026-07-23 09:43:56,088 3842457 road_revised.py Completed 27410 of 34374, 79.74%
2026-07-23 09:43:56,377 3842457 road_revised.py Completed 27420 of 34374, 79.77%
2026-07-23 09:43:56,675 3842457 road_revised.py Completed 27430 of 34374, 79.80%
2026-07-23 09:43:56,999 3842457 road_revised.py Completed 27440 of 34374, 79.83%
2026-07-23 09:43:59,912 3842457 road_revised.py Completed 27450 of 34374, 79.86%
2026-07-23 09:43:59,972 3842457 road_revised.py Completed 27460 of 34374, 79.89%
2026-07-23 09:43:59,980 3842457 road_revised.py Completed 27470 of 34374, 79.92%
2026-07-23 09:43:59,981 3842457 road_revised.py Completed 27480 of 34374, 79.94%
2026-07-23 09:43:59,995 3842457 road_revised.py Completed 27490 of 34374, 79.97%
2026-07-23 09:43:59,996 3842457 road_revised.py Completed 27500 of 34374, 80.00%
2026-07-23 09:44:00,013 3842457 road_revised.py RSS checkpoint [iter1_lcp_progress_27500_of_34374]: 21.11 GB
2026-07-23 09:44:00,014 3842457 road_revised.py Completed 27510 of 34374, 80.03%
2026-07-23 09:44:00,301 3842457 road_revised.py Completed 27520 of 34374, 80.06%
2026-07-23 09:44:00,602 3842457 road_revised.py Completed 27530 of 34374, 80.09%
2026-07-23 09:44:00,882 3842457 road_revised.py Completed 27540 of 34374, 80.12%
2026-07-23 09:44:01,125 3842457 road_revised.py Completed 27550 of 34374, 80.15%
2026-07-23 09:44:01,384 3842457 road_revised.py Completed 27560 of 34374, 80.18%
2026-07-23 09:44:01,688 3842457 road_revised.py Completed 27570 of 34374, 80.21%
2026-07-23 09:44:01,929 3842457 road_revised.py Completed 27580 of 34374, 80.24%
2026-07-23 09:44:02,172 3842457 road_revised.py Completed 27590 of 34374, 80.26%
2026-07-23 09:44:02,485 3842457 road_revised.py Completed 27600 of 34374, 80.29%
2026-07-23 09:44:02,491 3842457 road_revised.py RSS checkpoint [iter1_lcp_progress_27600_of_34374]: 20.93 GB
2026-07-23 09:44:06,312 3842457 road_revised.py Completed 27610 of 34374, 80.32%
2026-07-23 09:44:06,318 3842457 road_revised.py Completed 27620 of 34374, 80.35%
2026-07-23 09:44:06,319 3842457 road_revised.py Completed 27630 of 34374, 80.38%
2026-07-23 09:44:06,341 3842457 road_revised.py Completed 27640 of 34374, 80.41%
2026-07-23 09:44:06,342 3842457 road_revised.py Completed 27650 of 34374, 80.44%
2026-07-23 09:44:06,349 3842457 road_revised.py Completed 27660 of 34374, 80.47%
2026-07-23 09:44:06,797 3842457 road_revised.py Completed 27670 of 34374, 80.50%
2026-07-23 09:44:06,798 3842457 road_revised.py Completed 27680 of 34374, 80.53%
2026-07-23 09:44:06,803 3842457 road_revised.py Completed 27690 of 34374, 80.56%
2026-07-23 09:44:06,806 3842457 road_revised.py Completed 27700 of 34374, 80.58%
2026-07-23 09:44:06,811 3842457 road_revised.py RSS checkpoint [iter1_lcp_progress_27700_of_34374]: 20.98 GB
2026-07-23 09:44:06,871 3842457 road_revised.py Completed 27710 of 34374, 80.61%
2026-07-23 09:44:07,249 3842457 road_revised.py Completed 27720 of 34374, 80.64%
2026-07-23 09:44:07,475 3842457 road_revised.py Completed 27730 of 34374, 80.67%
2026-07-23 09:44:07,721 3842457 road_revised.py Completed 27740 of 34374, 80.70%
2026-07-23 09:44:08,020 3842457 road_revised.py Completed 27750 of 34374, 80.73%
2026-07-23 09:44:08,264 3842457 road_revised.py Completed 27760 of 34374, 80.76%
2026-07-23 09:44:08,536 3842457 road_revised.py Completed 27770 of 34374, 80.79%
2026-07-23 09:44:11,185 3842457 road_revised.py Completed 27780 of 34374, 80.82%
2026-07-23 09:44:11,270 3842457 road_revised.py Completed 27790 of 34374, 80.85%
2026-07-23 09:44:11,271 3842457 road_revised.py Completed 27800 of 34374, 80.88%
2026-07-23 09:44:11,271 3842457 road_revised.py RSS checkpoint [iter1_lcp_progress_27800_of_34374]: 21.25 GB
2026-07-23 09:44:11,272 3842457 road_revised.py Completed 27810 of 34374, 80.90%
2026-07-23 09:44:11,274 3842457 road_revised.py Completed 27820 of 34374, 80.93%
2026-07-23 09:44:11,281 3842457 road_revised.py Completed 27830 of 34374, 80.96%
2026-07-23 09:44:11,282 3842457 road_revised.py Completed 27840 of 34374, 80.99%
2026-07-23 09:44:11,514 3842457 road_revised.py Completed 27850 of 34374, 81.02%
2026-07-23 09:44:11,634 3842457 road_revised.py Completed 27860 of 34374, 81.05%
2026-07-23 09:44:11,853 3842457 road_revised.py Completed 27870 of 34374, 81.08%
2026-07-23 09:44:12,148 3842457 road_revised.py Completed 27880 of 34374, 81.11%
2026-07-23 09:44:12,486 3842457 road_revised.py Completed 27890 of 34374, 81.14%
2026-07-23 09:44:12,749 3842457 road_revised.py Completed 27900 of 34374, 81.17%
2026-07-23 09:44:12,749 3842457 road_revised.py RSS checkpoint [iter1_lcp_progress_27900_of_34374]: 21.13 GB
2026-07-23 09:44:13,009 3842457 road_revised.py Completed 27910 of 34374, 81.20%
2026-07-23 09:44:13,349 3842457 road_revised.py Completed 27920 of 34374, 81.22%
2026-07-23 09:44:13,650 3842457 road_revised.py Completed 27930 of 34374, 81.25%
2026-07-23 09:44:13,974 3842457 road_revised.py Completed 27940 of 34374, 81.28%
2026-07-23 09:44:14,220 3842457 road_revised.py Completed 27950 of 34374, 81.31%
2026-07-23 09:44:18,187 3842457 road_revised.py Completed 27960 of 34374, 81.34%
2026-07-23 09:44:18,190 3842457 road_revised.py Completed 27970 of 34374, 81.37%
2026-07-23 09:44:18,191 3842457 road_revised.py Completed 27980 of 34374, 81.40%
2026-07-23 09:44:18,192 3842457 road_revised.py Completed 27990 of 34374, 81.43%
2026-07-23 09:44:18,195 3842457 road_revised.py Completed 28000 of 34374, 81.46%
2026-07-23 09:44:18,203 3842457 road_revised.py RSS checkpoint [iter1_lcp_progress_28000_of_34374]: 21.81 GB
2026-07-23 09:44:18,209 3842457 road_revised.py Completed 28010 of 34374, 81.49%
2026-07-23 09:44:18,689 3842457 road_revised.py Completed 28020 of 34374, 81.52%
2026-07-23 09:44:18,690 3842457 road_revised.py Completed 28030 of 34374, 81.54%
2026-07-23 09:44:18,691 3842457 road_revised.py Completed 28040 of 34374, 81.57%
2026-07-23 09:44:18,694 3842457 road_revised.py Completed 28050 of 34374, 81.60%
2026-07-23 09:44:18,899 3842457 road_revised.py Completed 28060 of 34374, 81.63%
2026-07-23 09:44:19,155 3842457 road_revised.py Completed 28070 of 34374, 81.66%
2026-07-23 09:44:19,445 3842457 road_revised.py Completed 28080 of 34374, 81.69%
2026-07-23 09:44:19,752 3842457 road_revised.py Completed 28090 of 34374, 81.72%
2026-07-23 09:44:19,981 3842457 road_revised.py Completed 28100 of 34374, 81.75%
2026-07-23 09:44:19,981 3842457 road_revised.py RSS checkpoint [iter1_lcp_progress_28100_of_34374]: 21.60 GB
2026-07-23 09:44:20,264 3842457 road_revised.py Completed 28110 of 34374, 81.78%
2026-07-23 09:44:20,523 3842457 road_revised.py Completed 28120 of 34374, 81.81%
2026-07-23 09:44:23,371 3842457 road_revised.py Completed 28130 of 34374, 81.84%
2026-07-23 09:44:23,415 3842457 road_revised.py Completed 28140 of 34374, 81.86%
2026-07-23 09:44:23,416 3842457 road_revised.py Completed 28150 of 34374, 81.89%
2026-07-23 09:44:23,419 3842457 road_revised.py Completed 28160 of 34374, 81.92%
2026-07-23 09:44:23,420 3842457 road_revised.py Completed 28170 of 34374, 81.95%
2026-07-23 09:44:23,421 3842457 road_revised.py Completed 28180 of 34374, 81.98%
2026-07-23 09:44:23,422 3842457 road_revised.py Completed 28190 of 34374, 82.01%
2026-07-23 09:44:23,454 3842457 road_revised.py Completed 28200 of 34374, 82.04%
2026-07-23 09:44:23,475 3842457 road_revised.py RSS checkpoint [iter1_lcp_progress_28200_of_34374]: 21.31 GB
2026-07-23 09:44:23,727 3842457 road_revised.py Completed 28210 of 34374, 82.07%
2026-07-23 09:44:24,030 3842457 road_revised.py Completed 28220 of 34374, 82.10%
2026-07-23 09:44:24,252 3842457 road_revised.py Completed 28230 of 34374, 82.13%
2026-07-23 09:44:24,532 3842457 road_revised.py Completed 28240 of 34374, 82.16%
2026-07-23 09:44:24,815 3842457 road_revised.py Completed 28250 of 34374, 82.18%
2026-07-23 09:44:25,085 3842457 road_revised.py Completed 28260 of 34374, 82.21%
2026-07-23 09:44:25,327 3842457 road_revised.py Completed 28270 of 34374, 82.24%
2026-07-23 09:44:25,600 3842457 road_revised.py Completed 28280 of 34374, 82.27%
2026-07-23 09:44:25,886 3842457 road_revised.py Completed 28290 of 34374, 82.30%
2026-07-23 09:44:29,077 3842457 road_revised.py Completed 28300 of 34374, 82.33%
2026-07-23 09:44:29,083 3842457 road_revised.py RSS checkpoint [iter1_lcp_progress_28300_of_34374]: 21.51 GB
2026-07-23 09:44:29,086 3842457 road_revised.py Completed 28310 of 34374, 82.36%
2026-07-23 09:44:29,087 3842457 road_revised.py Completed 28320 of 34374, 82.39%
2026-07-23 09:44:29,097 3842457 road_revised.py Completed 28330 of 34374, 82.42%
2026-07-23 09:44:29,098 3842457 road_revised.py Completed 28340 of 34374, 82.45%
2026-07-23 09:44:29,099 3842457 road_revised.py Completed 28350 of 34374, 82.48%
2026-07-23 09:44:29,607 3842457 road_revised.py Completed 28360 of 34374, 82.50%
2026-07-23 09:44:29,608 3842457 road_revised.py Completed 28370 of 34374, 82.53%
2026-07-23 09:44:29,642 3842457 road_revised.py Completed 28380 of 34374, 82.56%
2026-07-23 09:44:29,956 3842457 road_revised.py Completed 28390 of 34374, 82.59%
2026-07-23 09:44:30,254 3842457 road_revised.py Completed 28400 of 34374, 82.62%
2026-07-23 09:44:30,267 3842457 road_revised.py RSS checkpoint [iter1_lcp_progress_28400_of_34374]: 21.34 GB
2026-07-23 09:44:30,527 3842457 road_revised.py Completed 28410 of 34374, 82.65%
2026-07-23 09:44:30,864 3842457 road_revised.py Completed 28420 of 34374, 82.68%
2026-07-23 09:44:31,116 3842457 road_revised.py Completed 28430 of 34374, 82.71%
2026-07-23 09:44:31,388 3842457 road_revised.py Completed 28440 of 34374, 82.74%
2026-07-23 09:44:31,722 3842457 road_revised.py Completed 28450 of 34374, 82.77%
2026-07-23 09:44:34,898 3842457 road_revised.py Completed 28460 of 34374, 82.80%
2026-07-23 09:44:34,908 3842457 road_revised.py Completed 28470 of 34374, 82.82%
2026-07-23 09:44:34,909 3842457 road_revised.py Completed 28480 of 34374, 82.85%
2026-07-23 09:44:34,930 3842457 road_revised.py Completed 28490 of 34374, 82.88%
2026-07-23 09:44:34,935 3842457 road_revised.py Completed 28500 of 34374, 82.91%
2026-07-23 09:44:34,949 3842457 road_revised.py RSS checkpoint [iter1_lcp_progress_28500_of_34374]: 21.63 GB
2026-07-23 09:44:34,953 3842457 road_revised.py Completed 28510 of 34374, 82.94%
2026-07-23 09:44:34,968 3842457 road_revised.py Completed 28520 of 34374, 82.97%
2026-07-23 09:44:34,969 3842457 road_revised.py Completed 28530 of 34374, 83.00%
2026-07-23 09:44:35,135 3842457 road_revised.py Completed 28540 of 34374, 83.03%
2026-07-23 09:44:35,426 3842457 road_revised.py Completed 28550 of 34374, 83.06%
2026-07-23 09:44:35,672 3842457 road_revised.py Completed 28560 of 34374, 83.09%
2026-07-23 09:44:35,930 3842457 road_revised.py Completed 28570 of 34374, 83.12%
2026-07-23 09:44:36,218 3842457 road_revised.py Completed 28580 of 34374, 83.14%
2026-07-23 09:44:36,474 3842457 road_revised.py Completed 28590 of 34374, 83.17%
2026-07-23 09:44:36,833 3842457 road_revised.py Completed 28600 of 34374, 83.20%
2026-07-23 09:44:36,833 3842457 road_revised.py RSS checkpoint [iter1_lcp_progress_28600_of_34374]: 21.47 GB
2026-07-23 09:44:37,104 3842457 road_revised.py Completed 28610 of 34374, 83.23%
2026-07-23 09:44:37,348 3842457 road_revised.py Completed 28620 of 34374, 83.26%
2026-07-23 09:44:41,027 3842457 road_revised.py Completed 28630 of 34374, 83.29%
2026-07-23 09:44:41,030 3842457 road_revised.py Completed 28640 of 34374, 83.32%
2026-07-23 09:44:41,058 3842457 road_revised.py Completed 28650 of 34374, 83.35%
2026-07-23 09:44:41,059 3842457 road_revised.py Completed 28660 of 34374, 83.38%
2026-07-23 09:44:41,060 3842457 road_revised.py Completed 28670 of 34374, 83.41%
2026-07-23 09:44:41,667 3842457 road_revised.py Completed 28680 of 34374, 83.44%
2026-07-23 09:44:41,668 3842457 road_revised.py Completed 28690 of 34374, 83.46%
2026-07-23 09:44:41,669 3842457 road_revised.py Completed 28700 of 34374, 83.49%
2026-07-23 09:44:41,692 3842457 road_revised.py RSS checkpoint [iter1_lcp_progress_28700_of_34374]: 21.52 GB
2026-07-23 09:44:41,711 3842457 road_revised.py Completed 28710 of 34374, 83.52%
2026-07-23 09:44:41,712 3842457 road_revised.py Completed 28720 of 34374, 83.55%
2026-07-23 09:44:41,940 3842457 road_revised.py Completed 28730 of 34374, 83.58%
2026-07-23 09:44:42,230 3842457 road_revised.py Completed 28740 of 34374, 83.61%
2026-07-23 09:44:42,507 3842457 road_revised.py Completed 28750 of 34374, 83.64%
2026-07-23 09:44:42,772 3842457 road_revised.py Completed 28760 of 34374, 83.67%
2026-07-23 09:44:43,012 3842457 road_revised.py Completed 28770 of 34374, 83.70%
2026-07-23 09:44:43,397 3842457 road_revised.py Completed 28780 of 34374, 83.73%
2026-07-23 09:44:43,635 3842457 road_revised.py Completed 28790 of 34374, 83.76%
2026-07-23 09:44:46,551 3842457 road_revised.py Completed 28800 of 34374, 83.78%
2026-07-23 09:44:46,558 3842457 road_revised.py RSS checkpoint [iter1_lcp_progress_28800_of_34374]: 21.77 GB
2026-07-23 09:44:46,567 3842457 road_revised.py Completed 28810 of 34374, 83.81%
2026-07-23 09:44:46,577 3842457 road_revised.py Completed 28820 of 34374, 83.84%
2026-07-23 09:44:46,591 3842457 road_revised.py Completed 28830 of 34374, 83.87%
2026-07-23 09:44:46,592 3842457 road_revised.py Completed 28840 of 34374, 83.90%
2026-07-23 09:44:46,606 3842457 road_revised.py Completed 28850 of 34374, 83.93%
2026-07-23 09:44:46,620 3842457 road_revised.py Completed 28860 of 34374, 83.96%
2026-07-23 09:44:46,916 3842457 road_revised.py Completed 28870 of 34374, 83.99%
2026-07-23 09:44:47,175 3842457 road_revised.py Completed 28880 of 34374, 84.02%
2026-07-23 09:44:47,446 3842457 road_revised.py Completed 28890 of 34374, 84.05%
2026-07-23 09:44:47,721 3842457 road_revised.py Completed 28900 of 34374, 84.08%
2026-07-23 09:44:47,721 3842457 road_revised.py RSS checkpoint [iter1_lcp_progress_28900_of_34374]: 21.54 GB
2026-07-23 09:44:47,991 3842457 road_revised.py Completed 28910 of 34374, 84.10%
2026-07-23 09:44:48,287 3842457 road_revised.py Completed 28920 of 34374, 84.13%
2026-07-23 09:44:48,568 3842457 road_revised.py Completed 28930 of 34374, 84.16%
2026-07-23 09:44:48,836 3842457 road_revised.py Completed 28940 of 34374, 84.19%
2026-07-23 09:44:49,110 3842457 road_revised.py Completed 28950 of 34374, 84.22%
2026-07-23 09:44:49,400 3842457 road_revised.py Completed 28960 of 34374, 84.25%
2026-07-23 09:44:52,753 3842457 road_revised.py Completed 28970 of 34374, 84.28%
2026-07-23 09:44:52,782 3842457 road_revised.py Completed 28980 of 34374, 84.31%
2026-07-23 09:44:52,784 3842457 road_revised.py Completed 28990 of 34374, 84.34%
2026-07-23 09:44:52,789 3842457 road_revised.py Completed 29000 of 34374, 84.37%
2026-07-23 09:44:52,800 3842457 road_revised.py RSS checkpoint [iter1_lcp_progress_29000_of_34374]: 21.90 GB
2026-07-23 09:44:53,243 3842457 road_revised.py Completed 29010 of 34374, 84.40%
2026-07-23 09:44:53,245 3842457 road_revised.py Completed 29020 of 34374, 84.42%
2026-07-23 09:44:53,246 3842457 road_revised.py Completed 29030 of 34374, 84.45%
2026-07-23 09:44:53,248 3842457 road_revised.py Completed 29040 of 34374, 84.48%
2026-07-23 09:44:53,249 3842457 road_revised.py Completed 29050 of 34374, 84.51%
2026-07-23 09:44:53,495 3842457 road_revised.py Completed 29060 of 34374, 84.54%
2026-07-23 09:44:53,701 3842457 road_revised.py Completed 29070 of 34374, 84.57%
2026-07-23 09:44:53,994 3842457 road_revised.py Completed 29080 of 34374, 84.60%
2026-07-23 09:44:54,210 3842457 road_revised.py Completed 29090 of 34374, 84.63%
2026-07-23 09:44:54,526 3842457 road_revised.py Completed 29100 of 34374, 84.66%
2026-07-23 09:44:54,526 3842457 road_revised.py RSS checkpoint [iter1_lcp_progress_29100_of_34374]: 21.83 GB
2026-07-23 09:44:54,739 3842457 road_revised.py Completed 29110 of 34374, 84.69%
2026-07-23 09:44:54,987 3842457 road_revised.py Completed 29120 of 34374, 84.72%
2026-07-23 09:44:57,446 3842457 road_revised.py Completed 29130 of 34374, 84.74%
2026-07-23 09:44:57,457 3842457 road_revised.py Completed 29140 of 34374, 84.77%
2026-07-23 09:44:57,458 3842457 road_revised.py Completed 29150 of 34374, 84.80%
2026-07-23 09:44:57,487 3842457 road_revised.py Completed 29160 of 34374, 84.83%
2026-07-23 09:44:57,488 3842457 road_revised.py Completed 29170 of 34374, 84.86%
2026-07-23 09:44:57,489 3842457 road_revised.py Completed 29180 of 34374, 84.89%
2026-07-23 09:44:57,490 3842457 road_revised.py Completed 29190 of 34374, 84.92%
2026-07-23 09:44:57,756 3842457 road_revised.py Completed 29200 of 34374, 84.95%
2026-07-23 09:44:57,757 3842457 road_revised.py RSS checkpoint [iter1_lcp_progress_29200_of_34374]: 21.67 GB
2026-07-23 09:44:57,949 3842457 road_revised.py Completed 29210 of 34374, 84.98%
2026-07-23 09:44:58,267 3842457 road_revised.py Completed 29220 of 34374, 85.01%
2026-07-23 09:44:58,524 3842457 road_revised.py Completed 29230 of 34374, 85.04%
2026-07-23 09:44:58,731 3842457 road_revised.py Completed 29240 of 34374, 85.06%
2026-07-23 09:44:59,029 3842457 road_revised.py Completed 29250 of 34374, 85.09%
2026-07-23 09:44:59,254 3842457 road_revised.py Completed 29260 of 34374, 85.12%
2026-07-23 09:44:59,632 3842457 road_revised.py Completed 29270 of 34374, 85.15%
2026-07-23 09:44:59,896 3842457 road_revised.py Completed 29280 of 34374, 85.18%
2026-07-23 09:45:00,175 3842457 road_revised.py Completed 29290 of 34374, 85.21%
2026-07-23 09:45:03,950 3842457 road_revised.py Completed 29300 of 34374, 85.24%
2026-07-23 09:45:03,969 3842457 road_revised.py RSS checkpoint [iter1_lcp_progress_29300_of_34374]: 22.22 GB
2026-07-23 09:45:04,021 3842457 road_revised.py Completed 29310 of 34374, 85.27%
2026-07-23 09:45:04,022 3842457 road_revised.py Completed 29320 of 34374, 85.30%
2026-07-23 09:45:04,023 3842457 road_revised.py Completed 29330 of 34374, 85.33%
2026-07-23 09:45:04,497 3842457 road_revised.py Completed 29340 of 34374, 85.36%
2026-07-23 09:45:04,498 3842457 road_revised.py Completed 29350 of 34374, 85.38%
2026-07-23 09:45:04,499 3842457 road_revised.py Completed 29360 of 34374, 85.41%
2026-07-23 09:45:04,503 3842457 road_revised.py Completed 29370 of 34374, 85.44%
2026-07-23 09:45:04,504 3842457 road_revised.py Completed 29380 of 34374, 85.47%
2026-07-23 09:45:04,616 3842457 road_revised.py Completed 29390 of 34374, 85.50%
2026-07-23 09:45:04,952 3842457 road_revised.py Completed 29400 of 34374, 85.53%
2026-07-23 09:45:04,952 3842457 road_revised.py RSS checkpoint [iter1_lcp_progress_29400_of_34374]: 22.11 GB
2026-07-23 09:45:05,231 3842457 road_revised.py Completed 29410 of 34374, 85.56%
2026-07-23 09:45:05,504 3842457 road_revised.py Completed 29420 of 34374, 85.59%
2026-07-23 09:45:05,779 3842457 road_revised.py Completed 29430 of 34374, 85.62%
2026-07-23 09:45:06,038 3842457 road_revised.py Completed 29440 of 34374, 85.65%
2026-07-23 09:45:06,338 3842457 road_revised.py Completed 29450 of 34374, 85.68%
2026-07-23 09:45:06,598 3842457 road_revised.py Completed 29460 of 34374, 85.70%
2026-07-23 09:45:09,140 3842457 road_revised.py Completed 29470 of 34374, 85.73%
2026-07-23 09:45:09,143 3842457 road_revised.py Completed 29480 of 34374, 85.76%
2026-07-23 09:45:09,181 3842457 road_revised.py Completed 29490 of 34374, 85.79%
2026-07-23 09:45:09,182 3842457 road_revised.py Completed 29500 of 34374, 85.82%
2026-07-23 09:45:09,185 3842457 road_revised.py RSS checkpoint [iter1_lcp_progress_29500_of_34374]: 22.12 GB
2026-07-23 09:45:09,187 3842457 road_revised.py Completed 29510 of 34374, 85.85%
2026-07-23 09:45:09,188 3842457 road_revised.py Completed 29520 of 34374, 85.88%
2026-07-23 09:45:09,307 3842457 road_revised.py Completed 29530 of 34374, 85.91%
2026-07-23 09:45:09,595 3842457 road_revised.py Completed 29540 of 34374, 85.94%
2026-07-23 09:45:09,824 3842457 road_revised.py Completed 29550 of 34374, 85.97%
2026-07-23 09:45:10,123 3842457 road_revised.py Completed 29560 of 34374, 86.00%
2026-07-23 09:45:10,376 3842457 road_revised.py Completed 29570 of 34374, 86.02%
2026-07-23 09:45:10,705 3842457 road_revised.py Completed 29580 of 34374, 86.05%
2026-07-23 09:45:10,946 3842457 road_revised.py Completed 29590 of 34374, 86.08%
2026-07-23 09:45:11,251 3842457 road_revised.py Completed 29600 of 34374, 86.11%
2026-07-23 09:45:11,253 3842457 road_revised.py RSS checkpoint [iter1_lcp_progress_29600_of_34374]: 21.96 GB
2026-07-23 09:45:11,488 3842457 road_revised.py Completed 29610 of 34374, 86.14%
2026-07-23 09:45:11,781 3842457 road_revised.py Completed 29620 of 34374, 86.17%
2026-07-23 09:45:12,003 3842457 road_revised.py Completed 29630 of 34374, 86.20%
2026-07-23 09:45:14,964 3842457 road_revised.py Completed 29640 of 34374, 86.23%
2026-07-23 09:45:14,965 3842457 road_revised.py Completed 29650 of 34374, 86.26%
2026-07-23 09:45:14,970 3842457 road_revised.py Completed 29660 of 34374, 86.29%
2026-07-23 09:45:15,389 3842457 road_revised.py Completed 29670 of 34374, 86.32%
2026-07-23 09:45:15,390 3842457 road_revised.py Completed 29680 of 34374, 86.34%
2026-07-23 09:45:15,391 3842457 road_revised.py Completed 29690 of 34374, 86.37%
2026-07-23 09:45:15,395 3842457 road_revised.py Completed 29700 of 34374, 86.40%
2026-07-23 09:45:15,396 3842457 road_revised.py RSS checkpoint [iter1_lcp_progress_29700_of_34374]: 21.99 GB
2026-07-23 09:45:15,397 3842457 road_revised.py Completed 29710 of 34374, 86.43%
2026-07-23 09:45:15,500 3842457 road_revised.py Completed 29720 of 34374, 86.46%
2026-07-23 09:45:15,792 3842457 road_revised.py Completed 29730 of 34374, 86.49%
2026-07-23 09:45:16,023 3842457 road_revised.py Completed 29740 of 34374, 86.52%
2026-07-23 09:45:16,276 3842457 road_revised.py Completed 29750 of 34374, 86.55%
2026-07-23 09:45:16,579 3842457 road_revised.py Completed 29760 of 34374, 86.58%
2026-07-23 09:45:16,804 3842457 road_revised.py Completed 29770 of 34374, 86.61%
2026-07-23 09:45:17,092 3842457 road_revised.py Completed 29780 of 34374, 86.64%
2026-07-23 09:45:17,340 3842457 road_revised.py Completed 29790 of 34374, 86.66%
2026-07-23 09:45:20,220 3842457 road_revised.py Completed 29800 of 34374, 86.69%
2026-07-23 09:45:20,225 3842457 road_revised.py RSS checkpoint [iter1_lcp_progress_29800_of_34374]: 22.30 GB
2026-07-23 09:45:20,274 3842457 road_revised.py Completed 29810 of 34374, 86.72%
2026-07-23 09:45:20,284 3842457 road_revised.py Completed 29820 of 34374, 86.75%
2026-07-23 09:45:20,285 3842457 road_revised.py Completed 29830 of 34374, 86.78%
2026-07-23 09:45:20,289 3842457 road_revised.py Completed 29840 of 34374, 86.81%
2026-07-23 09:45:20,290 3842457 road_revised.py Completed 29850 of 34374, 86.84%
2026-07-23 09:45:20,291 3842457 road_revised.py Completed 29860 of 34374, 86.87%
2026-07-23 09:45:20,536 3842457 road_revised.py Completed 29870 of 34374, 86.90%
2026-07-23 09:45:20,820 3842457 road_revised.py Completed 29880 of 34374, 86.93%
2026-07-23 09:45:21,134 3842457 road_revised.py Completed 29890 of 34374, 86.96%
2026-07-23 09:45:21,374 3842457 road_revised.py Completed 29900 of 34374, 86.98%
2026-07-23 09:45:21,374 3842457 road_revised.py RSS checkpoint [iter1_lcp_progress_29900_of_34374]: 22.15 GB
2026-07-23 09:45:21,703 3842457 road_revised.py Completed 29910 of 34374, 87.01%
2026-07-23 09:45:21,990 3842457 road_revised.py Completed 29920 of 34374, 87.04%
2026-07-23 09:45:22,225 3842457 road_revised.py Completed 29930 of 34374, 87.07%
2026-07-23 09:45:22,557 3842457 road_revised.py Completed 29940 of 34374, 87.10%
2026-07-23 09:45:22,789 3842457 road_revised.py Completed 29950 of 34374, 87.13%
2026-07-23 09:45:23,127 3842457 road_revised.py Completed 29960 of 34374, 87.16%
2026-07-23 09:45:26,858 3842457 road_revised.py Completed 29970 of 34374, 87.19%
2026-07-23 09:45:26,884 3842457 road_revised.py Completed 29980 of 34374, 87.22%
2026-07-23 09:45:27,394 3842457 road_revised.py Completed 29990 of 34374, 87.25%
2026-07-23 09:45:27,395 3842457 road_revised.py Completed 30000 of 34374, 87.28%
2026-07-23 09:45:27,400 3842457 road_revised.py RSS checkpoint [iter1_lcp_progress_30000_of_34374]: 22.29 GB
2026-07-23 09:45:27,403 3842457 road_revised.py Completed 30010 of 34374, 87.30%
2026-07-23 09:45:27,418 3842457 road_revised.py Completed 30020 of 34374, 87.33%
2026-07-23 09:45:27,420 3842457 road_revised.py Completed 30030 of 34374, 87.36%
2026-07-23 09:45:27,422 3842457 road_revised.py Completed 30040 of 34374, 87.39%
2026-07-23 09:45:27,423 3842457 road_revised.py Completed 30050 of 34374, 87.42%
2026-07-23 09:45:27,500 3842457 road_revised.py Completed 30060 of 34374, 87.45%
2026-07-23 09:45:27,818 3842457 road_revised.py Completed 30070 of 34374, 87.48%
2026-07-23 09:45:28,071 3842457 road_revised.py Completed 30080 of 34374, 87.51%
2026-07-23 09:45:28,276 3842457 road_revised.py Completed 30090 of 34374, 87.54%
2026-07-23 09:45:28,561 3842457 road_revised.py Completed 30100 of 34374, 87.57%
2026-07-23 09:45:28,562 3842457 road_revised.py RSS checkpoint [iter1_lcp_progress_30100_of_34374]: 22.42 GB
2026-07-23 09:45:28,803 3842457 road_revised.py Completed 30110 of 34374, 87.60%
2026-07-23 09:45:29,079 3842457 road_revised.py Completed 30120 of 34374, 87.62%
2026-07-23 09:45:29,322 3842457 road_revised.py Completed 30130 of 34374, 87.65%
2026-07-23 09:45:32,197 3842457 road_revised.py Completed 30140 of 34374, 87.68%
2026-07-23 09:45:32,198 3842457 road_revised.py Completed 30150 of 34374, 87.71%
2026-07-23 09:45:32,231 3842457 road_revised.py Completed 30160 of 34374, 87.74%
2026-07-23 09:45:32,232 3842457 road_revised.py Completed 30170 of 34374, 87.77%
2026-07-23 09:45:32,242 3842457 road_revised.py Completed 30180 of 34374, 87.80%
2026-07-23 09:45:32,247 3842457 road_revised.py Completed 30190 of 34374, 87.83%
2026-07-23 09:45:32,248 3842457 road_revised.py Completed 30200 of 34374, 87.86%
2026-07-23 09:45:32,248 3842457 road_revised.py RSS checkpoint [iter1_lcp_progress_30200_of_34374]: 22.55 GB
2026-07-23 09:45:32,393 3842457 road_revised.py Completed 30210 of 34374, 87.89%
2026-07-23 09:45:32,671 3842457 road_revised.py Completed 30220 of 34374, 87.92%
2026-07-23 09:45:32,995 3842457 road_revised.py Completed 30230 of 34374, 87.94%
2026-07-23 09:45:33,251 3842457 road_revised.py Completed 30240 of 34374, 87.97%
2026-07-23 09:45:33,595 3842457 road_revised.py Completed 30250 of 34374, 88.00%
2026-07-23 09:45:33,863 3842457 road_revised.py Completed 30260 of 34374, 88.03%
2026-07-23 09:45:34,127 3842457 road_revised.py Completed 30270 of 34374, 88.06%
2026-07-23 09:45:34,321 3842457 road_revised.py Completed 30280 of 34374, 88.09%
2026-07-23 09:45:34,400 3842457 road_revised.py Completed 30290 of 34374, 88.12%
2026-07-23 09:45:34,732 3842457 road_revised.py Completed 30300 of 34374, 88.15%
2026-07-23 09:45:34,732 3842457 road_revised.py RSS checkpoint [iter1_lcp_progress_30300_of_34374]: 22.47 GB
2026-07-23 09:45:35,042 3842457 road_revised.py Completed 30310 of 34374, 88.18%
2026-07-23 09:45:39,111 3842457 road_revised.py Completed 30320 of 34374, 88.21%
2026-07-23 09:45:39,117 3842457 road_revised.py Completed 30330 of 34374, 88.24%
2026-07-23 09:45:39,711 3842457 road_revised.py Completed 30340 of 34374, 88.26%
2026-07-23 09:45:39,718 3842457 road_revised.py Completed 30350 of 34374, 88.29%
2026-07-23 09:45:39,721 3842457 road_revised.py Completed 30360 of 34374, 88.32%
2026-07-23 09:45:39,722 3842457 road_revised.py Completed 30370 of 34374, 88.35%
2026-07-23 09:45:39,723 3842457 road_revised.py Completed 30380 of 34374, 88.38%
2026-07-23 09:45:39,731 3842457 road_revised.py Completed 30390 of 34374, 88.41%
2026-07-23 09:45:39,732 3842457 road_revised.py Completed 30400 of 34374, 88.44%
2026-07-23 09:45:39,740 3842457 road_revised.py RSS checkpoint [iter1_lcp_progress_30400_of_34374]: 22.69 GB
2026-07-23 09:45:39,749 3842457 road_revised.py Completed 30410 of 34374, 88.47%
2026-07-23 09:45:39,997 3842457 road_revised.py Completed 30420 of 34374, 88.50%
2026-07-23 09:45:40,288 3842457 road_revised.py Completed 30430 of 34374, 88.53%
2026-07-23 09:45:40,608 3842457 road_revised.py Completed 30440 of 34374, 88.56%
2026-07-23 09:45:40,811 3842457 road_revised.py Completed 30450 of 34374, 88.58%
2026-07-23 09:45:41,070 3842457 road_revised.py Completed 30460 of 34374, 88.61%
2026-07-23 09:45:41,359 3842457 road_revised.py Completed 30470 of 34374, 88.64%
2026-07-23 09:45:43,920 3842457 road_revised.py Completed 30480 of 34374, 88.67%
2026-07-23 09:45:43,923 3842457 road_revised.py Completed 30490 of 34374, 88.70%
2026-07-23 09:45:43,996 3842457 road_revised.py Completed 30500 of 34374, 88.73%
2026-07-23 09:45:44,002 3842457 road_revised.py RSS checkpoint [iter1_lcp_progress_30500_of_34374]: 22.59 GB
2026-07-23 09:45:44,006 3842457 road_revised.py Completed 30510 of 34374, 88.76%
2026-07-23 09:45:44,014 3842457 road_revised.py Completed 30520 of 34374, 88.79%
2026-07-23 09:45:44,015 3842457 road_revised.py Completed 30530 of 34374, 88.82%
2026-07-23 09:45:44,074 3842457 road_revised.py Completed 30540 of 34374, 88.85%
2026-07-23 09:45:44,305 3842457 road_revised.py Completed 30550 of 34374, 88.88%
2026-07-23 09:45:44,585 3842457 road_revised.py Completed 30560 of 34374, 88.90%
2026-07-23 09:45:44,952 3842457 road_revised.py Completed 30570 of 34374, 88.93%
2026-07-23 09:45:45,092 3842457 road_revised.py Completed 30580 of 34374, 88.96%
2026-07-23 09:45:45,422 3842457 road_revised.py Completed 30590 of 34374, 88.99%
2026-07-23 09:45:45,699 3842457 road_revised.py Completed 30600 of 34374, 89.02%
2026-07-23 09:45:45,699 3842457 road_revised.py RSS checkpoint [iter1_lcp_progress_30600_of_34374]: 22.49 GB
2026-07-23 09:45:45,936 3842457 road_revised.py Completed 30610 of 34374, 89.05%
2026-07-23 09:45:46,184 3842457 road_revised.py Completed 30620 of 34374, 89.08%
2026-07-23 09:45:46,430 3842457 road_revised.py Completed 30630 of 34374, 89.11%
2026-07-23 09:45:46,715 3842457 road_revised.py Completed 30640 of 34374, 89.14%
2026-07-23 09:45:50,627 3842457 road_revised.py Completed 30650 of 34374, 89.17%
2026-07-23 09:45:50,632 3842457 road_revised.py Completed 30660 of 34374, 89.20%
2026-07-23 09:45:50,633 3842457 road_revised.py Completed 30670 of 34374, 89.22%
2026-07-23 09:45:51,158 3842457 road_revised.py Completed 30680 of 34374, 89.25%
2026-07-23 09:45:51,160 3842457 road_revised.py Completed 30690 of 34374, 89.28%
2026-07-23 09:45:51,161 3842457 road_revised.py Completed 30700 of 34374, 89.31%
2026-07-23 09:45:51,174 3842457 road_revised.py RSS checkpoint [iter1_lcp_progress_30700_of_34374]: 23.06 GB
2026-07-23 09:45:51,176 3842457 road_revised.py Completed 30710 of 34374, 89.34%
2026-07-23 09:45:51,177 3842457 road_revised.py Completed 30720 of 34374, 89.37%
2026-07-23 09:45:51,191 3842457 road_revised.py Completed 30730 of 34374, 89.40%
2026-07-23 09:45:51,442 3842457 road_revised.py Completed 30740 of 34374, 89.43%
2026-07-23 09:45:51,726 3842457 road_revised.py Completed 30750 of 34374, 89.46%
2026-07-23 09:45:52,021 3842457 road_revised.py Completed 30760 of 34374, 89.49%
2026-07-23 09:45:52,315 3842457 road_revised.py Completed 30770 of 34374, 89.52%
2026-07-23 09:45:52,584 3842457 road_revised.py Completed 30780 of 34374, 89.54%
2026-07-23 09:45:52,914 3842457 road_revised.py Completed 30790 of 34374, 89.57%
2026-07-23 09:45:53,164 3842457 road_revised.py Completed 30800 of 34374, 89.60%
2026-07-23 09:45:53,165 3842457 road_revised.py RSS checkpoint [iter1_lcp_progress_30800_of_34374]: 23.28 GB
2026-07-23 09:45:53,477 3842457 road_revised.py Completed 30810 of 34374, 89.63%
2026-07-23 09:45:56,644 3842457 road_revised.py Completed 30820 of 34374, 89.66%
2026-07-23 09:45:56,682 3842457 road_revised.py Completed 30830 of 34374, 89.69%
2026-07-23 09:45:56,685 3842457 road_revised.py Completed 30840 of 34374, 89.72%
2026-07-23 09:45:56,686 3842457 road_revised.py Completed 30850 of 34374, 89.75%
2026-07-23 09:45:56,702 3842457 road_revised.py Completed 30860 of 34374, 89.78%
2026-07-23 09:45:56,703 3842457 road_revised.py Completed 30870 of 34374, 89.81%
2026-07-23 09:45:56,704 3842457 road_revised.py Completed 30880 of 34374, 89.84%
2026-07-23 09:45:56,718 3842457 road_revised.py Completed 30890 of 34374, 89.86%
2026-07-23 09:45:56,966 3842457 road_revised.py Completed 30900 of 34374, 89.89%
2026-07-23 09:45:56,974 3842457 road_revised.py RSS checkpoint [iter1_lcp_progress_30900_of_34374]: 22.67 GB
2026-07-23 09:45:57,215 3842457 road_revised.py Completed 30910 of 34374, 89.92%
2026-07-23 09:45:57,525 3842457 road_revised.py Completed 30920 of 34374, 89.95%
2026-07-23 09:45:57,812 3842457 road_revised.py Completed 30930 of 34374, 89.98%
2026-07-23 09:45:58,040 3842457 road_revised.py Completed 30940 of 34374, 90.01%
2026-07-23 09:45:58,286 3842457 road_revised.py Completed 30950 of 34374, 90.04%
2026-07-23 09:45:58,590 3842457 road_revised.py Completed 30960 of 34374, 90.07%
2026-07-23 09:45:58,819 3842457 road_revised.py Completed 30970 of 34374, 90.10%
2026-07-23 09:45:59,113 3842457 road_revised.py Completed 30980 of 34374, 90.13%
2026-07-23 09:46:02,361 3842457 road_revised.py Completed 30990 of 34374, 90.16%
2026-07-23 09:46:02,410 3842457 road_revised.py Completed 31000 of 34374, 90.18%
2026-07-23 09:46:02,410 3842457 road_revised.py RSS checkpoint [iter1_lcp_progress_31000_of_34374]: 22.96 GB
2026-07-23 09:46:02,872 3842457 road_revised.py Completed 31010 of 34374, 90.21%
2026-07-23 09:46:02,873 3842457 road_revised.py Completed 31020 of 34374, 90.24%
2026-07-23 09:46:02,879 3842457 road_revised.py Completed 31030 of 34374, 90.27%
2026-07-23 09:46:02,885 3842457 road_revised.py Completed 31040 of 34374, 90.30%
2026-07-23 09:46:02,886 3842457 road_revised.py Completed 31050 of 34374, 90.33%
2026-07-23 09:46:02,888 3842457 road_revised.py Completed 31060 of 34374, 90.36%
2026-07-23 09:46:02,912 3842457 road_revised.py Completed 31070 of 34374, 90.39%
2026-07-23 09:46:03,245 3842457 road_revised.py Completed 31080 of 34374, 90.42%
2026-07-23 09:46:03,597 3842457 road_revised.py Completed 31090 of 34374, 90.45%
2026-07-23 09:46:03,864 3842457 road_revised.py Completed 31100 of 34374, 90.48%
2026-07-23 09:46:03,864 3842457 road_revised.py RSS checkpoint [iter1_lcp_progress_31100_of_34374]: 22.98 GB
2026-07-23 09:46:04,213 3842457 road_revised.py Completed 31110 of 34374, 90.50%
2026-07-23 09:46:04,495 3842457 road_revised.py Completed 31120 of 34374, 90.53%
2026-07-23 09:46:04,855 3842457 road_revised.py Completed 31130 of 34374, 90.56%
2026-07-23 09:46:05,082 3842457 road_revised.py Completed 31140 of 34374, 90.59%
2026-07-23 09:46:08,346 3842457 road_revised.py Completed 31150 of 34374, 90.62%
2026-07-23 09:46:08,355 3842457 road_revised.py Completed 31160 of 34374, 90.65%
2026-07-23 09:46:08,400 3842457 road_revised.py Completed 31170 of 34374, 90.68%
2026-07-23 09:46:08,401 3842457 road_revised.py Completed 31180 of 34374, 90.71%
2026-07-23 09:46:08,407 3842457 road_revised.py Completed 31190 of 34374, 90.74%
2026-07-23 09:46:08,416 3842457 road_revised.py Completed 31200 of 34374, 90.77%
2026-07-23 09:46:08,429 3842457 road_revised.py RSS checkpoint [iter1_lcp_progress_31200_of_34374]: 23.32 GB
2026-07-23 09:46:08,431 3842457 road_revised.py Completed 31210 of 34374, 90.80%
2026-07-23 09:46:08,515 3842457 road_revised.py Completed 31220 of 34374, 90.82%
2026-07-23 09:46:08,831 3842457 road_revised.py Completed 31230 of 34374, 90.85%
2026-07-23 09:46:09,059 3842457 road_revised.py Completed 31240 of 34374, 90.88%
2026-07-23 09:46:09,270 3842457 road_revised.py Completed 31250 of 34374, 90.91%
2026-07-23 09:46:09,505 3842457 road_revised.py Completed 31260 of 34374, 90.94%
2026-07-23 09:46:09,688 3842457 road_revised.py Completed 31270 of 34374, 90.97%
2026-07-23 09:46:09,919 3842457 road_revised.py Completed 31280 of 34374, 91.00%
2026-07-23 09:46:10,110 3842457 road_revised.py Completed 31290 of 34374, 91.03%
2026-07-23 09:46:10,332 3842457 road_revised.py Completed 31300 of 34374, 91.06%
2026-07-23 09:46:10,336 3842457 road_revised.py RSS checkpoint [iter1_lcp_progress_31300_of_34374]: 23.12 GB
2026-07-23 09:46:10,564 3842457 road_revised.py Completed 31310 of 34374, 91.09%
2026-07-23 09:46:10,836 3842457 road_revised.py Completed 31320 of 34374, 91.12%
2026-07-23 09:46:11,064 3842457 road_revised.py Completed 31330 of 34374, 91.14%
2026-07-23 09:46:11,321 3842457 road_revised.py Completed 31340 of 34374, 91.17%
2026-07-23 09:46:11,550 3842457 road_revised.py Completed 31350 of 34374, 91.20%
2026-07-23 09:46:11,796 3842457 road_revised.py Completed 31360 of 34374, 91.23%
2026-07-23 09:46:12,011 3842457 road_revised.py Completed 31370 of 34374, 91.26%
2026-07-23 09:46:12,248 3842457 road_revised.py Completed 31380 of 34374, 91.29%
2026-07-23 09:46:12,472 3842457 road_revised.py Completed 31390 of 34374, 91.32%
2026-07-23 09:46:12,712 3842457 road_revised.py Completed 31400 of 34374, 91.35%
2026-07-23 09:46:12,712 3842457 road_revised.py RSS checkpoint [iter1_lcp_progress_31400_of_34374]: 23.19 GB
2026-07-23 09:46:17,155 3842457 road_revised.py Completed 31410 of 34374, 91.38%
2026-07-23 09:46:17,156 3842457 road_revised.py Completed 31420 of 34374, 91.41%
2026-07-23 09:46:17,166 3842457 road_revised.py Completed 31430 of 34374, 91.44%
2026-07-23 09:46:17,167 3842457 road_revised.py Completed 31440 of 34374, 91.46%
2026-07-23 09:46:17,173 3842457 road_revised.py Completed 31450 of 34374, 91.49%
2026-07-23 09:46:17,174 3842457 road_revised.py Completed 31460 of 34374, 91.52%
2026-07-23 09:46:17,174 3842457 road_revised.py Completed 31470 of 34374, 91.55%
2026-07-23 09:46:17,648 3842457 road_revised.py Completed 31480 of 34374, 91.58%
2026-07-23 09:46:17,649 3842457 road_revised.py Completed 31490 of 34374, 91.61%
2026-07-23 09:46:17,653 3842457 road_revised.py Completed 31500 of 34374, 91.64%
2026-07-23 09:46:17,654 3842457 road_revised.py RSS checkpoint [iter1_lcp_progress_31500_of_34374]: 23.26 GB
2026-07-23 09:46:17,655 3842457 road_revised.py Completed 31510 of 34374, 91.67%
2026-07-23 09:46:17,656 3842457 road_revised.py Completed 31520 of 34374, 91.70%
2026-07-23 09:46:17,664 3842457 road_revised.py Completed 31530 of 34374, 91.73%
2026-07-23 09:46:17,685 3842457 road_revised.py Completed 31540 of 34374, 91.76%
2026-07-23 09:46:17,922 3842457 road_revised.py Completed 31550 of 34374, 91.78%
2026-07-23 09:46:18,173 3842457 road_revised.py Completed 31560 of 34374, 91.81%
2026-07-23 09:46:18,349 3842457 road_revised.py Completed 31570 of 34374, 91.84%
2026-07-23 09:46:18,578 3842457 road_revised.py Completed 31580 of 34374, 91.87%
2026-07-23 09:46:18,732 3842457 road_revised.py Completed 31590 of 34374, 91.90%
2026-07-23 09:46:19,036 3842457 road_revised.py Completed 31600 of 34374, 91.93%
2026-07-23 09:46:19,036 3842457 road_revised.py RSS checkpoint [iter1_lcp_progress_31600_of_34374]: 23.38 GB
2026-07-23 09:46:19,146 3842457 road_revised.py Completed 31610 of 34374, 91.96%
2026-07-23 09:46:19,376 3842457 road_revised.py Completed 31620 of 34374, 91.99%
2026-07-23 09:46:19,616 3842457 road_revised.py Completed 31630 of 34374, 92.02%
2026-07-23 09:46:19,806 3842457 road_revised.py Completed 31640 of 34374, 92.05%
2026-07-23 09:46:20,029 3842457 road_revised.py Completed 31650 of 34374, 92.08%
2026-07-23 09:46:20,252 3842457 road_revised.py Completed 31660 of 34374, 92.10%
2026-07-23 09:46:20,619 3842457 road_revised.py Completed 31670 of 34374, 92.13%
2026-07-23 09:46:20,826 3842457 road_revised.py Completed 31680 of 34374, 92.16%
2026-07-23 09:46:21,057 3842457 road_revised.py Completed 31690 of 34374, 92.19%
2026-07-23 09:46:21,235 3842457 road_revised.py Completed 31700 of 34374, 92.22%
2026-07-23 09:46:21,235 3842457 road_revised.py RSS checkpoint [iter1_lcp_progress_31700_of_34374]: 23.48 GB
2026-07-23 09:46:21,420 3842457 road_revised.py Completed 31710 of 34374, 92.25%
2026-07-23 09:46:21,632 3842457 road_revised.py Completed 31720 of 34374, 92.28%
2026-07-23 09:46:21,849 3842457 road_revised.py Completed 31730 of 34374, 92.31%
2026-07-23 09:46:22,065 3842457 road_revised.py Completed 31740 of 34374, 92.34%
2026-07-23 09:46:22,321 3842457 road_revised.py Completed 31750 of 34374, 92.37%
2026-07-23 09:46:22,550 3842457 road_revised.py Completed 31760 of 34374, 92.40%
2026-07-23 09:46:26,096 3842457 road_revised.py Completed 31770 of 34374, 92.42%
2026-07-23 09:46:26,097 3842457 road_revised.py Completed 31780 of 34374, 92.45%
2026-07-23 09:46:26,103 3842457 road_revised.py Completed 31790 of 34374, 92.48%
2026-07-23 09:46:26,103 3842457 road_revised.py Completed 31800 of 34374, 92.51%
2026-07-23 09:46:26,114 3842457 road_revised.py RSS checkpoint [iter1_lcp_progress_31800_of_34374]: 23.36 GB
2026-07-23 09:46:26,163 3842457 road_revised.py Completed 31810 of 34374, 92.54%
2026-07-23 09:46:26,165 3842457 road_revised.py Completed 31820 of 34374, 92.57%
2026-07-23 09:46:26,169 3842457 road_revised.py Completed 31830 of 34374, 92.60%
2026-07-23 09:46:26,170 3842457 road_revised.py Completed 31840 of 34374, 92.63%
2026-07-23 09:46:26,175 3842457 road_revised.py Completed 31850 of 34374, 92.66%
2026-07-23 09:46:26,175 3842457 road_revised.py Completed 31860 of 34374, 92.69%
2026-07-23 09:46:26,180 3842457 road_revised.py Completed 31870 of 34374, 92.72%
2026-07-23 09:46:26,181 3842457 road_revised.py Completed 31880 of 34374, 92.74%
2026-07-23 09:46:26,446 3842457 road_revised.py Completed 31890 of 34374, 92.77%
2026-07-23 09:46:26,687 3842457 road_revised.py Completed 31900 of 34374, 92.80%
2026-07-23 09:46:26,688 3842457 road_revised.py RSS checkpoint [iter1_lcp_progress_31900_of_34374]: 23.02 GB
2026-07-23 09:46:26,912 3842457 road_revised.py Completed 31910 of 34374, 92.83%
2026-07-23 09:46:27,075 3842457 road_revised.py Completed 31920 of 34374, 92.86%
2026-07-23 09:46:27,301 3842457 road_revised.py Completed 31930 of 34374, 92.89%
2026-07-23 09:46:27,510 3842457 road_revised.py Completed 31940 of 34374, 92.92%
2026-07-23 09:46:27,721 3842457 road_revised.py Completed 31950 of 34374, 92.95%
2026-07-23 09:46:27,977 3842457 road_revised.py Completed 31960 of 34374, 92.98%
2026-07-23 09:46:28,186 3842457 road_revised.py Completed 31970 of 34374, 93.01%
2026-07-23 09:46:28,406 3842457 road_revised.py Completed 31980 of 34374, 93.04%
2026-07-23 09:46:28,639 3842457 road_revised.py Completed 31990 of 34374, 93.06%
2026-07-23 09:46:28,893 3842457 road_revised.py Completed 32000 of 34374, 93.09%
2026-07-23 09:46:28,893 3842457 road_revised.py RSS checkpoint [iter1_lcp_progress_32000_of_34374]: 23.16 GB
2026-07-23 09:46:29,107 3842457 road_revised.py Completed 32010 of 34374, 93.12%
2026-07-23 09:46:29,335 3842457 road_revised.py Completed 32020 of 34374, 93.15%
2026-07-23 09:46:29,611 3842457 road_revised.py Completed 32030 of 34374, 93.18%
2026-07-23 09:46:29,760 3842457 road_revised.py Completed 32040 of 34374, 93.21%
2026-07-23 09:46:29,993 3842457 road_revised.py Completed 32050 of 34374, 93.24%
2026-07-23 09:46:30,234 3842457 road_revised.py Completed 32060 of 34374, 93.27%
2026-07-23 09:46:30,421 3842457 road_revised.py Completed 32070 of 34374, 93.30%
2026-07-23 09:46:30,545 3842457 road_revised.py Completed 32080 of 34374, 93.33%
2026-07-23 09:46:30,836 3842457 road_revised.py Completed 32090 of 34374, 93.36%
2026-07-23 09:46:31,078 3842457 road_revised.py Completed 32100 of 34374, 93.38%
2026-07-23 09:46:31,079 3842457 road_revised.py RSS checkpoint [iter1_lcp_progress_32100_of_34374]: 23.21 GB
2026-07-23 09:46:31,325 3842457 road_revised.py Completed 32110 of 34374, 93.41%
2026-07-23 09:46:31,558 3842457 road_revised.py Completed 32120 of 34374, 93.44%
2026-07-23 09:46:35,831 3842457 road_revised.py Completed 32130 of 34374, 93.47%
2026-07-23 09:46:35,832 3842457 road_revised.py Completed 32140 of 34374, 93.50%
2026-07-23 09:46:35,842 3842457 road_revised.py Completed 32150 of 34374, 93.53%
2026-07-23 09:46:35,843 3842457 road_revised.py Completed 32160 of 34374, 93.56%
2026-07-23 09:46:35,844 3842457 road_revised.py Completed 32170 of 34374, 93.59%
2026-07-23 09:46:35,844 3842457 road_revised.py Completed 32180 of 34374, 93.62%
2026-07-23 09:46:36,405 3842457 road_revised.py Completed 32190 of 34374, 93.65%
2026-07-23 09:46:36,406 3842457 road_revised.py Completed 32200 of 34374, 93.68%
2026-07-23 09:46:36,408 3842457 road_revised.py RSS checkpoint [iter1_lcp_progress_32200_of_34374]: 23.45 GB
2026-07-23 09:46:36,409 3842457 road_revised.py Completed 32210 of 34374, 93.70%
2026-07-23 09:46:36,412 3842457 road_revised.py Completed 32220 of 34374, 93.73%
2026-07-23 09:46:36,412 3842457 road_revised.py Completed 32230 of 34374, 93.76%
2026-07-23 09:46:36,413 3842457 road_revised.py Completed 32240 of 34374, 93.79%
2026-07-23 09:46:36,415 3842457 road_revised.py Completed 32250 of 34374, 93.82%
2026-07-23 09:46:36,520 3842457 road_revised.py Completed 32260 of 34374, 93.85%
2026-07-23 09:46:36,820 3842457 road_revised.py Completed 32270 of 34374, 93.88%
2026-07-23 09:46:37,096 3842457 road_revised.py Completed 32280 of 34374, 93.91%
2026-07-23 09:46:37,280 3842457 road_revised.py Completed 32290 of 34374, 93.94%
2026-07-23 09:46:37,497 3842457 road_revised.py Completed 32300 of 34374, 93.97%
2026-07-23 09:46:37,497 3842457 road_revised.py RSS checkpoint [iter1_lcp_progress_32300_of_34374]: 23.56 GB
2026-07-23 09:46:37,708 3842457 road_revised.py Completed 32310 of 34374, 94.00%
2026-07-23 09:46:37,945 3842457 road_revised.py Completed 32320 of 34374, 94.02%
2026-07-23 09:46:38,206 3842457 road_revised.py Completed 32330 of 34374, 94.05%
2026-07-23 09:46:38,463 3842457 road_revised.py Completed 32340 of 34374, 94.08%
2026-07-23 09:46:38,589 3842457 road_revised.py Completed 32350 of 34374, 94.11%
2026-07-23 09:46:38,851 3842457 road_revised.py Completed 32360 of 34374, 94.14%
2026-07-23 09:46:39,119 3842457 road_revised.py Completed 32370 of 34374, 94.17%
2026-07-23 09:46:39,286 3842457 road_revised.py Completed 32380 of 34374, 94.20%
2026-07-23 09:46:39,547 3842457 road_revised.py Completed 32390 of 34374, 94.23%
2026-07-23 09:46:39,792 3842457 road_revised.py Completed 32400 of 34374, 94.26%
2026-07-23 09:46:39,793 3842457 road_revised.py RSS checkpoint [iter1_lcp_progress_32400_of_34374]: 23.67 GB
2026-07-23 09:46:39,994 3842457 road_revised.py Completed 32410 of 34374, 94.29%
2026-07-23 09:46:40,222 3842457 road_revised.py Completed 32420 of 34374, 94.32%
2026-07-23 09:46:40,473 3842457 road_revised.py Completed 32430 of 34374, 94.34%
2026-07-23 09:46:40,648 3842457 road_revised.py Completed 32440 of 34374, 94.37%
2026-07-23 09:46:40,889 3842457 road_revised.py Completed 32450 of 34374, 94.40%
2026-07-23 09:46:41,138 3842457 road_revised.py Completed 32460 of 34374, 94.43%
2026-07-23 09:46:41,389 3842457 road_revised.py Completed 32470 of 34374, 94.46%
2026-07-23 09:46:41,555 3842457 road_revised.py Completed 32480 of 34374, 94.49%
2026-07-23 09:46:44,970 3842457 road_revised.py Completed 32490 of 34374, 94.52%
2026-07-23 09:46:44,975 3842457 road_revised.py Completed 32500 of 34374, 94.55%
2026-07-23 09:46:44,980 3842457 road_revised.py RSS checkpoint [iter1_lcp_progress_32500_of_34374]: 23.74 GB
2026-07-23 09:46:44,995 3842457 road_revised.py Completed 32510 of 34374, 94.58%
2026-07-23 09:46:44,996 3842457 road_revised.py Completed 32520 of 34374, 94.61%
2026-07-23 09:46:45,045 3842457 road_revised.py Completed 32530 of 34374, 94.64%
2026-07-23 09:46:45,046 3842457 road_revised.py Completed 32540 of 34374, 94.66%
2026-07-23 09:46:45,047 3842457 road_revised.py Completed 32550 of 34374, 94.69%
2026-07-23 09:46:45,047 3842457 road_revised.py Completed 32560 of 34374, 94.72%
2026-07-23 09:46:45,052 3842457 road_revised.py Completed 32570 of 34374, 94.75%
2026-07-23 09:46:45,052 3842457 road_revised.py Completed 32580 of 34374, 94.78%
2026-07-23 09:46:45,105 3842457 road_revised.py Completed 32590 of 34374, 94.81%
2026-07-23 09:46:45,323 3842457 road_revised.py Completed 32600 of 34374, 94.84%
2026-07-23 09:46:45,323 3842457 road_revised.py RSS checkpoint [iter1_lcp_progress_32600_of_34374]: 23.35 GB
2026-07-23 09:46:45,492 3842457 road_revised.py Completed 32610 of 34374, 94.87%
2026-07-23 09:46:45,844 3842457 road_revised.py Completed 32620 of 34374, 94.90%
2026-07-23 09:46:45,959 3842457 road_revised.py Completed 32630 of 34374, 94.93%
2026-07-23 09:46:46,143 3842457 road_revised.py Completed 32640 of 34374, 94.96%
2026-07-23 09:46:46,452 3842457 road_revised.py Completed 32650 of 34374, 94.98%
2026-07-23 09:46:46,638 3842457 road_revised.py Completed 32660 of 34374, 95.01%
2026-07-23 09:46:46,868 3842457 road_revised.py Completed 32670 of 34374, 95.04%
2026-07-23 09:46:47,018 3842457 road_revised.py Completed 32680 of 34374, 95.07%
2026-07-23 09:46:47,330 3842457 road_revised.py Completed 32690 of 34374, 95.10%
2026-07-23 09:46:47,559 3842457 road_revised.py Completed 32700 of 34374, 95.13%
2026-07-23 09:46:47,571 3842457 road_revised.py RSS checkpoint [iter1_lcp_progress_32700_of_34374]: 23.50 GB
2026-07-23 09:46:47,718 3842457 road_revised.py Completed 32710 of 34374, 95.16%
2026-07-23 09:46:48,034 3842457 road_revised.py Completed 32720 of 34374, 95.19%
2026-07-23 09:46:48,192 3842457 road_revised.py Completed 32730 of 34374, 95.22%
2026-07-23 09:46:48,420 3842457 road_revised.py Completed 32740 of 34374, 95.25%
2026-07-23 09:46:48,637 3842457 road_revised.py Completed 32750 of 34374, 95.28%
2026-07-23 09:46:48,825 3842457 road_revised.py Completed 32760 of 34374, 95.30%
2026-07-23 09:46:49,062 3842457 road_revised.py Completed 32770 of 34374, 95.33%
2026-07-23 09:46:49,255 3842457 road_revised.py Completed 32780 of 34374, 95.36%
2026-07-23 09:46:49,491 3842457 road_revised.py Completed 32790 of 34374, 95.39%
2026-07-23 09:46:49,701 3842457 road_revised.py Completed 32800 of 34374, 95.42%
2026-07-23 09:46:49,701 3842457 road_revised.py RSS checkpoint [iter1_lcp_progress_32800_of_34374]: 23.54 GB
2026-07-23 09:46:49,899 3842457 road_revised.py Completed 32810 of 34374, 95.45%
2026-07-23 09:46:50,121 3842457 road_revised.py Completed 32820 of 34374, 95.48%
2026-07-23 09:46:50,256 3842457 road_revised.py Completed 32830 of 34374, 95.51%
2026-07-23 09:46:50,568 3842457 road_revised.py Completed 32840 of 34374, 95.54%
2026-07-23 09:46:50,798 3842457 road_revised.py Completed 32850 of 34374, 95.57%
2026-07-23 09:46:54,903 3842457 road_revised.py Completed 32860 of 34374, 95.60%
2026-07-23 09:46:54,904 3842457 road_revised.py Completed 32870 of 34374, 95.62%
2026-07-23 09:46:54,905 3842457 road_revised.py Completed 32880 of 34374, 95.65%
2026-07-23 09:46:55,380 3842457 road_revised.py Completed 32890 of 34374, 95.68%
2026-07-23 09:46:55,384 3842457 road_revised.py Completed 32900 of 34374, 95.71%
2026-07-23 09:46:55,387 3842457 road_revised.py RSS checkpoint [iter1_lcp_progress_32900_of_34374]: 23.75 GB
2026-07-23 09:46:55,388 3842457 road_revised.py Completed 32910 of 34374, 95.74%
2026-07-23 09:46:55,395 3842457 road_revised.py Completed 32920 of 34374, 95.77%
2026-07-23 09:46:55,403 3842457 road_revised.py Completed 32930 of 34374, 95.80%
2026-07-23 09:46:55,404 3842457 road_revised.py Completed 32940 of 34374, 95.83%
2026-07-23 09:46:55,416 3842457 road_revised.py Completed 32950 of 34374, 95.86%
2026-07-23 09:46:55,416 3842457 road_revised.py Completed 32960 of 34374, 95.89%
2026-07-23 09:46:55,417 3842457 road_revised.py Completed 32970 of 34374, 95.92%
2026-07-23 09:46:55,422 3842457 road_revised.py Completed 32980 of 34374, 95.94%
2026-07-23 09:46:55,510 3842457 road_revised.py Completed 32990 of 34374, 95.97%
2026-07-23 09:46:55,813 3842457 road_revised.py Completed 33000 of 34374, 96.00%
2026-07-23 09:46:55,813 3842457 road_revised.py RSS checkpoint [iter1_lcp_progress_33000_of_34374]: 23.79 GB
2026-07-23 09:46:55,929 3842457 road_revised.py Completed 33010 of 34374, 96.03%
2026-07-23 09:46:56,214 3842457 road_revised.py Completed 33020 of 34374, 96.06%
2026-07-23 09:46:56,412 3842457 road_revised.py Completed 33030 of 34374, 96.09%
2026-07-23 09:46:56,662 3842457 road_revised.py Completed 33040 of 34374, 96.12%
2026-07-23 09:46:56,921 3842457 road_revised.py Completed 33050 of 34374, 96.15%
2026-07-23 09:46:57,187 3842457 road_revised.py Completed 33060 of 34374, 96.18%
2026-07-23 09:46:57,411 3842457 road_revised.py Completed 33070 of 34374, 96.21%
2026-07-23 09:46:57,646 3842457 road_revised.py Completed 33080 of 34374, 96.24%
2026-07-23 09:46:57,878 3842457 road_revised.py Completed 33090 of 34374, 96.26%
2026-07-23 09:46:58,143 3842457 road_revised.py Completed 33100 of 34374, 96.29%
2026-07-23 09:46:58,143 3842457 road_revised.py RSS checkpoint [iter1_lcp_progress_33100_of_34374]: 23.96 GB
2026-07-23 09:46:58,294 3842457 road_revised.py Completed 33110 of 34374, 96.32%
2026-07-23 09:46:58,556 3842457 road_revised.py Completed 33120 of 34374, 96.35%
2026-07-23 09:46:58,772 3842457 road_revised.py Completed 33130 of 34374, 96.38%
2026-07-23 09:46:58,919 3842457 road_revised.py Completed 33140 of 34374, 96.41%
2026-07-23 09:46:59,175 3842457 road_revised.py Completed 33150 of 34374, 96.44%
2026-07-23 09:46:59,332 3842457 road_revised.py Completed 33160 of 34374, 96.47%
2026-07-23 09:46:59,528 3842457 road_revised.py Completed 33170 of 34374, 96.50%
2026-07-23 09:46:59,655 3842457 road_revised.py Completed 33180 of 34374, 96.53%
2026-07-23 09:46:59,905 3842457 road_revised.py Completed 33190 of 34374, 96.56%
2026-07-23 09:47:00,173 3842457 road_revised.py Completed 33200 of 34374, 96.58%
2026-07-23 09:47:00,174 3842457 road_revised.py RSS checkpoint [iter1_lcp_progress_33200_of_34374]: 23.98 GB
2026-07-23 09:47:00,368 3842457 road_revised.py Completed 33210 of 34374, 96.61%
2026-07-23 09:47:03,964 3842457 road_revised.py Completed 33220 of 34374, 96.64%
2026-07-23 09:47:03,964 3842457 road_revised.py Completed 33230 of 34374, 96.67%
2026-07-23 09:47:04,015 3842457 road_revised.py Completed 33240 of 34374, 96.70%
2026-07-23 09:47:04,016 3842457 road_revised.py Completed 33250 of 34374, 96.73%
2026-07-23 09:47:04,016 3842457 road_revised.py Completed 33260 of 34374, 96.76%
2026-07-23 09:47:04,024 3842457 road_revised.py Completed 33270 of 34374, 96.79%
2026-07-23 09:47:04,025 3842457 road_revised.py Completed 33280 of 34374, 96.82%
2026-07-23 09:47:04,025 3842457 road_revised.py Completed 33290 of 34374, 96.85%
2026-07-23 09:47:04,028 3842457 road_revised.py Completed 33300 of 34374, 96.88%
2026-07-23 09:47:04,041 3842457 road_revised.py RSS checkpoint [iter1_lcp_progress_33300_of_34374]: 23.40 GB
2026-07-23 09:47:04,044 3842457 road_revised.py Completed 33310 of 34374, 96.90%
2026-07-23 09:47:04,129 3842457 road_revised.py Completed 33320 of 34374, 96.93%
2026-07-23 09:47:04,253 3842457 road_revised.py Completed 33330 of 34374, 96.96%
2026-07-23 09:47:04,499 3842457 road_revised.py Completed 33340 of 34374, 96.99%
2026-07-23 09:47:04,747 3842457 road_revised.py Completed 33350 of 34374, 97.02%
2026-07-23 09:47:04,925 3842457 road_revised.py Completed 33360 of 34374, 97.05%
2026-07-23 09:47:05,175 3842457 road_revised.py Completed 33370 of 34374, 97.08%
2026-07-23 09:47:05,460 3842457 road_revised.py Completed 33380 of 34374, 97.11%
2026-07-23 09:47:05,599 3842457 road_revised.py Completed 33390 of 34374, 97.14%
2026-07-23 09:47:05,909 3842457 road_revised.py Completed 33400 of 34374, 97.17%
2026-07-23 09:47:05,910 3842457 road_revised.py RSS checkpoint [iter1_lcp_progress_33400_of_34374]: 23.54 GB
2026-07-23 09:47:06,058 3842457 road_revised.py Completed 33410 of 34374, 97.20%
2026-07-23 09:47:06,300 3842457 road_revised.py Completed 33420 of 34374, 97.22%
2026-07-23 09:47:06,501 3842457 road_revised.py Completed 33430 of 34374, 97.25%
2026-07-23 09:47:06,601 3842457 road_revised.py Completed 33440 of 34374, 97.28%
2026-07-23 09:47:06,876 3842457 road_revised.py Completed 33450 of 34374, 97.31%
2026-07-23 09:47:07,068 3842457 road_revised.py Completed 33460 of 34374, 97.34%
2026-07-23 09:47:07,334 3842457 road_revised.py Completed 33470 of 34374, 97.37%
2026-07-23 09:47:07,527 3842457 road_revised.py Completed 33480 of 34374, 97.40%
2026-07-23 09:47:07,778 3842457 road_revised.py Completed 33490 of 34374, 97.43%
2026-07-23 09:47:07,946 3842457 road_revised.py Completed 33500 of 34374, 97.46%
2026-07-23 09:47:07,946 3842457 road_revised.py RSS checkpoint [iter1_lcp_progress_33500_of_34374]: 23.60 GB
2026-07-23 09:47:08,207 3842457 road_revised.py Completed 33510 of 34374, 97.49%
2026-07-23 09:47:08,407 3842457 road_revised.py Completed 33520 of 34374, 97.52%
2026-07-23 09:47:08,599 3842457 road_revised.py Completed 33530 of 34374, 97.54%
2026-07-23 09:47:08,801 3842457 road_revised.py Completed 33540 of 34374, 97.57%
2026-07-23 09:47:09,077 3842457 road_revised.py Completed 33550 of 34374, 97.60%
2026-07-23 09:47:09,300 3842457 road_revised.py Completed 33560 of 34374, 97.63%
2026-07-23 09:47:09,515 3842457 road_revised.py Completed 33570 of 34374, 97.66%
2026-07-23 09:47:09,715 3842457 road_revised.py Completed 33580 of 34374, 97.69%
2026-07-23 09:47:14,043 3842457 road_revised.py Completed 33590 of 34374, 97.72%
2026-07-23 09:47:14,044 3842457 road_revised.py Completed 33600 of 34374, 97.75%
2026-07-23 09:47:14,046 3842457 road_revised.py RSS checkpoint [iter1_lcp_progress_33600_of_34374]: 24.12 GB
2026-07-23 09:47:14,051 3842457 road_revised.py Completed 33610 of 34374, 97.78%
2026-07-23 09:47:14,051 3842457 road_revised.py Completed 33620 of 34374, 97.81%
2026-07-23 09:47:14,619 3842457 road_revised.py Completed 33630 of 34374, 97.84%
2026-07-23 09:47:14,620 3842457 road_revised.py Completed 33640 of 34374, 97.86%
2026-07-23 09:47:14,621 3842457 road_revised.py Completed 33650 of 34374, 97.89%
2026-07-23 09:47:14,621 3842457 road_revised.py Completed 33660 of 34374, 97.92%
2026-07-23 09:47:14,622 3842457 road_revised.py Completed 33670 of 34374, 97.95%
2026-07-23 09:47:14,622 3842457 road_revised.py Completed 33680 of 34374, 97.98%
2026-07-23 09:47:14,622 3842457 road_revised.py Completed 33690 of 34374, 98.01%
2026-07-23 09:47:14,623 3842457 road_revised.py Completed 33700 of 34374, 98.04%
2026-07-23 09:47:14,625 3842457 road_revised.py RSS checkpoint [iter1_lcp_progress_33700_of_34374]: 23.80 GB
2026-07-23 09:47:14,626 3842457 road_revised.py Completed 33710 of 34374, 98.07%
2026-07-23 09:47:14,631 3842457 road_revised.py Completed 33720 of 34374, 98.10%
2026-07-23 09:47:14,653 3842457 road_revised.py Completed 33730 of 34374, 98.13%
2026-07-23 09:47:14,881 3842457 road_revised.py Completed 33740 of 34374, 98.16%
2026-07-23 09:47:15,065 3842457 road_revised.py Completed 33750 of 34374, 98.18%
2026-07-23 09:47:15,266 3842457 road_revised.py Completed 33760 of 34374, 98.21%
2026-07-23 09:47:15,510 3842457 road_revised.py Completed 33770 of 34374, 98.24%
2026-07-23 09:47:15,708 3842457 road_revised.py Completed 33780 of 34374, 98.27%
2026-07-23 09:47:15,972 3842457 road_revised.py Completed 33790 of 34374, 98.30%
2026-07-23 09:47:16,122 3842457 road_revised.py Completed 33800 of 34374, 98.33%
2026-07-23 09:47:16,122 3842457 road_revised.py RSS checkpoint [iter1_lcp_progress_33800_of_34374]: 23.90 GB
2026-07-23 09:47:16,354 3842457 road_revised.py Completed 33810 of 34374, 98.36%
2026-07-23 09:47:16,574 3842457 road_revised.py Completed 33820 of 34374, 98.39%
2026-07-23 09:47:16,828 3842457 road_revised.py Completed 33830 of 34374, 98.42%
2026-07-23 09:47:17,013 3842457 road_revised.py Completed 33840 of 34374, 98.45%
2026-07-23 09:47:17,237 3842457 road_revised.py Completed 33850 of 34374, 98.48%
2026-07-23 09:47:17,392 3842457 road_revised.py Completed 33860 of 34374, 98.50%
2026-07-23 09:47:17,644 3842457 road_revised.py Completed 33870 of 34374, 98.53%
2026-07-23 09:47:17,759 3842457 road_revised.py Completed 33880 of 34374, 98.56%
2026-07-23 09:47:17,944 3842457 road_revised.py Completed 33890 of 34374, 98.59%
2026-07-23 09:47:18,127 3842457 road_revised.py Completed 33900 of 34374, 98.62%
2026-07-23 09:47:18,127 3842457 road_revised.py RSS checkpoint [iter1_lcp_progress_33900_of_34374]: 23.96 GB
2026-07-23 09:47:18,368 3842457 road_revised.py Completed 33910 of 34374, 98.65%
2026-07-23 09:47:18,617 3842457 road_revised.py Completed 33920 of 34374, 98.68%
2026-07-23 09:47:18,807 3842457 road_revised.py Completed 33930 of 34374, 98.71%
2026-07-23 09:47:19,018 3842457 road_revised.py Completed 33940 of 34374, 98.74%
2026-07-23 09:47:19,175 3842457 road_revised.py Completed 33950 of 34374, 98.77%
2026-07-23 09:47:19,401 3842457 road_revised.py Completed 33960 of 34374, 98.80%
2026-07-23 09:47:19,639 3842457 road_revised.py Completed 33970 of 34374, 98.82%
2026-07-23 09:47:19,748 3842457 road_revised.py Completed 33980 of 34374, 98.85%
2026-07-23 09:47:19,955 3842457 road_revised.py Completed 33990 of 34374, 98.88%
2026-07-23 09:47:20,207 3842457 road_revised.py Completed 34000 of 34374, 98.91%
2026-07-23 09:47:20,234 3842457 road_revised.py RSS checkpoint [iter1_lcp_progress_34000_of_34374]: 24.02 GB
2026-07-23 09:47:20,352 3842457 road_revised.py Completed 34010 of 34374, 98.94%
2026-07-23 09:47:20,519 3842457 road_revised.py Completed 34020 of 34374, 98.97%
2026-07-23 09:47:20,730 3842457 road_revised.py Completed 34030 of 34374, 99.00%
2026-07-23 09:47:20,891 3842457 road_revised.py Completed 34040 of 34374, 99.03%
2026-07-23 09:47:23,969 3842457 road_revised.py Completed 34050 of 34374, 99.06%
2026-07-23 09:47:23,971 3842457 road_revised.py Completed 34060 of 34374, 99.09%
2026-07-23 09:47:23,974 3842457 road_revised.py Completed 34070 of 34374, 99.12%
2026-07-23 09:47:24,025 3842457 road_revised.py Completed 34080 of 34374, 99.14%
2026-07-23 09:47:24,025 3842457 road_revised.py Completed 34090 of 34374, 99.17%
2026-07-23 09:47:24,025 3842457 road_revised.py Completed 34100 of 34374, 99.20%
2026-07-23 09:47:24,030 3842457 road_revised.py RSS checkpoint [iter1_lcp_progress_34100_of_34374]: 23.98 GB
2026-07-23 09:47:24,032 3842457 road_revised.py Completed 34110 of 34374, 99.23%
2026-07-23 09:47:24,033 3842457 road_revised.py Completed 34120 of 34374, 99.26%
2026-07-23 09:47:24,033 3842457 road_revised.py Completed 34130 of 34374, 99.29%
2026-07-23 09:47:24,033 3842457 road_revised.py Completed 34140 of 34374, 99.32%
2026-07-23 09:47:24,164 3842457 road_revised.py Completed 34150 of 34374, 99.35%
2026-07-23 09:47:24,397 3842457 road_revised.py Completed 34160 of 34374, 99.38%
2026-07-23 09:47:24,649 3842457 road_revised.py Completed 34170 of 34374, 99.41%
2026-07-23 09:47:24,834 3842457 road_revised.py Completed 34180 of 34374, 99.44%
2026-07-23 09:47:25,094 3842457 road_revised.py Completed 34190 of 34374, 99.46%
2026-07-23 09:47:25,244 3842457 road_revised.py Completed 34200 of 34374, 99.49%
2026-07-23 09:47:25,244 3842457 road_revised.py RSS checkpoint [iter1_lcp_progress_34200_of_34374]: 23.70 GB
2026-07-23 09:47:25,406 3842457 road_revised.py Completed 34210 of 34374, 99.52%
2026-07-23 09:47:25,602 3842457 road_revised.py Completed 34220 of 34374, 99.55%
2026-07-23 09:47:25,831 3842457 road_revised.py Completed 34230 of 34374, 99.58%
2026-07-23 09:47:26,022 3842457 road_revised.py Completed 34240 of 34374, 99.61%
2026-07-23 09:47:26,199 3842457 road_revised.py Completed 34250 of 34374, 99.64%
2026-07-23 09:47:26,438 3842457 road_revised.py Completed 34260 of 34374, 99.67%
2026-07-23 09:47:26,654 3842457 road_revised.py Completed 34270 of 34374, 99.70%
2026-07-23 09:47:26,861 3842457 road_revised.py Completed 34280 of 34374, 99.73%
2026-07-23 09:47:27,102 3842457 road_revised.py Completed 34290 of 34374, 99.76%
2026-07-23 09:47:27,330 3842457 road_revised.py Completed 34300 of 34374, 99.78%
2026-07-23 09:47:27,330 3842457 road_revised.py RSS checkpoint [iter1_lcp_progress_34300_of_34374]: 23.77 GB
2026-07-23 09:47:27,504 3842457 road_revised.py Completed 34310 of 34374, 99.81%
2026-07-23 09:47:27,673 3842457 road_revised.py Completed 34320 of 34374, 99.84%
2026-07-23 09:47:27,870 3842457 road_revised.py Completed 34330 of 34374, 99.87%
2026-07-23 09:47:28,078 3842457 road_revised.py Completed 34340 of 34374, 99.90%
2026-07-23 09:47:28,316 3842457 road_revised.py Completed 34350 of 34374, 99.93%
2026-07-23 09:47:28,527 3842457 road_revised.py Completed 34360 of 34374, 99.96%
2026-07-23 09:47:28,697 3842457 road_revised.py Completed 34370 of 34374, 99.99%
2026-07-23 09:47:28,764 3842457 road_revised.py Completed 34374 of 34374, 100.00%
2026-07-23 09:47:28,764 3842457 road_revised.py RSS checkpoint [iter1_lcp_progress_34374_of_34374]: 23.78 GB
2026-07-23 09:47:28,764 3842457 road_revised.py Pool dispatch (imap_unordered consumption) time: 1165.903 seconds (chunksize=1).
2026-07-23 09:47:28,856 3842457 road_revised.py The least-cost path flow allocation time: 1166.291494846344.
2026-07-23 09:47:28,856 3842457 road_revised.py RSS checkpoint [iter1_lcp_pool_done]: 23.78 GB
2026-07-23 09:47:31,674 3842457 road_revised.py Non_allocated_flow: 78000076.47654185
2026-07-23 09:47:32,227 3842457 road_revised.py Assigning stable od_id values 0 to 9684056 for 9684057 path rows.
2026-07-23 09:51:06,234 3842457 road_revised.py od_id assignment phase: 214.01 seconds
2026-07-23 09:51:06,242 3842457 road_revised.py RSS checkpoint [iter1_before_itter_path]: 33.54 GB
2026-07-23 09:51:06,242 3842457 road_revised.py Create temp_flow_matrix table in duckdb...
2026-07-23 09:51:06,291 3842457 road_revised.py Processing 9684057 OD path rows in chunks of 484203 rows.
2026-07-23 09:51:07,361 3842457 road_revised.py Aggregating path costs and edge totals in chunked DuckDB compact mode...
DuckDB compact pass 1::   0%|          | 0/20 [00:00<?, ?chunk/s]DuckDB compact pass 1::   0%|          | 0/20 [01:39<?, ?chunk/s]
Traceback (most recent call last):
  File "/scratch/akothaw/multimodal_hazard_data/code/ResiFlow/scripts/1_network_flow_model_revision.py", line 332, in <module>
    main(int(num_of_chunk), int(num_of_cpu), sample_stride)
  File "/scratch/akothaw/multimodal_hazard_data/code/ResiFlow/scripts/1_network_flow_model_revision.py", line 238, in main
    ) = func.network_flow_model(
        ^^^^^^^^^^^^^^^^^^^^^^^^
  File "/scratch/akothaw/multimodal_hazard_data/code/ResiFlow/src/resiflow/road_revised.py", line 3313, in network_flow_model
    itter_path(
  File "/scratch/akothaw/multimodal_hazard_data/code/ResiFlow/src/resiflow/road_revised.py", line 1951, in itter_path
    conn.execute(
_duckdb.OutOfMemoryException: Out of Memory Error: failed to allocate data of size 32.0 KiB (93.1 GiB/93.1 GiB used)

Possible solutions:
* Reducing the number of threads (SET threads=X)
* Disabling insertion-order preservation (SET preserve_insertion_order=false)
* Increasing the memory limit (SET memory_limit='...GB')

See also https://duckdb.org/docs/stable/guides/performance/how_to_tune_workloads
