2026-07-23 05:58:10,662 3798683 1_network_flow_model_revision.py Database path is: /scratch/akothaw/multimodal_hazard_data/opt_chunk40_cpu8.duckdb
2026-07-23 05:58:10,674 3798683 1_network_flow_model_revision.py {'freeway': 2400.0, 'arterial': 2200.0, 'collector': 1700.0, 'local_access': 1000.0}
2026-07-23 05:58:19,110 3798683 1_network_flow_model_revision.py Assignment demand (faf5_parquet): freight=1735334.699 passenger=147181931.000 total=148917265.699
2026-07-23 05:58:29,079 3798683 1_network_flow_model_revision.py 
         origin_node  destination_node        Car21
0             100024            100024  2689.965855
1             100024            100123     0.001053
2             100024            100130     0.014766
3             100024            100178     0.000828
4             100024            100481     0.009938
...              ...               ...          ...
9780699        99961             99757     0.001568
9780700        99961             99789     0.003307
9780701        99961             99844     0.011416
9780702        99961             99948     0.005834
9780703        99961             99961  4935.606654

[9780704 rows x 3 columns]
2026-07-23 05:58:29,079 3798683 1_network_flow_model_revision.py OD totals (Car21): rows=9,780,704, total=148,917,265.699, self_pair_flow=77,784,890.780, duplicate_pairs=0
2026-07-23 05:58:29,079 3798683 1_network_flow_model_revision.py Generate road links
2026-07-23 05:58:29,857 3798683 1_network_flow_model_revision.py Create igraph network
2026-07-23 05:58:31,769 3798683 1_network_flow_model_revision.py Direct output controls: direct_duckdb_outputs=True, path_strategy=duckdb_chunked_compact, baseline_path_output_mode=full_odpfc, odpfc_output_mode=duckdb_table, combine_odpfc_parts=default
2026-07-23 05:58:31,769 3798683 1_network_flow_model_revision.py Run simulation
2026-07-23 05:58:31,826 3798683 road_revised.py The initial supply is 148917265.69904837
2026-07-23 05:58:32,134 3798683 road_revised.py The initial number of edges in the network: 483442
2026-07-23 05:58:32,175 3798683 road_revised.py The initial number of origins: 3143
2026-07-23 05:58:32,213 3798683 road_revised.py The initial number of destinations: 3143
2026-07-23 05:58:32,257 3798683 road_revised.py Iteration controls: max_iterations=1, min_progress_rel=1e-06, stagnant_limit=3, remain_assign_mode=full
2026-07-23 05:58:32,257 3798683 road_revised.py OD path output controls: path_strategy=duckdb_chunked_compact, odpfc_output_mode=duckdb_table, combine_odpfc_parts=True, odpfc_parts_dir=None, baseline_path_output_mode=full_odpfc, combine_event_candidate_parts=False, damaged_edges_path=None, create_full_temp_flow_matrix=True
2026-07-23 05:58:33,523 3798683 road_revised.py No.1 iteration starts:
2026-07-23 05:58:33,559 3798683 road_revised.py RSS checkpoint [iter1_start]: 2.85 GB
2026-07-23 05:58:33,729 3798683 road_revised.py Initial isolated flows: 0.0
2026-07-23 05:58:34,308 3798683 road_revised.py Network pickle time for worker init: 0.579 seconds.
Creating argument list:   0%|          | 0/3143 [00:00<?, ?it/s]Creating argument list:  10%|▉         | 302/3143 [00:00<00:01, 2738.45it/s]Creating argument list:  21%|██        | 658/3143 [00:00<00:00, 3199.28it/s]Creating argument list:  32%|███▏      | 1002/3143 [00:00<00:00, 3245.20it/s]Creating argument list:  43%|████▎     | 1362/3143 [00:00<00:00, 3380.02it/s]Creating argument list:  54%|█████▍    | 1701/3143 [00:00<00:00, 3362.18it/s]Creating argument list:  65%|██████▍   | 2038/3143 [00:00<00:00, 3349.14it/s]Creating argument list:  76%|███████▋  | 2402/3143 [00:00<00:00, 3379.08it/s]Creating argument list:  88%|████████▊ | 2771/3143 [00:00<00:00, 3473.35it/s]Creating argument list:  99%|█████████▉| 3119/3143 [00:01<00:00, 2644.51it/s]Creating argument list: 100%|██████████| 3143/3143 [00:01<00:00, 3045.07it/s]
2026-07-23 05:58:36,288 3798683 road_revised.py Chunked LCP dispatch: 3143 origin-tasks split into 34374 tasks (dest_chunk_size=300).
2026-07-23 05:58:36,645 3798683 road_revised.py RSS checkpoint [iter1_args_built]: 3.87 GB
2026-07-23 05:58:36,649 3798683 road_revised.py Flow DB insert batch size: 50,000
2026-07-23 05:58:36,928 3798683 road_revised.py Pool construction (spawn+initializer) time: 0.278 seconds (num_of_cpu=8).
2026-07-23 05:58:37,371 3798683 road_revised.py Completed 1 of 34374, 0.00%
2026-07-23 05:58:37,371 3798683 road_revised.py RSS checkpoint [iter1_lcp_progress_1_of_34374]: 3.59 GB
2026-07-23 05:58:37,620 3798683 road_revised.py Completed 10 of 34374, 0.03%
2026-07-23 05:58:37,912 3798683 road_revised.py Completed 20 of 34374, 0.06%
2026-07-23 05:58:37,912 3798683 road_revised.py RSS checkpoint [iter1_lcp_progress_20_of_34374]: 3.74 GB
2026-07-23 05:58:38,154 3798683 road_revised.py Completed 30 of 34374, 0.09%
2026-07-23 05:58:38,495 3798683 road_revised.py Completed 40 of 34374, 0.12%
2026-07-23 05:58:38,502 3798683 road_revised.py RSS checkpoint [iter1_lcp_progress_40_of_34374]: 3.91 GB
2026-07-23 05:58:38,733 3798683 road_revised.py Completed 50 of 34374, 0.15%
2026-07-23 05:58:38,984 3798683 road_revised.py Completed 60 of 34374, 0.17%
2026-07-23 05:58:38,984 3798683 road_revised.py RSS checkpoint [iter1_lcp_progress_60_of_34374]: 4.08 GB
2026-07-23 05:58:39,272 3798683 road_revised.py Completed 70 of 34374, 0.20%
2026-07-23 05:58:39,535 3798683 road_revised.py Completed 80 of 34374, 0.23%
2026-07-23 05:58:39,535 3798683 road_revised.py RSS checkpoint [iter1_lcp_progress_80_of_34374]: 4.25 GB
2026-07-23 05:58:39,855 3798683 road_revised.py Completed 90 of 34374, 0.26%
2026-07-23 05:58:40,096 3798683 road_revised.py Completed 100 of 34374, 0.29%
2026-07-23 05:58:40,096 3798683 road_revised.py RSS checkpoint [iter1_lcp_progress_100_of_34374]: 4.38 GB
2026-07-23 05:58:40,407 3798683 road_revised.py Completed 110 of 34374, 0.32%
2026-07-23 05:58:40,666 3798683 road_revised.py Completed 120 of 34374, 0.35%
2026-07-23 05:58:40,666 3798683 road_revised.py RSS checkpoint [iter1_lcp_progress_120_of_34374]: 4.58 GB
2026-07-23 05:58:41,003 3798683 road_revised.py Completed 130 of 34374, 0.38%
2026-07-23 05:58:41,272 3798683 road_revised.py Completed 140 of 34374, 0.41%
2026-07-23 05:58:41,272 3798683 road_revised.py RSS checkpoint [iter1_lcp_progress_140_of_34374]: 4.74 GB
2026-07-23 05:58:41,546 3798683 road_revised.py Completed 150 of 34374, 0.44%
2026-07-23 05:58:41,804 3798683 road_revised.py Completed 160 of 34374, 0.47%
2026-07-23 05:58:41,804 3798683 road_revised.py RSS checkpoint [iter1_lcp_progress_160_of_34374]: 4.87 GB
2026-07-23 05:58:44,262 3798683 road_revised.py Completed 170 of 34374, 0.49%
2026-07-23 05:58:44,269 3798683 road_revised.py Completed 180 of 34374, 0.52%
2026-07-23 05:58:44,269 3798683 road_revised.py RSS checkpoint [iter1_lcp_progress_180_of_34374]: 4.56 GB
2026-07-23 05:58:44,270 3798683 road_revised.py Completed 190 of 34374, 0.55%
2026-07-23 05:58:44,276 3798683 road_revised.py Completed 200 of 34374, 0.58%
2026-07-23 05:58:44,286 3798683 road_revised.py RSS checkpoint [iter1_lcp_progress_200_of_34374]: 4.56 GB
2026-07-23 05:58:44,299 3798683 road_revised.py Completed 210 of 34374, 0.61%
2026-07-23 05:58:44,304 3798683 road_revised.py Completed 220 of 34374, 0.64%
2026-07-23 05:58:44,314 3798683 road_revised.py RSS checkpoint [iter1_lcp_progress_220_of_34374]: 4.56 GB
2026-07-23 05:58:44,487 3798683 road_revised.py Completed 230 of 34374, 0.67%
2026-07-23 05:58:44,675 3798683 road_revised.py Completed 240 of 34374, 0.70%
2026-07-23 05:58:44,676 3798683 road_revised.py RSS checkpoint [iter1_lcp_progress_240_of_34374]: 4.34 GB
2026-07-23 05:58:44,992 3798683 road_revised.py Completed 250 of 34374, 0.73%
2026-07-23 05:58:45,236 3798683 road_revised.py Completed 260 of 34374, 0.76%
2026-07-23 05:58:45,237 3798683 road_revised.py RSS checkpoint [iter1_lcp_progress_260_of_34374]: 4.50 GB
2026-07-23 05:58:45,508 3798683 road_revised.py Completed 270 of 34374, 0.79%
2026-07-23 05:58:45,741 3798683 road_revised.py Completed 280 of 34374, 0.81%
2026-07-23 05:58:45,742 3798683 road_revised.py RSS checkpoint [iter1_lcp_progress_280_of_34374]: 4.65 GB
2026-07-23 05:58:46,011 3798683 road_revised.py Completed 290 of 34374, 0.84%
2026-07-23 05:58:46,311 3798683 road_revised.py Completed 300 of 34374, 0.87%
2026-07-23 05:58:46,311 3798683 road_revised.py RSS checkpoint [iter1_lcp_progress_300_of_34374]: 4.89 GB
2026-07-23 05:58:46,603 3798683 road_revised.py Completed 310 of 34374, 0.90%
2026-07-23 05:58:47,323 3798683 road_revised.py Completed 320 of 34374, 0.93%
2026-07-23 05:58:47,323 3798683 road_revised.py RSS checkpoint [iter1_lcp_progress_320_of_34374]: 5.06 GB
2026-07-23 05:58:47,685 3798683 road_revised.py Completed 330 of 34374, 0.96%
2026-07-23 05:58:51,199 3798683 road_revised.py Completed 340 of 34374, 0.99%
2026-07-23 05:58:51,217 3798683 road_revised.py RSS checkpoint [iter1_lcp_progress_340_of_34374]: 5.23 GB
2026-07-23 05:58:51,255 3798683 road_revised.py Completed 350 of 34374, 1.02%
2026-07-23 05:58:51,256 3798683 road_revised.py Completed 360 of 34374, 1.05%
2026-07-23 05:58:51,263 3798683 road_revised.py RSS checkpoint [iter1_lcp_progress_360_of_34374]: 5.23 GB
2026-07-23 05:58:51,265 3798683 road_revised.py Completed 370 of 34374, 1.08%
2026-07-23 05:58:51,269 3798683 road_revised.py Completed 380 of 34374, 1.11%
2026-07-23 05:58:51,277 3798683 road_revised.py RSS checkpoint [iter1_lcp_progress_380_of_34374]: 5.23 GB
2026-07-23 05:58:51,282 3798683 road_revised.py Completed 390 of 34374, 1.13%
2026-07-23 05:58:51,283 3798683 road_revised.py Completed 400 of 34374, 1.16%
2026-07-23 05:58:51,295 3798683 road_revised.py RSS checkpoint [iter1_lcp_progress_400_of_34374]: 5.23 GB
2026-07-23 05:58:51,304 3798683 road_revised.py Completed 410 of 34374, 1.19%
2026-07-23 05:58:51,304 3798683 road_revised.py Completed 420 of 34374, 1.22%
2026-07-23 05:58:51,305 3798683 road_revised.py RSS checkpoint [iter1_lcp_progress_420_of_34374]: 5.23 GB
2026-07-23 05:58:51,530 3798683 road_revised.py Completed 430 of 34374, 1.25%
2026-07-23 05:58:51,790 3798683 road_revised.py Completed 440 of 34374, 1.28%
2026-07-23 05:58:51,790 3798683 road_revised.py RSS checkpoint [iter1_lcp_progress_440_of_34374]: 5.01 GB
2026-07-23 05:58:52,048 3798683 road_revised.py Completed 450 of 34374, 1.31%
2026-07-23 05:58:52,372 3798683 road_revised.py Completed 460 of 34374, 1.34%
2026-07-23 05:58:52,372 3798683 road_revised.py RSS checkpoint [iter1_lcp_progress_460_of_34374]: 5.14 GB
2026-07-23 05:58:52,683 3798683 road_revised.py Completed 470 of 34374, 1.37%
2026-07-23 05:58:52,934 3798683 road_revised.py Completed 480 of 34374, 1.40%
2026-07-23 05:58:52,936 3798683 road_revised.py RSS checkpoint [iter1_lcp_progress_480_of_34374]: 5.28 GB
2026-07-23 05:58:53,248 3798683 road_revised.py Completed 490 of 34374, 1.43%
2026-07-23 05:58:53,537 3798683 road_revised.py Completed 500 of 34374, 1.45%
2026-07-23 05:58:53,537 3798683 road_revised.py RSS checkpoint [iter1_lcp_progress_500_of_34374]: 5.46 GB
2026-07-23 05:58:56,261 3798683 road_revised.py Completed 510 of 34374, 1.48%
2026-07-23 05:58:56,289 3798683 road_revised.py Completed 520 of 34374, 1.51%
2026-07-23 05:58:56,290 3798683 road_revised.py Completed 530 of 34374, 1.54%
2026-07-23 05:58:56,291 3798683 road_revised.py Completed 540 of 34374, 1.57%
2026-07-23 05:58:56,298 3798683 road_revised.py Completed 550 of 34374, 1.60%
2026-07-23 05:58:56,299 3798683 road_revised.py Completed 560 of 34374, 1.63%
2026-07-23 05:58:56,318 3798683 road_revised.py Completed 570 of 34374, 1.66%
2026-07-23 05:58:56,564 3798683 road_revised.py Completed 580 of 34374, 1.69%
2026-07-23 05:58:56,929 3798683 road_revised.py Completed 590 of 34374, 1.72%
2026-07-23 05:58:57,193 3798683 road_revised.py Completed 600 of 34374, 1.75%
2026-07-23 05:58:57,194 3798683 road_revised.py RSS checkpoint [iter1_lcp_progress_600_of_34374]: 4.83 GB
2026-07-23 05:58:57,451 3798683 road_revised.py Completed 610 of 34374, 1.77%
2026-07-23 05:58:57,689 3798683 road_revised.py Completed 620 of 34374, 1.80%
2026-07-23 05:58:57,978 3798683 road_revised.py Completed 630 of 34374, 1.83%
2026-07-23 05:58:58,230 3798683 road_revised.py Completed 640 of 34374, 1.86%
2026-07-23 05:58:58,488 3798683 road_revised.py Completed 650 of 34374, 1.89%
2026-07-23 05:58:59,213 3798683 road_revised.py Completed 660 of 34374, 1.92%
2026-07-23 05:58:59,495 3798683 road_revised.py Completed 670 of 34374, 1.95%
2026-07-23 05:59:02,714 3798683 road_revised.py Completed 680 of 34374, 1.98%
2026-07-23 05:59:02,715 3798683 road_revised.py Completed 690 of 34374, 2.01%
2026-07-23 05:59:02,716 3798683 road_revised.py Completed 700 of 34374, 2.04%
2026-07-23 05:59:02,727 3798683 road_revised.py RSS checkpoint [iter1_lcp_progress_700_of_34374]: 5.43 GB
2026-07-23 05:59:02,731 3798683 road_revised.py Completed 710 of 34374, 2.07%
2026-07-23 05:59:02,732 3798683 road_revised.py Completed 720 of 34374, 2.09%
2026-07-23 05:59:02,733 3798683 road_revised.py Completed 730 of 34374, 2.12%
2026-07-23 05:59:02,751 3798683 road_revised.py Completed 740 of 34374, 2.15%
2026-07-23 05:59:02,752 3798683 road_revised.py Completed 750 of 34374, 2.18%
2026-07-23 05:59:02,943 3798683 road_revised.py Completed 760 of 34374, 2.21%
2026-07-23 05:59:03,204 3798683 road_revised.py Completed 770 of 34374, 2.24%
2026-07-23 05:59:03,456 3798683 road_revised.py Completed 780 of 34374, 2.27%
2026-07-23 05:59:03,704 3798683 road_revised.py Completed 790 of 34374, 2.30%
2026-07-23 05:59:04,009 3798683 road_revised.py Completed 800 of 34374, 2.33%
2026-07-23 05:59:04,009 3798683 road_revised.py RSS checkpoint [iter1_lcp_progress_800_of_34374]: 5.44 GB
2026-07-23 05:59:04,256 3798683 road_revised.py Completed 810 of 34374, 2.36%
2026-07-23 05:59:04,573 3798683 road_revised.py Completed 820 of 34374, 2.39%
2026-07-23 05:59:04,891 3798683 road_revised.py Completed 830 of 34374, 2.41%
2026-07-23 05:59:08,069 3798683 road_revised.py Completed 840 of 34374, 2.44%
2026-07-23 05:59:08,075 3798683 road_revised.py Completed 850 of 34374, 2.47%
2026-07-23 05:59:08,081 3798683 road_revised.py Completed 860 of 34374, 2.50%
2026-07-23 05:59:08,082 3798683 road_revised.py Completed 870 of 34374, 2.53%
2026-07-23 05:59:08,093 3798683 road_revised.py Completed 880 of 34374, 2.56%
2026-07-23 05:59:08,099 3798683 road_revised.py Completed 890 of 34374, 2.59%
2026-07-23 05:59:08,101 3798683 road_revised.py Completed 900 of 34374, 2.62%
2026-07-23 05:59:08,103 3798683 road_revised.py RSS checkpoint [iter1_lcp_progress_900_of_34374]: 5.78 GB
2026-07-23 05:59:08,219 3798683 road_revised.py Completed 910 of 34374, 2.65%
2026-07-23 05:59:08,535 3798683 road_revised.py Completed 920 of 34374, 2.68%
2026-07-23 05:59:08,777 3798683 road_revised.py Completed 930 of 34374, 2.71%
2026-07-23 05:59:09,093 3798683 road_revised.py Completed 940 of 34374, 2.73%
2026-07-23 05:59:09,394 3798683 road_revised.py Completed 950 of 34374, 2.76%
2026-07-23 05:59:09,661 3798683 road_revised.py Completed 960 of 34374, 2.79%
2026-07-23 05:59:09,931 3798683 road_revised.py Completed 970 of 34374, 2.82%
2026-07-23 05:59:10,183 3798683 road_revised.py Completed 980 of 34374, 2.85%
2026-07-23 05:59:10,478 3798683 road_revised.py Completed 990 of 34374, 2.88%
2026-07-23 05:59:10,733 3798683 road_revised.py Completed 1000 of 34374, 2.91%
2026-07-23 05:59:10,733 3798683 road_revised.py RSS checkpoint [iter1_lcp_progress_1000_of_34374]: 5.74 GB
2026-07-23 05:59:15,028 3798683 road_revised.py Completed 1010 of 34374, 2.94%
2026-07-23 05:59:15,041 3798683 road_revised.py Completed 1020 of 34374, 2.97%
2026-07-23 05:59:15,071 3798683 road_revised.py Completed 1030 of 34374, 3.00%
2026-07-23 05:59:15,073 3798683 road_revised.py Completed 1040 of 34374, 3.03%
2026-07-23 05:59:15,074 3798683 road_revised.py Completed 1050 of 34374, 3.05%
2026-07-23 05:59:15,080 3798683 road_revised.py Completed 1060 of 34374, 3.08%
2026-07-23 05:59:15,080 3798683 road_revised.py Completed 1070 of 34374, 3.11%
2026-07-23 05:59:15,081 3798683 road_revised.py Completed 1080 of 34374, 3.14%
2026-07-23 05:59:15,083 3798683 road_revised.py Completed 1090 of 34374, 3.17%
2026-07-23 05:59:15,092 3798683 road_revised.py Completed 1100 of 34374, 3.20%
2026-07-23 05:59:15,099 3798683 road_revised.py RSS checkpoint [iter1_lcp_progress_1100_of_34374]: 6.08 GB
2026-07-23 05:59:15,383 3798683 road_revised.py Completed 1110 of 34374, 3.23%
2026-07-23 05:59:15,729 3798683 road_revised.py Completed 1120 of 34374, 3.26%
2026-07-23 05:59:16,024 3798683 road_revised.py Completed 1130 of 34374, 3.29%
2026-07-23 05:59:16,251 3798683 road_revised.py Completed 1140 of 34374, 3.32%
2026-07-23 05:59:16,518 3798683 road_revised.py Completed 1150 of 34374, 3.35%
2026-07-23 05:59:16,846 3798683 road_revised.py Completed 1160 of 34374, 3.37%
2026-07-23 05:59:17,080 3798683 road_revised.py Completed 1170 of 34374, 3.40%
2026-07-23 05:59:19,945 3798683 road_revised.py Completed 1180 of 34374, 3.43%
2026-07-23 05:59:20,012 3798683 road_revised.py Completed 1190 of 34374, 3.46%
2026-07-23 05:59:20,013 3798683 road_revised.py Completed 1200 of 34374, 3.49%
2026-07-23 05:59:20,018 3798683 road_revised.py RSS checkpoint [iter1_lcp_progress_1200_of_34374]: 6.12 GB
2026-07-23 05:59:20,025 3798683 road_revised.py Completed 1210 of 34374, 3.52%
2026-07-23 05:59:20,026 3798683 road_revised.py Completed 1220 of 34374, 3.55%
2026-07-23 05:59:20,030 3798683 road_revised.py Completed 1230 of 34374, 3.58%
2026-07-23 05:59:20,232 3798683 road_revised.py Completed 1240 of 34374, 3.61%
2026-07-23 05:59:20,503 3798683 road_revised.py Completed 1250 of 34374, 3.64%
2026-07-23 05:59:20,740 3798683 road_revised.py Completed 1260 of 34374, 3.67%
2026-07-23 05:59:21,068 3798683 road_revised.py Completed 1270 of 34374, 3.69%
2026-07-23 05:59:21,345 3798683 road_revised.py Completed 1280 of 34374, 3.72%
2026-07-23 05:59:21,585 3798683 road_revised.py Completed 1290 of 34374, 3.75%
2026-07-23 05:59:21,828 3798683 road_revised.py Completed 1300 of 34374, 3.78%
2026-07-23 05:59:21,828 3798683 road_revised.py RSS checkpoint [iter1_lcp_progress_1300_of_34374]: 5.94 GB
2026-07-23 05:59:22,111 3798683 road_revised.py Completed 1310 of 34374, 3.81%
2026-07-23 05:59:22,339 3798683 road_revised.py Completed 1320 of 34374, 3.84%
2026-07-23 05:59:22,651 3798683 road_revised.py Completed 1330 of 34374, 3.87%
2026-07-23 05:59:22,930 3798683 road_revised.py Completed 1340 of 34374, 3.90%
2026-07-23 05:59:26,692 3798683 road_revised.py Completed 1350 of 34374, 3.93%
2026-07-23 05:59:26,693 3798683 road_revised.py Completed 1360 of 34374, 3.96%
2026-07-23 05:59:26,698 3798683 road_revised.py Completed 1370 of 34374, 3.99%
2026-07-23 05:59:26,704 3798683 road_revised.py Completed 1380 of 34374, 4.01%
2026-07-23 05:59:26,705 3798683 road_revised.py Completed 1390 of 34374, 4.04%
2026-07-23 05:59:26,712 3798683 road_revised.py Completed 1400 of 34374, 4.07%
2026-07-23 05:59:26,729 3798683 road_revised.py RSS checkpoint [iter1_lcp_progress_1400_of_34374]: 6.13 GB
2026-07-23 05:59:26,731 3798683 road_revised.py Completed 1410 of 34374, 4.10%
2026-07-23 05:59:26,861 3798683 road_revised.py Completed 1420 of 34374, 4.13%
2026-07-23 05:59:27,173 3798683 road_revised.py Completed 1430 of 34374, 4.16%
2026-07-23 05:59:27,421 3798683 road_revised.py Completed 1440 of 34374, 4.19%
2026-07-23 05:59:27,691 3798683 road_revised.py Completed 1450 of 34374, 4.22%
2026-07-23 05:59:27,996 3798683 road_revised.py Completed 1460 of 34374, 4.25%
2026-07-23 05:59:28,267 3798683 road_revised.py Completed 1470 of 34374, 4.28%
2026-07-23 05:59:28,518 3798683 road_revised.py Completed 1480 of 34374, 4.31%
2026-07-23 05:59:28,787 3798683 road_revised.py Completed 1490 of 34374, 4.33%
2026-07-23 05:59:29,084 3798683 road_revised.py Completed 1500 of 34374, 4.36%
2026-07-23 05:59:29,085 3798683 road_revised.py RSS checkpoint [iter1_lcp_progress_1500_of_34374]: 5.97 GB
2026-07-23 05:59:31,343 3798683 road_revised.py Completed 1510 of 34374, 4.39%
2026-07-23 05:59:31,347 3798683 road_revised.py Completed 1520 of 34374, 4.42%
2026-07-23 05:59:31,348 3798683 road_revised.py Completed 1530 of 34374, 4.45%
2026-07-23 05:59:31,353 3798683 road_revised.py Completed 1540 of 34374, 4.48%
2026-07-23 05:59:31,362 3798683 road_revised.py Completed 1550 of 34374, 4.51%
2026-07-23 05:59:31,363 3798683 road_revised.py Completed 1560 of 34374, 4.54%
2026-07-23 05:59:31,425 3798683 road_revised.py Completed 1570 of 34374, 4.57%
2026-07-23 05:59:31,713 3798683 road_revised.py Completed 1580 of 34374, 4.60%
2026-07-23 05:59:31,991 3798683 road_revised.py Completed 1590 of 34374, 4.63%
2026-07-23 05:59:32,240 3798683 road_revised.py Completed 1600 of 34374, 4.65%
2026-07-23 05:59:32,244 3798683 road_revised.py RSS checkpoint [iter1_lcp_progress_1600_of_34374]: 5.57 GB
2026-07-23 05:59:32,514 3798683 road_revised.py Completed 1610 of 34374, 4.68%
2026-07-23 05:59:32,736 3798683 road_revised.py Completed 1620 of 34374, 4.71%
2026-07-23 05:59:32,989 3798683 road_revised.py Completed 1630 of 34374, 4.74%
2026-07-23 05:59:33,256 3798683 road_revised.py Completed 1640 of 34374, 4.77%
2026-07-23 05:59:33,501 3798683 road_revised.py Completed 1650 of 34374, 4.80%
2026-07-23 05:59:33,753 3798683 road_revised.py Completed 1660 of 34374, 4.83%
2026-07-23 05:59:34,029 3798683 road_revised.py Completed 1670 of 34374, 4.86%
2026-07-23 05:59:37,193 3798683 road_revised.py Completed 1680 of 34374, 4.89%
2026-07-23 05:59:37,196 3798683 road_revised.py Completed 1690 of 34374, 4.92%
2026-07-23 05:59:37,197 3798683 road_revised.py Completed 1700 of 34374, 4.95%
2026-07-23 05:59:37,208 3798683 road_revised.py RSS checkpoint [iter1_lcp_progress_1700_of_34374]: 6.44 GB
2026-07-23 05:59:37,233 3798683 road_revised.py Completed 1710 of 34374, 4.97%
2026-07-23 05:59:37,240 3798683 road_revised.py Completed 1720 of 34374, 5.00%
2026-07-23 05:59:37,242 3798683 road_revised.py Completed 1730 of 34374, 5.03%
2026-07-23 05:59:37,684 3798683 road_revised.py Completed 1740 of 34374, 5.06%
2026-07-23 05:59:37,685 3798683 road_revised.py Completed 1750 of 34374, 5.09%
2026-07-23 05:59:37,949 3798683 road_revised.py Completed 1760 of 34374, 5.12%
2026-07-23 05:59:38,220 3798683 road_revised.py Completed 1770 of 34374, 5.15%
2026-07-23 05:59:38,537 3798683 road_revised.py Completed 1780 of 34374, 5.18%
2026-07-23 05:59:38,820 3798683 road_revised.py Completed 1790 of 34374, 5.21%
2026-07-23 05:59:39,111 3798683 road_revised.py Completed 1800 of 34374, 5.24%
2026-07-23 05:59:39,111 3798683 road_revised.py RSS checkpoint [iter1_lcp_progress_1800_of_34374]: 6.36 GB
2026-07-23 05:59:39,480 3798683 road_revised.py Completed 1810 of 34374, 5.27%
2026-07-23 05:59:39,676 3798683 road_revised.py Completed 1820 of 34374, 5.29%
2026-07-23 05:59:39,952 3798683 road_revised.py Completed 1830 of 34374, 5.32%
2026-07-23 05:59:40,260 3798683 road_revised.py Completed 1840 of 34374, 5.35%
2026-07-23 05:59:43,452 3798683 road_revised.py Completed 1850 of 34374, 5.38%
2026-07-23 05:59:43,487 3798683 road_revised.py Completed 1860 of 34374, 5.41%
2026-07-23 05:59:43,487 3798683 road_revised.py Completed 1870 of 34374, 5.44%
2026-07-23 05:59:43,488 3798683 road_revised.py Completed 1880 of 34374, 5.47%
2026-07-23 05:59:43,494 3798683 road_revised.py Completed 1890 of 34374, 5.50%
2026-07-23 05:59:43,495 3798683 road_revised.py Completed 1900 of 34374, 5.53%
2026-07-23 05:59:43,506 3798683 road_revised.py RSS checkpoint [iter1_lcp_progress_1900_of_34374]: 6.31 GB
2026-07-23 05:59:43,516 3798683 road_revised.py Completed 1910 of 34374, 5.56%
2026-07-23 05:59:43,590 3798683 road_revised.py Completed 1920 of 34374, 5.59%
2026-07-23 05:59:43,850 3798683 road_revised.py Completed 1930 of 34374, 5.61%
2026-07-23 05:59:44,097 3798683 road_revised.py Completed 1940 of 34374, 5.64%
2026-07-23 05:59:44,352 3798683 road_revised.py Completed 1950 of 34374, 5.67%
2026-07-23 05:59:44,619 3798683 road_revised.py Completed 1960 of 34374, 5.70%
2026-07-23 05:59:44,897 3798683 road_revised.py Completed 1970 of 34374, 5.73%
2026-07-23 05:59:45,128 3798683 road_revised.py Completed 1980 of 34374, 5.76%
2026-07-23 05:59:45,396 3798683 road_revised.py Completed 1990 of 34374, 5.79%
2026-07-23 05:59:45,653 3798683 road_revised.py Completed 2000 of 34374, 5.82%
2026-07-23 05:59:45,653 3798683 road_revised.py RSS checkpoint [iter1_lcp_progress_2000_of_34374]: 6.10 GB
2026-07-23 05:59:45,900 3798683 road_revised.py Completed 2010 of 34374, 5.85%
2026-07-23 05:59:49,378 3798683 road_revised.py Completed 2020 of 34374, 5.88%
2026-07-23 05:59:49,382 3798683 road_revised.py Completed 2030 of 34374, 5.91%
2026-07-23 05:59:49,383 3798683 road_revised.py Completed 2040 of 34374, 5.93%
2026-07-23 05:59:49,866 3798683 road_revised.py Completed 2050 of 34374, 5.96%
2026-07-23 05:59:49,870 3798683 road_revised.py Completed 2060 of 34374, 5.99%
2026-07-23 05:59:49,871 3798683 road_revised.py Completed 2070 of 34374, 6.02%
2026-07-23 05:59:49,895 3798683 road_revised.py Completed 2080 of 34374, 6.05%
2026-07-23 05:59:49,896 3798683 road_revised.py Completed 2090 of 34374, 6.08%
2026-07-23 05:59:50,040 3798683 road_revised.py Completed 2100 of 34374, 6.11%
2026-07-23 05:59:50,040 3798683 road_revised.py RSS checkpoint [iter1_lcp_progress_2100_of_34374]: 6.47 GB
2026-07-23 05:59:50,358 3798683 road_revised.py Completed 2110 of 34374, 6.14%
2026-07-23 05:59:50,650 3798683 road_revised.py Completed 2120 of 34374, 6.17%
2026-07-23 05:59:50,974 3798683 road_revised.py Completed 2130 of 34374, 6.20%
2026-07-23 05:59:51,232 3798683 road_revised.py Completed 2140 of 34374, 6.23%
2026-07-23 05:59:51,555 3798683 road_revised.py Completed 2150 of 34374, 6.25%
2026-07-23 05:59:51,814 3798683 road_revised.py Completed 2160 of 34374, 6.28%
2026-07-23 05:59:52,131 3798683 road_revised.py Completed 2170 of 34374, 6.31%
2026-07-23 05:59:55,511 3798683 road_revised.py Completed 2180 of 34374, 6.34%
2026-07-23 05:59:55,514 3798683 road_revised.py Completed 2190 of 34374, 6.37%
2026-07-23 05:59:55,515 3798683 road_revised.py Completed 2200 of 34374, 6.40%
2026-07-23 05:59:55,515 3798683 road_revised.py RSS checkpoint [iter1_lcp_progress_2200_of_34374]: 6.72 GB
2026-07-23 05:59:55,516 3798683 road_revised.py Completed 2210 of 34374, 6.43%
2026-07-23 05:59:55,536 3798683 road_revised.py Completed 2220 of 34374, 6.46%
2026-07-23 05:59:55,537 3798683 road_revised.py Completed 2230 of 34374, 6.49%
2026-07-23 05:59:55,537 3798683 road_revised.py Completed 2240 of 34374, 6.52%
2026-07-23 05:59:55,660 3798683 road_revised.py Completed 2250 of 34374, 6.55%
2026-07-23 05:59:55,921 3798683 road_revised.py Completed 2260 of 34374, 6.57%
2026-07-23 05:59:56,186 3798683 road_revised.py Completed 2270 of 34374, 6.60%
2026-07-23 05:59:56,465 3798683 road_revised.py Completed 2280 of 34374, 6.63%
2026-07-23 05:59:56,747 3798683 road_revised.py Completed 2290 of 34374, 6.66%
2026-07-23 05:59:57,039 3798683 road_revised.py Completed 2300 of 34374, 6.69%
2026-07-23 05:59:57,044 3798683 road_revised.py RSS checkpoint [iter1_lcp_progress_2300_of_34374]: 6.47 GB
2026-07-23 05:59:57,284 3798683 road_revised.py Completed 2310 of 34374, 6.72%
2026-07-23 05:59:57,540 3798683 road_revised.py Completed 2320 of 34374, 6.75%
2026-07-23 05:59:57,835 3798683 road_revised.py Completed 2330 of 34374, 6.78%
2026-07-23 05:59:58,104 3798683 road_revised.py Completed 2340 of 34374, 6.81%
2026-07-23 06:00:01,556 3798683 road_revised.py Completed 2350 of 34374, 6.84%
2026-07-23 06:00:01,560 3798683 road_revised.py Completed 2360 of 34374, 6.87%
2026-07-23 06:00:01,585 3798683 road_revised.py Completed 2370 of 34374, 6.89%
2026-07-23 06:00:02,010 3798683 road_revised.py Completed 2380 of 34374, 6.92%
2026-07-23 06:00:02,025 3798683 road_revised.py Completed 2390 of 34374, 6.95%
2026-07-23 06:00:02,030 3798683 road_revised.py Completed 2400 of 34374, 6.98%
2026-07-23 06:00:02,045 3798683 road_revised.py RSS checkpoint [iter1_lcp_progress_2400_of_34374]: 6.33 GB
2026-07-23 06:00:02,047 3798683 road_revised.py Completed 2410 of 34374, 7.01%
2026-07-23 06:00:02,048 3798683 road_revised.py Completed 2420 of 34374, 7.04%
2026-07-23 06:00:02,068 3798683 road_revised.py Completed 2430 of 34374, 7.07%
2026-07-23 06:00:02,141 3798683 road_revised.py Completed 2440 of 34374, 7.10%
2026-07-23 06:00:02,469 3798683 road_revised.py Completed 2450 of 34374, 7.13%
2026-07-23 06:00:02,726 3798683 road_revised.py Completed 2460 of 34374, 7.16%
2026-07-23 06:00:02,972 3798683 road_revised.py Completed 2470 of 34374, 7.19%
2026-07-23 06:00:03,244 3798683 road_revised.py Completed 2480 of 34374, 7.21%
2026-07-23 06:00:03,499 3798683 road_revised.py Completed 2490 of 34374, 7.24%
2026-07-23 06:00:03,753 3798683 road_revised.py Completed 2500 of 34374, 7.27%
2026-07-23 06:00:03,754 3798683 road_revised.py RSS checkpoint [iter1_lcp_progress_2500_of_34374]: 6.49 GB
2026-07-23 06:00:04,042 3798683 road_revised.py Completed 2510 of 34374, 7.30%
2026-07-23 06:00:06,789 3798683 road_revised.py Completed 2520 of 34374, 7.33%
2026-07-23 06:00:06,791 3798683 road_revised.py Completed 2530 of 34374, 7.36%
2026-07-23 06:00:06,792 3798683 road_revised.py Completed 2540 of 34374, 7.39%
2026-07-23 06:00:06,810 3798683 road_revised.py Completed 2550 of 34374, 7.42%
2026-07-23 06:00:06,811 3798683 road_revised.py Completed 2560 of 34374, 7.45%
2026-07-23 06:00:06,814 3798683 road_revised.py Completed 2570 of 34374, 7.48%
2026-07-23 06:00:06,843 3798683 road_revised.py Completed 2580 of 34374, 7.51%
2026-07-23 06:00:07,140 3798683 road_revised.py Completed 2590 of 34374, 7.53%
2026-07-23 06:00:07,373 3798683 road_revised.py Completed 2600 of 34374, 7.56%
2026-07-23 06:00:07,373 3798683 road_revised.py RSS checkpoint [iter1_lcp_progress_2600_of_34374]: 6.66 GB
2026-07-23 06:00:07,661 3798683 road_revised.py Completed 2610 of 34374, 7.59%
2026-07-23 06:00:07,954 3798683 road_revised.py Completed 2620 of 34374, 7.62%
2026-07-23 06:00:08,291 3798683 road_revised.py Completed 2630 of 34374, 7.65%
2026-07-23 06:00:08,522 3798683 road_revised.py Completed 2640 of 34374, 7.68%
2026-07-23 06:00:08,808 3798683 road_revised.py Completed 2650 of 34374, 7.71%
2026-07-23 06:00:09,079 3798683 road_revised.py Completed 2660 of 34374, 7.74%
2026-07-23 06:00:09,358 3798683 road_revised.py Completed 2670 of 34374, 7.77%
2026-07-23 06:00:09,638 3798683 road_revised.py Completed 2680 of 34374, 7.80%
2026-07-23 06:00:13,183 3798683 road_revised.py Completed 2690 of 34374, 7.83%
2026-07-23 06:00:13,657 3798683 road_revised.py Completed 2700 of 34374, 7.85%
2026-07-23 06:00:13,663 3798683 road_revised.py RSS checkpoint [iter1_lcp_progress_2700_of_34374]: 6.92 GB
2026-07-23 06:00:13,666 3798683 road_revised.py Completed 2710 of 34374, 7.88%
2026-07-23 06:00:13,671 3798683 road_revised.py Completed 2720 of 34374, 7.91%
2026-07-23 06:00:13,672 3798683 road_revised.py Completed 2730 of 34374, 7.94%
2026-07-23 06:00:13,676 3798683 road_revised.py Completed 2740 of 34374, 7.97%
2026-07-23 06:00:13,678 3798683 road_revised.py Completed 2750 of 34374, 8.00%
2026-07-23 06:00:13,687 3798683 road_revised.py Completed 2760 of 34374, 8.03%
2026-07-23 06:00:13,688 3798683 road_revised.py Completed 2770 of 34374, 8.06%
2026-07-23 06:00:13,864 3798683 road_revised.py Completed 2780 of 34374, 8.09%
2026-07-23 06:00:14,137 3798683 road_revised.py Completed 2790 of 34374, 8.12%
2026-07-23 06:00:14,366 3798683 road_revised.py Completed 2800 of 34374, 8.15%
2026-07-23 06:00:14,366 3798683 road_revised.py RSS checkpoint [iter1_lcp_progress_2800_of_34374]: 7.00 GB
2026-07-23 06:00:14,626 3798683 road_revised.py Completed 2810 of 34374, 8.17%
2026-07-23 06:00:14,908 3798683 road_revised.py Completed 2820 of 34374, 8.20%
2026-07-23 06:00:15,230 3798683 road_revised.py Completed 2830 of 34374, 8.23%
2026-07-23 06:00:15,469 3798683 road_revised.py Completed 2840 of 34374, 8.26%
2026-07-23 06:00:18,111 3798683 road_revised.py Completed 2850 of 34374, 8.29%
2026-07-23 06:00:18,117 3798683 road_revised.py Completed 2860 of 34374, 8.32%
2026-07-23 06:00:18,142 3798683 road_revised.py Completed 2870 of 34374, 8.35%
2026-07-23 06:00:18,143 3798683 road_revised.py Completed 2880 of 34374, 8.38%
2026-07-23 06:00:18,144 3798683 road_revised.py Completed 2890 of 34374, 8.41%
2026-07-23 06:00:18,146 3798683 road_revised.py Completed 2900 of 34374, 8.44%
2026-07-23 06:00:18,149 3798683 road_revised.py RSS checkpoint [iter1_lcp_progress_2900_of_34374]: 6.68 GB
2026-07-23 06:00:18,150 3798683 road_revised.py Completed 2910 of 34374, 8.47%
2026-07-23 06:00:18,351 3798683 road_revised.py Completed 2920 of 34374, 8.49%
2026-07-23 06:00:18,572 3798683 road_revised.py Completed 2930 of 34374, 8.52%
2026-07-23 06:00:18,843 3798683 road_revised.py Completed 2940 of 34374, 8.55%
2026-07-23 06:00:19,139 3798683 road_revised.py Completed 2950 of 34374, 8.58%
2026-07-23 06:00:19,377 3798683 road_revised.py Completed 2960 of 34374, 8.61%
2026-07-23 06:00:19,645 3798683 road_revised.py Completed 2970 of 34374, 8.64%
2026-07-23 06:00:19,904 3798683 road_revised.py Completed 2980 of 34374, 8.67%
2026-07-23 06:00:20,198 3798683 road_revised.py Completed 2990 of 34374, 8.70%
2026-07-23 06:00:20,448 3798683 road_revised.py Completed 3000 of 34374, 8.73%
2026-07-23 06:00:20,448 3798683 road_revised.py RSS checkpoint [iter1_lcp_progress_3000_of_34374]: 6.58 GB
2026-07-23 06:00:20,736 3798683 road_revised.py Completed 3010 of 34374, 8.76%
2026-07-23 06:00:24,228 3798683 road_revised.py Completed 3020 of 34374, 8.79%
2026-07-23 06:00:24,673 3798683 road_revised.py Completed 3030 of 34374, 8.81%
2026-07-23 06:00:24,679 3798683 road_revised.py Completed 3040 of 34374, 8.84%
2026-07-23 06:00:24,682 3798683 road_revised.py Completed 3050 of 34374, 8.87%
2026-07-23 06:00:24,683 3798683 road_revised.py Completed 3060 of 34374, 8.90%
2026-07-23 06:00:24,684 3798683 road_revised.py Completed 3070 of 34374, 8.93%
2026-07-23 06:00:24,685 3798683 road_revised.py Completed 3080 of 34374, 8.96%
2026-07-23 06:00:24,686 3798683 road_revised.py Completed 3090 of 34374, 8.99%
2026-07-23 06:00:24,687 3798683 road_revised.py Completed 3100 of 34374, 9.02%
2026-07-23 06:00:24,692 3798683 road_revised.py RSS checkpoint [iter1_lcp_progress_3100_of_34374]: 7.26 GB
2026-07-23 06:00:24,749 3798683 road_revised.py Completed 3110 of 34374, 9.05%
2026-07-23 06:00:25,150 3798683 road_revised.py Completed 3120 of 34374, 9.08%
2026-07-23 06:00:25,384 3798683 road_revised.py Completed 3130 of 34374, 9.11%
2026-07-23 06:00:25,638 3798683 road_revised.py Completed 3140 of 34374, 9.13%
2026-07-23 06:00:25,760 3798683 road_revised.py Completed 3150 of 34374, 9.16%
2026-07-23 06:00:25,982 3798683 road_revised.py Completed 3160 of 34374, 9.19%
2026-07-23 06:00:26,270 3798683 road_revised.py Completed 3170 of 34374, 9.22%
2026-07-23 06:00:26,601 3798683 road_revised.py Completed 3180 of 34374, 9.25%
2026-07-23 06:00:26,852 3798683 road_revised.py Completed 3190 of 34374, 9.28%
2026-07-23 06:00:29,894 3798683 road_revised.py Completed 3200 of 34374, 9.31%
2026-07-23 06:00:29,897 3798683 road_revised.py RSS checkpoint [iter1_lcp_progress_3200_of_34374]: 7.20 GB
2026-07-23 06:00:29,907 3798683 road_revised.py Completed 3210 of 34374, 9.34%
2026-07-23 06:00:29,942 3798683 road_revised.py Completed 3220 of 34374, 9.37%
2026-07-23 06:00:29,946 3798683 road_revised.py Completed 3230 of 34374, 9.40%
2026-07-23 06:00:29,946 3798683 road_revised.py Completed 3240 of 34374, 9.43%
2026-07-23 06:00:29,950 3798683 road_revised.py Completed 3250 of 34374, 9.45%
2026-07-23 06:00:29,951 3798683 road_revised.py Completed 3260 of 34374, 9.48%
2026-07-23 06:00:30,161 3798683 road_revised.py Completed 3270 of 34374, 9.51%
2026-07-23 06:00:30,441 3798683 road_revised.py Completed 3280 of 34374, 9.54%
2026-07-23 06:00:30,741 3798683 road_revised.py Completed 3290 of 34374, 9.57%
2026-07-23 06:00:31,016 3798683 road_revised.py Completed 3300 of 34374, 9.60%
2026-07-23 06:00:31,016 3798683 road_revised.py RSS checkpoint [iter1_lcp_progress_3300_of_34374]: 6.92 GB
2026-07-23 06:00:31,266 3798683 road_revised.py Completed 3310 of 34374, 9.63%
2026-07-23 06:00:31,566 3798683 road_revised.py Completed 3320 of 34374, 9.66%
2026-07-23 06:00:31,813 3798683 road_revised.py Completed 3330 of 34374, 9.69%
2026-07-23 06:00:32,106 3798683 road_revised.py Completed 3340 of 34374, 9.72%
2026-07-23 06:00:32,395 3798683 road_revised.py Completed 3350 of 34374, 9.75%
2026-07-23 06:00:32,663 3798683 road_revised.py Completed 3360 of 34374, 9.77%
2026-07-23 06:00:36,294 3798683 road_revised.py Completed 3370 of 34374, 9.80%
2026-07-23 06:00:36,296 3798683 road_revised.py Completed 3380 of 34374, 9.83%
2026-07-23 06:00:36,296 3798683 road_revised.py Completed 3390 of 34374, 9.86%
2026-07-23 06:00:36,298 3798683 road_revised.py Completed 3400 of 34374, 9.89%
2026-07-23 06:00:36,300 3798683 road_revised.py RSS checkpoint [iter1_lcp_progress_3400_of_34374]: 7.53 GB
2026-07-23 06:00:36,302 3798683 road_revised.py Completed 3410 of 34374, 9.92%
2026-07-23 06:00:36,303 3798683 road_revised.py Completed 3420 of 34374, 9.95%
2026-07-23 06:00:36,305 3798683 road_revised.py Completed 3430 of 34374, 9.98%
2026-07-23 06:00:36,498 3798683 road_revised.py Completed 3440 of 34374, 10.01%
2026-07-23 06:00:36,779 3798683 road_revised.py Completed 3450 of 34374, 10.04%
2026-07-23 06:00:37,007 3798683 road_revised.py Completed 3460 of 34374, 10.07%
2026-07-23 06:00:37,323 3798683 road_revised.py Completed 3470 of 34374, 10.09%
2026-07-23 06:00:37,561 3798683 road_revised.py Completed 3480 of 34374, 10.12%
2026-07-23 06:00:37,817 3798683 road_revised.py Completed 3490 of 34374, 10.15%
2026-07-23 06:00:38,092 3798683 road_revised.py Completed 3500 of 34374, 10.18%
2026-07-23 06:00:38,092 3798683 road_revised.py RSS checkpoint [iter1_lcp_progress_3500_of_34374]: 7.38 GB
2026-07-23 06:00:38,335 3798683 road_revised.py Completed 3510 of 34374, 10.21%
2026-07-23 06:00:38,598 3798683 road_revised.py Completed 3520 of 34374, 10.24%
2026-07-23 06:00:41,214 3798683 road_revised.py Completed 3530 of 34374, 10.27%
2026-07-23 06:00:41,221 3798683 road_revised.py Completed 3540 of 34374, 10.30%
2026-07-23 06:00:41,223 3798683 road_revised.py Completed 3550 of 34374, 10.33%
2026-07-23 06:00:41,251 3798683 road_revised.py Completed 3560 of 34374, 10.36%
2026-07-23 06:00:41,263 3798683 road_revised.py Completed 3570 of 34374, 10.39%
2026-07-23 06:00:41,264 3798683 road_revised.py Completed 3580 of 34374, 10.41%
2026-07-23 06:00:41,279 3798683 road_revised.py Completed 3590 of 34374, 10.44%
2026-07-23 06:00:41,523 3798683 road_revised.py Completed 3600 of 34374, 10.47%
2026-07-23 06:00:41,523 3798683 road_revised.py RSS checkpoint [iter1_lcp_progress_3600_of_34374]: 7.08 GB
2026-07-23 06:00:41,766 3798683 road_revised.py Completed 3610 of 34374, 10.50%
2026-07-23 06:00:42,040 3798683 road_revised.py Completed 3620 of 34374, 10.53%
2026-07-23 06:00:42,349 3798683 road_revised.py Completed 3630 of 34374, 10.56%
2026-07-23 06:00:42,617 3798683 road_revised.py Completed 3640 of 34374, 10.59%
2026-07-23 06:00:42,933 3798683 road_revised.py Completed 3650 of 34374, 10.62%
2026-07-23 06:00:43,215 3798683 road_revised.py Completed 3660 of 34374, 10.65%
2026-07-23 06:00:43,446 3798683 road_revised.py Completed 3670 of 34374, 10.68%
2026-07-23 06:00:43,533 3798683 road_revised.py Completed 3680 of 34374, 10.71%
2026-07-23 06:00:43,808 3798683 road_revised.py Completed 3690 of 34374, 10.73%
2026-07-23 06:00:44,120 3798683 road_revised.py Completed 3700 of 34374, 10.76%
2026-07-23 06:00:44,131 3798683 road_revised.py RSS checkpoint [iter1_lcp_progress_3700_of_34374]: 7.41 GB
2026-07-23 06:00:48,269 3798683 road_revised.py Completed 3710 of 34374, 10.79%
2026-07-23 06:00:48,273 3798683 road_revised.py Completed 3720 of 34374, 10.82%
2026-07-23 06:00:48,274 3798683 road_revised.py Completed 3730 of 34374, 10.85%
2026-07-23 06:00:48,303 3798683 road_revised.py Completed 3740 of 34374, 10.88%
2026-07-23 06:00:48,312 3798683 road_revised.py Completed 3750 of 34374, 10.91%
2026-07-23 06:00:48,317 3798683 road_revised.py Completed 3760 of 34374, 10.94%
2026-07-23 06:00:48,806 3798683 road_revised.py Completed 3770 of 34374, 10.97%
2026-07-23 06:00:48,817 3798683 road_revised.py Completed 3780 of 34374, 11.00%
2026-07-23 06:00:48,822 3798683 road_revised.py Completed 3790 of 34374, 11.03%
2026-07-23 06:00:48,848 3798683 road_revised.py Completed 3800 of 34374, 11.05%
2026-07-23 06:00:48,848 3798683 road_revised.py RSS checkpoint [iter1_lcp_progress_3800_of_34374]: 7.73 GB
2026-07-23 06:00:49,190 3798683 road_revised.py Completed 3810 of 34374, 11.08%
2026-07-23 06:00:49,459 3798683 road_revised.py Completed 3820 of 34374, 11.11%
2026-07-23 06:00:49,741 3798683 road_revised.py Completed 3830 of 34374, 11.14%
2026-07-23 06:00:50,009 3798683 road_revised.py Completed 3840 of 34374, 11.17%
2026-07-23 06:00:50,247 3798683 road_revised.py Completed 3850 of 34374, 11.20%
2026-07-23 06:00:50,516 3798683 road_revised.py Completed 3860 of 34374, 11.23%
2026-07-23 06:00:50,793 3798683 road_revised.py Completed 3870 of 34374, 11.26%
2026-07-23 06:00:53,156 3798683 road_revised.py Completed 3880 of 34374, 11.29%
2026-07-23 06:00:53,212 3798683 road_revised.py Completed 3890 of 34374, 11.32%
2026-07-23 06:00:53,213 3798683 road_revised.py Completed 3900 of 34374, 11.35%
2026-07-23 06:00:53,223 3798683 road_revised.py RSS checkpoint [iter1_lcp_progress_3900_of_34374]: 7.40 GB
2026-07-23 06:00:53,225 3798683 road_revised.py Completed 3910 of 34374, 11.37%
2026-07-23 06:00:53,239 3798683 road_revised.py Completed 3920 of 34374, 11.40%
2026-07-23 06:00:53,240 3798683 road_revised.py Completed 3930 of 34374, 11.43%
2026-07-23 06:00:53,477 3798683 road_revised.py Completed 3940 of 34374, 11.46%
2026-07-23 06:00:53,748 3798683 road_revised.py Completed 3950 of 34374, 11.49%
2026-07-23 06:00:53,999 3798683 road_revised.py Completed 3960 of 34374, 11.52%
2026-07-23 06:00:54,264 3798683 road_revised.py Completed 3970 of 34374, 11.55%
2026-07-23 06:00:54,556 3798683 road_revised.py Completed 3980 of 34374, 11.58%
2026-07-23 06:00:54,840 3798683 road_revised.py Completed 3990 of 34374, 11.61%
2026-07-23 06:00:55,175 3798683 road_revised.py Completed 4000 of 34374, 11.64%
2026-07-23 06:00:55,176 3798683 road_revised.py RSS checkpoint [iter1_lcp_progress_4000_of_34374]: 7.28 GB
2026-07-23 06:00:55,435 3798683 road_revised.py Completed 4010 of 34374, 11.67%
2026-07-23 06:00:55,766 3798683 road_revised.py Completed 4020 of 34374, 11.69%
2026-07-23 06:00:56,036 3798683 road_revised.py Completed 4030 of 34374, 11.72%
2026-07-23 06:00:56,349 3798683 road_revised.py Completed 4040 of 34374, 11.75%
2026-07-23 06:01:00,151 3798683 road_revised.py Completed 4050 of 34374, 11.78%
2026-07-23 06:01:00,185 3798683 road_revised.py Completed 4060 of 34374, 11.81%
2026-07-23 06:01:00,186 3798683 road_revised.py Completed 4070 of 34374, 11.84%
2026-07-23 06:01:00,187 3798683 road_revised.py Completed 4080 of 34374, 11.87%
2026-07-23 06:01:00,617 3798683 road_revised.py Completed 4090 of 34374, 11.90%
2026-07-23 06:01:00,618 3798683 road_revised.py Completed 4100 of 34374, 11.93%
2026-07-23 06:01:00,626 3798683 road_revised.py RSS checkpoint [iter1_lcp_progress_4100_of_34374]: 7.99 GB
2026-07-23 06:01:00,629 3798683 road_revised.py Completed 4110 of 34374, 11.96%
2026-07-23 06:01:00,642 3798683 road_revised.py Completed 4120 of 34374, 11.99%
2026-07-23 06:01:00,644 3798683 road_revised.py Completed 4130 of 34374, 12.01%
2026-07-23 06:01:00,885 3798683 road_revised.py Completed 4140 of 34374, 12.04%
2026-07-23 06:01:01,165 3798683 road_revised.py Completed 4150 of 34374, 12.07%
2026-07-23 06:01:01,457 3798683 road_revised.py Completed 4160 of 34374, 12.10%
2026-07-23 06:01:01,710 3798683 road_revised.py Completed 4170 of 34374, 12.13%
2026-07-23 06:01:01,982 3798683 road_revised.py Completed 4180 of 34374, 12.16%
2026-07-23 06:01:02,245 3798683 road_revised.py Completed 4190 of 34374, 12.19%
2026-07-23 06:01:02,560 3798683 road_revised.py Completed 4200 of 34374, 12.22%
2026-07-23 06:01:02,561 3798683 road_revised.py RSS checkpoint [iter1_lcp_progress_4200_of_34374]: 8.20 GB
2026-07-23 06:01:05,110 3798683 road_revised.py Completed 4210 of 34374, 12.25%
2026-07-23 06:01:05,113 3798683 road_revised.py Completed 4220 of 34374, 12.28%
2026-07-23 06:01:05,114 3798683 road_revised.py Completed 4230 of 34374, 12.31%
2026-07-23 06:01:05,128 3798683 road_revised.py Completed 4240 of 34374, 12.33%
2026-07-23 06:01:05,138 3798683 road_revised.py Completed 4250 of 34374, 12.36%
2026-07-23 06:01:05,139 3798683 road_revised.py Completed 4260 of 34374, 12.39%
2026-07-23 06:01:05,175 3798683 road_revised.py Completed 4270 of 34374, 12.42%
2026-07-23 06:01:05,496 3798683 road_revised.py Completed 4280 of 34374, 12.45%
2026-07-23 06:01:05,743 3798683 road_revised.py Completed 4290 of 34374, 12.48%
2026-07-23 06:01:06,049 3798683 road_revised.py Completed 4300 of 34374, 12.51%
2026-07-23 06:01:06,049 3798683 road_revised.py RSS checkpoint [iter1_lcp_progress_4300_of_34374]: 7.49 GB
2026-07-23 06:01:06,316 3798683 road_revised.py Completed 4310 of 34374, 12.54%
2026-07-23 06:01:06,590 3798683 road_revised.py Completed 4320 of 34374, 12.57%
2026-07-23 06:01:06,868 3798683 road_revised.py Completed 4330 of 34374, 12.60%
2026-07-23 06:01:07,164 3798683 road_revised.py Completed 4340 of 34374, 12.63%
2026-07-23 06:01:07,502 3798683 road_revised.py Completed 4350 of 34374, 12.65%
2026-07-23 06:01:07,702 3798683 road_revised.py Completed 4360 of 34374, 12.68%
2026-07-23 06:01:07,983 3798683 road_revised.py Completed 4370 of 34374, 12.71%
2026-07-23 06:01:11,406 3798683 road_revised.py Completed 4380 of 34374, 12.74%
2026-07-23 06:01:11,469 3798683 road_revised.py Completed 4390 of 34374, 12.77%
2026-07-23 06:01:11,471 3798683 road_revised.py Completed 4400 of 34374, 12.80%
2026-07-23 06:01:11,479 3798683 road_revised.py RSS checkpoint [iter1_lcp_progress_4400_of_34374]: 8.43 GB
2026-07-23 06:01:11,483 3798683 road_revised.py Completed 4410 of 34374, 12.83%
2026-07-23 06:01:11,951 3798683 road_revised.py Completed 4420 of 34374, 12.86%
2026-07-23 06:01:11,952 3798683 road_revised.py Completed 4430 of 34374, 12.89%
2026-07-23 06:01:11,953 3798683 road_revised.py Completed 4440 of 34374, 12.92%
2026-07-23 06:01:11,957 3798683 road_revised.py Completed 4450 of 34374, 12.95%
2026-07-23 06:01:11,958 3798683 road_revised.py Completed 4460 of 34374, 12.97%
2026-07-23 06:01:12,107 3798683 road_revised.py Completed 4470 of 34374, 13.00%
2026-07-23 06:01:12,358 3798683 road_revised.py Completed 4480 of 34374, 13.03%
2026-07-23 06:01:12,614 3798683 road_revised.py Completed 4490 of 34374, 13.06%
2026-07-23 06:01:12,883 3798683 road_revised.py Completed 4500 of 34374, 13.09%
2026-07-23 06:01:12,883 3798683 road_revised.py RSS checkpoint [iter1_lcp_progress_4500_of_34374]: 8.36 GB
2026-07-23 06:01:13,238 3798683 road_revised.py Completed 4510 of 34374, 13.12%
2026-07-23 06:01:13,501 3798683 road_revised.py Completed 4520 of 34374, 13.15%
2026-07-23 06:01:13,812 3798683 road_revised.py Completed 4530 of 34374, 13.18%
2026-07-23 06:01:14,119 3798683 road_revised.py Completed 4540 of 34374, 13.21%
2026-07-23 06:01:17,336 3798683 road_revised.py Completed 4550 of 34374, 13.24%
2026-07-23 06:01:17,344 3798683 road_revised.py Completed 4560 of 34374, 13.27%
2026-07-23 06:01:17,345 3798683 road_revised.py Completed 4570 of 34374, 13.29%
2026-07-23 06:01:17,358 3798683 road_revised.py Completed 4580 of 34374, 13.32%
2026-07-23 06:01:17,359 3798683 road_revised.py Completed 4590 of 34374, 13.35%
2026-07-23 06:01:17,368 3798683 road_revised.py Completed 4600 of 34374, 13.38%
2026-07-23 06:01:17,376 3798683 road_revised.py RSS checkpoint [iter1_lcp_progress_4600_of_34374]: 8.17 GB
2026-07-23 06:01:17,402 3798683 road_revised.py Completed 4610 of 34374, 13.41%
2026-07-23 06:01:17,511 3798683 road_revised.py Completed 4620 of 34374, 13.44%
2026-07-23 06:01:17,758 3798683 road_revised.py Completed 4630 of 34374, 13.47%
2026-07-23 06:01:18,059 3798683 road_revised.py Completed 4640 of 34374, 13.50%
2026-07-23 06:01:18,289 3798683 road_revised.py Completed 4650 of 34374, 13.53%
2026-07-23 06:01:18,588 3798683 road_revised.py Completed 4660 of 34374, 13.56%
2026-07-23 06:01:18,862 3798683 road_revised.py Completed 4670 of 34374, 13.59%
2026-07-23 06:01:19,090 3798683 road_revised.py Completed 4680 of 34374, 13.61%
2026-07-23 06:01:19,395 3798683 road_revised.py Completed 4690 of 34374, 13.64%
2026-07-23 06:01:19,640 3798683 road_revised.py Completed 4700 of 34374, 13.67%
2026-07-23 06:01:19,640 3798683 road_revised.py RSS checkpoint [iter1_lcp_progress_4700_of_34374]: 7.96 GB
2026-07-23 06:01:19,928 3798683 road_revised.py Completed 4710 of 34374, 13.70%
2026-07-23 06:01:23,424 3798683 road_revised.py Completed 4720 of 34374, 13.73%
2026-07-23 06:01:23,425 3798683 road_revised.py Completed 4730 of 34374, 13.76%
2026-07-23 06:01:23,854 3798683 road_revised.py Completed 4740 of 34374, 13.79%
2026-07-23 06:01:23,855 3798683 road_revised.py Completed 4750 of 34374, 13.82%
2026-07-23 06:01:23,864 3798683 road_revised.py Completed 4760 of 34374, 13.85%
2026-07-23 06:01:23,865 3798683 road_revised.py Completed 4770 of 34374, 13.88%
2026-07-23 06:01:23,866 3798683 road_revised.py Completed 4780 of 34374, 13.91%
2026-07-23 06:01:23,868 3798683 road_revised.py Completed 4790 of 34374, 13.93%
2026-07-23 06:01:23,869 3798683 road_revised.py Completed 4800 of 34374, 13.96%
2026-07-23 06:01:23,887 3798683 road_revised.py RSS checkpoint [iter1_lcp_progress_4800_of_34374]: 8.05 GB
2026-07-23 06:01:24,027 3798683 road_revised.py Completed 4810 of 34374, 13.99%
2026-07-23 06:01:24,290 3798683 road_revised.py Completed 4820 of 34374, 14.02%
2026-07-23 06:01:24,526 3798683 road_revised.py Completed 4830 of 34374, 14.05%
2026-07-23 06:01:24,823 3798683 road_revised.py Completed 4840 of 34374, 14.08%
2026-07-23 06:01:25,093 3798683 road_revised.py Completed 4850 of 34374, 14.11%
2026-07-23 06:01:25,338 3798683 road_revised.py Completed 4860 of 34374, 14.14%
2026-07-23 06:01:25,624 3798683 road_revised.py Completed 4870 of 34374, 14.17%
2026-07-23 06:01:28,104 3798683 road_revised.py Completed 4880 of 34374, 14.20%
2026-07-23 06:01:28,170 3798683 road_revised.py Completed 4890 of 34374, 14.23%
2026-07-23 06:01:28,171 3798683 road_revised.py Completed 4900 of 34374, 14.25%
2026-07-23 06:01:28,177 3798683 road_revised.py RSS checkpoint [iter1_lcp_progress_4900_of_34374]: 8.18 GB
2026-07-23 06:01:28,181 3798683 road_revised.py Completed 4910 of 34374, 14.28%
2026-07-23 06:01:28,186 3798683 road_revised.py Completed 4920 of 34374, 14.31%
2026-07-23 06:01:28,193 3798683 road_revised.py Completed 4930 of 34374, 14.34%
2026-07-23 06:01:28,205 3798683 road_revised.py Completed 4940 of 34374, 14.37%
2026-07-23 06:01:28,449 3798683 road_revised.py Completed 4950 of 34374, 14.40%
2026-07-23 06:01:28,719 3798683 road_revised.py Completed 4960 of 34374, 14.43%
2026-07-23 06:01:28,987 3798683 road_revised.py Completed 4970 of 34374, 14.46%
2026-07-23 06:01:29,237 3798683 road_revised.py Completed 4980 of 34374, 14.49%
2026-07-23 06:01:29,507 3798683 road_revised.py Completed 4990 of 34374, 14.52%
2026-07-23 06:01:29,792 3798683 road_revised.py Completed 5000 of 34374, 14.55%
2026-07-23 06:01:29,792 3798683 road_revised.py RSS checkpoint [iter1_lcp_progress_5000_of_34374]: 8.09 GB
2026-07-23 06:01:30,083 3798683 road_revised.py Completed 5010 of 34374, 14.57%
2026-07-23 06:01:30,352 3798683 road_revised.py Completed 5020 of 34374, 14.60%
2026-07-23 06:01:30,682 3798683 road_revised.py Completed 5030 of 34374, 14.63%
2026-07-23 06:01:31,020 3798683 road_revised.py Completed 5040 of 34374, 14.66%
2026-07-23 06:01:34,867 3798683 road_revised.py Completed 5050 of 34374, 14.69%
2026-07-23 06:01:34,871 3798683 road_revised.py Completed 5060 of 34374, 14.72%
2026-07-23 06:01:35,319 3798683 road_revised.py Completed 5070 of 34374, 14.75%
2026-07-23 06:01:35,328 3798683 road_revised.py Completed 5080 of 34374, 14.78%
2026-07-23 06:01:35,332 3798683 road_revised.py Completed 5090 of 34374, 14.81%
2026-07-23 06:01:35,333 3798683 road_revised.py Completed 5100 of 34374, 14.84%
2026-07-23 06:01:35,348 3798683 road_revised.py RSS checkpoint [iter1_lcp_progress_5100_of_34374]: 8.64 GB
2026-07-23 06:01:35,349 3798683 road_revised.py Completed 5110 of 34374, 14.87%
2026-07-23 06:01:35,356 3798683 road_revised.py Completed 5120 of 34374, 14.89%
2026-07-23 06:01:35,357 3798683 road_revised.py Completed 5130 of 34374, 14.92%
2026-07-23 06:01:35,363 3798683 road_revised.py Completed 5140 of 34374, 14.95%
2026-07-23 06:01:35,596 3798683 road_revised.py Completed 5150 of 34374, 14.98%
2026-07-23 06:01:35,869 3798683 road_revised.py Completed 5160 of 34374, 15.01%
2026-07-23 06:01:36,191 3798683 road_revised.py Completed 5170 of 34374, 15.04%
2026-07-23 06:01:36,455 3798683 road_revised.py Completed 5180 of 34374, 15.07%
2026-07-23 06:01:36,692 3798683 road_revised.py Completed 5190 of 34374, 15.10%
2026-07-23 06:01:36,964 3798683 road_revised.py Completed 5200 of 34374, 15.13%
2026-07-23 06:01:36,964 3798683 road_revised.py RSS checkpoint [iter1_lcp_progress_5200_of_34374]: 8.78 GB
2026-07-23 06:01:37,214 3798683 road_revised.py Completed 5210 of 34374, 15.16%
2026-07-23 06:01:39,474 3798683 road_revised.py Completed 5220 of 34374, 15.19%
2026-07-23 06:01:39,482 3798683 road_revised.py Completed 5230 of 34374, 15.21%
2026-07-23 06:01:39,483 3798683 road_revised.py Completed 5240 of 34374, 15.24%
2026-07-23 06:01:39,516 3798683 road_revised.py Completed 5250 of 34374, 15.27%
2026-07-23 06:01:39,528 3798683 road_revised.py Completed 5260 of 34374, 15.30%
2026-07-23 06:01:39,535 3798683 road_revised.py Completed 5270 of 34374, 15.33%
2026-07-23 06:01:39,638 3798683 road_revised.py Completed 5280 of 34374, 15.36%
2026-07-23 06:01:39,899 3798683 road_revised.py Completed 5290 of 34374, 15.39%
2026-07-23 06:01:40,177 3798683 road_revised.py Completed 5300 of 34374, 15.42%
2026-07-23 06:01:40,285 3798683 road_revised.py RSS checkpoint [iter1_lcp_progress_5300_of_34374]: 8.12 GB
2026-07-23 06:01:40,424 3798683 road_revised.py Completed 5310 of 34374, 15.45%
2026-07-23 06:01:40,672 3798683 road_revised.py Completed 5320 of 34374, 15.48%
2026-07-23 06:01:40,933 3798683 road_revised.py Completed 5330 of 34374, 15.51%
2026-07-23 06:01:41,188 3798683 road_revised.py Completed 5340 of 34374, 15.53%
2026-07-23 06:01:41,428 3798683 road_revised.py Completed 5350 of 34374, 15.56%
2026-07-23 06:01:41,731 3798683 road_revised.py Completed 5360 of 34374, 15.59%
2026-07-23 06:01:42,069 3798683 road_revised.py Completed 5370 of 34374, 15.62%
2026-07-23 06:01:42,334 3798683 road_revised.py Completed 5380 of 34374, 15.65%
2026-07-23 06:01:45,725 3798683 road_revised.py Completed 5390 of 34374, 15.68%
2026-07-23 06:01:45,768 3798683 road_revised.py Completed 5400 of 34374, 15.71%
2026-07-23 06:01:45,772 3798683 road_revised.py RSS checkpoint [iter1_lcp_progress_5400_of_34374]: 8.86 GB
2026-07-23 06:01:46,217 3798683 road_revised.py Completed 5410 of 34374, 15.74%
2026-07-23 06:01:46,217 3798683 road_revised.py Completed 5420 of 34374, 15.77%
2026-07-23 06:01:46,219 3798683 road_revised.py Completed 5430 of 34374, 15.80%
2026-07-23 06:01:46,220 3798683 road_revised.py Completed 5440 of 34374, 15.83%
2026-07-23 06:01:46,221 3798683 road_revised.py Completed 5450 of 34374, 15.86%
2026-07-23 06:01:46,222 3798683 road_revised.py Completed 5460 of 34374, 15.88%
2026-07-23 06:01:46,332 3798683 road_revised.py Completed 5470 of 34374, 15.91%
2026-07-23 06:01:46,684 3798683 road_revised.py Completed 5480 of 34374, 15.94%
2026-07-23 06:01:46,966 3798683 road_revised.py Completed 5490 of 34374, 15.97%
2026-07-23 06:01:47,260 3798683 road_revised.py Completed 5500 of 34374, 16.00%
2026-07-23 06:01:47,262 3798683 road_revised.py RSS checkpoint [iter1_lcp_progress_5500_of_34374]: 8.71 GB
2026-07-23 06:01:47,583 3798683 road_revised.py Completed 5510 of 34374, 16.03%
2026-07-23 06:01:47,824 3798683 road_revised.py Completed 5520 of 34374, 16.06%
2026-07-23 06:01:48,135 3798683 road_revised.py Completed 5530 of 34374, 16.09%
2026-07-23 06:01:48,358 3798683 road_revised.py Completed 5540 of 34374, 16.12%
2026-07-23 06:01:51,228 3798683 road_revised.py Completed 5550 of 34374, 16.15%
2026-07-23 06:01:51,238 3798683 road_revised.py Completed 5560 of 34374, 16.18%
2026-07-23 06:01:51,279 3798683 road_revised.py Completed 5570 of 34374, 16.20%
2026-07-23 06:01:51,280 3798683 road_revised.py Completed 5580 of 34374, 16.23%
2026-07-23 06:01:51,285 3798683 road_revised.py Completed 5590 of 34374, 16.26%
2026-07-23 06:01:51,289 3798683 road_revised.py Completed 5600 of 34374, 16.29%
2026-07-23 06:01:51,296 3798683 road_revised.py RSS checkpoint [iter1_lcp_progress_5600_of_34374]: 8.55 GB
2026-07-23 06:01:51,322 3798683 road_revised.py Completed 5610 of 34374, 16.32%
2026-07-23 06:01:51,361 3798683 road_revised.py Completed 5620 of 34374, 16.35%
2026-07-23 06:01:51,639 3798683 road_revised.py Completed 5630 of 34374, 16.38%
2026-07-23 06:01:51,894 3798683 road_revised.py Completed 5640 of 34374, 16.41%
2026-07-23 06:01:52,140 3798683 road_revised.py Completed 5650 of 34374, 16.44%
2026-07-23 06:01:52,427 3798683 road_revised.py Completed 5660 of 34374, 16.47%
2026-07-23 06:01:52,682 3798683 road_revised.py Completed 5670 of 34374, 16.50%
2026-07-23 06:01:52,942 3798683 road_revised.py Completed 5680 of 34374, 16.52%
2026-07-23 06:01:53,221 3798683 road_revised.py Completed 5690 of 34374, 16.55%
2026-07-23 06:01:53,460 3798683 road_revised.py Completed 5700 of 34374, 16.58%
2026-07-23 06:01:53,472 3798683 road_revised.py RSS checkpoint [iter1_lcp_progress_5700_of_34374]: 8.42 GB
2026-07-23 06:01:53,732 3798683 road_revised.py Completed 5710 of 34374, 16.61%
2026-07-23 06:01:58,017 3798683 road_revised.py Completed 5720 of 34374, 16.64%
2026-07-23 06:01:58,022 3798683 road_revised.py Completed 5730 of 34374, 16.67%
2026-07-23 06:01:58,022 3798683 road_revised.py Completed 5740 of 34374, 16.70%
2026-07-23 06:01:58,023 3798683 road_revised.py Completed 5750 of 34374, 16.73%
2026-07-23 06:01:58,041 3798683 road_revised.py Completed 5760 of 34374, 16.76%
2026-07-23 06:01:58,042 3798683 road_revised.py Completed 5770 of 34374, 16.79%
2026-07-23 06:01:58,054 3798683 road_revised.py Completed 5780 of 34374, 16.82%
2026-07-23 06:01:58,057 3798683 road_revised.py Completed 5790 of 34374, 16.84%
2026-07-23 06:01:58,058 3798683 road_revised.py Completed 5800 of 34374, 16.87%
2026-07-23 06:01:58,068 3798683 road_revised.py RSS checkpoint [iter1_lcp_progress_5800_of_34374]: 9.24 GB
2026-07-23 06:01:58,293 3798683 road_revised.py Completed 5810 of 34374, 16.90%
2026-07-23 06:01:58,617 3798683 road_revised.py Completed 5820 of 34374, 16.93%
2026-07-23 06:01:58,906 3798683 road_revised.py Completed 5830 of 34374, 16.96%
2026-07-23 06:01:59,246 3798683 road_revised.py Completed 5840 of 34374, 16.99%
2026-07-23 06:01:59,555 3798683 road_revised.py Completed 5850 of 34374, 17.02%
2026-07-23 06:01:59,858 3798683 road_revised.py Completed 5860 of 34374, 17.05%
2026-07-23 06:02:00,196 3798683 road_revised.py Completed 5870 of 34374, 17.08%
2026-07-23 06:02:00,452 3798683 road_revised.py Completed 5880 of 34374, 17.11%
2026-07-23 06:02:03,940 3798683 road_revised.py Completed 5890 of 34374, 17.14%
2026-07-23 06:02:03,945 3798683 road_revised.py Completed 5900 of 34374, 17.16%
2026-07-23 06:02:03,957 3798683 road_revised.py RSS checkpoint [iter1_lcp_progress_5900_of_34374]: 9.21 GB
2026-07-23 06:02:03,981 3798683 road_revised.py Completed 5910 of 34374, 17.19%
2026-07-23 06:02:03,983 3798683 road_revised.py Completed 5920 of 34374, 17.22%
2026-07-23 06:02:03,984 3798683 road_revised.py Completed 5930 of 34374, 17.25%
2026-07-23 06:02:03,986 3798683 road_revised.py Completed 5940 of 34374, 17.28%
2026-07-23 06:02:03,987 3798683 road_revised.py Completed 5950 of 34374, 17.31%
2026-07-23 06:02:03,988 3798683 road_revised.py Completed 5960 of 34374, 17.34%
2026-07-23 06:02:04,165 3798683 road_revised.py Completed 5970 of 34374, 17.37%
2026-07-23 06:02:04,447 3798683 road_revised.py Completed 5980 of 34374, 17.40%
2026-07-23 06:02:04,694 3798683 road_revised.py Completed 5990 of 34374, 17.43%
2026-07-23 06:02:04,980 3798683 road_revised.py Completed 6000 of 34374, 17.46%
2026-07-23 06:02:04,981 3798683 road_revised.py RSS checkpoint [iter1_lcp_progress_6000_of_34374]: 8.86 GB
2026-07-23 06:02:05,236 3798683 road_revised.py Completed 6010 of 34374, 17.48%
2026-07-23 06:02:05,542 3798683 road_revised.py Completed 6020 of 34374, 17.51%
2026-07-23 06:02:05,771 3798683 road_revised.py Completed 6030 of 34374, 17.54%
2026-07-23 06:02:06,040 3798683 road_revised.py Completed 6040 of 34374, 17.57%
2026-07-23 06:02:06,318 3798683 road_revised.py Completed 6050 of 34374, 17.60%
2026-07-23 06:02:09,585 3798683 road_revised.py Completed 6060 of 34374, 17.63%
2026-07-23 06:02:09,591 3798683 road_revised.py Completed 6070 of 34374, 17.66%
2026-07-23 06:02:09,616 3798683 road_revised.py Completed 6080 of 34374, 17.69%
2026-07-23 06:02:09,617 3798683 road_revised.py Completed 6090 of 34374, 17.72%
2026-07-23 06:02:09,617 3798683 road_revised.py Completed 6100 of 34374, 17.75%
2026-07-23 06:02:09,622 3798683 road_revised.py RSS checkpoint [iter1_lcp_progress_6100_of_34374]: 9.04 GB
2026-07-23 06:02:10,080 3798683 road_revised.py Completed 6110 of 34374, 17.78%
2026-07-23 06:02:10,084 3798683 road_revised.py Completed 6120 of 34374, 17.80%
2026-07-23 06:02:10,092 3798683 road_revised.py Completed 6130 of 34374, 17.83%
2026-07-23 06:02:10,106 3798683 road_revised.py Completed 6140 of 34374, 17.86%
2026-07-23 06:02:10,184 3798683 road_revised.py Completed 6150 of 34374, 17.89%
2026-07-23 06:02:10,436 3798683 road_revised.py Completed 6160 of 34374, 17.92%
2026-07-23 06:02:10,697 3798683 road_revised.py Completed 6170 of 34374, 17.95%
2026-07-23 06:02:10,972 3798683 road_revised.py Completed 6180 of 34374, 17.98%
2026-07-23 06:02:11,251 3798683 road_revised.py Completed 6190 of 34374, 18.01%
2026-07-23 06:02:11,496 3798683 road_revised.py Completed 6200 of 34374, 18.04%
2026-07-23 06:02:11,497 3798683 road_revised.py RSS checkpoint [iter1_lcp_progress_6200_of_34374]: 8.94 GB
2026-07-23 06:02:11,784 3798683 road_revised.py Completed 6210 of 34374, 18.07%
2026-07-23 06:02:14,517 3798683 road_revised.py Completed 6220 of 34374, 18.10%
2026-07-23 06:02:14,520 3798683 road_revised.py Completed 6230 of 34374, 18.12%
2026-07-23 06:02:14,521 3798683 road_revised.py Completed 6240 of 34374, 18.15%
2026-07-23 06:02:14,545 3798683 road_revised.py Completed 6250 of 34374, 18.18%
2026-07-23 06:02:14,546 3798683 road_revised.py Completed 6260 of 34374, 18.21%
2026-07-23 06:02:14,547 3798683 road_revised.py Completed 6270 of 34374, 18.24%
2026-07-23 06:02:14,550 3798683 road_revised.py Completed 6280 of 34374, 18.27%
2026-07-23 06:02:14,655 3798683 road_revised.py Completed 6290 of 34374, 18.30%
2026-07-23 06:02:15,013 3798683 road_revised.py Completed 6300 of 34374, 18.33%
2026-07-23 06:02:15,013 3798683 road_revised.py RSS checkpoint [iter1_lcp_progress_6300_of_34374]: 8.85 GB
2026-07-23 06:02:15,313 3798683 road_revised.py Completed 6310 of 34374, 18.36%
2026-07-23 06:02:15,623 3798683 road_revised.py Completed 6320 of 34374, 18.39%
2026-07-23 06:02:15,882 3798683 road_revised.py Completed 6330 of 34374, 18.42%
2026-07-23 06:02:16,161 3798683 road_revised.py Completed 6340 of 34374, 18.44%
2026-07-23 06:02:16,532 3798683 road_revised.py Completed 6350 of 34374, 18.47%
2026-07-23 06:02:16,740 3798683 road_revised.py Completed 6360 of 34374, 18.50%
2026-07-23 06:02:17,020 3798683 road_revised.py Completed 6370 of 34374, 18.53%
2026-07-23 06:02:17,289 3798683 road_revised.py Completed 6380 of 34374, 18.56%
2026-07-23 06:02:21,065 3798683 road_revised.py Completed 6390 of 34374, 18.59%
2026-07-23 06:02:21,095 3798683 road_revised.py Completed 6400 of 34374, 18.62%
2026-07-23 06:02:21,099 3798683 road_revised.py RSS checkpoint [iter1_lcp_progress_6400_of_34374]: 9.63 GB
2026-07-23 06:02:21,102 3798683 road_revised.py Completed 6410 of 34374, 18.65%
2026-07-23 06:02:21,103 3798683 road_revised.py Completed 6420 of 34374, 18.68%
2026-07-23 06:02:21,569 3798683 road_revised.py Completed 6430 of 34374, 18.71%
2026-07-23 06:02:21,571 3798683 road_revised.py Completed 6440 of 34374, 18.74%
2026-07-23 06:02:21,571 3798683 road_revised.py Completed 6450 of 34374, 18.76%
2026-07-23 06:02:21,584 3798683 road_revised.py Completed 6460 of 34374, 18.79%
2026-07-23 06:02:21,585 3798683 road_revised.py Completed 6470 of 34374, 18.82%
2026-07-23 06:02:21,594 3798683 road_revised.py Completed 6480 of 34374, 18.85%
2026-07-23 06:02:21,826 3798683 road_revised.py Completed 6490 of 34374, 18.88%
2026-07-23 06:02:22,077 3798683 road_revised.py Completed 6500 of 34374, 18.91%
2026-07-23 06:02:22,077 3798683 road_revised.py RSS checkpoint [iter1_lcp_progress_6500_of_34374]: 9.35 GB
2026-07-23 06:02:22,401 3798683 road_revised.py Completed 6510 of 34374, 18.94%
2026-07-23 06:02:22,647 3798683 road_revised.py Completed 6520 of 34374, 18.97%
2026-07-23 06:02:22,908 3798683 road_revised.py Completed 6530 of 34374, 19.00%
2026-07-23 06:02:23,170 3798683 road_revised.py Completed 6540 of 34374, 19.03%
2026-07-23 06:02:23,492 3798683 road_revised.py Completed 6550 of 34374, 19.06%
2026-07-23 06:02:25,916 3798683 road_revised.py Completed 6560 of 34374, 19.08%
2026-07-23 06:02:25,920 3798683 road_revised.py Completed 6570 of 34374, 19.11%
2026-07-23 06:02:25,954 3798683 road_revised.py Completed 6580 of 34374, 19.14%
2026-07-23 06:02:25,955 3798683 road_revised.py Completed 6590 of 34374, 19.17%
2026-07-23 06:02:25,961 3798683 road_revised.py Completed 6600 of 34374, 19.20%
2026-07-23 06:02:25,965 3798683 road_revised.py RSS checkpoint [iter1_lcp_progress_6600_of_34374]: 9.22 GB
2026-07-23 06:02:25,983 3798683 road_revised.py Completed 6610 of 34374, 19.23%
2026-07-23 06:02:25,992 3798683 road_revised.py Completed 6620 of 34374, 19.26%
2026-07-23 06:02:26,271 3798683 road_revised.py Completed 6630 of 34374, 19.29%
2026-07-23 06:02:26,605 3798683 road_revised.py Completed 6640 of 34374, 19.32%
2026-07-23 06:02:26,845 3798683 road_revised.py Completed 6650 of 34374, 19.35%
2026-07-23 06:02:27,113 3798683 road_revised.py Completed 6660 of 34374, 19.38%
2026-07-23 06:02:27,379 3798683 road_revised.py Completed 6670 of 34374, 19.40%
2026-07-23 06:02:27,667 3798683 road_revised.py Completed 6680 of 34374, 19.43%
2026-07-23 06:02:27,922 3798683 road_revised.py Completed 6690 of 34374, 19.46%
2026-07-23 06:02:28,172 3798683 road_revised.py Completed 6700 of 34374, 19.49%
2026-07-23 06:02:28,173 3798683 road_revised.py RSS checkpoint [iter1_lcp_progress_6700_of_34374]: 9.16 GB
2026-07-23 06:02:28,452 3798683 road_revised.py Completed 6710 of 34374, 19.52%
2026-07-23 06:02:28,721 3798683 road_revised.py Completed 6720 of 34374, 19.55%
2026-07-23 06:02:32,238 3798683 road_revised.py Completed 6730 of 34374, 19.58%
2026-07-23 06:02:32,295 3798683 road_revised.py Completed 6740 of 34374, 19.61%
2026-07-23 06:02:32,306 3798683 road_revised.py Completed 6750 of 34374, 19.64%
2026-07-23 06:02:32,318 3798683 road_revised.py Completed 6760 of 34374, 19.67%
2026-07-23 06:02:32,831 3798683 road_revised.py Completed 6770 of 34374, 19.70%
2026-07-23 06:02:32,833 3798683 road_revised.py Completed 6780 of 34374, 19.72%
2026-07-23 06:02:32,837 3798683 road_revised.py Completed 6790 of 34374, 19.75%
2026-07-23 06:02:32,838 3798683 road_revised.py Completed 6800 of 34374, 19.78%
2026-07-23 06:02:32,838 3798683 road_revised.py RSS checkpoint [iter1_lcp_progress_6800_of_34374]: 9.56 GB
2026-07-23 06:02:33,020 3798683 road_revised.py Completed 6810 of 34374, 19.81%
2026-07-23 06:02:33,306 3798683 road_revised.py Completed 6820 of 34374, 19.84%
2026-07-23 06:02:33,589 3798683 road_revised.py Completed 6830 of 34374, 19.87%
2026-07-23 06:02:33,894 3798683 road_revised.py Completed 6840 of 34374, 19.90%
2026-07-23 06:02:34,176 3798683 road_revised.py Completed 6850 of 34374, 19.93%
2026-07-23 06:02:34,465 3798683 road_revised.py Completed 6860 of 34374, 19.96%
2026-07-23 06:02:34,762 3798683 road_revised.py Completed 6870 of 34374, 19.99%
2026-07-23 06:02:35,058 3798683 road_revised.py Completed 6880 of 34374, 20.02%
2026-07-23 06:02:38,440 3798683 road_revised.py Completed 6890 of 34374, 20.04%
2026-07-23 06:02:38,445 3798683 road_revised.py Completed 6900 of 34374, 20.07%
2026-07-23 06:02:38,449 3798683 road_revised.py RSS checkpoint [iter1_lcp_progress_6900_of_34374]: 9.50 GB
2026-07-23 06:02:38,452 3798683 road_revised.py Completed 6910 of 34374, 20.10%
2026-07-23 06:02:38,468 3798683 road_revised.py Completed 6920 of 34374, 20.13%
2026-07-23 06:02:38,472 3798683 road_revised.py Completed 6930 of 34374, 20.16%
2026-07-23 06:02:38,473 3798683 road_revised.py Completed 6940 of 34374, 20.19%
2026-07-23 06:02:38,490 3798683 road_revised.py Completed 6950 of 34374, 20.22%
2026-07-23 06:02:38,491 3798683 road_revised.py Completed 6960 of 34374, 20.25%
2026-07-23 06:02:38,686 3798683 road_revised.py Completed 6970 of 34374, 20.28%
2026-07-23 06:02:38,952 3798683 road_revised.py Completed 6980 of 34374, 20.31%
2026-07-23 06:02:39,221 3798683 road_revised.py Completed 6990 of 34374, 20.34%
2026-07-23 06:02:39,569 3798683 road_revised.py Completed 7000 of 34374, 20.36%
2026-07-23 06:02:39,577 3798683 road_revised.py RSS checkpoint [iter1_lcp_progress_7000_of_34374]: 9.20 GB
2026-07-23 06:02:39,811 3798683 road_revised.py Completed 7010 of 34374, 20.39%
2026-07-23 06:02:40,092 3798683 road_revised.py Completed 7020 of 34374, 20.42%
2026-07-23 06:02:40,361 3798683 road_revised.py Completed 7030 of 34374, 20.45%
2026-07-23 06:02:40,670 3798683 road_revised.py Completed 7040 of 34374, 20.48%
2026-07-23 06:02:40,909 3798683 road_revised.py Completed 7050 of 34374, 20.51%
2026-07-23 06:02:44,277 3798683 road_revised.py Completed 7060 of 34374, 20.54%
2026-07-23 06:02:44,280 3798683 road_revised.py Completed 7070 of 34374, 20.57%
2026-07-23 06:02:44,281 3798683 road_revised.py Completed 7080 of 34374, 20.60%
2026-07-23 06:02:44,282 3798683 road_revised.py Completed 7090 of 34374, 20.63%
2026-07-23 06:02:44,748 3798683 road_revised.py Completed 7100 of 34374, 20.66%
2026-07-23 06:02:44,748 3798683 road_revised.py RSS checkpoint [iter1_lcp_progress_7100_of_34374]: 9.39 GB
2026-07-23 06:02:44,749 3798683 road_revised.py Completed 7110 of 34374, 20.68%
2026-07-23 06:02:44,761 3798683 road_revised.py Completed 7120 of 34374, 20.71%
2026-07-23 06:02:44,763 3798683 road_revised.py Completed 7130 of 34374, 20.74%
2026-07-23 06:02:44,776 3798683 road_revised.py Completed 7140 of 34374, 20.77%
2026-07-23 06:02:45,006 3798683 road_revised.py Completed 7150 of 34374, 20.80%
2026-07-23 06:02:45,363 3798683 road_revised.py Completed 7160 of 34374, 20.83%
2026-07-23 06:02:45,638 3798683 road_revised.py Completed 7170 of 34374, 20.86%
2026-07-23 06:02:45,880 3798683 road_revised.py Completed 7180 of 34374, 20.89%
2026-07-23 06:02:46,132 3798683 road_revised.py Completed 7190 of 34374, 20.92%
2026-07-23 06:02:46,407 3798683 road_revised.py Completed 7200 of 34374, 20.95%
2026-07-23 06:02:46,407 3798683 road_revised.py RSS checkpoint [iter1_lcp_progress_7200_of_34374]: 9.58 GB
2026-07-23 06:02:46,657 3798683 road_revised.py Completed 7210 of 34374, 20.98%
2026-07-23 06:02:46,905 3798683 road_revised.py Completed 7220 of 34374, 21.00%
2026-07-23 06:02:49,481 3798683 road_revised.py Completed 7230 of 34374, 21.03%
2026-07-23 06:02:49,490 3798683 road_revised.py Completed 7240 of 34374, 21.06%
2026-07-23 06:02:49,491 3798683 road_revised.py Completed 7250 of 34374, 21.09%
2026-07-23 06:02:49,518 3798683 road_revised.py Completed 7260 of 34374, 21.12%
2026-07-23 06:02:49,519 3798683 road_revised.py Completed 7270 of 34374, 21.15%
2026-07-23 06:02:49,520 3798683 road_revised.py Completed 7280 of 34374, 21.18%
2026-07-23 06:02:49,548 3798683 road_revised.py Completed 7290 of 34374, 21.21%
2026-07-23 06:02:49,878 3798683 road_revised.py Completed 7300 of 34374, 21.24%
2026-07-23 06:02:49,878 3798683 road_revised.py RSS checkpoint [iter1_lcp_progress_7300_of_34374]: 9.34 GB
2026-07-23 06:02:50,162 3798683 road_revised.py Completed 7310 of 34374, 21.27%
2026-07-23 06:02:50,441 3798683 road_revised.py Completed 7320 of 34374, 21.30%
2026-07-23 06:02:50,747 3798683 road_revised.py Completed 7330 of 34374, 21.32%
2026-07-23 06:02:51,027 3798683 road_revised.py Completed 7340 of 34374, 21.35%
2026-07-23 06:02:51,311 3798683 road_revised.py Completed 7350 of 34374, 21.38%
2026-07-23 06:02:51,609 3798683 road_revised.py Completed 7360 of 34374, 21.41%
2026-07-23 06:02:51,966 3798683 road_revised.py Completed 7370 of 34374, 21.44%
2026-07-23 06:02:52,185 3798683 road_revised.py Completed 7380 of 34374, 21.47%
2026-07-23 06:02:52,483 3798683 road_revised.py Completed 7390 of 34374, 21.50%
2026-07-23 06:02:56,261 3798683 road_revised.py Completed 7400 of 34374, 21.53%
2026-07-23 06:02:56,266 3798683 road_revised.py RSS checkpoint [iter1_lcp_progress_7400_of_34374]: 10.27 GB
2026-07-23 06:02:56,271 3798683 road_revised.py Completed 7410 of 34374, 21.56%
2026-07-23 06:02:56,735 3798683 road_revised.py Completed 7420 of 34374, 21.59%
2026-07-23 06:02:56,745 3798683 road_revised.py Completed 7430 of 34374, 21.62%
2026-07-23 06:02:56,748 3798683 road_revised.py Completed 7440 of 34374, 21.64%
2026-07-23 06:02:56,749 3798683 road_revised.py Completed 7450 of 34374, 21.67%
2026-07-23 06:02:56,750 3798683 road_revised.py Completed 7460 of 34374, 21.70%
2026-07-23 06:02:56,752 3798683 road_revised.py Completed 7470 of 34374, 21.73%
2026-07-23 06:02:56,767 3798683 road_revised.py Completed 7480 of 34374, 21.76%
2026-07-23 06:02:57,028 3798683 road_revised.py Completed 7490 of 34374, 21.79%
2026-07-23 06:02:57,428 3798683 road_revised.py Completed 7500 of 34374, 21.82%
2026-07-23 06:02:57,429 3798683 road_revised.py RSS checkpoint [iter1_lcp_progress_7500_of_34374]: 10.11 GB
2026-07-23 06:02:57,594 3798683 road_revised.py Completed 7510 of 34374, 21.85%
2026-07-23 06:02:57,915 3798683 road_revised.py Completed 7520 of 34374, 21.88%
2026-07-23 06:02:58,191 3798683 road_revised.py Completed 7530 of 34374, 21.91%
2026-07-23 06:02:58,487 3798683 road_revised.py Completed 7540 of 34374, 21.94%
2026-07-23 06:02:58,728 3798683 road_revised.py Completed 7550 of 34374, 21.96%
2026-07-23 06:02:59,013 3798683 road_revised.py Completed 7560 of 34374, 21.99%
2026-07-23 06:03:01,565 3798683 road_revised.py Completed 7570 of 34374, 22.02%
2026-07-23 06:03:01,604 3798683 road_revised.py Completed 7580 of 34374, 22.05%
2026-07-23 06:03:01,605 3798683 road_revised.py Completed 7590 of 34374, 22.08%
2026-07-23 06:03:01,606 3798683 road_revised.py Completed 7600 of 34374, 22.11%
2026-07-23 06:03:01,607 3798683 road_revised.py RSS checkpoint [iter1_lcp_progress_7600_of_34374]: 9.94 GB
2026-07-23 06:03:01,611 3798683 road_revised.py Completed 7610 of 34374, 22.14%
2026-07-23 06:03:01,612 3798683 road_revised.py Completed 7620 of 34374, 22.17%
2026-07-23 06:03:01,654 3798683 road_revised.py Completed 7630 of 34374, 22.20%
2026-07-23 06:03:01,949 3798683 road_revised.py Completed 7640 of 34374, 22.23%
2026-07-23 06:03:02,181 3798683 road_revised.py Completed 7650 of 34374, 22.26%
2026-07-23 06:03:02,479 3798683 road_revised.py Completed 7660 of 34374, 22.28%
2026-07-23 06:03:02,704 3798683 road_revised.py Completed 7670 of 34374, 22.31%
2026-07-23 06:03:02,999 3798683 road_revised.py Completed 7680 of 34374, 22.34%
2026-07-23 06:03:03,231 3798683 road_revised.py Completed 7690 of 34374, 22.37%
2026-07-23 06:03:03,481 3798683 road_revised.py Completed 7700 of 34374, 22.40%
2026-07-23 06:03:03,481 3798683 road_revised.py RSS checkpoint [iter1_lcp_progress_7700_of_34374]: 9.77 GB
2026-07-23 06:03:03,751 3798683 road_revised.py Completed 7710 of 34374, 22.43%
2026-07-23 06:03:03,981 3798683 road_revised.py Completed 7720 of 34374, 22.46%
2026-07-23 06:03:07,261 3798683 road_revised.py Completed 7730 of 34374, 22.49%
2026-07-23 06:03:07,717 3798683 road_revised.py Completed 7740 of 34374, 22.52%
2026-07-23 06:03:07,718 3798683 road_revised.py Completed 7750 of 34374, 22.55%
2026-07-23 06:03:07,728 3798683 road_revised.py Completed 7760 of 34374, 22.58%
2026-07-23 06:03:07,736 3798683 road_revised.py Completed 7770 of 34374, 22.60%
2026-07-23 06:03:07,738 3798683 road_revised.py Completed 7780 of 34374, 22.63%
2026-07-23 06:03:07,744 3798683 road_revised.py Completed 7790 of 34374, 22.66%
2026-07-23 06:03:07,745 3798683 road_revised.py Completed 7800 of 34374, 22.69%
2026-07-23 06:03:07,754 3798683 road_revised.py RSS checkpoint [iter1_lcp_progress_7800_of_34374]: 9.76 GB
2026-07-23 06:03:07,758 3798683 road_revised.py Completed 7810 of 34374, 22.72%
2026-07-23 06:03:07,877 3798683 road_revised.py Completed 7820 of 34374, 22.75%
2026-07-23 06:03:08,116 3798683 road_revised.py Completed 7830 of 34374, 22.78%
2026-07-23 06:03:08,386 3798683 road_revised.py Completed 7840 of 34374, 22.81%
2026-07-23 06:03:08,630 3798683 road_revised.py Completed 7850 of 34374, 22.84%
2026-07-23 06:03:08,897 3798683 road_revised.py Completed 7860 of 34374, 22.87%
2026-07-23 06:03:09,137 3798683 road_revised.py Completed 7870 of 34374, 22.90%
2026-07-23 06:03:09,389 3798683 road_revised.py Completed 7880 of 34374, 22.92%
2026-07-23 06:03:09,717 3798683 road_revised.py Completed 7890 of 34374, 22.95%
2026-07-23 06:03:12,378 3798683 road_revised.py Completed 7900 of 34374, 22.98%
2026-07-23 06:03:12,379 3798683 road_revised.py RSS checkpoint [iter1_lcp_progress_7900_of_34374]: 10.07 GB
2026-07-23 06:03:12,383 3798683 road_revised.py Completed 7910 of 34374, 23.01%
2026-07-23 06:03:12,424 3798683 road_revised.py Completed 7920 of 34374, 23.04%
2026-07-23 06:03:12,436 3798683 road_revised.py Completed 7930 of 34374, 23.07%
2026-07-23 06:03:12,437 3798683 road_revised.py Completed 7940 of 34374, 23.10%
2026-07-23 06:03:12,453 3798683 road_revised.py Completed 7950 of 34374, 23.13%
2026-07-23 06:03:12,668 3798683 road_revised.py Completed 7960 of 34374, 23.16%
2026-07-23 06:03:12,950 3798683 road_revised.py Completed 7970 of 34374, 23.19%
2026-07-23 06:03:13,247 3798683 road_revised.py Completed 7980 of 34374, 23.22%
2026-07-23 06:03:13,546 3798683 road_revised.py Completed 7990 of 34374, 23.24%
2026-07-23 06:03:13,823 3798683 road_revised.py Completed 8000 of 34374, 23.27%
2026-07-23 06:03:13,823 3798683 road_revised.py RSS checkpoint [iter1_lcp_progress_8000_of_34374]: 9.92 GB
2026-07-23 06:03:14,120 3798683 road_revised.py Completed 8010 of 34374, 23.30%
2026-07-23 06:03:14,409 3798683 road_revised.py Completed 8020 of 34374, 23.33%
2026-07-23 06:03:14,718 3798683 road_revised.py Completed 8030 of 34374, 23.36%
2026-07-23 06:03:15,001 3798683 road_revised.py Completed 8040 of 34374, 23.39%
2026-07-23 06:03:15,281 3798683 road_revised.py Completed 8050 of 34374, 23.42%
2026-07-23 06:03:15,585 3798683 road_revised.py Completed 8060 of 34374, 23.45%
2026-07-23 06:03:19,949 3798683 road_revised.py Completed 8070 of 34374, 23.48%
2026-07-23 06:03:19,951 3798683 road_revised.py Completed 8080 of 34374, 23.51%
2026-07-23 06:03:19,952 3798683 road_revised.py Completed 8090 of 34374, 23.54%
2026-07-23 06:03:19,954 3798683 road_revised.py Completed 8100 of 34374, 23.56%
2026-07-23 06:03:19,961 3798683 road_revised.py RSS checkpoint [iter1_lcp_progress_8100_of_34374]: 10.55 GB
2026-07-23 06:03:19,963 3798683 road_revised.py Completed 8110 of 34374, 23.59%
2026-07-23 06:03:19,964 3798683 road_revised.py Completed 8120 of 34374, 23.62%
2026-07-23 06:03:19,981 3798683 road_revised.py Completed 8130 of 34374, 23.65%
2026-07-23 06:03:19,982 3798683 road_revised.py Completed 8140 of 34374, 23.68%
2026-07-23 06:03:20,166 3798683 road_revised.py Completed 8150 of 34374, 23.71%
2026-07-23 06:03:20,404 3798683 road_revised.py Completed 8160 of 34374, 23.74%
2026-07-23 06:03:20,678 3798683 road_revised.py Completed 8170 of 34374, 23.77%
2026-07-23 06:03:20,937 3798683 road_revised.py Completed 8180 of 34374, 23.80%
2026-07-23 06:03:21,232 3798683 road_revised.py Completed 8190 of 34374, 23.83%
2026-07-23 06:03:21,470 3798683 road_revised.py Completed 8200 of 34374, 23.86%
2026-07-23 06:03:21,470 3798683 road_revised.py RSS checkpoint [iter1_lcp_progress_8200_of_34374]: 10.33 GB
2026-07-23 06:03:21,777 3798683 road_revised.py Completed 8210 of 34374, 23.88%
2026-07-23 06:03:22,053 3798683 road_revised.py Completed 8220 of 34374, 23.91%
2026-07-23 06:03:22,342 3798683 road_revised.py Completed 8230 of 34374, 23.94%
2026-07-23 06:03:24,709 3798683 road_revised.py Completed 8240 of 34374, 23.97%
2026-07-23 06:03:24,710 3798683 road_revised.py Completed 8250 of 34374, 24.00%
2026-07-23 06:03:24,714 3798683 road_revised.py Completed 8260 of 34374, 24.03%
2026-07-23 06:03:24,716 3798683 road_revised.py Completed 8270 of 34374, 24.06%
2026-07-23 06:03:24,717 3798683 road_revised.py Completed 8280 of 34374, 24.09%
2026-07-23 06:03:24,730 3798683 road_revised.py Completed 8290 of 34374, 24.12%
2026-07-23 06:03:24,961 3798683 road_revised.py Completed 8300 of 34374, 24.15%
2026-07-23 06:03:24,961 3798683 road_revised.py RSS checkpoint [iter1_lcp_progress_8300_of_34374]: 9.94 GB
2026-07-23 06:03:25,327 3798683 road_revised.py Completed 8310 of 34374, 24.18%
2026-07-23 06:03:25,635 3798683 road_revised.py Completed 8320 of 34374, 24.20%
2026-07-23 06:03:25,864 3798683 road_revised.py Completed 8330 of 34374, 24.23%
2026-07-23 06:03:26,117 3798683 road_revised.py Completed 8340 of 34374, 24.26%
2026-07-23 06:03:26,382 3798683 road_revised.py Completed 8350 of 34374, 24.29%
2026-07-23 06:03:26,619 3798683 road_revised.py Completed 8360 of 34374, 24.32%
2026-07-23 06:03:26,920 3798683 road_revised.py Completed 8370 of 34374, 24.35%
2026-07-23 06:03:27,176 3798683 road_revised.py Completed 8380 of 34374, 24.38%
2026-07-23 06:03:27,541 3798683 road_revised.py Completed 8390 of 34374, 24.41%
2026-07-23 06:03:30,879 3798683 road_revised.py Completed 8400 of 34374, 24.44%
2026-07-23 06:03:30,889 3798683 road_revised.py RSS checkpoint [iter1_lcp_progress_8400_of_34374]: 10.40 GB
2026-07-23 06:03:30,897 3798683 road_revised.py Completed 8410 of 34374, 24.47%
2026-07-23 06:03:30,941 3798683 road_revised.py Completed 8420 of 34374, 24.50%
2026-07-23 06:03:30,944 3798683 road_revised.py Completed 8430 of 34374, 24.52%
2026-07-23 06:03:30,946 3798683 road_revised.py Completed 8440 of 34374, 24.55%
2026-07-23 06:03:31,402 3798683 road_revised.py Completed 8450 of 34374, 24.58%
2026-07-23 06:03:31,404 3798683 road_revised.py Completed 8460 of 34374, 24.61%
2026-07-23 06:03:31,405 3798683 road_revised.py Completed 8470 of 34374, 24.64%
2026-07-23 06:03:31,436 3798683 road_revised.py Completed 8480 of 34374, 24.67%
2026-07-23 06:03:31,631 3798683 road_revised.py Completed 8490 of 34374, 24.70%
2026-07-23 06:03:31,904 3798683 road_revised.py Completed 8500 of 34374, 24.73%
2026-07-23 06:03:31,904 3798683 road_revised.py RSS checkpoint [iter1_lcp_progress_8500_of_34374]: 10.33 GB
2026-07-23 06:03:32,200 3798683 road_revised.py Completed 8510 of 34374, 24.76%
2026-07-23 06:03:32,555 3798683 road_revised.py Completed 8520 of 34374, 24.79%
2026-07-23 06:03:32,791 3798683 road_revised.py Completed 8530 of 34374, 24.82%
2026-07-23 06:03:33,090 3798683 road_revised.py Completed 8540 of 34374, 24.84%
2026-07-23 06:03:33,382 3798683 road_revised.py Completed 8550 of 34374, 24.87%
2026-07-23 06:03:33,661 3798683 road_revised.py Completed 8560 of 34374, 24.90%
2026-07-23 06:03:36,684 3798683 road_revised.py Completed 8570 of 34374, 24.93%
2026-07-23 06:03:36,685 3798683 road_revised.py Completed 8580 of 34374, 24.96%
2026-07-23 06:03:36,686 3798683 road_revised.py Completed 8590 of 34374, 24.99%
2026-07-23 06:03:36,705 3798683 road_revised.py Completed 8600 of 34374, 25.02%
2026-07-23 06:03:36,713 3798683 road_revised.py RSS checkpoint [iter1_lcp_progress_8600_of_34374]: 10.68 GB
2026-07-23 06:03:36,714 3798683 road_revised.py Completed 8610 of 34374, 25.05%
2026-07-23 06:03:36,718 3798683 road_revised.py Completed 8620 of 34374, 25.08%
2026-07-23 06:03:36,924 3798683 road_revised.py Completed 8630 of 34374, 25.11%
2026-07-23 06:03:37,170 3798683 road_revised.py Completed 8640 of 34374, 25.14%
2026-07-23 06:03:37,448 3798683 road_revised.py Completed 8650 of 34374, 25.16%
2026-07-23 06:03:37,714 3798683 road_revised.py Completed 8660 of 34374, 25.19%
2026-07-23 06:03:38,009 3798683 road_revised.py Completed 8670 of 34374, 25.22%
2026-07-23 06:03:38,291 3798683 road_revised.py Completed 8680 of 34374, 25.25%
2026-07-23 06:03:38,540 3798683 road_revised.py Completed 8690 of 34374, 25.28%
2026-07-23 06:03:38,819 3798683 road_revised.py Completed 8700 of 34374, 25.31%
2026-07-23 06:03:38,819 3798683 road_revised.py RSS checkpoint [iter1_lcp_progress_8700_of_34374]: 10.47 GB
2026-07-23 06:03:39,090 3798683 road_revised.py Completed 8710 of 34374, 25.34%
2026-07-23 06:03:39,397 3798683 road_revised.py Completed 8720 of 34374, 25.37%
2026-07-23 06:03:39,686 3798683 road_revised.py Completed 8730 of 34374, 25.40%
2026-07-23 06:03:43,676 3798683 road_revised.py Completed 8740 of 34374, 25.43%
2026-07-23 06:03:43,681 3798683 road_revised.py Completed 8750 of 34374, 25.46%
2026-07-23 06:03:44,160 3798683 road_revised.py Completed 8760 of 34374, 25.48%
2026-07-23 06:03:44,163 3798683 road_revised.py Completed 8770 of 34374, 25.51%
2026-07-23 06:03:44,163 3798683 road_revised.py Completed 8780 of 34374, 25.54%
2026-07-23 06:03:44,165 3798683 road_revised.py Completed 8790 of 34374, 25.57%
2026-07-23 06:03:44,166 3798683 road_revised.py Completed 8800 of 34374, 25.60%
2026-07-23 06:03:44,179 3798683 road_revised.py RSS checkpoint [iter1_lcp_progress_8800_of_34374]: 10.48 GB
2026-07-23 06:03:44,184 3798683 road_revised.py Completed 8810 of 34374, 25.63%
2026-07-23 06:03:44,191 3798683 road_revised.py Completed 8820 of 34374, 25.66%
2026-07-23 06:03:44,192 3798683 road_revised.py Completed 8830 of 34374, 25.69%
2026-07-23 06:03:44,210 3798683 road_revised.py Completed 8840 of 34374, 25.72%
2026-07-23 06:03:44,507 3798683 road_revised.py Completed 8850 of 34374, 25.75%
2026-07-23 06:03:44,841 3798683 road_revised.py Completed 8860 of 34374, 25.78%
2026-07-23 06:03:45,108 3798683 road_revised.py Completed 8870 of 34374, 25.80%
2026-07-23 06:03:45,357 3798683 road_revised.py Completed 8880 of 34374, 25.83%
2026-07-23 06:03:45,601 3798683 road_revised.py Completed 8890 of 34374, 25.86%
2026-07-23 06:03:45,892 3798683 road_revised.py Completed 8900 of 34374, 25.89%
2026-07-23 06:03:45,892 3798683 road_revised.py RSS checkpoint [iter1_lcp_progress_8900_of_34374]: 10.68 GB
2026-07-23 06:03:48,242 3798683 road_revised.py Completed 8910 of 34374, 25.92%
2026-07-23 06:03:48,286 3798683 road_revised.py Completed 8920 of 34374, 25.95%
2026-07-23 06:03:48,288 3798683 road_revised.py Completed 8930 of 34374, 25.98%
2026-07-23 06:03:48,289 3798683 road_revised.py Completed 8940 of 34374, 26.01%
2026-07-23 06:03:48,291 3798683 road_revised.py Completed 8950 of 34374, 26.04%
2026-07-23 06:03:48,336 3798683 road_revised.py Completed 8960 of 34374, 26.07%
2026-07-23 06:03:48,667 3798683 road_revised.py Completed 8970 of 34374, 26.10%
2026-07-23 06:03:48,969 3798683 road_revised.py Completed 8980 of 34374, 26.12%
2026-07-23 06:03:49,237 3798683 road_revised.py Completed 8990 of 34374, 26.15%
2026-07-23 06:03:49,525 3798683 road_revised.py Completed 9000 of 34374, 26.18%
2026-07-23 06:03:49,525 3798683 road_revised.py RSS checkpoint [iter1_lcp_progress_9000_of_34374]: 10.45 GB
2026-07-23 06:03:49,855 3798683 road_revised.py Completed 9010 of 34374, 26.21%
2026-07-23 06:03:50,144 3798683 road_revised.py Completed 9020 of 34374, 26.24%
2026-07-23 06:03:50,416 3798683 road_revised.py Completed 9030 of 34374, 26.27%
2026-07-23 06:03:50,717 3798683 road_revised.py Completed 9040 of 34374, 26.30%
2026-07-23 06:03:51,011 3798683 road_revised.py Completed 9050 of 34374, 26.33%
2026-07-23 06:03:51,249 3798683 road_revised.py Completed 9060 of 34374, 26.36%
2026-07-23 06:03:55,177 3798683 road_revised.py Completed 9070 of 34374, 26.39%
2026-07-23 06:03:55,185 3798683 road_revised.py Completed 9080 of 34374, 26.42%
2026-07-23 06:03:55,186 3798683 road_revised.py Completed 9090 of 34374, 26.44%
2026-07-23 06:03:55,663 3798683 road_revised.py Completed 9100 of 34374, 26.47%
2026-07-23 06:03:55,672 3798683 road_revised.py RSS checkpoint [iter1_lcp_progress_9100_of_34374]: 10.67 GB
2026-07-23 06:03:55,673 3798683 road_revised.py Completed 9110 of 34374, 26.50%
2026-07-23 06:03:55,682 3798683 road_revised.py Completed 9120 of 34374, 26.53%
2026-07-23 06:03:55,695 3798683 road_revised.py Completed 9130 of 34374, 26.56%
2026-07-23 06:03:55,696 3798683 road_revised.py Completed 9140 of 34374, 26.59%
2026-07-23 06:03:55,714 3798683 road_revised.py Completed 9150 of 34374, 26.62%
2026-07-23 06:03:55,715 3798683 road_revised.py Completed 9160 of 34374, 26.65%
2026-07-23 06:03:55,948 3798683 road_revised.py Completed 9170 of 34374, 26.68%
2026-07-23 06:03:56,216 3798683 road_revised.py Completed 9180 of 34374, 26.71%
2026-07-23 06:03:56,543 3798683 road_revised.py Completed 9190 of 34374, 26.74%
2026-07-23 06:03:56,774 3798683 road_revised.py Completed 9200 of 34374, 26.76%
2026-07-23 06:03:56,774 3798683 road_revised.py RSS checkpoint [iter1_lcp_progress_9200_of_34374]: 10.78 GB
2026-07-23 06:03:57,145 3798683 road_revised.py Completed 9210 of 34374, 26.79%
2026-07-23 06:03:57,389 3798683 road_revised.py Completed 9220 of 34374, 26.82%
2026-07-23 06:03:57,648 3798683 road_revised.py Completed 9230 of 34374, 26.85%
2026-07-23 06:04:00,106 3798683 road_revised.py Completed 9240 of 34374, 26.88%
2026-07-23 06:04:00,151 3798683 road_revised.py Completed 9250 of 34374, 26.91%
2026-07-23 06:04:00,162 3798683 road_revised.py Completed 9260 of 34374, 26.94%
2026-07-23 06:04:00,163 3798683 road_revised.py Completed 9270 of 34374, 26.97%
2026-07-23 06:04:00,167 3798683 road_revised.py Completed 9280 of 34374, 27.00%
2026-07-23 06:04:00,169 3798683 road_revised.py Completed 9290 of 34374, 27.03%
2026-07-23 06:04:00,269 3798683 road_revised.py Completed 9300 of 34374, 27.06%
2026-07-23 06:04:00,269 3798683 road_revised.py RSS checkpoint [iter1_lcp_progress_9300_of_34374]: 10.73 GB
2026-07-23 06:04:00,598 3798683 road_revised.py Completed 9310 of 34374, 27.08%
2026-07-23 06:04:00,852 3798683 road_revised.py Completed 9320 of 34374, 27.11%
2026-07-23 06:04:01,134 3798683 road_revised.py Completed 9330 of 34374, 27.14%
2026-07-23 06:04:01,375 3798683 road_revised.py Completed 9340 of 34374, 27.17%
2026-07-23 06:04:01,624 3798683 road_revised.py Completed 9350 of 34374, 27.20%
2026-07-23 06:04:01,910 3798683 road_revised.py Completed 9360 of 34374, 27.23%
2026-07-23 06:04:02,167 3798683 road_revised.py Completed 9370 of 34374, 27.26%
2026-07-23 06:04:02,423 3798683 road_revised.py Completed 9380 of 34374, 27.29%
2026-07-23 06:04:02,673 3798683 road_revised.py Completed 9390 of 34374, 27.32%
2026-07-23 06:04:02,902 3798683 road_revised.py Completed 9400 of 34374, 27.35%
2026-07-23 06:04:02,903 3798683 road_revised.py RSS checkpoint [iter1_lcp_progress_9400_of_34374]: 10.64 GB
2026-07-23 06:04:06,224 3798683 road_revised.py Completed 9410 of 34374, 27.38%
2026-07-23 06:04:06,235 3798683 road_revised.py Completed 9420 of 34374, 27.40%
2026-07-23 06:04:06,236 3798683 road_revised.py Completed 9430 of 34374, 27.43%
2026-07-23 06:04:06,703 3798683 road_revised.py Completed 9440 of 34374, 27.46%
2026-07-23 06:04:06,706 3798683 road_revised.py Completed 9450 of 34374, 27.49%
2026-07-23 06:04:06,707 3798683 road_revised.py Completed 9460 of 34374, 27.52%
2026-07-23 06:04:06,708 3798683 road_revised.py Completed 9470 of 34374, 27.55%
2026-07-23 06:04:06,709 3798683 road_revised.py Completed 9480 of 34374, 27.58%
2026-07-23 06:04:06,772 3798683 road_revised.py Completed 9490 of 34374, 27.61%
2026-07-23 06:04:06,969 3798683 road_revised.py Completed 9500 of 34374, 27.64%
2026-07-23 06:04:06,969 3798683 road_revised.py RSS checkpoint [iter1_lcp_progress_9500_of_34374]: 10.73 GB
2026-07-23 06:04:07,229 3798683 road_revised.py Completed 9510 of 34374, 27.67%
2026-07-23 06:04:07,501 3798683 road_revised.py Completed 9520 of 34374, 27.70%
2026-07-23 06:04:07,797 3798683 road_revised.py Completed 9530 of 34374, 27.72%
2026-07-23 06:04:08,080 3798683 road_revised.py Completed 9540 of 34374, 27.75%
2026-07-23 06:04:08,369 3798683 road_revised.py Completed 9550 of 34374, 27.78%
2026-07-23 06:04:08,667 3798683 road_revised.py Completed 9560 of 34374, 27.81%
2026-07-23 06:04:08,919 3798683 road_revised.py Completed 9570 of 34374, 27.84%
2026-07-23 06:04:09,210 3798683 road_revised.py Completed 9580 of 34374, 27.87%
2026-07-23 06:04:11,783 3798683 road_revised.py Completed 9590 of 34374, 27.90%
2026-07-23 06:04:11,828 3798683 road_revised.py Completed 9600 of 34374, 27.93%
2026-07-23 06:04:11,836 3798683 road_revised.py RSS checkpoint [iter1_lcp_progress_9600_of_34374]: 10.99 GB
2026-07-23 06:04:11,841 3798683 road_revised.py Completed 9610 of 34374, 27.96%
2026-07-23 06:04:11,842 3798683 road_revised.py Completed 9620 of 34374, 27.99%
2026-07-23 06:04:11,850 3798683 road_revised.py Completed 9630 of 34374, 28.02%
2026-07-23 06:04:11,856 3798683 road_revised.py Completed 9640 of 34374, 28.04%
2026-07-23 06:04:12,050 3798683 road_revised.py Completed 9650 of 34374, 28.07%
2026-07-23 06:04:12,339 3798683 road_revised.py Completed 9660 of 34374, 28.10%
2026-07-23 06:04:12,611 3798683 road_revised.py Completed 9670 of 34374, 28.13%
2026-07-23 06:04:12,865 3798683 road_revised.py Completed 9680 of 34374, 28.16%
2026-07-23 06:04:13,157 3798683 road_revised.py Completed 9690 of 34374, 28.19%
2026-07-23 06:04:13,392 3798683 road_revised.py Completed 9700 of 34374, 28.22%
2026-07-23 06:04:13,392 3798683 road_revised.py RSS checkpoint [iter1_lcp_progress_9700_of_34374]: 10.82 GB
2026-07-23 06:04:13,651 3798683 road_revised.py Completed 9710 of 34374, 28.25%
2026-07-23 06:04:13,925 3798683 road_revised.py Completed 9720 of 34374, 28.28%
2026-07-23 06:04:14,154 3798683 road_revised.py Completed 9730 of 34374, 28.31%
2026-07-23 06:04:14,417 3798683 road_revised.py Completed 9740 of 34374, 28.34%
2026-07-23 06:04:18,083 3798683 road_revised.py Completed 9750 of 34374, 28.36%
2026-07-23 06:04:18,089 3798683 road_revised.py Completed 9760 of 34374, 28.39%
2026-07-23 06:04:18,607 3798683 road_revised.py Completed 9770 of 34374, 28.42%
2026-07-23 06:04:18,608 3798683 road_revised.py Completed 9780 of 34374, 28.45%
2026-07-23 06:04:18,624 3798683 road_revised.py Completed 9790 of 34374, 28.48%
2026-07-23 06:04:18,631 3798683 road_revised.py Completed 9800 of 34374, 28.51%
2026-07-23 06:04:18,632 3798683 road_revised.py RSS checkpoint [iter1_lcp_progress_9800_of_34374]: 11.02 GB
2026-07-23 06:04:18,633 3798683 road_revised.py Completed 9810 of 34374, 28.54%
2026-07-23 06:04:18,634 3798683 road_revised.py Completed 9820 of 34374, 28.57%
2026-07-23 06:04:18,635 3798683 road_revised.py Completed 9830 of 34374, 28.60%
2026-07-23 06:04:18,649 3798683 road_revised.py Completed 9840 of 34374, 28.63%
2026-07-23 06:04:18,683 3798683 road_revised.py Completed 9850 of 34374, 28.66%
2026-07-23 06:04:18,939 3798683 road_revised.py Completed 9860 of 34374, 28.68%
2026-07-23 06:04:19,183 3798683 road_revised.py Completed 9870 of 34374, 28.71%
2026-07-23 06:04:19,463 3798683 road_revised.py Completed 9880 of 34374, 28.74%
2026-07-23 06:04:19,738 3798683 road_revised.py Completed 9890 of 34374, 28.77%
2026-07-23 06:04:19,982 3798683 road_revised.py Completed 9900 of 34374, 28.80%
2026-07-23 06:04:19,982 3798683 road_revised.py RSS checkpoint [iter1_lcp_progress_9900_of_34374]: 11.20 GB
2026-07-23 06:04:20,253 3798683 road_revised.py Completed 9910 of 34374, 28.83%
2026-07-23 06:04:23,314 3798683 road_revised.py Completed 9920 of 34374, 28.86%
2026-07-23 06:04:23,317 3798683 road_revised.py Completed 9930 of 34374, 28.89%
2026-07-23 06:04:23,318 3798683 road_revised.py Completed 9940 of 34374, 28.92%
2026-07-23 06:04:23,347 3798683 road_revised.py Completed 9950 of 34374, 28.95%
2026-07-23 06:04:23,348 3798683 road_revised.py Completed 9960 of 34374, 28.98%
2026-07-23 06:04:23,352 3798683 road_revised.py Completed 9970 of 34374, 29.00%
2026-07-23 06:04:23,362 3798683 road_revised.py Completed 9980 of 34374, 29.03%
2026-07-23 06:04:23,439 3798683 road_revised.py Completed 9990 of 34374, 29.06%
2026-07-23 06:04:23,719 3798683 road_revised.py Completed 10000 of 34374, 29.09%
2026-07-23 06:04:23,719 3798683 road_revised.py RSS checkpoint [iter1_lcp_progress_10000_of_34374]: 11.11 GB
2026-07-23 06:04:24,009 3798683 road_revised.py Completed 10010 of 34374, 29.12%
2026-07-23 06:04:24,311 3798683 road_revised.py Completed 10020 of 34374, 29.15%
2026-07-23 06:04:24,558 3798683 road_revised.py Completed 10030 of 34374, 29.18%
2026-07-23 06:04:24,851 3798683 road_revised.py Completed 10040 of 34374, 29.21%
2026-07-23 06:04:25,132 3798683 road_revised.py Completed 10050 of 34374, 29.24%
2026-07-23 06:04:25,373 3798683 road_revised.py Completed 10060 of 34374, 29.27%
2026-07-23 06:04:25,646 3798683 road_revised.py Completed 10070 of 34374, 29.30%
2026-07-23 06:04:25,871 3798683 road_revised.py Completed 10080 of 34374, 29.32%
2026-07-23 06:04:29,514 3798683 road_revised.py Completed 10090 of 34374, 29.35%
2026-07-23 06:04:29,523 3798683 road_revised.py Completed 10100 of 34374, 29.38%
2026-07-23 06:04:29,531 3798683 road_revised.py RSS checkpoint [iter1_lcp_progress_10100_of_34374]: 11.33 GB
2026-07-23 06:04:29,991 3798683 road_revised.py Completed 10110 of 34374, 29.41%
2026-07-23 06:04:29,992 3798683 road_revised.py Completed 10120 of 34374, 29.44%
2026-07-23 06:04:29,996 3798683 road_revised.py Completed 10130 of 34374, 29.47%
2026-07-23 06:04:29,997 3798683 road_revised.py Completed 10140 of 34374, 29.50%
2026-07-23 06:04:30,005 3798683 road_revised.py Completed 10150 of 34374, 29.53%
2026-07-23 06:04:30,020 3798683 road_revised.py Completed 10160 of 34374, 29.56%
2026-07-23 06:04:30,031 3798683 road_revised.py Completed 10170 of 34374, 29.59%
2026-07-23 06:04:30,138 3798683 road_revised.py Completed 10180 of 34374, 29.62%
2026-07-23 06:04:30,400 3798683 road_revised.py Completed 10190 of 34374, 29.64%
2026-07-23 06:04:30,652 3798683 road_revised.py Completed 10200 of 34374, 29.67%
2026-07-23 06:04:30,652 3798683 road_revised.py RSS checkpoint [iter1_lcp_progress_10200_of_34374]: 11.23 GB
2026-07-23 06:04:30,926 3798683 road_revised.py Completed 10210 of 34374, 29.70%
2026-07-23 06:04:31,185 3798683 road_revised.py Completed 10220 of 34374, 29.73%
2026-07-23 06:04:31,455 3798683 road_revised.py Completed 10230 of 34374, 29.76%
2026-07-23 06:04:31,716 3798683 road_revised.py Completed 10240 of 34374, 29.79%
2026-07-23 06:04:31,991 3798683 road_revised.py Completed 10250 of 34374, 29.82%
2026-07-23 06:04:34,330 3798683 road_revised.py Completed 10260 of 34374, 29.85%
2026-07-23 06:04:34,333 3798683 road_revised.py Completed 10270 of 34374, 29.88%
2026-07-23 06:04:34,357 3798683 road_revised.py Completed 10280 of 34374, 29.91%
2026-07-23 06:04:34,369 3798683 road_revised.py Completed 10290 of 34374, 29.94%
2026-07-23 06:04:34,370 3798683 road_revised.py Completed 10300 of 34374, 29.96%
2026-07-23 06:04:34,374 3798683 road_revised.py RSS checkpoint [iter1_lcp_progress_10300_of_34374]: 11.38 GB
2026-07-23 06:04:34,380 3798683 road_revised.py Completed 10310 of 34374, 29.99%
2026-07-23 06:04:34,577 3798683 road_revised.py Completed 10320 of 34374, 30.02%
2026-07-23 06:04:34,870 3798683 road_revised.py Completed 10330 of 34374, 30.05%
2026-07-23 06:04:35,142 3798683 road_revised.py Completed 10340 of 34374, 30.08%
2026-07-23 06:04:35,452 3798683 road_revised.py Completed 10350 of 34374, 30.11%
2026-07-23 06:04:35,725 3798683 road_revised.py Completed 10360 of 34374, 30.14%
2026-07-23 06:04:35,983 3798683 road_revised.py Completed 10370 of 34374, 30.17%
2026-07-23 06:04:36,253 3798683 road_revised.py Completed 10380 of 34374, 30.20%
2026-07-23 06:04:36,520 3798683 road_revised.py Completed 10390 of 34374, 30.23%
2026-07-23 06:04:36,830 3798683 road_revised.py Completed 10400 of 34374, 30.26%
2026-07-23 06:04:36,830 3798683 road_revised.py RSS checkpoint [iter1_lcp_progress_10400_of_34374]: 11.30 GB
2026-07-23 06:04:37,151 3798683 road_revised.py Completed 10410 of 34374, 30.28%
2026-07-23 06:04:40,750 3798683 road_revised.py Completed 10420 of 34374, 30.31%
2026-07-23 06:04:40,789 3798683 road_revised.py Completed 10430 of 34374, 30.34%
2026-07-23 06:04:41,210 3798683 road_revised.py Completed 10440 of 34374, 30.37%
2026-07-23 06:04:41,211 3798683 road_revised.py Completed 10450 of 34374, 30.40%
2026-07-23 06:04:41,214 3798683 road_revised.py Completed 10460 of 34374, 30.43%
2026-07-23 06:04:41,215 3798683 road_revised.py Completed 10470 of 34374, 30.46%
2026-07-23 06:04:41,216 3798683 road_revised.py Completed 10480 of 34374, 30.49%
2026-07-23 06:04:41,217 3798683 road_revised.py Completed 10490 of 34374, 30.52%
2026-07-23 06:04:41,218 3798683 road_revised.py Completed 10500 of 34374, 30.55%
2026-07-23 06:04:41,219 3798683 road_revised.py RSS checkpoint [iter1_lcp_progress_10500_of_34374]: 11.30 GB
2026-07-23 06:04:41,240 3798683 road_revised.py Completed 10510 of 34374, 30.58%
2026-07-23 06:04:41,492 3798683 road_revised.py Completed 10520 of 34374, 30.60%
2026-07-23 06:04:41,765 3798683 road_revised.py Completed 10530 of 34374, 30.63%
2026-07-23 06:04:42,030 3798683 road_revised.py Completed 10540 of 34374, 30.66%
2026-07-23 06:04:42,304 3798683 road_revised.py Completed 10550 of 34374, 30.69%
2026-07-23 06:04:42,564 3798683 road_revised.py Completed 10560 of 34374, 30.72%
2026-07-23 06:04:42,857 3798683 road_revised.py Completed 10570 of 34374, 30.75%
2026-07-23 06:04:43,107 3798683 road_revised.py Completed 10580 of 34374, 30.78%
2026-07-23 06:04:45,676 3798683 road_revised.py Completed 10590 of 34374, 30.81%
2026-07-23 06:04:45,696 3798683 road_revised.py Completed 10600 of 34374, 30.84%
2026-07-23 06:04:45,696 3798683 road_revised.py RSS checkpoint [iter1_lcp_progress_10600_of_34374]: 11.59 GB
2026-07-23 06:04:45,732 3798683 road_revised.py Completed 10610 of 34374, 30.87%
2026-07-23 06:04:45,743 3798683 road_revised.py Completed 10620 of 34374, 30.90%
2026-07-23 06:04:45,744 3798683 road_revised.py Completed 10630 of 34374, 30.92%
2026-07-23 06:04:45,758 3798683 road_revised.py Completed 10640 of 34374, 30.95%
2026-07-23 06:04:45,765 3798683 road_revised.py Completed 10650 of 34374, 30.98%
2026-07-23 06:04:46,056 3798683 road_revised.py Completed 10660 of 34374, 31.01%
2026-07-23 06:04:46,328 3798683 road_revised.py Completed 10670 of 34374, 31.04%
2026-07-23 06:04:46,556 3798683 road_revised.py Completed 10680 of 34374, 31.07%
2026-07-23 06:04:46,821 3798683 road_revised.py Completed 10690 of 34374, 31.10%
2026-07-23 06:04:47,079 3798683 road_revised.py Completed 10700 of 34374, 31.13%
2026-07-23 06:04:47,079 3798683 road_revised.py RSS checkpoint [iter1_lcp_progress_10700_of_34374]: 11.44 GB
2026-07-23 06:04:47,329 3798683 road_revised.py Completed 10710 of 34374, 31.16%
2026-07-23 06:04:47,583 3798683 road_revised.py Completed 10720 of 34374, 31.19%
2026-07-23 06:04:47,846 3798683 road_revised.py Completed 10730 of 34374, 31.22%
2026-07-23 06:04:48,132 3798683 road_revised.py Completed 10740 of 34374, 31.24%
2026-07-23 06:04:48,367 3798683 road_revised.py Completed 10750 of 34374, 31.27%
2026-07-23 06:04:52,040 3798683 road_revised.py Completed 10760 of 34374, 31.30%
2026-07-23 06:04:52,582 3798683 road_revised.py Completed 10770 of 34374, 31.33%
2026-07-23 06:04:52,583 3798683 road_revised.py Completed 10780 of 34374, 31.36%
2026-07-23 06:04:52,584 3798683 road_revised.py Completed 10790 of 34374, 31.39%
2026-07-23 06:04:52,596 3798683 road_revised.py Completed 10800 of 34374, 31.42%
2026-07-23 06:04:52,602 3798683 road_revised.py RSS checkpoint [iter1_lcp_progress_10800_of_34374]: 11.71 GB
2026-07-23 06:04:52,605 3798683 road_revised.py Completed 10810 of 34374, 31.45%
2026-07-23 06:04:52,609 3798683 road_revised.py Completed 10820 of 34374, 31.48%
2026-07-23 06:04:52,610 3798683 road_revised.py Completed 10830 of 34374, 31.51%
2026-07-23 06:04:52,637 3798683 road_revised.py Completed 10840 of 34374, 31.54%
2026-07-23 06:04:52,906 3798683 road_revised.py Completed 10850 of 34374, 31.56%
2026-07-23 06:04:52,969 3798683 road_revised.py Completed 10860 of 34374, 31.59%
2026-07-23 06:04:53,268 3798683 road_revised.py Completed 10870 of 34374, 31.62%
2026-07-23 06:04:53,573 3798683 road_revised.py Completed 10880 of 34374, 31.65%
2026-07-23 06:04:53,887 3798683 road_revised.py Completed 10890 of 34374, 31.68%
2026-07-23 06:04:54,175 3798683 road_revised.py Completed 10900 of 34374, 31.71%
2026-07-23 06:04:54,175 3798683 road_revised.py RSS checkpoint [iter1_lcp_progress_10900_of_34374]: 11.88 GB
2026-07-23 06:04:54,477 3798683 road_revised.py Completed 10910 of 34374, 31.74%
2026-07-23 06:04:54,756 3798683 road_revised.py Completed 10920 of 34374, 31.77%
2026-07-23 06:04:54,808 3798683 road_revised.py Completed 10930 of 34374, 31.80%
2026-07-23 06:04:55,065 3798683 road_revised.py Completed 10940 of 34374, 31.83%
2026-07-23 06:04:58,180 3798683 road_revised.py Completed 10950 of 34374, 31.86%
2026-07-23 06:04:58,247 3798683 road_revised.py Completed 10960 of 34374, 31.88%
2026-07-23 06:04:58,248 3798683 road_revised.py Completed 10970 of 34374, 31.91%
2026-07-23 06:04:58,252 3798683 road_revised.py Completed 10980 of 34374, 31.94%
2026-07-23 06:04:58,253 3798683 road_revised.py Completed 10990 of 34374, 31.97%
2026-07-23 06:04:58,254 3798683 road_revised.py Completed 11000 of 34374, 32.00%
2026-07-23 06:04:58,255 3798683 road_revised.py RSS checkpoint [iter1_lcp_progress_11000_of_34374]: 11.89 GB
2026-07-23 06:04:58,256 3798683 road_revised.py Completed 11010 of 34374, 32.03%
2026-07-23 06:04:58,468 3798683 road_revised.py Completed 11020 of 34374, 32.06%
2026-07-23 06:04:58,727 3798683 road_revised.py Completed 11030 of 34374, 32.09%
2026-07-23 06:04:58,998 3798683 road_revised.py Completed 11040 of 34374, 32.12%
2026-07-23 06:04:59,316 3798683 road_revised.py Completed 11050 of 34374, 32.15%
2026-07-23 06:04:59,567 3798683 road_revised.py Completed 11060 of 34374, 32.18%
2026-07-23 06:04:59,838 3798683 road_revised.py Completed 11070 of 34374, 32.20%
2026-07-23 06:05:00,120 3798683 road_revised.py Completed 11080 of 34374, 32.23%
2026-07-23 06:05:00,381 3798683 road_revised.py Completed 11090 of 34374, 32.26%
2026-07-23 06:05:00,621 3798683 road_revised.py Completed 11100 of 34374, 32.29%
2026-07-23 06:05:00,622 3798683 road_revised.py RSS checkpoint [iter1_lcp_progress_11100_of_34374]: 11.69 GB
2026-07-23 06:05:04,261 3798683 road_revised.py Completed 11110 of 34374, 32.32%
2026-07-23 06:05:04,698 3798683 road_revised.py Completed 11120 of 34374, 32.35%
2026-07-23 06:05:04,700 3798683 road_revised.py Completed 11130 of 34374, 32.38%
2026-07-23 06:05:04,701 3798683 road_revised.py Completed 11140 of 34374, 32.41%
2026-07-23 06:05:04,703 3798683 road_revised.py Completed 11150 of 34374, 32.44%
2026-07-23 06:05:04,703 3798683 road_revised.py Completed 11160 of 34374, 32.47%
2026-07-23 06:05:04,704 3798683 road_revised.py Completed 11170 of 34374, 32.50%
2026-07-23 06:05:04,706 3798683 road_revised.py Completed 11180 of 34374, 32.52%
2026-07-23 06:05:04,707 3798683 road_revised.py Completed 11190 of 34374, 32.55%
2026-07-23 06:05:04,902 3798683 road_revised.py Completed 11200 of 34374, 32.58%
2026-07-23 06:05:04,903 3798683 road_revised.py RSS checkpoint [iter1_lcp_progress_11200_of_34374]: 11.82 GB
2026-07-23 06:05:05,157 3798683 road_revised.py Completed 11210 of 34374, 32.61%
2026-07-23 06:05:05,430 3798683 road_revised.py Completed 11220 of 34374, 32.64%
2026-07-23 06:05:05,652 3798683 road_revised.py Completed 11230 of 34374, 32.67%
2026-07-23 06:05:05,966 3798683 road_revised.py Completed 11240 of 34374, 32.70%
2026-07-23 06:05:06,187 3798683 road_revised.py Completed 11250 of 34374, 32.73%
2026-07-23 06:05:06,460 3798683 road_revised.py Completed 11260 of 34374, 32.76%
2026-07-23 06:05:06,688 3798683 road_revised.py Completed 11270 of 34374, 32.79%
2026-07-23 06:05:09,456 3798683 road_revised.py Completed 11280 of 34374, 32.82%
2026-07-23 06:05:09,520 3798683 road_revised.py Completed 11290 of 34374, 32.84%
2026-07-23 06:05:09,521 3798683 road_revised.py Completed 11300 of 34374, 32.87%
2026-07-23 06:05:09,527 3798683 road_revised.py RSS checkpoint [iter1_lcp_progress_11300_of_34374]: 12.04 GB
2026-07-23 06:05:09,531 3798683 road_revised.py Completed 11310 of 34374, 32.90%
2026-07-23 06:05:09,536 3798683 road_revised.py Completed 11320 of 34374, 32.93%
2026-07-23 06:05:09,542 3798683 road_revised.py Completed 11330 of 34374, 32.96%
2026-07-23 06:05:09,547 3798683 road_revised.py Completed 11340 of 34374, 32.99%
2026-07-23 06:05:09,805 3798683 road_revised.py Completed 11350 of 34374, 33.02%
2026-07-23 06:05:10,116 3798683 road_revised.py Completed 11360 of 34374, 33.05%
2026-07-23 06:05:10,436 3798683 road_revised.py Completed 11370 of 34374, 33.08%
2026-07-23 06:05:10,731 3798683 road_revised.py Completed 11380 of 34374, 33.11%
2026-07-23 06:05:11,031 3798683 road_revised.py Completed 11390 of 34374, 33.14%
2026-07-23 06:05:11,324 3798683 road_revised.py Completed 11400 of 34374, 33.16%
2026-07-23 06:05:11,324 3798683 road_revised.py RSS checkpoint [iter1_lcp_progress_11400_of_34374]: 11.92 GB
2026-07-23 06:05:11,593 3798683 road_revised.py Completed 11410 of 34374, 33.19%
2026-07-23 06:05:11,906 3798683 road_revised.py Completed 11420 of 34374, 33.22%
2026-07-23 06:05:12,173 3798683 road_revised.py Completed 11430 of 34374, 33.25%
2026-07-23 06:05:12,455 3798683 road_revised.py Completed 11440 of 34374, 33.28%
2026-07-23 06:05:16,860 3798683 road_revised.py Completed 11450 of 34374, 33.31%
2026-07-23 06:05:16,867 3798683 road_revised.py Completed 11460 of 34374, 33.34%
2026-07-23 06:05:16,868 3798683 road_revised.py Completed 11470 of 34374, 33.37%
2026-07-23 06:05:16,883 3798683 road_revised.py Completed 11480 of 34374, 33.40%
2026-07-23 06:05:16,884 3798683 road_revised.py Completed 11490 of 34374, 33.43%
2026-07-23 06:05:16,885 3798683 road_revised.py Completed 11500 of 34374, 33.46%
2026-07-23 06:05:16,889 3798683 road_revised.py RSS checkpoint [iter1_lcp_progress_11500_of_34374]: 12.42 GB
2026-07-23 06:05:16,898 3798683 road_revised.py Completed 11510 of 34374, 33.48%
2026-07-23 06:05:16,899 3798683 road_revised.py Completed 11520 of 34374, 33.51%
2026-07-23 06:05:17,108 3798683 road_revised.py Completed 11530 of 34374, 33.54%
2026-07-23 06:05:17,352 3798683 road_revised.py Completed 11540 of 34374, 33.57%
2026-07-23 06:05:17,596 3798683 road_revised.py Completed 11550 of 34374, 33.60%
2026-07-23 06:05:17,939 3798683 road_revised.py Completed 11560 of 34374, 33.63%
2026-07-23 06:05:18,211 3798683 road_revised.py Completed 11570 of 34374, 33.66%
2026-07-23 06:05:18,500 3798683 road_revised.py Completed 11580 of 34374, 33.69%
2026-07-23 06:05:18,750 3798683 road_revised.py Completed 11590 of 34374, 33.72%
2026-07-23 06:05:19,055 3798683 road_revised.py Completed 11600 of 34374, 33.75%
2026-07-23 06:05:19,055 3798683 road_revised.py RSS checkpoint [iter1_lcp_progress_11600_of_34374]: 12.25 GB
2026-07-23 06:05:19,300 3798683 road_revised.py Completed 11610 of 34374, 33.78%
2026-07-23 06:05:21,645 3798683 road_revised.py Completed 11620 of 34374, 33.80%
2026-07-23 06:05:21,691 3798683 road_revised.py Completed 11630 of 34374, 33.83%
2026-07-23 06:05:21,692 3798683 road_revised.py Completed 11640 of 34374, 33.86%
2026-07-23 06:05:21,693 3798683 road_revised.py Completed 11650 of 34374, 33.89%
2026-07-23 06:05:21,694 3798683 road_revised.py Completed 11660 of 34374, 33.92%
2026-07-23 06:05:21,735 3798683 road_revised.py Completed 11670 of 34374, 33.95%
2026-07-23 06:05:22,043 3798683 road_revised.py Completed 11680 of 34374, 33.98%
2026-07-23 06:05:22,363 3798683 road_revised.py Completed 11690 of 34374, 34.01%
2026-07-23 06:05:22,613 3798683 road_revised.py Completed 11700 of 34374, 34.04%
2026-07-23 06:05:22,614 3798683 road_revised.py RSS checkpoint [iter1_lcp_progress_11700_of_34374]: 11.94 GB
2026-07-23 06:05:22,847 3798683 road_revised.py Completed 11710 of 34374, 34.07%
2026-07-23 06:05:23,100 3798683 road_revised.py Completed 11720 of 34374, 34.10%
2026-07-23 06:05:23,399 3798683 road_revised.py Completed 11730 of 34374, 34.12%
2026-07-23 06:05:23,607 3798683 road_revised.py Completed 11740 of 34374, 34.15%
2026-07-23 06:05:23,889 3798683 road_revised.py Completed 11750 of 34374, 34.18%
2026-07-23 06:05:24,137 3798683 road_revised.py Completed 11760 of 34374, 34.21%
2026-07-23 06:05:24,377 3798683 road_revised.py Completed 11770 of 34374, 34.24%
2026-07-23 06:05:27,772 3798683 road_revised.py Completed 11780 of 34374, 34.27%
2026-07-23 06:05:27,775 3798683 road_revised.py Completed 11790 of 34374, 34.30%
2026-07-23 06:05:27,776 3798683 road_revised.py Completed 11800 of 34374, 34.33%
2026-07-23 06:05:27,788 3798683 road_revised.py RSS checkpoint [iter1_lcp_progress_11800_of_34374]: 12.30 GB
2026-07-23 06:05:28,302 3798683 road_revised.py Completed 11810 of 34374, 34.36%
2026-07-23 06:05:28,303 3798683 road_revised.py Completed 11820 of 34374, 34.39%
2026-07-23 06:05:28,304 3798683 road_revised.py Completed 11830 of 34374, 34.42%
2026-07-23 06:05:28,308 3798683 road_revised.py Completed 11840 of 34374, 34.44%
2026-07-23 06:05:28,309 3798683 road_revised.py Completed 11850 of 34374, 34.47%
2026-07-23 06:05:28,310 3798683 road_revised.py Completed 11860 of 34374, 34.50%
2026-07-23 06:05:28,311 3798683 road_revised.py Completed 11870 of 34374, 34.53%
2026-07-23 06:05:28,312 3798683 road_revised.py Completed 11880 of 34374, 34.56%
2026-07-23 06:05:28,369 3798683 road_revised.py Completed 11890 of 34374, 34.59%
2026-07-23 06:05:28,658 3798683 road_revised.py Completed 11900 of 34374, 34.62%
2026-07-23 06:05:28,658 3798683 road_revised.py RSS checkpoint [iter1_lcp_progress_11900_of_34374]: 12.11 GB
2026-07-23 06:05:29,006 3798683 road_revised.py Completed 11910 of 34374, 34.65%
2026-07-23 06:05:29,322 3798683 road_revised.py Completed 11920 of 34374, 34.68%
2026-07-23 06:05:29,561 3798683 road_revised.py Completed 11930 of 34374, 34.71%
2026-07-23 06:05:29,880 3798683 road_revised.py Completed 11940 of 34374, 34.74%
2026-07-23 06:05:30,154 3798683 road_revised.py Completed 11950 of 34374, 34.76%
2026-07-23 06:05:30,431 3798683 road_revised.py Completed 11960 of 34374, 34.79%
2026-07-23 06:05:33,401 3798683 road_revised.py Completed 11970 of 34374, 34.82%
2026-07-23 06:05:33,411 3798683 road_revised.py Completed 11980 of 34374, 34.85%
2026-07-23 06:05:33,420 3798683 road_revised.py Completed 11990 of 34374, 34.88%
2026-07-23 06:05:33,442 3798683 road_revised.py Completed 12000 of 34374, 34.91%
2026-07-23 06:05:33,455 3798683 road_revised.py RSS checkpoint [iter1_lcp_progress_12000_of_34374]: 12.35 GB
2026-07-23 06:05:33,456 3798683 road_revised.py Completed 12010 of 34374, 34.94%
2026-07-23 06:05:33,464 3798683 road_revised.py Completed 12020 of 34374, 34.97%
2026-07-23 06:05:33,465 3798683 road_revised.py Completed 12030 of 34374, 35.00%
2026-07-23 06:05:33,657 3798683 road_revised.py Completed 12040 of 34374, 35.03%
2026-07-23 06:05:33,905 3798683 road_revised.py Completed 12050 of 34374, 35.06%
2026-07-23 06:05:34,167 3798683 road_revised.py Completed 12060 of 34374, 35.08%
2026-07-23 06:05:34,497 3798683 road_revised.py Completed 12070 of 34374, 35.11%
2026-07-23 06:05:34,753 3798683 road_revised.py Completed 12080 of 34374, 35.14%
2026-07-23 06:05:35,011 3798683 road_revised.py Completed 12090 of 34374, 35.17%
2026-07-23 06:05:35,317 3798683 road_revised.py Completed 12100 of 34374, 35.20%
2026-07-23 06:05:35,317 3798683 road_revised.py RSS checkpoint [iter1_lcp_progress_12100_of_34374]: 12.14 GB
2026-07-23 06:05:35,577 3798683 road_revised.py Completed 12110 of 34374, 35.23%
2026-07-23 06:05:35,859 3798683 road_revised.py Completed 12120 of 34374, 35.26%
2026-07-23 06:05:36,140 3798683 road_revised.py Completed 12130 of 34374, 35.29%
2026-07-23 06:05:39,399 3798683 road_revised.py Completed 12140 of 34374, 35.32%
2026-07-23 06:05:39,404 3798683 road_revised.py Completed 12150 of 34374, 35.35%
2026-07-23 06:05:39,435 3798683 road_revised.py Completed 12160 of 34374, 35.38%
2026-07-23 06:05:39,875 3798683 road_revised.py Completed 12170 of 34374, 35.40%
2026-07-23 06:05:39,876 3798683 road_revised.py Completed 12180 of 34374, 35.43%
2026-07-23 06:05:39,878 3798683 road_revised.py Completed 12190 of 34374, 35.46%
2026-07-23 06:05:39,879 3798683 road_revised.py Completed 12200 of 34374, 35.49%
2026-07-23 06:05:39,892 3798683 road_revised.py RSS checkpoint [iter1_lcp_progress_12200_of_34374]: 12.27 GB
2026-07-23 06:05:39,895 3798683 road_revised.py Completed 12210 of 34374, 35.52%
2026-07-23 06:05:40,122 3798683 road_revised.py Completed 12220 of 34374, 35.55%
2026-07-23 06:05:40,379 3798683 road_revised.py Completed 12230 of 34374, 35.58%
2026-07-23 06:05:40,608 3798683 road_revised.py Completed 12240 of 34374, 35.61%
2026-07-23 06:05:40,880 3798683 road_revised.py Completed 12250 of 34374, 35.64%
2026-07-23 06:05:41,148 3798683 road_revised.py Completed 12260 of 34374, 35.67%
2026-07-23 06:05:41,421 3798683 road_revised.py Completed 12270 of 34374, 35.70%
2026-07-23 06:05:41,642 3798683 road_revised.py Completed 12280 of 34374, 35.72%
2026-07-23 06:05:41,930 3798683 road_revised.py Completed 12290 of 34374, 35.75%
2026-07-23 06:05:42,151 3798683 road_revised.py Completed 12300 of 34374, 35.78%
2026-07-23 06:05:42,152 3798683 road_revised.py RSS checkpoint [iter1_lcp_progress_12300_of_34374]: 12.47 GB
2026-07-23 06:05:44,624 3798683 road_revised.py Completed 12310 of 34374, 35.81%
2026-07-23 06:05:44,627 3798683 road_revised.py Completed 12320 of 34374, 35.84%
2026-07-23 06:05:44,649 3798683 road_revised.py Completed 12330 of 34374, 35.87%
2026-07-23 06:05:44,650 3798683 road_revised.py Completed 12340 of 34374, 35.90%
2026-07-23 06:05:44,651 3798683 road_revised.py Completed 12350 of 34374, 35.93%
2026-07-23 06:05:44,679 3798683 road_revised.py Completed 12360 of 34374, 35.96%
2026-07-23 06:05:44,980 3798683 road_revised.py Completed 12370 of 34374, 35.99%
2026-07-23 06:05:45,257 3798683 road_revised.py Completed 12380 of 34374, 36.02%
2026-07-23 06:05:45,548 3798683 road_revised.py Completed 12390 of 34374, 36.04%
2026-07-23 06:05:45,807 3798683 road_revised.py Completed 12400 of 34374, 36.07%
2026-07-23 06:05:45,807 3798683 road_revised.py RSS checkpoint [iter1_lcp_progress_12400_of_34374]: 12.40 GB
2026-07-23 06:05:46,071 3798683 road_revised.py Completed 12410 of 34374, 36.10%
2026-07-23 06:05:46,367 3798683 road_revised.py Completed 12420 of 34374, 36.13%
2026-07-23 06:05:46,672 3798683 road_revised.py Completed 12430 of 34374, 36.16%
2026-07-23 06:05:46,932 3798683 road_revised.py Completed 12440 of 34374, 36.19%
2026-07-23 06:05:47,260 3798683 road_revised.py Completed 12450 of 34374, 36.22%
2026-07-23 06:05:47,537 3798683 road_revised.py Completed 12460 of 34374, 36.25%
2026-07-23 06:05:52,563 3798683 road_revised.py Completed 12470 of 34374, 36.28%
2026-07-23 06:05:52,572 3798683 road_revised.py Completed 12480 of 34374, 36.31%
2026-07-23 06:05:52,578 3798683 road_revised.py Completed 12490 of 34374, 36.34%
2026-07-23 06:05:52,579 3798683 road_revised.py Completed 12500 of 34374, 36.36%
2026-07-23 06:05:52,589 3798683 road_revised.py RSS checkpoint [iter1_lcp_progress_12500_of_34374]: 13.29 GB
2026-07-23 06:05:52,599 3798683 road_revised.py Completed 12510 of 34374, 36.39%
2026-07-23 06:05:52,600 3798683 road_revised.py Completed 12520 of 34374, 36.42%
2026-07-23 06:05:52,601 3798683 road_revised.py Completed 12530 of 34374, 36.45%
2026-07-23 06:05:52,603 3798683 road_revised.py Completed 12540 of 34374, 36.48%
2026-07-23 06:05:52,604 3798683 road_revised.py Completed 12550 of 34374, 36.51%
2026-07-23 06:05:52,624 3798683 road_revised.py Completed 12560 of 34374, 36.54%
2026-07-23 06:05:52,895 3798683 road_revised.py Completed 12570 of 34374, 36.57%
2026-07-23 06:05:53,178 3798683 road_revised.py Completed 12580 of 34374, 36.60%
2026-07-23 06:05:53,440 3798683 road_revised.py Completed 12590 of 34374, 36.63%
2026-07-23 06:05:53,756 3798683 road_revised.py Completed 12600 of 34374, 36.66%
2026-07-23 06:05:53,756 3798683 road_revised.py RSS checkpoint [iter1_lcp_progress_12600_of_34374]: 13.03 GB
2026-07-23 06:05:54,024 3798683 road_revised.py Completed 12610 of 34374, 36.68%
2026-07-23 06:05:54,297 3798683 road_revised.py Completed 12620 of 34374, 36.71%
2026-07-23 06:05:54,576 3798683 road_revised.py Completed 12630 of 34374, 36.74%
2026-07-23 06:05:57,285 3798683 road_revised.py Completed 12640 of 34374, 36.77%
2026-07-23 06:05:57,293 3798683 road_revised.py Completed 12650 of 34374, 36.80%
2026-07-23 06:05:57,345 3798683 road_revised.py Completed 12660 of 34374, 36.83%
2026-07-23 06:05:57,346 3798683 road_revised.py Completed 12670 of 34374, 36.86%
2026-07-23 06:05:57,358 3798683 road_revised.py Completed 12680 of 34374, 36.89%
2026-07-23 06:05:57,359 3798683 road_revised.py Completed 12690 of 34374, 36.92%
2026-07-23 06:05:57,370 3798683 road_revised.py Completed 12700 of 34374, 36.95%
2026-07-23 06:05:57,435 3798683 road_revised.py RSS checkpoint [iter1_lcp_progress_12700_of_34374]: 12.62 GB
2026-07-23 06:05:57,588 3798683 road_revised.py Completed 12710 of 34374, 36.98%
2026-07-23 06:05:57,854 3798683 road_revised.py Completed 12720 of 34374, 37.00%
2026-07-23 06:05:58,107 3798683 road_revised.py Completed 12730 of 34374, 37.03%
2026-07-23 06:05:58,427 3798683 road_revised.py Completed 12740 of 34374, 37.06%
2026-07-23 06:05:58,663 3798683 road_revised.py Completed 12750 of 34374, 37.09%
2026-07-23 06:05:58,997 3798683 road_revised.py Completed 12760 of 34374, 37.12%
2026-07-23 06:05:59,290 3798683 road_revised.py Completed 12770 of 34374, 37.15%
2026-07-23 06:05:59,562 3798683 road_revised.py Completed 12780 of 34374, 37.18%
2026-07-23 06:05:59,851 3798683 road_revised.py Completed 12790 of 34374, 37.21%
2026-07-23 06:06:00,096 3798683 road_revised.py Completed 12800 of 34374, 37.24%
2026-07-23 06:06:00,096 3798683 road_revised.py RSS checkpoint [iter1_lcp_progress_12800_of_34374]: 12.53 GB
2026-07-23 06:06:03,620 3798683 road_revised.py Completed 12810 of 34374, 37.27%
2026-07-23 06:06:03,623 3798683 road_revised.py Completed 12820 of 34374, 37.30%
2026-07-23 06:06:03,624 3798683 road_revised.py Completed 12830 of 34374, 37.32%
2026-07-23 06:06:03,625 3798683 road_revised.py Completed 12840 of 34374, 37.35%
2026-07-23 06:06:03,626 3798683 road_revised.py Completed 12850 of 34374, 37.38%
2026-07-23 06:06:03,627 3798683 road_revised.py Completed 12860 of 34374, 37.41%
2026-07-23 06:06:03,629 3798683 road_revised.py Completed 12870 of 34374, 37.44%
2026-07-23 06:06:04,110 3798683 road_revised.py Completed 12880 of 34374, 37.47%
2026-07-23 06:06:04,300 3798683 road_revised.py Completed 12890 of 34374, 37.50%
2026-07-23 06:06:04,569 3798683 road_revised.py Completed 12900 of 34374, 37.53%
2026-07-23 06:06:04,573 3798683 road_revised.py RSS checkpoint [iter1_lcp_progress_12900_of_34374]: 12.87 GB
2026-07-23 06:06:04,853 3798683 road_revised.py Completed 12910 of 34374, 37.56%
2026-07-23 06:06:05,167 3798683 road_revised.py Completed 12920 of 34374, 37.59%
2026-07-23 06:06:05,454 3798683 road_revised.py Completed 12930 of 34374, 37.62%
2026-07-23 06:06:05,753 3798683 road_revised.py Completed 12940 of 34374, 37.64%
2026-07-23 06:06:06,053 3798683 road_revised.py Completed 12950 of 34374, 37.67%
2026-07-23 06:06:06,364 3798683 road_revised.py Completed 12960 of 34374, 37.70%
2026-07-23 06:06:06,575 3798683 road_revised.py Completed 12970 of 34374, 37.73%
2026-07-23 06:06:09,616 3798683 road_revised.py Completed 12980 of 34374, 37.76%
2026-07-23 06:06:09,621 3798683 road_revised.py Completed 12990 of 34374, 37.79%
2026-07-23 06:06:09,648 3798683 road_revised.py Completed 13000 of 34374, 37.82%
2026-07-23 06:06:09,656 3798683 road_revised.py RSS checkpoint [iter1_lcp_progress_13000_of_34374]: 13.04 GB
2026-07-23 06:06:09,658 3798683 road_revised.py Completed 13010 of 34374, 37.85%
2026-07-23 06:06:09,659 3798683 road_revised.py Completed 13020 of 34374, 37.88%
2026-07-23 06:06:09,674 3798683 road_revised.py Completed 13030 of 34374, 37.91%
2026-07-23 06:06:09,676 3798683 road_revised.py Completed 13040 of 34374, 37.94%
2026-07-23 06:06:09,772 3798683 road_revised.py Completed 13050 of 34374, 37.96%
2026-07-23 06:06:10,069 3798683 road_revised.py Completed 13060 of 34374, 37.99%
2026-07-23 06:06:10,323 3798683 road_revised.py Completed 13070 of 34374, 38.02%
2026-07-23 06:06:10,608 3798683 road_revised.py Completed 13080 of 34374, 38.05%
2026-07-23 06:06:10,885 3798683 road_revised.py Completed 13090 of 34374, 38.08%
2026-07-23 06:06:11,150 3798683 road_revised.py Completed 13100 of 34374, 38.11%
2026-07-23 06:06:11,150 3798683 road_revised.py RSS checkpoint [iter1_lcp_progress_13100_of_34374]: 12.80 GB
2026-07-23 06:06:11,462 3798683 road_revised.py Completed 13110 of 34374, 38.14%
2026-07-23 06:06:11,788 3798683 road_revised.py Completed 13120 of 34374, 38.17%
2026-07-23 06:06:12,059 3798683 road_revised.py Completed 13130 of 34374, 38.20%
2026-07-23 06:06:15,532 3798683 road_revised.py Completed 13140 of 34374, 38.23%
2026-07-23 06:06:15,534 3798683 road_revised.py Completed 13150 of 34374, 38.26%
2026-07-23 06:06:15,578 3798683 road_revised.py Completed 13160 of 34374, 38.28%
2026-07-23 06:06:15,579 3798683 road_revised.py Completed 13170 of 34374, 38.31%
2026-07-23 06:06:15,580 3798683 road_revised.py Completed 13180 of 34374, 38.34%
2026-07-23 06:06:16,055 3798683 road_revised.py Completed 13190 of 34374, 38.37%
2026-07-23 06:06:16,056 3798683 road_revised.py Completed 13200 of 34374, 38.40%
2026-07-23 06:06:16,060 3798683 road_revised.py RSS checkpoint [iter1_lcp_progress_13200_of_34374]: 12.87 GB
2026-07-23 06:06:16,061 3798683 road_revised.py Completed 13210 of 34374, 38.43%
2026-07-23 06:06:16,068 3798683 road_revised.py Completed 13220 of 34374, 38.46%
2026-07-23 06:06:16,078 3798683 road_revised.py Completed 13230 of 34374, 38.49%
2026-07-23 06:06:16,319 3798683 road_revised.py Completed 13240 of 34374, 38.52%
2026-07-23 06:06:16,588 3798683 road_revised.py Completed 13250 of 34374, 38.55%
2026-07-23 06:06:16,892 3798683 road_revised.py Completed 13260 of 34374, 38.58%
2026-07-23 06:06:17,144 3798683 road_revised.py Completed 13270 of 34374, 38.60%
2026-07-23 06:06:17,401 3798683 road_revised.py Completed 13280 of 34374, 38.63%
2026-07-23 06:06:17,676 3798683 road_revised.py Completed 13290 of 34374, 38.66%
2026-07-23 06:06:17,965 3798683 road_revised.py Completed 13300 of 34374, 38.69%
2026-07-23 06:06:17,965 3798683 road_revised.py RSS checkpoint [iter1_lcp_progress_13300_of_34374]: 13.06 GB
2026-07-23 06:06:20,798 3798683 road_revised.py Completed 13310 of 34374, 38.72%
2026-07-23 06:06:20,803 3798683 road_revised.py Completed 13320 of 34374, 38.75%
2026-07-23 06:06:20,804 3798683 road_revised.py Completed 13330 of 34374, 38.78%
2026-07-23 06:06:20,831 3798683 road_revised.py Completed 13340 of 34374, 38.81%
2026-07-23 06:06:20,839 3798683 road_revised.py Completed 13350 of 34374, 38.84%
2026-07-23 06:06:20,845 3798683 road_revised.py Completed 13360 of 34374, 38.87%
2026-07-23 06:06:20,882 3798683 road_revised.py Completed 13370 of 34374, 38.90%
2026-07-23 06:06:21,232 3798683 road_revised.py Completed 13380 of 34374, 38.92%
2026-07-23 06:06:21,515 3798683 road_revised.py Completed 13390 of 34374, 38.95%
2026-07-23 06:06:21,809 3798683 road_revised.py Completed 13400 of 34374, 38.98%
2026-07-23 06:06:21,810 3798683 road_revised.py RSS checkpoint [iter1_lcp_progress_13400_of_34374]: 13.01 GB
2026-07-23 06:06:22,114 3798683 road_revised.py Completed 13410 of 34374, 39.01%
2026-07-23 06:06:22,401 3798683 road_revised.py Completed 13420 of 34374, 39.04%
2026-07-23 06:06:22,711 3798683 road_revised.py Completed 13430 of 34374, 39.07%
2026-07-23 06:06:22,963 3798683 road_revised.py Completed 13440 of 34374, 39.10%
2026-07-23 06:06:23,272 3798683 road_revised.py Completed 13450 of 34374, 39.13%
2026-07-23 06:06:23,515 3798683 road_revised.py Completed 13460 of 34374, 39.16%
2026-07-23 06:06:23,792 3798683 road_revised.py Completed 13470 of 34374, 39.19%
2026-07-23 06:06:27,547 3798683 road_revised.py Completed 13480 of 34374, 39.22%
2026-07-23 06:06:27,598 3798683 road_revised.py Completed 13490 of 34374, 39.24%
2026-07-23 06:06:27,600 3798683 road_revised.py Completed 13500 of 34374, 39.27%
2026-07-23 06:06:27,601 3798683 road_revised.py RSS checkpoint [iter1_lcp_progress_13500_of_34374]: 13.65 GB
2026-07-23 06:06:27,602 3798683 road_revised.py Completed 13510 of 34374, 39.30%
2026-07-23 06:06:28,089 3798683 road_revised.py Completed 13520 of 34374, 39.33%
2026-07-23 06:06:28,090 3798683 road_revised.py Completed 13530 of 34374, 39.36%
2026-07-23 06:06:28,114 3798683 road_revised.py Completed 13540 of 34374, 39.39%
2026-07-23 06:06:28,115 3798683 road_revised.py Completed 13550 of 34374, 39.42%
2026-07-23 06:06:28,116 3798683 road_revised.py Completed 13560 of 34374, 39.45%
2026-07-23 06:06:28,225 3798683 road_revised.py Completed 13570 of 34374, 39.48%
2026-07-23 06:06:28,557 3798683 road_revised.py Completed 13580 of 34374, 39.51%
2026-07-23 06:06:28,798 3798683 road_revised.py Completed 13590 of 34374, 39.54%
2026-07-23 06:06:29,068 3798683 road_revised.py Completed 13600 of 34374, 39.56%
2026-07-23 06:06:29,068 3798683 road_revised.py RSS checkpoint [iter1_lcp_progress_13600_of_34374]: 13.42 GB
2026-07-23 06:06:29,334 3798683 road_revised.py Completed 13610 of 34374, 39.59%
2026-07-23 06:06:29,572 3798683 road_revised.py Completed 13620 of 34374, 39.62%
2026-07-23 06:06:29,910 3798683 road_revised.py Completed 13630 of 34374, 39.65%
2026-07-23 06:06:30,169 3798683 road_revised.py Completed 13640 of 34374, 39.68%
2026-07-23 06:06:32,894 3798683 road_revised.py Completed 13650 of 34374, 39.71%
2026-07-23 06:06:32,971 3798683 road_revised.py Completed 13660 of 34374, 39.74%
2026-07-23 06:06:32,972 3798683 road_revised.py Completed 13670 of 34374, 39.77%
2026-07-23 06:06:33,007 3798683 road_revised.py Completed 13680 of 34374, 39.80%
2026-07-23 06:06:33,009 3798683 road_revised.py Completed 13690 of 34374, 39.83%
2026-07-23 06:06:33,010 3798683 road_revised.py Completed 13700 of 34374, 39.86%
2026-07-23 06:06:33,016 3798683 road_revised.py RSS checkpoint [iter1_lcp_progress_13700_of_34374]: 13.39 GB
2026-07-23 06:06:33,045 3798683 road_revised.py Completed 13710 of 34374, 39.88%
2026-07-23 06:06:33,190 3798683 road_revised.py Completed 13720 of 34374, 39.91%
2026-07-23 06:06:33,452 3798683 road_revised.py Completed 13730 of 34374, 39.94%
2026-07-23 06:06:33,738 3798683 road_revised.py Completed 13740 of 34374, 39.97%
2026-07-23 06:06:34,016 3798683 road_revised.py Completed 13750 of 34374, 40.00%
2026-07-23 06:06:34,282 3798683 road_revised.py Completed 13760 of 34374, 40.03%
2026-07-23 06:06:34,536 3798683 road_revised.py Completed 13770 of 34374, 40.06%
2026-07-23 06:06:34,772 3798683 road_revised.py Completed 13780 of 34374, 40.09%
2026-07-23 06:06:35,029 3798683 road_revised.py Completed 13790 of 34374, 40.12%
2026-07-23 06:06:35,301 3798683 road_revised.py Completed 13800 of 34374, 40.15%
2026-07-23 06:06:35,301 3798683 road_revised.py RSS checkpoint [iter1_lcp_progress_13800_of_34374]: 13.24 GB
2026-07-23 06:06:39,373 3798683 road_revised.py Completed 13810 of 34374, 40.18%
2026-07-23 06:06:39,376 3798683 road_revised.py Completed 13820 of 34374, 40.20%
2026-07-23 06:06:39,386 3798683 road_revised.py Completed 13830 of 34374, 40.23%
2026-07-23 06:06:39,387 3798683 road_revised.py Completed 13840 of 34374, 40.26%
2026-07-23 06:06:39,877 3798683 road_revised.py Completed 13850 of 34374, 40.29%
2026-07-23 06:06:39,878 3798683 road_revised.py Completed 13860 of 34374, 40.32%
2026-07-23 06:06:39,879 3798683 road_revised.py Completed 13870 of 34374, 40.35%
2026-07-23 06:06:39,891 3798683 road_revised.py Completed 13880 of 34374, 40.38%
2026-07-23 06:06:39,904 3798683 road_revised.py Completed 13890 of 34374, 40.41%
2026-07-23 06:06:40,146 3798683 road_revised.py Completed 13900 of 34374, 40.44%
2026-07-23 06:06:40,146 3798683 road_revised.py RSS checkpoint [iter1_lcp_progress_13900_of_34374]: 13.65 GB
2026-07-23 06:06:40,501 3798683 road_revised.py Completed 13910 of 34374, 40.47%
2026-07-23 06:06:40,729 3798683 road_revised.py Completed 13920 of 34374, 40.50%
2026-07-23 06:06:41,046 3798683 road_revised.py Completed 13930 of 34374, 40.52%
2026-07-23 06:06:41,314 3798683 road_revised.py Completed 13940 of 34374, 40.55%
2026-07-23 06:06:41,591 3798683 road_revised.py Completed 13950 of 34374, 40.58%
2026-07-23 06:06:41,888 3798683 road_revised.py Completed 13960 of 34374, 40.61%
2026-07-23 06:06:42,149 3798683 road_revised.py Completed 13970 of 34374, 40.64%
2026-07-23 06:06:45,034 3798683 road_revised.py Completed 13980 of 34374, 40.67%
2026-07-23 06:06:45,038 3798683 road_revised.py Completed 13990 of 34374, 40.70%
2026-07-23 06:06:45,040 3798683 road_revised.py Completed 14000 of 34374, 40.73%
2026-07-23 06:06:45,040 3798683 road_revised.py RSS checkpoint [iter1_lcp_progress_14000_of_34374]: 13.68 GB
2026-07-23 06:06:45,060 3798683 road_revised.py Completed 14010 of 34374, 40.76%
2026-07-23 06:06:45,061 3798683 road_revised.py Completed 14020 of 34374, 40.79%
2026-07-23 06:06:45,072 3798683 road_revised.py Completed 14030 of 34374, 40.82%
2026-07-23 06:06:45,084 3798683 road_revised.py Completed 14040 of 34374, 40.84%
2026-07-23 06:06:45,285 3798683 road_revised.py Completed 14050 of 34374, 40.87%
2026-07-23 06:06:45,526 3798683 road_revised.py Completed 14060 of 34374, 40.90%
2026-07-23 06:06:45,813 3798683 road_revised.py Completed 14070 of 34374, 40.93%
2026-07-23 06:06:46,062 3798683 road_revised.py Completed 14080 of 34374, 40.96%
2026-07-23 06:06:46,315 3798683 road_revised.py Completed 14090 of 34374, 40.99%
2026-07-23 06:06:46,593 3798683 road_revised.py Completed 14100 of 34374, 41.02%
2026-07-23 06:06:46,593 3798683 road_revised.py RSS checkpoint [iter1_lcp_progress_14100_of_34374]: 13.45 GB
2026-07-23 06:06:46,883 3798683 road_revised.py Completed 14110 of 34374, 41.05%
2026-07-23 06:06:47,114 3798683 road_revised.py Completed 14120 of 34374, 41.08%
2026-07-23 06:06:47,367 3798683 road_revised.py Completed 14130 of 34374, 41.11%
2026-07-23 06:06:47,643 3798683 road_revised.py Completed 14140 of 34374, 41.14%
2026-07-23 06:06:50,860 3798683 road_revised.py Completed 14150 of 34374, 41.16%
2026-07-23 06:06:50,864 3798683 road_revised.py Completed 14160 of 34374, 41.19%
2026-07-23 06:06:51,342 3798683 road_revised.py Completed 14170 of 34374, 41.22%
2026-07-23 06:06:51,346 3798683 road_revised.py Completed 14180 of 34374, 41.25%
2026-07-23 06:06:51,346 3798683 road_revised.py Completed 14190 of 34374, 41.28%
2026-07-23 06:06:51,348 3798683 road_revised.py Completed 14200 of 34374, 41.31%
2026-07-23 06:06:51,349 3798683 road_revised.py RSS checkpoint [iter1_lcp_progress_14200_of_34374]: 13.51 GB
2026-07-23 06:06:51,350 3798683 road_revised.py Completed 14210 of 34374, 41.34%
2026-07-23 06:06:51,355 3798683 road_revised.py Completed 14220 of 34374, 41.37%
2026-07-23 06:06:51,360 3798683 road_revised.py Completed 14230 of 34374, 41.40%
2026-07-23 06:06:51,622 3798683 road_revised.py Completed 14240 of 34374, 41.43%
2026-07-23 06:06:51,851 3798683 road_revised.py Completed 14250 of 34374, 41.46%
2026-07-23 06:06:52,132 3798683 road_revised.py Completed 14260 of 34374, 41.48%
2026-07-23 06:06:52,480 3798683 road_revised.py Completed 14270 of 34374, 41.51%
2026-07-23 06:06:52,741 3798683 road_revised.py Completed 14280 of 34374, 41.54%
2026-07-23 06:06:53,117 3798683 road_revised.py Completed 14290 of 34374, 41.57%
2026-07-23 06:06:53,391 3798683 road_revised.py Completed 14300 of 34374, 41.60%
2026-07-23 06:06:53,392 3798683 road_revised.py RSS checkpoint [iter1_lcp_progress_14300_of_34374]: 13.73 GB
2026-07-23 06:06:53,654 3798683 road_revised.py Completed 14310 of 34374, 41.63%
2026-07-23 06:06:56,784 3798683 road_revised.py Completed 14320 of 34374, 41.66%
2026-07-23 06:06:56,822 3798683 road_revised.py Completed 14330 of 34374, 41.69%
2026-07-23 06:06:56,823 3798683 road_revised.py Completed 14340 of 34374, 41.72%
2026-07-23 06:06:56,824 3798683 road_revised.py Completed 14350 of 34374, 41.75%
2026-07-23 06:06:56,825 3798683 road_revised.py Completed 14360 of 34374, 41.78%
2026-07-23 06:06:56,826 3798683 road_revised.py Completed 14370 of 34374, 41.80%
2026-07-23 06:06:56,827 3798683 road_revised.py Completed 14380 of 34374, 41.83%
2026-07-23 06:06:57,058 3798683 road_revised.py Completed 14390 of 34374, 41.86%
2026-07-23 06:06:57,363 3798683 road_revised.py Completed 14400 of 34374, 41.89%
2026-07-23 06:06:57,363 3798683 road_revised.py RSS checkpoint [iter1_lcp_progress_14400_of_34374]: 13.65 GB
2026-07-23 06:06:57,633 3798683 road_revised.py Completed 14410 of 34374, 41.92%
2026-07-23 06:06:57,942 3798683 road_revised.py Completed 14420 of 34374, 41.95%
2026-07-23 06:06:58,176 3798683 road_revised.py Completed 14430 of 34374, 41.98%
2026-07-23 06:06:58,526 3798683 road_revised.py Completed 14440 of 34374, 42.01%
2026-07-23 06:06:58,751 3798683 road_revised.py Completed 14450 of 34374, 42.04%
2026-07-23 06:06:59,017 3798683 road_revised.py Completed 14460 of 34374, 42.07%
2026-07-23 06:06:59,301 3798683 road_revised.py Completed 14470 of 34374, 42.10%
2026-07-23 06:06:59,594 3798683 road_revised.py Completed 14480 of 34374, 42.12%
2026-07-23 06:07:03,728 3798683 road_revised.py Completed 14490 of 34374, 42.15%
2026-07-23 06:07:03,729 3798683 road_revised.py Completed 14500 of 34374, 42.18%
2026-07-23 06:07:03,736 3798683 road_revised.py RSS checkpoint [iter1_lcp_progress_14500_of_34374]: 14.06 GB
2026-07-23 06:07:03,741 3798683 road_revised.py Completed 14510 of 34374, 42.21%
2026-07-23 06:07:03,764 3798683 road_revised.py Completed 14520 of 34374, 42.24%
2026-07-23 06:07:03,765 3798683 road_revised.py Completed 14530 of 34374, 42.27%
2026-07-23 06:07:03,776 3798683 road_revised.py Completed 14540 of 34374, 42.30%
2026-07-23 06:07:03,780 3798683 road_revised.py Completed 14550 of 34374, 42.33%
2026-07-23 06:07:03,781 3798683 road_revised.py Completed 14560 of 34374, 42.36%
2026-07-23 06:07:03,786 3798683 road_revised.py Completed 14570 of 34374, 42.39%
2026-07-23 06:07:03,966 3798683 road_revised.py Completed 14580 of 34374, 42.42%
2026-07-23 06:07:04,239 3798683 road_revised.py Completed 14590 of 34374, 42.44%
2026-07-23 06:07:04,521 3798683 road_revised.py Completed 14600 of 34374, 42.47%
2026-07-23 06:07:04,521 3798683 road_revised.py RSS checkpoint [iter1_lcp_progress_14600_of_34374]: 13.85 GB
2026-07-23 06:07:04,741 3798683 road_revised.py Completed 14610 of 34374, 42.50%
2026-07-23 06:07:05,019 3798683 road_revised.py Completed 14620 of 34374, 42.53%
2026-07-23 06:07:05,295 3798683 road_revised.py Completed 14630 of 34374, 42.56%
2026-07-23 06:07:05,531 3798683 road_revised.py Completed 14640 of 34374, 42.59%
2026-07-23 06:07:08,367 3798683 road_revised.py Completed 14650 of 34374, 42.62%
2026-07-23 06:07:08,391 3798683 road_revised.py Completed 14660 of 34374, 42.65%
2026-07-23 06:07:08,442 3798683 road_revised.py Completed 14670 of 34374, 42.68%
2026-07-23 06:07:08,443 3798683 road_revised.py Completed 14680 of 34374, 42.71%
2026-07-23 06:07:08,458 3798683 road_revised.py Completed 14690 of 34374, 42.74%
2026-07-23 06:07:08,464 3798683 road_revised.py Completed 14700 of 34374, 42.76%
2026-07-23 06:07:08,464 3798683 road_revised.py RSS checkpoint [iter1_lcp_progress_14700_of_34374]: 13.91 GB
2026-07-23 06:07:08,478 3798683 road_revised.py Completed 14710 of 34374, 42.79%
2026-07-23 06:07:08,728 3798683 road_revised.py Completed 14720 of 34374, 42.82%
2026-07-23 06:07:09,101 3798683 road_revised.py Completed 14730 of 34374, 42.85%
2026-07-23 06:07:09,358 3798683 road_revised.py Completed 14740 of 34374, 42.88%
2026-07-23 06:07:09,644 3798683 road_revised.py Completed 14750 of 34374, 42.91%
2026-07-23 06:07:09,964 3798683 road_revised.py Completed 14760 of 34374, 42.94%
2026-07-23 06:07:10,237 3798683 road_revised.py Completed 14770 of 34374, 42.97%
2026-07-23 06:07:10,561 3798683 road_revised.py Completed 14780 of 34374, 43.00%
2026-07-23 06:07:10,802 3798683 road_revised.py Completed 14790 of 34374, 43.03%
2026-07-23 06:07:11,135 3798683 road_revised.py Completed 14800 of 34374, 43.06%
2026-07-23 06:07:11,136 3798683 road_revised.py RSS checkpoint [iter1_lcp_progress_14800_of_34374]: 13.82 GB
2026-07-23 06:07:11,418 3798683 road_revised.py Completed 14810 of 34374, 43.08%
2026-07-23 06:07:15,314 3798683 road_revised.py Completed 14820 of 34374, 43.11%
2026-07-23 06:07:15,317 3798683 road_revised.py Completed 14830 of 34374, 43.14%
2026-07-23 06:07:15,318 3798683 road_revised.py Completed 14840 of 34374, 43.17%
2026-07-23 06:07:15,346 3798683 road_revised.py Completed 14850 of 34374, 43.20%
2026-07-23 06:07:15,347 3798683 road_revised.py Completed 14860 of 34374, 43.23%
2026-07-23 06:07:15,844 3798683 road_revised.py Completed 14870 of 34374, 43.26%
2026-07-23 06:07:15,845 3798683 road_revised.py Completed 14880 of 34374, 43.29%
2026-07-23 06:07:15,846 3798683 road_revised.py Completed 14890 of 34374, 43.32%
2026-07-23 06:07:15,848 3798683 road_revised.py Completed 14900 of 34374, 43.35%
2026-07-23 06:07:15,865 3798683 road_revised.py RSS checkpoint [iter1_lcp_progress_14900_of_34374]: 14.12 GB
2026-07-23 06:07:15,869 3798683 road_revised.py Completed 14910 of 34374, 43.38%
2026-07-23 06:07:16,100 3798683 road_revised.py Completed 14920 of 34374, 43.40%
2026-07-23 06:07:16,387 3798683 road_revised.py Completed 14930 of 34374, 43.43%
2026-07-23 06:07:16,654 3798683 road_revised.py Completed 14940 of 34374, 43.46%
2026-07-23 06:07:16,896 3798683 road_revised.py Completed 14950 of 34374, 43.49%
2026-07-23 06:07:17,164 3798683 road_revised.py Completed 14960 of 34374, 43.52%
2026-07-23 06:07:17,457 3798683 road_revised.py Completed 14970 of 34374, 43.55%
2026-07-23 06:07:17,683 3798683 road_revised.py Completed 14980 of 34374, 43.58%
2026-07-23 06:07:20,341 3798683 road_revised.py Completed 14990 of 34374, 43.61%
2026-07-23 06:07:20,345 3798683 road_revised.py Completed 15000 of 34374, 43.64%
2026-07-23 06:07:20,349 3798683 road_revised.py RSS checkpoint [iter1_lcp_progress_15000_of_34374]: 14.19 GB
2026-07-23 06:07:20,351 3798683 road_revised.py Completed 15010 of 34374, 43.67%
2026-07-23 06:07:20,371 3798683 road_revised.py Completed 15020 of 34374, 43.70%
2026-07-23 06:07:20,372 3798683 road_revised.py Completed 15030 of 34374, 43.72%
2026-07-23 06:07:20,373 3798683 road_revised.py Completed 15040 of 34374, 43.75%
2026-07-23 06:07:20,410 3798683 road_revised.py Completed 15050 of 34374, 43.78%
2026-07-23 06:07:20,702 3798683 road_revised.py Completed 15060 of 34374, 43.81%
2026-07-23 06:07:20,947 3798683 road_revised.py Completed 15070 of 34374, 43.84%
2026-07-23 06:07:21,206 3798683 road_revised.py Completed 15080 of 34374, 43.87%
2026-07-23 06:07:21,498 3798683 road_revised.py Completed 15090 of 34374, 43.90%
2026-07-23 06:07:21,717 3798683 road_revised.py Completed 15100 of 34374, 43.93%
2026-07-23 06:07:21,724 3798683 road_revised.py RSS checkpoint [iter1_lcp_progress_15100_of_34374]: 14.05 GB
2026-07-23 06:07:21,957 3798683 road_revised.py Completed 15110 of 34374, 43.96%
2026-07-23 06:07:22,226 3798683 road_revised.py Completed 15120 of 34374, 43.99%
2026-07-23 06:07:22,469 3798683 road_revised.py Completed 15130 of 34374, 44.02%
2026-07-23 06:07:22,752 3798683 road_revised.py Completed 15140 of 34374, 44.04%
2026-07-23 06:07:23,042 3798683 road_revised.py Completed 15150 of 34374, 44.07%
2026-07-23 06:07:26,714 3798683 road_revised.py Completed 15160 of 34374, 44.10%
2026-07-23 06:07:26,715 3798683 road_revised.py Completed 15170 of 34374, 44.13%
2026-07-23 06:07:26,746 3798683 road_revised.py Completed 15180 of 34374, 44.16%
2026-07-23 06:07:26,747 3798683 road_revised.py Completed 15190 of 34374, 44.19%
2026-07-23 06:07:26,748 3798683 road_revised.py Completed 15200 of 34374, 44.22%
2026-07-23 06:07:27,267 3798683 road_revised.py RSS checkpoint [iter1_lcp_progress_15200_of_34374]: 14.35 GB
2026-07-23 06:07:27,268 3798683 road_revised.py Completed 15210 of 34374, 44.25%
2026-07-23 06:07:27,269 3798683 road_revised.py Completed 15220 of 34374, 44.28%
2026-07-23 06:07:27,285 3798683 road_revised.py Completed 15230 of 34374, 44.31%
2026-07-23 06:07:27,300 3798683 road_revised.py Completed 15240 of 34374, 44.34%
2026-07-23 06:07:27,560 3798683 road_revised.py Completed 15250 of 34374, 44.36%
2026-07-23 06:07:27,852 3798683 road_revised.py Completed 15260 of 34374, 44.39%
2026-07-23 06:07:28,150 3798683 road_revised.py Completed 15270 of 34374, 44.42%
2026-07-23 06:07:28,428 3798683 road_revised.py Completed 15280 of 34374, 44.45%
2026-07-23 06:07:28,751 3798683 road_revised.py Completed 15290 of 34374, 44.48%
2026-07-23 06:07:29,028 3798683 road_revised.py Completed 15300 of 34374, 44.51%
2026-07-23 06:07:29,029 3798683 road_revised.py RSS checkpoint [iter1_lcp_progress_15300_of_34374]: 14.56 GB
2026-07-23 06:07:29,287 3798683 road_revised.py Completed 15310 of 34374, 44.54%
2026-07-23 06:07:32,809 3798683 road_revised.py Completed 15320 of 34374, 44.57%
2026-07-23 06:07:32,870 3798683 road_revised.py Completed 15330 of 34374, 44.60%
2026-07-23 06:07:32,871 3798683 road_revised.py Completed 15340 of 34374, 44.63%
2026-07-23 06:07:32,876 3798683 road_revised.py Completed 15350 of 34374, 44.66%
2026-07-23 06:07:32,882 3798683 road_revised.py Completed 15360 of 34374, 44.68%
2026-07-23 06:07:32,885 3798683 road_revised.py Completed 15370 of 34374, 44.71%
2026-07-23 06:07:32,886 3798683 road_revised.py Completed 15380 of 34374, 44.74%
2026-07-23 06:07:32,900 3798683 road_revised.py Completed 15390 of 34374, 44.77%
2026-07-23 06:07:32,901 3798683 road_revised.py Completed 15400 of 34374, 44.80%
2026-07-23 06:07:32,914 3798683 road_revised.py RSS checkpoint [iter1_lcp_progress_15400_of_34374]: 14.53 GB
2026-07-23 06:07:33,147 3798683 road_revised.py Completed 15410 of 34374, 44.83%
2026-07-23 06:07:33,414 3798683 road_revised.py Completed 15420 of 34374, 44.86%
2026-07-23 06:07:33,701 3798683 road_revised.py Completed 15430 of 34374, 44.89%
2026-07-23 06:07:33,961 3798683 road_revised.py Completed 15440 of 34374, 44.92%
2026-07-23 06:07:34,236 3798683 road_revised.py Completed 15450 of 34374, 44.95%
2026-07-23 06:07:34,508 3798683 road_revised.py Completed 15460 of 34374, 44.98%
2026-07-23 06:07:34,776 3798683 road_revised.py Completed 15470 of 34374, 45.00%
2026-07-23 06:07:35,039 3798683 road_revised.py Completed 15480 of 34374, 45.03%
2026-07-23 06:07:38,323 3798683 road_revised.py Completed 15490 of 34374, 45.06%
2026-07-23 06:07:38,334 3798683 road_revised.py Completed 15500 of 34374, 45.09%
2026-07-23 06:07:38,340 3798683 road_revised.py RSS checkpoint [iter1_lcp_progress_15500_of_34374]: 14.43 GB
2026-07-23 06:07:38,390 3798683 road_revised.py Completed 15510 of 34374, 45.12%
2026-07-23 06:07:38,391 3798683 road_revised.py Completed 15520 of 34374, 45.15%
2026-07-23 06:07:38,392 3798683 road_revised.py Completed 15530 of 34374, 45.18%
2026-07-23 06:07:38,879 3798683 road_revised.py Completed 15540 of 34374, 45.21%
2026-07-23 06:07:38,880 3798683 road_revised.py Completed 15550 of 34374, 45.24%
2026-07-23 06:07:38,881 3798683 road_revised.py Completed 15560 of 34374, 45.27%
2026-07-23 06:07:38,883 3798683 road_revised.py Completed 15570 of 34374, 45.30%
2026-07-23 06:07:39,116 3798683 road_revised.py Completed 15580 of 34374, 45.32%
2026-07-23 06:07:39,347 3798683 road_revised.py Completed 15590 of 34374, 45.35%
2026-07-23 06:07:39,606 3798683 road_revised.py Completed 15600 of 34374, 45.38%
2026-07-23 06:07:39,608 3798683 road_revised.py RSS checkpoint [iter1_lcp_progress_15600_of_34374]: 14.44 GB
2026-07-23 06:07:39,872 3798683 road_revised.py Completed 15610 of 34374, 45.41%
2026-07-23 06:07:40,117 3798683 road_revised.py Completed 15620 of 34374, 45.44%
2026-07-23 06:07:40,384 3798683 road_revised.py Completed 15630 of 34374, 45.47%
2026-07-23 06:07:40,638 3798683 road_revised.py Completed 15640 of 34374, 45.50%
2026-07-23 06:07:40,918 3798683 road_revised.py Completed 15650 of 34374, 45.53%
2026-07-23 06:07:43,763 3798683 road_revised.py Completed 15660 of 34374, 45.56%
2026-07-23 06:07:43,770 3798683 road_revised.py Completed 15670 of 34374, 45.59%
2026-07-23 06:07:43,799 3798683 road_revised.py Completed 15680 of 34374, 45.62%
2026-07-23 06:07:43,800 3798683 road_revised.py Completed 15690 of 34374, 45.64%
2026-07-23 06:07:43,801 3798683 road_revised.py Completed 15700 of 34374, 45.67%
2026-07-23 06:07:43,809 3798683 road_revised.py RSS checkpoint [iter1_lcp_progress_15700_of_34374]: 14.63 GB
2026-07-23 06:07:43,829 3798683 road_revised.py Completed 15710 of 34374, 45.70%
2026-07-23 06:07:44,014 3798683 road_revised.py Completed 15720 of 34374, 45.73%
2026-07-23 06:07:44,288 3798683 road_revised.py Completed 15730 of 34374, 45.76%
2026-07-23 06:07:44,589 3798683 road_revised.py Completed 15740 of 34374, 45.79%
2026-07-23 06:07:44,863 3798683 road_revised.py Completed 15750 of 34374, 45.82%
2026-07-23 06:07:45,169 3798683 road_revised.py Completed 15760 of 34374, 45.85%
2026-07-23 06:07:45,449 3798683 road_revised.py Completed 15770 of 34374, 45.88%
2026-07-23 06:07:45,778 3798683 road_revised.py Completed 15780 of 34374, 45.91%
2026-07-23 06:07:46,025 3798683 road_revised.py Completed 15790 of 34374, 45.94%
2026-07-23 06:07:46,087 3798683 road_revised.py Completed 15800 of 34374, 45.96%
2026-07-23 06:07:46,087 3798683 road_revised.py RSS checkpoint [iter1_lcp_progress_15800_of_34374]: 14.52 GB
2026-07-23 06:07:46,318 3798683 road_revised.py Completed 15810 of 34374, 45.99%
2026-07-23 06:07:46,609 3798683 road_revised.py Completed 15820 of 34374, 46.02%
2026-07-23 06:07:46,886 3798683 road_revised.py Completed 15830 of 34374, 46.05%
2026-07-23 06:07:50,820 3798683 road_revised.py Completed 15840 of 34374, 46.08%
2026-07-23 06:07:50,821 3798683 road_revised.py Completed 15850 of 34374, 46.11%
2026-07-23 06:07:51,324 3798683 road_revised.py Completed 15860 of 34374, 46.14%
2026-07-23 06:07:51,325 3798683 road_revised.py Completed 15870 of 34374, 46.17%
2026-07-23 06:07:51,327 3798683 road_revised.py Completed 15880 of 34374, 46.20%
2026-07-23 06:07:51,328 3798683 road_revised.py Completed 15890 of 34374, 46.23%
2026-07-23 06:07:51,341 3798683 road_revised.py Completed 15900 of 34374, 46.26%
2026-07-23 06:07:51,341 3798683 road_revised.py RSS checkpoint [iter1_lcp_progress_15900_of_34374]: 14.62 GB
2026-07-23 06:07:51,346 3798683 road_revised.py Completed 15910 of 34374, 46.28%
2026-07-23 06:07:51,347 3798683 road_revised.py Completed 15920 of 34374, 46.31%
2026-07-23 06:07:51,569 3798683 road_revised.py Completed 15930 of 34374, 46.34%
2026-07-23 06:07:51,840 3798683 road_revised.py Completed 15940 of 34374, 46.37%
2026-07-23 06:07:52,101 3798683 road_revised.py Completed 15950 of 34374, 46.40%
2026-07-23 06:07:52,399 3798683 road_revised.py Completed 15960 of 34374, 46.43%
2026-07-23 06:07:52,687 3798683 road_revised.py Completed 15970 of 34374, 46.46%
2026-07-23 06:07:52,989 3798683 road_revised.py Completed 15980 of 34374, 46.49%
2026-07-23 06:07:53,202 3798683 road_revised.py Completed 15990 of 34374, 46.52%
2026-07-23 06:07:55,895 3798683 road_revised.py Completed 16000 of 34374, 46.55%
2026-07-23 06:07:55,896 3798683 road_revised.py RSS checkpoint [iter1_lcp_progress_16000_of_34374]: 14.83 GB
2026-07-23 06:07:55,971 3798683 road_revised.py Completed 16010 of 34374, 46.58%
2026-07-23 06:07:55,972 3798683 road_revised.py Completed 16020 of 34374, 46.60%
2026-07-23 06:07:55,973 3798683 road_revised.py Completed 16030 of 34374, 46.63%
2026-07-23 06:07:55,974 3798683 road_revised.py Completed 16040 of 34374, 46.66%
2026-07-23 06:07:55,975 3798683 road_revised.py Completed 16050 of 34374, 46.69%
2026-07-23 06:07:56,182 3798683 road_revised.py Completed 16060 of 34374, 46.72%
2026-07-23 06:07:56,460 3798683 road_revised.py Completed 16070 of 34374, 46.75%
2026-07-23 06:07:56,755 3798683 road_revised.py Completed 16080 of 34374, 46.78%
2026-07-23 06:07:57,017 3798683 road_revised.py Completed 16090 of 34374, 46.81%
2026-07-23 06:07:57,237 3798683 road_revised.py Completed 16100 of 34374, 46.84%
2026-07-23 06:07:57,240 3798683 road_revised.py RSS checkpoint [iter1_lcp_progress_16100_of_34374]: 14.66 GB
2026-07-23 06:07:57,491 3798683 road_revised.py Completed 16110 of 34374, 46.87%
2026-07-23 06:07:57,743 3798683 road_revised.py Completed 16120 of 34374, 46.90%
2026-07-23 06:07:58,018 3798683 road_revised.py Completed 16130 of 34374, 46.93%
2026-07-23 06:07:58,257 3798683 road_revised.py Completed 16140 of 34374, 46.95%
2026-07-23 06:07:58,512 3798683 road_revised.py Completed 16150 of 34374, 46.98%
2026-07-23 06:07:58,785 3798683 road_revised.py Completed 16160 of 34374, 47.01%
2026-07-23 06:08:02,751 3798683 road_revised.py Completed 16170 of 34374, 47.04%
2026-07-23 06:08:02,757 3798683 road_revised.py Completed 16180 of 34374, 47.07%
2026-07-23 06:08:03,333 3798683 road_revised.py Completed 16190 of 34374, 47.10%
2026-07-23 06:08:03,334 3798683 road_revised.py Completed 16200 of 34374, 47.13%
2026-07-23 06:08:03,348 3798683 road_revised.py RSS checkpoint [iter1_lcp_progress_16200_of_34374]: 14.98 GB
2026-07-23 06:08:03,364 3798683 road_revised.py Completed 16210 of 34374, 47.16%
2026-07-23 06:08:03,370 3798683 road_revised.py Completed 16220 of 34374, 47.19%
2026-07-23 06:08:03,371 3798683 road_revised.py Completed 16230 of 34374, 47.22%
2026-07-23 06:08:03,396 3798683 road_revised.py Completed 16240 of 34374, 47.25%
2026-07-23 06:08:03,398 3798683 road_revised.py Completed 16250 of 34374, 47.27%
2026-07-23 06:08:03,474 3798683 road_revised.py Completed 16260 of 34374, 47.30%
2026-07-23 06:08:03,775 3798683 road_revised.py Completed 16270 of 34374, 47.33%
2026-07-23 06:08:04,078 3798683 road_revised.py Completed 16280 of 34374, 47.36%
2026-07-23 06:08:04,364 3798683 road_revised.py Completed 16290 of 34374, 47.39%
2026-07-23 06:08:04,614 3798683 road_revised.py Completed 16300 of 34374, 47.42%
2026-07-23 06:08:04,614 3798683 road_revised.py RSS checkpoint [iter1_lcp_progress_16300_of_34374]: 15.14 GB
2026-07-23 06:08:04,915 3798683 road_revised.py Completed 16310 of 34374, 47.45%
2026-07-23 06:08:05,206 3798683 road_revised.py Completed 16320 of 34374, 47.48%
2026-07-23 06:08:05,540 3798683 road_revised.py Completed 16330 of 34374, 47.51%
2026-07-23 06:08:08,654 3798683 road_revised.py Completed 16340 of 34374, 47.54%
2026-07-23 06:08:08,902 3798683 road_revised.py Completed 16350 of 34374, 47.57%
2026-07-23 06:08:08,911 3798683 road_revised.py Completed 16360 of 34374, 47.59%
2026-07-23 06:08:08,926 3798683 road_revised.py Completed 16370 of 34374, 47.62%
2026-07-23 06:08:08,927 3798683 road_revised.py Completed 16380 of 34374, 47.65%
2026-07-23 06:08:08,928 3798683 road_revised.py Completed 16390 of 34374, 47.68%
2026-07-23 06:08:08,929 3798683 road_revised.py Completed 16400 of 34374, 47.71%
2026-07-23 06:08:08,931 3798683 road_revised.py RSS checkpoint [iter1_lcp_progress_16400_of_34374]: 13.93 GB
2026-07-23 06:08:08,940 3798683 road_revised.py Completed 16410 of 34374, 47.74%
2026-07-23 06:08:09,008 3798683 road_revised.py Completed 16420 of 34374, 47.77%
2026-07-23 06:08:09,299 3798683 road_revised.py Completed 16430 of 34374, 47.80%
2026-07-23 06:08:09,558 3798683 road_revised.py Completed 16440 of 34374, 47.83%
2026-07-23 06:08:09,823 3798683 road_revised.py Completed 16450 of 34374, 47.86%
2026-07-23 06:08:10,092 3798683 road_revised.py Completed 16460 of 34374, 47.89%
2026-07-23 06:08:10,384 3798683 road_revised.py Completed 16470 of 34374, 47.91%
2026-07-23 06:08:10,689 3798683 road_revised.py Completed 16480 of 34374, 47.94%
2026-07-23 06:08:10,962 3798683 road_revised.py Completed 16490 of 34374, 47.97%
2026-07-23 06:08:11,192 3798683 road_revised.py Completed 16500 of 34374, 48.00%
2026-07-23 06:08:11,209 3798683 road_revised.py RSS checkpoint [iter1_lcp_progress_16500_of_34374]: 14.08 GB
2026-07-23 06:08:14,508 3798683 road_revised.py Completed 16510 of 34374, 48.03%
2026-07-23 06:08:14,979 3798683 road_revised.py Completed 16520 of 34374, 48.06%
2026-07-23 06:08:14,980 3798683 road_revised.py Completed 16530 of 34374, 48.09%
2026-07-23 06:08:14,981 3798683 road_revised.py Completed 16540 of 34374, 48.12%
2026-07-23 06:08:14,982 3798683 road_revised.py Completed 16550 of 34374, 48.15%
2026-07-23 06:08:14,983 3798683 road_revised.py Completed 16560 of 34374, 48.18%
2026-07-23 06:08:14,985 3798683 road_revised.py Completed 16570 of 34374, 48.21%
2026-07-23 06:08:14,986 3798683 road_revised.py Completed 16580 of 34374, 48.23%
2026-07-23 06:08:15,078 3798683 road_revised.py Completed 16590 of 34374, 48.26%
2026-07-23 06:08:15,314 3798683 road_revised.py Completed 16600 of 34374, 48.29%
2026-07-23 06:08:15,328 3798683 road_revised.py RSS checkpoint [iter1_lcp_progress_16600_of_34374]: 13.67 GB
2026-07-23 06:08:15,587 3798683 road_revised.py Completed 16610 of 34374, 48.32%
2026-07-23 06:08:15,894 3798683 road_revised.py Completed 16620 of 34374, 48.35%
2026-07-23 06:08:16,150 3798683 road_revised.py Completed 16630 of 34374, 48.38%
2026-07-23 06:08:16,401 3798683 road_revised.py Completed 16640 of 34374, 48.41%
2026-07-23 06:08:16,703 3798683 road_revised.py Completed 16650 of 34374, 48.44%
2026-07-23 06:08:16,949 3798683 road_revised.py Completed 16660 of 34374, 48.47%
2026-07-23 06:08:19,856 3798683 road_revised.py Completed 16670 of 34374, 48.50%
2026-07-23 06:08:19,866 3798683 road_revised.py Completed 16680 of 34374, 48.53%
2026-07-23 06:08:19,867 3798683 road_revised.py Completed 16690 of 34374, 48.55%
2026-07-23 06:08:19,903 3798683 road_revised.py Completed 16700 of 34374, 48.58%
2026-07-23 06:08:19,903 3798683 road_revised.py RSS checkpoint [iter1_lcp_progress_16700_of_34374]: 14.04 GB
2026-07-23 06:08:19,904 3798683 road_revised.py Completed 16710 of 34374, 48.61%
2026-07-23 06:08:19,923 3798683 road_revised.py Completed 16720 of 34374, 48.64%
2026-07-23 06:08:19,963 3798683 road_revised.py Completed 16730 of 34374, 48.67%
2026-07-23 06:08:20,335 3798683 road_revised.py Completed 16740 of 34374, 48.70%
2026-07-23 06:08:20,597 3798683 road_revised.py Completed 16750 of 34374, 48.73%
2026-07-23 06:08:20,954 3798683 road_revised.py Completed 16760 of 34374, 48.76%
2026-07-23 06:08:21,201 3798683 road_revised.py Completed 16770 of 34374, 48.79%
2026-07-23 06:08:21,512 3798683 road_revised.py Completed 16780 of 34374, 48.82%
2026-07-23 06:08:21,775 3798683 road_revised.py Completed 16790 of 34374, 48.85%
2026-07-23 06:08:22,070 3798683 road_revised.py Completed 16800 of 34374, 48.87%
2026-07-23 06:08:22,071 3798683 road_revised.py RSS checkpoint [iter1_lcp_progress_16800_of_34374]: 14.19 GB
2026-07-23 06:08:22,350 3798683 road_revised.py Completed 16810 of 34374, 48.90%
2026-07-23 06:08:22,616 3798683 road_revised.py Completed 16820 of 34374, 48.93%
2026-07-23 06:08:22,906 3798683 road_revised.py Completed 16830 of 34374, 48.96%
2026-07-23 06:08:26,606 3798683 road_revised.py Completed 16840 of 34374, 48.99%
2026-07-23 06:08:27,042 3798683 road_revised.py Completed 16850 of 34374, 49.02%
2026-07-23 06:08:27,043 3798683 road_revised.py Completed 16860 of 34374, 49.05%
2026-07-23 06:08:27,044 3798683 road_revised.py Completed 16870 of 34374, 49.08%
2026-07-23 06:08:27,051 3798683 road_revised.py Completed 16880 of 34374, 49.11%
2026-07-23 06:08:27,052 3798683 road_revised.py Completed 16890 of 34374, 49.14%
2026-07-23 06:08:27,054 3798683 road_revised.py Completed 16900 of 34374, 49.17%
2026-07-23 06:08:27,060 3798683 road_revised.py RSS checkpoint [iter1_lcp_progress_16900_of_34374]: 14.06 GB
2026-07-23 06:08:27,070 3798683 road_revised.py Completed 16910 of 34374, 49.19%
2026-07-23 06:08:27,072 3798683 road_revised.py Completed 16920 of 34374, 49.22%
2026-07-23 06:08:27,335 3798683 road_revised.py Completed 16930 of 34374, 49.25%
2026-07-23 06:08:27,606 3798683 road_revised.py Completed 16940 of 34374, 49.28%
2026-07-23 06:08:27,887 3798683 road_revised.py Completed 16950 of 34374, 49.31%
2026-07-23 06:08:28,126 3798683 road_revised.py Completed 16960 of 34374, 49.34%
2026-07-23 06:08:28,394 3798683 road_revised.py Completed 16970 of 34374, 49.37%
2026-07-23 06:08:28,706 3798683 road_revised.py Completed 16980 of 34374, 49.40%
2026-07-23 06:08:28,954 3798683 road_revised.py Completed 16990 of 34374, 49.43%
2026-07-23 06:08:29,232 3798683 road_revised.py Completed 17000 of 34374, 49.46%
2026-07-23 06:08:29,232 3798683 road_revised.py RSS checkpoint [iter1_lcp_progress_17000_of_34374]: 14.33 GB
2026-07-23 06:08:31,715 3798683 road_revised.py Completed 17010 of 34374, 49.49%
2026-07-23 06:08:31,717 3798683 road_revised.py Completed 17020 of 34374, 49.51%
2026-07-23 06:08:31,719 3798683 road_revised.py Completed 17030 of 34374, 49.54%
2026-07-23 06:08:31,747 3798683 road_revised.py Completed 17040 of 34374, 49.57%
2026-07-23 06:08:31,748 3798683 road_revised.py Completed 17050 of 34374, 49.60%
2026-07-23 06:08:31,748 3798683 road_revised.py Completed 17060 of 34374, 49.63%
2026-07-23 06:08:31,753 3798683 road_revised.py Completed 17070 of 34374, 49.66%
2026-07-23 06:08:31,978 3798683 road_revised.py Completed 17080 of 34374, 49.69%
2026-07-23 06:08:32,249 3798683 road_revised.py Completed 17090 of 34374, 49.72%
2026-07-23 06:08:32,487 3798683 road_revised.py Completed 17100 of 34374, 49.75%
2026-07-23 06:08:32,488 3798683 road_revised.py RSS checkpoint [iter1_lcp_progress_17100_of_34374]: 14.00 GB
2026-07-23 06:08:32,784 3798683 road_revised.py Completed 17110 of 34374, 49.78%
2026-07-23 06:08:33,010 3798683 road_revised.py Completed 17120 of 34374, 49.81%
2026-07-23 06:08:33,252 3798683 road_revised.py Completed 17130 of 34374, 49.83%
2026-07-23 06:08:33,590 3798683 road_revised.py Completed 17140 of 34374, 49.86%
2026-07-23 06:08:33,875 3798683 road_revised.py Completed 17150 of 34374, 49.89%
2026-07-23 06:08:34,158 3798683 road_revised.py Completed 17160 of 34374, 49.92%
2026-07-23 06:08:34,414 3798683 road_revised.py Completed 17170 of 34374, 49.95%
2026-07-23 06:08:38,232 3798683 road_revised.py Completed 17180 of 34374, 49.98%
2026-07-23 06:08:38,233 3798683 road_revised.py Completed 17190 of 34374, 50.01%
2026-07-23 06:08:38,234 3798683 road_revised.py Completed 17200 of 34374, 50.04%
2026-07-23 06:08:38,241 3798683 road_revised.py RSS checkpoint [iter1_lcp_progress_17200_of_34374]: 14.71 GB
2026-07-23 06:08:38,250 3798683 road_revised.py Completed 17210 of 34374, 50.07%
2026-07-23 06:08:38,251 3798683 road_revised.py Completed 17220 of 34374, 50.10%
2026-07-23 06:08:38,259 3798683 road_revised.py Completed 17230 of 34374, 50.13%
2026-07-23 06:08:38,263 3798683 road_revised.py Completed 17240 of 34374, 50.15%
2026-07-23 06:08:38,303 3798683 road_revised.py Completed 17250 of 34374, 50.18%
2026-07-23 06:08:38,626 3798683 road_revised.py Completed 17260 of 34374, 50.21%
2026-07-23 06:08:38,961 3798683 road_revised.py Completed 17270 of 34374, 50.24%
2026-07-23 06:08:39,228 3798683 road_revised.py Completed 17280 of 34374, 50.27%
2026-07-23 06:08:39,498 3798683 road_revised.py Completed 17290 of 34374, 50.30%
2026-07-23 06:08:39,815 3798683 road_revised.py Completed 17300 of 34374, 50.33%
2026-07-23 06:08:39,815 3798683 road_revised.py RSS checkpoint [iter1_lcp_progress_17300_of_34374]: 14.62 GB
2026-07-23 06:08:40,098 3798683 road_revised.py Completed 17310 of 34374, 50.36%
2026-07-23 06:08:40,429 3798683 road_revised.py Completed 17320 of 34374, 50.39%
2026-07-23 06:08:40,691 3798683 road_revised.py Completed 17330 of 34374, 50.42%
2026-07-23 06:08:43,735 3798683 road_revised.py Completed 17340 of 34374, 50.45%
2026-07-23 06:08:43,740 3798683 road_revised.py Completed 17350 of 34374, 50.47%
2026-07-23 06:08:43,741 3798683 road_revised.py Completed 17360 of 34374, 50.50%
2026-07-23 06:08:43,767 3798683 road_revised.py Completed 17370 of 34374, 50.53%
2026-07-23 06:08:43,768 3798683 road_revised.py Completed 17380 of 34374, 50.56%
2026-07-23 06:08:43,769 3798683 road_revised.py Completed 17390 of 34374, 50.59%
2026-07-23 06:08:43,770 3798683 road_revised.py Completed 17400 of 34374, 50.62%
2026-07-23 06:08:43,791 3798683 road_revised.py RSS checkpoint [iter1_lcp_progress_17400_of_34374]: 14.67 GB
2026-07-23 06:08:44,010 3798683 road_revised.py Completed 17410 of 34374, 50.65%
2026-07-23 06:08:44,262 3798683 road_revised.py Completed 17420 of 34374, 50.68%
2026-07-23 06:08:44,568 3798683 road_revised.py Completed 17430 of 34374, 50.71%
2026-07-23 06:08:44,820 3798683 road_revised.py Completed 17440 of 34374, 50.74%
2026-07-23 06:08:45,076 3798683 road_revised.py Completed 17450 of 34374, 50.77%
2026-07-23 06:08:45,351 3798683 road_revised.py Completed 17460 of 34374, 50.79%
2026-07-23 06:08:45,656 3798683 road_revised.py Completed 17470 of 34374, 50.82%
2026-07-23 06:08:45,892 3798683 road_revised.py Completed 17480 of 34374, 50.85%
2026-07-23 06:08:46,183 3798683 road_revised.py Completed 17490 of 34374, 50.88%
2026-07-23 06:08:46,458 3798683 road_revised.py Completed 17500 of 34374, 50.91%
2026-07-23 06:08:46,459 3798683 road_revised.py RSS checkpoint [iter1_lcp_progress_17500_of_34374]: 14.62 GB
2026-07-23 06:08:50,032 3798683 road_revised.py Completed 17510 of 34374, 50.94%
2026-07-23 06:08:50,034 3798683 road_revised.py Completed 17520 of 34374, 50.97%
2026-07-23 06:08:50,058 3798683 road_revised.py Completed 17530 of 34374, 51.00%
2026-07-23 06:08:50,059 3798683 road_revised.py Completed 17540 of 34374, 51.03%
2026-07-23 06:08:50,061 3798683 road_revised.py Completed 17550 of 34374, 51.06%
2026-07-23 06:08:50,474 3798683 road_revised.py Completed 17560 of 34374, 51.09%
2026-07-23 06:08:50,475 3798683 road_revised.py Completed 17570 of 34374, 51.11%
2026-07-23 06:08:50,485 3798683 road_revised.py Completed 17580 of 34374, 51.14%
2026-07-23 06:08:50,497 3798683 road_revised.py Completed 17590 of 34374, 51.17%
2026-07-23 06:08:50,743 3798683 road_revised.py Completed 17600 of 34374, 51.20%
2026-07-23 06:08:50,744 3798683 road_revised.py RSS checkpoint [iter1_lcp_progress_17600_of_34374]: 14.64 GB
2026-07-23 06:08:50,973 3798683 road_revised.py Completed 17610 of 34374, 51.23%
2026-07-23 06:08:51,265 3798683 road_revised.py Completed 17620 of 34374, 51.26%
2026-07-23 06:08:51,541 3798683 road_revised.py Completed 17630 of 34374, 51.29%
2026-07-23 06:08:51,829 3798683 road_revised.py Completed 17640 of 34374, 51.32%
2026-07-23 06:08:52,053 3798683 road_revised.py Completed 17650 of 34374, 51.35%
2026-07-23 06:08:52,317 3798683 road_revised.py Completed 17660 of 34374, 51.38%
2026-07-23 06:08:52,665 3798683 road_revised.py Completed 17670 of 34374, 51.41%
2026-07-23 06:08:55,275 3798683 road_revised.py Completed 17680 of 34374, 51.43%
2026-07-23 06:08:55,285 3798683 road_revised.py Completed 17690 of 34374, 51.46%
2026-07-23 06:08:55,323 3798683 road_revised.py Completed 17700 of 34374, 51.49%
2026-07-23 06:08:55,332 3798683 road_revised.py RSS checkpoint [iter1_lcp_progress_17700_of_34374]: 15.04 GB
2026-07-23 06:08:55,334 3798683 road_revised.py Completed 17710 of 34374, 51.52%
2026-07-23 06:08:55,335 3798683 road_revised.py Completed 17720 of 34374, 51.55%
2026-07-23 06:08:55,348 3798683 road_revised.py Completed 17730 of 34374, 51.58%
2026-07-23 06:08:55,359 3798683 road_revised.py Completed 17740 of 34374, 51.61%
2026-07-23 06:08:55,712 3798683 road_revised.py Completed 17750 of 34374, 51.64%
2026-07-23 06:08:56,047 3798683 road_revised.py Completed 17760 of 34374, 51.67%
2026-07-23 06:08:56,309 3798683 road_revised.py Completed 17770 of 34374, 51.70%
2026-07-23 06:08:56,690 3798683 road_revised.py Completed 17780 of 34374, 51.73%
2026-07-23 06:08:56,852 3798683 road_revised.py Completed 17790 of 34374, 51.75%
2026-07-23 06:08:56,978 3798683 road_revised.py Completed 17800 of 34374, 51.78%
2026-07-23 06:08:56,978 3798683 road_revised.py RSS checkpoint [iter1_lcp_progress_17800_of_34374]: 14.94 GB
2026-07-23 06:08:57,306 3798683 road_revised.py Completed 17810 of 34374, 51.81%
2026-07-23 06:08:57,577 3798683 road_revised.py Completed 17820 of 34374, 51.84%
2026-07-23 06:08:57,853 3798683 road_revised.py Completed 17830 of 34374, 51.87%
2026-07-23 06:08:58,146 3798683 road_revised.py Completed 17840 of 34374, 51.90%
2026-07-23 06:08:58,451 3798683 road_revised.py Completed 17850 of 34374, 51.93%
2026-07-23 06:09:02,427 3798683 road_revised.py Completed 17860 of 34374, 51.96%
2026-07-23 06:09:02,436 3798683 road_revised.py Completed 17870 of 34374, 51.99%
2026-07-23 06:09:02,921 3798683 road_revised.py Completed 17880 of 34374, 52.02%
2026-07-23 06:09:02,926 3798683 road_revised.py Completed 17890 of 34374, 52.05%
2026-07-23 06:09:02,937 3798683 road_revised.py Completed 17900 of 34374, 52.07%
2026-07-23 06:09:02,942 3798683 road_revised.py RSS checkpoint [iter1_lcp_progress_17900_of_34374]: 15.09 GB
2026-07-23 06:09:02,945 3798683 road_revised.py Completed 17910 of 34374, 52.10%
2026-07-23 06:09:02,945 3798683 road_revised.py Completed 17920 of 34374, 52.13%
2026-07-23 06:09:02,948 3798683 road_revised.py Completed 17930 of 34374, 52.16%
2026-07-23 06:09:02,949 3798683 road_revised.py Completed 17940 of 34374, 52.19%
2026-07-23 06:09:03,007 3798683 road_revised.py Completed 17950 of 34374, 52.22%
2026-07-23 06:09:03,318 3798683 road_revised.py Completed 17960 of 34374, 52.25%
2026-07-23 06:09:03,592 3798683 road_revised.py Completed 17970 of 34374, 52.28%
2026-07-23 06:09:03,893 3798683 road_revised.py Completed 17980 of 34374, 52.31%
2026-07-23 06:09:04,177 3798683 road_revised.py Completed 17990 of 34374, 52.34%
2026-07-23 06:09:04,418 3798683 road_revised.py Completed 18000 of 34374, 52.37%
2026-07-23 06:09:04,418 3798683 road_revised.py RSS checkpoint [iter1_lcp_progress_18000_of_34374]: 15.25 GB
2026-07-23 06:09:04,711 3798683 road_revised.py Completed 18010 of 34374, 52.39%
2026-07-23 06:09:07,423 3798683 road_revised.py Completed 18020 of 34374, 52.42%
2026-07-23 06:09:07,433 3798683 road_revised.py Completed 18030 of 34374, 52.45%
2026-07-23 06:09:07,438 3798683 road_revised.py Completed 18040 of 34374, 52.48%
2026-07-23 06:09:07,451 3798683 road_revised.py Completed 18050 of 34374, 52.51%
2026-07-23 06:09:07,466 3798683 road_revised.py Completed 18060 of 34374, 52.54%
2026-07-23 06:09:07,468 3798683 road_revised.py Completed 18070 of 34374, 52.57%
2026-07-23 06:09:07,471 3798683 road_revised.py Completed 18080 of 34374, 52.60%
2026-07-23 06:09:07,684 3798683 road_revised.py Completed 18090 of 34374, 52.63%
2026-07-23 06:09:07,957 3798683 road_revised.py Completed 18100 of 34374, 52.66%
2026-07-23 06:09:07,957 3798683 road_revised.py RSS checkpoint [iter1_lcp_progress_18100_of_34374]: 14.69 GB
2026-07-23 06:09:08,268 3798683 road_revised.py Completed 18110 of 34374, 52.69%
2026-07-23 06:09:08,500 3798683 road_revised.py Completed 18120 of 34374, 52.71%
2026-07-23 06:09:08,757 3798683 road_revised.py Completed 18130 of 34374, 52.74%
2026-07-23 06:09:09,092 3798683 road_revised.py Completed 18140 of 34374, 52.77%
2026-07-23 06:09:09,191 3798683 road_revised.py Completed 18150 of 34374, 52.80%
2026-07-23 06:09:09,410 3798683 road_revised.py Completed 18160 of 34374, 52.83%
2026-07-23 06:09:09,719 3798683 road_revised.py Completed 18170 of 34374, 52.86%
2026-07-23 06:09:09,990 3798683 road_revised.py Completed 18180 of 34374, 52.89%
2026-07-23 06:09:10,319 3798683 road_revised.py Completed 18190 of 34374, 52.92%
2026-07-23 06:09:14,227 3798683 road_revised.py Completed 18200 of 34374, 52.95%
2026-07-23 06:09:14,232 3798683 road_revised.py RSS checkpoint [iter1_lcp_progress_18200_of_34374]: 15.60 GB
2026-07-23 06:09:14,237 3798683 road_revised.py Completed 18210 of 34374, 52.98%
2026-07-23 06:09:14,238 3798683 road_revised.py Completed 18220 of 34374, 53.01%
2026-07-23 06:09:14,239 3798683 road_revised.py Completed 18230 of 34374, 53.03%
2026-07-23 06:09:14,704 3798683 road_revised.py Completed 18240 of 34374, 53.06%
2026-07-23 06:09:14,705 3798683 road_revised.py Completed 18250 of 34374, 53.09%
2026-07-23 06:09:14,706 3798683 road_revised.py Completed 18260 of 34374, 53.12%
2026-07-23 06:09:14,709 3798683 road_revised.py Completed 18270 of 34374, 53.15%
2026-07-23 06:09:14,710 3798683 road_revised.py Completed 18280 of 34374, 53.18%
2026-07-23 06:09:14,721 3798683 road_revised.py Completed 18290 of 34374, 53.21%
2026-07-23 06:09:14,963 3798683 road_revised.py Completed 18300 of 34374, 53.24%
2026-07-23 06:09:14,968 3798683 road_revised.py RSS checkpoint [iter1_lcp_progress_18300_of_34374]: 15.36 GB
2026-07-23 06:09:15,238 3798683 road_revised.py Completed 18310 of 34374, 53.27%
2026-07-23 06:09:15,599 3798683 road_revised.py Completed 18320 of 34374, 53.30%
2026-07-23 06:09:15,867 3798683 road_revised.py Completed 18330 of 34374, 53.33%
2026-07-23 06:09:16,104 3798683 road_revised.py Completed 18340 of 34374, 53.35%
2026-07-23 06:09:16,403 3798683 road_revised.py Completed 18350 of 34374, 53.38%
2026-07-23 06:09:16,712 3798683 road_revised.py Completed 18360 of 34374, 53.41%
2026-07-23 06:09:16,953 3798683 road_revised.py Completed 18370 of 34374, 53.44%
2026-07-23 06:09:19,348 3798683 road_revised.py Completed 18380 of 34374, 53.47%
2026-07-23 06:09:19,353 3798683 road_revised.py Completed 18390 of 34374, 53.50%
2026-07-23 06:09:19,365 3798683 road_revised.py Completed 18400 of 34374, 53.53%
2026-07-23 06:09:19,369 3798683 road_revised.py RSS checkpoint [iter1_lcp_progress_18400_of_34374]: 15.12 GB
2026-07-23 06:09:19,389 3798683 road_revised.py Completed 18410 of 34374, 53.56%
2026-07-23 06:09:19,391 3798683 road_revised.py Completed 18420 of 34374, 53.59%
2026-07-23 06:09:19,392 3798683 road_revised.py Completed 18430 of 34374, 53.62%
2026-07-23 06:09:19,404 3798683 road_revised.py Completed 18440 of 34374, 53.65%
2026-07-23 06:09:19,745 3798683 road_revised.py Completed 18450 of 34374, 53.67%
2026-07-23 06:09:19,987 3798683 road_revised.py Completed 18460 of 34374, 53.70%
2026-07-23 06:09:20,230 3798683 road_revised.py Completed 18470 of 34374, 53.73%
2026-07-23 06:09:20,507 3798683 road_revised.py Completed 18480 of 34374, 53.76%
2026-07-23 06:09:20,847 3798683 road_revised.py Completed 18490 of 34374, 53.79%
2026-07-23 06:09:21,078 3798683 road_revised.py Completed 18500 of 34374, 53.82%
2026-07-23 06:09:21,079 3798683 road_revised.py RSS checkpoint [iter1_lcp_progress_18500_of_34374]: 15.04 GB
2026-07-23 06:09:21,344 3798683 road_revised.py Completed 18510 of 34374, 53.85%
2026-07-23 06:09:21,577 3798683 road_revised.py Completed 18520 of 34374, 53.88%
2026-07-23 06:09:21,876 3798683 road_revised.py Completed 18530 of 34374, 53.91%
2026-07-23 06:09:22,125 3798683 road_revised.py Completed 18540 of 34374, 53.94%
2026-07-23 06:09:25,622 3798683 road_revised.py Completed 18550 of 34374, 53.97%
2026-07-23 06:09:26,077 3798683 road_revised.py Completed 18560 of 34374, 53.99%
2026-07-23 06:09:26,087 3798683 road_revised.py Completed 18570 of 34374, 54.02%
2026-07-23 06:09:26,091 3798683 road_revised.py Completed 18580 of 34374, 54.05%
2026-07-23 06:09:26,091 3798683 road_revised.py Completed 18590 of 34374, 54.08%
2026-07-23 06:09:26,093 3798683 road_revised.py Completed 18600 of 34374, 54.11%
2026-07-23 06:09:26,094 3798683 road_revised.py RSS checkpoint [iter1_lcp_progress_18600_of_34374]: 15.72 GB
2026-07-23 06:09:26,095 3798683 road_revised.py Completed 18610 of 34374, 54.14%
2026-07-23 06:09:26,096 3798683 road_revised.py Completed 18620 of 34374, 54.17%
2026-07-23 06:09:26,109 3798683 road_revised.py Completed 18630 of 34374, 54.20%
2026-07-23 06:09:26,182 3798683 road_revised.py Completed 18640 of 34374, 54.23%
2026-07-23 06:09:26,572 3798683 road_revised.py Completed 18650 of 34374, 54.26%
2026-07-23 06:09:26,807 3798683 road_revised.py Completed 18660 of 34374, 54.29%
2026-07-23 06:09:27,117 3798683 road_revised.py Completed 18670 of 34374, 54.31%
2026-07-23 06:09:27,393 3798683 road_revised.py Completed 18680 of 34374, 54.34%
2026-07-23 06:09:27,692 3798683 road_revised.py Completed 18690 of 34374, 54.37%
2026-07-23 06:09:27,978 3798683 road_revised.py Completed 18700 of 34374, 54.40%
2026-07-23 06:09:27,978 3798683 road_revised.py RSS checkpoint [iter1_lcp_progress_18700_of_34374]: 15.95 GB
2026-07-23 06:09:28,282 3798683 road_revised.py Completed 18710 of 34374, 54.43%
2026-07-23 06:09:31,375 3798683 road_revised.py Completed 18720 of 34374, 54.46%
2026-07-23 06:09:31,420 3798683 road_revised.py Completed 18730 of 34374, 54.49%
2026-07-23 06:09:31,421 3798683 road_revised.py Completed 18740 of 34374, 54.52%
2026-07-23 06:09:31,422 3798683 road_revised.py Completed 18750 of 34374, 54.55%
2026-07-23 06:09:31,453 3798683 road_revised.py Completed 18760 of 34374, 54.58%
2026-07-23 06:09:31,454 3798683 road_revised.py Completed 18770 of 34374, 54.61%
2026-07-23 06:09:31,461 3798683 road_revised.py Completed 18780 of 34374, 54.63%
2026-07-23 06:09:31,626 3798683 road_revised.py Completed 18790 of 34374, 54.66%
2026-07-23 06:09:31,910 3798683 road_revised.py Completed 18800 of 34374, 54.69%
2026-07-23 06:09:31,910 3798683 road_revised.py RSS checkpoint [iter1_lcp_progress_18800_of_34374]: 15.29 GB
2026-07-23 06:09:32,157 3798683 road_revised.py Completed 18810 of 34374, 54.72%
2026-07-23 06:09:32,439 3798683 road_revised.py Completed 18820 of 34374, 54.75%
2026-07-23 06:09:32,702 3798683 road_revised.py Completed 18830 of 34374, 54.78%
2026-07-23 06:09:32,995 3798683 road_revised.py Completed 18840 of 34374, 54.81%
2026-07-23 06:09:33,244 3798683 road_revised.py Completed 18850 of 34374, 54.84%
2026-07-23 06:09:33,492 3798683 road_revised.py Completed 18860 of 34374, 54.87%
2026-07-23 06:09:33,766 3798683 road_revised.py Completed 18870 of 34374, 54.90%
2026-07-23 06:09:34,046 3798683 road_revised.py Completed 18880 of 34374, 54.93%
2026-07-23 06:09:38,007 3798683 road_revised.py Completed 18890 of 34374, 54.95%
2026-07-23 06:09:38,014 3798683 road_revised.py Completed 18900 of 34374, 54.98%
2026-07-23 06:09:38,022 3798683 road_revised.py RSS checkpoint [iter1_lcp_progress_18900_of_34374]: 16.15 GB
2026-07-23 06:09:38,027 3798683 road_revised.py Completed 18910 of 34374, 55.01%
2026-07-23 06:09:38,037 3798683 road_revised.py Completed 18920 of 34374, 55.04%
2026-07-23 06:09:38,050 3798683 road_revised.py Completed 18930 of 34374, 55.07%
2026-07-23 06:09:38,051 3798683 road_revised.py Completed 18940 of 34374, 55.10%
2026-07-23 06:09:38,071 3798683 road_revised.py Completed 18950 of 34374, 55.13%
2026-07-23 06:09:38,077 3798683 road_revised.py Completed 18960 of 34374, 55.16%
2026-07-23 06:09:38,086 3798683 road_revised.py Completed 18970 of 34374, 55.19%
2026-07-23 06:09:38,353 3798683 road_revised.py Completed 18980 of 34374, 55.22%
2026-07-23 06:09:38,611 3798683 road_revised.py Completed 18990 of 34374, 55.25%
2026-07-23 06:09:38,883 3798683 road_revised.py Completed 19000 of 34374, 55.27%
2026-07-23 06:09:38,883 3798683 road_revised.py RSS checkpoint [iter1_lcp_progress_19000_of_34374]: 15.97 GB
2026-07-23 06:09:39,132 3798683 road_revised.py Completed 19010 of 34374, 55.30%
2026-07-23 06:09:39,390 3798683 road_revised.py Completed 19020 of 34374, 55.33%
2026-07-23 06:09:39,675 3798683 road_revised.py Completed 19030 of 34374, 55.36%
2026-07-23 06:09:39,957 3798683 road_revised.py Completed 19040 of 34374, 55.39%
2026-07-23 06:09:40,248 3798683 road_revised.py Completed 19050 of 34374, 55.42%
2026-07-23 06:09:43,219 3798683 road_revised.py Completed 19060 of 34374, 55.45%
2026-07-23 06:09:43,225 3798683 road_revised.py Completed 19070 of 34374, 55.48%
2026-07-23 06:09:43,226 3798683 road_revised.py Completed 19080 of 34374, 55.51%
2026-07-23 06:09:43,242 3798683 road_revised.py Completed 19090 of 34374, 55.54%
2026-07-23 06:09:43,247 3798683 road_revised.py Completed 19100 of 34374, 55.57%
2026-07-23 06:09:43,247 3798683 road_revised.py RSS checkpoint [iter1_lcp_progress_19100_of_34374]: 16.05 GB
2026-07-23 06:09:43,248 3798683 road_revised.py Completed 19110 of 34374, 55.59%
2026-07-23 06:09:43,290 3798683 road_revised.py Completed 19120 of 34374, 55.62%
2026-07-23 06:09:43,710 3798683 road_revised.py Completed 19130 of 34374, 55.65%
2026-07-23 06:09:43,905 3798683 road_revised.py Completed 19140 of 34374, 55.68%
2026-07-23 06:09:44,193 3798683 road_revised.py Completed 19150 of 34374, 55.71%
2026-07-23 06:09:44,455 3798683 road_revised.py Completed 19160 of 34374, 55.74%
2026-07-23 06:09:44,762 3798683 road_revised.py Completed 19170 of 34374, 55.77%
2026-07-23 06:09:45,019 3798683 road_revised.py Completed 19180 of 34374, 55.80%
2026-07-23 06:09:45,312 3798683 road_revised.py Completed 19190 of 34374, 55.83%
2026-07-23 06:09:45,619 3798683 road_revised.py Completed 19200 of 34374, 55.86%
2026-07-23 06:09:45,620 3798683 road_revised.py RSS checkpoint [iter1_lcp_progress_19200_of_34374]: 15.89 GB
2026-07-23 06:09:45,853 3798683 road_revised.py Completed 19210 of 34374, 55.89%
2026-07-23 06:09:46,090 3798683 road_revised.py Completed 19220 of 34374, 55.91%
2026-07-23 06:09:49,838 3798683 road_revised.py Completed 19230 of 34374, 55.94%
2026-07-23 06:09:49,882 3798683 road_revised.py Completed 19240 of 34374, 55.97%
2026-07-23 06:09:49,883 3798683 road_revised.py Completed 19250 of 34374, 56.00%
2026-07-23 06:09:49,884 3798683 road_revised.py Completed 19260 of 34374, 56.03%
2026-07-23 06:09:50,355 3798683 road_revised.py Completed 19270 of 34374, 56.06%
2026-07-23 06:09:50,356 3798683 road_revised.py Completed 19280 of 34374, 56.09%
2026-07-23 06:09:50,357 3798683 road_revised.py Completed 19290 of 34374, 56.12%
2026-07-23 06:09:50,359 3798683 road_revised.py Completed 19300 of 34374, 56.15%
2026-07-23 06:09:50,364 3798683 road_revised.py RSS checkpoint [iter1_lcp_progress_19300_of_34374]: 16.07 GB
2026-07-23 06:09:50,367 3798683 road_revised.py Completed 19310 of 34374, 56.18%
2026-07-23 06:09:50,422 3798683 road_revised.py Completed 19320 of 34374, 56.21%
2026-07-23 06:09:50,696 3798683 road_revised.py Completed 19330 of 34374, 56.23%
2026-07-23 06:09:50,949 3798683 road_revised.py Completed 19340 of 34374, 56.26%
2026-07-23 06:09:51,224 3798683 road_revised.py Completed 19350 of 34374, 56.29%
2026-07-23 06:09:51,512 3798683 road_revised.py Completed 19360 of 34374, 56.32%
2026-07-23 06:09:51,734 3798683 road_revised.py Completed 19370 of 34374, 56.35%
2026-07-23 06:09:52,003 3798683 road_revised.py Completed 19380 of 34374, 56.38%
2026-07-23 06:09:54,616 3798683 road_revised.py Completed 19390 of 34374, 56.41%
2026-07-23 06:09:54,621 3798683 road_revised.py Completed 19400 of 34374, 56.44%
2026-07-23 06:09:54,627 3798683 road_revised.py RSS checkpoint [iter1_lcp_progress_19400_of_34374]: 15.81 GB
2026-07-23 06:09:54,628 3798683 road_revised.py Completed 19410 of 34374, 56.47%
2026-07-23 06:09:54,673 3798683 road_revised.py Completed 19420 of 34374, 56.50%
2026-07-23 06:09:54,674 3798683 road_revised.py Completed 19430 of 34374, 56.53%
2026-07-23 06:09:54,678 3798683 road_revised.py Completed 19440 of 34374, 56.55%
2026-07-23 06:09:54,679 3798683 road_revised.py Completed 19450 of 34374, 56.58%
2026-07-23 06:09:54,718 3798683 road_revised.py Completed 19460 of 34374, 56.61%
2026-07-23 06:09:55,024 3798683 road_revised.py Completed 19470 of 34374, 56.64%
2026-07-23 06:09:55,309 3798683 road_revised.py Completed 19480 of 34374, 56.67%
2026-07-23 06:09:55,607 3798683 road_revised.py Completed 19490 of 34374, 56.70%
2026-07-23 06:09:55,825 3798683 road_revised.py Completed 19500 of 34374, 56.73%
2026-07-23 06:09:55,825 3798683 road_revised.py RSS checkpoint [iter1_lcp_progress_19500_of_34374]: 15.67 GB
2026-07-23 06:09:56,075 3798683 road_revised.py Completed 19510 of 34374, 56.76%
2026-07-23 06:09:56,357 3798683 road_revised.py Completed 19520 of 34374, 56.79%
2026-07-23 06:09:56,609 3798683 road_revised.py Completed 19530 of 34374, 56.82%
2026-07-23 06:09:56,867 3798683 road_revised.py Completed 19540 of 34374, 56.85%
2026-07-23 06:09:57,109 3798683 road_revised.py Completed 19550 of 34374, 56.87%
2026-07-23 06:10:00,777 3798683 road_revised.py Completed 19560 of 34374, 56.90%
2026-07-23 06:10:00,785 3798683 road_revised.py Completed 19570 of 34374, 56.93%
2026-07-23 06:10:00,848 3798683 road_revised.py Completed 19580 of 34374, 56.96%
2026-07-23 06:10:00,849 3798683 road_revised.py Completed 19590 of 34374, 56.99%
2026-07-23 06:10:00,866 3798683 road_revised.py Completed 19600 of 34374, 57.02%
2026-07-23 06:10:00,866 3798683 road_revised.py RSS checkpoint [iter1_lcp_progress_19600_of_34374]: 16.75 GB
2026-07-23 06:10:01,332 3798683 road_revised.py Completed 19610 of 34374, 57.05%
2026-07-23 06:10:01,332 3798683 road_revised.py Completed 19620 of 34374, 57.08%
2026-07-23 06:10:01,334 3798683 road_revised.py Completed 19630 of 34374, 57.11%
2026-07-23 06:10:01,335 3798683 road_revised.py Completed 19640 of 34374, 57.14%
2026-07-23 06:10:01,569 3798683 road_revised.py Completed 19650 of 34374, 57.17%
2026-07-23 06:10:01,828 3798683 road_revised.py Completed 19660 of 34374, 57.19%
2026-07-23 06:10:02,153 3798683 road_revised.py Completed 19670 of 34374, 57.22%
2026-07-23 06:10:02,435 3798683 road_revised.py Completed 19680 of 34374, 57.25%
2026-07-23 06:10:02,691 3798683 road_revised.py Completed 19690 of 34374, 57.28%
2026-07-23 06:10:02,945 3798683 road_revised.py Completed 19700 of 34374, 57.31%
2026-07-23 06:10:02,946 3798683 road_revised.py RSS checkpoint [iter1_lcp_progress_19700_of_34374]: 16.76 GB
2026-07-23 06:10:03,045 3798683 road_revised.py Completed 19710 of 34374, 57.34%
2026-07-23 06:10:03,276 3798683 road_revised.py Completed 19720 of 34374, 57.37%
2026-07-23 06:10:03,571 3798683 road_revised.py Completed 19730 of 34374, 57.40%
2026-07-23 06:10:06,816 3798683 road_revised.py Completed 19740 of 34374, 57.43%
2026-07-23 06:10:06,819 3798683 road_revised.py Completed 19750 of 34374, 57.46%
2026-07-23 06:10:06,846 3798683 road_revised.py Completed 19760 of 34374, 57.49%
2026-07-23 06:10:06,847 3798683 road_revised.py Completed 19770 of 34374, 57.51%
2026-07-23 06:10:06,854 3798683 road_revised.py Completed 19780 of 34374, 57.54%
2026-07-23 06:10:06,861 3798683 road_revised.py Completed 19790 of 34374, 57.57%
2026-07-23 06:10:06,862 3798683 road_revised.py Completed 19800 of 34374, 57.60%
2026-07-23 06:10:06,864 3798683 road_revised.py RSS checkpoint [iter1_lcp_progress_19800_of_34374]: 16.29 GB
2026-07-23 06:10:06,866 3798683 road_revised.py Completed 19810 of 34374, 57.63%
2026-07-23 06:10:07,027 3798683 road_revised.py Completed 19820 of 34374, 57.66%
2026-07-23 06:10:07,277 3798683 road_revised.py Completed 19830 of 34374, 57.69%
2026-07-23 06:10:07,576 3798683 road_revised.py Completed 19840 of 34374, 57.72%
2026-07-23 06:10:07,885 3798683 road_revised.py Completed 19850 of 34374, 57.75%
2026-07-23 06:10:08,162 3798683 road_revised.py Completed 19860 of 34374, 57.78%
2026-07-23 06:10:08,472 3798683 road_revised.py Completed 19870 of 34374, 57.81%
2026-07-23 06:10:08,726 3798683 road_revised.py Completed 19880 of 34374, 57.83%
2026-07-23 06:10:09,008 3798683 road_revised.py Completed 19890 of 34374, 57.86%
2026-07-23 06:10:09,269 3798683 road_revised.py Completed 19900 of 34374, 57.89%
2026-07-23 06:10:09,270 3798683 road_revised.py RSS checkpoint [iter1_lcp_progress_19900_of_34374]: 16.09 GB
2026-07-23 06:10:12,625 3798683 road_revised.py Completed 19910 of 34374, 57.92%
2026-07-23 06:10:12,674 3798683 road_revised.py Completed 19920 of 34374, 57.95%
2026-07-23 06:10:13,126 3798683 road_revised.py Completed 19930 of 34374, 57.98%
2026-07-23 06:10:13,127 3798683 road_revised.py Completed 19940 of 34374, 58.01%
2026-07-23 06:10:13,131 3798683 road_revised.py Completed 19950 of 34374, 58.04%
2026-07-23 06:10:13,138 3798683 road_revised.py Completed 19960 of 34374, 58.07%
2026-07-23 06:10:13,144 3798683 road_revised.py Completed 19970 of 34374, 58.10%
2026-07-23 06:10:13,156 3798683 road_revised.py Completed 19980 of 34374, 58.13%
2026-07-23 06:10:13,157 3798683 road_revised.py Completed 19990 of 34374, 58.15%
2026-07-23 06:10:13,279 3798683 road_revised.py Completed 20000 of 34374, 58.18%
2026-07-23 06:10:13,284 3798683 road_revised.py RSS checkpoint [iter1_lcp_progress_20000_of_34374]: 16.57 GB
2026-07-23 06:10:13,520 3798683 road_revised.py Completed 20010 of 34374, 58.21%
2026-07-23 06:10:13,771 3798683 road_revised.py Completed 20020 of 34374, 58.24%
2026-07-23 06:10:14,046 3798683 road_revised.py Completed 20030 of 34374, 58.27%
2026-07-23 06:10:14,346 3798683 road_revised.py Completed 20040 of 34374, 58.30%
2026-07-23 06:10:14,580 3798683 road_revised.py Completed 20050 of 34374, 58.33%
2026-07-23 06:10:14,855 3798683 road_revised.py Completed 20060 of 34374, 58.36%
2026-07-23 06:10:17,900 3798683 road_revised.py Completed 20070 of 34374, 58.39%
2026-07-23 06:10:17,910 3798683 road_revised.py Completed 20080 of 34374, 58.42%
2026-07-23 06:10:17,912 3798683 road_revised.py Completed 20090 of 34374, 58.45%
2026-07-23 06:10:17,948 3798683 road_revised.py Completed 20100 of 34374, 58.47%
2026-07-23 06:10:17,953 3798683 road_revised.py RSS checkpoint [iter1_lcp_progress_20100_of_34374]: 16.55 GB
2026-07-23 06:10:17,956 3798683 road_revised.py Completed 20110 of 34374, 58.50%
2026-07-23 06:10:17,957 3798683 road_revised.py Completed 20120 of 34374, 58.53%
2026-07-23 06:10:17,960 3798683 road_revised.py Completed 20130 of 34374, 58.56%
2026-07-23 06:10:17,986 3798683 road_revised.py Completed 20140 of 34374, 58.59%
2026-07-23 06:10:18,249 3798683 road_revised.py Completed 20150 of 34374, 58.62%
2026-07-23 06:10:18,592 3798683 road_revised.py Completed 20160 of 34374, 58.65%
2026-07-23 06:10:18,889 3798683 road_revised.py Completed 20170 of 34374, 58.68%
2026-07-23 06:10:19,174 3798683 road_revised.py Completed 20180 of 34374, 58.71%
2026-07-23 06:10:19,489 3798683 road_revised.py Completed 20190 of 34374, 58.74%
2026-07-23 06:10:19,726 3798683 road_revised.py Completed 20200 of 34374, 58.77%
2026-07-23 06:10:19,731 3798683 road_revised.py RSS checkpoint [iter1_lcp_progress_20200_of_34374]: 16.43 GB
2026-07-23 06:10:19,968 3798683 road_revised.py Completed 20210 of 34374, 58.79%
2026-07-23 06:10:20,227 3798683 road_revised.py Completed 20220 of 34374, 58.82%
2026-07-23 06:10:20,500 3798683 road_revised.py Completed 20230 of 34374, 58.85%
2026-07-23 06:10:20,790 3798683 road_revised.py Completed 20240 of 34374, 58.88%
2026-07-23 06:10:25,242 3798683 road_revised.py Completed 20250 of 34374, 58.91%
2026-07-23 06:10:25,251 3798683 road_revised.py Completed 20260 of 34374, 58.94%
2026-07-23 06:10:25,252 3798683 road_revised.py Completed 20270 of 34374, 58.97%
2026-07-23 06:10:25,253 3798683 road_revised.py Completed 20280 of 34374, 59.00%
2026-07-23 06:10:25,262 3798683 road_revised.py Completed 20290 of 34374, 59.03%
2026-07-23 06:10:25,263 3798683 road_revised.py Completed 20300 of 34374, 59.06%
2026-07-23 06:10:25,276 3798683 road_revised.py RSS checkpoint [iter1_lcp_progress_20300_of_34374]: 17.16 GB
2026-07-23 06:10:25,293 3798683 road_revised.py Completed 20310 of 34374, 59.09%
2026-07-23 06:10:25,294 3798683 road_revised.py Completed 20320 of 34374, 59.11%
2026-07-23 06:10:25,295 3798683 road_revised.py Completed 20330 of 34374, 59.14%
2026-07-23 06:10:25,481 3798683 road_revised.py Completed 20340 of 34374, 59.17%
2026-07-23 06:10:25,745 3798683 road_revised.py Completed 20350 of 34374, 59.20%
2026-07-23 06:10:25,993 3798683 road_revised.py Completed 20360 of 34374, 59.23%
2026-07-23 06:10:26,268 3798683 road_revised.py Completed 20370 of 34374, 59.26%
2026-07-23 06:10:26,544 3798683 road_revised.py Completed 20380 of 34374, 59.29%
2026-07-23 06:10:26,827 3798683 road_revised.py Completed 20390 of 34374, 59.32%
2026-07-23 06:10:27,076 3798683 road_revised.py Completed 20400 of 34374, 59.35%
2026-07-23 06:10:27,084 3798683 road_revised.py RSS checkpoint [iter1_lcp_progress_20400_of_34374]: 16.98 GB
2026-07-23 06:10:27,346 3798683 road_revised.py Completed 20410 of 34374, 59.38%
2026-07-23 06:10:29,644 3798683 road_revised.py Completed 20420 of 34374, 59.41%
2026-07-23 06:10:29,649 3798683 road_revised.py Completed 20430 of 34374, 59.43%
2026-07-23 06:10:29,695 3798683 road_revised.py Completed 20440 of 34374, 59.46%
2026-07-23 06:10:29,696 3798683 road_revised.py Completed 20450 of 34374, 59.49%
2026-07-23 06:10:29,702 3798683 road_revised.py Completed 20460 of 34374, 59.52%
2026-07-23 06:10:29,703 3798683 road_revised.py Completed 20470 of 34374, 59.55%
2026-07-23 06:10:29,928 3798683 road_revised.py Completed 20480 of 34374, 59.58%
2026-07-23 06:10:30,174 3798683 road_revised.py Completed 20490 of 34374, 59.61%
2026-07-23 06:10:30,411 3798683 road_revised.py Completed 20500 of 34374, 59.64%
2026-07-23 06:10:30,411 3798683 road_revised.py RSS checkpoint [iter1_lcp_progress_20500_of_34374]: 16.46 GB
2026-07-23 06:10:30,674 3798683 road_revised.py Completed 20510 of 34374, 59.67%
2026-07-23 06:10:30,922 3798683 road_revised.py Completed 20520 of 34374, 59.70%
2026-07-23 06:10:31,175 3798683 road_revised.py Completed 20530 of 34374, 59.73%
2026-07-23 06:10:31,436 3798683 road_revised.py Completed 20540 of 34374, 59.75%
2026-07-23 06:10:31,719 3798683 road_revised.py Completed 20550 of 34374, 59.78%
2026-07-23 06:10:31,973 3798683 road_revised.py Completed 20560 of 34374, 59.81%
2026-07-23 06:10:32,243 3798683 road_revised.py Completed 20570 of 34374, 59.84%
2026-07-23 06:10:32,530 3798683 road_revised.py Completed 20580 of 34374, 59.87%
2026-07-23 06:10:36,110 3798683 road_revised.py Completed 20590 of 34374, 59.90%
2026-07-23 06:10:36,113 3798683 road_revised.py Completed 20600 of 34374, 59.93%
2026-07-23 06:10:36,127 3798683 road_revised.py RSS checkpoint [iter1_lcp_progress_20600_of_34374]: 17.36 GB
2026-07-23 06:10:36,159 3798683 road_revised.py Completed 20610 of 34374, 59.96%
2026-07-23 06:10:36,160 3798683 road_revised.py Completed 20620 of 34374, 59.99%
2026-07-23 06:10:36,161 3798683 road_revised.py Completed 20630 of 34374, 60.02%
2026-07-23 06:10:36,659 3798683 road_revised.py Completed 20640 of 34374, 60.05%
2026-07-23 06:10:36,660 3798683 road_revised.py Completed 20650 of 34374, 60.07%
2026-07-23 06:10:36,668 3798683 road_revised.py Completed 20660 of 34374, 60.10%
2026-07-23 06:10:36,680 3798683 road_revised.py Completed 20670 of 34374, 60.13%
2026-07-23 06:10:36,937 3798683 road_revised.py Completed 20680 of 34374, 60.16%
2026-07-23 06:10:37,205 3798683 road_revised.py Completed 20690 of 34374, 60.19%
2026-07-23 06:10:37,517 3798683 road_revised.py Completed 20700 of 34374, 60.22%
2026-07-23 06:10:37,517 3798683 road_revised.py RSS checkpoint [iter1_lcp_progress_20700_of_34374]: 17.16 GB
2026-07-23 06:10:37,756 3798683 road_revised.py Completed 20710 of 34374, 60.25%
2026-07-23 06:10:38,024 3798683 road_revised.py Completed 20720 of 34374, 60.28%
2026-07-23 06:10:38,288 3798683 road_revised.py Completed 20730 of 34374, 60.31%
2026-07-23 06:10:38,557 3798683 road_revised.py Completed 20740 of 34374, 60.34%
2026-07-23 06:10:41,710 3798683 road_revised.py Completed 20750 of 34374, 60.37%
2026-07-23 06:10:41,721 3798683 road_revised.py Completed 20760 of 34374, 60.39%
2026-07-23 06:10:41,728 3798683 road_revised.py Completed 20770 of 34374, 60.42%
2026-07-23 06:10:41,753 3798683 road_revised.py Completed 20780 of 34374, 60.45%
2026-07-23 06:10:41,760 3798683 road_revised.py Completed 20790 of 34374, 60.48%
2026-07-23 06:10:41,764 3798683 road_revised.py Completed 20800 of 34374, 60.51%
2026-07-23 06:10:41,764 3798683 road_revised.py RSS checkpoint [iter1_lcp_progress_20800_of_34374]: 16.74 GB
2026-07-23 06:10:41,765 3798683 road_revised.py Completed 20810 of 34374, 60.54%
2026-07-23 06:10:41,770 3798683 road_revised.py Completed 20820 of 34374, 60.57%
2026-07-23 06:10:42,018 3798683 road_revised.py Completed 20830 of 34374, 60.60%
2026-07-23 06:10:42,325 3798683 road_revised.py Completed 20840 of 34374, 60.63%
2026-07-23 06:10:42,570 3798683 road_revised.py Completed 20850 of 34374, 60.66%
2026-07-23 06:10:42,827 3798683 road_revised.py Completed 20860 of 34374, 60.69%
2026-07-23 06:10:43,166 3798683 road_revised.py Completed 20870 of 34374, 60.71%
2026-07-23 06:10:43,445 3798683 road_revised.py Completed 20880 of 34374, 60.74%
2026-07-23 06:10:43,693 3798683 road_revised.py Completed 20890 of 34374, 60.77%
2026-07-23 06:10:43,939 3798683 road_revised.py Completed 20900 of 34374, 60.80%
2026-07-23 06:10:43,939 3798683 road_revised.py RSS checkpoint [iter1_lcp_progress_20900_of_34374]: 16.57 GB
2026-07-23 06:10:44,261 3798683 road_revised.py Completed 20910 of 34374, 60.83%
2026-07-23 06:10:47,566 3798683 road_revised.py Completed 20920 of 34374, 60.86%
2026-07-23 06:10:47,569 3798683 road_revised.py Completed 20930 of 34374, 60.89%
2026-07-23 06:10:47,603 3798683 road_revised.py Completed 20940 of 34374, 60.92%
2026-07-23 06:10:47,604 3798683 road_revised.py Completed 20950 of 34374, 60.95%
2026-07-23 06:10:47,605 3798683 road_revised.py Completed 20960 of 34374, 60.98%
2026-07-23 06:10:48,079 3798683 road_revised.py Completed 20970 of 34374, 61.01%
2026-07-23 06:10:48,085 3798683 road_revised.py Completed 20980 of 34374, 61.03%
2026-07-23 06:10:48,086 3798683 road_revised.py Completed 20990 of 34374, 61.06%
2026-07-23 06:10:48,114 3798683 road_revised.py Completed 21000 of 34374, 61.09%
2026-07-23 06:10:48,114 3798683 road_revised.py RSS checkpoint [iter1_lcp_progress_21000_of_34374]: 16.91 GB
2026-07-23 06:10:48,297 3798683 road_revised.py Completed 21010 of 34374, 61.12%
2026-07-23 06:10:48,550 3798683 road_revised.py Completed 21020 of 34374, 61.15%
2026-07-23 06:10:48,800 3798683 road_revised.py Completed 21030 of 34374, 61.18%
2026-07-23 06:10:49,083 3798683 road_revised.py Completed 21040 of 34374, 61.21%
2026-07-23 06:10:49,316 3798683 road_revised.py Completed 21050 of 34374, 61.24%
2026-07-23 06:10:49,568 3798683 road_revised.py Completed 21060 of 34374, 61.27%
2026-07-23 06:10:49,837 3798683 road_revised.py Completed 21070 of 34374, 61.30%
2026-07-23 06:10:50,101 3798683 road_revised.py Completed 21080 of 34374, 61.33%
2026-07-23 06:10:52,686 3798683 road_revised.py Completed 21090 of 34374, 61.35%
2026-07-23 06:10:52,700 3798683 road_revised.py Completed 21100 of 34374, 61.38%
2026-07-23 06:10:52,700 3798683 road_revised.py RSS checkpoint [iter1_lcp_progress_21100_of_34374]: 17.18 GB
2026-07-23 06:10:52,740 3798683 road_revised.py Completed 21110 of 34374, 61.41%
2026-07-23 06:10:52,745 3798683 road_revised.py Completed 21120 of 34374, 61.44%
2026-07-23 06:10:52,746 3798683 road_revised.py Completed 21130 of 34374, 61.47%
2026-07-23 06:10:52,751 3798683 road_revised.py Completed 21140 of 34374, 61.50%
2026-07-23 06:10:52,831 3798683 road_revised.py Completed 21150 of 34374, 61.53%
2026-07-23 06:10:53,187 3798683 road_revised.py Completed 21160 of 34374, 61.56%
2026-07-23 06:10:53,488 3798683 road_revised.py Completed 21170 of 34374, 61.59%
2026-07-23 06:10:53,800 3798683 road_revised.py Completed 21180 of 34374, 61.62%
2026-07-23 06:10:54,109 3798683 road_revised.py Completed 21190 of 34374, 61.65%
2026-07-23 06:10:54,357 3798683 road_revised.py Completed 21200 of 34374, 61.67%
2026-07-23 06:10:54,357 3798683 road_revised.py RSS checkpoint [iter1_lcp_progress_21200_of_34374]: 17.04 GB
2026-07-23 06:10:54,673 3798683 road_revised.py Completed 21210 of 34374, 61.70%
2026-07-23 06:10:54,969 3798683 road_revised.py Completed 21220 of 34374, 61.73%
2026-07-23 06:10:55,221 3798683 road_revised.py Completed 21230 of 34374, 61.76%
2026-07-23 06:10:55,509 3798683 road_revised.py Completed 21240 of 34374, 61.79%
2026-07-23 06:10:55,772 3798683 road_revised.py Completed 21250 of 34374, 61.82%
2026-07-23 06:10:59,512 3798683 road_revised.py Completed 21260 of 34374, 61.85%
2026-07-23 06:10:59,520 3798683 road_revised.py Completed 21270 of 34374, 61.88%
2026-07-23 06:10:59,527 3798683 road_revised.py Completed 21280 of 34374, 61.91%
2026-07-23 06:11:00,019 3798683 road_revised.py Completed 21290 of 34374, 61.94%
2026-07-23 06:11:00,020 3798683 road_revised.py Completed 21300 of 34374, 61.97%
2026-07-23 06:11:00,027 3798683 road_revised.py RSS checkpoint [iter1_lcp_progress_21300_of_34374]: 17.45 GB
2026-07-23 06:11:00,028 3798683 road_revised.py Completed 21310 of 34374, 61.99%
2026-07-23 06:11:00,031 3798683 road_revised.py Completed 21320 of 34374, 62.02%
2026-07-23 06:11:00,032 3798683 road_revised.py Completed 21330 of 34374, 62.05%
2026-07-23 06:11:00,046 3798683 road_revised.py Completed 21340 of 34374, 62.08%
2026-07-23 06:11:00,276 3798683 road_revised.py Completed 21350 of 34374, 62.11%
2026-07-23 06:11:00,531 3798683 road_revised.py Completed 21360 of 34374, 62.14%
2026-07-23 06:11:00,805 3798683 road_revised.py Completed 21370 of 34374, 62.17%
2026-07-23 06:11:01,050 3798683 road_revised.py Completed 21380 of 34374, 62.20%
2026-07-23 06:11:01,294 3798683 road_revised.py Completed 21390 of 34374, 62.23%
2026-07-23 06:11:01,583 3798683 road_revised.py Completed 21400 of 34374, 62.26%
2026-07-23 06:11:01,583 3798683 road_revised.py RSS checkpoint [iter1_lcp_progress_21400_of_34374]: 17.60 GB
2026-07-23 06:11:01,850 3798683 road_revised.py Completed 21410 of 34374, 62.29%
2026-07-23 06:11:02,115 3798683 road_revised.py Completed 21420 of 34374, 62.31%
2026-07-23 06:11:04,539 3798683 road_revised.py Completed 21430 of 34374, 62.34%
2026-07-23 06:11:04,579 3798683 road_revised.py Completed 21440 of 34374, 62.37%
2026-07-23 06:11:04,580 3798683 road_revised.py Completed 21450 of 34374, 62.40%
2026-07-23 06:11:04,581 3798683 road_revised.py Completed 21460 of 34374, 62.43%
2026-07-23 06:11:04,590 3798683 road_revised.py Completed 21470 of 34374, 62.46%
2026-07-23 06:11:04,596 3798683 road_revised.py Completed 21480 of 34374, 62.49%
2026-07-23 06:11:04,820 3798683 road_revised.py Completed 21490 of 34374, 62.52%
2026-07-23 06:11:05,090 3798683 road_revised.py Completed 21500 of 34374, 62.55%
2026-07-23 06:11:05,090 3798683 road_revised.py RSS checkpoint [iter1_lcp_progress_21500_of_34374]: 17.05 GB
2026-07-23 06:11:05,333 3798683 road_revised.py Completed 21510 of 34374, 62.58%
2026-07-23 06:11:05,572 3798683 road_revised.py Completed 21520 of 34374, 62.61%
2026-07-23 06:11:05,868 3798683 road_revised.py Completed 21530 of 34374, 62.63%
2026-07-23 06:11:06,135 3798683 road_revised.py Completed 21540 of 34374, 62.66%
2026-07-23 06:11:06,385 3798683 road_revised.py Completed 21550 of 34374, 62.69%
2026-07-23 06:11:06,642 3798683 road_revised.py Completed 21560 of 34374, 62.72%
2026-07-23 06:11:06,943 3798683 road_revised.py Completed 21570 of 34374, 62.75%
2026-07-23 06:11:07,171 3798683 road_revised.py Completed 21580 of 34374, 62.78%
2026-07-23 06:11:10,959 3798683 road_revised.py Completed 21590 of 34374, 62.81%
2026-07-23 06:11:10,961 3798683 road_revised.py Completed 21600 of 34374, 62.84%
2026-07-23 06:11:10,962 3798683 road_revised.py RSS checkpoint [iter1_lcp_progress_21600_of_34374]: 18.07 GB
2026-07-23 06:11:10,963 3798683 road_revised.py Completed 21610 of 34374, 62.87%
2026-07-23 06:11:11,480 3798683 road_revised.py Completed 21620 of 34374, 62.90%
2026-07-23 06:11:11,483 3798683 road_revised.py Completed 21630 of 34374, 62.93%
2026-07-23 06:11:11,484 3798683 road_revised.py Completed 21640 of 34374, 62.95%
2026-07-23 06:11:11,485 3798683 road_revised.py Completed 21650 of 34374, 62.98%
2026-07-23 06:11:11,486 3798683 road_revised.py Completed 21660 of 34374, 63.01%
2026-07-23 06:11:11,487 3798683 road_revised.py Completed 21670 of 34374, 63.04%
2026-07-23 06:11:11,516 3798683 road_revised.py Completed 21680 of 34374, 63.07%
2026-07-23 06:11:11,800 3798683 road_revised.py Completed 21690 of 34374, 63.10%
2026-07-23 06:11:12,177 3798683 road_revised.py Completed 21700 of 34374, 63.13%
2026-07-23 06:11:12,177 3798683 road_revised.py RSS checkpoint [iter1_lcp_progress_21700_of_34374]: 17.94 GB
2026-07-23 06:11:12,458 3798683 road_revised.py Completed 21710 of 34374, 63.16%
2026-07-23 06:11:12,747 3798683 road_revised.py Completed 21720 of 34374, 63.19%
2026-07-23 06:11:13,094 3798683 road_revised.py Completed 21730 of 34374, 63.22%
2026-07-23 06:11:13,323 3798683 road_revised.py Completed 21740 of 34374, 63.25%
2026-07-23 06:11:13,629 3798683 road_revised.py Completed 21750 of 34374, 63.27%
2026-07-23 06:11:17,011 3798683 road_revised.py Completed 21760 of 34374, 63.30%
2026-07-23 06:11:17,013 3798683 road_revised.py Completed 21770 of 34374, 63.33%
2026-07-23 06:11:17,047 3798683 road_revised.py Completed 21780 of 34374, 63.36%
2026-07-23 06:11:17,051 3798683 road_revised.py Completed 21790 of 34374, 63.39%
2026-07-23 06:11:17,053 3798683 road_revised.py Completed 21800 of 34374, 63.42%
2026-07-23 06:11:17,059 3798683 road_revised.py RSS checkpoint [iter1_lcp_progress_21800_of_34374]: 17.68 GB
2026-07-23 06:11:17,061 3798683 road_revised.py Completed 21810 of 34374, 63.45%
2026-07-23 06:11:17,062 3798683 road_revised.py Completed 21820 of 34374, 63.48%
2026-07-23 06:11:17,070 3798683 road_revised.py Completed 21830 of 34374, 63.51%
2026-07-23 06:11:17,259 3798683 road_revised.py Completed 21840 of 34374, 63.54%
2026-07-23 06:11:17,533 3798683 road_revised.py Completed 21850 of 34374, 63.57%
2026-07-23 06:11:17,789 3798683 road_revised.py Completed 21860 of 34374, 63.59%
2026-07-23 06:11:18,037 3798683 road_revised.py Completed 21870 of 34374, 63.62%
2026-07-23 06:11:18,294 3798683 road_revised.py Completed 21880 of 34374, 63.65%
2026-07-23 06:11:18,566 3798683 road_revised.py Completed 21890 of 34374, 63.68%
2026-07-23 06:11:18,846 3798683 road_revised.py Completed 21900 of 34374, 63.71%
2026-07-23 06:11:18,846 3798683 road_revised.py RSS checkpoint [iter1_lcp_progress_21900_of_34374]: 17.41 GB
2026-07-23 06:11:19,128 3798683 road_revised.py Completed 21910 of 34374, 63.74%
2026-07-23 06:11:19,396 3798683 road_revised.py Completed 21920 of 34374, 63.77%
2026-07-23 06:11:23,019 3798683 road_revised.py Completed 21930 of 34374, 63.80%
2026-07-23 06:11:23,504 3798683 road_revised.py Completed 21940 of 34374, 63.83%
2026-07-23 06:11:23,512 3798683 road_revised.py Completed 21950 of 34374, 63.86%
2026-07-23 06:11:23,514 3798683 road_revised.py Completed 21960 of 34374, 63.89%
2026-07-23 06:11:23,516 3798683 road_revised.py Completed 21970 of 34374, 63.91%
2026-07-23 06:11:23,517 3798683 road_revised.py Completed 21980 of 34374, 63.94%
2026-07-23 06:11:23,518 3798683 road_revised.py Completed 21990 of 34374, 63.97%
2026-07-23 06:11:23,519 3798683 road_revised.py Completed 22000 of 34374, 64.00%
2026-07-23 06:11:23,525 3798683 road_revised.py RSS checkpoint [iter1_lcp_progress_22000_of_34374]: 17.64 GB
2026-07-23 06:11:23,527 3798683 road_revised.py Completed 22010 of 34374, 64.03%
2026-07-23 06:11:23,571 3798683 road_revised.py Completed 22020 of 34374, 64.06%
2026-07-23 06:11:23,921 3798683 road_revised.py Completed 22030 of 34374, 64.09%
2026-07-23 06:11:24,132 3798683 road_revised.py Completed 22040 of 34374, 64.12%
2026-07-23 06:11:24,412 3798683 road_revised.py Completed 22050 of 34374, 64.15%
2026-07-23 06:11:24,672 3798683 road_revised.py Completed 22060 of 34374, 64.18%
2026-07-23 06:11:24,917 3798683 road_revised.py Completed 22070 of 34374, 64.21%
2026-07-23 06:11:25,171 3798683 road_revised.py Completed 22080 of 34374, 64.23%
2026-07-23 06:11:25,490 3798683 road_revised.py Completed 22090 of 34374, 64.26%
2026-07-23 06:11:28,108 3798683 road_revised.py Completed 22100 of 34374, 64.29%
2026-07-23 06:11:28,108 3798683 road_revised.py RSS checkpoint [iter1_lcp_progress_22100_of_34374]: 17.94 GB
2026-07-23 06:11:28,112 3798683 road_revised.py Completed 22110 of 34374, 64.32%
2026-07-23 06:11:28,153 3798683 road_revised.py Completed 22120 of 34374, 64.35%
2026-07-23 06:11:28,154 3798683 road_revised.py Completed 22130 of 34374, 64.38%
2026-07-23 06:11:28,155 3798683 road_revised.py Completed 22140 of 34374, 64.41%
2026-07-23 06:11:28,189 3798683 road_revised.py Completed 22150 of 34374, 64.44%
2026-07-23 06:11:28,469 3798683 road_revised.py Completed 22160 of 34374, 64.47%
2026-07-23 06:11:28,764 3798683 road_revised.py Completed 22170 of 34374, 64.50%
2026-07-23 06:11:29,061 3798683 road_revised.py Completed 22180 of 34374, 64.53%
2026-07-23 06:11:29,395 3798683 road_revised.py Completed 22190 of 34374, 64.55%
2026-07-23 06:11:29,641 3798683 road_revised.py Completed 22200 of 34374, 64.58%
2026-07-23 06:11:29,642 3798683 road_revised.py RSS checkpoint [iter1_lcp_progress_22200_of_34374]: 17.79 GB
2026-07-23 06:11:29,932 3798683 road_revised.py Completed 22210 of 34374, 64.61%
2026-07-23 06:11:30,188 3798683 road_revised.py Completed 22220 of 34374, 64.64%
2026-07-23 06:11:30,464 3798683 road_revised.py Completed 22230 of 34374, 64.67%
2026-07-23 06:11:30,778 3798683 road_revised.py Completed 22240 of 34374, 64.70%
2026-07-23 06:11:31,044 3798683 road_revised.py Completed 22250 of 34374, 64.73%
2026-07-23 06:11:34,976 3798683 road_revised.py Completed 22260 of 34374, 64.76%
2026-07-23 06:11:35,397 3798683 road_revised.py Completed 22270 of 34374, 64.79%
2026-07-23 06:11:35,398 3798683 road_revised.py Completed 22280 of 34374, 64.82%
2026-07-23 06:11:35,399 3798683 road_revised.py Completed 22290 of 34374, 64.85%
2026-07-23 06:11:35,402 3798683 road_revised.py Completed 22300 of 34374, 64.87%
2026-07-23 06:11:35,403 3798683 road_revised.py RSS checkpoint [iter1_lcp_progress_22300_of_34374]: 17.95 GB
2026-07-23 06:11:35,404 3798683 road_revised.py Completed 22310 of 34374, 64.90%
2026-07-23 06:11:35,415 3798683 road_revised.py Completed 22320 of 34374, 64.93%
2026-07-23 06:11:35,416 3798683 road_revised.py Completed 22330 of 34374, 64.96%
2026-07-23 06:11:35,417 3798683 road_revised.py Completed 22340 of 34374, 64.99%
2026-07-23 06:11:35,444 3798683 road_revised.py Completed 22350 of 34374, 65.02%
2026-07-23 06:11:35,742 3798683 road_revised.py Completed 22360 of 34374, 65.05%
2026-07-23 06:11:36,022 3798683 road_revised.py Completed 22370 of 34374, 65.08%
2026-07-23 06:11:36,291 3798683 road_revised.py Completed 22380 of 34374, 65.11%
2026-07-23 06:11:36,581 3798683 road_revised.py Completed 22390 of 34374, 65.14%
2026-07-23 06:11:36,821 3798683 road_revised.py Completed 22400 of 34374, 65.17%
2026-07-23 06:11:36,821 3798683 road_revised.py RSS checkpoint [iter1_lcp_progress_22400_of_34374]: 18.09 GB
2026-07-23 06:11:37,104 3798683 road_revised.py Completed 22410 of 34374, 65.19%
2026-07-23 06:11:37,406 3798683 road_revised.py Completed 22420 of 34374, 65.22%
2026-07-23 06:11:39,775 3798683 road_revised.py Completed 22430 of 34374, 65.25%
2026-07-23 06:11:39,781 3798683 road_revised.py Completed 22440 of 34374, 65.28%
2026-07-23 06:11:39,836 3798683 road_revised.py Completed 22450 of 34374, 65.31%
2026-07-23 06:11:39,837 3798683 road_revised.py Completed 22460 of 34374, 65.34%
2026-07-23 06:11:39,838 3798683 road_revised.py Completed 22470 of 34374, 65.37%
2026-07-23 06:11:39,842 3798683 road_revised.py Completed 22480 of 34374, 65.40%
2026-07-23 06:11:39,981 3798683 road_revised.py Completed 22490 of 34374, 65.43%
2026-07-23 06:11:40,238 3798683 road_revised.py Completed 22500 of 34374, 65.46%
2026-07-23 06:11:40,238 3798683 road_revised.py RSS checkpoint [iter1_lcp_progress_22500_of_34374]: 17.71 GB
2026-07-23 06:11:40,489 3798683 road_revised.py Completed 22510 of 34374, 65.49%
2026-07-23 06:11:40,754 3798683 road_revised.py Completed 22520 of 34374, 65.51%
2026-07-23 06:11:41,003 3798683 road_revised.py Completed 22530 of 34374, 65.54%
2026-07-23 06:11:41,282 3798683 road_revised.py Completed 22540 of 34374, 65.57%
2026-07-23 06:11:41,551 3798683 road_revised.py Completed 22550 of 34374, 65.60%
2026-07-23 06:11:41,794 3798683 road_revised.py Completed 22560 of 34374, 65.63%
2026-07-23 06:11:42,086 3798683 road_revised.py Completed 22570 of 34374, 65.66%
2026-07-23 06:11:42,363 3798683 road_revised.py Completed 22580 of 34374, 65.69%
2026-07-23 06:11:42,640 3798683 road_revised.py Completed 22590 of 34374, 65.72%
2026-07-23 06:11:45,997 3798683 road_revised.py Completed 22600 of 34374, 65.75%
2026-07-23 06:11:45,997 3798683 road_revised.py RSS checkpoint [iter1_lcp_progress_22600_of_34374]: 18.41 GB
2026-07-23 06:11:46,436 3798683 road_revised.py Completed 22610 of 34374, 65.78%
2026-07-23 06:11:46,437 3798683 road_revised.py Completed 22620 of 34374, 65.81%
2026-07-23 06:11:46,454 3798683 road_revised.py Completed 22630 of 34374, 65.83%
2026-07-23 06:11:46,455 3798683 road_revised.py Completed 22640 of 34374, 65.86%
2026-07-23 06:11:46,466 3798683 road_revised.py Completed 22650 of 34374, 65.89%
2026-07-23 06:11:46,470 3798683 road_revised.py Completed 22660 of 34374, 65.92%
2026-07-23 06:11:46,471 3798683 road_revised.py Completed 22670 of 34374, 65.95%
2026-07-23 06:11:46,688 3798683 road_revised.py Completed 22680 of 34374, 65.98%
2026-07-23 06:11:46,992 3798683 road_revised.py Completed 22690 of 34374, 66.01%
2026-07-23 06:11:47,242 3798683 road_revised.py Completed 22700 of 34374, 66.04%
2026-07-23 06:11:47,242 3798683 road_revised.py RSS checkpoint [iter1_lcp_progress_22700_of_34374]: 18.21 GB
2026-07-23 06:11:47,525 3798683 road_revised.py Completed 22710 of 34374, 66.07%
2026-07-23 06:11:47,863 3798683 road_revised.py Completed 22720 of 34374, 66.10%
2026-07-23 06:11:48,160 3798683 road_revised.py Completed 22730 of 34374, 66.13%
2026-07-23 06:11:48,447 3798683 road_revised.py Completed 22740 of 34374, 66.15%
2026-07-23 06:11:48,766 3798683 road_revised.py Completed 22750 of 34374, 66.18%
2026-07-23 06:11:49,068 3798683 road_revised.py Completed 22760 of 34374, 66.21%
2026-07-23 06:11:52,653 3798683 road_revised.py Completed 22770 of 34374, 66.24%
2026-07-23 06:11:52,707 3798683 road_revised.py Completed 22780 of 34374, 66.27%
2026-07-23 06:11:52,715 3798683 road_revised.py Completed 22790 of 34374, 66.30%
2026-07-23 06:11:52,716 3798683 road_revised.py Completed 22800 of 34374, 66.33%
2026-07-23 06:11:52,724 3798683 road_revised.py RSS checkpoint [iter1_lcp_progress_22800_of_34374]: 18.55 GB
2026-07-23 06:11:52,735 3798683 road_revised.py Completed 22810 of 34374, 66.36%
2026-07-23 06:11:52,737 3798683 road_revised.py Completed 22820 of 34374, 66.39%
2026-07-23 06:11:52,744 3798683 road_revised.py Completed 22830 of 34374, 66.42%
2026-07-23 06:11:52,745 3798683 road_revised.py Completed 22840 of 34374, 66.45%
2026-07-23 06:11:52,974 3798683 road_revised.py Completed 22850 of 34374, 66.47%
2026-07-23 06:11:53,265 3798683 road_revised.py Completed 22860 of 34374, 66.50%
2026-07-23 06:11:53,528 3798683 road_revised.py Completed 22870 of 34374, 66.53%
2026-07-23 06:11:53,809 3798683 road_revised.py Completed 22880 of 34374, 66.56%
2026-07-23 06:11:54,117 3798683 road_revised.py Completed 22890 of 34374, 66.59%
2026-07-23 06:11:54,384 3798683 road_revised.py Completed 22900 of 34374, 66.62%
2026-07-23 06:11:54,384 3798683 road_revised.py RSS checkpoint [iter1_lcp_progress_22900_of_34374]: 18.33 GB
2026-07-23 06:11:54,650 3798683 road_revised.py Completed 22910 of 34374, 66.65%
2026-07-23 06:11:54,889 3798683 road_revised.py Completed 22920 of 34374, 66.68%
2026-07-23 06:11:58,944 3798683 road_revised.py Completed 22930 of 34374, 66.71%
2026-07-23 06:11:58,945 3798683 road_revised.py Completed 22940 of 34374, 66.74%
2026-07-23 06:11:58,946 3798683 road_revised.py Completed 22950 of 34374, 66.77%
2026-07-23 06:11:58,947 3798683 road_revised.py Completed 22960 of 34374, 66.79%
2026-07-23 06:11:58,949 3798683 road_revised.py Completed 22970 of 34374, 66.82%
2026-07-23 06:11:58,950 3798683 road_revised.py Completed 22980 of 34374, 66.85%
2026-07-23 06:11:58,950 3798683 road_revised.py Completed 22990 of 34374, 66.88%
2026-07-23 06:11:58,962 3798683 road_revised.py Completed 23000 of 34374, 66.91%
2026-07-23 06:11:58,971 3798683 road_revised.py RSS checkpoint [iter1_lcp_progress_23000_of_34374]: 18.43 GB
2026-07-23 06:11:59,236 3798683 road_revised.py Completed 23010 of 34374, 66.94%
2026-07-23 06:11:59,470 3798683 road_revised.py Completed 23020 of 34374, 66.97%
2026-07-23 06:11:59,780 3798683 road_revised.py Completed 23030 of 34374, 67.00%
2026-07-23 06:12:00,025 3798683 road_revised.py Completed 23040 of 34374, 67.03%
2026-07-23 06:12:00,269 3798683 road_revised.py Completed 23050 of 34374, 67.06%
2026-07-23 06:12:00,588 3798683 road_revised.py Completed 23060 of 34374, 67.09%
2026-07-23 06:12:00,834 3798683 road_revised.py Completed 23070 of 34374, 67.11%
2026-07-23 06:12:01,132 3798683 road_revised.py Completed 23080 of 34374, 67.14%
2026-07-23 06:12:01,382 3798683 road_revised.py Completed 23090 of 34374, 67.17%
2026-07-23 06:12:03,882 3798683 road_revised.py Completed 23100 of 34374, 67.20%
2026-07-23 06:12:03,911 3798683 road_revised.py RSS checkpoint [iter1_lcp_progress_23100_of_34374]: 18.43 GB
2026-07-23 06:12:03,916 3798683 road_revised.py Completed 23110 of 34374, 67.23%
2026-07-23 06:12:03,954 3798683 road_revised.py Completed 23120 of 34374, 67.26%
2026-07-23 06:12:03,955 3798683 road_revised.py Completed 23130 of 34374, 67.29%
2026-07-23 06:12:03,957 3798683 road_revised.py Completed 23140 of 34374, 67.32%
2026-07-23 06:12:03,978 3798683 road_revised.py Completed 23150 of 34374, 67.35%
2026-07-23 06:12:03,979 3798683 road_revised.py Completed 23160 of 34374, 67.38%
2026-07-23 06:12:04,146 3798683 road_revised.py Completed 23170 of 34374, 67.41%
2026-07-23 06:12:04,388 3798683 road_revised.py Completed 23180 of 34374, 67.43%
2026-07-23 06:12:04,633 3798683 road_revised.py Completed 23190 of 34374, 67.46%
2026-07-23 06:12:04,994 3798683 road_revised.py Completed 23200 of 34374, 67.49%
2026-07-23 06:12:04,994 3798683 road_revised.py RSS checkpoint [iter1_lcp_progress_23200_of_34374]: 18.25 GB
2026-07-23 06:12:05,262 3798683 road_revised.py Completed 23210 of 34374, 67.52%
2026-07-23 06:12:05,428 3798683 road_revised.py Completed 23220 of 34374, 67.55%
2026-07-23 06:12:05,743 3798683 road_revised.py Completed 23230 of 34374, 67.58%
2026-07-23 06:12:05,984 3798683 road_revised.py Completed 23240 of 34374, 67.61%
2026-07-23 06:12:06,280 3798683 road_revised.py Completed 23250 of 34374, 67.64%
2026-07-23 06:12:06,576 3798683 road_revised.py Completed 23260 of 34374, 67.67%
2026-07-23 06:12:10,222 3798683 road_revised.py Completed 23270 of 34374, 67.70%
2026-07-23 06:12:10,265 3798683 road_revised.py Completed 23280 of 34374, 67.73%
2026-07-23 06:12:10,266 3798683 road_revised.py Completed 23290 of 34374, 67.75%
2026-07-23 06:12:10,267 3798683 road_revised.py Completed 23300 of 34374, 67.78%
2026-07-23 06:12:10,272 3798683 road_revised.py RSS checkpoint [iter1_lcp_progress_23300_of_34374]: 18.87 GB
2026-07-23 06:12:10,763 3798683 road_revised.py Completed 23310 of 34374, 67.81%
2026-07-23 06:12:10,769 3798683 road_revised.py Completed 23320 of 34374, 67.84%
2026-07-23 06:12:10,778 3798683 road_revised.py Completed 23330 of 34374, 67.87%
2026-07-23 06:12:10,786 3798683 road_revised.py Completed 23340 of 34374, 67.90%
2026-07-23 06:12:10,792 3798683 road_revised.py Completed 23350 of 34374, 67.93%
2026-07-23 06:12:11,005 3798683 road_revised.py Completed 23360 of 34374, 67.96%
2026-07-23 06:12:11,273 3798683 road_revised.py Completed 23370 of 34374, 67.99%
2026-07-23 06:12:11,529 3798683 road_revised.py Completed 23380 of 34374, 68.02%
2026-07-23 06:12:11,847 3798683 road_revised.py Completed 23390 of 34374, 68.05%
2026-07-23 06:12:12,083 3798683 road_revised.py Completed 23400 of 34374, 68.07%
2026-07-23 06:12:12,083 3798683 road_revised.py RSS checkpoint [iter1_lcp_progress_23400_of_34374]: 18.77 GB
2026-07-23 06:12:12,380 3798683 road_revised.py Completed 23410 of 34374, 68.10%
2026-07-23 06:12:12,640 3798683 road_revised.py Completed 23420 of 34374, 68.13%
2026-07-23 06:12:12,879 3798683 road_revised.py Completed 23430 of 34374, 68.16%
2026-07-23 06:12:15,285 3798683 road_revised.py Completed 23440 of 34374, 68.19%
2026-07-23 06:12:15,315 3798683 road_revised.py Completed 23450 of 34374, 68.22%
2026-07-23 06:12:15,316 3798683 road_revised.py Completed 23460 of 34374, 68.25%
2026-07-23 06:12:15,317 3798683 road_revised.py Completed 23470 of 34374, 68.28%
2026-07-23 06:12:15,319 3798683 road_revised.py Completed 23480 of 34374, 68.31%
2026-07-23 06:12:15,319 3798683 road_revised.py Completed 23490 of 34374, 68.34%
2026-07-23 06:12:15,426 3798683 road_revised.py Completed 23500 of 34374, 68.37%
2026-07-23 06:12:15,426 3798683 road_revised.py RSS checkpoint [iter1_lcp_progress_23500_of_34374]: 18.56 GB
2026-07-23 06:12:15,678 3798683 road_revised.py Completed 23510 of 34374, 68.39%
2026-07-23 06:12:15,939 3798683 road_revised.py Completed 23520 of 34374, 68.42%
2026-07-23 06:12:16,188 3798683 road_revised.py Completed 23530 of 34374, 68.45%
2026-07-23 06:12:16,430 3798683 road_revised.py Completed 23540 of 34374, 68.48%
2026-07-23 06:12:16,703 3798683 road_revised.py Completed 23550 of 34374, 68.51%
2026-07-23 06:12:16,951 3798683 road_revised.py Completed 23560 of 34374, 68.54%
2026-07-23 06:12:17,236 3798683 road_revised.py Completed 23570 of 34374, 68.57%
2026-07-23 06:12:17,466 3798683 road_revised.py Completed 23580 of 34374, 68.60%
2026-07-23 06:12:17,710 3798683 road_revised.py Completed 23590 of 34374, 68.63%
2026-07-23 06:12:21,196 3798683 road_revised.py Completed 23600 of 34374, 68.66%
2026-07-23 06:12:21,204 3798683 road_revised.py RSS checkpoint [iter1_lcp_progress_23600_of_34374]: 18.82 GB
2026-07-23 06:12:21,225 3798683 road_revised.py Completed 23610 of 34374, 68.69%
2026-07-23 06:12:21,274 3798683 road_revised.py Completed 23620 of 34374, 68.71%
2026-07-23 06:12:21,276 3798683 road_revised.py Completed 23630 of 34374, 68.74%
2026-07-23 06:12:21,278 3798683 road_revised.py Completed 23640 of 34374, 68.77%
2026-07-23 06:12:21,755 3798683 road_revised.py Completed 23650 of 34374, 68.80%
2026-07-23 06:12:21,756 3798683 road_revised.py Completed 23660 of 34374, 68.83%
2026-07-23 06:12:21,758 3798683 road_revised.py Completed 23670 of 34374, 68.86%
2026-07-23 06:12:21,818 3798683 road_revised.py Completed 23680 of 34374, 68.89%
2026-07-23 06:12:22,160 3798683 road_revised.py Completed 23690 of 34374, 68.92%
2026-07-23 06:12:22,461 3798683 road_revised.py Completed 23700 of 34374, 68.95%
2026-07-23 06:12:22,461 3798683 road_revised.py RSS checkpoint [iter1_lcp_progress_23700_of_34374]: 18.81 GB
2026-07-23 06:12:22,753 3798683 road_revised.py Completed 23710 of 34374, 68.98%
2026-07-23 06:12:23,043 3798683 road_revised.py Completed 23720 of 34374, 69.01%
2026-07-23 06:12:23,337 3798683 road_revised.py Completed 23730 of 34374, 69.03%
2026-07-23 06:12:23,617 3798683 road_revised.py Completed 23740 of 34374, 69.06%
2026-07-23 06:12:23,883 3798683 road_revised.py Completed 23750 of 34374, 69.09%
2026-07-23 06:12:24,169 3798683 road_revised.py Completed 23760 of 34374, 69.12%
2026-07-23 06:12:27,217 3798683 road_revised.py Completed 23770 of 34374, 69.15%
2026-07-23 06:12:27,219 3798683 road_revised.py Completed 23780 of 34374, 69.18%
2026-07-23 06:12:27,220 3798683 road_revised.py Completed 23790 of 34374, 69.21%
2026-07-23 06:12:27,231 3798683 road_revised.py Completed 23800 of 34374, 69.24%
2026-07-23 06:12:27,234 3798683 road_revised.py RSS checkpoint [iter1_lcp_progress_23800_of_34374]: 18.81 GB
2026-07-23 06:12:27,237 3798683 road_revised.py Completed 23810 of 34374, 69.27%
2026-07-23 06:12:27,237 3798683 road_revised.py Completed 23820 of 34374, 69.30%
2026-07-23 06:12:27,246 3798683 road_revised.py Completed 23830 of 34374, 69.33%
2026-07-23 06:12:27,290 3798683 road_revised.py Completed 23840 of 34374, 69.35%
2026-07-23 06:12:27,595 3798683 road_revised.py Completed 23850 of 34374, 69.38%
2026-07-23 06:12:27,886 3798683 road_revised.py Completed 23860 of 34374, 69.41%
2026-07-23 06:12:28,168 3798683 road_revised.py Completed 23870 of 34374, 69.44%
2026-07-23 06:12:28,478 3798683 road_revised.py Completed 23880 of 34374, 69.47%
2026-07-23 06:12:28,734 3798683 road_revised.py Completed 23890 of 34374, 69.50%
2026-07-23 06:12:29,026 3798683 road_revised.py Completed 23900 of 34374, 69.53%
2026-07-23 06:12:29,026 3798683 road_revised.py RSS checkpoint [iter1_lcp_progress_23900_of_34374]: 18.61 GB
2026-07-23 06:12:29,298 3798683 road_revised.py Completed 23910 of 34374, 69.56%
2026-07-23 06:12:29,595 3798683 road_revised.py Completed 23920 of 34374, 69.59%
2026-07-23 06:12:29,861 3798683 road_revised.py Completed 23930 of 34374, 69.62%
2026-07-23 06:12:33,296 3798683 road_revised.py Completed 23940 of 34374, 69.65%
2026-07-23 06:12:33,300 3798683 road_revised.py Completed 23950 of 34374, 69.67%
2026-07-23 06:12:33,762 3798683 road_revised.py Completed 23960 of 34374, 69.70%
2026-07-23 06:12:33,763 3798683 road_revised.py Completed 23970 of 34374, 69.73%
2026-07-23 06:12:33,764 3798683 road_revised.py Completed 23980 of 34374, 69.76%
2026-07-23 06:12:33,766 3798683 road_revised.py Completed 23990 of 34374, 69.79%
2026-07-23 06:12:33,767 3798683 road_revised.py Completed 24000 of 34374, 69.82%
2026-07-23 06:12:33,778 3798683 road_revised.py RSS checkpoint [iter1_lcp_progress_24000_of_34374]: 18.96 GB
2026-07-23 06:12:33,784 3798683 road_revised.py Completed 24010 of 34374, 69.85%
2026-07-23 06:12:33,800 3798683 road_revised.py Completed 24020 of 34374, 69.88%
2026-07-23 06:12:34,018 3798683 road_revised.py Completed 24030 of 34374, 69.91%
2026-07-23 06:12:34,309 3798683 road_revised.py Completed 24040 of 34374, 69.94%
2026-07-23 06:12:34,562 3798683 road_revised.py Completed 24050 of 34374, 69.97%
2026-07-23 06:12:34,869 3798683 road_revised.py Completed 24060 of 34374, 69.99%
2026-07-23 06:12:35,120 3798683 road_revised.py Completed 24070 of 34374, 70.02%
2026-07-23 06:12:35,432 3798683 road_revised.py Completed 24080 of 34374, 70.05%
2026-07-23 06:12:35,715 3798683 road_revised.py Completed 24090 of 34374, 70.08%
2026-07-23 06:12:36,023 3798683 road_revised.py Completed 24100 of 34374, 70.11%
2026-07-23 06:12:36,023 3798683 road_revised.py RSS checkpoint [iter1_lcp_progress_24100_of_34374]: 19.18 GB
2026-07-23 06:12:39,176 3798683 road_revised.py Completed 24110 of 34374, 70.14%
2026-07-23 06:12:39,208 3798683 road_revised.py Completed 24120 of 34374, 70.17%
2026-07-23 06:12:39,215 3798683 road_revised.py Completed 24130 of 34374, 70.20%
2026-07-23 06:12:39,216 3798683 road_revised.py Completed 24140 of 34374, 70.23%
2026-07-23 06:12:39,219 3798683 road_revised.py Completed 24150 of 34374, 70.26%
2026-07-23 06:12:39,220 3798683 road_revised.py Completed 24160 of 34374, 70.29%
2026-07-23 06:12:39,229 3798683 road_revised.py Completed 24170 of 34374, 70.31%
2026-07-23 06:12:39,339 3798683 road_revised.py Completed 24180 of 34374, 70.34%
2026-07-23 06:12:39,653 3798683 road_revised.py Completed 24190 of 34374, 70.37%
2026-07-23 06:12:39,914 3798683 road_revised.py Completed 24200 of 34374, 70.40%
2026-07-23 06:12:39,914 3798683 road_revised.py RSS checkpoint [iter1_lcp_progress_24200_of_34374]: 19.21 GB
2026-07-23 06:12:40,181 3798683 road_revised.py Completed 24210 of 34374, 70.43%
2026-07-23 06:12:40,518 3798683 road_revised.py Completed 24220 of 34374, 70.46%
2026-07-23 06:12:40,783 3798683 road_revised.py Completed 24230 of 34374, 70.49%
2026-07-23 06:12:41,095 3798683 road_revised.py Completed 24240 of 34374, 70.52%
2026-07-23 06:12:41,380 3798683 road_revised.py Completed 24250 of 34374, 70.55%
2026-07-23 06:12:41,657 3798683 road_revised.py Completed 24260 of 34374, 70.58%
2026-07-23 06:12:45,566 3798683 road_revised.py Completed 24270 of 34374, 70.61%
2026-07-23 06:12:45,567 3798683 road_revised.py Completed 24280 of 34374, 70.63%
2026-07-23 06:12:46,042 3798683 road_revised.py Completed 24290 of 34374, 70.66%
2026-07-23 06:12:46,043 3798683 road_revised.py Completed 24300 of 34374, 70.69%
2026-07-23 06:12:46,043 3798683 road_revised.py RSS checkpoint [iter1_lcp_progress_24300_of_34374]: 19.09 GB
2026-07-23 06:12:46,044 3798683 road_revised.py Completed 24310 of 34374, 70.72%
2026-07-23 06:12:46,046 3798683 road_revised.py Completed 24320 of 34374, 70.75%
2026-07-23 06:12:46,047 3798683 road_revised.py Completed 24330 of 34374, 70.78%
2026-07-23 06:12:46,048 3798683 road_revised.py Completed 24340 of 34374, 70.81%
2026-07-23 06:12:46,049 3798683 road_revised.py Completed 24350 of 34374, 70.84%
2026-07-23 06:12:46,140 3798683 road_revised.py Completed 24360 of 34374, 70.87%
2026-07-23 06:12:46,413 3798683 road_revised.py Completed 24370 of 34374, 70.90%
2026-07-23 06:12:46,705 3798683 road_revised.py Completed 24380 of 34374, 70.93%
2026-07-23 06:12:46,954 3798683 road_revised.py Completed 24390 of 34374, 70.95%
2026-07-23 06:12:47,211 3798683 road_revised.py Completed 24400 of 34374, 70.98%
2026-07-23 06:12:47,211 3798683 road_revised.py RSS checkpoint [iter1_lcp_progress_24400_of_34374]: 19.21 GB
2026-07-23 06:12:47,492 3798683 road_revised.py Completed 24410 of 34374, 71.01%
2026-07-23 06:12:47,823 3798683 road_revised.py Completed 24420 of 34374, 71.04%
2026-07-23 06:12:48,016 3798683 road_revised.py Completed 24430 of 34374, 71.07%
2026-07-23 06:12:50,704 3798683 road_revised.py Completed 24440 of 34374, 71.10%
2026-07-23 06:12:50,708 3798683 road_revised.py Completed 24450 of 34374, 71.13%
2026-07-23 06:12:50,739 3798683 road_revised.py Completed 24460 of 34374, 71.16%
2026-07-23 06:12:50,743 3798683 road_revised.py Completed 24470 of 34374, 71.19%
2026-07-23 06:12:50,745 3798683 road_revised.py Completed 24480 of 34374, 71.22%
2026-07-23 06:12:50,746 3798683 road_revised.py Completed 24490 of 34374, 71.25%
2026-07-23 06:12:50,747 3798683 road_revised.py Completed 24500 of 34374, 71.27%
2026-07-23 06:12:50,750 3798683 road_revised.py RSS checkpoint [iter1_lcp_progress_24500_of_34374]: 19.17 GB
2026-07-23 06:12:50,961 3798683 road_revised.py Completed 24510 of 34374, 71.30%
2026-07-23 06:12:51,241 3798683 road_revised.py Completed 24520 of 34374, 71.33%
2026-07-23 06:12:51,436 3798683 road_revised.py Completed 24530 of 34374, 71.36%
2026-07-23 06:12:51,722 3798683 road_revised.py Completed 24540 of 34374, 71.39%
2026-07-23 06:12:52,043 3798683 road_revised.py Completed 24550 of 34374, 71.42%
2026-07-23 06:12:52,217 3798683 road_revised.py Completed 24560 of 34374, 71.45%
2026-07-23 06:12:52,528 3798683 road_revised.py Completed 24570 of 34374, 71.48%
2026-07-23 06:12:52,788 3798683 road_revised.py Completed 24580 of 34374, 71.51%
2026-07-23 06:12:53,039 3798683 road_revised.py Completed 24590 of 34374, 71.54%
2026-07-23 06:12:53,380 3798683 road_revised.py Completed 24600 of 34374, 71.57%
2026-07-23 06:12:53,384 3798683 road_revised.py RSS checkpoint [iter1_lcp_progress_24600_of_34374]: 19.13 GB
2026-07-23 06:12:56,851 3798683 road_revised.py Completed 24610 of 34374, 71.59%
2026-07-23 06:12:57,365 3798683 road_revised.py Completed 24620 of 34374, 71.62%
2026-07-23 06:12:57,366 3798683 road_revised.py Completed 24630 of 34374, 71.65%
2026-07-23 06:12:57,369 3798683 road_revised.py Completed 24640 of 34374, 71.68%
2026-07-23 06:12:57,370 3798683 road_revised.py Completed 24650 of 34374, 71.71%
2026-07-23 06:12:57,371 3798683 road_revised.py Completed 24660 of 34374, 71.74%
2026-07-23 06:12:57,372 3798683 road_revised.py Completed 24670 of 34374, 71.77%
2026-07-23 06:12:57,373 3798683 road_revised.py Completed 24680 of 34374, 71.80%
2026-07-23 06:12:57,401 3798683 road_revised.py Completed 24690 of 34374, 71.83%
2026-07-23 06:12:57,671 3798683 road_revised.py Completed 24700 of 34374, 71.86%
2026-07-23 06:12:57,672 3798683 road_revised.py RSS checkpoint [iter1_lcp_progress_24700_of_34374]: 19.23 GB
2026-07-23 06:12:57,961 3798683 road_revised.py Completed 24710 of 34374, 71.89%
2026-07-23 06:12:58,277 3798683 road_revised.py Completed 24720 of 34374, 71.91%
2026-07-23 06:12:58,524 3798683 road_revised.py Completed 24730 of 34374, 71.94%
2026-07-23 06:12:58,796 3798683 road_revised.py Completed 24740 of 34374, 71.97%
2026-07-23 06:12:59,105 3798683 road_revised.py Completed 24750 of 34374, 72.00%
2026-07-23 06:12:59,333 3798683 road_revised.py Completed 24760 of 34374, 72.03%
2026-07-23 06:12:59,676 3798683 road_revised.py Completed 24770 of 34374, 72.06%
2026-07-23 06:13:02,341 3798683 road_revised.py Completed 24780 of 34374, 72.09%
2026-07-23 06:13:02,342 3798683 road_revised.py Completed 24790 of 34374, 72.12%
2026-07-23 06:13:02,348 3798683 road_revised.py Completed 24800 of 34374, 72.15%
2026-07-23 06:13:02,356 3798683 road_revised.py RSS checkpoint [iter1_lcp_progress_24800_of_34374]: 19.36 GB
2026-07-23 06:13:02,374 3798683 road_revised.py Completed 24810 of 34374, 72.18%
2026-07-23 06:13:02,376 3798683 road_revised.py Completed 24820 of 34374, 72.21%
2026-07-23 06:13:02,377 3798683 road_revised.py Completed 24830 of 34374, 72.23%
2026-07-23 06:13:02,379 3798683 road_revised.py Completed 24840 of 34374, 72.26%
2026-07-23 06:13:02,653 3798683 road_revised.py Completed 24850 of 34374, 72.29%
2026-07-23 06:13:02,880 3798683 road_revised.py Completed 24860 of 34374, 72.32%
2026-07-23 06:13:03,170 3798683 road_revised.py Completed 24870 of 34374, 72.35%
2026-07-23 06:13:03,514 3798683 road_revised.py Completed 24880 of 34374, 72.38%
2026-07-23 06:13:03,819 3798683 road_revised.py Completed 24890 of 34374, 72.41%
2026-07-23 06:13:04,013 3798683 road_revised.py Completed 24900 of 34374, 72.44%
2026-07-23 06:13:04,014 3798683 road_revised.py RSS checkpoint [iter1_lcp_progress_24900_of_34374]: 19.24 GB
2026-07-23 06:13:04,295 3798683 road_revised.py Completed 24910 of 34374, 72.47%
2026-07-23 06:13:04,607 3798683 road_revised.py Completed 24920 of 34374, 72.50%
2026-07-23 06:13:04,765 3798683 road_revised.py Completed 24930 of 34374, 72.53%
2026-07-23 06:13:08,935 3798683 road_revised.py Completed 24940 of 34374, 72.55%
2026-07-23 06:13:08,938 3798683 road_revised.py Completed 24950 of 34374, 72.58%
2026-07-23 06:13:08,939 3798683 road_revised.py Completed 24960 of 34374, 72.61%
2026-07-23 06:13:08,939 3798683 road_revised.py Completed 24970 of 34374, 72.64%
2026-07-23 06:13:08,942 3798683 road_revised.py Completed 24980 of 34374, 72.67%
2026-07-23 06:13:08,943 3798683 road_revised.py Completed 24990 of 34374, 72.70%
2026-07-23 06:13:08,944 3798683 road_revised.py Completed 25000 of 34374, 72.73%
2026-07-23 06:13:08,953 3798683 road_revised.py RSS checkpoint [iter1_lcp_progress_25000_of_34374]: 19.57 GB
2026-07-23 06:13:08,958 3798683 road_revised.py Completed 25010 of 34374, 72.76%
2026-07-23 06:13:09,021 3798683 road_revised.py Completed 25020 of 34374, 72.79%
2026-07-23 06:13:09,382 3798683 road_revised.py Completed 25030 of 34374, 72.82%
2026-07-23 06:13:09,673 3798683 road_revised.py Completed 25040 of 34374, 72.85%
2026-07-23 06:13:09,981 3798683 road_revised.py Completed 25050 of 34374, 72.87%
2026-07-23 06:13:10,241 3798683 road_revised.py Completed 25060 of 34374, 72.90%
2026-07-23 06:13:10,553 3798683 road_revised.py Completed 25070 of 34374, 72.93%
2026-07-23 06:13:10,826 3798683 road_revised.py Completed 25080 of 34374, 72.96%
2026-07-23 06:13:11,130 3798683 road_revised.py Completed 25090 of 34374, 72.99%
2026-07-23 06:13:11,414 3798683 road_revised.py Completed 25100 of 34374, 73.02%
2026-07-23 06:13:11,415 3798683 road_revised.py RSS checkpoint [iter1_lcp_progress_25100_of_34374]: 19.53 GB
2026-07-23 06:13:14,378 3798683 road_revised.py Completed 25110 of 34374, 73.05%
2026-07-23 06:13:14,392 3798683 road_revised.py Completed 25120 of 34374, 73.08%
2026-07-23 06:13:14,393 3798683 road_revised.py Completed 25130 of 34374, 73.11%
2026-07-23 06:13:14,415 3798683 road_revised.py Completed 25140 of 34374, 73.14%
2026-07-23 06:13:14,416 3798683 road_revised.py Completed 25150 of 34374, 73.17%
2026-07-23 06:13:14,417 3798683 road_revised.py Completed 25160 of 34374, 73.19%
2026-07-23 06:13:14,425 3798683 road_revised.py Completed 25170 of 34374, 73.22%
2026-07-23 06:13:14,687 3798683 road_revised.py Completed 25180 of 34374, 73.25%
2026-07-23 06:13:14,942 3798683 road_revised.py Completed 25190 of 34374, 73.28%
2026-07-23 06:13:15,295 3798683 road_revised.py Completed 25200 of 34374, 73.31%
2026-07-23 06:13:15,295 3798683 road_revised.py RSS checkpoint [iter1_lcp_progress_25200_of_34374]: 19.43 GB
2026-07-23 06:13:15,607 3798683 road_revised.py Completed 25210 of 34374, 73.34%
2026-07-23 06:13:15,880 3798683 road_revised.py Completed 25220 of 34374, 73.37%
2026-07-23 06:13:16,189 3798683 road_revised.py Completed 25230 of 34374, 73.40%
2026-07-23 06:13:16,446 3798683 road_revised.py Completed 25240 of 34374, 73.43%
2026-07-23 06:13:16,723 3798683 road_revised.py Completed 25250 of 34374, 73.46%
2026-07-23 06:13:17,019 3798683 road_revised.py Completed 25260 of 34374, 73.49%
2026-07-23 06:13:17,276 3798683 road_revised.py Completed 25270 of 34374, 73.51%
2026-07-23 06:13:21,022 3798683 road_revised.py Completed 25280 of 34374, 73.54%
2026-07-23 06:13:21,067 3798683 road_revised.py Completed 25290 of 34374, 73.57%
2026-07-23 06:13:21,069 3798683 road_revised.py Completed 25300 of 34374, 73.60%
2026-07-23 06:13:21,080 3798683 road_revised.py RSS checkpoint [iter1_lcp_progress_25300_of_34374]: 19.76 GB
2026-07-23 06:13:21,109 3798683 road_revised.py Completed 25310 of 34374, 73.63%
2026-07-23 06:13:21,615 3798683 road_revised.py Completed 25320 of 34374, 73.66%
2026-07-23 06:13:21,617 3798683 road_revised.py Completed 25330 of 34374, 73.69%
2026-07-23 06:13:21,619 3798683 road_revised.py Completed 25340 of 34374, 73.72%
2026-07-23 06:13:21,620 3798683 road_revised.py Completed 25350 of 34374, 73.75%
2026-07-23 06:13:21,621 3798683 road_revised.py Completed 25360 of 34374, 73.78%
2026-07-23 06:13:21,622 3798683 road_revised.py Completed 25370 of 34374, 73.81%
2026-07-23 06:13:21,762 3798683 road_revised.py Completed 25380 of 34374, 73.83%
2026-07-23 06:13:22,029 3798683 road_revised.py Completed 25390 of 34374, 73.86%
2026-07-23 06:13:22,330 3798683 road_revised.py Completed 25400 of 34374, 73.89%
2026-07-23 06:13:22,330 3798683 road_revised.py RSS checkpoint [iter1_lcp_progress_25400_of_34374]: 19.63 GB
2026-07-23 06:13:22,571 3798683 road_revised.py Completed 25410 of 34374, 73.92%
2026-07-23 06:13:22,867 3798683 road_revised.py Completed 25420 of 34374, 73.95%
2026-07-23 06:13:23,074 3798683 road_revised.py Completed 25430 of 34374, 73.98%
2026-07-23 06:13:23,417 3798683 road_revised.py Completed 25440 of 34374, 74.01%
2026-07-23 06:13:25,848 3798683 road_revised.py Completed 25450 of 34374, 74.04%
2026-07-23 06:13:25,853 3798683 road_revised.py Completed 25460 of 34374, 74.07%
2026-07-23 06:13:25,877 3798683 road_revised.py Completed 25470 of 34374, 74.10%
2026-07-23 06:13:25,879 3798683 road_revised.py Completed 25480 of 34374, 74.13%
2026-07-23 06:13:25,888 3798683 road_revised.py Completed 25490 of 34374, 74.15%
2026-07-23 06:13:25,909 3798683 road_revised.py Completed 25500 of 34374, 74.18%
2026-07-23 06:13:25,909 3798683 road_revised.py RSS checkpoint [iter1_lcp_progress_25500_of_34374]: 19.79 GB
2026-07-23 06:13:26,020 3798683 road_revised.py Completed 25510 of 34374, 74.21%
2026-07-23 06:13:26,319 3798683 road_revised.py Completed 25520 of 34374, 74.24%
2026-07-23 06:13:26,569 3798683 road_revised.py Completed 25530 of 34374, 74.27%
2026-07-23 06:13:26,832 3798683 road_revised.py Completed 25540 of 34374, 74.30%
2026-07-23 06:13:27,064 3798683 road_revised.py Completed 25550 of 34374, 74.33%
2026-07-23 06:13:27,364 3798683 road_revised.py Completed 25560 of 34374, 74.36%
2026-07-23 06:13:27,670 3798683 road_revised.py Completed 25570 of 34374, 74.39%
2026-07-23 06:13:27,880 3798683 road_revised.py Completed 25580 of 34374, 74.42%
2026-07-23 06:13:28,132 3798683 road_revised.py Completed 25590 of 34374, 74.45%
2026-07-23 06:13:28,386 3798683 road_revised.py Completed 25600 of 34374, 74.47%
2026-07-23 06:13:28,386 3798683 road_revised.py RSS checkpoint [iter1_lcp_progress_25600_of_34374]: 19.71 GB
2026-07-23 06:13:32,774 3798683 road_revised.py Completed 25610 of 34374, 74.50%
2026-07-23 06:13:32,781 3798683 road_revised.py Completed 25620 of 34374, 74.53%
2026-07-23 06:13:32,783 3798683 road_revised.py Completed 25630 of 34374, 74.56%
2026-07-23 06:13:32,789 3798683 road_revised.py Completed 25640 of 34374, 74.59%
2026-07-23 06:13:33,319 3798683 road_revised.py Completed 25650 of 34374, 74.62%
2026-07-23 06:13:33,320 3798683 road_revised.py Completed 25660 of 34374, 74.65%
2026-07-23 06:13:33,338 3798683 road_revised.py Completed 25670 of 34374, 74.68%
2026-07-23 06:13:33,339 3798683 road_revised.py Completed 25680 of 34374, 74.71%
2026-07-23 06:13:33,348 3798683 road_revised.py Completed 25690 of 34374, 74.74%
2026-07-23 06:13:33,355 3798683 road_revised.py Completed 25700 of 34374, 74.77%
2026-07-23 06:13:33,361 3798683 road_revised.py RSS checkpoint [iter1_lcp_progress_25700_of_34374]: 20.38 GB
2026-07-23 06:13:33,436 3798683 road_revised.py Completed 25710 of 34374, 74.79%
2026-07-23 06:13:33,778 3798683 road_revised.py Completed 25720 of 34374, 74.82%
2026-07-23 06:13:34,033 3798683 road_revised.py Completed 25730 of 34374, 74.85%
2026-07-23 06:13:34,326 3798683 road_revised.py Completed 25740 of 34374, 74.88%
2026-07-23 06:13:34,581 3798683 road_revised.py Completed 25750 of 34374, 74.91%
2026-07-23 06:13:34,839 3798683 road_revised.py Completed 25760 of 34374, 74.94%
2026-07-23 06:13:35,069 3798683 road_revised.py Completed 25770 of 34374, 74.97%
2026-07-23 06:13:38,140 3798683 road_revised.py Completed 25780 of 34374, 75.00%
2026-07-23 06:13:38,144 3798683 road_revised.py Completed 25790 of 34374, 75.03%
2026-07-23 06:13:38,145 3798683 road_revised.py Completed 25800 of 34374, 75.06%
2026-07-23 06:13:38,152 3798683 road_revised.py RSS checkpoint [iter1_lcp_progress_25800_of_34374]: 20.06 GB
2026-07-23 06:13:38,173 3798683 road_revised.py Completed 25810 of 34374, 75.09%
2026-07-23 06:13:38,174 3798683 road_revised.py Completed 25820 of 34374, 75.11%
2026-07-23 06:13:38,175 3798683 road_revised.py Completed 25830 of 34374, 75.14%
2026-07-23 06:13:38,176 3798683 road_revised.py Completed 25840 of 34374, 75.17%
2026-07-23 06:13:38,178 3798683 road_revised.py Completed 25850 of 34374, 75.20%
2026-07-23 06:13:38,201 3798683 road_revised.py Completed 25860 of 34374, 75.23%
2026-07-23 06:13:38,490 3798683 road_revised.py Completed 25870 of 34374, 75.26%
2026-07-23 06:13:38,806 3798683 road_revised.py Completed 25880 of 34374, 75.29%
2026-07-23 06:13:39,108 3798683 road_revised.py Completed 25890 of 34374, 75.32%
2026-07-23 06:13:39,419 3798683 road_revised.py Completed 25900 of 34374, 75.35%
2026-07-23 06:13:39,430 3798683 road_revised.py RSS checkpoint [iter1_lcp_progress_25900_of_34374]: 19.83 GB
2026-07-23 06:13:39,686 3798683 road_revised.py Completed 25910 of 34374, 75.38%
2026-07-23 06:13:39,963 3798683 road_revised.py Completed 25920 of 34374, 75.41%
2026-07-23 06:13:40,230 3798683 road_revised.py Completed 25930 of 34374, 75.43%
2026-07-23 06:13:40,525 3798683 road_revised.py Completed 25940 of 34374, 75.46%
2026-07-23 06:13:40,789 3798683 road_revised.py Completed 25950 of 34374, 75.49%
2026-07-23 06:13:44,192 3798683 road_revised.py Completed 25960 of 34374, 75.52%
2026-07-23 06:13:44,202 3798683 road_revised.py Completed 25970 of 34374, 75.55%
2026-07-23 06:13:44,717 3798683 road_revised.py Completed 25980 of 34374, 75.58%
2026-07-23 06:13:44,718 3798683 road_revised.py Completed 25990 of 34374, 75.61%
2026-07-23 06:13:44,724 3798683 road_revised.py Completed 26000 of 34374, 75.64%
2026-07-23 06:13:44,724 3798683 road_revised.py RSS checkpoint [iter1_lcp_progress_26000_of_34374]: 19.96 GB
2026-07-23 06:13:44,725 3798683 road_revised.py Completed 26010 of 34374, 75.67%
2026-07-23 06:13:44,726 3798683 road_revised.py Completed 26020 of 34374, 75.70%
2026-07-23 06:13:44,728 3798683 road_revised.py Completed 26030 of 34374, 75.73%
2026-07-23 06:13:44,729 3798683 road_revised.py Completed 26040 of 34374, 75.75%
2026-07-23 06:13:44,805 3798683 road_revised.py Completed 26050 of 34374, 75.78%
2026-07-23 06:13:45,063 3798683 road_revised.py Completed 26060 of 34374, 75.81%
2026-07-23 06:13:45,326 3798683 road_revised.py Completed 26070 of 34374, 75.84%
2026-07-23 06:13:45,598 3798683 road_revised.py Completed 26080 of 34374, 75.87%
2026-07-23 06:13:45,872 3798683 road_revised.py Completed 26090 of 34374, 75.90%
2026-07-23 06:13:46,147 3798683 road_revised.py Completed 26100 of 34374, 75.93%
2026-07-23 06:13:46,147 3798683 road_revised.py RSS checkpoint [iter1_lcp_progress_26100_of_34374]: 20.16 GB
2026-07-23 06:13:46,489 3798683 road_revised.py Completed 26110 of 34374, 75.96%
2026-07-23 06:13:46,763 3798683 road_revised.py Completed 26120 of 34374, 75.99%
2026-07-23 06:13:49,821 3798683 road_revised.py Completed 26130 of 34374, 76.02%
2026-07-23 06:13:49,823 3798683 road_revised.py Completed 26140 of 34374, 76.05%
2026-07-23 06:13:49,852 3798683 road_revised.py Completed 26150 of 34374, 76.07%
2026-07-23 06:13:49,853 3798683 road_revised.py Completed 26160 of 34374, 76.10%
2026-07-23 06:13:49,854 3798683 road_revised.py Completed 26170 of 34374, 76.13%
2026-07-23 06:13:49,858 3798683 road_revised.py Completed 26180 of 34374, 76.16%
2026-07-23 06:13:49,898 3798683 road_revised.py Completed 26190 of 34374, 76.19%
2026-07-23 06:13:50,220 3798683 road_revised.py Completed 26200 of 34374, 76.22%
2026-07-23 06:13:50,220 3798683 road_revised.py RSS checkpoint [iter1_lcp_progress_26200_of_34374]: 20.18 GB
2026-07-23 06:13:50,514 3798683 road_revised.py Completed 26210 of 34374, 76.25%
2026-07-23 06:13:50,770 3798683 road_revised.py Completed 26220 of 34374, 76.28%
2026-07-23 06:13:51,066 3798683 road_revised.py Completed 26230 of 34374, 76.31%
2026-07-23 06:13:51,327 3798683 road_revised.py Completed 26240 of 34374, 76.34%
2026-07-23 06:13:51,593 3798683 road_revised.py Completed 26250 of 34374, 76.37%
2026-07-23 06:13:51,871 3798683 road_revised.py Completed 26260 of 34374, 76.39%
2026-07-23 06:13:52,157 3798683 road_revised.py Completed 26270 of 34374, 76.42%
2026-07-23 06:13:52,457 3798683 road_revised.py Completed 26280 of 34374, 76.45%
2026-07-23 06:13:56,342 3798683 road_revised.py Completed 26290 of 34374, 76.48%
2026-07-23 06:13:56,395 3798683 road_revised.py Completed 26300 of 34374, 76.51%
2026-07-23 06:13:56,838 3798683 road_revised.py RSS checkpoint [iter1_lcp_progress_26300_of_34374]: 20.16 GB
2026-07-23 06:13:56,840 3798683 road_revised.py Completed 26310 of 34374, 76.54%
2026-07-23 06:13:56,841 3798683 road_revised.py Completed 26320 of 34374, 76.57%
2026-07-23 06:13:56,843 3798683 road_revised.py Completed 26330 of 34374, 76.60%
2026-07-23 06:13:56,844 3798683 road_revised.py Completed 26340 of 34374, 76.63%
2026-07-23 06:13:56,845 3798683 road_revised.py Completed 26350 of 34374, 76.66%
2026-07-23 06:13:56,847 3798683 road_revised.py Completed 26360 of 34374, 76.69%
2026-07-23 06:13:56,848 3798683 road_revised.py Completed 26370 of 34374, 76.71%
2026-07-23 06:13:56,856 3798683 road_revised.py Completed 26380 of 34374, 76.74%
2026-07-23 06:13:57,096 3798683 road_revised.py Completed 26390 of 34374, 76.77%
2026-07-23 06:13:57,338 3798683 road_revised.py Completed 26400 of 34374, 76.80%
2026-07-23 06:13:57,339 3798683 road_revised.py RSS checkpoint [iter1_lcp_progress_26400_of_34374]: 20.24 GB
2026-07-23 06:13:57,608 3798683 road_revised.py Completed 26410 of 34374, 76.83%
2026-07-23 06:13:57,868 3798683 road_revised.py Completed 26420 of 34374, 76.86%
2026-07-23 06:13:58,128 3798683 road_revised.py Completed 26430 of 34374, 76.89%
2026-07-23 06:13:58,414 3798683 road_revised.py Completed 26440 of 34374, 76.92%
2026-07-23 06:13:58,666 3798683 road_revised.py Completed 26450 of 34374, 76.95%
2026-07-23 06:14:01,228 3798683 road_revised.py Completed 26460 of 34374, 76.98%
2026-07-23 06:14:01,233 3798683 road_revised.py Completed 26470 of 34374, 77.01%
2026-07-23 06:14:01,234 3798683 road_revised.py Completed 26480 of 34374, 77.03%
2026-07-23 06:14:01,264 3798683 road_revised.py Completed 26490 of 34374, 77.06%
2026-07-23 06:14:01,276 3798683 road_revised.py Completed 26500 of 34374, 77.09%
2026-07-23 06:14:01,294 3798683 road_revised.py RSS checkpoint [iter1_lcp_progress_26500_of_34374]: 20.41 GB
2026-07-23 06:14:01,315 3798683 road_revised.py Completed 26510 of 34374, 77.12%
2026-07-23 06:14:01,327 3798683 road_revised.py Completed 26520 of 34374, 77.15%
2026-07-23 06:14:01,594 3798683 road_revised.py Completed 26530 of 34374, 77.18%
2026-07-23 06:14:01,897 3798683 road_revised.py Completed 26540 of 34374, 77.21%
2026-07-23 06:14:02,180 3798683 road_revised.py Completed 26550 of 34374, 77.24%
2026-07-23 06:14:02,453 3798683 road_revised.py Completed 26560 of 34374, 77.27%
2026-07-23 06:14:02,785 3798683 road_revised.py Completed 26570 of 34374, 77.30%
2026-07-23 06:14:03,062 3798683 road_revised.py Completed 26580 of 34374, 77.33%
2026-07-23 06:14:03,359 3798683 road_revised.py Completed 26590 of 34374, 77.35%
2026-07-23 06:14:03,663 3798683 road_revised.py Completed 26600 of 34374, 77.38%
2026-07-23 06:14:03,663 3798683 road_revised.py RSS checkpoint [iter1_lcp_progress_26600_of_34374]: 20.37 GB
2026-07-23 06:14:03,984 3798683 road_revised.py Completed 26610 of 34374, 77.41%
2026-07-23 06:14:04,280 3798683 road_revised.py Completed 26620 of 34374, 77.44%
2026-07-23 06:14:08,957 3798683 road_revised.py Completed 26630 of 34374, 77.47%
2026-07-23 06:14:08,961 3798683 road_revised.py Completed 26640 of 34374, 77.50%
2026-07-23 06:14:08,962 3798683 road_revised.py Completed 26650 of 34374, 77.53%
2026-07-23 06:14:08,973 3798683 road_revised.py Completed 26660 of 34374, 77.56%
2026-07-23 06:14:08,974 3798683 road_revised.py Completed 26670 of 34374, 77.59%
2026-07-23 06:14:08,975 3798683 road_revised.py Completed 26680 of 34374, 77.62%
2026-07-23 06:14:08,987 3798683 road_revised.py Completed 26690 of 34374, 77.65%
2026-07-23 06:14:08,988 3798683 road_revised.py Completed 26700 of 34374, 77.67%
2026-07-23 06:14:09,009 3798683 road_revised.py RSS checkpoint [iter1_lcp_progress_26700_of_34374]: 20.91 GB
2026-07-23 06:14:09,010 3798683 road_revised.py Completed 26710 of 34374, 77.70%
2026-07-23 06:14:09,199 3798683 road_revised.py Completed 26720 of 34374, 77.73%
2026-07-23 06:14:09,474 3798683 road_revised.py Completed 26730 of 34374, 77.76%
2026-07-23 06:14:09,751 3798683 road_revised.py Completed 26740 of 34374, 77.79%
2026-07-23 06:14:10,055 3798683 road_revised.py Completed 26750 of 34374, 77.82%
2026-07-23 06:14:10,286 3798683 road_revised.py Completed 26760 of 34374, 77.85%
2026-07-23 06:14:10,644 3798683 road_revised.py Completed 26770 of 34374, 77.88%
2026-07-23 06:14:10,816 3798683 road_revised.py Completed 26780 of 34374, 77.91%
2026-07-23 06:14:11,093 3798683 road_revised.py Completed 26790 of 34374, 77.94%
2026-07-23 06:14:13,503 3798683 road_revised.py Completed 26800 of 34374, 77.97%
2026-07-23 06:14:13,512 3798683 road_revised.py RSS checkpoint [iter1_lcp_progress_26800_of_34374]: 20.59 GB
2026-07-23 06:14:13,559 3798683 road_revised.py Completed 26810 of 34374, 77.99%
2026-07-23 06:14:13,560 3798683 road_revised.py Completed 26820 of 34374, 78.02%
2026-07-23 06:14:13,561 3798683 road_revised.py Completed 26830 of 34374, 78.05%
2026-07-23 06:14:13,576 3798683 road_revised.py Completed 26840 of 34374, 78.08%
2026-07-23 06:14:13,577 3798683 road_revised.py Completed 26850 of 34374, 78.11%
2026-07-23 06:14:13,806 3798683 road_revised.py Completed 26860 of 34374, 78.14%
2026-07-23 06:14:14,068 3798683 road_revised.py Completed 26870 of 34374, 78.17%
2026-07-23 06:14:14,335 3798683 road_revised.py Completed 26880 of 34374, 78.20%
2026-07-23 06:14:14,633 3798683 road_revised.py Completed 26890 of 34374, 78.23%
2026-07-23 06:14:14,903 3798683 road_revised.py Completed 26900 of 34374, 78.26%
2026-07-23 06:14:14,915 3798683 road_revised.py RSS checkpoint [iter1_lcp_progress_26900_of_34374]: 20.47 GB
2026-07-23 06:14:15,146 3798683 road_revised.py Completed 26910 of 34374, 78.29%
2026-07-23 06:14:15,418 3798683 road_revised.py Completed 26920 of 34374, 78.32%
2026-07-23 06:14:15,682 3798683 road_revised.py Completed 26930 of 34374, 78.34%
2026-07-23 06:14:15,936 3798683 road_revised.py Completed 26940 of 34374, 78.37%
2026-07-23 06:14:16,212 3798683 road_revised.py Completed 26950 of 34374, 78.40%
2026-07-23 06:14:19,900 3798683 road_revised.py Completed 26960 of 34374, 78.43%
2026-07-23 06:14:19,903 3798683 road_revised.py Completed 26970 of 34374, 78.46%
2026-07-23 06:14:19,904 3798683 road_revised.py Completed 26980 of 34374, 78.49%
2026-07-23 06:14:19,941 3798683 road_revised.py Completed 26990 of 34374, 78.52%
2026-07-23 06:14:19,942 3798683 road_revised.py Completed 27000 of 34374, 78.55%
2026-07-23 06:14:19,943 3798683 road_revised.py RSS checkpoint [iter1_lcp_progress_27000_of_34374]: 21.12 GB
2026-07-23 06:14:19,944 3798683 road_revised.py Completed 27010 of 34374, 78.58%
2026-07-23 06:14:20,473 3798683 road_revised.py Completed 27020 of 34374, 78.61%
2026-07-23 06:14:20,474 3798683 road_revised.py Completed 27030 of 34374, 78.64%
2026-07-23 06:14:20,475 3798683 road_revised.py Completed 27040 of 34374, 78.66%
2026-07-23 06:14:20,510 3798683 road_revised.py Completed 27050 of 34374, 78.69%
2026-07-23 06:14:20,792 3798683 road_revised.py Completed 27060 of 34374, 78.72%
2026-07-23 06:14:21,050 3798683 road_revised.py Completed 27070 of 34374, 78.75%
2026-07-23 06:14:21,298 3798683 road_revised.py Completed 27080 of 34374, 78.78%
2026-07-23 06:14:21,593 3798683 road_revised.py Completed 27090 of 34374, 78.81%
2026-07-23 06:14:21,942 3798683 road_revised.py Completed 27100 of 34374, 78.84%
2026-07-23 06:14:21,942 3798683 road_revised.py RSS checkpoint [iter1_lcp_progress_27100_of_34374]: 21.00 GB
2026-07-23 06:14:22,181 3798683 road_revised.py Completed 27110 of 34374, 78.87%
2026-07-23 06:14:22,474 3798683 road_revised.py Completed 27120 of 34374, 78.90%
2026-07-23 06:14:25,657 3798683 road_revised.py Completed 27130 of 34374, 78.93%
2026-07-23 06:14:25,661 3798683 road_revised.py Completed 27140 of 34374, 78.96%
2026-07-23 06:14:25,662 3798683 road_revised.py Completed 27150 of 34374, 78.98%
2026-07-23 06:14:25,686 3798683 road_revised.py Completed 27160 of 34374, 79.01%
2026-07-23 06:14:25,687 3798683 road_revised.py Completed 27170 of 34374, 79.04%
2026-07-23 06:14:25,688 3798683 road_revised.py Completed 27180 of 34374, 79.07%
2026-07-23 06:14:25,692 3798683 road_revised.py Completed 27190 of 34374, 79.10%
2026-07-23 06:14:25,727 3798683 road_revised.py Completed 27200 of 34374, 79.13%
2026-07-23 06:14:25,728 3798683 road_revised.py RSS checkpoint [iter1_lcp_progress_27200_of_34374]: 20.94 GB
2026-07-23 06:14:26,006 3798683 road_revised.py Completed 27210 of 34374, 79.16%
2026-07-23 06:14:26,315 3798683 road_revised.py Completed 27220 of 34374, 79.19%
2026-07-23 06:14:26,588 3798683 road_revised.py Completed 27230 of 34374, 79.22%
2026-07-23 06:14:26,869 3798683 road_revised.py Completed 27240 of 34374, 79.25%
2026-07-23 06:14:27,136 3798683 road_revised.py Completed 27250 of 34374, 79.28%
2026-07-23 06:14:27,442 3798683 road_revised.py Completed 27260 of 34374, 79.30%
2026-07-23 06:14:27,701 3798683 road_revised.py Completed 27270 of 34374, 79.33%
2026-07-23 06:14:27,959 3798683 road_revised.py Completed 27280 of 34374, 79.36%
2026-07-23 06:14:28,252 3798683 road_revised.py Completed 27290 of 34374, 79.39%
2026-07-23 06:14:31,710 3798683 road_revised.py Completed 27300 of 34374, 79.42%
2026-07-23 06:14:31,721 3798683 road_revised.py RSS checkpoint [iter1_lcp_progress_27300_of_34374]: 21.00 GB
2026-07-23 06:14:31,779 3798683 road_revised.py Completed 27310 of 34374, 79.45%
2026-07-23 06:14:31,781 3798683 road_revised.py Completed 27320 of 34374, 79.48%
2026-07-23 06:14:31,803 3798683 road_revised.py Completed 27330 of 34374, 79.51%
2026-07-23 06:14:32,256 3798683 road_revised.py Completed 27340 of 34374, 79.54%
2026-07-23 06:14:32,271 3798683 road_revised.py Completed 27350 of 34374, 79.57%
2026-07-23 06:14:32,276 3798683 road_revised.py Completed 27360 of 34374, 79.60%
2026-07-23 06:14:32,277 3798683 road_revised.py Completed 27370 of 34374, 79.62%
2026-07-23 06:14:32,278 3798683 road_revised.py Completed 27380 of 34374, 79.65%
2026-07-23 06:14:32,280 3798683 road_revised.py Completed 27390 of 34374, 79.68%
2026-07-23 06:14:32,481 3798683 road_revised.py Completed 27400 of 34374, 79.71%
2026-07-23 06:14:32,481 3798683 road_revised.py RSS checkpoint [iter1_lcp_progress_27400_of_34374]: 20.79 GB
2026-07-23 06:14:32,726 3798683 road_revised.py Completed 27410 of 34374, 79.74%
2026-07-23 06:14:33,010 3798683 road_revised.py Completed 27420 of 34374, 79.77%
2026-07-23 06:14:33,305 3798683 road_revised.py Completed 27430 of 34374, 79.80%
2026-07-23 06:14:33,555 3798683 road_revised.py Completed 27440 of 34374, 79.83%
2026-07-23 06:14:33,823 3798683 road_revised.py Completed 27450 of 34374, 79.86%
2026-07-23 06:14:34,105 3798683 road_revised.py Completed 27460 of 34374, 79.89%
2026-07-23 06:14:36,718 3798683 road_revised.py Completed 27470 of 34374, 79.92%
2026-07-23 06:14:36,721 3798683 road_revised.py Completed 27480 of 34374, 79.94%
2026-07-23 06:14:36,746 3798683 road_revised.py Completed 27490 of 34374, 79.97%
2026-07-23 06:14:36,747 3798683 road_revised.py Completed 27500 of 34374, 80.00%
2026-07-23 06:14:36,763 3798683 road_revised.py RSS checkpoint [iter1_lcp_progress_27500_of_34374]: 21.03 GB
2026-07-23 06:14:36,783 3798683 road_revised.py Completed 27510 of 34374, 80.03%
2026-07-23 06:14:36,784 3798683 road_revised.py Completed 27520 of 34374, 80.06%
2026-07-23 06:14:36,785 3798683 road_revised.py Completed 27530 of 34374, 80.09%
2026-07-23 06:14:37,058 3798683 road_revised.py Completed 27540 of 34374, 80.12%
2026-07-23 06:14:37,382 3798683 road_revised.py Completed 27550 of 34374, 80.15%
2026-07-23 06:14:37,682 3798683 road_revised.py Completed 27560 of 34374, 80.18%
2026-07-23 06:14:37,994 3798683 road_revised.py Completed 27570 of 34374, 80.21%
2026-07-23 06:14:38,263 3798683 road_revised.py Completed 27580 of 34374, 80.24%
2026-07-23 06:14:38,580 3798683 road_revised.py Completed 27590 of 34374, 80.26%
2026-07-23 06:14:38,813 3798683 road_revised.py Completed 27600 of 34374, 80.29%
2026-07-23 06:14:38,813 3798683 road_revised.py RSS checkpoint [iter1_lcp_progress_27600_of_34374]: 20.94 GB
2026-07-23 06:14:39,134 3798683 road_revised.py Completed 27610 of 34374, 80.32%
2026-07-23 06:14:39,394 3798683 road_revised.py Completed 27620 of 34374, 80.35%
2026-07-23 06:14:43,238 3798683 road_revised.py Completed 27630 of 34374, 80.38%
2026-07-23 06:14:43,249 3798683 road_revised.py Completed 27640 of 34374, 80.41%
2026-07-23 06:14:43,252 3798683 road_revised.py Completed 27650 of 34374, 80.44%
2026-07-23 06:14:43,260 3798683 road_revised.py Completed 27660 of 34374, 80.47%
2026-07-23 06:14:43,726 3798683 road_revised.py Completed 27670 of 34374, 80.50%
2026-07-23 06:14:43,727 3798683 road_revised.py Completed 27680 of 34374, 80.53%
2026-07-23 06:14:43,730 3798683 road_revised.py Completed 27690 of 34374, 80.56%
2026-07-23 06:14:43,731 3798683 road_revised.py Completed 27700 of 34374, 80.58%
2026-07-23 06:14:43,732 3798683 road_revised.py RSS checkpoint [iter1_lcp_progress_27700_of_34374]: 20.98 GB
2026-07-23 06:14:43,733 3798683 road_revised.py Completed 27710 of 34374, 80.61%
2026-07-23 06:14:43,743 3798683 road_revised.py Completed 27720 of 34374, 80.64%
2026-07-23 06:14:43,978 3798683 road_revised.py Completed 27730 of 34374, 80.67%
2026-07-23 06:14:44,240 3798683 road_revised.py Completed 27740 of 34374, 80.70%
2026-07-23 06:14:44,537 3798683 road_revised.py Completed 27750 of 34374, 80.73%
2026-07-23 06:14:44,836 3798683 road_revised.py Completed 27760 of 34374, 80.76%
2026-07-23 06:14:45,076 3798683 road_revised.py Completed 27770 of 34374, 80.79%
2026-07-23 06:14:45,430 3798683 road_revised.py Completed 27780 of 34374, 80.82%
2026-07-23 06:14:45,699 3798683 road_revised.py Completed 27790 of 34374, 80.85%
2026-07-23 06:14:48,233 3798683 road_revised.py Completed 27800 of 34374, 80.88%
2026-07-23 06:14:48,245 3798683 road_revised.py RSS checkpoint [iter1_lcp_progress_27800_of_34374]: 21.12 GB
2026-07-23 06:14:48,302 3798683 road_revised.py Completed 27810 of 34374, 80.90%
2026-07-23 06:14:48,303 3798683 road_revised.py Completed 27820 of 34374, 80.93%
2026-07-23 06:14:48,304 3798683 road_revised.py Completed 27830 of 34374, 80.96%
2026-07-23 06:14:48,306 3798683 road_revised.py Completed 27840 of 34374, 80.99%
2026-07-23 06:14:48,307 3798683 road_revised.py Completed 27850 of 34374, 81.02%
2026-07-23 06:14:48,308 3798683 road_revised.py Completed 27860 of 34374, 81.05%
2026-07-23 06:14:48,400 3798683 road_revised.py Completed 27870 of 34374, 81.08%
2026-07-23 06:14:48,681 3798683 road_revised.py Completed 27880 of 34374, 81.11%
2026-07-23 06:14:48,935 3798683 road_revised.py Completed 27890 of 34374, 81.14%
2026-07-23 06:14:49,271 3798683 road_revised.py Completed 27900 of 34374, 81.17%
2026-07-23 06:14:49,272 3798683 road_revised.py RSS checkpoint [iter1_lcp_progress_27900_of_34374]: 20.96 GB
2026-07-23 06:14:49,550 3798683 road_revised.py Completed 27910 of 34374, 81.20%
2026-07-23 06:14:49,830 3798683 road_revised.py Completed 27920 of 34374, 81.22%
2026-07-23 06:14:50,099 3798683 road_revised.py Completed 27930 of 34374, 81.25%
2026-07-23 06:14:50,367 3798683 road_revised.py Completed 27940 of 34374, 81.28%
2026-07-23 06:14:50,672 3798683 road_revised.py Completed 27950 of 34374, 81.31%
2026-07-23 06:14:50,902 3798683 road_revised.py Completed 27960 of 34374, 81.34%
2026-07-23 06:14:54,746 3798683 road_revised.py Completed 27970 of 34374, 81.37%
2026-07-23 06:14:54,749 3798683 road_revised.py Completed 27980 of 34374, 81.40%
2026-07-23 06:14:54,750 3798683 road_revised.py Completed 27990 of 34374, 81.43%
2026-07-23 06:14:55,264 3798683 road_revised.py Completed 28000 of 34374, 81.46%
2026-07-23 06:14:55,265 3798683 road_revised.py RSS checkpoint [iter1_lcp_progress_28000_of_34374]: 21.35 GB
2026-07-23 06:14:55,266 3798683 road_revised.py Completed 28010 of 34374, 81.49%
2026-07-23 06:14:55,272 3798683 road_revised.py Completed 28020 of 34374, 81.52%
2026-07-23 06:14:55,278 3798683 road_revised.py Completed 28030 of 34374, 81.54%
2026-07-23 06:14:55,279 3798683 road_revised.py Completed 28040 of 34374, 81.57%
2026-07-23 06:14:55,300 3798683 road_revised.py Completed 28050 of 34374, 81.60%
2026-07-23 06:14:55,570 3798683 road_revised.py Completed 28060 of 34374, 81.63%
2026-07-23 06:14:55,878 3798683 road_revised.py Completed 28070 of 34374, 81.66%
2026-07-23 06:14:56,164 3798683 road_revised.py Completed 28080 of 34374, 81.69%
2026-07-23 06:14:56,445 3798683 road_revised.py Completed 28090 of 34374, 81.72%
2026-07-23 06:14:56,669 3798683 road_revised.py Completed 28100 of 34374, 81.75%
2026-07-23 06:14:56,669 3798683 road_revised.py RSS checkpoint [iter1_lcp_progress_28100_of_34374]: 21.51 GB
2026-07-23 06:14:56,966 3798683 road_revised.py Completed 28110 of 34374, 81.78%
2026-07-23 06:14:57,257 3798683 road_revised.py Completed 28120 of 34374, 81.81%
2026-07-23 06:14:57,567 3798683 road_revised.py Completed 28130 of 34374, 81.84%
2026-07-23 06:15:00,362 3798683 road_revised.py Completed 28140 of 34374, 81.86%
2026-07-23 06:15:00,365 3798683 road_revised.py Completed 28150 of 34374, 81.89%
2026-07-23 06:15:00,366 3798683 road_revised.py Completed 28160 of 34374, 81.92%
2026-07-23 06:15:00,387 3798683 road_revised.py Completed 28170 of 34374, 81.95%
2026-07-23 06:15:00,388 3798683 road_revised.py Completed 28180 of 34374, 81.98%
2026-07-23 06:15:00,390 3798683 road_revised.py Completed 28190 of 34374, 82.01%
2026-07-23 06:15:00,404 3798683 road_revised.py Completed 28200 of 34374, 82.04%
2026-07-23 06:15:00,404 3798683 road_revised.py RSS checkpoint [iter1_lcp_progress_28200_of_34374]: 21.34 GB
2026-07-23 06:15:00,652 3798683 road_revised.py Completed 28210 of 34374, 82.07%
2026-07-23 06:15:00,922 3798683 road_revised.py Completed 28220 of 34374, 82.10%
2026-07-23 06:15:01,198 3798683 road_revised.py Completed 28230 of 34374, 82.13%
2026-07-23 06:15:01,476 3798683 road_revised.py Completed 28240 of 34374, 82.16%
2026-07-23 06:15:01,787 3798683 road_revised.py Completed 28250 of 34374, 82.18%
2026-07-23 06:15:02,005 3798683 road_revised.py Completed 28260 of 34374, 82.21%
2026-07-23 06:15:02,298 3798683 road_revised.py Completed 28270 of 34374, 82.24%
2026-07-23 06:15:02,569 3798683 road_revised.py Completed 28280 of 34374, 82.27%
2026-07-23 06:15:02,819 3798683 road_revised.py Completed 28290 of 34374, 82.30%
2026-07-23 06:15:06,282 3798683 road_revised.py Completed 28300 of 34374, 82.33%
2026-07-23 06:15:06,283 3798683 road_revised.py RSS checkpoint [iter1_lcp_progress_28300_of_34374]: 21.40 GB
2026-07-23 06:15:06,286 3798683 road_revised.py Completed 28310 of 34374, 82.36%
2026-07-23 06:15:06,287 3798683 road_revised.py Completed 28320 of 34374, 82.39%
2026-07-23 06:15:06,789 3798683 road_revised.py Completed 28330 of 34374, 82.42%
2026-07-23 06:15:06,803 3798683 road_revised.py Completed 28340 of 34374, 82.45%
2026-07-23 06:15:06,809 3798683 road_revised.py Completed 28350 of 34374, 82.48%
2026-07-23 06:15:06,810 3798683 road_revised.py Completed 28360 of 34374, 82.50%
2026-07-23 06:15:06,811 3798683 road_revised.py Completed 28370 of 34374, 82.53%
2026-07-23 06:15:06,813 3798683 road_revised.py Completed 28380 of 34374, 82.56%
2026-07-23 06:15:06,860 3798683 road_revised.py Completed 28390 of 34374, 82.59%
2026-07-23 06:15:07,184 3798683 road_revised.py Completed 28400 of 34374, 82.62%
2026-07-23 06:15:07,184 3798683 road_revised.py RSS checkpoint [iter1_lcp_progress_28400_of_34374]: 21.29 GB
2026-07-23 06:15:07,544 3798683 road_revised.py Completed 28410 of 34374, 82.65%
2026-07-23 06:15:07,789 3798683 road_revised.py Completed 28420 of 34374, 82.68%
2026-07-23 06:15:08,030 3798683 road_revised.py Completed 28430 of 34374, 82.71%
2026-07-23 06:15:08,311 3798683 road_revised.py Completed 28440 of 34374, 82.74%
2026-07-23 06:15:08,632 3798683 road_revised.py Completed 28450 of 34374, 82.77%
2026-07-23 06:15:08,791 3798683 road_revised.py Completed 28460 of 34374, 82.80%
2026-07-23 06:15:11,404 3798683 road_revised.py Completed 28470 of 34374, 82.82%
2026-07-23 06:15:11,411 3798683 road_revised.py Completed 28480 of 34374, 82.85%
2026-07-23 06:15:11,412 3798683 road_revised.py Completed 28490 of 34374, 82.88%
2026-07-23 06:15:11,452 3798683 road_revised.py Completed 28500 of 34374, 82.91%
2026-07-23 06:15:11,452 3798683 road_revised.py RSS checkpoint [iter1_lcp_progress_28500_of_34374]: 21.54 GB
2026-07-23 06:15:11,453 3798683 road_revised.py Completed 28510 of 34374, 82.94%
2026-07-23 06:15:11,454 3798683 road_revised.py Completed 28520 of 34374, 82.97%
2026-07-23 06:15:11,521 3798683 road_revised.py Completed 28530 of 34374, 83.00%
2026-07-23 06:15:11,847 3798683 road_revised.py Completed 28540 of 34374, 83.03%
2026-07-23 06:15:12,113 3798683 road_revised.py Completed 28550 of 34374, 83.06%
2026-07-23 06:15:12,417 3798683 road_revised.py Completed 28560 of 34374, 83.09%
2026-07-23 06:15:12,726 3798683 road_revised.py Completed 28570 of 34374, 83.12%
2026-07-23 06:15:13,084 3798683 road_revised.py Completed 28580 of 34374, 83.14%
2026-07-23 06:15:13,314 3798683 road_revised.py Completed 28590 of 34374, 83.17%
2026-07-23 06:15:13,616 3798683 road_revised.py Completed 28600 of 34374, 83.20%
2026-07-23 06:15:13,616 3798683 road_revised.py RSS checkpoint [iter1_lcp_progress_28600_of_34374]: 21.49 GB
2026-07-23 06:15:13,926 3798683 road_revised.py Completed 28610 of 34374, 83.23%
2026-07-23 06:15:14,204 3798683 road_revised.py Completed 28620 of 34374, 83.26%
2026-07-23 06:15:14,494 3798683 road_revised.py Completed 28630 of 34374, 83.29%
2026-07-23 06:15:19,631 3798683 road_revised.py Completed 28640 of 34374, 83.32%
2026-07-23 06:15:19,639 3798683 road_revised.py Completed 28650 of 34374, 83.35%
2026-07-23 06:15:19,640 3798683 road_revised.py Completed 28660 of 34374, 83.38%
2026-07-23 06:15:19,645 3798683 road_revised.py Completed 28670 of 34374, 83.41%
2026-07-23 06:15:19,649 3798683 road_revised.py Completed 28680 of 34374, 83.44%
2026-07-23 06:15:19,650 3798683 road_revised.py Completed 28690 of 34374, 83.46%
2026-07-23 06:15:19,652 3798683 road_revised.py Completed 28700 of 34374, 83.49%
2026-07-23 06:15:19,656 3798683 road_revised.py RSS checkpoint [iter1_lcp_progress_28700_of_34374]: 22.35 GB
2026-07-23 06:15:19,659 3798683 road_revised.py Completed 28710 of 34374, 83.52%
2026-07-23 06:15:19,660 3798683 road_revised.py Completed 28720 of 34374, 83.55%
2026-07-23 06:15:19,778 3798683 road_revised.py Completed 28730 of 34374, 83.58%
2026-07-23 06:15:20,089 3798683 road_revised.py Completed 28740 of 34374, 83.61%
2026-07-23 06:15:20,332 3798683 road_revised.py Completed 28750 of 34374, 83.64%
2026-07-23 06:15:20,595 3798683 road_revised.py Completed 28760 of 34374, 83.67%
2026-07-23 06:15:20,896 3798683 road_revised.py Completed 28770 of 34374, 83.70%
2026-07-23 06:15:21,139 3798683 road_revised.py Completed 28780 of 34374, 83.73%
2026-07-23 06:15:21,336 3798683 road_revised.py Completed 28790 of 34374, 83.76%
2026-07-23 06:15:21,634 3798683 road_revised.py Completed 28800 of 34374, 83.78%
2026-07-23 06:15:21,634 3798683 road_revised.py RSS checkpoint [iter1_lcp_progress_28800_of_34374]: 22.15 GB
2026-07-23 06:15:24,283 3798683 road_revised.py Completed 28810 of 34374, 83.81%
2026-07-23 06:15:24,332 3798683 road_revised.py Completed 28820 of 34374, 83.84%
2026-07-23 06:15:24,343 3798683 road_revised.py Completed 28830 of 34374, 83.87%
2026-07-23 06:15:24,344 3798683 road_revised.py Completed 28840 of 34374, 83.90%
2026-07-23 06:15:24,348 3798683 road_revised.py Completed 28850 of 34374, 83.93%
2026-07-23 06:15:24,349 3798683 road_revised.py Completed 28860 of 34374, 83.96%
2026-07-23 06:15:24,364 3798683 road_revised.py Completed 28870 of 34374, 83.99%
2026-07-23 06:15:24,587 3798683 road_revised.py Completed 28880 of 34374, 84.02%
2026-07-23 06:15:24,860 3798683 road_revised.py Completed 28890 of 34374, 84.05%
2026-07-23 06:15:25,150 3798683 road_revised.py Completed 28900 of 34374, 84.08%
2026-07-23 06:15:25,150 3798683 road_revised.py RSS checkpoint [iter1_lcp_progress_28900_of_34374]: 21.57 GB
2026-07-23 06:15:25,441 3798683 road_revised.py Completed 28910 of 34374, 84.10%
2026-07-23 06:15:25,701 3798683 road_revised.py Completed 28920 of 34374, 84.13%
2026-07-23 06:15:25,922 3798683 road_revised.py Completed 28930 of 34374, 84.16%
2026-07-23 06:15:26,231 3798683 road_revised.py Completed 28940 of 34374, 84.19%
2026-07-23 06:15:26,446 3798683 road_revised.py Completed 28950 of 34374, 84.22%
2026-07-23 06:15:26,786 3798683 road_revised.py Completed 28960 of 34374, 84.25%
2026-07-23 06:15:27,024 3798683 road_revised.py Completed 28970 of 34374, 84.28%
2026-07-23 06:15:30,236 3798683 road_revised.py Completed 28980 of 34374, 84.31%
2026-07-23 06:15:30,237 3798683 road_revised.py Completed 28990 of 34374, 84.34%
2026-07-23 06:15:30,238 3798683 road_revised.py Completed 29000 of 34374, 84.37%
2026-07-23 06:15:30,251 3798683 road_revised.py RSS checkpoint [iter1_lcp_progress_29000_of_34374]: 21.91 GB
2026-07-23 06:15:30,261 3798683 road_revised.py Completed 29010 of 34374, 84.40%
2026-07-23 06:15:30,262 3798683 road_revised.py Completed 29020 of 34374, 84.42%
2026-07-23 06:15:30,264 3798683 road_revised.py Completed 29030 of 34374, 84.45%
2026-07-23 06:15:30,742 3798683 road_revised.py Completed 29040 of 34374, 84.48%
2026-07-23 06:15:30,743 3798683 road_revised.py Completed 29050 of 34374, 84.51%
2026-07-23 06:15:30,976 3798683 road_revised.py Completed 29060 of 34374, 84.54%
2026-07-23 06:15:31,198 3798683 road_revised.py Completed 29070 of 34374, 84.57%
2026-07-23 06:15:31,502 3798683 road_revised.py Completed 29080 of 34374, 84.60%
2026-07-23 06:15:31,689 3798683 road_revised.py Completed 29090 of 34374, 84.63%
2026-07-23 06:15:31,959 3798683 road_revised.py Completed 29100 of 34374, 84.66%
2026-07-23 06:15:31,960 3798683 road_revised.py RSS checkpoint [iter1_lcp_progress_29100_of_34374]: 21.88 GB
2026-07-23 06:15:32,178 3798683 road_revised.py Completed 29110 of 34374, 84.69%
2026-07-23 06:15:32,539 3798683 road_revised.py Completed 29120 of 34374, 84.72%
2026-07-23 06:15:32,782 3798683 road_revised.py Completed 29130 of 34374, 84.74%
2026-07-23 06:15:35,686 3798683 road_revised.py Completed 29140 of 34374, 84.77%
2026-07-23 06:15:35,694 3798683 road_revised.py Completed 29150 of 34374, 84.80%
2026-07-23 06:15:35,696 3798683 road_revised.py Completed 29160 of 34374, 84.83%
2026-07-23 06:15:35,706 3798683 road_revised.py Completed 29170 of 34374, 84.86%
2026-07-23 06:15:35,713 3798683 road_revised.py Completed 29180 of 34374, 84.89%
2026-07-23 06:15:35,723 3798683 road_revised.py Completed 29190 of 34374, 84.92%
2026-07-23 06:15:35,730 3798683 road_revised.py Completed 29200 of 34374, 84.95%
2026-07-23 06:15:35,741 3798683 road_revised.py RSS checkpoint [iter1_lcp_progress_29200_of_34374]: 22.09 GB
2026-07-23 06:15:35,943 3798683 road_revised.py Completed 29210 of 34374, 84.98%
2026-07-23 06:15:36,195 3798683 road_revised.py Completed 29220 of 34374, 85.01%
2026-07-23 06:15:36,440 3798683 road_revised.py Completed 29230 of 34374, 85.04%
2026-07-23 06:15:36,657 3798683 road_revised.py Completed 29240 of 34374, 85.06%
2026-07-23 06:15:36,993 3798683 road_revised.py Completed 29250 of 34374, 85.09%
2026-07-23 06:15:37,177 3798683 road_revised.py Completed 29260 of 34374, 85.12%
2026-07-23 06:15:37,495 3798683 road_revised.py Completed 29270 of 34374, 85.15%
2026-07-23 06:15:37,797 3798683 road_revised.py Completed 29280 of 34374, 85.18%
2026-07-23 06:15:38,077 3798683 road_revised.py Completed 29290 of 34374, 85.21%
2026-07-23 06:15:38,405 3798683 road_revised.py Completed 29300 of 34374, 85.24%
2026-07-23 06:15:38,405 3798683 road_revised.py RSS checkpoint [iter1_lcp_progress_29300_of_34374]: 21.98 GB
2026-07-23 06:15:42,534 3798683 road_revised.py Completed 29310 of 34374, 85.27%
2026-07-23 06:15:42,550 3798683 road_revised.py Completed 29320 of 34374, 85.30%
2026-07-23 06:15:42,582 3798683 road_revised.py Completed 29330 of 34374, 85.33%
2026-07-23 06:15:42,583 3798683 road_revised.py Completed 29340 of 34374, 85.36%
2026-07-23 06:15:42,584 3798683 road_revised.py Completed 29350 of 34374, 85.38%
2026-07-23 06:15:43,083 3798683 road_revised.py Completed 29360 of 34374, 85.41%
2026-07-23 06:15:43,084 3798683 road_revised.py Completed 29370 of 34374, 85.44%
2026-07-23 06:15:43,085 3798683 road_revised.py Completed 29380 of 34374, 85.47%
2026-07-23 06:15:43,088 3798683 road_revised.py Completed 29390 of 34374, 85.50%
2026-07-23 06:15:43,193 3798683 road_revised.py Completed 29400 of 34374, 85.53%
2026-07-23 06:15:43,193 3798683 road_revised.py RSS checkpoint [iter1_lcp_progress_29400_of_34374]: 22.42 GB
2026-07-23 06:15:43,535 3798683 road_revised.py Completed 29410 of 34374, 85.56%
2026-07-23 06:15:43,821 3798683 road_revised.py Completed 29420 of 34374, 85.59%
2026-07-23 06:15:44,102 3798683 road_revised.py Completed 29430 of 34374, 85.62%
2026-07-23 06:15:44,383 3798683 road_revised.py Completed 29440 of 34374, 85.65%
2026-07-23 06:15:44,667 3798683 road_revised.py Completed 29450 of 34374, 85.68%
2026-07-23 06:15:44,959 3798683 road_revised.py Completed 29460 of 34374, 85.70%
2026-07-23 06:15:45,309 3798683 road_revised.py Completed 29470 of 34374, 85.73%
2026-07-23 06:15:48,640 3798683 road_revised.py Completed 29480 of 34374, 85.76%
2026-07-23 06:15:48,641 3798683 road_revised.py Completed 29490 of 34374, 85.79%
2026-07-23 06:15:48,646 3798683 road_revised.py Completed 29500 of 34374, 85.82%
2026-07-23 06:15:48,675 3798683 road_revised.py RSS checkpoint [iter1_lcp_progress_29500_of_34374]: 22.30 GB
2026-07-23 06:15:48,701 3798683 road_revised.py Completed 29510 of 34374, 85.85%
2026-07-23 06:15:48,702 3798683 road_revised.py Completed 29520 of 34374, 85.88%
2026-07-23 06:15:48,703 3798683 road_revised.py Completed 29530 of 34374, 85.91%
2026-07-23 06:15:48,708 3798683 road_revised.py Completed 29540 of 34374, 85.94%
2026-07-23 06:15:48,710 3798683 road_revised.py Completed 29550 of 34374, 85.97%
2026-07-23 06:15:48,776 3798683 road_revised.py Completed 29560 of 34374, 86.00%
2026-07-23 06:15:49,027 3798683 road_revised.py Completed 29570 of 34374, 86.02%
2026-07-23 06:15:49,267 3798683 road_revised.py Completed 29580 of 34374, 86.05%
2026-07-23 06:15:49,631 3798683 road_revised.py Completed 29590 of 34374, 86.08%
2026-07-23 06:15:49,854 3798683 road_revised.py Completed 29600 of 34374, 86.11%
2026-07-23 06:15:49,854 3798683 road_revised.py RSS checkpoint [iter1_lcp_progress_29600_of_34374]: 22.04 GB
2026-07-23 06:15:50,102 3798683 road_revised.py Completed 29610 of 34374, 86.14%
2026-07-23 06:15:50,360 3798683 road_revised.py Completed 29620 of 34374, 86.17%
2026-07-23 06:15:50,599 3798683 road_revised.py Completed 29630 of 34374, 86.20%
2026-07-23 06:15:50,805 3798683 road_revised.py Completed 29640 of 34374, 86.23%
2026-07-23 06:15:54,395 3798683 road_revised.py Completed 29650 of 34374, 86.26%
2026-07-23 06:15:54,396 3798683 road_revised.py Completed 29660 of 34374, 86.29%
2026-07-23 06:15:54,406 3798683 road_revised.py Completed 29670 of 34374, 86.32%
2026-07-23 06:15:54,922 3798683 road_revised.py Completed 29680 of 34374, 86.34%
2026-07-23 06:15:54,923 3798683 road_revised.py Completed 29690 of 34374, 86.37%
2026-07-23 06:15:54,937 3798683 road_revised.py Completed 29700 of 34374, 86.40%
2026-07-23 06:15:54,938 3798683 road_revised.py RSS checkpoint [iter1_lcp_progress_29700_of_34374]: 22.12 GB
2026-07-23 06:15:54,943 3798683 road_revised.py Completed 29710 of 34374, 86.43%
2026-07-23 06:15:54,944 3798683 road_revised.py Completed 29720 of 34374, 86.46%
2026-07-23 06:15:54,977 3798683 road_revised.py Completed 29730 of 34374, 86.49%
2026-07-23 06:15:55,241 3798683 road_revised.py Completed 29740 of 34374, 86.52%
2026-07-23 06:15:55,548 3798683 road_revised.py Completed 29750 of 34374, 86.55%
2026-07-23 06:15:55,863 3798683 road_revised.py Completed 29760 of 34374, 86.58%
2026-07-23 06:15:56,168 3798683 road_revised.py Completed 29770 of 34374, 86.61%
2026-07-23 06:15:56,431 3798683 road_revised.py Completed 29780 of 34374, 86.64%
2026-07-23 06:15:56,731 3798683 road_revised.py Completed 29790 of 34374, 86.66%
2026-07-23 06:15:56,994 3798683 road_revised.py Completed 29800 of 34374, 86.69%
2026-07-23 06:15:56,994 3798683 road_revised.py RSS checkpoint [iter1_lcp_progress_29800_of_34374]: 22.33 GB
2026-07-23 06:16:00,352 3798683 road_revised.py Completed 29810 of 34374, 86.72%
2026-07-23 06:16:00,361 3798683 road_revised.py Completed 29820 of 34374, 86.75%
2026-07-23 06:16:00,362 3798683 road_revised.py Completed 29830 of 34374, 86.78%
2026-07-23 06:16:00,364 3798683 road_revised.py Completed 29840 of 34374, 86.81%
2026-07-23 06:16:00,374 3798683 road_revised.py Completed 29850 of 34374, 86.84%
2026-07-23 06:16:00,387 3798683 road_revised.py Completed 29860 of 34374, 86.87%
2026-07-23 06:16:00,388 3798683 road_revised.py Completed 29870 of 34374, 86.90%
2026-07-23 06:16:00,393 3798683 road_revised.py Completed 29880 of 34374, 86.93%
2026-07-23 06:16:00,643 3798683 road_revised.py Completed 29890 of 34374, 86.96%
2026-07-23 06:16:00,917 3798683 road_revised.py Completed 29900 of 34374, 86.98%
2026-07-23 06:16:00,917 3798683 road_revised.py RSS checkpoint [iter1_lcp_progress_29900_of_34374]: 22.14 GB
2026-07-23 06:16:01,148 3798683 road_revised.py Completed 29910 of 34374, 87.01%
2026-07-23 06:16:01,457 3798683 road_revised.py Completed 29920 of 34374, 87.04%
2026-07-23 06:16:01,760 3798683 road_revised.py Completed 29930 of 34374, 87.07%
2026-07-23 06:16:01,961 3798683 road_revised.py Completed 29940 of 34374, 87.10%
2026-07-23 06:16:02,263 3798683 road_revised.py Completed 29950 of 34374, 87.13%
2026-07-23 06:16:02,493 3798683 road_revised.py Completed 29960 of 34374, 87.16%
2026-07-23 06:16:02,721 3798683 road_revised.py Completed 29970 of 34374, 87.19%
2026-07-23 06:16:06,413 3798683 road_revised.py Completed 29980 of 34374, 87.22%
2026-07-23 06:16:06,420 3798683 road_revised.py Completed 29990 of 34374, 87.25%
2026-07-23 06:16:06,421 3798683 road_revised.py Completed 30000 of 34374, 87.28%
2026-07-23 06:16:06,422 3798683 road_revised.py RSS checkpoint [iter1_lcp_progress_30000_of_34374]: 22.63 GB
2026-07-23 06:16:06,999 3798683 road_revised.py Completed 30010 of 34374, 87.30%
2026-07-23 06:16:07,006 3798683 road_revised.py Completed 30020 of 34374, 87.33%
2026-07-23 06:16:07,007 3798683 road_revised.py Completed 30030 of 34374, 87.36%
2026-07-23 06:16:07,009 3798683 road_revised.py Completed 30040 of 34374, 87.39%
2026-07-23 06:16:07,011 3798683 road_revised.py Completed 30050 of 34374, 87.42%
2026-07-23 06:16:07,012 3798683 road_revised.py Completed 30060 of 34374, 87.45%
2026-07-23 06:16:07,094 3798683 road_revised.py Completed 30070 of 34374, 87.48%
2026-07-23 06:16:07,367 3798683 road_revised.py Completed 30080 of 34374, 87.51%
2026-07-23 06:16:07,680 3798683 road_revised.py Completed 30090 of 34374, 87.54%
2026-07-23 06:16:07,819 3798683 road_revised.py Completed 30100 of 34374, 87.57%
2026-07-23 06:16:07,819 3798683 road_revised.py RSS checkpoint [iter1_lcp_progress_30100_of_34374]: 22.47 GB
2026-07-23 06:16:08,146 3798683 road_revised.py Completed 30110 of 34374, 87.60%
2026-07-23 06:16:08,478 3798683 road_revised.py Completed 30120 of 34374, 87.62%
2026-07-23 06:16:08,673 3798683 road_revised.py Completed 30130 of 34374, 87.65%
2026-07-23 06:16:08,986 3798683 road_revised.py Completed 30140 of 34374, 87.68%
2026-07-23 06:16:12,104 3798683 road_revised.py Completed 30150 of 34374, 87.71%
2026-07-23 06:16:12,107 3798683 road_revised.py Completed 30160 of 34374, 87.74%
2026-07-23 06:16:12,108 3798683 road_revised.py Completed 30170 of 34374, 87.77%
2026-07-23 06:16:12,125 3798683 road_revised.py Completed 30180 of 34374, 87.80%
2026-07-23 06:16:12,126 3798683 road_revised.py Completed 30190 of 34374, 87.83%
2026-07-23 06:16:12,127 3798683 road_revised.py Completed 30200 of 34374, 87.86%
2026-07-23 06:16:12,128 3798683 road_revised.py RSS checkpoint [iter1_lcp_progress_30200_of_34374]: 22.70 GB
2026-07-23 06:16:12,132 3798683 road_revised.py Completed 30210 of 34374, 87.89%
2026-07-23 06:16:12,409 3798683 road_revised.py Completed 30220 of 34374, 87.92%
2026-07-23 06:16:12,672 3798683 road_revised.py Completed 30230 of 34374, 87.94%
2026-07-23 06:16:12,979 3798683 road_revised.py Completed 30240 of 34374, 87.97%
2026-07-23 06:16:13,258 3798683 road_revised.py Completed 30250 of 34374, 88.00%
2026-07-23 06:16:13,551 3798683 road_revised.py Completed 30260 of 34374, 88.03%
2026-07-23 06:16:13,846 3798683 road_revised.py Completed 30270 of 34374, 88.06%
2026-07-23 06:16:14,132 3798683 road_revised.py Completed 30280 of 34374, 88.09%
2026-07-23 06:16:14,429 3798683 road_revised.py Completed 30290 of 34374, 88.12%
2026-07-23 06:16:14,691 3798683 road_revised.py Completed 30300 of 34374, 88.15%
2026-07-23 06:16:14,691 3798683 road_revised.py RSS checkpoint [iter1_lcp_progress_30300_of_34374]: 22.54 GB
2026-07-23 06:16:14,984 3798683 road_revised.py Completed 30310 of 34374, 88.18%
2026-07-23 06:16:18,789 3798683 road_revised.py Completed 30320 of 34374, 88.21%
2026-07-23 06:16:19,327 3798683 road_revised.py Completed 30330 of 34374, 88.24%
2026-07-23 06:16:19,328 3798683 road_revised.py Completed 30340 of 34374, 88.26%
2026-07-23 06:16:19,335 3798683 road_revised.py Completed 30350 of 34374, 88.29%
2026-07-23 06:16:19,340 3798683 road_revised.py Completed 30360 of 34374, 88.32%
2026-07-23 06:16:19,347 3798683 road_revised.py Completed 30370 of 34374, 88.35%
2026-07-23 06:16:19,349 3798683 road_revised.py Completed 30380 of 34374, 88.38%
2026-07-23 06:16:19,350 3798683 road_revised.py Completed 30390 of 34374, 88.41%
2026-07-23 06:16:19,351 3798683 road_revised.py Completed 30400 of 34374, 88.44%
2026-07-23 06:16:19,356 3798683 road_revised.py RSS checkpoint [iter1_lcp_progress_30400_of_34374]: 22.55 GB
2026-07-23 06:16:19,393 3798683 road_revised.py Completed 30410 of 34374, 88.47%
2026-07-23 06:16:19,775 3798683 road_revised.py Completed 30420 of 34374, 88.50%
2026-07-23 06:16:19,959 3798683 road_revised.py Completed 30430 of 34374, 88.53%
2026-07-23 06:16:20,262 3798683 road_revised.py Completed 30440 of 34374, 88.56%
2026-07-23 06:16:20,580 3798683 road_revised.py Completed 30450 of 34374, 88.58%
2026-07-23 06:16:20,863 3798683 road_revised.py Completed 30460 of 34374, 88.61%
2026-07-23 06:16:21,040 3798683 road_revised.py Completed 30470 of 34374, 88.64%
2026-07-23 06:16:23,887 3798683 road_revised.py Completed 30480 of 34374, 88.67%
2026-07-23 06:16:23,890 3798683 road_revised.py Completed 30490 of 34374, 88.70%
2026-07-23 06:16:23,891 3798683 road_revised.py Completed 30500 of 34374, 88.73%
2026-07-23 06:16:23,898 3798683 road_revised.py RSS checkpoint [iter1_lcp_progress_30500_of_34374]: 22.89 GB
2026-07-23 06:16:23,928 3798683 road_revised.py Completed 30510 of 34374, 88.76%
2026-07-23 06:16:23,929 3798683 road_revised.py Completed 30520 of 34374, 88.79%
2026-07-23 06:16:23,930 3798683 road_revised.py Completed 30530 of 34374, 88.82%
2026-07-23 06:16:23,931 3798683 road_revised.py Completed 30540 of 34374, 88.85%
2026-07-23 06:16:24,049 3798683 road_revised.py Completed 30550 of 34374, 88.88%
2026-07-23 06:16:24,332 3798683 road_revised.py Completed 30560 of 34374, 88.90%
2026-07-23 06:16:24,565 3798683 road_revised.py Completed 30570 of 34374, 88.93%
2026-07-23 06:16:24,947 3798683 road_revised.py Completed 30580 of 34374, 88.96%
2026-07-23 06:16:25,146 3798683 road_revised.py Completed 30590 of 34374, 88.99%
2026-07-23 06:16:25,390 3798683 road_revised.py Completed 30600 of 34374, 89.02%
2026-07-23 06:16:25,390 3798683 road_revised.py RSS checkpoint [iter1_lcp_progress_30600_of_34374]: 22.76 GB
2026-07-23 06:16:25,740 3798683 road_revised.py Completed 30610 of 34374, 89.05%
2026-07-23 06:16:25,959 3798683 road_revised.py Completed 30620 of 34374, 89.08%
2026-07-23 06:16:26,209 3798683 road_revised.py Completed 30630 of 34374, 89.11%
2026-07-23 06:16:26,464 3798683 road_revised.py Completed 30640 of 34374, 89.14%
2026-07-23 06:16:30,472 3798683 road_revised.py Completed 30650 of 34374, 89.17%
2026-07-23 06:16:31,007 3798683 road_revised.py Completed 30660 of 34374, 89.20%
2026-07-23 06:16:31,008 3798683 road_revised.py Completed 30670 of 34374, 89.22%
2026-07-23 06:16:31,009 3798683 road_revised.py Completed 30680 of 34374, 89.25%
2026-07-23 06:16:31,011 3798683 road_revised.py Completed 30690 of 34374, 89.28%
2026-07-23 06:16:31,011 3798683 road_revised.py Completed 30700 of 34374, 89.31%
2026-07-23 06:16:31,020 3798683 road_revised.py RSS checkpoint [iter1_lcp_progress_30700_of_34374]: 22.99 GB
2026-07-23 06:16:31,023 3798683 road_revised.py Completed 30710 of 34374, 89.34%
2026-07-23 06:16:31,028 3798683 road_revised.py Completed 30720 of 34374, 89.37%
2026-07-23 06:16:31,040 3798683 road_revised.py Completed 30730 of 34374, 89.40%
2026-07-23 06:16:31,100 3798683 road_revised.py Completed 30740 of 34374, 89.43%
2026-07-23 06:16:31,423 3798683 road_revised.py Completed 30750 of 34374, 89.46%
2026-07-23 06:16:31,700 3798683 road_revised.py Completed 30760 of 34374, 89.49%
2026-07-23 06:16:32,043 3798683 road_revised.py Completed 30770 of 34374, 89.52%
2026-07-23 06:16:32,399 3798683 road_revised.py Completed 30780 of 34374, 89.54%
2026-07-23 06:16:32,639 3798683 road_revised.py Completed 30790 of 34374, 89.57%
2026-07-23 06:16:32,924 3798683 road_revised.py Completed 30800 of 34374, 89.60%
2026-07-23 06:16:32,924 3798683 road_revised.py RSS checkpoint [iter1_lcp_progress_30800_of_34374]: 23.21 GB
2026-07-23 06:16:33,224 3798683 road_revised.py Completed 30810 of 34374, 89.63%
2026-07-23 06:16:36,225 3798683 road_revised.py Completed 30820 of 34374, 89.66%
2026-07-23 06:16:36,285 3798683 road_revised.py Completed 30830 of 34374, 89.69%
2026-07-23 06:16:36,291 3798683 road_revised.py Completed 30840 of 34374, 89.72%
2026-07-23 06:16:36,296 3798683 road_revised.py Completed 30850 of 34374, 89.75%
2026-07-23 06:16:36,308 3798683 road_revised.py Completed 30860 of 34374, 89.78%
2026-07-23 06:16:36,309 3798683 road_revised.py Completed 30870 of 34374, 89.81%
2026-07-23 06:16:36,319 3798683 road_revised.py Completed 30880 of 34374, 89.84%
2026-07-23 06:16:36,595 3798683 road_revised.py Completed 30890 of 34374, 89.86%
2026-07-23 06:16:36,849 3798683 road_revised.py Completed 30900 of 34374, 89.89%
2026-07-23 06:16:36,850 3798683 road_revised.py RSS checkpoint [iter1_lcp_progress_30900_of_34374]: 22.87 GB
2026-07-23 06:16:37,128 3798683 road_revised.py Completed 30910 of 34374, 89.92%
2026-07-23 06:16:37,393 3798683 road_revised.py Completed 30920 of 34374, 89.95%
2026-07-23 06:16:37,674 3798683 road_revised.py Completed 30930 of 34374, 89.98%
2026-07-23 06:16:37,944 3798683 road_revised.py Completed 30940 of 34374, 90.01%
2026-07-23 06:16:38,169 3798683 road_revised.py Completed 30950 of 34374, 90.04%
2026-07-23 06:16:38,429 3798683 road_revised.py Completed 30960 of 34374, 90.07%
2026-07-23 06:16:38,737 3798683 road_revised.py Completed 30970 of 34374, 90.10%
2026-07-23 06:16:39,006 3798683 road_revised.py Completed 30980 of 34374, 90.13%
2026-07-23 06:16:43,378 3798683 road_revised.py Completed 30990 of 34374, 90.16%
2026-07-23 06:16:43,380 3798683 road_revised.py Completed 31000 of 34374, 90.18%
2026-07-23 06:16:43,388 3798683 road_revised.py RSS checkpoint [iter1_lcp_progress_31000_of_34374]: 23.29 GB
2026-07-23 06:16:43,393 3798683 road_revised.py Completed 31010 of 34374, 90.21%
2026-07-23 06:16:43,410 3798683 road_revised.py Completed 31020 of 34374, 90.24%
2026-07-23 06:16:43,411 3798683 road_revised.py Completed 31030 of 34374, 90.27%
2026-07-23 06:16:43,413 3798683 road_revised.py Completed 31040 of 34374, 90.30%
2026-07-23 06:16:43,422 3798683 road_revised.py Completed 31050 of 34374, 90.33%
2026-07-23 06:16:43,423 3798683 road_revised.py Completed 31060 of 34374, 90.36%
2026-07-23 06:16:43,439 3798683 road_revised.py Completed 31070 of 34374, 90.39%
2026-07-23 06:16:43,771 3798683 road_revised.py Completed 31080 of 34374, 90.42%
2026-07-23 06:16:44,036 3798683 road_revised.py Completed 31090 of 34374, 90.45%
2026-07-23 06:16:44,259 3798683 road_revised.py Completed 31100 of 34374, 90.48%
2026-07-23 06:16:44,259 3798683 road_revised.py RSS checkpoint [iter1_lcp_progress_31100_of_34374]: 23.12 GB
2026-07-23 06:16:44,510 3798683 road_revised.py Completed 31110 of 34374, 90.50%
2026-07-23 06:16:44,804 3798683 road_revised.py Completed 31120 of 34374, 90.53%
2026-07-23 06:16:45,072 3798683 road_revised.py Completed 31130 of 34374, 90.56%
2026-07-23 06:16:45,370 3798683 road_revised.py Completed 31140 of 34374, 90.59%
2026-07-23 06:16:48,820 3798683 road_revised.py Completed 31150 of 34374, 90.62%
2026-07-23 06:16:48,835 3798683 road_revised.py Completed 31160 of 34374, 90.65%
2026-07-23 06:16:48,841 3798683 road_revised.py Completed 31170 of 34374, 90.68%
2026-07-23 06:16:48,848 3798683 road_revised.py Completed 31180 of 34374, 90.71%
2026-07-23 06:16:48,884 3798683 road_revised.py Completed 31190 of 34374, 90.74%
2026-07-23 06:16:48,885 3798683 road_revised.py Completed 31200 of 34374, 90.77%
2026-07-23 06:16:48,885 3798683 road_revised.py RSS checkpoint [iter1_lcp_progress_31200_of_34374]: 23.06 GB
2026-07-23 06:16:48,890 3798683 road_revised.py Completed 31210 of 34374, 90.80%
2026-07-23 06:16:49,030 3798683 road_revised.py Completed 31220 of 34374, 90.82%
2026-07-23 06:16:49,280 3798683 road_revised.py Completed 31230 of 34374, 90.85%
2026-07-23 06:16:49,523 3798683 road_revised.py Completed 31240 of 34374, 90.88%
2026-07-23 06:16:49,739 3798683 road_revised.py Completed 31250 of 34374, 90.91%
2026-07-23 06:16:49,948 3798683 road_revised.py Completed 31260 of 34374, 90.94%
2026-07-23 06:16:50,213 3798683 road_revised.py Completed 31270 of 34374, 90.97%
2026-07-23 06:16:50,400 3798683 road_revised.py Completed 31280 of 34374, 91.00%
2026-07-23 06:16:50,630 3798683 road_revised.py Completed 31290 of 34374, 91.03%
2026-07-23 06:16:50,870 3798683 road_revised.py Completed 31300 of 34374, 91.06%
2026-07-23 06:16:50,870 3798683 road_revised.py RSS checkpoint [iter1_lcp_progress_31300_of_34374]: 23.23 GB
2026-07-23 06:16:51,123 3798683 road_revised.py Completed 31310 of 34374, 91.09%
2026-07-23 06:16:51,328 3798683 road_revised.py Completed 31320 of 34374, 91.12%
2026-07-23 06:16:51,555 3798683 road_revised.py Completed 31330 of 34374, 91.14%
2026-07-23 06:16:51,759 3798683 road_revised.py Completed 31340 of 34374, 91.17%
2026-07-23 06:16:51,990 3798683 road_revised.py Completed 31350 of 34374, 91.20%
2026-07-23 06:16:52,207 3798683 road_revised.py Completed 31360 of 34374, 91.23%
2026-07-23 06:16:52,467 3798683 road_revised.py Completed 31370 of 34374, 91.26%
2026-07-23 06:16:52,708 3798683 road_revised.py Completed 31380 of 34374, 91.29%
2026-07-23 06:16:52,928 3798683 road_revised.py Completed 31390 of 34374, 91.32%
2026-07-23 06:16:53,202 3798683 road_revised.py Completed 31400 of 34374, 91.35%
2026-07-23 06:16:53,202 3798683 road_revised.py RSS checkpoint [iter1_lcp_progress_31400_of_34374]: 23.28 GB
2026-07-23 06:16:57,369 3798683 road_revised.py Completed 31410 of 34374, 91.38%
2026-07-23 06:16:57,371 3798683 road_revised.py Completed 31420 of 34374, 91.41%
2026-07-23 06:16:57,376 3798683 road_revised.py Completed 31430 of 34374, 91.44%
2026-07-23 06:16:57,376 3798683 road_revised.py Completed 31440 of 34374, 91.46%
2026-07-23 06:16:57,383 3798683 road_revised.py Completed 31450 of 34374, 91.49%
2026-07-23 06:16:57,410 3798683 road_revised.py Completed 31460 of 34374, 91.52%
2026-07-23 06:16:57,412 3798683 road_revised.py Completed 31470 of 34374, 91.55%
2026-07-23 06:16:57,413 3798683 road_revised.py Completed 31480 of 34374, 91.58%
2026-07-23 06:16:57,419 3798683 road_revised.py Completed 31490 of 34374, 91.61%
2026-07-23 06:16:57,420 3798683 road_revised.py Completed 31500 of 34374, 91.64%
2026-07-23 06:16:57,461 3798683 road_revised.py RSS checkpoint [iter1_lcp_progress_31500_of_34374]: 23.42 GB
2026-07-23 06:16:57,472 3798683 road_revised.py Completed 31510 of 34374, 91.67%
2026-07-23 06:16:57,472 3798683 road_revised.py Completed 31520 of 34374, 91.70%
2026-07-23 06:16:57,510 3798683 road_revised.py Completed 31530 of 34374, 91.73%
2026-07-23 06:16:57,632 3798683 road_revised.py Completed 31540 of 34374, 91.76%
2026-07-23 06:16:57,852 3798683 road_revised.py Completed 31550 of 34374, 91.78%
2026-07-23 06:16:58,597 3798683 road_revised.py Completed 31560 of 34374, 91.81%
2026-07-23 06:16:58,821 3798683 road_revised.py Completed 31570 of 34374, 91.84%
2026-07-23 06:16:59,010 3798683 road_revised.py Completed 31580 of 34374, 91.87%
2026-07-23 06:16:59,306 3798683 road_revised.py Completed 31590 of 34374, 91.90%
2026-07-23 06:16:59,512 3798683 road_revised.py Completed 31600 of 34374, 91.93%
2026-07-23 06:16:59,513 3798683 road_revised.py RSS checkpoint [iter1_lcp_progress_31600_of_34374]: 23.24 GB
2026-07-23 06:16:59,662 3798683 road_revised.py Completed 31610 of 34374, 91.96%
2026-07-23 06:16:59,880 3798683 road_revised.py Completed 31620 of 34374, 91.99%
2026-07-23 06:17:00,096 3798683 road_revised.py Completed 31630 of 34374, 92.02%
2026-07-23 06:17:00,332 3798683 road_revised.py Completed 31640 of 34374, 92.05%
2026-07-23 06:17:00,568 3798683 road_revised.py Completed 31650 of 34374, 92.08%
2026-07-23 06:17:00,776 3798683 road_revised.py Completed 31660 of 34374, 92.10%
2026-07-23 06:17:01,023 3798683 road_revised.py Completed 31670 of 34374, 92.13%
2026-07-23 06:17:01,244 3798683 road_revised.py Completed 31680 of 34374, 92.16%
2026-07-23 06:17:01,433 3798683 road_revised.py Completed 31690 of 34374, 92.19%
2026-07-23 06:17:01,662 3798683 road_revised.py Completed 31700 of 34374, 92.22%
2026-07-23 06:17:01,662 3798683 road_revised.py RSS checkpoint [iter1_lcp_progress_31700_of_34374]: 23.31 GB
2026-07-23 06:17:01,847 3798683 road_revised.py Completed 31710 of 34374, 92.25%
2026-07-23 06:17:02,101 3798683 road_revised.py Completed 31720 of 34374, 92.28%
2026-07-23 06:17:02,337 3798683 road_revised.py Completed 31730 of 34374, 92.31%
2026-07-23 06:17:02,589 3798683 road_revised.py Completed 31740 of 34374, 92.34%
2026-07-23 06:17:02,762 3798683 road_revised.py Completed 31750 of 34374, 92.37%
2026-07-23 06:17:03,037 3798683 road_revised.py Completed 31760 of 34374, 92.40%
2026-07-23 06:17:06,125 3798683 road_revised.py Completed 31770 of 34374, 92.42%
2026-07-23 06:17:06,129 3798683 road_revised.py Completed 31780 of 34374, 92.45%
2026-07-23 06:17:06,139 3798683 road_revised.py Completed 31790 of 34374, 92.48%
2026-07-23 06:17:06,147 3798683 road_revised.py Completed 31800 of 34374, 92.51%
2026-07-23 06:17:06,147 3798683 road_revised.py RSS checkpoint [iter1_lcp_progress_31800_of_34374]: 23.47 GB
2026-07-23 06:17:06,147 3798683 road_revised.py Completed 31810 of 34374, 92.54%
2026-07-23 06:17:06,186 3798683 road_revised.py Completed 31820 of 34374, 92.57%
2026-07-23 06:17:06,192 3798683 road_revised.py Completed 31830 of 34374, 92.60%
2026-07-23 06:17:06,193 3798683 road_revised.py Completed 31840 of 34374, 92.63%
2026-07-23 06:17:06,193 3798683 road_revised.py Completed 31850 of 34374, 92.66%
2026-07-23 06:17:06,381 3798683 road_revised.py Completed 31860 of 34374, 92.69%
2026-07-23 06:17:06,561 3798683 road_revised.py Completed 31870 of 34374, 92.72%
2026-07-23 06:17:06,820 3798683 road_revised.py Completed 31880 of 34374, 92.74%
2026-07-23 06:17:07,066 3798683 road_revised.py Completed 31890 of 34374, 92.77%
2026-07-23 06:17:07,287 3798683 road_revised.py Completed 31900 of 34374, 92.80%
2026-07-23 06:17:07,299 3798683 road_revised.py RSS checkpoint [iter1_lcp_progress_31900_of_34374]: 23.17 GB
2026-07-23 06:17:07,510 3798683 road_revised.py Completed 31910 of 34374, 92.83%
2026-07-23 06:17:07,710 3798683 road_revised.py Completed 31920 of 34374, 92.86%
2026-07-23 06:17:07,978 3798683 road_revised.py Completed 31930 of 34374, 92.89%
2026-07-23 06:17:08,207 3798683 road_revised.py Completed 31940 of 34374, 92.92%
2026-07-23 06:17:08,403 3798683 road_revised.py Completed 31950 of 34374, 92.95%
2026-07-23 06:17:08,656 3798683 road_revised.py Completed 31960 of 34374, 92.98%
2026-07-23 06:17:08,835 3798683 road_revised.py Completed 31970 of 34374, 93.01%
2026-07-23 06:17:09,097 3798683 road_revised.py Completed 31980 of 34374, 93.04%
2026-07-23 06:17:09,284 3798683 road_revised.py Completed 31990 of 34374, 93.06%
2026-07-23 06:17:09,470 3798683 road_revised.py Completed 32000 of 34374, 93.09%
2026-07-23 06:17:09,470 3798683 road_revised.py RSS checkpoint [iter1_lcp_progress_32000_of_34374]: 23.27 GB
2026-07-23 06:17:09,706 3798683 road_revised.py Completed 32010 of 34374, 93.12%
2026-07-23 06:17:09,931 3798683 road_revised.py Completed 32020 of 34374, 93.15%
2026-07-23 06:17:10,151 3798683 road_revised.py Completed 32030 of 34374, 93.18%
2026-07-23 06:17:10,370 3798683 road_revised.py Completed 32040 of 34374, 93.21%
2026-07-23 06:17:10,556 3798683 road_revised.py Completed 32050 of 34374, 93.24%
2026-07-23 06:17:10,806 3798683 road_revised.py Completed 32060 of 34374, 93.27%
2026-07-23 06:17:10,997 3798683 road_revised.py Completed 32070 of 34374, 93.30%
2026-07-23 06:17:11,267 3798683 road_revised.py Completed 32080 of 34374, 93.33%
2026-07-23 06:17:11,534 3798683 road_revised.py Completed 32090 of 34374, 93.36%
2026-07-23 06:17:11,698 3798683 road_revised.py Completed 32100 of 34374, 93.38%
2026-07-23 06:17:11,698 3798683 road_revised.py RSS checkpoint [iter1_lcp_progress_32100_of_34374]: 23.34 GB
2026-07-23 06:17:11,987 3798683 road_revised.py Completed 32110 of 34374, 93.41%
2026-07-23 06:17:12,163 3798683 road_revised.py Completed 32120 of 34374, 93.44%
2026-07-23 06:17:16,668 3798683 road_revised.py Completed 32130 of 34374, 93.47%
2026-07-23 06:17:16,669 3798683 road_revised.py Completed 32140 of 34374, 93.50%
2026-07-23 06:17:16,672 3798683 road_revised.py Completed 32150 of 34374, 93.53%
2026-07-23 06:17:16,724 3798683 road_revised.py Completed 32160 of 34374, 93.56%
2026-07-23 06:17:16,725 3798683 road_revised.py Completed 32170 of 34374, 93.59%
2026-07-23 06:17:16,731 3798683 road_revised.py Completed 32180 of 34374, 93.62%
2026-07-23 06:17:16,732 3798683 road_revised.py Completed 32190 of 34374, 93.65%
2026-07-23 06:17:16,732 3798683 road_revised.py Completed 32200 of 34374, 93.68%
2026-07-23 06:17:16,748 3798683 road_revised.py RSS checkpoint [iter1_lcp_progress_32200_of_34374]: 23.96 GB
2026-07-23 06:17:16,757 3798683 road_revised.py Completed 32210 of 34374, 93.70%
2026-07-23 06:17:16,761 3798683 road_revised.py Completed 32220 of 34374, 93.73%
2026-07-23 06:17:16,762 3798683 road_revised.py Completed 32230 of 34374, 93.76%
2026-07-23 06:17:16,763 3798683 road_revised.py Completed 32240 of 34374, 93.79%
2026-07-23 06:17:16,763 3798683 road_revised.py Completed 32250 of 34374, 93.82%
2026-07-23 06:17:16,768 3798683 road_revised.py Completed 32260 of 34374, 93.85%
2026-07-23 06:17:17,434 3798683 road_revised.py Completed 32270 of 34374, 93.88%
2026-07-23 06:17:17,608 3798683 road_revised.py Completed 32280 of 34374, 93.91%
2026-07-23 06:17:17,829 3798683 road_revised.py Completed 32290 of 34374, 93.94%
2026-07-23 06:17:18,033 3798683 road_revised.py Completed 32300 of 34374, 93.97%
2026-07-23 06:17:18,033 3798683 road_revised.py RSS checkpoint [iter1_lcp_progress_32300_of_34374]: 23.66 GB
2026-07-23 06:17:18,229 3798683 road_revised.py Completed 32310 of 34374, 94.00%
2026-07-23 06:17:18,446 3798683 road_revised.py Completed 32320 of 34374, 94.02%
2026-07-23 06:17:18,676 3798683 road_revised.py Completed 32330 of 34374, 94.05%
2026-07-23 06:17:18,855 3798683 road_revised.py Completed 32340 of 34374, 94.08%
2026-07-23 06:17:19,071 3798683 road_revised.py Completed 32350 of 34374, 94.11%
2026-07-23 06:17:19,364 3798683 road_revised.py Completed 32360 of 34374, 94.14%
2026-07-23 06:17:19,508 3798683 road_revised.py Completed 32370 of 34374, 94.17%
2026-07-23 06:17:19,707 3798683 road_revised.py Completed 32380 of 34374, 94.20%
2026-07-23 06:17:19,947 3798683 road_revised.py Completed 32390 of 34374, 94.23%
2026-07-23 06:17:20,154 3798683 road_revised.py Completed 32400 of 34374, 94.26%
2026-07-23 06:17:20,154 3798683 road_revised.py RSS checkpoint [iter1_lcp_progress_32400_of_34374]: 23.77 GB
2026-07-23 06:17:20,404 3798683 road_revised.py Completed 32410 of 34374, 94.29%
2026-07-23 06:17:20,562 3798683 road_revised.py Completed 32420 of 34374, 94.32%
2026-07-23 06:17:20,778 3798683 road_revised.py Completed 32430 of 34374, 94.34%
2026-07-23 06:17:21,065 3798683 road_revised.py Completed 32440 of 34374, 94.37%
2026-07-23 06:17:21,325 3798683 road_revised.py Completed 32450 of 34374, 94.40%
2026-07-23 06:17:21,450 3798683 road_revised.py Completed 32460 of 34374, 94.43%
2026-07-23 06:17:21,727 3798683 road_revised.py Completed 32470 of 34374, 94.46%
2026-07-23 06:17:21,978 3798683 road_revised.py Completed 32480 of 34374, 94.49%
2026-07-23 06:17:25,173 3798683 road_revised.py Completed 32490 of 34374, 94.52%
2026-07-23 06:17:25,178 3798683 road_revised.py Completed 32500 of 34374, 94.55%
2026-07-23 06:17:25,186 3798683 road_revised.py RSS checkpoint [iter1_lcp_progress_32500_of_34374]: 23.64 GB
2026-07-23 06:17:25,194 3798683 road_revised.py Completed 32510 of 34374, 94.58%
2026-07-23 06:17:25,254 3798683 road_revised.py Completed 32520 of 34374, 94.61%
2026-07-23 06:17:25,260 3798683 road_revised.py Completed 32530 of 34374, 94.64%
2026-07-23 06:17:25,260 3798683 road_revised.py Completed 32540 of 34374, 94.66%
2026-07-23 06:17:25,261 3798683 road_revised.py Completed 32550 of 34374, 94.69%
2026-07-23 06:17:25,261 3798683 road_revised.py Completed 32560 of 34374, 94.72%
2026-07-23 06:17:25,262 3798683 road_revised.py Completed 32570 of 34374, 94.75%
2026-07-23 06:17:25,265 3798683 road_revised.py Completed 32580 of 34374, 94.78%
2026-07-23 06:17:25,474 3798683 road_revised.py Completed 32590 of 34374, 94.81%
2026-07-23 06:17:25,674 3798683 road_revised.py Completed 32600 of 34374, 94.84%
2026-07-23 06:17:25,674 3798683 road_revised.py RSS checkpoint [iter1_lcp_progress_32600_of_34374]: 23.30 GB
2026-07-23 06:17:25,940 3798683 road_revised.py Completed 32610 of 34374, 94.87%
2026-07-23 06:17:26,082 3798683 road_revised.py Completed 32620 of 34374, 94.90%
2026-07-23 06:17:26,373 3798683 road_revised.py Completed 32630 of 34374, 94.93%
2026-07-23 06:17:26,605 3798683 road_revised.py Completed 32640 of 34374, 94.96%
2026-07-23 06:17:26,788 3798683 road_revised.py Completed 32650 of 34374, 94.98%
2026-07-23 06:17:27,023 3798683 road_revised.py Completed 32660 of 34374, 95.01%
2026-07-23 06:17:27,282 3798683 road_revised.py Completed 32670 of 34374, 95.04%
2026-07-23 06:17:27,509 3798683 road_revised.py Completed 32680 of 34374, 95.07%
2026-07-23 06:17:27,734 3798683 road_revised.py Completed 32690 of 34374, 95.10%
2026-07-23 06:17:28,042 3798683 road_revised.py Completed 32700 of 34374, 95.13%
2026-07-23 06:17:28,042 3798683 road_revised.py RSS checkpoint [iter1_lcp_progress_32700_of_34374]: 23.45 GB
2026-07-23 06:17:28,290 3798683 road_revised.py Completed 32710 of 34374, 95.16%
2026-07-23 06:17:28,437 3798683 road_revised.py Completed 32720 of 34374, 95.19%
2026-07-23 06:17:28,689 3798683 road_revised.py Completed 32730 of 34374, 95.22%
2026-07-23 06:17:28,911 3798683 road_revised.py Completed 32740 of 34374, 95.25%
2026-07-23 06:17:29,144 3798683 road_revised.py Completed 32750 of 34374, 95.28%
2026-07-23 06:17:29,268 3798683 road_revised.py Completed 32760 of 34374, 95.30%
2026-07-23 06:17:29,543 3798683 road_revised.py Completed 32770 of 34374, 95.33%
2026-07-23 06:17:29,680 3798683 road_revised.py Completed 32780 of 34374, 95.36%
2026-07-23 06:17:29,930 3798683 road_revised.py Completed 32790 of 34374, 95.39%
2026-07-23 06:17:30,169 3798683 road_revised.py Completed 32800 of 34374, 95.42%
2026-07-23 06:17:30,170 3798683 road_revised.py RSS checkpoint [iter1_lcp_progress_32800_of_34374]: 23.49 GB
2026-07-23 06:17:30,384 3798683 road_revised.py Completed 32810 of 34374, 95.45%
2026-07-23 06:17:30,652 3798683 road_revised.py Completed 32820 of 34374, 95.48%
2026-07-23 06:17:30,893 3798683 road_revised.py Completed 32830 of 34374, 95.51%
2026-07-23 06:17:31,099 3798683 road_revised.py Completed 32840 of 34374, 95.54%
2026-07-23 06:17:31,204 3798683 road_revised.py Completed 32850 of 34374, 95.57%
2026-07-23 06:17:35,581 3798683 road_revised.py Completed 32860 of 34374, 95.60%
2026-07-23 06:17:35,581 3798683 road_revised.py Completed 32870 of 34374, 95.62%
2026-07-23 06:17:35,585 3798683 road_revised.py Completed 32880 of 34374, 95.65%
2026-07-23 06:17:35,591 3798683 road_revised.py Completed 32890 of 34374, 95.68%
2026-07-23 06:17:35,592 3798683 road_revised.py Completed 32900 of 34374, 95.71%
2026-07-23 06:17:35,630 3798683 road_revised.py RSS checkpoint [iter1_lcp_progress_32900_of_34374]: 24.07 GB
2026-07-23 06:17:35,634 3798683 road_revised.py Completed 32910 of 34374, 95.74%
2026-07-23 06:17:35,634 3798683 road_revised.py Completed 32920 of 34374, 95.77%
2026-07-23 06:17:35,652 3798683 road_revised.py Completed 32930 of 34374, 95.80%
2026-07-23 06:17:35,652 3798683 road_revised.py Completed 32940 of 34374, 95.83%
2026-07-23 06:17:35,657 3798683 road_revised.py Completed 32950 of 34374, 95.86%
2026-07-23 06:17:35,672 3798683 road_revised.py Completed 32960 of 34374, 95.89%
2026-07-23 06:17:35,673 3798683 road_revised.py Completed 32970 of 34374, 95.92%
2026-07-23 06:17:35,692 3798683 road_revised.py Completed 32980 of 34374, 95.94%
2026-07-23 06:17:36,226 3798683 road_revised.py Completed 32990 of 34374, 95.97%
2026-07-23 06:17:36,434 3798683 road_revised.py Completed 33000 of 34374, 96.00%
2026-07-23 06:17:36,434 3798683 road_revised.py RSS checkpoint [iter1_lcp_progress_33000_of_34374]: 23.74 GB
2026-07-23 06:17:36,705 3798683 road_revised.py Completed 33010 of 34374, 96.03%
2026-07-23 06:17:36,875 3798683 road_revised.py Completed 33020 of 34374, 96.06%
2026-07-23 06:17:37,191 3798683 road_revised.py Completed 33030 of 34374, 96.09%
2026-07-23 06:17:37,320 3798683 road_revised.py Completed 33040 of 34374, 96.12%
2026-07-23 06:17:37,549 3798683 road_revised.py Completed 33050 of 34374, 96.15%
2026-07-23 06:17:37,697 3798683 road_revised.py Completed 33060 of 34374, 96.18%
2026-07-23 06:17:37,939 3798683 road_revised.py Completed 33070 of 34374, 96.21%
2026-07-23 06:17:38,177 3798683 road_revised.py Completed 33080 of 34374, 96.24%
2026-07-23 06:17:38,343 3798683 road_revised.py Completed 33090 of 34374, 96.26%
2026-07-23 06:17:38,579 3798683 road_revised.py Completed 33100 of 34374, 96.29%
2026-07-23 06:17:38,579 3798683 road_revised.py RSS checkpoint [iter1_lcp_progress_33100_of_34374]: 23.87 GB
2026-07-23 06:17:38,880 3798683 road_revised.py Completed 33110 of 34374, 96.32%
2026-07-23 06:17:39,007 3798683 road_revised.py Completed 33120 of 34374, 96.35%
2026-07-23 06:17:39,235 3798683 road_revised.py Completed 33130 of 34374, 96.38%
2026-07-23 06:17:39,458 3798683 road_revised.py Completed 33140 of 34374, 96.41%
2026-07-23 06:17:39,737 3798683 road_revised.py Completed 33150 of 34374, 96.44%
2026-07-23 06:17:39,934 3798683 road_revised.py Completed 33160 of 34374, 96.47%
2026-07-23 06:17:40,209 3798683 road_revised.py Completed 33170 of 34374, 96.50%
2026-07-23 06:17:40,345 3798683 road_revised.py Completed 33180 of 34374, 96.53%
2026-07-23 06:17:40,593 3798683 road_revised.py Completed 33190 of 34374, 96.56%
2026-07-23 06:17:40,859 3798683 road_revised.py Completed 33200 of 34374, 96.58%
2026-07-23 06:17:40,860 3798683 road_revised.py RSS checkpoint [iter1_lcp_progress_33200_of_34374]: 23.92 GB
2026-07-23 06:17:41,067 3798683 road_revised.py Completed 33210 of 34374, 96.61%
2026-07-23 06:17:44,499 3798683 road_revised.py Completed 33220 of 34374, 96.64%
2026-07-23 06:17:44,499 3798683 road_revised.py Completed 33230 of 34374, 96.67%
2026-07-23 06:17:44,509 3798683 road_revised.py Completed 33240 of 34374, 96.70%
2026-07-23 06:17:44,513 3798683 road_revised.py Completed 33250 of 34374, 96.73%
2026-07-23 06:17:44,514 3798683 road_revised.py Completed 33260 of 34374, 96.76%
2026-07-23 06:17:44,514 3798683 road_revised.py Completed 33270 of 34374, 96.79%
2026-07-23 06:17:44,515 3798683 road_revised.py Completed 33280 of 34374, 96.82%
2026-07-23 06:17:44,537 3798683 road_revised.py Completed 33290 of 34374, 96.85%
2026-07-23 06:17:44,538 3798683 road_revised.py Completed 33300 of 34374, 96.88%
2026-07-23 06:17:44,538 3798683 road_revised.py RSS checkpoint [iter1_lcp_progress_33300_of_34374]: 23.98 GB
2026-07-23 06:17:44,543 3798683 road_revised.py Completed 33310 of 34374, 96.90%
2026-07-23 06:17:44,756 3798683 road_revised.py Completed 33320 of 34374, 96.93%
2026-07-23 06:17:44,898 3798683 road_revised.py Completed 33330 of 34374, 96.96%
2026-07-23 06:17:45,140 3798683 road_revised.py Completed 33340 of 34374, 96.99%
2026-07-23 06:17:45,346 3798683 road_revised.py Completed 33350 of 34374, 97.02%
2026-07-23 06:17:45,672 3798683 road_revised.py Completed 33360 of 34374, 97.05%
2026-07-23 06:17:45,846 3798683 road_revised.py Completed 33370 of 34374, 97.08%
2026-07-23 06:17:46,093 3798683 road_revised.py Completed 33380 of 34374, 97.11%
2026-07-23 06:17:46,385 3798683 road_revised.py Completed 33390 of 34374, 97.14%
2026-07-23 06:17:46,558 3798683 road_revised.py Completed 33400 of 34374, 97.17%
2026-07-23 06:17:46,558 3798683 road_revised.py RSS checkpoint [iter1_lcp_progress_33400_of_34374]: 23.74 GB
2026-07-23 06:17:46,731 3798683 road_revised.py Completed 33410 of 34374, 97.20%
2026-07-23 06:17:46,969 3798683 road_revised.py Completed 33420 of 34374, 97.22%
2026-07-23 06:17:47,194 3798683 road_revised.py Completed 33430 of 34374, 97.25%
2026-07-23 06:17:47,359 3798683 road_revised.py Completed 33440 of 34374, 97.28%
2026-07-23 06:17:47,646 3798683 road_revised.py Completed 33450 of 34374, 97.31%
2026-07-23 06:17:47,811 3798683 road_revised.py Completed 33460 of 34374, 97.34%
2026-07-23 06:17:47,995 3798683 road_revised.py Completed 33470 of 34374, 97.37%
2026-07-23 06:17:48,207 3798683 road_revised.py Completed 33480 of 34374, 97.40%
2026-07-23 06:17:48,432 3798683 road_revised.py Completed 33490 of 34374, 97.43%
2026-07-23 06:17:48,670 3798683 road_revised.py Completed 33500 of 34374, 97.46%
2026-07-23 06:17:48,671 3798683 road_revised.py RSS checkpoint [iter1_lcp_progress_33500_of_34374]: 23.81 GB
2026-07-23 06:17:48,938 3798683 road_revised.py Completed 33510 of 34374, 97.49%
2026-07-23 06:17:49,169 3798683 road_revised.py Completed 33520 of 34374, 97.52%
2026-07-23 06:17:49,361 3798683 road_revised.py Completed 33530 of 34374, 97.54%
2026-07-23 06:17:49,550 3798683 road_revised.py Completed 33540 of 34374, 97.57%
2026-07-23 06:17:49,795 3798683 road_revised.py Completed 33550 of 34374, 97.60%
2026-07-23 06:17:50,034 3798683 road_revised.py Completed 33560 of 34374, 97.63%
2026-07-23 06:17:50,247 3798683 road_revised.py Completed 33570 of 34374, 97.66%
2026-07-23 06:17:50,458 3798683 road_revised.py Completed 33580 of 34374, 97.69%
2026-07-23 06:17:54,758 3798683 road_revised.py Completed 33590 of 34374, 97.72%
2026-07-23 06:17:54,762 3798683 road_revised.py Completed 33600 of 34374, 97.75%
2026-07-23 06:17:54,771 3798683 road_revised.py RSS checkpoint [iter1_lcp_progress_33600_of_34374]: 24.17 GB
2026-07-23 06:17:54,788 3798683 road_revised.py Completed 33610 of 34374, 97.78%
2026-07-23 06:17:54,789 3798683 road_revised.py Completed 33620 of 34374, 97.81%
2026-07-23 06:17:54,790 3798683 road_revised.py Completed 33630 of 34374, 97.84%
2026-07-23 06:17:54,790 3798683 road_revised.py Completed 33640 of 34374, 97.86%
2026-07-23 06:17:54,791 3798683 road_revised.py Completed 33650 of 34374, 97.89%
2026-07-23 06:17:54,791 3798683 road_revised.py Completed 33660 of 34374, 97.92%
2026-07-23 06:17:54,791 3798683 road_revised.py Completed 33670 of 34374, 97.95%
2026-07-23 06:17:54,806 3798683 road_revised.py Completed 33680 of 34374, 97.98%
2026-07-23 06:17:54,808 3798683 road_revised.py Completed 33690 of 34374, 98.01%
2026-07-23 06:17:54,809 3798683 road_revised.py Completed 33700 of 34374, 98.04%
2026-07-23 06:17:54,832 3798683 road_revised.py RSS checkpoint [iter1_lcp_progress_33700_of_34374]: 24.17 GB
2026-07-23 06:17:54,835 3798683 road_revised.py Completed 33710 of 34374, 98.07%
2026-07-23 06:17:54,835 3798683 road_revised.py Completed 33720 of 34374, 98.10%
2026-07-23 06:17:54,855 3798683 road_revised.py Completed 33730 of 34374, 98.13%
2026-07-23 06:17:55,130 3798683 road_revised.py Completed 33740 of 34374, 98.16%
2026-07-23 06:17:55,740 3798683 road_revised.py Completed 33750 of 34374, 98.18%
2026-07-23 06:17:55,977 3798683 road_revised.py Completed 33760 of 34374, 98.21%
2026-07-23 06:17:56,144 3798683 road_revised.py Completed 33770 of 34374, 98.24%
2026-07-23 06:17:56,390 3798683 road_revised.py Completed 33780 of 34374, 98.27%
2026-07-23 06:17:56,597 3798683 road_revised.py Completed 33790 of 34374, 98.30%
2026-07-23 06:17:56,859 3798683 road_revised.py Completed 33800 of 34374, 98.33%
2026-07-23 06:17:56,862 3798683 road_revised.py RSS checkpoint [iter1_lcp_progress_33800_of_34374]: 23.96 GB
2026-07-23 06:17:57,018 3798683 road_revised.py Completed 33810 of 34374, 98.36%
2026-07-23 06:17:57,241 3798683 road_revised.py Completed 33820 of 34374, 98.39%
2026-07-23 06:17:57,349 3798683 road_revised.py Completed 33830 of 34374, 98.42%
2026-07-23 06:17:57,554 3798683 road_revised.py Completed 33840 of 34374, 98.45%
2026-07-23 06:17:57,747 3798683 road_revised.py Completed 33850 of 34374, 98.48%
2026-07-23 06:17:57,985 3798683 road_revised.py Completed 33860 of 34374, 98.50%
2026-07-23 06:17:58,172 3798683 road_revised.py Completed 33870 of 34374, 98.53%
2026-07-23 06:17:58,451 3798683 road_revised.py Completed 33880 of 34374, 98.56%
2026-07-23 06:17:58,649 3798683 road_revised.py Completed 33890 of 34374, 98.59%
2026-07-23 06:17:58,873 3798683 road_revised.py Completed 33900 of 34374, 98.62%
2026-07-23 06:17:58,879 3798683 road_revised.py RSS checkpoint [iter1_lcp_progress_33900_of_34374]: 24.02 GB
2026-07-23 06:17:59,124 3798683 road_revised.py Completed 33910 of 34374, 98.65%
2026-07-23 06:17:59,284 3798683 road_revised.py Completed 33920 of 34374, 98.68%
2026-07-23 06:17:59,547 3798683 road_revised.py Completed 33930 of 34374, 98.71%
2026-07-23 06:17:59,762 3798683 road_revised.py Completed 33940 of 34374, 98.74%
2026-07-23 06:17:59,983 3798683 road_revised.py Completed 33950 of 34374, 98.77%
2026-07-23 06:18:00,155 3798683 road_revised.py Completed 33960 of 34374, 98.80%
2026-07-23 06:18:00,311 3798683 road_revised.py Completed 33970 of 34374, 98.82%
2026-07-23 06:18:00,521 3798683 road_revised.py Completed 33980 of 34374, 98.85%
2026-07-23 06:18:00,711 3798683 road_revised.py Completed 33990 of 34374, 98.88%
2026-07-23 06:18:00,896 3798683 road_revised.py Completed 34000 of 34374, 98.91%
2026-07-23 06:18:00,899 3798683 road_revised.py RSS checkpoint [iter1_lcp_progress_34000_of_34374]: 24.07 GB
2026-07-23 06:18:01,114 3798683 road_revised.py Completed 34010 of 34374, 98.94%
2026-07-23 06:18:01,343 3798683 road_revised.py Completed 34020 of 34374, 98.97%
2026-07-23 06:18:01,519 3798683 road_revised.py Completed 34030 of 34374, 99.00%
2026-07-23 06:18:01,750 3798683 road_revised.py Completed 34040 of 34374, 99.03%
2026-07-23 06:18:04,726 3798683 road_revised.py Completed 34050 of 34374, 99.06%
2026-07-23 06:18:04,729 3798683 road_revised.py Completed 34060 of 34374, 99.09%
2026-07-23 06:18:04,735 3798683 road_revised.py Completed 34070 of 34374, 99.12%
2026-07-23 06:18:04,737 3798683 road_revised.py Completed 34080 of 34374, 99.14%
2026-07-23 06:18:04,737 3798683 road_revised.py Completed 34090 of 34374, 99.17%
2026-07-23 06:18:04,742 3798683 road_revised.py Completed 34100 of 34374, 99.20%
2026-07-23 06:18:04,749 3798683 road_revised.py RSS checkpoint [iter1_lcp_progress_34100_of_34374]: 24.24 GB
2026-07-23 06:18:04,752 3798683 road_revised.py Completed 34110 of 34374, 99.23%
2026-07-23 06:18:04,753 3798683 road_revised.py Completed 34120 of 34374, 99.26%
2026-07-23 06:18:04,770 3798683 road_revised.py Completed 34130 of 34374, 99.29%
2026-07-23 06:18:04,771 3798683 road_revised.py Completed 34140 of 34374, 99.32%
2026-07-23 06:18:04,941 3798683 road_revised.py Completed 34150 of 34374, 99.35%
2026-07-23 06:18:05,151 3798683 road_revised.py Completed 34160 of 34374, 99.38%
2026-07-23 06:18:05,359 3798683 road_revised.py Completed 34170 of 34374, 99.41%
2026-07-23 06:18:05,559 3798683 road_revised.py Completed 34180 of 34374, 99.44%
2026-07-23 06:18:05,847 3798683 road_revised.py Completed 34190 of 34374, 99.46%
2026-07-23 06:18:06,051 3798683 road_revised.py Completed 34200 of 34374, 99.49%
2026-07-23 06:18:06,051 3798683 road_revised.py RSS checkpoint [iter1_lcp_progress_34200_of_34374]: 23.95 GB
2026-07-23 06:18:06,233 3798683 road_revised.py Completed 34210 of 34374, 99.52%
2026-07-23 06:18:06,484 3798683 road_revised.py Completed 34220 of 34374, 99.55%
2026-07-23 06:18:06,621 3798683 road_revised.py Completed 34230 of 34374, 99.58%
2026-07-23 06:18:06,843 3798683 road_revised.py Completed 34240 of 34374, 99.61%
2026-07-23 06:18:07,026 3798683 road_revised.py Completed 34250 of 34374, 99.64%
2026-07-23 06:18:07,252 3798683 road_revised.py Completed 34260 of 34374, 99.67%
2026-07-23 06:18:07,419 3798683 road_revised.py Completed 34270 of 34374, 99.70%
2026-07-23 06:18:07,653 3798683 road_revised.py Completed 34280 of 34374, 99.73%
2026-07-23 06:18:07,855 3798683 road_revised.py Completed 34290 of 34374, 99.76%
2026-07-23 06:18:08,090 3798683 road_revised.py Completed 34300 of 34374, 99.78%
2026-07-23 06:18:08,090 3798683 road_revised.py RSS checkpoint [iter1_lcp_progress_34300_of_34374]: 24.03 GB
2026-07-23 06:18:08,268 3798683 road_revised.py Completed 34310 of 34374, 99.81%
2026-07-23 06:18:08,434 3798683 road_revised.py Completed 34320 of 34374, 99.84%
2026-07-23 06:18:08,644 3798683 road_revised.py Completed 34330 of 34374, 99.87%
2026-07-23 06:18:08,846 3798683 road_revised.py Completed 34340 of 34374, 99.90%
2026-07-23 06:18:09,062 3798683 road_revised.py Completed 34350 of 34374, 99.93%
2026-07-23 06:18:09,277 3798683 road_revised.py Completed 34360 of 34374, 99.96%
2026-07-23 06:18:09,438 3798683 road_revised.py Completed 34370 of 34374, 99.99%
2026-07-23 06:18:09,518 3798683 road_revised.py Completed 34374 of 34374, 100.00%
2026-07-23 06:18:09,519 3798683 road_revised.py RSS checkpoint [iter1_lcp_progress_34374_of_34374]: 24.04 GB
2026-07-23 06:18:09,519 3798683 road_revised.py Pool dispatch (imap_unordered consumption) time: 1172.591 seconds (chunksize=1).
2026-07-23 06:18:09,606 3798683 road_revised.py The least-cost path flow allocation time: 1172.956473350525.
2026-07-23 06:18:09,606 3798683 road_revised.py RSS checkpoint [iter1_lcp_pool_done]: 24.04 GB
2026-07-23 06:18:12,480 3798683 road_revised.py Non_allocated_flow: 78000076.47654162
2026-07-23 06:18:13,051 3798683 road_revised.py Assigning stable od_id values 0 to 9684056 for 9684057 path rows.
2026-07-23 06:21:43,065 3798683 road_revised.py od_id assignment phase: 210.01 seconds
2026-07-23 06:21:43,084 3798683 road_revised.py RSS checkpoint [iter1_before_itter_path]: 35.75 GB
2026-07-23 06:21:43,084 3798683 road_revised.py Create temp_flow_matrix table in duckdb...
2026-07-23 06:21:43,144 3798683 road_revised.py Processing 9684057 OD path rows in chunks of 242102 rows.
2026-07-23 06:21:44,339 3798683 road_revised.py Aggregating path costs and edge totals in chunked DuckDB compact mode...
DuckDB compact pass 1::   0%|          | 0/40 [00:00<?, ?chunk/s]2026-07-23 06:23:41,415 3798683 road_revised.py RSS checkpoint [itter_path_pass1_chunk_1_242102_of_9684057]: 60.86 GB
DuckDB compact pass 1::   2%|▎         | 1/40 [01:17<50:23, 77.54s/chunk]2026-07-23 06:25:05,142 3798683 road_revised.py RSS checkpoint [itter_path_pass1_chunk_242103_484204_of_9684057]: 60.13 GB
DuckDB compact pass 1::   5%|▌         | 2/40 [02:41<51:24, 81.18s/chunk]2026-07-23 06:26:27,110 3798683 road_revised.py RSS checkpoint [itter_path_pass1_chunk_484205_726306_of_9684057]: 60.98 GB
DuckDB compact pass 1::   8%|▊         | 3/40 [04:03<50:16, 81.54s/chunk]2026-07-23 06:27:49,267 3798683 road_revised.py RSS checkpoint [itter_path_pass1_chunk_726307_968408_of_9684057]: 62.62 GB
DuckDB compact pass 1::  10%|█         | 4/40 [05:25<49:04, 81.78s/chunk]2026-07-23 06:29:24,986 3798683 road_revised.py RSS checkpoint [itter_path_pass1_chunk_968409_1210510_of_9684057]: 63.26 GB
DuckDB compact pass 1::  12%|█▎        | 5/40 [07:01<50:38, 86.81s/chunk]2026-07-23 06:30:45,471 3798683 road_revised.py RSS checkpoint [itter_path_pass1_chunk_1210511_1452612_of_9684057]: 62.94 GB
DuckDB compact pass 1::  15%|█▌        | 6/40 [08:21<47:58, 84.66s/chunk]2026-07-23 06:31:59,295 3798683 road_revised.py RSS checkpoint [itter_path_pass1_chunk_1452613_1694714_of_9684057]: 64.02 GB
DuckDB compact pass 1::  18%|█▊        | 7/40 [09:35<44:36, 81.12s/chunk]2026-07-23 06:33:13,001 3798683 road_revised.py RSS checkpoint [itter_path_pass1_chunk_1694715_1936816_of_9684057]: 64.62 GB
DuckDB compact pass 1::  20%|██        | 8/40 [10:49<42:00, 78.76s/chunk]2026-07-23 06:34:27,548 3798683 road_revised.py RSS checkpoint [itter_path_pass1_chunk_1936817_2178918_of_9684057]: 64.67 GB
DuckDB compact pass 1::  22%|██▎       | 9/40 [12:03<40:00, 77.44s/chunk]2026-07-23 06:35:40,179 3798683 road_revised.py RSS checkpoint [itter_path_pass1_chunk_2178919_2421020_of_9684057]: 64.09 GB
DuckDB compact pass 1::  25%|██▌       | 10/40 [13:16<37:58, 75.96s/chunk]2026-07-23 06:36:53,272 3798683 road_revised.py RSS checkpoint [itter_path_pass1_chunk_2421021_2663122_of_9684057]: 65.99 GB
DuckDB compact pass 1::  28%|██▊       | 11/40 [14:29<36:17, 75.08s/chunk]2026-07-23 06:38:05,656 3798683 road_revised.py RSS checkpoint [itter_path_pass1_chunk_2663123_2905224_of_9684057]: 65.65 GB
DuckDB compact pass 1::  30%|███       | 12/40 [15:41<34:39, 74.26s/chunk]2026-07-23 06:39:14,104 3798683 road_revised.py RSS checkpoint [itter_path_pass1_chunk_2905225_3147326_of_9684057]: 66.59 GB
DuckDB compact pass 1::  32%|███▎      | 13/40 [16:50<32:37, 72.50s/chunk]2026-07-23 06:40:25,380 3798683 road_revised.py RSS checkpoint [itter_path_pass1_chunk_3147327_3389428_of_9684057]: 67.76 GB
DuckDB compact pass 1::  35%|███▌      | 14/40 [18:01<31:15, 72.13s/chunk]2026-07-23 06:41:40,060 3798683 road_revised.py RSS checkpoint [itter_path_pass1_chunk_3389429_3631530_of_9684057]: 68.60 GB
DuckDB compact pass 1::  38%|███▊      | 15/40 [19:16<30:22, 72.90s/chunk]2026-07-23 06:42:53,577 3798683 road_revised.py RSS checkpoint [itter_path_pass1_chunk_3631531_3873632_of_9684057]: 69.10 GB
DuckDB compact pass 1::  40%|████      | 16/40 [20:29<29:14, 73.08s/chunk]2026-07-23 06:44:08,863 3798683 road_revised.py RSS checkpoint [itter_path_pass1_chunk_3873633_4115734_of_9684057]: 69.94 GB
DuckDB compact pass 1::  42%|████▎     | 17/40 [21:44<28:16, 73.75s/chunk]2026-07-23 06:45:22,648 3798683 road_revised.py RSS checkpoint [itter_path_pass1_chunk_4115735_4357836_of_9684057]: 69.12 GB
DuckDB compact pass 1::  45%|████▌     | 18/40 [22:58<27:02, 73.76s/chunk]2026-07-23 06:46:51,555 3798683 road_revised.py RSS checkpoint [itter_path_pass1_chunk_4357837_4599938_of_9684057]: 72.86 GB
DuckDB compact pass 1::  48%|████▊     | 19/40 [24:27<27:24, 78.31s/chunk]2026-07-23 06:48:11,906 3798683 road_revised.py RSS checkpoint [itter_path_pass1_chunk_4599939_4842040_of_9684057]: 72.89 GB
DuckDB compact pass 1::  50%|█████     | 20/40 [25:48<26:18, 78.92s/chunk]2026-07-23 06:49:34,482 3798683 road_revised.py RSS checkpoint [itter_path_pass1_chunk_4842041_5084142_of_9684057]: 70.09 GB
DuckDB compact pass 1::  52%|█████▎    | 21/40 [27:10<25:20, 80.02s/chunk]2026-07-23 06:50:48,291 3798683 road_revised.py RSS checkpoint [itter_path_pass1_chunk_5084143_5326244_of_9684057]: 72.61 GB
DuckDB compact pass 1::  55%|█████▌    | 22/40 [28:24<23:26, 78.15s/chunk]2026-07-23 06:52:07,443 3798683 road_revised.py RSS checkpoint [itter_path_pass1_chunk_5326245_5568346_of_9684057]: 73.51 GB
DuckDB compact pass 1::  57%|█████▊    | 23/40 [29:43<22:13, 78.45s/chunk]2026-07-23 06:53:35,830 3798683 road_revised.py RSS checkpoint [itter_path_pass1_chunk_5568347_5810448_of_9684057]: 72.43 GB
DuckDB compact pass 1::  60%|██████    | 24/40 [31:11<21:42, 81.43s/chunk]2026-07-23 06:55:01,555 3798683 road_revised.py RSS checkpoint [itter_path_pass1_chunk_5810449_6052550_of_9684057]: 75.63 GB
DuckDB compact pass 1::  62%|██████▎   | 25/40 [32:37<20:40, 82.72s/chunk]2026-07-23 06:56:20,634 3798683 road_revised.py RSS checkpoint [itter_path_pass1_chunk_6052551_6294652_of_9684057]: 76.54 GB
DuckDB compact pass 1::  65%|██████▌   | 26/40 [33:56<19:02, 81.63s/chunk]2026-07-23 06:57:46,786 3798683 road_revised.py RSS checkpoint [itter_path_pass1_chunk_6294653_6536754_of_9684057]: 76.88 GB
DuckDB compact pass 1::  68%|██████▊   | 27/40 [35:22<17:58, 82.99s/chunk]2026-07-23 06:59:13,117 3798683 road_revised.py RSS checkpoint [itter_path_pass1_chunk_6536755_6778856_of_9684057]: 75.98 GB
DuckDB compact pass 1::  70%|███████   | 28/40 [36:49<16:47, 83.99s/chunk]2026-07-23 07:00:47,349 3798683 road_revised.py RSS checkpoint [itter_path_pass1_chunk_6778857_7020958_of_9684057]: 77.19 GB
DuckDB compact pass 1::  72%|███████▎  | 29/40 [38:23<15:57, 87.06s/chunk]2026-07-23 07:02:32,048 3798683 road_revised.py RSS checkpoint [itter_path_pass1_chunk_7020959_7263060_of_9684057]: 80.70 GB
DuckDB compact pass 1::  75%|███████▌  | 30/40 [40:08<15:23, 92.35s/chunk]2026-07-23 07:04:06,970 3798683 road_revised.py RSS checkpoint [itter_path_pass1_chunk_7263061_7505162_of_9684057]: 81.34 GB
DuckDB compact pass 1::  78%|███████▊  | 31/40 [41:43<13:58, 93.13s/chunk]2026-07-23 07:06:01,788 3798683 road_revised.py RSS checkpoint [itter_path_pass1_chunk_7505163_7747264_of_9684057]: 79.83 GB
DuckDB compact pass 1::  80%|████████  | 32/40 [43:37<13:17, 99.63s/chunk]2026-07-23 07:07:59,415 3798683 road_revised.py RSS checkpoint [itter_path_pass1_chunk_7747265_7989366_of_9684057]: 78.12 GB
DuckDB compact pass 1::  82%|████████▎ | 33/40 [45:35<12:15, 105.03s/chunk]2026-07-23 07:09:52,907 3798683 road_revised.py RSS checkpoint [itter_path_pass1_chunk_7989367_8231468_of_9684057]: 78.82 GB
DuckDB compact pass 1::  85%|████████▌ | 34/40 [47:29<10:45, 107.57s/chunk]2026-07-23 07:11:55,677 3798683 road_revised.py RSS checkpoint [itter_path_pass1_chunk_8231469_8473570_of_9684057]: 81.44 GB
DuckDB compact pass 1::  88%|████████▊ | 35/40 [49:31<09:20, 112.13s/chunk]2026-07-23 07:13:33,652 3798683 road_revised.py RSS checkpoint [itter_path_pass1_chunk_8473571_8715672_of_9684057]: 77.57 GB
DuckDB compact pass 1::  90%|█████████ | 36/40 [51:09<07:11, 107.88s/chunk]2026-07-23 07:15:07,957 3798683 road_revised.py RSS checkpoint [itter_path_pass1_chunk_8715673_8957774_of_9684057]: 77.31 GB
DuckDB compact pass 1::  92%|█████████▎| 37/40 [52:44<05:11, 103.81s/chunk]2026-07-23 07:16:30,937 3798683 road_revised.py RSS checkpoint [itter_path_pass1_chunk_8957775_9199876_of_9684057]: 75.65 GB
DuckDB compact pass 1::  95%|█████████▌| 38/40 [54:07<03:15, 97.56s/chunk] 2026-07-23 07:17:54,878 3798683 road_revised.py RSS checkpoint [itter_path_pass1_chunk_9199877_9441978_of_9684057]: 78.68 GB
DuckDB compact pass 1::  98%|█████████▊| 39/40 [55:30<01:33, 93.47s/chunk]2026-07-23 07:19:31,342 3798683 road_revised.py RSS checkpoint [itter_path_pass1_chunk_9441979_9684057_of_9684057]: 79.42 GB
DuckDB compact pass 1:: 100%|██████████| 40/40 [57:07<00:00, 94.37s/chunk]DuckDB compact pass 1:: 100%|██████████| 40/40 [57:07<00:00, 85.69s/chunk]
2026-07-23 07:19:31,699 3798683 road_revised.py DuckDB compact pass 1 complete.
DuckDB compact pass 2::   0%|          | 0/40 [00:00<?, ?chunk/s]2026-07-23 07:19:47,629 3798683 road_revised.py RSS checkpoint [itter_path_pass2_chunk_1_242102_of_9684057]: 77.59 GB
DuckDB compact pass 2::   2%|▎         | 1/40 [00:15<10:21, 15.92s/chunk]2026-07-23 07:20:02,605 3798683 road_revised.py RSS checkpoint [itter_path_pass2_chunk_242103_484204_of_9684057]: 77.71 GB
DuckDB compact pass 2::   5%|▌         | 2/40 [00:30<09:43, 15.37s/chunk]2026-07-23 07:20:16,894 3798683 road_revised.py RSS checkpoint [itter_path_pass2_chunk_484205_726306_of_9684057]: 77.45 GB
DuckDB compact pass 2::   8%|▊         | 3/40 [00:45<09:10, 14.87s/chunk]2026-07-23 07:20:31,699 3798683 road_revised.py RSS checkpoint [itter_path_pass2_chunk_726307_968408_of_9684057]: 77.51 GB
DuckDB compact pass 2::  10%|█         | 4/40 [00:59<08:54, 14.85s/chunk]2026-07-23 07:20:48,866 3798683 road_revised.py RSS checkpoint [itter_path_pass2_chunk_968409_1210510_of_9684057]: 78.57 GB
DuckDB compact pass 2::  12%|█▎        | 5/40 [01:17<09:08, 15.68s/chunk]2026-07-23 07:21:04,168 3798683 road_revised.py RSS checkpoint [itter_path_pass2_chunk_1210511_1452612_of_9684057]: 77.61 GB
DuckDB compact pass 2::  15%|█▌        | 6/40 [01:32<08:48, 15.55s/chunk]2026-07-23 07:21:18,395 3798683 road_revised.py RSS checkpoint [itter_path_pass2_chunk_1452613_1694714_of_9684057]: 76.94 GB
DuckDB compact pass 2::  18%|█▊        | 7/40 [01:46<08:18, 15.12s/chunk]2026-07-23 07:21:32,578 3798683 road_revised.py RSS checkpoint [itter_path_pass2_chunk_1694715_1936816_of_9684057]: 77.23 GB
DuckDB compact pass 2::  20%|██        | 8/40 [02:00<07:54, 14.82s/chunk]2026-07-23 07:21:46,741 3798683 road_revised.py RSS checkpoint [itter_path_pass2_chunk_1936817_2178918_of_9684057]: 77.05 GB
DuckDB compact pass 2::  22%|██▎       | 9/40 [02:15<07:33, 14.62s/chunk]2026-07-23 07:22:00,160 3798683 road_revised.py RSS checkpoint [itter_path_pass2_chunk_2178919_2421020_of_9684057]: 76.83 GB
DuckDB compact pass 2::  25%|██▌       | 10/40 [02:28<07:07, 14.25s/chunk]2026-07-23 07:22:14,746 3798683 road_revised.py RSS checkpoint [itter_path_pass2_chunk_2421021_2663122_of_9684057]: 77.15 GB
DuckDB compact pass 2::  28%|██▊       | 11/40 [02:43<06:56, 14.35s/chunk]2026-07-23 07:22:28,447 3798683 road_revised.py RSS checkpoint [itter_path_pass2_chunk_2663123_2905224_of_9684057]: 76.69 GB
DuckDB compact pass 2::  30%|███       | 12/40 [02:56<06:36, 14.15s/chunk]2026-07-23 07:22:41,980 3798683 road_revised.py RSS checkpoint [itter_path_pass2_chunk_2905225_3147326_of_9684057]: 76.73 GB
DuckDB compact pass 2::  32%|███▎      | 13/40 [03:10<06:17, 13.96s/chunk]2026-07-23 07:22:56,441 3798683 road_revised.py RSS checkpoint [itter_path_pass2_chunk_3147327_3389428_of_9684057]: 76.90 GB
DuckDB compact pass 2::  35%|███▌      | 14/40 [03:24<06:06, 14.11s/chunk]2026-07-23 07:23:11,838 3798683 road_revised.py RSS checkpoint [itter_path_pass2_chunk_3389429_3631530_of_9684057]: 77.08 GB
DuckDB compact pass 2::  38%|███▊      | 15/40 [03:40<06:02, 14.50s/chunk]2026-07-23 07:23:26,666 3798683 road_revised.py RSS checkpoint [itter_path_pass2_chunk_3631531_3873632_of_9684057]: 76.97 GB
DuckDB compact pass 2::  40%|████      | 16/40 [03:54<05:50, 14.60s/chunk]2026-07-23 07:23:41,775 3798683 road_revised.py RSS checkpoint [itter_path_pass2_chunk_3873633_4115734_of_9684057]: 75.35 GB
DuckDB compact pass 2::  42%|████▎     | 17/40 [04:10<05:39, 14.75s/chunk]2026-07-23 07:23:55,961 3798683 road_revised.py RSS checkpoint [itter_path_pass2_chunk_4115735_4357836_of_9684057]: 77.26 GB
DuckDB compact pass 2::  45%|████▌     | 18/40 [04:24<05:20, 14.58s/chunk]2026-07-23 07:24:11,125 3798683 road_revised.py RSS checkpoint [itter_path_pass2_chunk_4357837_4599938_of_9684057]: 78.21 GB
DuckDB compact pass 2::  48%|████▊     | 19/40 [04:39<05:09, 14.76s/chunk]2026-07-23 07:24:25,816 3798683 road_revised.py RSS checkpoint [itter_path_pass2_chunk_4599939_4842040_of_9684057]: 76.37 GB
DuckDB compact pass 2::  50%|█████     | 20/40 [04:54<04:54, 14.74s/chunk]2026-07-23 07:24:40,832 3798683 road_revised.py RSS checkpoint [itter_path_pass2_chunk_4842041_5084142_of_9684057]: 77.34 GB
DuckDB compact pass 2::  52%|█████▎    | 21/40 [05:09<04:41, 14.82s/chunk]2026-07-23 07:24:54,874 3798683 road_revised.py RSS checkpoint [itter_path_pass2_chunk_5084143_5326244_of_9684057]: 76.99 GB
DuckDB compact pass 2::  55%|█████▌    | 22/40 [05:23<04:22, 14.59s/chunk]2026-07-23 07:25:10,552 3798683 road_revised.py RSS checkpoint [itter_path_pass2_chunk_5326245_5568346_of_9684057]: 76.59 GB
DuckDB compact pass 2::  57%|█████▊    | 23/40 [05:38<04:13, 14.91s/chunk]2026-07-23 07:25:26,260 3798683 road_revised.py RSS checkpoint [itter_path_pass2_chunk_5568347_5810448_of_9684057]: 77.94 GB
DuckDB compact pass 2::  60%|██████    | 24/40 [05:54<04:02, 15.15s/chunk]2026-07-23 07:25:41,491 3798683 road_revised.py RSS checkpoint [itter_path_pass2_chunk_5810449_6052550_of_9684057]: 76.22 GB
DuckDB compact pass 2::  62%|██████▎   | 25/40 [06:09<03:47, 15.18s/chunk]2026-07-23 07:25:57,025 3798683 road_revised.py RSS checkpoint [itter_path_pass2_chunk_6052551_6294652_of_9684057]: 75.35 GB
DuckDB compact pass 2::  65%|██████▌   | 26/40 [06:25<03:33, 15.28s/chunk]2026-07-23 07:26:13,051 3798683 road_revised.py RSS checkpoint [itter_path_pass2_chunk_6294653_6536754_of_9684057]: 77.81 GB
DuckDB compact pass 2::  68%|██████▊   | 27/40 [06:41<03:21, 15.51s/chunk]2026-07-23 07:26:29,286 3798683 road_revised.py RSS checkpoint [itter_path_pass2_chunk_6536755_6778856_of_9684057]: 78.14 GB
DuckDB compact pass 2::  70%|███████   | 28/40 [06:57<03:08, 15.72s/chunk]2026-07-23 07:26:45,931 3798683 road_revised.py RSS checkpoint [itter_path_pass2_chunk_6778857_7020958_of_9684057]: 78.45 GB
DuckDB compact pass 2::  72%|███████▎  | 29/40 [07:14<02:56, 16.00s/chunk]2026-07-23 07:27:02,973 3798683 road_revised.py RSS checkpoint [itter_path_pass2_chunk_7020959_7263060_of_9684057]: 78.83 GB
DuckDB compact pass 2::  75%|███████▌  | 30/40 [07:31<02:43, 16.31s/chunk]2026-07-23 07:27:19,450 3798683 road_revised.py RSS checkpoint [itter_path_pass2_chunk_7263061_7505162_of_9684057]: 76.61 GB
DuckDB compact pass 2::  78%|███████▊  | 31/40 [07:47<02:27, 16.36s/chunk]2026-07-23 07:27:38,042 3798683 road_revised.py RSS checkpoint [itter_path_pass2_chunk_7505163_7747264_of_9684057]: 76.23 GB
DuckDB compact pass 2::  80%|████████  | 32/40 [08:06<02:16, 17.03s/chunk]2026-07-23 07:27:57,324 3798683 road_revised.py RSS checkpoint [itter_path_pass2_chunk_7747265_7989366_of_9684057]: 76.53 GB
DuckDB compact pass 2::  82%|████████▎ | 33/40 [08:25<02:03, 17.71s/chunk]2026-07-23 07:28:16,640 3798683 road_revised.py RSS checkpoint [itter_path_pass2_chunk_7989367_8231468_of_9684057]: 76.04 GB
DuckDB compact pass 2::  85%|████████▌ | 34/40 [08:44<01:49, 18.19s/chunk]2026-07-23 07:28:36,194 3798683 road_revised.py RSS checkpoint [itter_path_pass2_chunk_8231469_8473570_of_9684057]: 77.92 GB
DuckDB compact pass 2::  88%|████████▊ | 35/40 [09:04<01:32, 18.60s/chunk]2026-07-23 07:28:54,033 3798683 road_revised.py RSS checkpoint [itter_path_pass2_chunk_8473571_8715672_of_9684057]: 77.26 GB
DuckDB compact pass 2::  90%|█████████ | 36/40 [09:22<01:13, 18.37s/chunk]2026-07-23 07:29:11,181 3798683 road_revised.py RSS checkpoint [itter_path_pass2_chunk_8715673_8957774_of_9684057]: 78.27 GB
DuckDB compact pass 2::  92%|█████████▎| 37/40 [09:39<00:54, 18.00s/chunk]2026-07-23 07:29:25,752 3798683 road_revised.py RSS checkpoint [itter_path_pass2_chunk_8957775_9199876_of_9684057]: 77.56 GB
DuckDB compact pass 2::  95%|█████████▌| 38/40 [09:54<00:33, 16.97s/chunk]2026-07-23 07:29:41,054 3798683 road_revised.py RSS checkpoint [itter_path_pass2_chunk_9199877_9441978_of_9684057]: 77.75 GB
DuckDB compact pass 2::  98%|█████████▊| 39/40 [10:09<00:16, 16.47s/chunk]2026-07-23 07:29:58,100 3798683 road_revised.py RSS checkpoint [itter_path_pass2_chunk_9441979_9684057_of_9684057]: 77.66 GB
DuckDB compact pass 2:: 100%|██████████| 40/40 [10:26<00:00, 16.64s/chunk]DuckDB compact pass 2:: 100%|██████████| 40/40 [10:26<00:00, 15.66s/chunk]
2026-07-23 07:31:08,329 3798683 road_revised.py Complete creating temp_flow_matrix table in Duckdb!
2026-07-23 07:31:08,550 3798683 road_revised.py RSS checkpoint [iter1_after_itter_path]: 99.09 GB
2026-07-23 07:31:08,612 3798683 road_revised.py Post-realization assigned_iter_sum for iteration 1: 2312630.356931685
2026-07-23 07:31:08,613 3798683 road_revised.py Writing OD path output for iteration 1 with mode=full_odpfc...
2026-07-23 07:36:38,711 3798683 road_revised.py Finished INSERT INTO odpfc for iteration 1.
2026-07-23 07:36:38,726 3798683 road_revised.py Computing cost components for iteration 1...
2026-07-23 07:36:39,062 3798683 road_revised.py Iteration 1 cost components: fuel=579923544.5077764, time=638700502.5169996, toll=0.0, fare=0.0, total_so_far=1218624047.024776
2026-07-23 07:36:39,063 3798683 road_revised.py Computing edge flows with UNNEST(e_id) for iteration 1.
2026-07-23 07:37:39,199 3798683 road_revised.py Loaded 223290 edge-flow rows from UNNEST path.
2026-07-23 07:37:39,199 3798683 road_revised.py Updating road_links with iteration 1 edge flows...
2026-07-23 07:37:39,571 3798683 road_revised.py Updating edge speeds: 
2026-07-23 07:37:39,640 3798683 road_revised.py Finished road_links update for iteration 1.
2026-07-23 07:37:39,640 3798683 road_revised.py Updating remain_od for iteration 1...
2026-07-23 07:37:43,314 3798683 road_revised.py The total remain flow (after adjustment) is: 68604558.86557485.
2026-07-23 07:37:43,314 3798683 road_revised.py Pass A convergence: remain_fraction=0.46068908 assigned_fraction=0.53931092 iteration=1
2026-07-23 07:37:43,321 3798683 road_revised.py Iteration progress: assigned_delta=80312706.83347116, progress_rel=53.93109151%, stagnant_iterations=0/3.
2026-07-23 07:37:43,321 3798683 road_revised.py Cleaning transient path-realization tables for iteration 1...
2026-07-23 07:37:54,583 3798683 road_revised.py Finished cleanup for iteration 1.
2026-07-23 07:37:55,148 3798683 road_revised.py RSS checkpoint [iter1_end]: 15.56 GB
2026-07-23 07:37:55,900 3798683 road_revised.py Stop: Maximum iterations reached (1) with 68604558.86557406 extra isolated flows. 
2026-07-23 07:37:55,900 3798683 road_revised.py Stop: Maximum iterations reached (1)!
2026-07-23 07:37:57,138 3798683 road_revised.py Writing final odpfc output from DuckDB table to /scratch/akothaw/multimodal_hazard_data/results/base_scenario/opt_chunk40_cpu8/odpfc.pq
2026-07-23 07:42:13,087 3798683 road_revised.py Finished final odpfc DuckDB table export.
2026-07-23 07:42:15,580 3798683 road_revised.py The flow simulation is completed!
2026-07-23 07:42:15,580 3798683 road_revised.py total travel cost is ($): 1218624047.024776
2026-07-23 07:42:15,580 3798683 road_revised.py total time-equiv cost is ($): 638700502.5169996
2026-07-23 07:42:15,580 3798683 road_revised.py total operating cost is ($): 579923544.5077764
2026-07-23 07:42:15,580 3798683 road_revised.py total toll cost is ($): 0.0
2026-07-23 07:42:19,494 3798683 1_network_flow_model_revision.py Direct DuckDB output mode wrote edge_flows.gpq and trip_isolations.pq. Baseline path artifact mode: full_odpfc.
2026-07-23 07:42:19,494 3798683 1_network_flow_model_revision.py The total simulation time: 6248.833062410355
