2026-07-23 04:45:29,189 3783596 1_network_flow_model_revision.py Database path is: /scratch/akothaw/multimodal_hazard_data/opt_chunk10_cpu8.duckdb
2026-07-23 04:45:29,203 3783596 1_network_flow_model_revision.py {'freeway': 2400.0, 'arterial': 2200.0, 'collector': 1700.0, 'local_access': 1000.0}
2026-07-23 04:45:37,771 3783596 1_network_flow_model_revision.py Assignment demand (faf5_parquet): freight=1735334.699 passenger=147181931.000 total=148917265.699
2026-07-23 04:45:47,984 3783596 1_network_flow_model_revision.py 
         origin_node  destination_node        Car21
0             100024            100024  2689.965855
1             100024            100123     0.001053
2             100024            100130     0.014766
3             100024            100178     0.000828
4             100024            100481     0.009938
...              ...               ...          ...
9780699        99961             99757     0.001568
9780700        99961             99789     0.003307
9780701        99961             99844     0.011416
9780702        99961             99948     0.005834
9780703        99961             99961  4935.606654

[9780704 rows x 3 columns]
2026-07-23 04:45:47,985 3783596 1_network_flow_model_revision.py OD totals (Car21): rows=9,780,704, total=148,917,265.699, self_pair_flow=77,784,890.780, duplicate_pairs=0
2026-07-23 04:45:47,985 3783596 1_network_flow_model_revision.py Generate road links
2026-07-23 04:45:48,806 3783596 1_network_flow_model_revision.py Create igraph network
2026-07-23 04:45:50,771 3783596 1_network_flow_model_revision.py Direct output controls: direct_duckdb_outputs=True, path_strategy=duckdb_chunked_compact, baseline_path_output_mode=full_odpfc, odpfc_output_mode=duckdb_table, combine_odpfc_parts=default
2026-07-23 04:45:50,771 3783596 1_network_flow_model_revision.py Run simulation
2026-07-23 04:45:50,815 3783596 road_revised.py The initial supply is 148917265.69904837
2026-07-23 04:45:51,102 3783596 road_revised.py The initial number of edges in the network: 483442
2026-07-23 04:45:51,142 3783596 road_revised.py The initial number of origins: 3143
2026-07-23 04:45:51,180 3783596 road_revised.py The initial number of destinations: 3143
2026-07-23 04:45:51,224 3783596 road_revised.py Iteration controls: max_iterations=1, min_progress_rel=1e-06, stagnant_limit=3, remain_assign_mode=full
2026-07-23 04:45:51,224 3783596 road_revised.py OD path output controls: path_strategy=duckdb_chunked_compact, odpfc_output_mode=duckdb_table, combine_odpfc_parts=True, odpfc_parts_dir=None, baseline_path_output_mode=full_odpfc, combine_event_candidate_parts=False, damaged_edges_path=None, create_full_temp_flow_matrix=True
2026-07-23 04:45:52,503 3783596 road_revised.py No.1 iteration starts:
2026-07-23 04:45:52,570 3783596 road_revised.py RSS checkpoint [iter1_start]: 2.85 GB
2026-07-23 04:45:52,745 3783596 road_revised.py Initial isolated flows: 0.0
2026-07-23 04:45:53,316 3783596 road_revised.py Network pickle time for worker init: 0.571 seconds.
Creating argument list:   0%|          | 0/3143 [00:00<?, ?it/s]Creating argument list:  10%|▉         | 302/3143 [00:00<00:01, 2779.81it/s]Creating argument list:  22%|██▏       | 677/3143 [00:00<00:00, 3329.02it/s]Creating argument list:  32%|███▏      | 1021/3143 [00:00<00:00, 3378.27it/s]Creating argument list:  44%|████▍     | 1397/3143 [00:00<00:00, 3524.44it/s]Creating argument list:  56%|█████▌    | 1751/3143 [00:00<00:00, 3382.88it/s]Creating argument list:  68%|██████▊   | 2123/3143 [00:00<00:00, 3493.24it/s]Creating argument list:  79%|███████▊  | 2474/3143 [00:00<00:00, 3428.26it/s]Creating argument list:  90%|█████████ | 2837/3143 [00:00<00:00, 3489.58it/s]Creating argument list: 100%|██████████| 3143/3143 [00:01<00:00, 3087.23it/s]
2026-07-23 04:45:55,335 3783596 road_revised.py Chunked LCP dispatch: 3143 origin-tasks split into 34374 tasks (dest_chunk_size=300).
2026-07-23 04:45:55,696 3783596 road_revised.py RSS checkpoint [iter1_args_built]: 3.84 GB
2026-07-23 04:45:55,699 3783596 road_revised.py Flow DB insert batch size: 50,000
2026-07-23 04:45:56,006 3783596 road_revised.py Pool construction (spawn+initializer) time: 0.307 seconds (num_of_cpu=8).
2026-07-23 04:45:56,390 3783596 road_revised.py Completed 1 of 34374, 0.00%
2026-07-23 04:45:56,391 3783596 road_revised.py RSS checkpoint [iter1_lcp_progress_1_of_34374]: 3.56 GB
2026-07-23 04:45:56,689 3783596 road_revised.py Completed 10 of 34374, 0.03%
2026-07-23 04:45:56,960 3783596 road_revised.py Completed 20 of 34374, 0.06%
2026-07-23 04:45:56,961 3783596 road_revised.py RSS checkpoint [iter1_lcp_progress_20_of_34374]: 3.73 GB
2026-07-23 04:45:57,263 3783596 road_revised.py Completed 30 of 34374, 0.09%
2026-07-23 04:45:57,534 3783596 road_revised.py Completed 40 of 34374, 0.12%
2026-07-23 04:45:57,536 3783596 road_revised.py RSS checkpoint [iter1_lcp_progress_40_of_34374]: 3.87 GB
2026-07-23 04:45:57,792 3783596 road_revised.py Completed 50 of 34374, 0.15%
2026-07-23 04:45:58,054 3783596 road_revised.py Completed 60 of 34374, 0.17%
2026-07-23 04:45:58,055 3783596 road_revised.py RSS checkpoint [iter1_lcp_progress_60_of_34374]: 4.02 GB
2026-07-23 04:45:58,329 3783596 road_revised.py Completed 70 of 34374, 0.20%
2026-07-23 04:45:58,577 3783596 road_revised.py Completed 80 of 34374, 0.23%
2026-07-23 04:45:58,577 3783596 road_revised.py RSS checkpoint [iter1_lcp_progress_80_of_34374]: 4.19 GB
2026-07-23 04:45:58,870 3783596 road_revised.py Completed 90 of 34374, 0.26%
2026-07-23 04:45:59,152 3783596 road_revised.py Completed 100 of 34374, 0.29%
2026-07-23 04:45:59,157 3783596 road_revised.py RSS checkpoint [iter1_lcp_progress_100_of_34374]: 4.35 GB
2026-07-23 04:45:59,441 3783596 road_revised.py Completed 110 of 34374, 0.32%
2026-07-23 04:45:59,707 3783596 road_revised.py Completed 120 of 34374, 0.35%
2026-07-23 04:45:59,707 3783596 road_revised.py RSS checkpoint [iter1_lcp_progress_120_of_34374]: 4.49 GB
2026-07-23 04:46:00,012 3783596 road_revised.py Completed 130 of 34374, 0.38%
2026-07-23 04:46:00,311 3783596 road_revised.py Completed 140 of 34374, 0.41%
2026-07-23 04:46:00,311 3783596 road_revised.py RSS checkpoint [iter1_lcp_progress_140_of_34374]: 4.63 GB
2026-07-23 04:46:00,553 3783596 road_revised.py Completed 150 of 34374, 0.44%
2026-07-23 04:46:00,781 3783596 road_revised.py Completed 160 of 34374, 0.47%
2026-07-23 04:46:00,781 3783596 road_revised.py RSS checkpoint [iter1_lcp_progress_160_of_34374]: 4.78 GB
2026-07-23 04:46:03,118 3783596 road_revised.py Completed 170 of 34374, 0.49%
2026-07-23 04:46:03,169 3783596 road_revised.py Completed 180 of 34374, 0.52%
2026-07-23 04:46:03,172 3783596 road_revised.py RSS checkpoint [iter1_lcp_progress_180_of_34374]: 4.49 GB
2026-07-23 04:46:03,174 3783596 road_revised.py Completed 190 of 34374, 0.55%
2026-07-23 04:46:03,179 3783596 road_revised.py Completed 200 of 34374, 0.58%
2026-07-23 04:46:03,196 3783596 road_revised.py RSS checkpoint [iter1_lcp_progress_200_of_34374]: 4.49 GB
2026-07-23 04:46:03,217 3783596 road_revised.py Completed 210 of 34374, 0.61%
2026-07-23 04:46:03,217 3783596 road_revised.py Completed 220 of 34374, 0.64%
2026-07-23 04:46:03,219 3783596 road_revised.py RSS checkpoint [iter1_lcp_progress_220_of_34374]: 4.49 GB
2026-07-23 04:46:03,424 3783596 road_revised.py Completed 230 of 34374, 0.67%
2026-07-23 04:46:03,782 3783596 road_revised.py Completed 240 of 34374, 0.70%
2026-07-23 04:46:03,783 3783596 road_revised.py RSS checkpoint [iter1_lcp_progress_240_of_34374]: 4.35 GB
2026-07-23 04:46:04,044 3783596 road_revised.py Completed 250 of 34374, 0.73%
2026-07-23 04:46:04,312 3783596 road_revised.py Completed 260 of 34374, 0.76%
2026-07-23 04:46:04,327 3783596 road_revised.py RSS checkpoint [iter1_lcp_progress_260_of_34374]: 4.57 GB
2026-07-23 04:46:04,572 3783596 road_revised.py Completed 270 of 34374, 0.79%
2026-07-23 04:46:04,810 3783596 road_revised.py Completed 280 of 34374, 0.81%
2026-07-23 04:46:04,811 3783596 road_revised.py RSS checkpoint [iter1_lcp_progress_280_of_34374]: 4.74 GB
2026-07-23 04:46:05,051 3783596 road_revised.py Completed 290 of 34374, 0.84%
2026-07-23 04:46:05,332 3783596 road_revised.py Completed 300 of 34374, 0.87%
2026-07-23 04:46:05,332 3783596 road_revised.py RSS checkpoint [iter1_lcp_progress_300_of_34374]: 4.91 GB
2026-07-23 04:46:05,630 3783596 road_revised.py Completed 310 of 34374, 0.90%
2026-07-23 04:46:06,414 3783596 road_revised.py Completed 320 of 34374, 0.93%
2026-07-23 04:46:06,448 3783596 road_revised.py RSS checkpoint [iter1_lcp_progress_320_of_34374]: 5.06 GB
2026-07-23 04:46:06,695 3783596 road_revised.py Completed 330 of 34374, 0.96%
2026-07-23 04:46:10,365 3783596 road_revised.py Completed 340 of 34374, 0.99%
2026-07-23 04:46:10,365 3783596 road_revised.py RSS checkpoint [iter1_lcp_progress_340_of_34374]: 5.37 GB
2026-07-23 04:46:10,375 3783596 road_revised.py Completed 350 of 34374, 1.02%
2026-07-23 04:46:10,436 3783596 road_revised.py Completed 360 of 34374, 1.05%
2026-07-23 04:46:10,437 3783596 road_revised.py RSS checkpoint [iter1_lcp_progress_360_of_34374]: 5.37 GB
2026-07-23 04:46:10,438 3783596 road_revised.py Completed 370 of 34374, 1.08%
2026-07-23 04:46:10,440 3783596 road_revised.py Completed 380 of 34374, 1.11%
2026-07-23 04:46:10,452 3783596 road_revised.py RSS checkpoint [iter1_lcp_progress_380_of_34374]: 5.37 GB
2026-07-23 04:46:10,454 3783596 road_revised.py Completed 390 of 34374, 1.13%
2026-07-23 04:46:10,461 3783596 road_revised.py Completed 400 of 34374, 1.16%
2026-07-23 04:46:10,479 3783596 road_revised.py RSS checkpoint [iter1_lcp_progress_400_of_34374]: 5.37 GB
2026-07-23 04:46:10,491 3783596 road_revised.py Completed 410 of 34374, 1.19%
2026-07-23 04:46:10,492 3783596 road_revised.py Completed 420 of 34374, 1.22%
2026-07-23 04:46:10,492 3783596 road_revised.py RSS checkpoint [iter1_lcp_progress_420_of_34374]: 5.37 GB
2026-07-23 04:46:10,713 3783596 road_revised.py Completed 430 of 34374, 1.25%
2026-07-23 04:46:10,960 3783596 road_revised.py Completed 440 of 34374, 1.28%
2026-07-23 04:46:10,960 3783596 road_revised.py RSS checkpoint [iter1_lcp_progress_440_of_34374]: 5.14 GB
2026-07-23 04:46:11,273 3783596 road_revised.py Completed 450 of 34374, 1.31%
2026-07-23 04:46:11,568 3783596 road_revised.py Completed 460 of 34374, 1.34%
2026-07-23 04:46:11,569 3783596 road_revised.py RSS checkpoint [iter1_lcp_progress_460_of_34374]: 5.28 GB
2026-07-23 04:46:11,855 3783596 road_revised.py Completed 470 of 34374, 1.37%
2026-07-23 04:46:12,127 3783596 road_revised.py Completed 480 of 34374, 1.40%
2026-07-23 04:46:12,128 3783596 road_revised.py RSS checkpoint [iter1_lcp_progress_480_of_34374]: 5.48 GB
2026-07-23 04:46:12,410 3783596 road_revised.py Completed 490 of 34374, 1.43%
2026-07-23 04:46:12,727 3783596 road_revised.py Completed 500 of 34374, 1.45%
2026-07-23 04:46:12,727 3783596 road_revised.py RSS checkpoint [iter1_lcp_progress_500_of_34374]: 5.70 GB
2026-07-23 04:46:15,696 3783596 road_revised.py Completed 510 of 34374, 1.48%
2026-07-23 04:46:15,703 3783596 road_revised.py Completed 520 of 34374, 1.51%
2026-07-23 04:46:15,737 3783596 road_revised.py Completed 530 of 34374, 1.54%
2026-07-23 04:46:15,745 3783596 road_revised.py Completed 540 of 34374, 1.57%
2026-07-23 04:46:15,748 3783596 road_revised.py Completed 550 of 34374, 1.60%
2026-07-23 04:46:15,749 3783596 road_revised.py Completed 560 of 34374, 1.63%
2026-07-23 04:46:15,777 3783596 road_revised.py Completed 570 of 34374, 1.66%
2026-07-23 04:46:16,045 3783596 road_revised.py Completed 580 of 34374, 1.69%
2026-07-23 04:46:16,325 3783596 road_revised.py Completed 590 of 34374, 1.72%
2026-07-23 04:46:16,619 3783596 road_revised.py Completed 600 of 34374, 1.75%
2026-07-23 04:46:16,621 3783596 road_revised.py RSS checkpoint [iter1_lcp_progress_600_of_34374]: 4.87 GB
2026-07-23 04:46:16,850 3783596 road_revised.py Completed 610 of 34374, 1.77%
2026-07-23 04:46:17,105 3783596 road_revised.py Completed 620 of 34374, 1.80%
2026-07-23 04:46:17,394 3783596 road_revised.py Completed 630 of 34374, 1.83%
2026-07-23 04:46:17,671 3783596 road_revised.py Completed 640 of 34374, 1.86%
2026-07-23 04:46:17,910 3783596 road_revised.py Completed 650 of 34374, 1.89%
2026-07-23 04:46:18,721 3783596 road_revised.py Completed 660 of 34374, 1.92%
2026-07-23 04:46:18,942 3783596 road_revised.py Completed 670 of 34374, 1.95%
2026-07-23 04:46:22,168 3783596 road_revised.py Completed 680 of 34374, 1.98%
2026-07-23 04:46:22,171 3783596 road_revised.py Completed 690 of 34374, 2.01%
2026-07-23 04:46:22,172 3783596 road_revised.py Completed 700 of 34374, 2.04%
2026-07-23 04:46:22,179 3783596 road_revised.py RSS checkpoint [iter1_lcp_progress_700_of_34374]: 5.70 GB
2026-07-23 04:46:22,184 3783596 road_revised.py Completed 710 of 34374, 2.07%
2026-07-23 04:46:22,185 3783596 road_revised.py Completed 720 of 34374, 2.09%
2026-07-23 04:46:22,186 3783596 road_revised.py Completed 730 of 34374, 2.12%
2026-07-23 04:46:22,187 3783596 road_revised.py Completed 740 of 34374, 2.15%
2026-07-23 04:46:22,188 3783596 road_revised.py Completed 750 of 34374, 2.18%
2026-07-23 04:46:22,302 3783596 road_revised.py Completed 760 of 34374, 2.21%
2026-07-23 04:46:22,526 3783596 road_revised.py Completed 770 of 34374, 2.24%
2026-07-23 04:46:22,786 3783596 road_revised.py Completed 780 of 34374, 2.27%
2026-07-23 04:46:23,056 3783596 road_revised.py Completed 790 of 34374, 2.30%
2026-07-23 04:46:23,299 3783596 road_revised.py Completed 800 of 34374, 2.33%
2026-07-23 04:46:23,300 3783596 road_revised.py RSS checkpoint [iter1_lcp_progress_800_of_34374]: 5.57 GB
2026-07-23 04:46:23,551 3783596 road_revised.py Completed 810 of 34374, 2.36%
2026-07-23 04:46:23,822 3783596 road_revised.py Completed 820 of 34374, 2.39%
2026-07-23 04:46:24,101 3783596 road_revised.py Completed 830 of 34374, 2.41%
2026-07-23 04:46:27,057 3783596 road_revised.py Completed 840 of 34374, 2.44%
2026-07-23 04:46:27,065 3783596 road_revised.py Completed 850 of 34374, 2.47%
2026-07-23 04:46:27,108 3783596 road_revised.py Completed 860 of 34374, 2.50%
2026-07-23 04:46:27,109 3783596 road_revised.py Completed 870 of 34374, 2.53%
2026-07-23 04:46:27,113 3783596 road_revised.py Completed 880 of 34374, 2.56%
2026-07-23 04:46:27,120 3783596 road_revised.py Completed 890 of 34374, 2.59%
2026-07-23 04:46:27,142 3783596 road_revised.py Completed 900 of 34374, 2.62%
2026-07-23 04:46:27,148 3783596 road_revised.py RSS checkpoint [iter1_lcp_progress_900_of_34374]: 5.76 GB
2026-07-23 04:46:27,452 3783596 road_revised.py Completed 910 of 34374, 2.65%
2026-07-23 04:46:27,760 3783596 road_revised.py Completed 920 of 34374, 2.68%
2026-07-23 04:46:28,017 3783596 road_revised.py Completed 930 of 34374, 2.71%
2026-07-23 04:46:28,321 3783596 road_revised.py Completed 940 of 34374, 2.73%
2026-07-23 04:46:28,612 3783596 road_revised.py Completed 950 of 34374, 2.76%
2026-07-23 04:46:28,913 3783596 road_revised.py Completed 960 of 34374, 2.79%
2026-07-23 04:46:29,169 3783596 road_revised.py Completed 970 of 34374, 2.82%
2026-07-23 04:46:29,429 3783596 road_revised.py Completed 980 of 34374, 2.85%
2026-07-23 04:46:29,733 3783596 road_revised.py Completed 990 of 34374, 2.88%
2026-07-23 04:46:29,985 3783596 road_revised.py Completed 1000 of 34374, 2.91%
2026-07-23 04:46:29,985 3783596 road_revised.py RSS checkpoint [iter1_lcp_progress_1000_of_34374]: 5.84 GB
2026-07-23 04:46:34,321 3783596 road_revised.py Completed 1010 of 34374, 2.94%
2026-07-23 04:46:34,324 3783596 road_revised.py Completed 1020 of 34374, 2.97%
2026-07-23 04:46:34,345 3783596 road_revised.py Completed 1030 of 34374, 3.00%
2026-07-23 04:46:34,349 3783596 road_revised.py Completed 1040 of 34374, 3.03%
2026-07-23 04:46:34,350 3783596 road_revised.py Completed 1050 of 34374, 3.05%
2026-07-23 04:46:34,353 3783596 road_revised.py Completed 1060 of 34374, 3.08%
2026-07-23 04:46:34,354 3783596 road_revised.py Completed 1070 of 34374, 3.11%
2026-07-23 04:46:34,354 3783596 road_revised.py Completed 1080 of 34374, 3.14%
2026-07-23 04:46:34,356 3783596 road_revised.py Completed 1090 of 34374, 3.17%
2026-07-23 04:46:34,381 3783596 road_revised.py Completed 1100 of 34374, 3.20%
2026-07-23 04:46:34,387 3783596 road_revised.py RSS checkpoint [iter1_lcp_progress_1100_of_34374]: 5.98 GB
2026-07-23 04:46:34,642 3783596 road_revised.py Completed 1110 of 34374, 3.23%
2026-07-23 04:46:34,942 3783596 road_revised.py Completed 1120 of 34374, 3.26%
2026-07-23 04:46:35,175 3783596 road_revised.py Completed 1130 of 34374, 3.29%
2026-07-23 04:46:35,485 3783596 road_revised.py Completed 1140 of 34374, 3.32%
2026-07-23 04:46:35,753 3783596 road_revised.py Completed 1150 of 34374, 3.35%
2026-07-23 04:46:35,995 3783596 road_revised.py Completed 1160 of 34374, 3.37%
2026-07-23 04:46:36,261 3783596 road_revised.py Completed 1170 of 34374, 3.40%
2026-07-23 04:46:38,387 3783596 road_revised.py Completed 1180 of 34374, 3.43%
2026-07-23 04:46:38,429 3783596 road_revised.py Completed 1190 of 34374, 3.46%
2026-07-23 04:46:38,430 3783596 road_revised.py Completed 1200 of 34374, 3.49%
2026-07-23 04:46:38,443 3783596 road_revised.py RSS checkpoint [iter1_lcp_progress_1200_of_34374]: 5.54 GB
2026-07-23 04:46:38,446 3783596 road_revised.py Completed 1210 of 34374, 3.52%
2026-07-23 04:46:38,452 3783596 road_revised.py Completed 1220 of 34374, 3.55%
2026-07-23 04:46:38,463 3783596 road_revised.py Completed 1230 of 34374, 3.58%
2026-07-23 04:46:38,711 3783596 road_revised.py Completed 1240 of 34374, 3.61%
2026-07-23 04:46:38,997 3783596 road_revised.py Completed 1250 of 34374, 3.64%
2026-07-23 04:46:39,227 3783596 road_revised.py Completed 1260 of 34374, 3.67%
2026-07-23 04:46:39,490 3783596 road_revised.py Completed 1270 of 34374, 3.69%
2026-07-23 04:46:39,765 3783596 road_revised.py Completed 1280 of 34374, 3.72%
2026-07-23 04:46:40,016 3783596 road_revised.py Completed 1290 of 34374, 3.75%
2026-07-23 04:46:40,275 3783596 road_revised.py Completed 1300 of 34374, 3.78%
2026-07-23 04:46:40,283 3783596 road_revised.py RSS checkpoint [iter1_lcp_progress_1300_of_34374]: 5.55 GB
2026-07-23 04:46:40,539 3783596 road_revised.py Completed 1310 of 34374, 3.81%
2026-07-23 04:46:40,862 3783596 road_revised.py Completed 1320 of 34374, 3.84%
2026-07-23 04:46:41,129 3783596 road_revised.py Completed 1330 of 34374, 3.87%
2026-07-23 04:46:41,456 3783596 road_revised.py Completed 1340 of 34374, 3.90%
2026-07-23 04:46:45,644 3783596 road_revised.py Completed 1350 of 34374, 3.93%
2026-07-23 04:46:45,645 3783596 road_revised.py Completed 1360 of 34374, 3.96%
2026-07-23 04:46:45,646 3783596 road_revised.py Completed 1370 of 34374, 3.99%
2026-07-23 04:46:45,650 3783596 road_revised.py Completed 1380 of 34374, 4.01%
2026-07-23 04:46:45,651 3783596 road_revised.py Completed 1390 of 34374, 4.04%
2026-07-23 04:46:45,652 3783596 road_revised.py Completed 1400 of 34374, 4.07%
2026-07-23 04:46:45,658 3783596 road_revised.py RSS checkpoint [iter1_lcp_progress_1400_of_34374]: 6.25 GB
2026-07-23 04:46:45,662 3783596 road_revised.py Completed 1410 of 34374, 4.10%
2026-07-23 04:46:45,704 3783596 road_revised.py Completed 1420 of 34374, 4.13%
2026-07-23 04:46:45,993 3783596 road_revised.py Completed 1430 of 34374, 4.16%
2026-07-23 04:46:46,293 3783596 road_revised.py Completed 1440 of 34374, 4.19%
2026-07-23 04:46:46,578 3783596 road_revised.py Completed 1450 of 34374, 4.22%
2026-07-23 04:46:46,869 3783596 road_revised.py Completed 1460 of 34374, 4.25%
2026-07-23 04:46:47,124 3783596 road_revised.py Completed 1470 of 34374, 4.28%
2026-07-23 04:46:47,422 3783596 road_revised.py Completed 1480 of 34374, 4.31%
2026-07-23 04:46:47,694 3783596 road_revised.py Completed 1490 of 34374, 4.33%
2026-07-23 04:46:47,982 3783596 road_revised.py Completed 1500 of 34374, 4.36%
2026-07-23 04:46:47,982 3783596 road_revised.py RSS checkpoint [iter1_lcp_progress_1500_of_34374]: 6.08 GB
2026-07-23 04:46:50,677 3783596 road_revised.py Completed 1510 of 34374, 4.39%
2026-07-23 04:46:50,684 3783596 road_revised.py Completed 1520 of 34374, 4.42%
2026-07-23 04:46:50,685 3783596 road_revised.py Completed 1530 of 34374, 4.45%
2026-07-23 04:46:50,692 3783596 road_revised.py Completed 1540 of 34374, 4.48%
2026-07-23 04:46:50,699 3783596 road_revised.py Completed 1550 of 34374, 4.51%
2026-07-23 04:46:50,703 3783596 road_revised.py Completed 1560 of 34374, 4.54%
2026-07-23 04:46:50,779 3783596 road_revised.py Completed 1570 of 34374, 4.57%
2026-07-23 04:46:51,134 3783596 road_revised.py Completed 1580 of 34374, 4.60%
2026-07-23 04:46:51,406 3783596 road_revised.py Completed 1590 of 34374, 4.63%
2026-07-23 04:46:51,666 3783596 road_revised.py Completed 1600 of 34374, 4.65%
2026-07-23 04:46:51,666 3783596 road_revised.py RSS checkpoint [iter1_lcp_progress_1600_of_34374]: 5.65 GB
2026-07-23 04:46:51,967 3783596 road_revised.py Completed 1610 of 34374, 4.68%
2026-07-23 04:46:52,219 3783596 road_revised.py Completed 1620 of 34374, 4.71%
2026-07-23 04:46:52,456 3783596 road_revised.py Completed 1630 of 34374, 4.74%
2026-07-23 04:46:52,737 3783596 road_revised.py Completed 1640 of 34374, 4.77%
2026-07-23 04:46:53,004 3783596 road_revised.py Completed 1650 of 34374, 4.80%
2026-07-23 04:46:53,261 3783596 road_revised.py Completed 1660 of 34374, 4.83%
2026-07-23 04:46:53,577 3783596 road_revised.py Completed 1670 of 34374, 4.86%
2026-07-23 04:46:56,895 3783596 road_revised.py Completed 1680 of 34374, 4.89%
2026-07-23 04:46:56,910 3783596 road_revised.py Completed 1690 of 34374, 4.92%
2026-07-23 04:46:56,950 3783596 road_revised.py Completed 1700 of 34374, 4.95%
2026-07-23 04:46:56,956 3783596 road_revised.py RSS checkpoint [iter1_lcp_progress_1700_of_34374]: 6.26 GB
2026-07-23 04:46:56,959 3783596 road_revised.py Completed 1710 of 34374, 4.97%
2026-07-23 04:46:56,966 3783596 road_revised.py Completed 1720 of 34374, 5.00%
2026-07-23 04:46:57,419 3783596 road_revised.py Completed 1730 of 34374, 5.03%
2026-07-23 04:46:57,420 3783596 road_revised.py Completed 1740 of 34374, 5.06%
2026-07-23 04:46:57,420 3783596 road_revised.py Completed 1750 of 34374, 5.09%
2026-07-23 04:46:57,453 3783596 road_revised.py Completed 1760 of 34374, 5.12%
2026-07-23 04:46:57,742 3783596 road_revised.py Completed 1770 of 34374, 5.15%
2026-07-23 04:46:58,074 3783596 road_revised.py Completed 1780 of 34374, 5.18%
2026-07-23 04:46:58,378 3783596 road_revised.py Completed 1790 of 34374, 5.21%
2026-07-23 04:46:58,642 3783596 road_revised.py Completed 1800 of 34374, 5.24%
2026-07-23 04:46:58,642 3783596 road_revised.py RSS checkpoint [iter1_lcp_progress_1800_of_34374]: 6.34 GB
2026-07-23 04:46:58,957 3783596 road_revised.py Completed 1810 of 34374, 5.27%
2026-07-23 04:46:59,215 3783596 road_revised.py Completed 1820 of 34374, 5.29%
2026-07-23 04:46:59,519 3783596 road_revised.py Completed 1830 of 34374, 5.32%
2026-07-23 04:46:59,772 3783596 road_revised.py Completed 1840 of 34374, 5.35%
2026-07-23 04:47:02,573 3783596 road_revised.py Completed 1850 of 34374, 5.38%
2026-07-23 04:47:02,622 3783596 road_revised.py Completed 1860 of 34374, 5.41%
2026-07-23 04:47:02,629 3783596 road_revised.py Completed 1870 of 34374, 5.44%
2026-07-23 04:47:02,630 3783596 road_revised.py Completed 1880 of 34374, 5.47%
2026-07-23 04:47:02,632 3783596 road_revised.py Completed 1890 of 34374, 5.50%
2026-07-23 04:47:02,633 3783596 road_revised.py Completed 1900 of 34374, 5.53%
2026-07-23 04:47:02,643 3783596 road_revised.py RSS checkpoint [iter1_lcp_progress_1900_of_34374]: 6.27 GB
2026-07-23 04:47:02,648 3783596 road_revised.py Completed 1910 of 34374, 5.56%
2026-07-23 04:47:02,868 3783596 road_revised.py Completed 1920 of 34374, 5.59%
2026-07-23 04:47:03,105 3783596 road_revised.py Completed 1930 of 34374, 5.61%
2026-07-23 04:47:03,400 3783596 road_revised.py Completed 1940 of 34374, 5.64%
2026-07-23 04:47:03,647 3783596 road_revised.py Completed 1950 of 34374, 5.67%
2026-07-23 04:47:03,920 3783596 road_revised.py Completed 1960 of 34374, 5.70%
2026-07-23 04:47:04,204 3783596 road_revised.py Completed 1970 of 34374, 5.73%
2026-07-23 04:47:04,484 3783596 road_revised.py Completed 1980 of 34374, 5.76%
2026-07-23 04:47:04,722 3783596 road_revised.py Completed 1990 of 34374, 5.79%
2026-07-23 04:47:04,959 3783596 road_revised.py Completed 2000 of 34374, 5.82%
2026-07-23 04:47:04,977 3783596 road_revised.py RSS checkpoint [iter1_lcp_progress_2000_of_34374]: 6.08 GB
2026-07-23 04:47:05,254 3783596 road_revised.py Completed 2010 of 34374, 5.85%
2026-07-23 04:47:08,302 3783596 road_revised.py Completed 2020 of 34374, 5.88%
2026-07-23 04:47:08,341 3783596 road_revised.py Completed 2030 of 34374, 5.91%
2026-07-23 04:47:08,342 3783596 road_revised.py Completed 2040 of 34374, 5.93%
2026-07-23 04:47:08,344 3783596 road_revised.py Completed 2050 of 34374, 5.96%
2026-07-23 04:47:08,745 3783596 road_revised.py Completed 2060 of 34374, 5.99%
2026-07-23 04:47:08,746 3783596 road_revised.py Completed 2070 of 34374, 6.02%
2026-07-23 04:47:08,752 3783596 road_revised.py Completed 2080 of 34374, 6.05%
2026-07-23 04:47:08,753 3783596 road_revised.py Completed 2090 of 34374, 6.08%
2026-07-23 04:47:08,973 3783596 road_revised.py Completed 2100 of 34374, 6.11%
2026-07-23 04:47:08,973 3783596 road_revised.py RSS checkpoint [iter1_lcp_progress_2100_of_34374]: 6.06 GB
2026-07-23 04:47:09,215 3783596 road_revised.py Completed 2110 of 34374, 6.14%
2026-07-23 04:47:09,529 3783596 road_revised.py Completed 2120 of 34374, 6.17%
2026-07-23 04:47:09,764 3783596 road_revised.py Completed 2130 of 34374, 6.20%
2026-07-23 04:47:10,044 3783596 road_revised.py Completed 2140 of 34374, 6.23%
2026-07-23 04:47:10,306 3783596 road_revised.py Completed 2150 of 34374, 6.25%
2026-07-23 04:47:10,529 3783596 road_revised.py Completed 2160 of 34374, 6.28%
2026-07-23 04:47:10,823 3783596 road_revised.py Completed 2170 of 34374, 6.31%
2026-07-23 04:47:13,534 3783596 road_revised.py Completed 2180 of 34374, 6.34%
2026-07-23 04:47:13,537 3783596 road_revised.py Completed 2190 of 34374, 6.37%
2026-07-23 04:47:13,573 3783596 road_revised.py Completed 2200 of 34374, 6.40%
2026-07-23 04:47:13,577 3783596 road_revised.py RSS checkpoint [iter1_lcp_progress_2200_of_34374]: 6.66 GB
2026-07-23 04:47:13,579 3783596 road_revised.py Completed 2210 of 34374, 6.43%
2026-07-23 04:47:13,580 3783596 road_revised.py Completed 2220 of 34374, 6.46%
2026-07-23 04:47:13,582 3783596 road_revised.py Completed 2230 of 34374, 6.49%
2026-07-23 04:47:13,665 3783596 road_revised.py Completed 2240 of 34374, 6.52%
2026-07-23 04:47:14,017 3783596 road_revised.py Completed 2250 of 34374, 6.55%
2026-07-23 04:47:14,293 3783596 road_revised.py Completed 2260 of 34374, 6.57%
2026-07-23 04:47:14,587 3783596 road_revised.py Completed 2270 of 34374, 6.60%
2026-07-23 04:47:14,878 3783596 road_revised.py Completed 2280 of 34374, 6.63%
2026-07-23 04:47:15,170 3783596 road_revised.py Completed 2290 of 34374, 6.66%
2026-07-23 04:47:15,448 3783596 road_revised.py Completed 2300 of 34374, 6.69%
2026-07-23 04:47:15,448 3783596 road_revised.py RSS checkpoint [iter1_lcp_progress_2300_of_34374]: 6.54 GB
2026-07-23 04:47:15,725 3783596 road_revised.py Completed 2310 of 34374, 6.72%
2026-07-23 04:47:16,007 3783596 road_revised.py Completed 2320 of 34374, 6.75%
2026-07-23 04:47:16,304 3783596 road_revised.py Completed 2330 of 34374, 6.78%
2026-07-23 04:47:16,555 3783596 road_revised.py Completed 2340 of 34374, 6.81%
2026-07-23 04:47:20,085 3783596 road_revised.py Completed 2350 of 34374, 6.84%
2026-07-23 04:47:20,087 3783596 road_revised.py Completed 2360 of 34374, 6.87%
2026-07-23 04:47:20,088 3783596 road_revised.py Completed 2370 of 34374, 6.89%
2026-07-23 04:47:20,529 3783596 road_revised.py Completed 2380 of 34374, 6.92%
2026-07-23 04:47:20,538 3783596 road_revised.py Completed 2390 of 34374, 6.95%
2026-07-23 04:47:20,539 3783596 road_revised.py Completed 2400 of 34374, 6.98%
2026-07-23 04:47:20,550 3783596 road_revised.py RSS checkpoint [iter1_lcp_progress_2400_of_34374]: 6.41 GB
2026-07-23 04:47:20,558 3783596 road_revised.py Completed 2410 of 34374, 7.01%
2026-07-23 04:47:20,569 3783596 road_revised.py Completed 2420 of 34374, 7.04%
2026-07-23 04:47:20,587 3783596 road_revised.py Completed 2430 of 34374, 7.07%
2026-07-23 04:47:20,807 3783596 road_revised.py Completed 2440 of 34374, 7.10%
2026-07-23 04:47:21,050 3783596 road_revised.py Completed 2450 of 34374, 7.13%
2026-07-23 04:47:21,386 3783596 road_revised.py Completed 2460 of 34374, 7.16%
2026-07-23 04:47:21,612 3783596 road_revised.py Completed 2470 of 34374, 7.19%
2026-07-23 04:47:21,902 3783596 road_revised.py Completed 2480 of 34374, 7.21%
2026-07-23 04:47:22,115 3783596 road_revised.py Completed 2490 of 34374, 7.24%
2026-07-23 04:47:22,402 3783596 road_revised.py Completed 2500 of 34374, 7.27%
2026-07-23 04:47:22,403 3783596 road_revised.py RSS checkpoint [iter1_lcp_progress_2500_of_34374]: 6.60 GB
2026-07-23 04:47:22,607 3783596 road_revised.py Completed 2510 of 34374, 7.30%
2026-07-23 04:47:24,954 3783596 road_revised.py Completed 2520 of 34374, 7.33%
2026-07-23 04:47:24,957 3783596 road_revised.py Completed 2530 of 34374, 7.36%
2026-07-23 04:47:24,958 3783596 road_revised.py Completed 2540 of 34374, 7.39%
2026-07-23 04:47:24,978 3783596 road_revised.py Completed 2550 of 34374, 7.42%
2026-07-23 04:47:24,979 3783596 road_revised.py Completed 2560 of 34374, 7.45%
2026-07-23 04:47:24,979 3783596 road_revised.py Completed 2570 of 34374, 7.48%
2026-07-23 04:47:25,080 3783596 road_revised.py Completed 2580 of 34374, 7.51%
2026-07-23 04:47:25,406 3783596 road_revised.py Completed 2590 of 34374, 7.53%
2026-07-23 04:47:25,653 3783596 road_revised.py Completed 2600 of 34374, 7.56%
2026-07-23 04:47:25,654 3783596 road_revised.py RSS checkpoint [iter1_lcp_progress_2600_of_34374]: 6.37 GB
2026-07-23 04:47:25,895 3783596 road_revised.py Completed 2610 of 34374, 7.59%
2026-07-23 04:47:26,202 3783596 road_revised.py Completed 2620 of 34374, 7.62%
2026-07-23 04:47:26,498 3783596 road_revised.py Completed 2630 of 34374, 7.65%
2026-07-23 04:47:26,784 3783596 road_revised.py Completed 2640 of 34374, 7.68%
2026-07-23 04:47:27,048 3783596 road_revised.py Completed 2650 of 34374, 7.71%
2026-07-23 04:47:27,368 3783596 road_revised.py Completed 2660 of 34374, 7.74%
2026-07-23 04:47:27,659 3783596 road_revised.py Completed 2670 of 34374, 7.77%
2026-07-23 04:47:27,950 3783596 road_revised.py Completed 2680 of 34374, 7.80%
2026-07-23 04:47:31,571 3783596 road_revised.py Completed 2690 of 34374, 7.83%
2026-07-23 04:47:32,048 3783596 road_revised.py Completed 2700 of 34374, 7.85%
2026-07-23 04:47:32,058 3783596 road_revised.py RSS checkpoint [iter1_lcp_progress_2700_of_34374]: 6.97 GB
2026-07-23 04:47:32,061 3783596 road_revised.py Completed 2710 of 34374, 7.88%
2026-07-23 04:47:32,062 3783596 road_revised.py Completed 2720 of 34374, 7.91%
2026-07-23 04:47:32,081 3783596 road_revised.py Completed 2730 of 34374, 7.94%
2026-07-23 04:47:32,091 3783596 road_revised.py Completed 2740 of 34374, 7.97%
2026-07-23 04:47:32,098 3783596 road_revised.py Completed 2750 of 34374, 8.00%
2026-07-23 04:47:32,153 3783596 road_revised.py Completed 2760 of 34374, 8.03%
2026-07-23 04:47:32,154 3783596 road_revised.py Completed 2770 of 34374, 8.06%
2026-07-23 04:47:32,382 3783596 road_revised.py Completed 2780 of 34374, 8.09%
2026-07-23 04:47:32,625 3783596 road_revised.py Completed 2790 of 34374, 8.12%
2026-07-23 04:47:32,878 3783596 road_revised.py Completed 2800 of 34374, 8.15%
2026-07-23 04:47:32,879 3783596 road_revised.py RSS checkpoint [iter1_lcp_progress_2800_of_34374]: 7.06 GB
2026-07-23 04:47:33,147 3783596 road_revised.py Completed 2810 of 34374, 8.17%
2026-07-23 04:47:33,460 3783596 road_revised.py Completed 2820 of 34374, 8.20%
2026-07-23 04:47:33,721 3783596 road_revised.py Completed 2830 of 34374, 8.23%
2026-07-23 04:47:34,027 3783596 road_revised.py Completed 2840 of 34374, 8.26%
2026-07-23 04:47:36,636 3783596 road_revised.py Completed 2850 of 34374, 8.29%
2026-07-23 04:47:36,642 3783596 road_revised.py Completed 2860 of 34374, 8.32%
2026-07-23 04:47:36,678 3783596 road_revised.py Completed 2870 of 34374, 8.35%
2026-07-23 04:47:36,679 3783596 road_revised.py Completed 2880 of 34374, 8.38%
2026-07-23 04:47:36,680 3783596 road_revised.py Completed 2890 of 34374, 8.41%
2026-07-23 04:47:36,681 3783596 road_revised.py Completed 2900 of 34374, 8.44%
2026-07-23 04:47:36,694 3783596 road_revised.py RSS checkpoint [iter1_lcp_progress_2900_of_34374]: 6.68 GB
2026-07-23 04:47:36,696 3783596 road_revised.py Completed 2910 of 34374, 8.47%
2026-07-23 04:47:36,904 3783596 road_revised.py Completed 2920 of 34374, 8.49%
2026-07-23 04:47:37,165 3783596 road_revised.py Completed 2930 of 34374, 8.52%
2026-07-23 04:47:37,423 3783596 road_revised.py Completed 2940 of 34374, 8.55%
2026-07-23 04:47:37,683 3783596 road_revised.py Completed 2950 of 34374, 8.58%
2026-07-23 04:47:37,924 3783596 road_revised.py Completed 2960 of 34374, 8.61%
2026-07-23 04:47:38,180 3783596 road_revised.py Completed 2970 of 34374, 8.64%
2026-07-23 04:47:38,449 3783596 road_revised.py Completed 2980 of 34374, 8.67%
2026-07-23 04:47:38,699 3783596 road_revised.py Completed 2990 of 34374, 8.70%
2026-07-23 04:47:39,016 3783596 road_revised.py Completed 3000 of 34374, 8.73%
2026-07-23 04:47:39,017 3783596 road_revised.py RSS checkpoint [iter1_lcp_progress_3000_of_34374]: 6.55 GB
2026-07-23 04:47:39,283 3783596 road_revised.py Completed 3010 of 34374, 8.76%
2026-07-23 04:47:42,930 3783596 road_revised.py Completed 3020 of 34374, 8.79%
2026-07-23 04:47:42,999 3783596 road_revised.py Completed 3030 of 34374, 8.81%
2026-07-23 04:47:43,494 3783596 road_revised.py Completed 3040 of 34374, 8.84%
2026-07-23 04:47:43,495 3783596 road_revised.py Completed 3050 of 34374, 8.87%
2026-07-23 04:47:43,500 3783596 road_revised.py Completed 3060 of 34374, 8.90%
2026-07-23 04:47:43,500 3783596 road_revised.py Completed 3070 of 34374, 8.93%
2026-07-23 04:47:43,501 3783596 road_revised.py Completed 3080 of 34374, 8.96%
2026-07-23 04:47:43,503 3783596 road_revised.py Completed 3090 of 34374, 8.99%
2026-07-23 04:47:43,531 3783596 road_revised.py Completed 3100 of 34374, 9.02%
2026-07-23 04:47:43,531 3783596 road_revised.py RSS checkpoint [iter1_lcp_progress_3100_of_34374]: 7.50 GB
2026-07-23 04:47:43,797 3783596 road_revised.py Completed 3110 of 34374, 9.05%
2026-07-23 04:47:44,161 3783596 road_revised.py Completed 3120 of 34374, 9.08%
2026-07-23 04:47:44,417 3783596 road_revised.py Completed 3130 of 34374, 9.11%
2026-07-23 04:47:44,724 3783596 road_revised.py Completed 3140 of 34374, 9.13%
2026-07-23 04:47:45,042 3783596 road_revised.py Completed 3150 of 34374, 9.16%
2026-07-23 04:47:45,321 3783596 road_revised.py Completed 3160 of 34374, 9.19%
2026-07-23 04:47:45,545 3783596 road_revised.py Completed 3170 of 34374, 9.22%
2026-07-23 04:47:45,856 3783596 road_revised.py Completed 3180 of 34374, 9.25%
2026-07-23 04:47:49,244 3783596 road_revised.py Completed 3190 of 34374, 9.28%
2026-07-23 04:47:49,253 3783596 road_revised.py Completed 3200 of 34374, 9.31%
2026-07-23 04:47:49,267 3783596 road_revised.py RSS checkpoint [iter1_lcp_progress_3200_of_34374]: 7.17 GB
2026-07-23 04:47:49,269 3783596 road_revised.py Completed 3210 of 34374, 9.34%
2026-07-23 04:47:49,297 3783596 road_revised.py Completed 3220 of 34374, 9.37%
2026-07-23 04:47:49,298 3783596 road_revised.py Completed 3230 of 34374, 9.40%
2026-07-23 04:47:49,299 3783596 road_revised.py Completed 3240 of 34374, 9.43%
2026-07-23 04:47:49,300 3783596 road_revised.py Completed 3250 of 34374, 9.45%
2026-07-23 04:47:49,307 3783596 road_revised.py Completed 3260 of 34374, 9.48%
2026-07-23 04:47:49,516 3783596 road_revised.py Completed 3270 of 34374, 9.51%
2026-07-23 04:47:49,794 3783596 road_revised.py Completed 3280 of 34374, 9.54%
2026-07-23 04:47:50,052 3783596 road_revised.py Completed 3290 of 34374, 9.57%
2026-07-23 04:47:50,295 3783596 road_revised.py Completed 3300 of 34374, 9.60%
2026-07-23 04:47:50,296 3783596 road_revised.py RSS checkpoint [iter1_lcp_progress_3300_of_34374]: 6.83 GB
2026-07-23 04:47:50,546 3783596 road_revised.py Completed 3310 of 34374, 9.63%
2026-07-23 04:47:50,815 3783596 road_revised.py Completed 3320 of 34374, 9.66%
2026-07-23 04:47:51,094 3783596 road_revised.py Completed 3330 of 34374, 9.69%
2026-07-23 04:47:51,404 3783596 road_revised.py Completed 3340 of 34374, 9.72%
2026-07-23 04:47:51,710 3783596 road_revised.py Completed 3350 of 34374, 9.75%
2026-07-23 04:47:55,641 3783596 road_revised.py Completed 3360 of 34374, 9.77%
2026-07-23 04:47:55,643 3783596 road_revised.py Completed 3370 of 34374, 9.80%
2026-07-23 04:47:55,644 3783596 road_revised.py Completed 3380 of 34374, 9.83%
2026-07-23 04:47:55,646 3783596 road_revised.py Completed 3390 of 34374, 9.86%
2026-07-23 04:47:55,647 3783596 road_revised.py Completed 3400 of 34374, 9.89%
2026-07-23 04:47:55,654 3783596 road_revised.py RSS checkpoint [iter1_lcp_progress_3400_of_34374]: 7.46 GB
2026-07-23 04:47:55,655 3783596 road_revised.py Completed 3410 of 34374, 9.92%
2026-07-23 04:47:55,659 3783596 road_revised.py Completed 3420 of 34374, 9.95%
2026-07-23 04:47:55,660 3783596 road_revised.py Completed 3430 of 34374, 9.98%
2026-07-23 04:47:55,696 3783596 road_revised.py Completed 3440 of 34374, 10.01%
2026-07-23 04:47:56,020 3783596 road_revised.py Completed 3450 of 34374, 10.04%
2026-07-23 04:47:56,286 3783596 road_revised.py Completed 3460 of 34374, 10.07%
2026-07-23 04:47:56,587 3783596 road_revised.py Completed 3470 of 34374, 10.09%
2026-07-23 04:47:56,819 3783596 road_revised.py Completed 3480 of 34374, 10.12%
2026-07-23 04:47:57,098 3783596 road_revised.py Completed 3490 of 34374, 10.15%
2026-07-23 04:47:57,320 3783596 road_revised.py Completed 3500 of 34374, 10.18%
2026-07-23 04:47:57,320 3783596 road_revised.py RSS checkpoint [iter1_lcp_progress_3500_of_34374]: 7.37 GB
2026-07-23 04:47:57,620 3783596 road_revised.py Completed 3510 of 34374, 10.21%
2026-07-23 04:48:00,448 3783596 road_revised.py Completed 3520 of 34374, 10.24%
2026-07-23 04:48:00,450 3783596 road_revised.py Completed 3530 of 34374, 10.27%
2026-07-23 04:48:00,499 3783596 road_revised.py Completed 3540 of 34374, 10.30%
2026-07-23 04:48:00,500 3783596 road_revised.py Completed 3550 of 34374, 10.33%
2026-07-23 04:48:00,501 3783596 road_revised.py Completed 3560 of 34374, 10.36%
2026-07-23 04:48:00,502 3783596 road_revised.py Completed 3570 of 34374, 10.39%
2026-07-23 04:48:00,557 3783596 road_revised.py Completed 3580 of 34374, 10.41%
2026-07-23 04:48:00,890 3783596 road_revised.py Completed 3590 of 34374, 10.44%
2026-07-23 04:48:01,178 3783596 road_revised.py Completed 3600 of 34374, 10.47%
2026-07-23 04:48:01,179 3783596 road_revised.py RSS checkpoint [iter1_lcp_progress_3600_of_34374]: 7.39 GB
2026-07-23 04:48:01,540 3783596 road_revised.py Completed 3610 of 34374, 10.50%
2026-07-23 04:48:01,770 3783596 road_revised.py Completed 3620 of 34374, 10.53%
2026-07-23 04:48:02,061 3783596 road_revised.py Completed 3630 of 34374, 10.56%
2026-07-23 04:48:02,366 3783596 road_revised.py Completed 3640 of 34374, 10.59%
2026-07-23 04:48:02,636 3783596 road_revised.py Completed 3650 of 34374, 10.62%
2026-07-23 04:48:02,940 3783596 road_revised.py Completed 3660 of 34374, 10.65%
2026-07-23 04:48:03,205 3783596 road_revised.py Completed 3670 of 34374, 10.68%
2026-07-23 04:48:03,475 3783596 road_revised.py Completed 3680 of 34374, 10.71%
2026-07-23 04:48:07,686 3783596 road_revised.py Completed 3690 of 34374, 10.73%
2026-07-23 04:48:07,738 3783596 road_revised.py Completed 3700 of 34374, 10.76%
2026-07-23 04:48:07,769 3783596 road_revised.py RSS checkpoint [iter1_lcp_progress_3700_of_34374]: 8.16 GB
2026-07-23 04:48:07,773 3783596 road_revised.py Completed 3710 of 34374, 10.79%
2026-07-23 04:48:07,775 3783596 road_revised.py Completed 3720 of 34374, 10.82%
2026-07-23 04:48:08,289 3783596 road_revised.py Completed 3730 of 34374, 10.85%
2026-07-23 04:48:08,303 3783596 road_revised.py Completed 3740 of 34374, 10.88%
2026-07-23 04:48:08,311 3783596 road_revised.py Completed 3750 of 34374, 10.91%
2026-07-23 04:48:08,312 3783596 road_revised.py Completed 3760 of 34374, 10.94%
2026-07-23 04:48:08,313 3783596 road_revised.py Completed 3770 of 34374, 10.97%
2026-07-23 04:48:08,314 3783596 road_revised.py Completed 3780 of 34374, 11.00%
2026-07-23 04:48:08,328 3783596 road_revised.py Completed 3790 of 34374, 11.03%
2026-07-23 04:48:08,582 3783596 road_revised.py Completed 3800 of 34374, 11.05%
2026-07-23 04:48:08,582 3783596 road_revised.py RSS checkpoint [iter1_lcp_progress_3800_of_34374]: 7.83 GB
2026-07-23 04:48:08,862 3783596 road_revised.py Completed 3810 of 34374, 11.08%
2026-07-23 04:48:09,189 3783596 road_revised.py Completed 3820 of 34374, 11.11%
2026-07-23 04:48:09,439 3783596 road_revised.py Completed 3830 of 34374, 11.14%
2026-07-23 04:48:09,723 3783596 road_revised.py Completed 3840 of 34374, 11.17%
2026-07-23 04:48:09,991 3783596 road_revised.py Completed 3850 of 34374, 11.20%
2026-07-23 04:48:12,552 3783596 road_revised.py Completed 3860 of 34374, 11.23%
2026-07-23 04:48:12,559 3783596 road_revised.py Completed 3870 of 34374, 11.26%
2026-07-23 04:48:12,560 3783596 road_revised.py Completed 3880 of 34374, 11.29%
2026-07-23 04:48:12,584 3783596 road_revised.py Completed 3890 of 34374, 11.32%
2026-07-23 04:48:12,585 3783596 road_revised.py Completed 3900 of 34374, 11.35%
2026-07-23 04:48:12,587 3783596 road_revised.py RSS checkpoint [iter1_lcp_progress_3900_of_34374]: 7.51 GB
2026-07-23 04:48:12,589 3783596 road_revised.py Completed 3910 of 34374, 11.37%
2026-07-23 04:48:12,590 3783596 road_revised.py Completed 3920 of 34374, 11.40%
2026-07-23 04:48:12,842 3783596 road_revised.py Completed 3930 of 34374, 11.43%
2026-07-23 04:48:13,123 3783596 road_revised.py Completed 3940 of 34374, 11.46%
2026-07-23 04:48:13,379 3783596 road_revised.py Completed 3950 of 34374, 11.49%
2026-07-23 04:48:13,646 3783596 road_revised.py Completed 3960 of 34374, 11.52%
2026-07-23 04:48:13,891 3783596 road_revised.py Completed 3970 of 34374, 11.55%
2026-07-23 04:48:14,160 3783596 road_revised.py Completed 3980 of 34374, 11.58%
2026-07-23 04:48:14,435 3783596 road_revised.py Completed 3990 of 34374, 11.61%
2026-07-23 04:48:14,712 3783596 road_revised.py Completed 4000 of 34374, 11.64%
2026-07-23 04:48:14,713 3783596 road_revised.py RSS checkpoint [iter1_lcp_progress_4000_of_34374]: 7.40 GB
2026-07-23 04:48:14,935 3783596 road_revised.py Completed 4010 of 34374, 11.67%
2026-07-23 04:48:15,173 3783596 road_revised.py Completed 4020 of 34374, 11.69%
2026-07-23 04:48:18,720 3783596 road_revised.py Completed 4030 of 34374, 11.72%
2026-07-23 04:48:18,730 3783596 road_revised.py Completed 4040 of 34374, 11.75%
2026-07-23 04:48:18,779 3783596 road_revised.py Completed 4050 of 34374, 11.78%
2026-07-23 04:48:18,780 3783596 road_revised.py Completed 4060 of 34374, 11.81%
2026-07-23 04:48:18,794 3783596 road_revised.py Completed 4070 of 34374, 11.84%
2026-07-23 04:48:19,279 3783596 road_revised.py Completed 4080 of 34374, 11.87%
2026-07-23 04:48:19,279 3783596 road_revised.py Completed 4090 of 34374, 11.90%
2026-07-23 04:48:19,284 3783596 road_revised.py Completed 4100 of 34374, 11.93%
2026-07-23 04:48:19,294 3783596 road_revised.py RSS checkpoint [iter1_lcp_progress_4100_of_34374]: 8.23 GB
2026-07-23 04:48:19,348 3783596 road_revised.py Completed 4110 of 34374, 11.96%
2026-07-23 04:48:19,641 3783596 road_revised.py Completed 4120 of 34374, 11.99%
2026-07-23 04:48:19,998 3783596 road_revised.py Completed 4130 of 34374, 12.01%
2026-07-23 04:48:20,246 3783596 road_revised.py Completed 4140 of 34374, 12.04%
2026-07-23 04:48:20,539 3783596 road_revised.py Completed 4150 of 34374, 12.07%
2026-07-23 04:48:20,802 3783596 road_revised.py Completed 4160 of 34374, 12.10%
2026-07-23 04:48:21,092 3783596 road_revised.py Completed 4170 of 34374, 12.13%
2026-07-23 04:48:21,380 3783596 road_revised.py Completed 4180 of 34374, 12.16%
2026-07-23 04:48:24,563 3783596 road_revised.py Completed 4190 of 34374, 12.19%
2026-07-23 04:48:24,569 3783596 road_revised.py Completed 4200 of 34374, 12.22%
2026-07-23 04:48:24,577 3783596 road_revised.py RSS checkpoint [iter1_lcp_progress_4200_of_34374]: 7.72 GB
2026-07-23 04:48:24,605 3783596 road_revised.py Completed 4210 of 34374, 12.25%
2026-07-23 04:48:24,610 3783596 road_revised.py Completed 4220 of 34374, 12.28%
2026-07-23 04:48:24,610 3783596 road_revised.py Completed 4230 of 34374, 12.31%
2026-07-23 04:48:24,613 3783596 road_revised.py Completed 4240 of 34374, 12.33%
2026-07-23 04:48:24,613 3783596 road_revised.py Completed 4250 of 34374, 12.36%
2026-07-23 04:48:24,764 3783596 road_revised.py Completed 4260 of 34374, 12.39%
2026-07-23 04:48:25,029 3783596 road_revised.py Completed 4270 of 34374, 12.42%
2026-07-23 04:48:25,326 3783596 road_revised.py Completed 4280 of 34374, 12.45%
2026-07-23 04:48:25,594 3783596 road_revised.py Completed 4290 of 34374, 12.48%
2026-07-23 04:48:25,873 3783596 road_revised.py Completed 4300 of 34374, 12.51%
2026-07-23 04:48:25,873 3783596 road_revised.py RSS checkpoint [iter1_lcp_progress_4300_of_34374]: 7.44 GB
2026-07-23 04:48:26,138 3783596 road_revised.py Completed 4310 of 34374, 12.54%
2026-07-23 04:48:26,406 3783596 road_revised.py Completed 4320 of 34374, 12.57%
2026-07-23 04:48:26,740 3783596 road_revised.py Completed 4330 of 34374, 12.60%
2026-07-23 04:48:26,997 3783596 road_revised.py Completed 4340 of 34374, 12.63%
2026-07-23 04:48:27,248 3783596 road_revised.py Completed 4350 of 34374, 12.65%
2026-07-23 04:48:30,808 3783596 road_revised.py Completed 4360 of 34374, 12.68%
2026-07-23 04:48:30,812 3783596 road_revised.py Completed 4370 of 34374, 12.71%
2026-07-23 04:48:30,858 3783596 road_revised.py Completed 4380 of 34374, 12.74%
2026-07-23 04:48:30,858 3783596 road_revised.py Completed 4390 of 34374, 12.77%
2026-07-23 04:48:30,867 3783596 road_revised.py Completed 4400 of 34374, 12.80%
2026-07-23 04:48:31,330 3783596 road_revised.py RSS checkpoint [iter1_lcp_progress_4400_of_34374]: 8.18 GB
2026-07-23 04:48:31,332 3783596 road_revised.py Completed 4410 of 34374, 12.83%
2026-07-23 04:48:31,333 3783596 road_revised.py Completed 4420 of 34374, 12.86%
2026-07-23 04:48:31,343 3783596 road_revised.py Completed 4430 of 34374, 12.89%
2026-07-23 04:48:31,346 3783596 road_revised.py Completed 4440 of 34374, 12.92%
2026-07-23 04:48:31,604 3783596 road_revised.py Completed 4450 of 34374, 12.95%
2026-07-23 04:48:31,983 3783596 road_revised.py Completed 4460 of 34374, 12.97%
2026-07-23 04:48:32,228 3783596 road_revised.py Completed 4470 of 34374, 13.00%
2026-07-23 04:48:32,548 3783596 road_revised.py Completed 4480 of 34374, 13.03%
2026-07-23 04:48:32,815 3783596 road_revised.py Completed 4490 of 34374, 13.06%
2026-07-23 04:48:33,131 3783596 road_revised.py Completed 4500 of 34374, 13.09%
2026-07-23 04:48:33,135 3783596 road_revised.py RSS checkpoint [iter1_lcp_progress_4500_of_34374]: 8.41 GB
2026-07-23 04:48:33,381 3783596 road_revised.py Completed 4510 of 34374, 13.12%
2026-07-23 04:48:33,706 3783596 road_revised.py Completed 4520 of 34374, 13.15%
2026-07-23 04:48:36,806 3783596 road_revised.py Completed 4530 of 34374, 13.18%
2026-07-23 04:48:36,855 3783596 road_revised.py Completed 4540 of 34374, 13.21%
2026-07-23 04:48:36,855 3783596 road_revised.py Completed 4550 of 34374, 13.24%
2026-07-23 04:48:36,866 3783596 road_revised.py Completed 4560 of 34374, 13.27%
2026-07-23 04:48:36,872 3783596 road_revised.py Completed 4570 of 34374, 13.29%
2026-07-23 04:48:36,873 3783596 road_revised.py Completed 4580 of 34374, 13.32%
2026-07-23 04:48:36,890 3783596 road_revised.py Completed 4590 of 34374, 13.35%
2026-07-23 04:48:37,154 3783596 road_revised.py Completed 4600 of 34374, 13.38%
2026-07-23 04:48:37,154 3783596 road_revised.py RSS checkpoint [iter1_lcp_progress_4600_of_34374]: 7.90 GB
2026-07-23 04:48:37,479 3783596 road_revised.py Completed 4610 of 34374, 13.41%
2026-07-23 04:48:37,783 3783596 road_revised.py Completed 4620 of 34374, 13.44%
2026-07-23 04:48:38,069 3783596 road_revised.py Completed 4630 of 34374, 13.47%
2026-07-23 04:48:38,330 3783596 road_revised.py Completed 4640 of 34374, 13.50%
2026-07-23 04:48:38,608 3783596 road_revised.py Completed 4650 of 34374, 13.53%
2026-07-23 04:48:38,901 3783596 road_revised.py Completed 4660 of 34374, 13.56%
2026-07-23 04:48:39,169 3783596 road_revised.py Completed 4670 of 34374, 13.59%
2026-07-23 04:48:39,445 3783596 road_revised.py Completed 4680 of 34374, 13.61%
2026-07-23 04:48:39,762 3783596 road_revised.py Completed 4690 of 34374, 13.64%
2026-07-23 04:48:43,444 3783596 road_revised.py Completed 4700 of 34374, 13.67%
2026-07-23 04:48:43,453 3783596 road_revised.py RSS checkpoint [iter1_lcp_progress_4700_of_34374]: 8.55 GB
2026-07-23 04:48:43,454 3783596 road_revised.py Completed 4710 of 34374, 13.70%
2026-07-23 04:48:43,945 3783596 road_revised.py Completed 4720 of 34374, 13.73%
2026-07-23 04:48:43,947 3783596 road_revised.py Completed 4730 of 34374, 13.76%
2026-07-23 04:48:43,951 3783596 road_revised.py Completed 4740 of 34374, 13.79%
2026-07-23 04:48:43,955 3783596 road_revised.py Completed 4750 of 34374, 13.82%
2026-07-23 04:48:43,956 3783596 road_revised.py Completed 4760 of 34374, 13.85%
2026-07-23 04:48:43,966 3783596 road_revised.py Completed 4770 of 34374, 13.88%
2026-07-23 04:48:43,967 3783596 road_revised.py Completed 4780 of 34374, 13.91%
2026-07-23 04:48:44,092 3783596 road_revised.py Completed 4790 of 34374, 13.93%
2026-07-23 04:48:44,362 3783596 road_revised.py Completed 4800 of 34374, 13.96%
2026-07-23 04:48:44,362 3783596 road_revised.py RSS checkpoint [iter1_lcp_progress_4800_of_34374]: 8.33 GB
2026-07-23 04:48:44,633 3783596 road_revised.py Completed 4810 of 34374, 13.99%
2026-07-23 04:48:44,954 3783596 road_revised.py Completed 4820 of 34374, 14.02%
2026-07-23 04:48:45,197 3783596 road_revised.py Completed 4830 of 34374, 14.05%
2026-07-23 04:48:45,456 3783596 road_revised.py Completed 4840 of 34374, 14.08%
2026-07-23 04:48:45,730 3783596 road_revised.py Completed 4850 of 34374, 14.11%
2026-07-23 04:48:48,270 3783596 road_revised.py Completed 4860 of 34374, 14.14%
2026-07-23 04:48:48,324 3783596 road_revised.py Completed 4870 of 34374, 14.17%
2026-07-23 04:48:48,325 3783596 road_revised.py Completed 4880 of 34374, 14.20%
2026-07-23 04:48:48,326 3783596 road_revised.py Completed 4890 of 34374, 14.23%
2026-07-23 04:48:48,327 3783596 road_revised.py Completed 4900 of 34374, 14.25%
2026-07-23 04:48:48,329 3783596 road_revised.py RSS checkpoint [iter1_lcp_progress_4900_of_34374]: 8.25 GB
2026-07-23 04:48:48,331 3783596 road_revised.py Completed 4910 of 34374, 14.28%
2026-07-23 04:48:48,334 3783596 road_revised.py Completed 4920 of 34374, 14.31%
2026-07-23 04:48:48,563 3783596 road_revised.py Completed 4930 of 34374, 14.34%
2026-07-23 04:48:48,791 3783596 road_revised.py Completed 4940 of 34374, 14.37%
2026-07-23 04:48:49,110 3783596 road_revised.py Completed 4950 of 34374, 14.40%
2026-07-23 04:48:49,352 3783596 road_revised.py Completed 4960 of 34374, 14.43%
2026-07-23 04:48:49,673 3783596 road_revised.py Completed 4970 of 34374, 14.46%
2026-07-23 04:48:49,913 3783596 road_revised.py Completed 4980 of 34374, 14.49%
2026-07-23 04:48:50,190 3783596 road_revised.py Completed 4990 of 34374, 14.52%
2026-07-23 04:48:50,482 3783596 road_revised.py Completed 5000 of 34374, 14.55%
2026-07-23 04:48:50,483 3783596 road_revised.py RSS checkpoint [iter1_lcp_progress_5000_of_34374]: 8.16 GB
2026-07-23 04:48:50,751 3783596 road_revised.py Completed 5010 of 34374, 14.57%
2026-07-23 04:48:51,110 3783596 road_revised.py Completed 5020 of 34374, 14.60%
2026-07-23 04:48:54,881 3783596 road_revised.py Completed 5030 of 34374, 14.63%
2026-07-23 04:48:54,882 3783596 road_revised.py Completed 5040 of 34374, 14.66%
2026-07-23 04:48:55,390 3783596 road_revised.py Completed 5050 of 34374, 14.69%
2026-07-23 04:48:55,391 3783596 road_revised.py Completed 5060 of 34374, 14.72%
2026-07-23 04:48:55,400 3783596 road_revised.py Completed 5070 of 34374, 14.75%
2026-07-23 04:48:55,401 3783596 road_revised.py Completed 5080 of 34374, 14.78%
2026-07-23 04:48:55,402 3783596 road_revised.py Completed 5090 of 34374, 14.81%
2026-07-23 04:48:55,405 3783596 road_revised.py Completed 5100 of 34374, 14.84%
2026-07-23 04:48:55,409 3783596 road_revised.py RSS checkpoint [iter1_lcp_progress_5100_of_34374]: 8.59 GB
2026-07-23 04:48:55,411 3783596 road_revised.py Completed 5110 of 34374, 14.87%
2026-07-23 04:48:55,417 3783596 road_revised.py Completed 5120 of 34374, 14.89%
2026-07-23 04:48:55,654 3783596 road_revised.py Completed 5130 of 34374, 14.92%
2026-07-23 04:48:55,901 3783596 road_revised.py Completed 5140 of 34374, 14.95%
2026-07-23 04:48:56,245 3783596 road_revised.py Completed 5150 of 34374, 14.98%
2026-07-23 04:48:56,455 3783596 road_revised.py Completed 5160 of 34374, 15.01%
2026-07-23 04:48:56,734 3783596 road_revised.py Completed 5170 of 34374, 15.04%
2026-07-23 04:48:57,027 3783596 road_revised.py Completed 5180 of 34374, 15.07%
2026-07-23 04:48:57,261 3783596 road_revised.py Completed 5190 of 34374, 15.10%
2026-07-23 04:48:59,794 3783596 road_revised.py Completed 5200 of 34374, 15.13%
2026-07-23 04:48:59,801 3783596 road_revised.py RSS checkpoint [iter1_lcp_progress_5200_of_34374]: 8.41 GB
2026-07-23 04:48:59,808 3783596 road_revised.py Completed 5210 of 34374, 15.16%
2026-07-23 04:48:59,809 3783596 road_revised.py Completed 5220 of 34374, 15.19%
2026-07-23 04:48:59,840 3783596 road_revised.py Completed 5230 of 34374, 15.21%
2026-07-23 04:48:59,841 3783596 road_revised.py Completed 5240 of 34374, 15.24%
2026-07-23 04:48:59,842 3783596 road_revised.py Completed 5250 of 34374, 15.27%
2026-07-23 04:48:59,946 3783596 road_revised.py Completed 5260 of 34374, 15.30%
2026-07-23 04:49:00,217 3783596 road_revised.py Completed 5270 of 34374, 15.33%
2026-07-23 04:49:00,505 3783596 road_revised.py Completed 5280 of 34374, 15.36%
2026-07-23 04:49:00,740 3783596 road_revised.py Completed 5290 of 34374, 15.39%
2026-07-23 04:49:00,991 3783596 road_revised.py Completed 5300 of 34374, 15.42%
2026-07-23 04:49:00,991 3783596 road_revised.py RSS checkpoint [iter1_lcp_progress_5300_of_34374]: 8.22 GB
2026-07-23 04:49:01,254 3783596 road_revised.py Completed 5310 of 34374, 15.45%
2026-07-23 04:49:01,521 3783596 road_revised.py Completed 5320 of 34374, 15.48%
2026-07-23 04:49:01,781 3783596 road_revised.py Completed 5330 of 34374, 15.51%
2026-07-23 04:49:02,027 3783596 road_revised.py Completed 5340 of 34374, 15.53%
2026-07-23 04:49:02,310 3783596 road_revised.py Completed 5350 of 34374, 15.56%
2026-07-23 04:49:02,535 3783596 road_revised.py Completed 5360 of 34374, 15.59%
2026-07-23 04:49:05,667 3783596 road_revised.py Completed 5370 of 34374, 15.62%
2026-07-23 04:49:05,701 3783596 road_revised.py Completed 5380 of 34374, 15.65%
2026-07-23 04:49:06,131 3783596 road_revised.py Completed 5390 of 34374, 15.68%
2026-07-23 04:49:06,132 3783596 road_revised.py Completed 5400 of 34374, 15.71%
2026-07-23 04:49:06,133 3783596 road_revised.py RSS checkpoint [iter1_lcp_progress_5400_of_34374]: 8.36 GB
2026-07-23 04:49:06,134 3783596 road_revised.py Completed 5410 of 34374, 15.74%
2026-07-23 04:49:06,140 3783596 road_revised.py Completed 5420 of 34374, 15.77%
2026-07-23 04:49:06,141 3783596 road_revised.py Completed 5430 of 34374, 15.80%
2026-07-23 04:49:06,143 3783596 road_revised.py Completed 5440 of 34374, 15.83%
2026-07-23 04:49:06,366 3783596 road_revised.py Completed 5450 of 34374, 15.86%
2026-07-23 04:49:06,590 3783596 road_revised.py Completed 5460 of 34374, 15.88%
2026-07-23 04:49:06,876 3783596 road_revised.py Completed 5470 of 34374, 15.91%
2026-07-23 04:49:07,160 3783596 road_revised.py Completed 5480 of 34374, 15.94%
2026-07-23 04:49:07,447 3783596 road_revised.py Completed 5490 of 34374, 15.97%
2026-07-23 04:49:07,746 3783596 road_revised.py Completed 5500 of 34374, 16.00%
2026-07-23 04:49:07,746 3783596 road_revised.py RSS checkpoint [iter1_lcp_progress_5500_of_34374]: 8.56 GB
2026-07-23 04:49:08,076 3783596 road_revised.py Completed 5510 of 34374, 16.03%
2026-07-23 04:49:08,338 3783596 road_revised.py Completed 5520 of 34374, 16.06%
2026-07-23 04:49:11,340 3783596 road_revised.py Completed 5530 of 34374, 16.09%
2026-07-23 04:49:11,345 3783596 road_revised.py Completed 5540 of 34374, 16.12%
2026-07-23 04:49:11,385 3783596 road_revised.py Completed 5550 of 34374, 16.15%
2026-07-23 04:49:11,386 3783596 road_revised.py Completed 5560 of 34374, 16.18%
2026-07-23 04:49:11,387 3783596 road_revised.py Completed 5570 of 34374, 16.20%
2026-07-23 04:49:11,388 3783596 road_revised.py Completed 5580 of 34374, 16.23%
2026-07-23 04:49:11,389 3783596 road_revised.py Completed 5590 of 34374, 16.26%
2026-07-23 04:49:11,425 3783596 road_revised.py Completed 5600 of 34374, 16.29%
2026-07-23 04:49:11,429 3783596 road_revised.py RSS checkpoint [iter1_lcp_progress_5600_of_34374]: 8.70 GB
2026-07-23 04:49:11,694 3783596 road_revised.py Completed 5610 of 34374, 16.32%
2026-07-23 04:49:11,989 3783596 road_revised.py Completed 5620 of 34374, 16.35%
2026-07-23 04:49:12,252 3783596 road_revised.py Completed 5630 of 34374, 16.38%
2026-07-23 04:49:12,538 3783596 road_revised.py Completed 5640 of 34374, 16.41%
2026-07-23 04:49:12,860 3783596 road_revised.py Completed 5650 of 34374, 16.44%
2026-07-23 04:49:13,132 3783596 road_revised.py Completed 5660 of 34374, 16.47%
2026-07-23 04:49:13,409 3783596 road_revised.py Completed 5670 of 34374, 16.50%
2026-07-23 04:49:13,651 3783596 road_revised.py Completed 5680 of 34374, 16.52%
2026-07-23 04:49:13,914 3783596 road_revised.py Completed 5690 of 34374, 16.55%
2026-07-23 04:49:17,720 3783596 road_revised.py Completed 5700 of 34374, 16.58%
2026-07-23 04:49:17,726 3783596 road_revised.py RSS checkpoint [iter1_lcp_progress_5700_of_34374]: 8.82 GB
2026-07-23 04:49:17,727 3783596 road_revised.py Completed 5710 of 34374, 16.61%
2026-07-23 04:49:17,736 3783596 road_revised.py Completed 5720 of 34374, 16.64%
2026-07-23 04:49:17,737 3783596 road_revised.py Completed 5730 of 34374, 16.67%
2026-07-23 04:49:17,738 3783596 road_revised.py Completed 5740 of 34374, 16.70%
2026-07-23 04:49:17,751 3783596 road_revised.py Completed 5750 of 34374, 16.73%
2026-07-23 04:49:17,752 3783596 road_revised.py Completed 5760 of 34374, 16.76%
2026-07-23 04:49:17,756 3783596 road_revised.py Completed 5770 of 34374, 16.79%
2026-07-23 04:49:17,767 3783596 road_revised.py Completed 5780 of 34374, 16.82%
2026-07-23 04:49:17,995 3783596 road_revised.py Completed 5790 of 34374, 16.84%
2026-07-23 04:49:18,245 3783596 road_revised.py Completed 5800 of 34374, 16.87%
2026-07-23 04:49:18,245 3783596 road_revised.py RSS checkpoint [iter1_lcp_progress_5800_of_34374]: 8.56 GB
2026-07-23 04:49:18,500 3783596 road_revised.py Completed 5810 of 34374, 16.90%
2026-07-23 04:49:18,785 3783596 road_revised.py Completed 5820 of 34374, 16.93%
2026-07-23 04:49:19,108 3783596 road_revised.py Completed 5830 of 34374, 16.96%
2026-07-23 04:49:19,352 3783596 road_revised.py Completed 5840 of 34374, 16.99%
2026-07-23 04:49:19,632 3783596 road_revised.py Completed 5850 of 34374, 17.02%
2026-07-23 04:49:19,895 3783596 road_revised.py Completed 5860 of 34374, 17.05%
2026-07-23 04:49:20,186 3783596 road_revised.py Completed 5870 of 34374, 17.08%
2026-07-23 04:49:22,695 3783596 road_revised.py Completed 5880 of 34374, 17.11%
2026-07-23 04:49:22,698 3783596 road_revised.py Completed 5890 of 34374, 17.14%
2026-07-23 04:49:22,718 3783596 road_revised.py Completed 5900 of 34374, 17.16%
2026-07-23 04:49:22,719 3783596 road_revised.py RSS checkpoint [iter1_lcp_progress_5900_of_34374]: 8.84 GB
2026-07-23 04:49:22,722 3783596 road_revised.py Completed 5910 of 34374, 17.19%
2026-07-23 04:49:22,723 3783596 road_revised.py Completed 5920 of 34374, 17.22%
2026-07-23 04:49:22,726 3783596 road_revised.py Completed 5930 of 34374, 17.25%
2026-07-23 04:49:22,727 3783596 road_revised.py Completed 5940 of 34374, 17.28%
2026-07-23 04:49:22,972 3783596 road_revised.py Completed 5950 of 34374, 17.31%
2026-07-23 04:49:23,205 3783596 road_revised.py Completed 5960 of 34374, 17.34%
2026-07-23 04:49:23,469 3783596 road_revised.py Completed 5970 of 34374, 17.37%
2026-07-23 04:49:23,738 3783596 road_revised.py Completed 5980 of 34374, 17.40%
2026-07-23 04:49:24,042 3783596 road_revised.py Completed 5990 of 34374, 17.43%
2026-07-23 04:49:24,286 3783596 road_revised.py Completed 6000 of 34374, 17.46%
2026-07-23 04:49:24,286 3783596 road_revised.py RSS checkpoint [iter1_lcp_progress_6000_of_34374]: 8.73 GB
2026-07-23 04:49:24,517 3783596 road_revised.py Completed 6010 of 34374, 17.48%
2026-07-23 04:49:24,834 3783596 road_revised.py Completed 6020 of 34374, 17.51%
2026-07-23 04:49:25,088 3783596 road_revised.py Completed 6030 of 34374, 17.54%
2026-07-23 04:49:25,393 3783596 road_revised.py Completed 6040 of 34374, 17.57%
2026-07-23 04:49:29,163 3783596 road_revised.py Completed 6050 of 34374, 17.60%
2026-07-23 04:49:29,208 3783596 road_revised.py Completed 6060 of 34374, 17.63%
2026-07-23 04:49:29,214 3783596 road_revised.py Completed 6070 of 34374, 17.66%
2026-07-23 04:49:29,215 3783596 road_revised.py Completed 6080 of 34374, 17.69%
2026-07-23 04:49:29,698 3783596 road_revised.py Completed 6090 of 34374, 17.72%
2026-07-23 04:49:29,701 3783596 road_revised.py Completed 6100 of 34374, 17.75%
2026-07-23 04:49:29,702 3783596 road_revised.py RSS checkpoint [iter1_lcp_progress_6100_of_34374]: 9.53 GB
2026-07-23 04:49:29,702 3783596 road_revised.py Completed 6110 of 34374, 17.78%
2026-07-23 04:49:29,704 3783596 road_revised.py Completed 6120 of 34374, 17.80%
2026-07-23 04:49:29,730 3783596 road_revised.py Completed 6130 of 34374, 17.83%
2026-07-23 04:49:29,986 3783596 road_revised.py Completed 6140 of 34374, 17.86%
2026-07-23 04:49:30,318 3783596 road_revised.py Completed 6150 of 34374, 17.89%
2026-07-23 04:49:30,610 3783596 road_revised.py Completed 6160 of 34374, 17.92%
2026-07-23 04:49:30,880 3783596 road_revised.py Completed 6170 of 34374, 17.95%
2026-07-23 04:49:31,129 3783596 road_revised.py Completed 6180 of 34374, 17.98%
2026-07-23 04:49:31,457 3783596 road_revised.py Completed 6190 of 34374, 18.01%
2026-07-23 04:49:31,692 3783596 road_revised.py Completed 6200 of 34374, 18.04%
2026-07-23 04:49:31,699 3783596 road_revised.py RSS checkpoint [iter1_lcp_progress_6200_of_34374]: 9.73 GB
2026-07-23 04:49:34,696 3783596 road_revised.py Completed 6210 of 34374, 18.07%
2026-07-23 04:49:34,705 3783596 road_revised.py Completed 6220 of 34374, 18.10%
2026-07-23 04:49:34,741 3783596 road_revised.py Completed 6230 of 34374, 18.12%
2026-07-23 04:49:34,746 3783596 road_revised.py Completed 6240 of 34374, 18.15%
2026-07-23 04:49:34,747 3783596 road_revised.py Completed 6250 of 34374, 18.18%
2026-07-23 04:49:34,749 3783596 road_revised.py Completed 6260 of 34374, 18.21%
2026-07-23 04:49:34,750 3783596 road_revised.py Completed 6270 of 34374, 18.24%
2026-07-23 04:49:34,827 3783596 road_revised.py Completed 6280 of 34374, 18.27%
2026-07-23 04:49:35,123 3783596 road_revised.py Completed 6290 of 34374, 18.30%
2026-07-23 04:49:35,400 3783596 road_revised.py Completed 6300 of 34374, 18.33%
2026-07-23 04:49:35,400 3783596 road_revised.py RSS checkpoint [iter1_lcp_progress_6300_of_34374]: 8.72 GB
2026-07-23 04:49:35,693 3783596 road_revised.py Completed 6310 of 34374, 18.36%
2026-07-23 04:49:35,971 3783596 road_revised.py Completed 6320 of 34374, 18.39%
2026-07-23 04:49:36,219 3783596 road_revised.py Completed 6330 of 34374, 18.42%
2026-07-23 04:49:36,500 3783596 road_revised.py Completed 6340 of 34374, 18.44%
2026-07-23 04:49:36,782 3783596 road_revised.py Completed 6350 of 34374, 18.47%
2026-07-23 04:49:37,008 3783596 road_revised.py Completed 6360 of 34374, 18.50%
2026-07-23 04:49:37,271 3783596 road_revised.py Completed 6370 of 34374, 18.53%
2026-07-23 04:49:40,686 3783596 road_revised.py Completed 6380 of 34374, 18.56%
2026-07-23 04:49:40,688 3783596 road_revised.py Completed 6390 of 34374, 18.59%
2026-07-23 04:49:40,689 3783596 road_revised.py Completed 6400 of 34374, 18.62%
2026-07-23 04:49:40,693 3783596 road_revised.py RSS checkpoint [iter1_lcp_progress_6400_of_34374]: 9.25 GB
2026-07-23 04:49:40,694 3783596 road_revised.py Completed 6410 of 34374, 18.65%
2026-07-23 04:49:41,141 3783596 road_revised.py Completed 6420 of 34374, 18.68%
2026-07-23 04:49:41,142 3783596 road_revised.py Completed 6430 of 34374, 18.71%
2026-07-23 04:49:41,162 3783596 road_revised.py Completed 6440 of 34374, 18.74%
2026-07-23 04:49:41,163 3783596 road_revised.py Completed 6450 of 34374, 18.76%
2026-07-23 04:49:41,165 3783596 road_revised.py Completed 6460 of 34374, 18.79%
2026-07-23 04:49:41,363 3783596 road_revised.py Completed 6470 of 34374, 18.82%
2026-07-23 04:49:41,623 3783596 road_revised.py Completed 6480 of 34374, 18.85%
2026-07-23 04:49:41,876 3783596 road_revised.py Completed 6490 of 34374, 18.88%
2026-07-23 04:49:42,105 3783596 road_revised.py Completed 6500 of 34374, 18.91%
2026-07-23 04:49:42,106 3783596 road_revised.py RSS checkpoint [iter1_lcp_progress_6500_of_34374]: 9.18 GB
2026-07-23 04:49:42,409 3783596 road_revised.py Completed 6510 of 34374, 18.94%
2026-07-23 04:49:42,630 3783596 road_revised.py Completed 6520 of 34374, 18.97%
2026-07-23 04:49:42,935 3783596 road_revised.py Completed 6530 of 34374, 19.00%
2026-07-23 04:49:43,199 3783596 road_revised.py Completed 6540 of 34374, 19.03%
2026-07-23 04:49:46,030 3783596 road_revised.py Completed 6550 of 34374, 19.06%
2026-07-23 04:49:46,038 3783596 road_revised.py Completed 6560 of 34374, 19.08%
2026-07-23 04:49:46,039 3783596 road_revised.py Completed 6570 of 34374, 19.11%
2026-07-23 04:49:46,039 3783596 road_revised.py Completed 6580 of 34374, 19.14%
2026-07-23 04:49:46,060 3783596 road_revised.py Completed 6590 of 34374, 19.17%
2026-07-23 04:49:46,061 3783596 road_revised.py Completed 6600 of 34374, 19.20%
2026-07-23 04:49:46,061 3783596 road_revised.py RSS checkpoint [iter1_lcp_progress_6600_of_34374]: 9.30 GB
2026-07-23 04:49:46,066 3783596 road_revised.py Completed 6610 of 34374, 19.23%
2026-07-23 04:49:46,315 3783596 road_revised.py Completed 6620 of 34374, 19.26%
2026-07-23 04:49:46,557 3783596 road_revised.py Completed 6630 of 34374, 19.29%
2026-07-23 04:49:46,859 3783596 road_revised.py Completed 6640 of 34374, 19.32%
2026-07-23 04:49:47,152 3783596 road_revised.py Completed 6650 of 34374, 19.35%
2026-07-23 04:49:47,395 3783596 road_revised.py Completed 6660 of 34374, 19.38%
2026-07-23 04:49:47,709 3783596 road_revised.py Completed 6670 of 34374, 19.40%
2026-07-23 04:49:47,973 3783596 road_revised.py Completed 6680 of 34374, 19.43%
2026-07-23 04:49:48,228 3783596 road_revised.py Completed 6690 of 34374, 19.46%
2026-07-23 04:49:48,482 3783596 road_revised.py Completed 6700 of 34374, 19.49%
2026-07-23 04:49:48,482 3783596 road_revised.py RSS checkpoint [iter1_lcp_progress_6700_of_34374]: 9.14 GB
2026-07-23 04:49:48,813 3783596 road_revised.py Completed 6710 of 34374, 19.52%
2026-07-23 04:49:52,274 3783596 road_revised.py Completed 6720 of 34374, 19.55%
2026-07-23 04:49:52,280 3783596 road_revised.py Completed 6730 of 34374, 19.58%
2026-07-23 04:49:52,737 3783596 road_revised.py Completed 6740 of 34374, 19.61%
2026-07-23 04:49:52,738 3783596 road_revised.py Completed 6750 of 34374, 19.64%
2026-07-23 04:49:52,741 3783596 road_revised.py Completed 6760 of 34374, 19.67%
2026-07-23 04:49:52,742 3783596 road_revised.py Completed 6770 of 34374, 19.70%
2026-07-23 04:49:52,742 3783596 road_revised.py Completed 6780 of 34374, 19.72%
2026-07-23 04:49:52,744 3783596 road_revised.py Completed 6790 of 34374, 19.75%
2026-07-23 04:49:52,745 3783596 road_revised.py Completed 6800 of 34374, 19.78%
2026-07-23 04:49:52,746 3783596 road_revised.py RSS checkpoint [iter1_lcp_progress_6800_of_34374]: 9.21 GB
2026-07-23 04:49:52,769 3783596 road_revised.py Completed 6810 of 34374, 19.81%
2026-07-23 04:49:53,028 3783596 road_revised.py Completed 6820 of 34374, 19.84%
2026-07-23 04:49:53,290 3783596 road_revised.py Completed 6830 of 34374, 19.87%
2026-07-23 04:49:53,579 3783596 road_revised.py Completed 6840 of 34374, 19.90%
2026-07-23 04:49:53,814 3783596 road_revised.py Completed 6850 of 34374, 19.93%
2026-07-23 04:49:54,089 3783596 road_revised.py Completed 6860 of 34374, 19.96%
2026-07-23 04:49:54,371 3783596 road_revised.py Completed 6870 of 34374, 19.99%
2026-07-23 04:49:56,899 3783596 road_revised.py Completed 6880 of 34374, 20.02%
2026-07-23 04:49:56,902 3783596 road_revised.py Completed 6890 of 34374, 20.04%
2026-07-23 04:49:56,902 3783596 road_revised.py Completed 6900 of 34374, 20.07%
2026-07-23 04:49:56,908 3783596 road_revised.py RSS checkpoint [iter1_lcp_progress_6900_of_34374]: 9.44 GB
2026-07-23 04:49:56,912 3783596 road_revised.py Completed 6910 of 34374, 20.10%
2026-07-23 04:49:56,917 3783596 road_revised.py Completed 6920 of 34374, 20.13%
2026-07-23 04:49:56,918 3783596 road_revised.py Completed 6930 of 34374, 20.16%
2026-07-23 04:49:56,947 3783596 road_revised.py Completed 6940 of 34374, 20.19%
2026-07-23 04:49:57,178 3783596 road_revised.py Completed 6950 of 34374, 20.22%
2026-07-23 04:49:57,446 3783596 road_revised.py Completed 6960 of 34374, 20.25%
2026-07-23 04:49:57,710 3783596 road_revised.py Completed 6970 of 34374, 20.28%
2026-07-23 04:49:57,989 3783596 road_revised.py Completed 6980 of 34374, 20.31%
2026-07-23 04:49:58,283 3783596 road_revised.py Completed 6990 of 34374, 20.34%
2026-07-23 04:49:58,616 3783596 road_revised.py Completed 7000 of 34374, 20.36%
2026-07-23 04:49:58,616 3783596 road_revised.py RSS checkpoint [iter1_lcp_progress_7000_of_34374]: 9.35 GB
2026-07-23 04:49:58,894 3783596 road_revised.py Completed 7010 of 34374, 20.39%
2026-07-23 04:49:59,207 3783596 road_revised.py Completed 7020 of 34374, 20.42%
2026-07-23 04:49:59,508 3783596 road_revised.py Completed 7030 of 34374, 20.45%
2026-07-23 04:49:59,872 3783596 road_revised.py Completed 7040 of 34374, 20.48%
2026-07-23 04:50:04,234 3783596 road_revised.py Completed 7050 of 34374, 20.51%
2026-07-23 04:50:04,284 3783596 road_revised.py Completed 7060 of 34374, 20.54%
2026-07-23 04:50:04,732 3783596 road_revised.py Completed 7070 of 34374, 20.57%
2026-07-23 04:50:04,733 3783596 road_revised.py Completed 7080 of 34374, 20.60%
2026-07-23 04:50:04,735 3783596 road_revised.py Completed 7090 of 34374, 20.63%
2026-07-23 04:50:04,737 3783596 road_revised.py Completed 7100 of 34374, 20.66%
2026-07-23 04:50:04,752 3783596 road_revised.py RSS checkpoint [iter1_lcp_progress_7100_of_34374]: 9.99 GB
2026-07-23 04:50:04,756 3783596 road_revised.py Completed 7110 of 34374, 20.68%
2026-07-23 04:50:04,768 3783596 road_revised.py Completed 7120 of 34374, 20.71%
2026-07-23 04:50:04,769 3783596 road_revised.py Completed 7130 of 34374, 20.74%
2026-07-23 04:50:04,783 3783596 road_revised.py Completed 7140 of 34374, 20.77%
2026-07-23 04:50:04,977 3783596 road_revised.py Completed 7150 of 34374, 20.80%
2026-07-23 04:50:05,244 3783596 road_revised.py Completed 7160 of 34374, 20.83%
2026-07-23 04:50:05,563 3783596 road_revised.py Completed 7170 of 34374, 20.86%
2026-07-23 04:50:05,811 3783596 road_revised.py Completed 7180 of 34374, 20.89%
2026-07-23 04:50:06,069 3783596 road_revised.py Completed 7190 of 34374, 20.92%
2026-07-23 04:50:06,323 3783596 road_revised.py Completed 7200 of 34374, 20.95%
2026-07-23 04:50:06,323 3783596 road_revised.py RSS checkpoint [iter1_lcp_progress_7200_of_34374]: 10.16 GB
2026-07-23 04:50:06,642 3783596 road_revised.py Completed 7210 of 34374, 20.98%
2026-07-23 04:50:09,362 3783596 road_revised.py Completed 7220 of 34374, 21.00%
2026-07-23 04:50:09,366 3783596 road_revised.py Completed 7230 of 34374, 21.03%
2026-07-23 04:50:09,394 3783596 road_revised.py Completed 7240 of 34374, 21.06%
2026-07-23 04:50:09,396 3783596 road_revised.py Completed 7250 of 34374, 21.09%
2026-07-23 04:50:09,397 3783596 road_revised.py Completed 7260 of 34374, 21.12%
2026-07-23 04:50:09,399 3783596 road_revised.py Completed 7270 of 34374, 21.15%
2026-07-23 04:50:09,403 3783596 road_revised.py Completed 7280 of 34374, 21.18%
2026-07-23 04:50:09,634 3783596 road_revised.py Completed 7290 of 34374, 21.21%
2026-07-23 04:50:09,875 3783596 road_revised.py Completed 7300 of 34374, 21.24%
2026-07-23 04:50:09,875 3783596 road_revised.py RSS checkpoint [iter1_lcp_progress_7300_of_34374]: 9.42 GB
2026-07-23 04:50:10,127 3783596 road_revised.py Completed 7310 of 34374, 21.27%
2026-07-23 04:50:10,374 3783596 road_revised.py Completed 7320 of 34374, 21.30%
2026-07-23 04:50:10,636 3783596 road_revised.py Completed 7330 of 34374, 21.32%
2026-07-23 04:50:10,940 3783596 road_revised.py Completed 7340 of 34374, 21.35%
2026-07-23 04:50:11,175 3783596 road_revised.py Completed 7350 of 34374, 21.38%
2026-07-23 04:50:11,441 3783596 road_revised.py Completed 7360 of 34374, 21.41%
2026-07-23 04:50:11,697 3783596 road_revised.py Completed 7370 of 34374, 21.44%
2026-07-23 04:50:11,939 3783596 road_revised.py Completed 7380 of 34374, 21.47%
2026-07-23 04:50:15,264 3783596 road_revised.py Completed 7390 of 34374, 21.50%
2026-07-23 04:50:15,303 3783596 road_revised.py Completed 7400 of 34374, 21.53%
2026-07-23 04:50:15,304 3783596 road_revised.py RSS checkpoint [iter1_lcp_progress_7400_of_34374]: 9.86 GB
2026-07-23 04:50:15,769 3783596 road_revised.py Completed 7410 of 34374, 21.56%
2026-07-23 04:50:15,770 3783596 road_revised.py Completed 7420 of 34374, 21.59%
2026-07-23 04:50:15,775 3783596 road_revised.py Completed 7430 of 34374, 21.62%
2026-07-23 04:50:15,775 3783596 road_revised.py Completed 7440 of 34374, 21.64%
2026-07-23 04:50:15,776 3783596 road_revised.py Completed 7450 of 34374, 21.67%
2026-07-23 04:50:15,778 3783596 road_revised.py Completed 7460 of 34374, 21.70%
2026-07-23 04:50:15,896 3783596 road_revised.py Completed 7470 of 34374, 21.73%
2026-07-23 04:50:16,230 3783596 road_revised.py Completed 7480 of 34374, 21.76%
2026-07-23 04:50:16,533 3783596 road_revised.py Completed 7490 of 34374, 21.79%
2026-07-23 04:50:16,830 3783596 road_revised.py Completed 7500 of 34374, 21.82%
2026-07-23 04:50:16,833 3783596 road_revised.py RSS checkpoint [iter1_lcp_progress_7500_of_34374]: 9.90 GB
2026-07-23 04:50:17,165 3783596 road_revised.py Completed 7510 of 34374, 21.85%
2026-07-23 04:50:17,384 3783596 road_revised.py Completed 7520 of 34374, 21.88%
2026-07-23 04:50:17,504 3783596 road_revised.py Completed 7530 of 34374, 21.91%
2026-07-23 04:50:17,734 3783596 road_revised.py Completed 7540 of 34374, 21.94%
2026-07-23 04:50:18,005 3783596 road_revised.py Completed 7550 of 34374, 21.96%
2026-07-23 04:50:18,265 3783596 road_revised.py Completed 7560 of 34374, 21.99%
2026-07-23 04:50:21,317 3783596 road_revised.py Completed 7570 of 34374, 22.02%
2026-07-23 04:50:21,318 3783596 road_revised.py Completed 7580 of 34374, 22.05%
2026-07-23 04:50:21,346 3783596 road_revised.py Completed 7590 of 34374, 22.08%
2026-07-23 04:50:21,347 3783596 road_revised.py Completed 7600 of 34374, 22.11%
2026-07-23 04:50:21,350 3783596 road_revised.py RSS checkpoint [iter1_lcp_progress_7600_of_34374]: 10.08 GB
2026-07-23 04:50:21,352 3783596 road_revised.py Completed 7610 of 34374, 22.14%
2026-07-23 04:50:21,358 3783596 road_revised.py Completed 7620 of 34374, 22.17%
2026-07-23 04:50:21,359 3783596 road_revised.py Completed 7630 of 34374, 22.20%
2026-07-23 04:50:21,532 3783596 road_revised.py Completed 7640 of 34374, 22.23%
2026-07-23 04:50:21,800 3783596 road_revised.py Completed 7650 of 34374, 22.26%
2026-07-23 04:50:22,076 3783596 road_revised.py Completed 7660 of 34374, 22.28%
2026-07-23 04:50:22,352 3783596 road_revised.py Completed 7670 of 34374, 22.31%
2026-07-23 04:50:22,603 3783596 road_revised.py Completed 7680 of 34374, 22.34%
2026-07-23 04:50:22,865 3783596 road_revised.py Completed 7690 of 34374, 22.37%
2026-07-23 04:50:23,125 3783596 road_revised.py Completed 7700 of 34374, 22.40%
2026-07-23 04:50:23,126 3783596 road_revised.py RSS checkpoint [iter1_lcp_progress_7700_of_34374]: 9.85 GB
2026-07-23 04:50:23,402 3783596 road_revised.py Completed 7710 of 34374, 22.43%
2026-07-23 04:50:23,701 3783596 road_revised.py Completed 7720 of 34374, 22.46%
2026-07-23 04:50:27,293 3783596 road_revised.py Completed 7730 of 34374, 22.49%
2026-07-23 04:50:27,334 3783596 road_revised.py Completed 7740 of 34374, 22.52%
2026-07-23 04:50:27,757 3783596 road_revised.py Completed 7750 of 34374, 22.55%
2026-07-23 04:50:27,758 3783596 road_revised.py Completed 7760 of 34374, 22.58%
2026-07-23 04:50:27,761 3783596 road_revised.py Completed 7770 of 34374, 22.60%
2026-07-23 04:50:27,767 3783596 road_revised.py Completed 7780 of 34374, 22.63%
2026-07-23 04:50:27,768 3783596 road_revised.py Completed 7790 of 34374, 22.66%
2026-07-23 04:50:27,771 3783596 road_revised.py Completed 7800 of 34374, 22.69%
2026-07-23 04:50:27,772 3783596 road_revised.py RSS checkpoint [iter1_lcp_progress_7800_of_34374]: 9.85 GB
2026-07-23 04:50:27,773 3783596 road_revised.py Completed 7810 of 34374, 22.72%
2026-07-23 04:50:27,774 3783596 road_revised.py Completed 7820 of 34374, 22.75%
2026-07-23 04:50:27,971 3783596 road_revised.py Completed 7830 of 34374, 22.78%
2026-07-23 04:50:28,214 3783596 road_revised.py Completed 7840 of 34374, 22.81%
2026-07-23 04:50:28,480 3783596 road_revised.py Completed 7850 of 34374, 22.84%
2026-07-23 04:50:28,730 3783596 road_revised.py Completed 7860 of 34374, 22.87%
2026-07-23 04:50:29,001 3783596 road_revised.py Completed 7870 of 34374, 22.90%
2026-07-23 04:50:29,264 3783596 road_revised.py Completed 7880 of 34374, 22.92%
2026-07-23 04:50:29,502 3783596 road_revised.py Completed 7890 of 34374, 22.95%
2026-07-23 04:50:31,994 3783596 road_revised.py Completed 7900 of 34374, 22.98%
2026-07-23 04:50:31,994 3783596 road_revised.py RSS checkpoint [iter1_lcp_progress_7900_of_34374]: 9.97 GB
2026-07-23 04:50:31,997 3783596 road_revised.py Completed 7910 of 34374, 23.01%
2026-07-23 04:50:32,041 3783596 road_revised.py Completed 7920 of 34374, 23.04%
2026-07-23 04:50:32,043 3783596 road_revised.py Completed 7930 of 34374, 23.07%
2026-07-23 04:50:32,044 3783596 road_revised.py Completed 7940 of 34374, 23.10%
2026-07-23 04:50:32,045 3783596 road_revised.py Completed 7950 of 34374, 23.13%
2026-07-23 04:50:32,057 3783596 road_revised.py Completed 7960 of 34374, 23.16%
2026-07-23 04:50:32,287 3783596 road_revised.py Completed 7970 of 34374, 23.19%
2026-07-23 04:50:32,583 3783596 road_revised.py Completed 7980 of 34374, 23.22%
2026-07-23 04:50:32,929 3783596 road_revised.py Completed 7990 of 34374, 23.24%
2026-07-23 04:50:33,147 3783596 road_revised.py Completed 8000 of 34374, 23.27%
2026-07-23 04:50:33,147 3783596 road_revised.py RSS checkpoint [iter1_lcp_progress_8000_of_34374]: 9.85 GB
2026-07-23 04:50:33,455 3783596 road_revised.py Completed 8010 of 34374, 23.30%
2026-07-23 04:50:33,716 3783596 road_revised.py Completed 8020 of 34374, 23.33%
2026-07-23 04:50:34,009 3783596 road_revised.py Completed 8030 of 34374, 23.36%
2026-07-23 04:50:34,328 3783596 road_revised.py Completed 8040 of 34374, 23.39%
2026-07-23 04:50:34,613 3783596 road_revised.py Completed 8050 of 34374, 23.42%
2026-07-23 04:50:34,920 3783596 road_revised.py Completed 8060 of 34374, 23.45%
2026-07-23 04:50:38,630 3783596 road_revised.py Completed 8070 of 34374, 23.48%
2026-07-23 04:50:39,126 3783596 road_revised.py Completed 8080 of 34374, 23.51%
2026-07-23 04:50:39,127 3783596 road_revised.py Completed 8090 of 34374, 23.54%
2026-07-23 04:50:39,135 3783596 road_revised.py Completed 8100 of 34374, 23.56%
2026-07-23 04:50:39,137 3783596 road_revised.py RSS checkpoint [iter1_lcp_progress_8100_of_34374]: 10.28 GB
2026-07-23 04:50:39,155 3783596 road_revised.py Completed 8110 of 34374, 23.59%
2026-07-23 04:50:39,156 3783596 road_revised.py Completed 8120 of 34374, 23.62%
2026-07-23 04:50:39,160 3783596 road_revised.py Completed 8130 of 34374, 23.65%
2026-07-23 04:50:39,161 3783596 road_revised.py Completed 8140 of 34374, 23.68%
2026-07-23 04:50:39,178 3783596 road_revised.py Completed 8150 of 34374, 23.71%
2026-07-23 04:50:39,458 3783596 road_revised.py Completed 8160 of 34374, 23.74%
2026-07-23 04:50:39,723 3783596 road_revised.py Completed 8170 of 34374, 23.77%
2026-07-23 04:50:40,062 3783596 road_revised.py Completed 8180 of 34374, 23.80%
2026-07-23 04:50:40,311 3783596 road_revised.py Completed 8190 of 34374, 23.83%
2026-07-23 04:50:40,586 3783596 road_revised.py Completed 8200 of 34374, 23.86%
2026-07-23 04:50:40,586 3783596 road_revised.py RSS checkpoint [iter1_lcp_progress_8200_of_34374]: 10.45 GB
2026-07-23 04:50:40,881 3783596 road_revised.py Completed 8210 of 34374, 23.88%
2026-07-23 04:50:41,136 3783596 road_revised.py Completed 8220 of 34374, 23.91%
2026-07-23 04:50:41,390 3783596 road_revised.py Completed 8230 of 34374, 23.94%
2026-07-23 04:50:43,910 3783596 road_revised.py Completed 8240 of 34374, 23.97%
2026-07-23 04:50:43,956 3783596 road_revised.py Completed 8250 of 34374, 24.00%
2026-07-23 04:50:43,957 3783596 road_revised.py Completed 8260 of 34374, 24.03%
2026-07-23 04:50:43,972 3783596 road_revised.py Completed 8270 of 34374, 24.06%
2026-07-23 04:50:43,976 3783596 road_revised.py Completed 8280 of 34374, 24.09%
2026-07-23 04:50:43,977 3783596 road_revised.py Completed 8290 of 34374, 24.12%
2026-07-23 04:50:43,994 3783596 road_revised.py Completed 8300 of 34374, 24.15%
2026-07-23 04:50:43,994 3783596 road_revised.py RSS checkpoint [iter1_lcp_progress_8300_of_34374]: 10.26 GB
2026-07-23 04:50:44,288 3783596 road_revised.py Completed 8310 of 34374, 24.18%
2026-07-23 04:50:44,622 3783596 road_revised.py Completed 8320 of 34374, 24.20%
2026-07-23 04:50:44,896 3783596 road_revised.py Completed 8330 of 34374, 24.23%
2026-07-23 04:50:45,141 3783596 road_revised.py Completed 8340 of 34374, 24.26%
2026-07-23 04:50:45,396 3783596 road_revised.py Completed 8350 of 34374, 24.29%
2026-07-23 04:50:45,738 3783596 road_revised.py Completed 8360 of 34374, 24.32%
2026-07-23 04:50:45,961 3783596 road_revised.py Completed 8370 of 34374, 24.35%
2026-07-23 04:50:46,181 3783596 road_revised.py Completed 8380 of 34374, 24.38%
2026-07-23 04:50:46,449 3783596 road_revised.py Completed 8390 of 34374, 24.41%
2026-07-23 04:50:49,833 3783596 road_revised.py Completed 8400 of 34374, 24.44%
2026-07-23 04:50:49,833 3783596 road_revised.py RSS checkpoint [iter1_lcp_progress_8400_of_34374]: 10.46 GB
2026-07-23 04:50:49,903 3783596 road_revised.py Completed 8410 of 34374, 24.47%
2026-07-23 04:50:50,388 3783596 road_revised.py Completed 8420 of 34374, 24.50%
2026-07-23 04:50:50,401 3783596 road_revised.py Completed 8430 of 34374, 24.52%
2026-07-23 04:50:50,420 3783596 road_revised.py Completed 8440 of 34374, 24.55%
2026-07-23 04:50:50,421 3783596 road_revised.py Completed 8450 of 34374, 24.58%
2026-07-23 04:50:50,422 3783596 road_revised.py Completed 8460 of 34374, 24.61%
2026-07-23 04:50:50,440 3783596 road_revised.py Completed 8470 of 34374, 24.64%
2026-07-23 04:50:50,552 3783596 road_revised.py Completed 8480 of 34374, 24.67%
2026-07-23 04:50:50,853 3783596 road_revised.py Completed 8490 of 34374, 24.70%
2026-07-23 04:50:51,141 3783596 road_revised.py Completed 8500 of 34374, 24.73%
2026-07-23 04:50:51,142 3783596 road_revised.py RSS checkpoint [iter1_lcp_progress_8500_of_34374]: 10.42 GB
2026-07-23 04:50:51,440 3783596 road_revised.py Completed 8510 of 34374, 24.76%
2026-07-23 04:50:51,708 3783596 road_revised.py Completed 8520 of 34374, 24.79%
2026-07-23 04:50:52,010 3783596 road_revised.py Completed 8530 of 34374, 24.82%
2026-07-23 04:50:52,304 3783596 road_revised.py Completed 8540 of 34374, 24.84%
2026-07-23 04:50:52,565 3783596 road_revised.py Completed 8550 of 34374, 24.87%
2026-07-23 04:50:52,865 3783596 road_revised.py Completed 8560 of 34374, 24.90%
2026-07-23 04:50:56,124 3783596 road_revised.py Completed 8570 of 34374, 24.93%
2026-07-23 04:50:56,126 3783596 road_revised.py Completed 8580 of 34374, 24.96%
2026-07-23 04:50:56,132 3783596 road_revised.py Completed 8590 of 34374, 24.99%
2026-07-23 04:50:56,155 3783596 road_revised.py Completed 8600 of 34374, 25.02%
2026-07-23 04:50:56,158 3783596 road_revised.py RSS checkpoint [iter1_lcp_progress_8600_of_34374]: 10.83 GB
2026-07-23 04:50:56,160 3783596 road_revised.py Completed 8610 of 34374, 25.05%
2026-07-23 04:50:56,162 3783596 road_revised.py Completed 8620 of 34374, 25.08%
2026-07-23 04:50:56,163 3783596 road_revised.py Completed 8630 of 34374, 25.11%
2026-07-23 04:50:56,230 3783596 road_revised.py Completed 8640 of 34374, 25.14%
2026-07-23 04:50:56,571 3783596 road_revised.py Completed 8650 of 34374, 25.16%
2026-07-23 04:50:56,846 3783596 road_revised.py Completed 8660 of 34374, 25.19%
2026-07-23 04:50:57,138 3783596 road_revised.py Completed 8670 of 34374, 25.22%
2026-07-23 04:50:57,418 3783596 road_revised.py Completed 8680 of 34374, 25.25%
2026-07-23 04:50:57,707 3783596 road_revised.py Completed 8690 of 34374, 25.28%
2026-07-23 04:50:57,997 3783596 road_revised.py Completed 8700 of 34374, 25.31%
2026-07-23 04:50:57,997 3783596 road_revised.py RSS checkpoint [iter1_lcp_progress_8700_of_34374]: 10.62 GB
2026-07-23 04:50:58,257 3783596 road_revised.py Completed 8710 of 34374, 25.34%
2026-07-23 04:50:58,557 3783596 road_revised.py Completed 8720 of 34374, 25.37%
2026-07-23 04:50:58,830 3783596 road_revised.py Completed 8730 of 34374, 25.40%
2026-07-23 04:51:02,806 3783596 road_revised.py Completed 8740 of 34374, 25.43%
2026-07-23 04:51:02,809 3783596 road_revised.py Completed 8750 of 34374, 25.46%
2026-07-23 04:51:02,810 3783596 road_revised.py Completed 8760 of 34374, 25.48%
2026-07-23 04:51:02,819 3783596 road_revised.py Completed 8770 of 34374, 25.51%
2026-07-23 04:51:02,829 3783596 road_revised.py Completed 8780 of 34374, 25.54%
2026-07-23 04:51:02,830 3783596 road_revised.py Completed 8790 of 34374, 25.57%
2026-07-23 04:51:02,846 3783596 road_revised.py Completed 8800 of 34374, 25.60%
2026-07-23 04:51:02,875 3783596 road_revised.py RSS checkpoint [iter1_lcp_progress_8800_of_34374]: 10.80 GB
2026-07-23 04:51:02,878 3783596 road_revised.py Completed 8810 of 34374, 25.63%
2026-07-23 04:51:03,123 3783596 road_revised.py Completed 8820 of 34374, 25.66%
2026-07-23 04:51:03,399 3783596 road_revised.py Completed 8830 of 34374, 25.69%
2026-07-23 04:51:03,643 3783596 road_revised.py Completed 8840 of 34374, 25.72%
2026-07-23 04:51:03,900 3783596 road_revised.py Completed 8850 of 34374, 25.75%
2026-07-23 04:51:04,161 3783596 road_revised.py Completed 8860 of 34374, 25.78%
2026-07-23 04:51:04,444 3783596 road_revised.py Completed 8870 of 34374, 25.80%
2026-07-23 04:51:04,670 3783596 road_revised.py Completed 8880 of 34374, 25.83%
2026-07-23 04:51:04,909 3783596 road_revised.py Completed 8890 of 34374, 25.86%
2026-07-23 04:51:05,182 3783596 road_revised.py Completed 8900 of 34374, 25.89%
2026-07-23 04:51:05,182 3783596 road_revised.py RSS checkpoint [iter1_lcp_progress_8900_of_34374]: 10.69 GB
2026-07-23 04:51:07,664 3783596 road_revised.py Completed 8910 of 34374, 25.92%
2026-07-23 04:51:07,665 3783596 road_revised.py Completed 8920 of 34374, 25.95%
2026-07-23 04:51:07,694 3783596 road_revised.py Completed 8930 of 34374, 25.98%
2026-07-23 04:51:07,698 3783596 road_revised.py Completed 8940 of 34374, 26.01%
2026-07-23 04:51:07,699 3783596 road_revised.py Completed 8950 of 34374, 26.04%
2026-07-23 04:51:07,703 3783596 road_revised.py Completed 8960 of 34374, 26.07%
2026-07-23 04:51:07,929 3783596 road_revised.py Completed 8970 of 34374, 26.10%
2026-07-23 04:51:08,212 3783596 road_revised.py Completed 8980 of 34374, 26.12%
2026-07-23 04:51:08,511 3783596 road_revised.py Completed 8990 of 34374, 26.15%
2026-07-23 04:51:08,807 3783596 road_revised.py Completed 9000 of 34374, 26.18%
2026-07-23 04:51:08,849 3783596 road_revised.py RSS checkpoint [iter1_lcp_progress_9000_of_34374]: 10.57 GB
2026-07-23 04:51:09,072 3783596 road_revised.py Completed 9010 of 34374, 26.21%
2026-07-23 04:51:09,345 3783596 road_revised.py Completed 9020 of 34374, 26.24%
2026-07-23 04:51:09,645 3783596 road_revised.py Completed 9030 of 34374, 26.27%
2026-07-23 04:51:09,884 3783596 road_revised.py Completed 9040 of 34374, 26.30%
2026-07-23 04:51:10,140 3783596 road_revised.py Completed 9050 of 34374, 26.33%
2026-07-23 04:51:10,432 3783596 road_revised.py Completed 9060 of 34374, 26.36%
2026-07-23 04:51:14,003 3783596 road_revised.py Completed 9070 of 34374, 26.39%
2026-07-23 04:51:14,018 3783596 road_revised.py Completed 9080 of 34374, 26.42%
2026-07-23 04:51:14,053 3783596 road_revised.py Completed 9090 of 34374, 26.44%
2026-07-23 04:51:14,059 3783596 road_revised.py Completed 9100 of 34374, 26.47%
2026-07-23 04:51:14,068 3783596 road_revised.py RSS checkpoint [iter1_lcp_progress_9100_of_34374]: 10.70 GB
2026-07-23 04:51:14,076 3783596 road_revised.py Completed 9110 of 34374, 26.50%
2026-07-23 04:51:14,514 3783596 road_revised.py Completed 9120 of 34374, 26.53%
2026-07-23 04:51:14,520 3783596 road_revised.py Completed 9130 of 34374, 26.56%
2026-07-23 04:51:14,527 3783596 road_revised.py Completed 9140 of 34374, 26.59%
2026-07-23 04:51:14,529 3783596 road_revised.py Completed 9150 of 34374, 26.62%
2026-07-23 04:51:14,617 3783596 road_revised.py Completed 9160 of 34374, 26.65%
2026-07-23 04:51:14,889 3783596 road_revised.py Completed 9170 of 34374, 26.68%
2026-07-23 04:51:15,133 3783596 road_revised.py Completed 9180 of 34374, 26.71%
2026-07-23 04:51:15,411 3783596 road_revised.py Completed 9190 of 34374, 26.74%
2026-07-23 04:51:15,683 3783596 road_revised.py Completed 9200 of 34374, 26.76%
2026-07-23 04:51:15,684 3783596 road_revised.py RSS checkpoint [iter1_lcp_progress_9200_of_34374]: 10.74 GB
2026-07-23 04:51:15,989 3783596 road_revised.py Completed 9210 of 34374, 26.79%
2026-07-23 04:51:16,271 3783596 road_revised.py Completed 9220 of 34374, 26.82%
2026-07-23 04:51:16,525 3783596 road_revised.py Completed 9230 of 34374, 26.85%
2026-07-23 04:51:18,950 3783596 road_revised.py Completed 9240 of 34374, 26.88%
2026-07-23 04:51:18,960 3783596 road_revised.py Completed 9250 of 34374, 26.91%
2026-07-23 04:51:18,986 3783596 road_revised.py Completed 9260 of 34374, 26.94%
2026-07-23 04:51:18,987 3783596 road_revised.py Completed 9270 of 34374, 26.97%
2026-07-23 04:51:18,988 3783596 road_revised.py Completed 9280 of 34374, 27.00%
2026-07-23 04:51:18,989 3783596 road_revised.py Completed 9290 of 34374, 27.03%
2026-07-23 04:51:19,088 3783596 road_revised.py Completed 9300 of 34374, 27.06%
2026-07-23 04:51:19,088 3783596 road_revised.py RSS checkpoint [iter1_lcp_progress_9300_of_34374]: 10.85 GB
2026-07-23 04:51:19,357 3783596 road_revised.py Completed 9310 of 34374, 27.08%
2026-07-23 04:51:19,616 3783596 road_revised.py Completed 9320 of 34374, 27.11%
2026-07-23 04:51:19,856 3783596 road_revised.py Completed 9330 of 34374, 27.14%
2026-07-23 04:51:20,116 3783596 road_revised.py Completed 9340 of 34374, 27.17%
2026-07-23 04:51:20,379 3783596 road_revised.py Completed 9350 of 34374, 27.20%
2026-07-23 04:51:20,678 3783596 road_revised.py Completed 9360 of 34374, 27.23%
2026-07-23 04:51:20,895 3783596 road_revised.py Completed 9370 of 34374, 27.26%
2026-07-23 04:51:21,162 3783596 road_revised.py Completed 9380 of 34374, 27.29%
2026-07-23 04:51:21,422 3783596 road_revised.py Completed 9390 of 34374, 27.32%
2026-07-23 04:51:21,655 3783596 road_revised.py Completed 9400 of 34374, 27.35%
2026-07-23 04:51:21,655 3783596 road_revised.py RSS checkpoint [iter1_lcp_progress_9400_of_34374]: 10.74 GB
2026-07-23 04:51:24,884 3783596 road_revised.py Completed 9410 of 34374, 27.38%
2026-07-23 04:51:24,940 3783596 road_revised.py Completed 9420 of 34374, 27.40%
2026-07-23 04:51:24,941 3783596 road_revised.py Completed 9430 of 34374, 27.43%
2026-07-23 04:51:24,946 3783596 road_revised.py Completed 9440 of 34374, 27.46%
2026-07-23 04:51:25,415 3783596 road_revised.py Completed 9450 of 34374, 27.49%
2026-07-23 04:51:25,426 3783596 road_revised.py Completed 9460 of 34374, 27.52%
2026-07-23 04:51:25,430 3783596 road_revised.py Completed 9470 of 34374, 27.55%
2026-07-23 04:51:25,440 3783596 road_revised.py Completed 9480 of 34374, 27.58%
2026-07-23 04:51:25,615 3783596 road_revised.py Completed 9490 of 34374, 27.61%
2026-07-23 04:51:25,851 3783596 road_revised.py Completed 9500 of 34374, 27.64%
2026-07-23 04:51:25,851 3783596 road_revised.py RSS checkpoint [iter1_lcp_progress_9500_of_34374]: 10.81 GB
2026-07-23 04:51:26,122 3783596 road_revised.py Completed 9510 of 34374, 27.67%
2026-07-23 04:51:26,440 3783596 road_revised.py Completed 9520 of 34374, 27.70%
2026-07-23 04:51:26,698 3783596 road_revised.py Completed 9530 of 34374, 27.72%
2026-07-23 04:51:26,978 3783596 road_revised.py Completed 9540 of 34374, 27.75%
2026-07-23 04:51:27,238 3783596 road_revised.py Completed 9550 of 34374, 27.78%
2026-07-23 04:51:27,565 3783596 road_revised.py Completed 9560 of 34374, 27.81%
2026-07-23 04:51:27,815 3783596 road_revised.py Completed 9570 of 34374, 27.84%
2026-07-23 04:51:30,570 3783596 road_revised.py Completed 9580 of 34374, 27.87%
2026-07-23 04:51:30,575 3783596 road_revised.py Completed 9590 of 34374, 27.90%
2026-07-23 04:51:30,576 3783596 road_revised.py Completed 9600 of 34374, 27.93%
2026-07-23 04:51:30,580 3783596 road_revised.py RSS checkpoint [iter1_lcp_progress_9600_of_34374]: 11.04 GB
2026-07-23 04:51:30,589 3783596 road_revised.py Completed 9610 of 34374, 27.96%
2026-07-23 04:51:30,590 3783596 road_revised.py Completed 9620 of 34374, 27.99%
2026-07-23 04:51:30,591 3783596 road_revised.py Completed 9630 of 34374, 28.02%
2026-07-23 04:51:30,622 3783596 road_revised.py Completed 9640 of 34374, 28.04%
2026-07-23 04:51:30,913 3783596 road_revised.py Completed 9650 of 34374, 28.07%
2026-07-23 04:51:31,169 3783596 road_revised.py Completed 9660 of 34374, 28.10%
2026-07-23 04:51:31,447 3783596 road_revised.py Completed 9670 of 34374, 28.13%
2026-07-23 04:51:31,735 3783596 road_revised.py Completed 9680 of 34374, 28.16%
2026-07-23 04:51:32,000 3783596 road_revised.py Completed 9690 of 34374, 28.19%
2026-07-23 04:51:32,253 3783596 road_revised.py Completed 9700 of 34374, 28.22%
2026-07-23 04:51:32,253 3783596 road_revised.py RSS checkpoint [iter1_lcp_progress_9700_of_34374]: 10.84 GB
2026-07-23 04:51:32,509 3783596 road_revised.py Completed 9710 of 34374, 28.25%
2026-07-23 04:51:32,785 3783596 road_revised.py Completed 9720 of 34374, 28.28%
2026-07-23 04:51:33,062 3783596 road_revised.py Completed 9730 of 34374, 28.31%
2026-07-23 04:51:36,226 3783596 road_revised.py Completed 9740 of 34374, 28.34%
2026-07-23 04:51:36,230 3783596 road_revised.py Completed 9750 of 34374, 28.36%
2026-07-23 04:51:36,244 3783596 road_revised.py Completed 9760 of 34374, 28.39%
2026-07-23 04:51:36,260 3783596 road_revised.py Completed 9770 of 34374, 28.42%
2026-07-23 04:51:36,704 3783596 road_revised.py Completed 9780 of 34374, 28.45%
2026-07-23 04:51:36,705 3783596 road_revised.py Completed 9790 of 34374, 28.48%
2026-07-23 04:51:36,707 3783596 road_revised.py Completed 9800 of 34374, 28.51%
2026-07-23 04:51:36,716 3783596 road_revised.py RSS checkpoint [iter1_lcp_progress_9800_of_34374]: 10.94 GB
2026-07-23 04:51:36,719 3783596 road_revised.py Completed 9810 of 34374, 28.54%
2026-07-23 04:51:36,732 3783596 road_revised.py Completed 9820 of 34374, 28.57%
2026-07-23 04:51:36,953 3783596 road_revised.py Completed 9830 of 34374, 28.60%
2026-07-23 04:51:37,239 3783596 road_revised.py Completed 9840 of 34374, 28.63%
2026-07-23 04:51:37,500 3783596 road_revised.py Completed 9850 of 34374, 28.66%
2026-07-23 04:51:37,738 3783596 road_revised.py Completed 9860 of 34374, 28.68%
2026-07-23 04:51:37,989 3783596 road_revised.py Completed 9870 of 34374, 28.71%
2026-07-23 04:51:38,272 3783596 road_revised.py Completed 9880 of 34374, 28.74%
2026-07-23 04:51:38,522 3783596 road_revised.py Completed 9890 of 34374, 28.77%
2026-07-23 04:51:38,858 3783596 road_revised.py Completed 9900 of 34374, 28.80%
2026-07-23 04:51:38,867 3783596 road_revised.py RSS checkpoint [iter1_lcp_progress_9900_of_34374]: 11.15 GB
2026-07-23 04:51:41,777 3783596 road_revised.py Completed 9910 of 34374, 28.83%
2026-07-23 04:51:41,786 3783596 road_revised.py Completed 9920 of 34374, 28.86%
2026-07-23 04:51:41,793 3783596 road_revised.py Completed 9930 of 34374, 28.89%
2026-07-23 04:51:41,823 3783596 road_revised.py Completed 9940 of 34374, 28.92%
2026-07-23 04:51:41,831 3783596 road_revised.py Completed 9950 of 34374, 28.95%
2026-07-23 04:51:41,835 3783596 road_revised.py Completed 9960 of 34374, 28.98%
2026-07-23 04:51:41,836 3783596 road_revised.py Completed 9970 of 34374, 29.00%
2026-07-23 04:51:42,026 3783596 road_revised.py Completed 9980 of 34374, 29.03%
2026-07-23 04:51:42,313 3783596 road_revised.py Completed 9990 of 34374, 29.06%
2026-07-23 04:51:42,579 3783596 road_revised.py Completed 10000 of 34374, 29.09%
2026-07-23 04:51:42,580 3783596 road_revised.py RSS checkpoint [iter1_lcp_progress_10000_of_34374]: 11.04 GB
2026-07-23 04:51:42,879 3783596 road_revised.py Completed 10010 of 34374, 29.12%
2026-07-23 04:51:43,160 3783596 road_revised.py Completed 10020 of 34374, 29.15%
2026-07-23 04:51:43,422 3783596 road_revised.py Completed 10030 of 34374, 29.18%
2026-07-23 04:51:43,737 3783596 road_revised.py Completed 10040 of 34374, 29.21%
2026-07-23 04:51:44,043 3783596 road_revised.py Completed 10050 of 34374, 29.24%
2026-07-23 04:51:44,306 3783596 road_revised.py Completed 10060 of 34374, 29.27%
2026-07-23 04:51:44,569 3783596 road_revised.py Completed 10070 of 34374, 29.30%
2026-07-23 04:51:47,986 3783596 road_revised.py Completed 10080 of 34374, 29.32%
2026-07-23 04:51:48,001 3783596 road_revised.py Completed 10090 of 34374, 29.35%
2026-07-23 04:51:48,454 3783596 road_revised.py Completed 10100 of 34374, 29.38%
2026-07-23 04:51:48,462 3783596 road_revised.py RSS checkpoint [iter1_lcp_progress_10100_of_34374]: 11.14 GB
2026-07-23 04:51:48,463 3783596 road_revised.py Completed 10110 of 34374, 29.41%
2026-07-23 04:51:48,469 3783596 road_revised.py Completed 10120 of 34374, 29.44%
2026-07-23 04:51:48,480 3783596 road_revised.py Completed 10130 of 34374, 29.47%
2026-07-23 04:51:48,481 3783596 road_revised.py Completed 10140 of 34374, 29.50%
2026-07-23 04:51:48,495 3783596 road_revised.py Completed 10150 of 34374, 29.53%
2026-07-23 04:51:48,505 3783596 road_revised.py Completed 10160 of 34374, 29.56%
2026-07-23 04:51:48,754 3783596 road_revised.py Completed 10170 of 34374, 29.59%
2026-07-23 04:51:49,069 3783596 road_revised.py Completed 10180 of 34374, 29.62%
2026-07-23 04:51:49,324 3783596 road_revised.py Completed 10190 of 34374, 29.64%
2026-07-23 04:51:49,588 3783596 road_revised.py Completed 10200 of 34374, 29.67%
2026-07-23 04:51:49,589 3783596 road_revised.py RSS checkpoint [iter1_lcp_progress_10200_of_34374]: 11.28 GB
2026-07-23 04:51:49,868 3783596 road_revised.py Completed 10210 of 34374, 29.70%
2026-07-23 04:51:50,110 3783596 road_revised.py Completed 10220 of 34374, 29.73%
2026-07-23 04:51:50,408 3783596 road_revised.py Completed 10230 of 34374, 29.76%
2026-07-23 04:51:50,667 3783596 road_revised.py Completed 10240 of 34374, 29.79%
2026-07-23 04:51:53,034 3783596 road_revised.py Completed 10250 of 34374, 29.82%
2026-07-23 04:51:53,035 3783596 road_revised.py Completed 10260 of 34374, 29.85%
2026-07-23 04:51:53,054 3783596 road_revised.py Completed 10270 of 34374, 29.88%
2026-07-23 04:51:53,055 3783596 road_revised.py Completed 10280 of 34374, 29.91%
2026-07-23 04:51:53,056 3783596 road_revised.py Completed 10290 of 34374, 29.94%
2026-07-23 04:51:53,069 3783596 road_revised.py Completed 10300 of 34374, 29.96%
2026-07-23 04:51:53,088 3783596 road_revised.py RSS checkpoint [iter1_lcp_progress_10300_of_34374]: 11.29 GB
2026-07-23 04:51:53,323 3783596 road_revised.py Completed 10310 of 34374, 29.99%
2026-07-23 04:51:53,627 3783596 road_revised.py Completed 10320 of 34374, 30.02%
2026-07-23 04:51:53,884 3783596 road_revised.py Completed 10330 of 34374, 30.05%
2026-07-23 04:51:54,166 3783596 road_revised.py Completed 10340 of 34374, 30.08%
2026-07-23 04:51:54,400 3783596 road_revised.py Completed 10350 of 34374, 30.11%
2026-07-23 04:51:54,620 3783596 road_revised.py Completed 10360 of 34374, 30.14%
2026-07-23 04:51:54,890 3783596 road_revised.py Completed 10370 of 34374, 30.17%
2026-07-23 04:51:55,117 3783596 road_revised.py Completed 10380 of 34374, 30.20%
2026-07-23 04:51:55,370 3783596 road_revised.py Completed 10390 of 34374, 30.23%
2026-07-23 04:51:55,677 3783596 road_revised.py Completed 10400 of 34374, 30.26%
2026-07-23 04:51:55,678 3783596 road_revised.py RSS checkpoint [iter1_lcp_progress_10400_of_34374]: 11.21 GB
2026-07-23 04:51:59,395 3783596 road_revised.py Completed 10410 of 34374, 30.28%
2026-07-23 04:51:59,408 3783596 road_revised.py Completed 10420 of 34374, 30.31%
2026-07-23 04:51:59,908 3783596 road_revised.py Completed 10430 of 34374, 30.34%
2026-07-23 04:51:59,914 3783596 road_revised.py Completed 10440 of 34374, 30.37%
2026-07-23 04:51:59,916 3783596 road_revised.py Completed 10450 of 34374, 30.40%
2026-07-23 04:51:59,917 3783596 road_revised.py Completed 10460 of 34374, 30.43%
2026-07-23 04:51:59,918 3783596 road_revised.py Completed 10470 of 34374, 30.46%
2026-07-23 04:51:59,919 3783596 road_revised.py Completed 10480 of 34374, 30.49%
2026-07-23 04:51:59,920 3783596 road_revised.py Completed 10490 of 34374, 30.52%
2026-07-23 04:52:00,138 3783596 road_revised.py Completed 10500 of 34374, 30.55%
2026-07-23 04:52:00,138 3783596 road_revised.py RSS checkpoint [iter1_lcp_progress_10500_of_34374]: 11.58 GB
2026-07-23 04:52:00,390 3783596 road_revised.py Completed 10510 of 34374, 30.58%
2026-07-23 04:52:00,654 3783596 road_revised.py Completed 10520 of 34374, 30.60%
2026-07-23 04:52:00,986 3783596 road_revised.py Completed 10530 of 34374, 30.63%
2026-07-23 04:52:01,244 3783596 road_revised.py Completed 10540 of 34374, 30.66%
2026-07-23 04:52:01,511 3783596 road_revised.py Completed 10550 of 34374, 30.69%
2026-07-23 04:52:01,748 3783596 road_revised.py Completed 10560 of 34374, 30.72%
2026-07-23 04:52:02,039 3783596 road_revised.py Completed 10570 of 34374, 30.75%
2026-07-23 04:52:04,718 3783596 road_revised.py Completed 10580 of 34374, 30.78%
2026-07-23 04:52:04,759 3783596 road_revised.py Completed 10590 of 34374, 30.81%
2026-07-23 04:52:04,762 3783596 road_revised.py Completed 10600 of 34374, 30.84%
2026-07-23 04:52:04,778 3783596 road_revised.py RSS checkpoint [iter1_lcp_progress_10600_of_34374]: 11.58 GB
2026-07-23 04:52:04,783 3783596 road_revised.py Completed 10610 of 34374, 30.87%
2026-07-23 04:52:04,804 3783596 road_revised.py Completed 10620 of 34374, 30.90%
2026-07-23 04:52:04,805 3783596 road_revised.py Completed 10630 of 34374, 30.92%
2026-07-23 04:52:04,806 3783596 road_revised.py Completed 10640 of 34374, 30.95%
2026-07-23 04:52:05,003 3783596 road_revised.py Completed 10650 of 34374, 30.98%
2026-07-23 04:52:05,242 3783596 road_revised.py Completed 10660 of 34374, 31.01%
2026-07-23 04:52:05,503 3783596 road_revised.py Completed 10670 of 34374, 31.04%
2026-07-23 04:52:05,723 3783596 road_revised.py Completed 10680 of 34374, 31.07%
2026-07-23 04:52:06,007 3783596 road_revised.py Completed 10690 of 34374, 31.10%
2026-07-23 04:52:06,267 3783596 road_revised.py Completed 10700 of 34374, 31.13%
2026-07-23 04:52:06,267 3783596 road_revised.py RSS checkpoint [iter1_lcp_progress_10700_of_34374]: 11.37 GB
2026-07-23 04:52:06,539 3783596 road_revised.py Completed 10710 of 34374, 31.16%
2026-07-23 04:52:06,802 3783596 road_revised.py Completed 10720 of 34374, 31.19%
2026-07-23 04:52:07,115 3783596 road_revised.py Completed 10730 of 34374, 31.22%
2026-07-23 04:52:07,369 3783596 road_revised.py Completed 10740 of 34374, 31.24%
2026-07-23 04:52:11,403 3783596 road_revised.py Completed 10750 of 34374, 31.27%
2026-07-23 04:52:11,410 3783596 road_revised.py Completed 10760 of 34374, 31.30%
2026-07-23 04:52:11,411 3783596 road_revised.py Completed 10770 of 34374, 31.33%
2026-07-23 04:52:11,417 3783596 road_revised.py Completed 10780 of 34374, 31.36%
2026-07-23 04:52:11,418 3783596 road_revised.py Completed 10790 of 34374, 31.39%
2026-07-23 04:52:11,427 3783596 road_revised.py Completed 10800 of 34374, 31.42%
2026-07-23 04:52:11,440 3783596 road_revised.py RSS checkpoint [iter1_lcp_progress_10800_of_34374]: 11.91 GB
2026-07-23 04:52:11,459 3783596 road_revised.py Completed 10810 of 34374, 31.45%
2026-07-23 04:52:11,460 3783596 road_revised.py Completed 10820 of 34374, 31.48%
2026-07-23 04:52:11,466 3783596 road_revised.py Completed 10830 of 34374, 31.51%
2026-07-23 04:52:11,772 3783596 road_revised.py Completed 10840 of 34374, 31.54%
2026-07-23 04:52:12,004 3783596 road_revised.py Completed 10850 of 34374, 31.56%
2026-07-23 04:52:12,308 3783596 road_revised.py Completed 10860 of 34374, 31.59%
2026-07-23 04:52:12,546 3783596 road_revised.py Completed 10870 of 34374, 31.62%
2026-07-23 04:52:12,802 3783596 road_revised.py Completed 10880 of 34374, 31.65%
2026-07-23 04:52:13,139 3783596 road_revised.py Completed 10890 of 34374, 31.68%
2026-07-23 04:52:13,274 3783596 road_revised.py Completed 10900 of 34374, 31.71%
2026-07-23 04:52:13,274 3783596 road_revised.py RSS checkpoint [iter1_lcp_progress_10900_of_34374]: 11.85 GB
2026-07-23 04:52:13,481 3783596 road_revised.py Completed 10910 of 34374, 31.74%
2026-07-23 04:52:13,788 3783596 road_revised.py Completed 10920 of 34374, 31.77%
2026-07-23 04:52:17,089 3783596 road_revised.py Completed 10930 of 34374, 31.80%
2026-07-23 04:52:17,090 3783596 road_revised.py Completed 10940 of 34374, 31.83%
2026-07-23 04:52:17,091 3783596 road_revised.py Completed 10950 of 34374, 31.86%
2026-07-23 04:52:17,106 3783596 road_revised.py Completed 10960 of 34374, 31.88%
2026-07-23 04:52:17,112 3783596 road_revised.py Completed 10970 of 34374, 31.91%
2026-07-23 04:52:17,113 3783596 road_revised.py Completed 10980 of 34374, 31.94%
2026-07-23 04:52:17,113 3783596 road_revised.py Completed 10990 of 34374, 31.97%
2026-07-23 04:52:17,116 3783596 road_revised.py Completed 11000 of 34374, 32.00%
2026-07-23 04:52:17,129 3783596 road_revised.py RSS checkpoint [iter1_lcp_progress_11000_of_34374]: 12.22 GB
2026-07-23 04:52:17,316 3783596 road_revised.py Completed 11010 of 34374, 32.03%
2026-07-23 04:52:17,594 3783596 road_revised.py Completed 11020 of 34374, 32.06%
2026-07-23 04:52:17,881 3783596 road_revised.py Completed 11030 of 34374, 32.09%
2026-07-23 04:52:18,204 3783596 road_revised.py Completed 11040 of 34374, 32.12%
2026-07-23 04:52:18,452 3783596 road_revised.py Completed 11050 of 34374, 32.15%
2026-07-23 04:52:18,706 3783596 road_revised.py Completed 11060 of 34374, 32.18%
2026-07-23 04:52:18,992 3783596 road_revised.py Completed 11070 of 34374, 32.20%
2026-07-23 04:52:19,252 3783596 road_revised.py Completed 11080 of 34374, 32.23%
2026-07-23 04:52:19,500 3783596 road_revised.py Completed 11090 of 34374, 32.26%
2026-07-23 04:52:23,453 3783596 road_revised.py Completed 11100 of 34374, 32.29%
2026-07-23 04:52:23,458 3783596 road_revised.py RSS checkpoint [iter1_lcp_progress_11100_of_34374]: 12.06 GB
2026-07-23 04:52:23,463 3783596 road_revised.py Completed 11110 of 34374, 32.32%
2026-07-23 04:52:23,464 3783596 road_revised.py Completed 11120 of 34374, 32.35%
2026-07-23 04:52:23,488 3783596 road_revised.py Completed 11130 of 34374, 32.38%
2026-07-23 04:52:23,498 3783596 road_revised.py Completed 11140 of 34374, 32.41%
2026-07-23 04:52:23,501 3783596 road_revised.py Completed 11150 of 34374, 32.44%
2026-07-23 04:52:23,959 3783596 road_revised.py Completed 11160 of 34374, 32.47%
2026-07-23 04:52:23,960 3783596 road_revised.py Completed 11170 of 34374, 32.50%
2026-07-23 04:52:23,961 3783596 road_revised.py Completed 11180 of 34374, 32.52%
2026-07-23 04:52:23,962 3783596 road_revised.py Completed 11190 of 34374, 32.55%
2026-07-23 04:52:24,213 3783596 road_revised.py Completed 11200 of 34374, 32.58%
2026-07-23 04:52:24,213 3783596 road_revised.py RSS checkpoint [iter1_lcp_progress_11200_of_34374]: 11.86 GB
2026-07-23 04:52:24,448 3783596 road_revised.py Completed 11210 of 34374, 32.61%
2026-07-23 04:52:24,729 3783596 road_revised.py Completed 11220 of 34374, 32.64%
2026-07-23 04:52:24,969 3783596 road_revised.py Completed 11230 of 34374, 32.67%
2026-07-23 04:52:25,221 3783596 road_revised.py Completed 11240 of 34374, 32.70%
2026-07-23 04:52:25,517 3783596 road_revised.py Completed 11250 of 34374, 32.73%
2026-07-23 04:52:25,777 3783596 road_revised.py Completed 11260 of 34374, 32.76%
2026-07-23 04:52:28,412 3783596 road_revised.py Completed 11270 of 34374, 32.79%
2026-07-23 04:52:28,414 3783596 road_revised.py Completed 11280 of 34374, 32.82%
2026-07-23 04:52:28,415 3783596 road_revised.py Completed 11290 of 34374, 32.84%
2026-07-23 04:52:28,421 3783596 road_revised.py Completed 11300 of 34374, 32.87%
2026-07-23 04:52:28,421 3783596 road_revised.py RSS checkpoint [iter1_lcp_progress_11300_of_34374]: 12.15 GB
2026-07-23 04:52:28,422 3783596 road_revised.py Completed 11310 of 34374, 32.90%
2026-07-23 04:52:28,427 3783596 road_revised.py Completed 11320 of 34374, 32.93%
2026-07-23 04:52:28,433 3783596 road_revised.py Completed 11330 of 34374, 32.96%
2026-07-23 04:52:28,673 3783596 road_revised.py Completed 11340 of 34374, 32.99%
2026-07-23 04:52:28,909 3783596 road_revised.py Completed 11350 of 34374, 33.02%
2026-07-23 04:52:29,222 3783596 road_revised.py Completed 11360 of 34374, 33.05%
2026-07-23 04:52:29,450 3783596 road_revised.py Completed 11370 of 34374, 33.08%
2026-07-23 04:52:29,745 3783596 road_revised.py Completed 11380 of 34374, 33.11%
2026-07-23 04:52:30,015 3783596 road_revised.py Completed 11390 of 34374, 33.14%
2026-07-23 04:52:30,362 3783596 road_revised.py Completed 11400 of 34374, 33.16%
2026-07-23 04:52:30,365 3783596 road_revised.py RSS checkpoint [iter1_lcp_progress_11400_of_34374]: 12.04 GB
2026-07-23 04:52:30,638 3783596 road_revised.py Completed 11410 of 34374, 33.19%
2026-07-23 04:52:30,959 3783596 road_revised.py Completed 11420 of 34374, 33.22%
2026-07-23 04:52:31,244 3783596 road_revised.py Completed 11430 of 34374, 33.25%
2026-07-23 04:52:34,927 3783596 road_revised.py Completed 11440 of 34374, 33.28%
2026-07-23 04:52:34,929 3783596 road_revised.py Completed 11450 of 34374, 33.31%
2026-07-23 04:52:34,954 3783596 road_revised.py Completed 11460 of 34374, 33.34%
2026-07-23 04:52:34,955 3783596 road_revised.py Completed 11470 of 34374, 33.37%
2026-07-23 04:52:34,964 3783596 road_revised.py Completed 11480 of 34374, 33.40%
2026-07-23 04:52:35,461 3783596 road_revised.py Completed 11490 of 34374, 33.43%
2026-07-23 04:52:35,462 3783596 road_revised.py Completed 11500 of 34374, 33.46%
2026-07-23 04:52:35,477 3783596 road_revised.py RSS checkpoint [iter1_lcp_progress_11500_of_34374]: 12.18 GB
2026-07-23 04:52:35,496 3783596 road_revised.py Completed 11510 of 34374, 33.48%
2026-07-23 04:52:35,497 3783596 road_revised.py Completed 11520 of 34374, 33.51%
2026-07-23 04:52:35,731 3783596 road_revised.py Completed 11530 of 34374, 33.54%
2026-07-23 04:52:36,011 3783596 road_revised.py Completed 11540 of 34374, 33.57%
2026-07-23 04:52:36,265 3783596 road_revised.py Completed 11550 of 34374, 33.60%
2026-07-23 04:52:36,578 3783596 road_revised.py Completed 11560 of 34374, 33.63%
2026-07-23 04:52:36,869 3783596 road_revised.py Completed 11570 of 34374, 33.66%
2026-07-23 04:52:37,127 3783596 road_revised.py Completed 11580 of 34374, 33.69%
2026-07-23 04:52:37,407 3783596 road_revised.py Completed 11590 of 34374, 33.72%
2026-07-23 04:52:37,714 3783596 road_revised.py Completed 11600 of 34374, 33.75%
2026-07-23 04:52:37,715 3783596 road_revised.py RSS checkpoint [iter1_lcp_progress_11600_of_34374]: 12.40 GB
2026-07-23 04:52:40,626 3783596 road_revised.py Completed 11610 of 34374, 33.78%
2026-07-23 04:52:40,670 3783596 road_revised.py Completed 11620 of 34374, 33.80%
2026-07-23 04:52:40,676 3783596 road_revised.py Completed 11630 of 34374, 33.83%
2026-07-23 04:52:40,683 3783596 road_revised.py Completed 11640 of 34374, 33.86%
2026-07-23 04:52:40,690 3783596 road_revised.py Completed 11650 of 34374, 33.89%
2026-07-23 04:52:40,692 3783596 road_revised.py Completed 11660 of 34374, 33.92%
2026-07-23 04:52:40,705 3783596 road_revised.py Completed 11670 of 34374, 33.95%
2026-07-23 04:52:40,706 3783596 road_revised.py Completed 11680 of 34374, 33.98%
2026-07-23 04:52:40,968 3783596 road_revised.py Completed 11690 of 34374, 34.01%
2026-07-23 04:52:41,257 3783596 road_revised.py Completed 11700 of 34374, 34.04%
2026-07-23 04:52:41,257 3783596 road_revised.py RSS checkpoint [iter1_lcp_progress_11700_of_34374]: 11.91 GB
2026-07-23 04:52:41,541 3783596 road_revised.py Completed 11710 of 34374, 34.07%
2026-07-23 04:52:41,827 3783596 road_revised.py Completed 11720 of 34374, 34.10%
2026-07-23 04:52:42,113 3783596 road_revised.py Completed 11730 of 34374, 34.12%
2026-07-23 04:52:42,348 3783596 road_revised.py Completed 11740 of 34374, 34.15%
2026-07-23 04:52:42,657 3783596 road_revised.py Completed 11750 of 34374, 34.18%
2026-07-23 04:52:42,973 3783596 road_revised.py Completed 11760 of 34374, 34.21%
2026-07-23 04:52:46,411 3783596 road_revised.py Completed 11770 of 34374, 34.24%
2026-07-23 04:52:46,480 3783596 road_revised.py Completed 11780 of 34374, 34.27%
2026-07-23 04:52:46,487 3783596 road_revised.py Completed 11790 of 34374, 34.30%
2026-07-23 04:52:46,488 3783596 road_revised.py Completed 11800 of 34374, 34.33%
2026-07-23 04:52:46,498 3783596 road_revised.py RSS checkpoint [iter1_lcp_progress_11800_of_34374]: 12.43 GB
2026-07-23 04:52:46,970 3783596 road_revised.py Completed 11810 of 34374, 34.36%
2026-07-23 04:52:46,971 3783596 road_revised.py Completed 11820 of 34374, 34.39%
2026-07-23 04:52:46,979 3783596 road_revised.py Completed 11830 of 34374, 34.42%
2026-07-23 04:52:46,979 3783596 road_revised.py Completed 11840 of 34374, 34.44%
2026-07-23 04:52:46,995 3783596 road_revised.py Completed 11850 of 34374, 34.47%
2026-07-23 04:52:47,001 3783596 road_revised.py Completed 11860 of 34374, 34.50%
2026-07-23 04:52:47,103 3783596 road_revised.py Completed 11870 of 34374, 34.53%
2026-07-23 04:52:47,402 3783596 road_revised.py Completed 11880 of 34374, 34.56%
2026-07-23 04:52:47,711 3783596 road_revised.py Completed 11890 of 34374, 34.59%
2026-07-23 04:52:47,945 3783596 road_revised.py Completed 11900 of 34374, 34.62%
2026-07-23 04:52:47,946 3783596 road_revised.py RSS checkpoint [iter1_lcp_progress_11900_of_34374]: 12.29 GB
2026-07-23 04:52:48,278 3783596 road_revised.py Completed 11910 of 34374, 34.65%
2026-07-23 04:52:48,534 3783596 road_revised.py Completed 11920 of 34374, 34.68%
2026-07-23 04:52:48,819 3783596 road_revised.py Completed 11930 of 34374, 34.71%
2026-07-23 04:52:51,686 3783596 road_revised.py Completed 11940 of 34374, 34.74%
2026-07-23 04:52:51,698 3783596 road_revised.py Completed 11950 of 34374, 34.76%
2026-07-23 04:52:51,742 3783596 road_revised.py Completed 11960 of 34374, 34.79%
2026-07-23 04:52:51,743 3783596 road_revised.py Completed 11970 of 34374, 34.82%
2026-07-23 04:52:51,744 3783596 road_revised.py Completed 11980 of 34374, 34.85%
2026-07-23 04:52:51,756 3783596 road_revised.py Completed 11990 of 34374, 34.88%
2026-07-23 04:52:51,757 3783596 road_revised.py Completed 12000 of 34374, 34.91%
2026-07-23 04:52:51,762 3783596 road_revised.py RSS checkpoint [iter1_lcp_progress_12000_of_34374]: 12.53 GB
2026-07-23 04:52:52,002 3783596 road_revised.py Completed 12010 of 34374, 34.94%
2026-07-23 04:52:52,330 3783596 road_revised.py Completed 12020 of 34374, 34.97%
2026-07-23 04:52:52,632 3783596 road_revised.py Completed 12030 of 34374, 35.00%
2026-07-23 04:52:52,946 3783596 road_revised.py Completed 12040 of 34374, 35.03%
2026-07-23 04:52:53,202 3783596 road_revised.py Completed 12050 of 34374, 35.06%
2026-07-23 04:52:53,518 3783596 road_revised.py Completed 12060 of 34374, 35.08%
2026-07-23 04:52:53,798 3783596 road_revised.py Completed 12070 of 34374, 35.11%
2026-07-23 04:52:54,057 3783596 road_revised.py Completed 12080 of 34374, 35.14%
2026-07-23 04:52:54,356 3783596 road_revised.py Completed 12090 of 34374, 35.17%
2026-07-23 04:52:54,636 3783596 road_revised.py Completed 12100 of 34374, 35.20%
2026-07-23 04:52:54,636 3783596 road_revised.py RSS checkpoint [iter1_lcp_progress_12100_of_34374]: 12.39 GB
2026-07-23 04:52:58,651 3783596 road_revised.py Completed 12110 of 34374, 35.23%
2026-07-23 04:52:58,657 3783596 road_revised.py Completed 12120 of 34374, 35.26%
2026-07-23 04:52:59,164 3783596 road_revised.py Completed 12130 of 34374, 35.29%
2026-07-23 04:52:59,165 3783596 road_revised.py Completed 12140 of 34374, 35.32%
2026-07-23 04:52:59,166 3783596 road_revised.py Completed 12150 of 34374, 35.35%
2026-07-23 04:52:59,168 3783596 road_revised.py Completed 12160 of 34374, 35.38%
2026-07-23 04:52:59,169 3783596 road_revised.py Completed 12170 of 34374, 35.40%
2026-07-23 04:52:59,170 3783596 road_revised.py Completed 12180 of 34374, 35.43%
2026-07-23 04:52:59,171 3783596 road_revised.py Completed 12190 of 34374, 35.46%
2026-07-23 04:52:59,187 3783596 road_revised.py Completed 12200 of 34374, 35.49%
2026-07-23 04:52:59,195 3783596 road_revised.py RSS checkpoint [iter1_lcp_progress_12200_of_34374]: 12.65 GB
2026-07-23 04:52:59,449 3783596 road_revised.py Completed 12210 of 34374, 35.52%
2026-07-23 04:52:59,741 3783596 road_revised.py Completed 12220 of 34374, 35.55%
2026-07-23 04:52:59,991 3783596 road_revised.py Completed 12230 of 34374, 35.58%
2026-07-23 04:53:00,276 3783596 road_revised.py Completed 12240 of 34374, 35.61%
2026-07-23 04:53:00,530 3783596 road_revised.py Completed 12250 of 34374, 35.64%
2026-07-23 04:53:00,800 3783596 road_revised.py Completed 12260 of 34374, 35.67%
2026-07-23 04:53:01,028 3783596 road_revised.py Completed 12270 of 34374, 35.70%
2026-07-23 04:53:03,449 3783596 road_revised.py Completed 12280 of 34374, 35.72%
2026-07-23 04:53:03,491 3783596 road_revised.py Completed 12290 of 34374, 35.75%
2026-07-23 04:53:03,499 3783596 road_revised.py Completed 12300 of 34374, 35.78%
2026-07-23 04:53:03,499 3783596 road_revised.py RSS checkpoint [iter1_lcp_progress_12300_of_34374]: 12.66 GB
2026-07-23 04:53:03,502 3783596 road_revised.py Completed 12310 of 34374, 35.81%
2026-07-23 04:53:03,503 3783596 road_revised.py Completed 12320 of 34374, 35.84%
2026-07-23 04:53:03,516 3783596 road_revised.py Completed 12330 of 34374, 35.87%
2026-07-23 04:53:03,627 3783596 road_revised.py Completed 12340 of 34374, 35.90%
2026-07-23 04:53:04,010 3783596 road_revised.py Completed 12350 of 34374, 35.93%
2026-07-23 04:53:04,268 3783596 road_revised.py Completed 12360 of 34374, 35.96%
2026-07-23 04:53:04,515 3783596 road_revised.py Completed 12370 of 34374, 35.99%
2026-07-23 04:53:04,800 3783596 road_revised.py Completed 12380 of 34374, 36.02%
2026-07-23 04:53:05,047 3783596 road_revised.py Completed 12390 of 34374, 36.04%
2026-07-23 04:53:05,382 3783596 road_revised.py Completed 12400 of 34374, 36.07%
2026-07-23 04:53:05,383 3783596 road_revised.py RSS checkpoint [iter1_lcp_progress_12400_of_34374]: 12.58 GB
2026-07-23 04:53:05,600 3783596 road_revised.py Completed 12410 of 34374, 36.10%
2026-07-23 04:53:05,979 3783596 road_revised.py Completed 12420 of 34374, 36.13%
2026-07-23 04:53:06,213 3783596 road_revised.py Completed 12430 of 34374, 36.16%
2026-07-23 04:53:10,104 3783596 road_revised.py Completed 12440 of 34374, 36.19%
2026-07-23 04:53:10,109 3783596 road_revised.py Completed 12450 of 34374, 36.22%
2026-07-23 04:53:10,110 3783596 road_revised.py Completed 12460 of 34374, 36.25%
2026-07-23 04:53:10,575 3783596 road_revised.py Completed 12470 of 34374, 36.28%
2026-07-23 04:53:10,576 3783596 road_revised.py Completed 12480 of 34374, 36.31%
2026-07-23 04:53:10,577 3783596 road_revised.py Completed 12490 of 34374, 36.34%
2026-07-23 04:53:10,581 3783596 road_revised.py Completed 12500 of 34374, 36.36%
2026-07-23 04:53:10,588 3783596 road_revised.py RSS checkpoint [iter1_lcp_progress_12500_of_34374]: 12.65 GB
2026-07-23 04:53:10,593 3783596 road_revised.py Completed 12510 of 34374, 36.39%
2026-07-23 04:53:10,594 3783596 road_revised.py Completed 12520 of 34374, 36.42%
2026-07-23 04:53:10,841 3783596 road_revised.py Completed 12530 of 34374, 36.45%
2026-07-23 04:53:11,100 3783596 road_revised.py Completed 12540 of 34374, 36.48%
2026-07-23 04:53:11,398 3783596 road_revised.py Completed 12550 of 34374, 36.51%
2026-07-23 04:53:11,654 3783596 road_revised.py Completed 12560 of 34374, 36.54%
2026-07-23 04:53:11,920 3783596 road_revised.py Completed 12570 of 34374, 36.57%
2026-07-23 04:53:12,208 3783596 road_revised.py Completed 12580 of 34374, 36.60%
2026-07-23 04:53:12,484 3783596 road_revised.py Completed 12590 of 34374, 36.63%
2026-07-23 04:53:12,769 3783596 road_revised.py Completed 12600 of 34374, 36.66%
2026-07-23 04:53:12,769 3783596 road_revised.py RSS checkpoint [iter1_lcp_progress_12600_of_34374]: 12.84 GB
2026-07-23 04:53:15,666 3783596 road_revised.py Completed 12610 of 34374, 36.68%
2026-07-23 04:53:15,680 3783596 road_revised.py Completed 12620 of 34374, 36.71%
2026-07-23 04:53:15,717 3783596 road_revised.py Completed 12630 of 34374, 36.74%
2026-07-23 04:53:15,718 3783596 road_revised.py Completed 12640 of 34374, 36.77%
2026-07-23 04:53:15,719 3783596 road_revised.py Completed 12650 of 34374, 36.80%
2026-07-23 04:53:15,722 3783596 road_revised.py Completed 12660 of 34374, 36.83%
2026-07-23 04:53:15,724 3783596 road_revised.py Completed 12670 of 34374, 36.86%
2026-07-23 04:53:15,732 3783596 road_revised.py Completed 12680 of 34374, 36.89%
2026-07-23 04:53:15,970 3783596 road_revised.py Completed 12690 of 34374, 36.92%
2026-07-23 04:53:16,237 3783596 road_revised.py Completed 12700 of 34374, 36.95%
2026-07-23 04:53:16,241 3783596 road_revised.py RSS checkpoint [iter1_lcp_progress_12700_of_34374]: 12.47 GB
2026-07-23 04:53:16,539 3783596 road_revised.py Completed 12710 of 34374, 36.98%
2026-07-23 04:53:16,765 3783596 road_revised.py Completed 12720 of 34374, 37.00%
2026-07-23 04:53:17,012 3783596 road_revised.py Completed 12730 of 34374, 37.03%
2026-07-23 04:53:17,286 3783596 road_revised.py Completed 12740 of 34374, 37.06%
2026-07-23 04:53:17,542 3783596 road_revised.py Completed 12750 of 34374, 37.09%
2026-07-23 04:53:17,807 3783596 road_revised.py Completed 12760 of 34374, 37.12%
2026-07-23 04:53:18,084 3783596 road_revised.py Completed 12770 of 34374, 37.15%
2026-07-23 04:53:21,225 3783596 road_revised.py Completed 12780 of 34374, 37.18%
2026-07-23 04:53:21,236 3783596 road_revised.py Completed 12790 of 34374, 37.21%
2026-07-23 04:53:21,249 3783596 road_revised.py Completed 12800 of 34374, 37.24%
2026-07-23 04:53:21,256 3783596 road_revised.py RSS checkpoint [iter1_lcp_progress_12800_of_34374]: 13.04 GB
2026-07-23 04:53:21,751 3783596 road_revised.py Completed 12810 of 34374, 37.27%
2026-07-23 04:53:21,752 3783596 road_revised.py Completed 12820 of 34374, 37.30%
2026-07-23 04:53:21,762 3783596 road_revised.py Completed 12830 of 34374, 37.32%
2026-07-23 04:53:21,763 3783596 road_revised.py Completed 12840 of 34374, 37.35%
2026-07-23 04:53:21,794 3783596 road_revised.py Completed 12850 of 34374, 37.38%
2026-07-23 04:53:22,040 3783596 road_revised.py Completed 12860 of 34374, 37.41%
2026-07-23 04:53:22,358 3783596 road_revised.py Completed 12870 of 34374, 37.44%
2026-07-23 04:53:22,637 3783596 road_revised.py Completed 12880 of 34374, 37.47%
2026-07-23 04:53:22,965 3783596 road_revised.py Completed 12890 of 34374, 37.50%
2026-07-23 04:53:23,236 3783596 road_revised.py Completed 12900 of 34374, 37.53%
2026-07-23 04:53:23,236 3783596 road_revised.py RSS checkpoint [iter1_lcp_progress_12900_of_34374]: 12.95 GB
2026-07-23 04:53:23,555 3783596 road_revised.py Completed 12910 of 34374, 37.56%
2026-07-23 04:53:23,835 3783596 road_revised.py Completed 12920 of 34374, 37.59%
2026-07-23 04:53:24,073 3783596 road_revised.py Completed 12930 of 34374, 37.62%
2026-07-23 04:53:24,384 3783596 road_revised.py Completed 12940 of 34374, 37.64%
2026-07-23 04:53:27,359 3783596 road_revised.py Completed 12950 of 34374, 37.67%
2026-07-23 04:53:27,404 3783596 road_revised.py Completed 12960 of 34374, 37.70%
2026-07-23 04:53:27,405 3783596 road_revised.py Completed 12970 of 34374, 37.73%
2026-07-23 04:53:27,406 3783596 road_revised.py Completed 12980 of 34374, 37.76%
2026-07-23 04:53:27,409 3783596 road_revised.py Completed 12990 of 34374, 37.79%
2026-07-23 04:53:27,410 3783596 road_revised.py Completed 13000 of 34374, 37.82%
2026-07-23 04:53:27,411 3783596 road_revised.py RSS checkpoint [iter1_lcp_progress_13000_of_34374]: 13.11 GB
2026-07-23 04:53:27,412 3783596 road_revised.py Completed 13010 of 34374, 37.85%
2026-07-23 04:53:27,644 3783596 road_revised.py Completed 13020 of 34374, 37.88%
2026-07-23 04:53:27,897 3783596 road_revised.py Completed 13030 of 34374, 37.91%
2026-07-23 04:53:28,214 3783596 road_revised.py Completed 13040 of 34374, 37.94%
2026-07-23 04:53:28,486 3783596 road_revised.py Completed 13050 of 34374, 37.96%
2026-07-23 04:53:28,778 3783596 road_revised.py Completed 13060 of 34374, 37.99%
2026-07-23 04:53:29,030 3783596 road_revised.py Completed 13070 of 34374, 38.02%
2026-07-23 04:53:29,301 3783596 road_revised.py Completed 13080 of 34374, 38.05%
2026-07-23 04:53:29,582 3783596 road_revised.py Completed 13090 of 34374, 38.08%
2026-07-23 04:53:29,873 3783596 road_revised.py Completed 13100 of 34374, 38.11%
2026-07-23 04:53:29,873 3783596 road_revised.py RSS checkpoint [iter1_lcp_progress_13100_of_34374]: 12.93 GB
2026-07-23 04:53:33,220 3783596 road_revised.py Completed 13110 of 34374, 38.14%
2026-07-23 04:53:33,269 3783596 road_revised.py Completed 13120 of 34374, 38.17%
2026-07-23 04:53:33,693 3783596 road_revised.py Completed 13130 of 34374, 38.20%
2026-07-23 04:53:33,694 3783596 road_revised.py Completed 13140 of 34374, 38.23%
2026-07-23 04:53:33,695 3783596 road_revised.py Completed 13150 of 34374, 38.26%
2026-07-23 04:53:33,696 3783596 road_revised.py Completed 13160 of 34374, 38.28%
2026-07-23 04:53:33,697 3783596 road_revised.py Completed 13170 of 34374, 38.31%
2026-07-23 04:53:33,698 3783596 road_revised.py Completed 13180 of 34374, 38.34%
2026-07-23 04:53:33,699 3783596 road_revised.py Completed 13190 of 34374, 38.37%
2026-07-23 04:53:33,752 3783596 road_revised.py Completed 13200 of 34374, 38.40%
2026-07-23 04:53:33,752 3783596 road_revised.py RSS checkpoint [iter1_lcp_progress_13200_of_34374]: 13.00 GB
2026-07-23 04:53:34,071 3783596 road_revised.py Completed 13210 of 34374, 38.43%
2026-07-23 04:53:34,318 3783596 road_revised.py Completed 13220 of 34374, 38.46%
2026-07-23 04:53:34,623 3783596 road_revised.py Completed 13230 of 34374, 38.49%
2026-07-23 04:53:34,880 3783596 road_revised.py Completed 13240 of 34374, 38.52%
2026-07-23 04:53:35,170 3783596 road_revised.py Completed 13250 of 34374, 38.55%
2026-07-23 04:53:35,409 3783596 road_revised.py Completed 13260 of 34374, 38.58%
2026-07-23 04:53:35,694 3783596 road_revised.py Completed 13270 of 34374, 38.60%
2026-07-23 04:53:37,979 3783596 road_revised.py Completed 13280 of 34374, 38.63%
2026-07-23 04:53:37,983 3783596 road_revised.py Completed 13290 of 34374, 38.66%
2026-07-23 04:53:38,007 3783596 road_revised.py Completed 13300 of 34374, 38.69%
2026-07-23 04:53:38,019 3783596 road_revised.py RSS checkpoint [iter1_lcp_progress_13300_of_34374]: 13.14 GB
2026-07-23 04:53:38,025 3783596 road_revised.py Completed 13310 of 34374, 38.72%
2026-07-23 04:53:38,026 3783596 road_revised.py Completed 13320 of 34374, 38.75%
2026-07-23 04:53:38,032 3783596 road_revised.py Completed 13330 of 34374, 38.78%
2026-07-23 04:53:38,218 3783596 road_revised.py Completed 13340 of 34374, 38.81%
2026-07-23 04:53:38,472 3783596 road_revised.py Completed 13350 of 34374, 38.84%
2026-07-23 04:53:38,706 3783596 road_revised.py Completed 13360 of 34374, 38.87%
2026-07-23 04:53:38,977 3783596 road_revised.py Completed 13370 of 34374, 38.90%
2026-07-23 04:53:39,260 3783596 road_revised.py Completed 13380 of 34374, 38.92%
2026-07-23 04:53:39,553 3783596 road_revised.py Completed 13390 of 34374, 38.95%
2026-07-23 04:53:39,883 3783596 road_revised.py Completed 13400 of 34374, 38.98%
2026-07-23 04:53:39,883 3783596 road_revised.py RSS checkpoint [iter1_lcp_progress_13400_of_34374]: 13.10 GB
2026-07-23 04:53:40,141 3783596 road_revised.py Completed 13410 of 34374, 39.01%
2026-07-23 04:53:40,477 3783596 road_revised.py Completed 13420 of 34374, 39.04%
2026-07-23 04:53:40,737 3783596 road_revised.py Completed 13430 of 34374, 39.07%
2026-07-23 04:53:41,017 3783596 road_revised.py Completed 13440 of 34374, 39.10%
2026-07-23 04:53:45,108 3783596 road_revised.py Completed 13450 of 34374, 39.13%
2026-07-23 04:53:45,111 3783596 road_revised.py Completed 13460 of 34374, 39.16%
2026-07-23 04:53:45,116 3783596 road_revised.py Completed 13470 of 34374, 39.19%
2026-07-23 04:53:45,121 3783596 road_revised.py Completed 13480 of 34374, 39.22%
2026-07-23 04:53:45,122 3783596 road_revised.py Completed 13490 of 34374, 39.24%
2026-07-23 04:53:45,123 3783596 road_revised.py Completed 13500 of 34374, 39.27%
2026-07-23 04:53:45,135 3783596 road_revised.py RSS checkpoint [iter1_lcp_progress_13500_of_34374]: 13.42 GB
2026-07-23 04:53:45,149 3783596 road_revised.py Completed 13510 of 34374, 39.30%
2026-07-23 04:53:45,155 3783596 road_revised.py Completed 13520 of 34374, 39.33%
2026-07-23 04:53:45,198 3783596 road_revised.py Completed 13530 of 34374, 39.36%
2026-07-23 04:53:45,490 3783596 road_revised.py Completed 13540 of 34374, 39.39%
2026-07-23 04:53:45,810 3783596 road_revised.py Completed 13550 of 34374, 39.42%
2026-07-23 04:53:46,085 3783596 road_revised.py Completed 13560 of 34374, 39.45%
2026-07-23 04:53:46,308 3783596 road_revised.py Completed 13570 of 34374, 39.48%
2026-07-23 04:53:46,619 3783596 road_revised.py Completed 13580 of 34374, 39.51%
2026-07-23 04:53:46,898 3783596 road_revised.py Completed 13590 of 34374, 39.54%
2026-07-23 04:53:47,179 3783596 road_revised.py Completed 13600 of 34374, 39.56%
2026-07-23 04:53:47,185 3783596 road_revised.py RSS checkpoint [iter1_lcp_progress_13600_of_34374]: 13.29 GB
2026-07-23 04:53:47,429 3783596 road_revised.py Completed 13610 of 34374, 39.59%
2026-07-23 04:53:49,757 3783596 road_revised.py Completed 13620 of 34374, 39.62%
2026-07-23 04:53:49,811 3783596 road_revised.py Completed 13630 of 34374, 39.65%
2026-07-23 04:53:49,812 3783596 road_revised.py Completed 13640 of 34374, 39.68%
2026-07-23 04:53:49,824 3783596 road_revised.py Completed 13650 of 34374, 39.71%
2026-07-23 04:53:49,827 3783596 road_revised.py Completed 13660 of 34374, 39.74%
2026-07-23 04:53:49,828 3783596 road_revised.py Completed 13670 of 34374, 39.77%
2026-07-23 04:53:50,054 3783596 road_revised.py Completed 13680 of 34374, 39.80%
2026-07-23 04:53:50,313 3783596 road_revised.py Completed 13690 of 34374, 39.83%
2026-07-23 04:53:50,588 3783596 road_revised.py Completed 13700 of 34374, 39.86%
2026-07-23 04:53:50,588 3783596 road_revised.py RSS checkpoint [iter1_lcp_progress_13700_of_34374]: 13.08 GB
2026-07-23 04:53:50,868 3783596 road_revised.py Completed 13710 of 34374, 39.88%
2026-07-23 04:53:51,116 3783596 road_revised.py Completed 13720 of 34374, 39.91%
2026-07-23 04:53:51,392 3783596 road_revised.py Completed 13730 of 34374, 39.94%
2026-07-23 04:53:51,675 3783596 road_revised.py Completed 13740 of 34374, 39.97%
2026-07-23 04:53:51,948 3783596 road_revised.py Completed 13750 of 34374, 40.00%
2026-07-23 04:53:52,223 3783596 road_revised.py Completed 13760 of 34374, 40.03%
2026-07-23 04:53:52,462 3783596 road_revised.py Completed 13770 of 34374, 40.06%
2026-07-23 04:53:56,109 3783596 road_revised.py Completed 13780 of 34374, 40.09%
2026-07-23 04:53:56,114 3783596 road_revised.py Completed 13790 of 34374, 40.12%
2026-07-23 04:53:56,118 3783596 road_revised.py Completed 13800 of 34374, 40.15%
2026-07-23 04:53:56,140 3783596 road_revised.py RSS checkpoint [iter1_lcp_progress_13800_of_34374]: 13.47 GB
2026-07-23 04:53:56,193 3783596 road_revised.py Completed 13810 of 34374, 40.18%
2026-07-23 04:53:56,194 3783596 road_revised.py Completed 13820 of 34374, 40.20%
2026-07-23 04:53:56,200 3783596 road_revised.py Completed 13830 of 34374, 40.23%
2026-07-23 04:53:56,694 3783596 road_revised.py Completed 13840 of 34374, 40.26%
2026-07-23 04:53:56,701 3783596 road_revised.py Completed 13850 of 34374, 40.29%
2026-07-23 04:53:56,703 3783596 road_revised.py Completed 13860 of 34374, 40.32%
2026-07-23 04:53:56,783 3783596 road_revised.py Completed 13870 of 34374, 40.35%
2026-07-23 04:53:57,121 3783596 road_revised.py Completed 13880 of 34374, 40.38%
2026-07-23 04:53:57,411 3783596 road_revised.py Completed 13890 of 34374, 40.41%
2026-07-23 04:53:57,661 3783596 road_revised.py Completed 13900 of 34374, 40.44%
2026-07-23 04:53:57,661 3783596 road_revised.py RSS checkpoint [iter1_lcp_progress_13900_of_34374]: 13.38 GB
2026-07-23 04:53:57,959 3783596 road_revised.py Completed 13910 of 34374, 40.47%
2026-07-23 04:53:58,225 3783596 road_revised.py Completed 13920 of 34374, 40.50%
2026-07-23 04:53:58,489 3783596 road_revised.py Completed 13930 of 34374, 40.52%
2026-07-23 04:53:58,783 3783596 road_revised.py Completed 13940 of 34374, 40.55%
2026-07-23 04:54:01,935 3783596 road_revised.py Completed 13950 of 34374, 40.58%
2026-07-23 04:54:01,983 3783596 road_revised.py Completed 13960 of 34374, 40.61%
2026-07-23 04:54:01,984 3783596 road_revised.py Completed 13970 of 34374, 40.64%
2026-07-23 04:54:01,990 3783596 road_revised.py Completed 13980 of 34374, 40.67%
2026-07-23 04:54:01,996 3783596 road_revised.py Completed 13990 of 34374, 40.70%
2026-07-23 04:54:02,005 3783596 road_revised.py Completed 14000 of 34374, 40.73%
2026-07-23 04:54:02,015 3783596 road_revised.py RSS checkpoint [iter1_lcp_progress_14000_of_34374]: 13.52 GB
2026-07-23 04:54:02,028 3783596 road_revised.py Completed 14010 of 34374, 40.76%
2026-07-23 04:54:02,032 3783596 road_revised.py Completed 14020 of 34374, 40.79%
2026-07-23 04:54:02,077 3783596 road_revised.py Completed 14030 of 34374, 40.82%
2026-07-23 04:54:02,358 3783596 road_revised.py Completed 14040 of 34374, 40.84%
2026-07-23 04:54:02,619 3783596 road_revised.py Completed 14050 of 34374, 40.87%
2026-07-23 04:54:02,891 3783596 road_revised.py Completed 14060 of 34374, 40.90%
2026-07-23 04:54:03,209 3783596 road_revised.py Completed 14070 of 34374, 40.93%
2026-07-23 04:54:03,476 3783596 road_revised.py Completed 14080 of 34374, 40.96%
2026-07-23 04:54:03,761 3783596 road_revised.py Completed 14090 of 34374, 40.99%
2026-07-23 04:54:04,007 3783596 road_revised.py Completed 14100 of 34374, 41.02%
2026-07-23 04:54:04,014 3783596 road_revised.py RSS checkpoint [iter1_lcp_progress_14100_of_34374]: 13.35 GB
2026-07-23 04:54:04,259 3783596 road_revised.py Completed 14110 of 34374, 41.05%
2026-07-23 04:54:07,836 3783596 road_revised.py Completed 14120 of 34374, 41.08%
2026-07-23 04:54:07,889 3783596 road_revised.py Completed 14130 of 34374, 41.11%
2026-07-23 04:54:07,902 3783596 road_revised.py Completed 14140 of 34374, 41.14%
2026-07-23 04:54:07,903 3783596 road_revised.py Completed 14150 of 34374, 41.16%
2026-07-23 04:54:08,402 3783596 road_revised.py Completed 14160 of 34374, 41.19%
2026-07-23 04:54:08,403 3783596 road_revised.py Completed 14170 of 34374, 41.22%
2026-07-23 04:54:08,404 3783596 road_revised.py Completed 14180 of 34374, 41.25%
2026-07-23 04:54:08,420 3783596 road_revised.py Completed 14190 of 34374, 41.28%
2026-07-23 04:54:08,421 3783596 road_revised.py Completed 14200 of 34374, 41.31%
2026-07-23 04:54:08,421 3783596 road_revised.py RSS checkpoint [iter1_lcp_progress_14200_of_34374]: 13.49 GB
2026-07-23 04:54:08,505 3783596 road_revised.py Completed 14210 of 34374, 41.34%
2026-07-23 04:54:08,853 3783596 road_revised.py Completed 14220 of 34374, 41.37%
2026-07-23 04:54:09,146 3783596 road_revised.py Completed 14230 of 34374, 41.40%
2026-07-23 04:54:09,380 3783596 road_revised.py Completed 14240 of 34374, 41.43%
2026-07-23 04:54:09,486 3783596 road_revised.py Completed 14250 of 34374, 41.46%
2026-07-23 04:54:09,703 3783596 road_revised.py Completed 14260 of 34374, 41.48%
2026-07-23 04:54:10,049 3783596 road_revised.py Completed 14270 of 34374, 41.51%
2026-07-23 04:54:10,311 3783596 road_revised.py Completed 14280 of 34374, 41.54%
2026-07-23 04:54:10,575 3783596 road_revised.py Completed 14290 of 34374, 41.57%
2026-07-23 04:54:13,513 3783596 road_revised.py Completed 14300 of 34374, 41.60%
2026-07-23 04:54:13,514 3783596 road_revised.py RSS checkpoint [iter1_lcp_progress_14300_of_34374]: 13.82 GB
2026-07-23 04:54:13,520 3783596 road_revised.py Completed 14310 of 34374, 41.63%
2026-07-23 04:54:13,531 3783596 road_revised.py Completed 14320 of 34374, 41.66%
2026-07-23 04:54:13,557 3783596 road_revised.py Completed 14330 of 34374, 41.69%
2026-07-23 04:54:13,558 3783596 road_revised.py Completed 14340 of 34374, 41.72%
2026-07-23 04:54:13,576 3783596 road_revised.py Completed 14350 of 34374, 41.75%
2026-07-23 04:54:13,625 3783596 road_revised.py Completed 14360 of 34374, 41.78%
2026-07-23 04:54:13,896 3783596 road_revised.py Completed 14370 of 34374, 41.80%
2026-07-23 04:54:14,168 3783596 road_revised.py Completed 14380 of 34374, 41.83%
2026-07-23 04:54:14,433 3783596 road_revised.py Completed 14390 of 34374, 41.86%
2026-07-23 04:54:14,693 3783596 road_revised.py Completed 14400 of 34374, 41.89%
2026-07-23 04:54:14,693 3783596 road_revised.py RSS checkpoint [iter1_lcp_progress_14400_of_34374]: 13.55 GB
2026-07-23 04:54:15,008 3783596 road_revised.py Completed 14410 of 34374, 41.92%
2026-07-23 04:54:15,280 3783596 road_revised.py Completed 14420 of 34374, 41.95%
2026-07-23 04:54:15,512 3783596 road_revised.py Completed 14430 of 34374, 41.98%
2026-07-23 04:54:15,842 3783596 road_revised.py Completed 14440 of 34374, 42.01%
2026-07-23 04:54:16,095 3783596 road_revised.py Completed 14450 of 34374, 42.04%
2026-07-23 04:54:16,368 3783596 road_revised.py Completed 14460 of 34374, 42.07%
2026-07-23 04:54:19,629 3783596 road_revised.py Completed 14470 of 34374, 42.10%
2026-07-23 04:54:20,138 3783596 road_revised.py Completed 14480 of 34374, 42.12%
2026-07-23 04:54:20,139 3783596 road_revised.py Completed 14490 of 34374, 42.15%
2026-07-23 04:54:20,140 3783596 road_revised.py Completed 14500 of 34374, 42.18%
2026-07-23 04:54:20,144 3783596 road_revised.py RSS checkpoint [iter1_lcp_progress_14500_of_34374]: 13.62 GB
2026-07-23 04:54:20,148 3783596 road_revised.py Completed 14510 of 34374, 42.21%
2026-07-23 04:54:20,149 3783596 road_revised.py Completed 14520 of 34374, 42.24%
2026-07-23 04:54:20,150 3783596 road_revised.py Completed 14530 of 34374, 42.27%
2026-07-23 04:54:20,151 3783596 road_revised.py Completed 14540 of 34374, 42.30%
2026-07-23 04:54:20,166 3783596 road_revised.py Completed 14550 of 34374, 42.33%
2026-07-23 04:54:20,407 3783596 road_revised.py Completed 14560 of 34374, 42.36%
2026-07-23 04:54:20,699 3783596 road_revised.py Completed 14570 of 34374, 42.39%
2026-07-23 04:54:20,948 3783596 road_revised.py Completed 14580 of 34374, 42.42%
2026-07-23 04:54:21,197 3783596 road_revised.py Completed 14590 of 34374, 42.44%
2026-07-23 04:54:21,469 3783596 road_revised.py Completed 14600 of 34374, 42.47%
2026-07-23 04:54:21,469 3783596 road_revised.py RSS checkpoint [iter1_lcp_progress_14600_of_34374]: 13.78 GB
2026-07-23 04:54:21,719 3783596 road_revised.py Completed 14610 of 34374, 42.50%
2026-07-23 04:54:22,006 3783596 road_revised.py Completed 14620 of 34374, 42.53%
2026-07-23 04:54:24,466 3783596 road_revised.py Completed 14630 of 34374, 42.56%
2026-07-23 04:54:24,472 3783596 road_revised.py Completed 14640 of 34374, 42.59%
2026-07-23 04:54:24,474 3783596 road_revised.py Completed 14650 of 34374, 42.62%
2026-07-23 04:54:24,491 3783596 road_revised.py Completed 14660 of 34374, 42.65%
2026-07-23 04:54:24,495 3783596 road_revised.py Completed 14670 of 34374, 42.68%
2026-07-23 04:54:24,496 3783596 road_revised.py Completed 14680 of 34374, 42.71%
2026-07-23 04:54:24,577 3783596 road_revised.py Completed 14690 of 34374, 42.74%
2026-07-23 04:54:24,840 3783596 road_revised.py Completed 14700 of 34374, 42.76%
2026-07-23 04:54:24,840 3783596 road_revised.py RSS checkpoint [iter1_lcp_progress_14700_of_34374]: 13.66 GB
2026-07-23 04:54:25,110 3783596 road_revised.py Completed 14710 of 34374, 42.79%
2026-07-23 04:54:25,403 3783596 road_revised.py Completed 14720 of 34374, 42.82%
2026-07-23 04:54:25,692 3783596 road_revised.py Completed 14730 of 34374, 42.85%
2026-07-23 04:54:25,944 3783596 road_revised.py Completed 14740 of 34374, 42.88%
2026-07-23 04:54:26,207 3783596 road_revised.py Completed 14750 of 34374, 42.91%
2026-07-23 04:54:26,487 3783596 road_revised.py Completed 14760 of 34374, 42.94%
2026-07-23 04:54:26,781 3783596 road_revised.py Completed 14770 of 34374, 42.97%
2026-07-23 04:54:27,125 3783596 road_revised.py Completed 14780 of 34374, 43.00%
2026-07-23 04:54:27,401 3783596 road_revised.py Completed 14790 of 34374, 43.03%
2026-07-23 04:54:31,544 3783596 road_revised.py Completed 14800 of 34374, 43.06%
2026-07-23 04:54:31,545 3783596 road_revised.py RSS checkpoint [iter1_lcp_progress_14800_of_34374]: 14.73 GB
2026-07-23 04:54:32,058 3783596 road_revised.py Completed 14810 of 34374, 43.08%
2026-07-23 04:54:32,059 3783596 road_revised.py Completed 14820 of 34374, 43.11%
2026-07-23 04:54:32,060 3783596 road_revised.py Completed 14830 of 34374, 43.14%
2026-07-23 04:54:32,062 3783596 road_revised.py Completed 14840 of 34374, 43.17%
2026-07-23 04:54:32,062 3783596 road_revised.py Completed 14850 of 34374, 43.20%
2026-07-23 04:54:32,063 3783596 road_revised.py Completed 14860 of 34374, 43.23%
2026-07-23 04:54:32,065 3783596 road_revised.py Completed 14870 of 34374, 43.26%
2026-07-23 04:54:32,065 3783596 road_revised.py Completed 14880 of 34374, 43.29%
2026-07-23 04:54:32,159 3783596 road_revised.py Completed 14890 of 34374, 43.32%
2026-07-23 04:54:32,434 3783596 road_revised.py Completed 14900 of 34374, 43.35%
2026-07-23 04:54:32,434 3783596 road_revised.py RSS checkpoint [iter1_lcp_progress_14900_of_34374]: 14.38 GB
2026-07-23 04:54:32,710 3783596 road_revised.py Completed 14910 of 34374, 43.38%
2026-07-23 04:54:33,012 3783596 road_revised.py Completed 14920 of 34374, 43.40%
2026-07-23 04:54:33,323 3783596 road_revised.py Completed 14930 of 34374, 43.43%
2026-07-23 04:54:33,584 3783596 road_revised.py Completed 14940 of 34374, 43.46%
2026-07-23 04:54:33,877 3783596 road_revised.py Completed 14950 of 34374, 43.49%
2026-07-23 04:54:34,164 3783596 road_revised.py Completed 14960 of 34374, 43.52%
2026-07-23 04:54:36,925 3783596 road_revised.py Completed 14970 of 34374, 43.55%
2026-07-23 04:54:36,963 3783596 road_revised.py Completed 14980 of 34374, 43.58%
2026-07-23 04:54:36,977 3783596 road_revised.py Completed 14990 of 34374, 43.61%
2026-07-23 04:54:36,979 3783596 road_revised.py Completed 15000 of 34374, 43.64%
2026-07-23 04:54:36,979 3783596 road_revised.py RSS checkpoint [iter1_lcp_progress_15000_of_34374]: 14.21 GB
2026-07-23 04:54:36,997 3783596 road_revised.py Completed 15010 of 34374, 43.67%
2026-07-23 04:54:36,998 3783596 road_revised.py Completed 15020 of 34374, 43.70%
2026-07-23 04:54:37,016 3783596 road_revised.py Completed 15030 of 34374, 43.72%
2026-07-23 04:54:37,269 3783596 road_revised.py Completed 15040 of 34374, 43.75%
2026-07-23 04:54:37,523 3783596 road_revised.py Completed 15050 of 34374, 43.78%
2026-07-23 04:54:37,885 3783596 road_revised.py Completed 15060 of 34374, 43.81%
2026-07-23 04:54:38,094 3783596 road_revised.py Completed 15070 of 34374, 43.84%
2026-07-23 04:54:38,344 3783596 road_revised.py Completed 15080 of 34374, 43.87%
2026-07-23 04:54:38,629 3783596 road_revised.py Completed 15090 of 34374, 43.90%
2026-07-23 04:54:38,895 3783596 road_revised.py Completed 15100 of 34374, 43.93%
2026-07-23 04:54:38,898 3783596 road_revised.py RSS checkpoint [iter1_lcp_progress_15100_of_34374]: 14.06 GB
2026-07-23 04:54:39,215 3783596 road_revised.py Completed 15110 of 34374, 43.96%
2026-07-23 04:54:39,489 3783596 road_revised.py Completed 15120 of 34374, 43.99%
2026-07-23 04:54:39,506 3783596 road_revised.py Completed 15130 of 34374, 44.02%
2026-07-23 04:54:39,814 3783596 road_revised.py Completed 15140 of 34374, 44.04%
2026-07-23 04:54:44,154 3783596 road_revised.py Completed 15150 of 34374, 44.07%
2026-07-23 04:54:44,155 3783596 road_revised.py Completed 15160 of 34374, 44.10%
2026-07-23 04:54:44,156 3783596 road_revised.py Completed 15170 of 34374, 44.13%
2026-07-23 04:54:44,159 3783596 road_revised.py Completed 15180 of 34374, 44.16%
2026-07-23 04:54:44,160 3783596 road_revised.py Completed 15190 of 34374, 44.19%
2026-07-23 04:54:44,161 3783596 road_revised.py Completed 15200 of 34374, 44.22%
2026-07-23 04:54:44,168 3783596 road_revised.py RSS checkpoint [iter1_lcp_progress_15200_of_34374]: 14.70 GB
2026-07-23 04:54:44,177 3783596 road_revised.py Completed 15210 of 34374, 44.25%
2026-07-23 04:54:44,230 3783596 road_revised.py Completed 15220 of 34374, 44.28%
2026-07-23 04:54:44,559 3783596 road_revised.py Completed 15230 of 34374, 44.31%
2026-07-23 04:54:44,851 3783596 road_revised.py Completed 15240 of 34374, 44.34%
2026-07-23 04:54:45,162 3783596 road_revised.py Completed 15250 of 34374, 44.36%
2026-07-23 04:54:45,439 3783596 road_revised.py Completed 15260 of 34374, 44.39%
2026-07-23 04:54:45,688 3783596 road_revised.py Completed 15270 of 34374, 44.42%
2026-07-23 04:54:46,011 3783596 road_revised.py Completed 15280 of 34374, 44.45%
2026-07-23 04:54:46,322 3783596 road_revised.py Completed 15290 of 34374, 44.48%
2026-07-23 04:54:46,540 3783596 road_revised.py Completed 15300 of 34374, 44.51%
2026-07-23 04:54:46,541 3783596 road_revised.py RSS checkpoint [iter1_lcp_progress_15300_of_34374]: 14.57 GB
2026-07-23 04:54:49,780 3783596 road_revised.py Completed 15310 of 34374, 44.54%
2026-07-23 04:54:49,791 3783596 road_revised.py Completed 15320 of 34374, 44.57%
2026-07-23 04:54:49,826 3783596 road_revised.py Completed 15330 of 34374, 44.60%
2026-07-23 04:54:49,827 3783596 road_revised.py Completed 15340 of 34374, 44.63%
2026-07-23 04:54:49,831 3783596 road_revised.py Completed 15350 of 34374, 44.66%
2026-07-23 04:54:49,833 3783596 road_revised.py Completed 15360 of 34374, 44.68%
2026-07-23 04:54:49,834 3783596 road_revised.py Completed 15370 of 34374, 44.71%
2026-07-23 04:54:49,835 3783596 road_revised.py Completed 15380 of 34374, 44.74%
2026-07-23 04:54:50,003 3783596 road_revised.py Completed 15390 of 34374, 44.77%
2026-07-23 04:54:50,240 3783596 road_revised.py Completed 15400 of 34374, 44.80%
2026-07-23 04:54:50,240 3783596 road_revised.py RSS checkpoint [iter1_lcp_progress_15400_of_34374]: 13.98 GB
2026-07-23 04:54:50,490 3783596 road_revised.py Completed 15410 of 34374, 44.83%
2026-07-23 04:54:50,804 3783596 road_revised.py Completed 15420 of 34374, 44.86%
2026-07-23 04:54:51,066 3783596 road_revised.py Completed 15430 of 34374, 44.89%
2026-07-23 04:54:51,430 3783596 road_revised.py Completed 15440 of 34374, 44.92%
2026-07-23 04:54:51,709 3783596 road_revised.py Completed 15450 of 34374, 44.95%
2026-07-23 04:54:51,952 3783596 road_revised.py Completed 15460 of 34374, 44.98%
2026-07-23 04:54:52,252 3783596 road_revised.py Completed 15470 of 34374, 45.00%
2026-07-23 04:54:55,652 3783596 road_revised.py Completed 15480 of 34374, 45.03%
2026-07-23 04:54:55,718 3783596 road_revised.py Completed 15490 of 34374, 45.06%
2026-07-23 04:54:55,719 3783596 road_revised.py Completed 15500 of 34374, 45.09%
2026-07-23 04:54:55,737 3783596 road_revised.py RSS checkpoint [iter1_lcp_progress_15500_of_34374]: 14.51 GB
2026-07-23 04:54:55,757 3783596 road_revised.py Completed 15510 of 34374, 45.12%
2026-07-23 04:54:56,251 3783596 road_revised.py Completed 15520 of 34374, 45.15%
2026-07-23 04:54:56,252 3783596 road_revised.py Completed 15530 of 34374, 45.18%
2026-07-23 04:54:56,257 3783596 road_revised.py Completed 15540 of 34374, 45.21%
2026-07-23 04:54:56,266 3783596 road_revised.py Completed 15550 of 34374, 45.24%
2026-07-23 04:54:56,267 3783596 road_revised.py Completed 15560 of 34374, 45.27%
2026-07-23 04:54:56,270 3783596 road_revised.py Completed 15570 of 34374, 45.30%
2026-07-23 04:54:56,303 3783596 road_revised.py Completed 15580 of 34374, 45.32%
2026-07-23 04:54:56,566 3783596 road_revised.py Completed 15590 of 34374, 45.35%
2026-07-23 04:54:56,896 3783596 road_revised.py Completed 15600 of 34374, 45.38%
2026-07-23 04:54:56,896 3783596 road_revised.py RSS checkpoint [iter1_lcp_progress_15600_of_34374]: 14.34 GB
2026-07-23 04:54:57,167 3783596 road_revised.py Completed 15610 of 34374, 45.41%
2026-07-23 04:54:57,367 3783596 road_revised.py Completed 15620 of 34374, 45.44%
2026-07-23 04:54:57,628 3783596 road_revised.py Completed 15630 of 34374, 45.47%
2026-07-23 04:54:57,963 3783596 road_revised.py Completed 15640 of 34374, 45.50%
2026-07-23 04:55:00,562 3783596 road_revised.py Completed 15650 of 34374, 45.53%
2026-07-23 04:55:00,566 3783596 road_revised.py Completed 15660 of 34374, 45.56%
2026-07-23 04:55:00,604 3783596 road_revised.py Completed 15670 of 34374, 45.59%
2026-07-23 04:55:00,605 3783596 road_revised.py Completed 15680 of 34374, 45.62%
2026-07-23 04:55:00,606 3783596 road_revised.py Completed 15690 of 34374, 45.64%
2026-07-23 04:55:00,608 3783596 road_revised.py Completed 15700 of 34374, 45.67%
2026-07-23 04:55:00,621 3783596 road_revised.py RSS checkpoint [iter1_lcp_progress_15700_of_34374]: 14.52 GB
2026-07-23 04:55:00,626 3783596 road_revised.py Completed 15710 of 34374, 45.70%
2026-07-23 04:55:00,870 3783596 road_revised.py Completed 15720 of 34374, 45.73%
2026-07-23 04:55:01,209 3783596 road_revised.py Completed 15730 of 34374, 45.76%
2026-07-23 04:55:01,452 3783596 road_revised.py Completed 15740 of 34374, 45.79%
2026-07-23 04:55:01,764 3783596 road_revised.py Completed 15750 of 34374, 45.82%
2026-07-23 04:55:02,059 3783596 road_revised.py Completed 15760 of 34374, 45.85%
2026-07-23 04:55:02,389 3783596 road_revised.py Completed 15770 of 34374, 45.88%
2026-07-23 04:55:02,631 3783596 road_revised.py Completed 15780 of 34374, 45.91%
2026-07-23 04:55:02,947 3783596 road_revised.py Completed 15790 of 34374, 45.94%
2026-07-23 04:55:03,228 3783596 road_revised.py Completed 15800 of 34374, 45.96%
2026-07-23 04:55:03,256 3783596 road_revised.py RSS checkpoint [iter1_lcp_progress_15800_of_34374]: 14.43 GB
2026-07-23 04:55:03,517 3783596 road_revised.py Completed 15810 of 34374, 45.99%
2026-07-23 04:55:07,372 3783596 road_revised.py Completed 15820 of 34374, 46.02%
2026-07-23 04:55:07,373 3783596 road_revised.py Completed 15830 of 34374, 46.05%
2026-07-23 04:55:07,394 3783596 road_revised.py Completed 15840 of 34374, 46.08%
2026-07-23 04:55:07,858 3783596 road_revised.py Completed 15850 of 34374, 46.11%
2026-07-23 04:55:07,859 3783596 road_revised.py Completed 15860 of 34374, 46.14%
2026-07-23 04:55:07,862 3783596 road_revised.py Completed 15870 of 34374, 46.17%
2026-07-23 04:55:07,863 3783596 road_revised.py Completed 15880 of 34374, 46.20%
2026-07-23 04:55:07,864 3783596 road_revised.py Completed 15890 of 34374, 46.23%
2026-07-23 04:55:07,866 3783596 road_revised.py Completed 15900 of 34374, 46.26%
2026-07-23 04:55:07,872 3783596 road_revised.py RSS checkpoint [iter1_lcp_progress_15900_of_34374]: 14.67 GB
2026-07-23 04:55:07,902 3783596 road_revised.py Completed 15910 of 34374, 46.28%
2026-07-23 04:55:08,142 3783596 road_revised.py Completed 15920 of 34374, 46.31%
2026-07-23 04:55:08,529 3783596 road_revised.py Completed 15930 of 34374, 46.34%
2026-07-23 04:55:08,797 3783596 road_revised.py Completed 15940 of 34374, 46.37%
2026-07-23 04:55:09,067 3783596 road_revised.py Completed 15950 of 34374, 46.40%
2026-07-23 04:55:09,384 3783596 road_revised.py Completed 15960 of 34374, 46.43%
2026-07-23 04:55:09,623 3783596 road_revised.py Completed 15970 of 34374, 46.46%
2026-07-23 04:55:12,440 3783596 road_revised.py Completed 15980 of 34374, 46.49%
2026-07-23 04:55:12,452 3783596 road_revised.py Completed 15990 of 34374, 46.52%
2026-07-23 04:55:12,510 3783596 road_revised.py Completed 16000 of 34374, 46.55%
2026-07-23 04:55:12,511 3783596 road_revised.py RSS checkpoint [iter1_lcp_progress_16000_of_34374]: 14.75 GB
2026-07-23 04:55:12,512 3783596 road_revised.py Completed 16010 of 34374, 46.58%
2026-07-23 04:55:12,513 3783596 road_revised.py Completed 16020 of 34374, 46.60%
2026-07-23 04:55:12,522 3783596 road_revised.py Completed 16030 of 34374, 46.63%
2026-07-23 04:55:12,523 3783596 road_revised.py Completed 16040 of 34374, 46.66%
2026-07-23 04:55:12,686 3783596 road_revised.py Completed 16050 of 34374, 46.69%
2026-07-23 04:55:12,970 3783596 road_revised.py Completed 16060 of 34374, 46.72%
2026-07-23 04:55:13,218 3783596 road_revised.py Completed 16070 of 34374, 46.75%
2026-07-23 04:55:13,494 3783596 road_revised.py Completed 16080 of 34374, 46.78%
2026-07-23 04:55:13,771 3783596 road_revised.py Completed 16090 of 34374, 46.81%
2026-07-23 04:55:14,009 3783596 road_revised.py Completed 16100 of 34374, 46.84%
2026-07-23 04:55:14,019 3783596 road_revised.py RSS checkpoint [iter1_lcp_progress_16100_of_34374]: 14.59 GB
2026-07-23 04:55:14,262 3783596 road_revised.py Completed 16110 of 34374, 46.87%
2026-07-23 04:55:14,543 3783596 road_revised.py Completed 16120 of 34374, 46.90%
2026-07-23 04:55:14,805 3783596 road_revised.py Completed 16130 of 34374, 46.93%
2026-07-23 04:55:15,052 3783596 road_revised.py Completed 16140 of 34374, 46.95%
2026-07-23 04:55:18,869 3783596 road_revised.py Completed 16150 of 34374, 46.98%
2026-07-23 04:55:18,871 3783596 road_revised.py Completed 16160 of 34374, 47.01%
2026-07-23 04:55:18,872 3783596 road_revised.py Completed 16170 of 34374, 47.04%
2026-07-23 04:55:18,882 3783596 road_revised.py Completed 16180 of 34374, 47.07%
2026-07-23 04:55:19,355 3783596 road_revised.py Completed 16190 of 34374, 47.10%
2026-07-23 04:55:19,357 3783596 road_revised.py Completed 16200 of 34374, 47.13%
2026-07-23 04:55:19,363 3783596 road_revised.py RSS checkpoint [iter1_lcp_progress_16200_of_34374]: 14.82 GB
2026-07-23 04:55:19,368 3783596 road_revised.py Completed 16210 of 34374, 47.16%
2026-07-23 04:55:19,373 3783596 road_revised.py Completed 16220 of 34374, 47.19%
2026-07-23 04:55:19,384 3783596 road_revised.py Completed 16230 of 34374, 47.22%
2026-07-23 04:55:19,620 3783596 road_revised.py Completed 16240 of 34374, 47.25%
2026-07-23 04:55:19,942 3783596 road_revised.py Completed 16250 of 34374, 47.27%
2026-07-23 04:55:20,256 3783596 road_revised.py Completed 16260 of 34374, 47.30%
2026-07-23 04:55:20,523 3783596 road_revised.py Completed 16270 of 34374, 47.33%
2026-07-23 04:55:20,786 3783596 road_revised.py Completed 16280 of 34374, 47.36%
2026-07-23 04:55:21,110 3783596 road_revised.py Completed 16290 of 34374, 47.39%
2026-07-23 04:55:21,379 3783596 road_revised.py Completed 16300 of 34374, 47.42%
2026-07-23 04:55:21,380 3783596 road_revised.py RSS checkpoint [iter1_lcp_progress_16300_of_34374]: 15.04 GB
2026-07-23 04:55:21,691 3783596 road_revised.py Completed 16310 of 34374, 47.45%
2026-07-23 04:55:24,816 3783596 road_revised.py Completed 16320 of 34374, 47.48%
2026-07-23 04:55:24,818 3783596 road_revised.py Completed 16330 of 34374, 47.51%
2026-07-23 04:55:24,819 3783596 road_revised.py Completed 16340 of 34374, 47.54%
2026-07-23 04:55:24,833 3783596 road_revised.py Completed 16350 of 34374, 47.57%
2026-07-23 04:55:24,838 3783596 road_revised.py Completed 16360 of 34374, 47.59%
2026-07-23 04:55:24,840 3783596 road_revised.py Completed 16370 of 34374, 47.62%
2026-07-23 04:55:24,841 3783596 road_revised.py Completed 16380 of 34374, 47.65%
2026-07-23 04:55:25,043 3783596 road_revised.py Completed 16390 of 34374, 47.68%
2026-07-23 04:55:25,278 3783596 road_revised.py Completed 16400 of 34374, 47.71%
2026-07-23 04:55:25,278 3783596 road_revised.py RSS checkpoint [iter1_lcp_progress_16400_of_34374]: 14.71 GB
2026-07-23 04:55:25,552 3783596 road_revised.py Completed 16410 of 34374, 47.74%
2026-07-23 04:55:25,805 3783596 road_revised.py Completed 16420 of 34374, 47.77%
2026-07-23 04:55:26,116 3783596 road_revised.py Completed 16430 of 34374, 47.80%
2026-07-23 04:55:26,361 3783596 road_revised.py Completed 16440 of 34374, 47.83%
2026-07-23 04:55:26,618 3783596 road_revised.py Completed 16450 of 34374, 47.86%
2026-07-23 04:55:26,932 3783596 road_revised.py Completed 16460 of 34374, 47.89%
2026-07-23 04:55:27,224 3783596 road_revised.py Completed 16470 of 34374, 47.91%
2026-07-23 04:55:27,467 3783596 road_revised.py Completed 16480 of 34374, 47.94%
2026-07-23 04:55:30,889 3783596 road_revised.py Completed 16490 of 34374, 47.97%
2026-07-23 04:55:31,374 3783596 road_revised.py Completed 16500 of 34374, 48.00%
2026-07-23 04:55:31,375 3783596 road_revised.py RSS checkpoint [iter1_lcp_progress_16500_of_34374]: 14.88 GB
2026-07-23 04:55:31,376 3783596 road_revised.py Completed 16510 of 34374, 48.03%
2026-07-23 04:55:31,390 3783596 road_revised.py Completed 16520 of 34374, 48.06%
2026-07-23 04:55:31,395 3783596 road_revised.py Completed 16530 of 34374, 48.09%
2026-07-23 04:55:31,395 3783596 road_revised.py Completed 16540 of 34374, 48.12%
2026-07-23 04:55:31,396 3783596 road_revised.py Completed 16550 of 34374, 48.15%
2026-07-23 04:55:31,398 3783596 road_revised.py Completed 16560 of 34374, 48.18%
2026-07-23 04:55:31,399 3783596 road_revised.py Completed 16570 of 34374, 48.21%
2026-07-23 04:55:31,611 3783596 road_revised.py Completed 16580 of 34374, 48.23%
2026-07-23 04:55:31,858 3783596 road_revised.py Completed 16590 of 34374, 48.26%
2026-07-23 04:55:32,160 3783596 road_revised.py Completed 16600 of 34374, 48.29%
2026-07-23 04:55:32,161 3783596 road_revised.py RSS checkpoint [iter1_lcp_progress_16600_of_34374]: 14.97 GB
2026-07-23 04:55:32,403 3783596 road_revised.py Completed 16610 of 34374, 48.32%
2026-07-23 04:55:32,706 3783596 road_revised.py Completed 16620 of 34374, 48.35%
2026-07-23 04:55:32,933 3783596 road_revised.py Completed 16630 of 34374, 48.38%
2026-07-23 04:55:33,182 3783596 road_revised.py Completed 16640 of 34374, 48.41%
2026-07-23 04:55:36,242 3783596 road_revised.py Completed 16650 of 34374, 48.44%
2026-07-23 04:55:36,251 3783596 road_revised.py Completed 16660 of 34374, 48.47%
2026-07-23 04:55:36,294 3783596 road_revised.py Completed 16670 of 34374, 48.50%
2026-07-23 04:55:36,295 3783596 road_revised.py Completed 16680 of 34374, 48.53%
2026-07-23 04:55:36,296 3783596 road_revised.py Completed 16690 of 34374, 48.55%
2026-07-23 04:55:36,297 3783596 road_revised.py Completed 16700 of 34374, 48.58%
2026-07-23 04:55:36,303 3783596 road_revised.py RSS checkpoint [iter1_lcp_progress_16700_of_34374]: 15.18 GB
2026-07-23 04:55:36,314 3783596 road_revised.py Completed 16710 of 34374, 48.61%
2026-07-23 04:55:36,324 3783596 road_revised.py Completed 16720 of 34374, 48.64%
2026-07-23 04:55:36,625 3783596 road_revised.py Completed 16730 of 34374, 48.67%
2026-07-23 04:55:36,934 3783596 road_revised.py Completed 16740 of 34374, 48.70%
2026-07-23 04:55:37,179 3783596 road_revised.py Completed 16750 of 34374, 48.73%
2026-07-23 04:55:37,458 3783596 road_revised.py Completed 16760 of 34374, 48.76%
2026-07-23 04:55:37,755 3783596 road_revised.py Completed 16770 of 34374, 48.79%
2026-07-23 04:55:38,024 3783596 road_revised.py Completed 16780 of 34374, 48.82%
2026-07-23 04:55:38,254 3783596 road_revised.py Completed 16790 of 34374, 48.85%
2026-07-23 04:55:38,540 3783596 road_revised.py Completed 16800 of 34374, 48.87%
2026-07-23 04:55:38,540 3783596 road_revised.py RSS checkpoint [iter1_lcp_progress_16800_of_34374]: 15.04 GB
2026-07-23 04:55:38,846 3783596 road_revised.py Completed 16810 of 34374, 48.90%
2026-07-23 04:55:39,097 3783596 road_revised.py Completed 16820 of 34374, 48.93%
2026-07-23 04:55:43,198 3783596 road_revised.py Completed 16830 of 34374, 48.96%
2026-07-23 04:55:43,199 3783596 road_revised.py Completed 16840 of 34374, 48.99%
2026-07-23 04:55:43,200 3783596 road_revised.py Completed 16850 of 34374, 49.02%
2026-07-23 04:55:43,201 3783596 road_revised.py Completed 16860 of 34374, 49.05%
2026-07-23 04:55:43,203 3783596 road_revised.py Completed 16870 of 34374, 49.08%
2026-07-23 04:55:43,204 3783596 road_revised.py Completed 16880 of 34374, 49.11%
2026-07-23 04:55:43,206 3783596 road_revised.py Completed 16890 of 34374, 49.14%
2026-07-23 04:55:43,206 3783596 road_revised.py Completed 16900 of 34374, 49.17%
2026-07-23 04:55:43,211 3783596 road_revised.py RSS checkpoint [iter1_lcp_progress_16900_of_34374]: 15.32 GB
2026-07-23 04:55:43,221 3783596 road_revised.py Completed 16910 of 34374, 49.19%
2026-07-23 04:55:43,456 3783596 road_revised.py Completed 16920 of 34374, 49.22%
2026-07-23 04:55:43,723 3783596 road_revised.py Completed 16930 of 34374, 49.25%
2026-07-23 04:55:43,987 3783596 road_revised.py Completed 16940 of 34374, 49.28%
2026-07-23 04:55:44,235 3783596 road_revised.py Completed 16950 of 34374, 49.31%
2026-07-23 04:55:44,502 3783596 road_revised.py Completed 16960 of 34374, 49.34%
2026-07-23 04:55:44,763 3783596 road_revised.py Completed 16970 of 34374, 49.37%
2026-07-23 04:55:45,059 3783596 road_revised.py Completed 16980 of 34374, 49.40%
2026-07-23 04:55:45,281 3783596 road_revised.py Completed 16990 of 34374, 49.43%
2026-07-23 04:55:48,061 3783596 road_revised.py Completed 17000 of 34374, 49.46%
2026-07-23 04:55:48,067 3783596 road_revised.py RSS checkpoint [iter1_lcp_progress_17000_of_34374]: 15.35 GB
2026-07-23 04:55:48,087 3783596 road_revised.py Completed 17010 of 34374, 49.49%
2026-07-23 04:55:48,102 3783596 road_revised.py Completed 17020 of 34374, 49.51%
2026-07-23 04:55:48,133 3783596 road_revised.py Completed 17030 of 34374, 49.54%
2026-07-23 04:55:48,141 3783596 road_revised.py Completed 17040 of 34374, 49.57%
2026-07-23 04:55:48,142 3783596 road_revised.py Completed 17050 of 34374, 49.60%
2026-07-23 04:55:48,151 3783596 road_revised.py Completed 17060 of 34374, 49.63%
2026-07-23 04:55:48,404 3783596 road_revised.py Completed 17070 of 34374, 49.66%
2026-07-23 04:55:48,717 3783596 road_revised.py Completed 17080 of 34374, 49.69%
2026-07-23 04:55:49,038 3783596 road_revised.py Completed 17090 of 34374, 49.72%
2026-07-23 04:55:49,331 3783596 road_revised.py Completed 17100 of 34374, 49.75%
2026-07-23 04:55:49,332 3783596 road_revised.py RSS checkpoint [iter1_lcp_progress_17100_of_34374]: 15.19 GB
2026-07-23 04:55:49,613 3783596 road_revised.py Completed 17110 of 34374, 49.78%
2026-07-23 04:55:49,873 3783596 road_revised.py Completed 17120 of 34374, 49.81%
2026-07-23 04:55:50,144 3783596 road_revised.py Completed 17130 of 34374, 49.83%
2026-07-23 04:55:50,402 3783596 road_revised.py Completed 17140 of 34374, 49.86%
2026-07-23 04:55:50,696 3783596 road_revised.py Completed 17150 of 34374, 49.89%
2026-07-23 04:55:50,990 3783596 road_revised.py Completed 17160 of 34374, 49.92%
2026-07-23 04:55:54,894 3783596 road_revised.py Completed 17170 of 34374, 49.95%
2026-07-23 04:55:54,902 3783596 road_revised.py Completed 17180 of 34374, 49.98%
2026-07-23 04:55:54,903 3783596 road_revised.py Completed 17190 of 34374, 50.01%
2026-07-23 04:55:55,387 3783596 road_revised.py Completed 17200 of 34374, 50.04%
2026-07-23 04:55:55,387 3783596 road_revised.py RSS checkpoint [iter1_lcp_progress_17200_of_34374]: 15.26 GB
2026-07-23 04:55:55,388 3783596 road_revised.py Completed 17210 of 34374, 50.07%
2026-07-23 04:55:55,396 3783596 road_revised.py Completed 17220 of 34374, 50.10%
2026-07-23 04:55:55,409 3783596 road_revised.py Completed 17230 of 34374, 50.13%
2026-07-23 04:55:55,410 3783596 road_revised.py Completed 17240 of 34374, 50.15%
2026-07-23 04:55:55,411 3783596 road_revised.py Completed 17250 of 34374, 50.18%
2026-07-23 04:55:55,416 3783596 road_revised.py Completed 17260 of 34374, 50.21%
2026-07-23 04:55:55,635 3783596 road_revised.py Completed 17270 of 34374, 50.24%
2026-07-23 04:55:55,903 3783596 road_revised.py Completed 17280 of 34374, 50.27%
2026-07-23 04:55:56,167 3783596 road_revised.py Completed 17290 of 34374, 50.30%
2026-07-23 04:55:56,453 3783596 road_revised.py Completed 17300 of 34374, 50.33%
2026-07-23 04:55:56,453 3783596 road_revised.py RSS checkpoint [iter1_lcp_progress_17300_of_34374]: 15.37 GB
2026-07-23 04:55:56,696 3783596 road_revised.py Completed 17310 of 34374, 50.36%
2026-07-23 04:55:56,932 3783596 road_revised.py Completed 17320 of 34374, 50.39%
2026-07-23 04:55:59,497 3783596 road_revised.py Completed 17330 of 34374, 50.42%
2026-07-23 04:55:59,569 3783596 road_revised.py Completed 17340 of 34374, 50.45%
2026-07-23 04:55:59,571 3783596 road_revised.py Completed 17350 of 34374, 50.47%
2026-07-23 04:55:59,572 3783596 road_revised.py Completed 17360 of 34374, 50.50%
2026-07-23 04:55:59,573 3783596 road_revised.py Completed 17370 of 34374, 50.53%
2026-07-23 04:55:59,574 3783596 road_revised.py Completed 17380 of 34374, 50.56%
2026-07-23 04:55:59,768 3783596 road_revised.py Completed 17390 of 34374, 50.59%
2026-07-23 04:56:00,009 3783596 road_revised.py Completed 17400 of 34374, 50.62%
2026-07-23 04:56:00,010 3783596 road_revised.py RSS checkpoint [iter1_lcp_progress_17400_of_34374]: 15.15 GB
2026-07-23 04:56:00,348 3783596 road_revised.py Completed 17410 of 34374, 50.65%
2026-07-23 04:56:00,589 3783596 road_revised.py Completed 17420 of 34374, 50.68%
2026-07-23 04:56:00,934 3783596 road_revised.py Completed 17430 of 34374, 50.71%
2026-07-23 04:56:01,163 3783596 road_revised.py Completed 17440 of 34374, 50.74%
2026-07-23 04:56:01,421 3783596 road_revised.py Completed 17450 of 34374, 50.77%
2026-07-23 04:56:01,705 3783596 road_revised.py Completed 17460 of 34374, 50.79%
2026-07-23 04:56:01,943 3783596 road_revised.py Completed 17470 of 34374, 50.82%
2026-07-23 04:56:02,161 3783596 road_revised.py Completed 17480 of 34374, 50.85%
2026-07-23 04:56:02,466 3783596 road_revised.py Completed 17490 of 34374, 50.88%
2026-07-23 04:56:06,431 3783596 road_revised.py Completed 17500 of 34374, 50.91%
2026-07-23 04:56:06,431 3783596 road_revised.py RSS checkpoint [iter1_lcp_progress_17500_of_34374]: 15.91 GB
2026-07-23 04:56:06,435 3783596 road_revised.py Completed 17510 of 34374, 50.94%
2026-07-23 04:56:06,436 3783596 road_revised.py Completed 17520 of 34374, 50.97%
2026-07-23 04:56:06,437 3783596 road_revised.py Completed 17530 of 34374, 51.00%
2026-07-23 04:56:07,043 3783596 road_revised.py Completed 17540 of 34374, 51.03%
2026-07-23 04:56:07,045 3783596 road_revised.py Completed 17550 of 34374, 51.06%
2026-07-23 04:56:07,046 3783596 road_revised.py Completed 17560 of 34374, 51.09%
2026-07-23 04:56:07,082 3783596 road_revised.py Completed 17570 of 34374, 51.11%
2026-07-23 04:56:07,083 3783596 road_revised.py Completed 17580 of 34374, 51.14%
2026-07-23 04:56:07,087 3783596 road_revised.py Completed 17590 of 34374, 51.17%
2026-07-23 04:56:07,192 3783596 road_revised.py Completed 17600 of 34374, 51.20%
2026-07-23 04:56:07,193 3783596 road_revised.py RSS checkpoint [iter1_lcp_progress_17600_of_34374]: 15.42 GB
2026-07-23 04:56:07,467 3783596 road_revised.py Completed 17610 of 34374, 51.23%
2026-07-23 04:56:07,725 3783596 road_revised.py Completed 17620 of 34374, 51.26%
2026-07-23 04:56:08,013 3783596 road_revised.py Completed 17630 of 34374, 51.29%
2026-07-23 04:56:08,319 3783596 road_revised.py Completed 17640 of 34374, 51.32%
2026-07-23 04:56:08,613 3783596 road_revised.py Completed 17650 of 34374, 51.35%
2026-07-23 04:56:08,838 3783596 road_revised.py Completed 17660 of 34374, 51.38%
2026-07-23 04:56:09,137 3783596 road_revised.py Completed 17670 of 34374, 51.41%
2026-07-23 04:56:11,793 3783596 road_revised.py Completed 17680 of 34374, 51.43%
2026-07-23 04:56:11,835 3783596 road_revised.py Completed 17690 of 34374, 51.46%
2026-07-23 04:56:11,836 3783596 road_revised.py Completed 17700 of 34374, 51.49%
2026-07-23 04:56:11,849 3783596 road_revised.py RSS checkpoint [iter1_lcp_progress_17700_of_34374]: 14.31 GB
2026-07-23 04:56:11,850 3783596 road_revised.py Completed 17710 of 34374, 51.52%
2026-07-23 04:56:11,860 3783596 road_revised.py Completed 17720 of 34374, 51.55%
2026-07-23 04:56:11,867 3783596 road_revised.py Completed 17730 of 34374, 51.58%
2026-07-23 04:56:11,959 3783596 road_revised.py Completed 17740 of 34374, 51.61%
2026-07-23 04:56:12,251 3783596 road_revised.py Completed 17750 of 34374, 51.64%
2026-07-23 04:56:12,521 3783596 road_revised.py Completed 17760 of 34374, 51.67%
2026-07-23 04:56:12,821 3783596 road_revised.py Completed 17770 of 34374, 51.70%
2026-07-23 04:56:13,084 3783596 road_revised.py Completed 17780 of 34374, 51.73%
2026-07-23 04:56:13,363 3783596 road_revised.py Completed 17790 of 34374, 51.75%
2026-07-23 04:56:13,630 3783596 road_revised.py Completed 17800 of 34374, 51.78%
2026-07-23 04:56:13,630 3783596 road_revised.py RSS checkpoint [iter1_lcp_progress_17800_of_34374]: 14.35 GB
2026-07-23 04:56:13,880 3783596 road_revised.py Completed 17810 of 34374, 51.81%
2026-07-23 04:56:14,152 3783596 road_revised.py Completed 17820 of 34374, 51.84%
2026-07-23 04:56:14,438 3783596 road_revised.py Completed 17830 of 34374, 51.87%
2026-07-23 04:56:14,672 3783596 road_revised.py Completed 17840 of 34374, 51.90%
2026-07-23 04:56:17,935 3783596 road_revised.py Completed 17850 of 34374, 51.93%
2026-07-23 04:56:17,939 3783596 road_revised.py Completed 17860 of 34374, 51.96%
2026-07-23 04:56:17,941 3783596 road_revised.py Completed 17870 of 34374, 51.99%
2026-07-23 04:56:18,384 3783596 road_revised.py Completed 17880 of 34374, 52.02%
2026-07-23 04:56:18,395 3783596 road_revised.py Completed 17890 of 34374, 52.05%
2026-07-23 04:56:18,396 3783596 road_revised.py Completed 17900 of 34374, 52.07%
2026-07-23 04:56:18,396 3783596 road_revised.py RSS checkpoint [iter1_lcp_progress_17900_of_34374]: 14.61 GB
2026-07-23 04:56:18,400 3783596 road_revised.py Completed 17910 of 34374, 52.10%
2026-07-23 04:56:18,401 3783596 road_revised.py Completed 17920 of 34374, 52.13%
2026-07-23 04:56:18,608 3783596 road_revised.py Completed 17930 of 34374, 52.16%
2026-07-23 04:56:18,852 3783596 road_revised.py Completed 17940 of 34374, 52.19%
2026-07-23 04:56:19,100 3783596 road_revised.py Completed 17950 of 34374, 52.22%
2026-07-23 04:56:19,342 3783596 road_revised.py Completed 17960 of 34374, 52.25%
2026-07-23 04:56:19,622 3783596 road_revised.py Completed 17970 of 34374, 52.28%
2026-07-23 04:56:19,866 3783596 road_revised.py Completed 17980 of 34374, 52.31%
2026-07-23 04:56:20,186 3783596 road_revised.py Completed 17990 of 34374, 52.34%
2026-07-23 04:56:20,394 3783596 road_revised.py Completed 18000 of 34374, 52.37%
2026-07-23 04:56:20,394 3783596 road_revised.py RSS checkpoint [iter1_lcp_progress_18000_of_34374]: 15.13 GB
2026-07-23 04:56:23,428 3783596 road_revised.py Completed 18010 of 34374, 52.39%
2026-07-23 04:56:23,432 3783596 road_revised.py Completed 18020 of 34374, 52.42%
2026-07-23 04:56:23,433 3783596 road_revised.py Completed 18030 of 34374, 52.45%
2026-07-23 04:56:23,444 3783596 road_revised.py Completed 18040 of 34374, 52.48%
2026-07-23 04:56:23,451 3783596 road_revised.py Completed 18050 of 34374, 52.51%
2026-07-23 04:56:23,452 3783596 road_revised.py Completed 18060 of 34374, 52.54%
2026-07-23 04:56:23,487 3783596 road_revised.py Completed 18070 of 34374, 52.57%
2026-07-23 04:56:23,801 3783596 road_revised.py Completed 18080 of 34374, 52.60%
2026-07-23 04:56:24,084 3783596 road_revised.py Completed 18090 of 34374, 52.63%
2026-07-23 04:56:24,363 3783596 road_revised.py Completed 18100 of 34374, 52.66%
2026-07-23 04:56:24,364 3783596 road_revised.py RSS checkpoint [iter1_lcp_progress_18100_of_34374]: 14.62 GB
2026-07-23 04:56:24,470 3783596 road_revised.py Completed 18110 of 34374, 52.69%
2026-07-23 04:56:24,701 3783596 road_revised.py Completed 18120 of 34374, 52.71%
2026-07-23 04:56:25,000 3783596 road_revised.py Completed 18130 of 34374, 52.74%
2026-07-23 04:56:25,248 3783596 road_revised.py Completed 18140 of 34374, 52.77%
2026-07-23 04:56:25,489 3783596 road_revised.py Completed 18150 of 34374, 52.80%
2026-07-23 04:56:25,836 3783596 road_revised.py Completed 18160 of 34374, 52.83%
2026-07-23 04:56:26,076 3783596 road_revised.py Completed 18170 of 34374, 52.86%
2026-07-23 04:56:26,349 3783596 road_revised.py Completed 18180 of 34374, 52.89%
2026-07-23 04:56:30,058 3783596 road_revised.py Completed 18190 of 34374, 52.92%
2026-07-23 04:56:30,064 3783596 road_revised.py Completed 18200 of 34374, 52.95%
2026-07-23 04:56:30,085 3783596 road_revised.py RSS checkpoint [iter1_lcp_progress_18200_of_34374]: 15.17 GB
2026-07-23 04:56:30,124 3783596 road_revised.py Completed 18210 of 34374, 52.98%
2026-07-23 04:56:30,568 3783596 road_revised.py Completed 18220 of 34374, 53.01%
2026-07-23 04:56:30,569 3783596 road_revised.py Completed 18230 of 34374, 53.03%
2026-07-23 04:56:30,575 3783596 road_revised.py Completed 18240 of 34374, 53.06%
2026-07-23 04:56:30,585 3783596 road_revised.py Completed 18250 of 34374, 53.09%
2026-07-23 04:56:30,586 3783596 road_revised.py Completed 18260 of 34374, 53.12%
2026-07-23 04:56:30,601 3783596 road_revised.py Completed 18270 of 34374, 53.15%
2026-07-23 04:56:30,602 3783596 road_revised.py Completed 18280 of 34374, 53.18%
2026-07-23 04:56:30,784 3783596 road_revised.py Completed 18290 of 34374, 53.21%
2026-07-23 04:56:31,012 3783596 road_revised.py Completed 18300 of 34374, 53.24%
2026-07-23 04:56:31,025 3783596 road_revised.py RSS checkpoint [iter1_lcp_progress_18300_of_34374]: 14.91 GB
2026-07-23 04:56:31,289 3783596 road_revised.py Completed 18310 of 34374, 53.27%
2026-07-23 04:56:31,522 3783596 road_revised.py Completed 18320 of 34374, 53.30%
2026-07-23 04:56:31,780 3783596 road_revised.py Completed 18330 of 34374, 53.33%
2026-07-23 04:56:32,055 3783596 road_revised.py Completed 18340 of 34374, 53.35%
2026-07-23 04:56:32,306 3783596 road_revised.py Completed 18350 of 34374, 53.38%
2026-07-23 04:56:34,870 3783596 road_revised.py Completed 18360 of 34374, 53.41%
2026-07-23 04:56:34,917 3783596 road_revised.py Completed 18370 of 34374, 53.44%
2026-07-23 04:56:34,918 3783596 road_revised.py Completed 18380 of 34374, 53.47%
2026-07-23 04:56:34,919 3783596 road_revised.py Completed 18390 of 34374, 53.50%
2026-07-23 04:56:34,943 3783596 road_revised.py Completed 18400 of 34374, 53.53%
2026-07-23 04:56:34,950 3783596 road_revised.py RSS checkpoint [iter1_lcp_progress_18400_of_34374]: 15.11 GB
2026-07-23 04:56:34,954 3783596 road_revised.py Completed 18410 of 34374, 53.56%
2026-07-23 04:56:35,111 3783596 road_revised.py Completed 18420 of 34374, 53.59%
2026-07-23 04:56:35,361 3783596 road_revised.py Completed 18430 of 34374, 53.62%
2026-07-23 04:56:35,602 3783596 road_revised.py Completed 18440 of 34374, 53.65%
2026-07-23 04:56:35,869 3783596 road_revised.py Completed 18450 of 34374, 53.67%
2026-07-23 04:56:36,113 3783596 road_revised.py Completed 18460 of 34374, 53.70%
2026-07-23 04:56:36,438 3783596 road_revised.py Completed 18470 of 34374, 53.73%
2026-07-23 04:56:36,689 3783596 road_revised.py Completed 18480 of 34374, 53.76%
2026-07-23 04:56:36,957 3783596 road_revised.py Completed 18490 of 34374, 53.79%
2026-07-23 04:56:37,203 3783596 road_revised.py Completed 18500 of 34374, 53.82%
2026-07-23 04:56:37,204 3783596 road_revised.py RSS checkpoint [iter1_lcp_progress_18500_of_34374]: 15.23 GB
2026-07-23 04:56:37,526 3783596 road_revised.py Completed 18510 of 34374, 53.85%
2026-07-23 04:56:37,831 3783596 road_revised.py Completed 18520 of 34374, 53.88%
2026-07-23 04:56:41,726 3783596 road_revised.py Completed 18530 of 34374, 53.91%
2026-07-23 04:56:41,741 3783596 road_revised.py Completed 18540 of 34374, 53.94%
2026-07-23 04:56:41,742 3783596 road_revised.py Completed 18550 of 34374, 53.97%
2026-07-23 04:56:42,254 3783596 road_revised.py Completed 18560 of 34374, 53.99%
2026-07-23 04:56:42,255 3783596 road_revised.py Completed 18570 of 34374, 54.02%
2026-07-23 04:56:42,255 3783596 road_revised.py Completed 18580 of 34374, 54.05%
2026-07-23 04:56:42,258 3783596 road_revised.py Completed 18590 of 34374, 54.08%
2026-07-23 04:56:42,259 3783596 road_revised.py Completed 18600 of 34374, 54.11%
2026-07-23 04:56:42,270 3783596 road_revised.py RSS checkpoint [iter1_lcp_progress_18600_of_34374]: 15.49 GB
2026-07-23 04:56:42,511 3783596 road_revised.py Completed 18610 of 34374, 54.14%
2026-07-23 04:56:42,773 3783596 road_revised.py Completed 18620 of 34374, 54.17%
2026-07-23 04:56:42,907 3783596 road_revised.py Completed 18630 of 34374, 54.20%
2026-07-23 04:56:43,049 3783596 road_revised.py Completed 18640 of 34374, 54.23%
2026-07-23 04:56:43,357 3783596 road_revised.py Completed 18650 of 34374, 54.26%
2026-07-23 04:56:43,641 3783596 road_revised.py Completed 18660 of 34374, 54.29%
2026-07-23 04:56:43,918 3783596 road_revised.py Completed 18670 of 34374, 54.31%
2026-07-23 04:56:44,217 3783596 road_revised.py Completed 18680 of 34374, 54.34%
2026-07-23 04:56:44,477 3783596 road_revised.py Completed 18690 of 34374, 54.37%
2026-07-23 04:56:47,786 3783596 road_revised.py Completed 18700 of 34374, 54.40%
2026-07-23 04:56:47,787 3783596 road_revised.py RSS checkpoint [iter1_lcp_progress_18700_of_34374]: 15.44 GB
2026-07-23 04:56:47,820 3783596 road_revised.py Completed 18710 of 34374, 54.43%
2026-07-23 04:56:47,827 3783596 road_revised.py Completed 18720 of 34374, 54.46%
2026-07-23 04:56:47,828 3783596 road_revised.py Completed 18730 of 34374, 54.49%
2026-07-23 04:56:47,853 3783596 road_revised.py Completed 18740 of 34374, 54.52%
2026-07-23 04:56:47,854 3783596 road_revised.py Completed 18750 of 34374, 54.55%
2026-07-23 04:56:47,855 3783596 road_revised.py Completed 18760 of 34374, 54.58%
2026-07-23 04:56:47,866 3783596 road_revised.py Completed 18770 of 34374, 54.61%
2026-07-23 04:56:48,059 3783596 road_revised.py Completed 18780 of 34374, 54.63%
2026-07-23 04:56:48,332 3783596 road_revised.py Completed 18790 of 34374, 54.66%
2026-07-23 04:56:48,584 3783596 road_revised.py Completed 18800 of 34374, 54.69%
2026-07-23 04:56:48,584 3783596 road_revised.py RSS checkpoint [iter1_lcp_progress_18800_of_34374]: 15.13 GB
2026-07-23 04:56:48,882 3783596 road_revised.py Completed 18810 of 34374, 54.72%
2026-07-23 04:56:49,163 3783596 road_revised.py Completed 18820 of 34374, 54.75%
2026-07-23 04:56:49,441 3783596 road_revised.py Completed 18830 of 34374, 54.78%
2026-07-23 04:56:49,685 3783596 road_revised.py Completed 18840 of 34374, 54.81%
2026-07-23 04:56:49,946 3783596 road_revised.py Completed 18850 of 34374, 54.84%
2026-07-23 04:56:50,208 3783596 road_revised.py Completed 18860 of 34374, 54.87%
2026-07-23 04:56:53,793 3783596 road_revised.py Completed 18870 of 34374, 54.90%
2026-07-23 04:56:53,798 3783596 road_revised.py Completed 18880 of 34374, 54.93%
2026-07-23 04:56:53,799 3783596 road_revised.py Completed 18890 of 34374, 54.95%
2026-07-23 04:56:53,819 3783596 road_revised.py Completed 18900 of 34374, 54.98%
2026-07-23 04:56:53,820 3783596 road_revised.py RSS checkpoint [iter1_lcp_progress_18900_of_34374]: 15.67 GB
2026-07-23 04:56:54,313 3783596 road_revised.py Completed 18910 of 34374, 55.01%
2026-07-23 04:56:54,314 3783596 road_revised.py Completed 18920 of 34374, 55.04%
2026-07-23 04:56:54,317 3783596 road_revised.py Completed 18930 of 34374, 55.07%
2026-07-23 04:56:54,318 3783596 road_revised.py Completed 18940 of 34374, 55.10%
2026-07-23 04:56:54,318 3783596 road_revised.py Completed 18950 of 34374, 55.13%
2026-07-23 04:56:54,447 3783596 road_revised.py Completed 18960 of 34374, 55.16%
2026-07-23 04:56:54,726 3783596 road_revised.py Completed 18970 of 34374, 55.19%
2026-07-23 04:56:54,978 3783596 road_revised.py Completed 18980 of 34374, 55.22%
2026-07-23 04:56:55,218 3783596 road_revised.py Completed 18990 of 34374, 55.25%
2026-07-23 04:56:55,288 3783596 road_revised.py Completed 19000 of 34374, 55.27%
2026-07-23 04:56:55,288 3783596 road_revised.py RSS checkpoint [iter1_lcp_progress_19000_of_34374]: 15.58 GB
2026-07-23 04:56:55,563 3783596 road_revised.py Completed 19010 of 34374, 55.30%
2026-07-23 04:56:55,879 3783596 road_revised.py Completed 19020 of 34374, 55.33%
2026-07-23 04:56:56,174 3783596 road_revised.py Completed 19030 of 34374, 55.36%
2026-07-23 04:56:56,466 3783596 road_revised.py Completed 19040 of 34374, 55.39%
2026-07-23 04:56:59,583 3783596 road_revised.py Completed 19050 of 34374, 55.42%
2026-07-23 04:56:59,598 3783596 road_revised.py Completed 19060 of 34374, 55.45%
2026-07-23 04:56:59,600 3783596 road_revised.py Completed 19070 of 34374, 55.48%
2026-07-23 04:56:59,630 3783596 road_revised.py Completed 19080 of 34374, 55.51%
2026-07-23 04:56:59,631 3783596 road_revised.py Completed 19090 of 34374, 55.54%
2026-07-23 04:56:59,635 3783596 road_revised.py Completed 19100 of 34374, 55.57%
2026-07-23 04:56:59,659 3783596 road_revised.py RSS checkpoint [iter1_lcp_progress_19100_of_34374]: 15.83 GB
2026-07-23 04:56:59,664 3783596 road_revised.py Completed 19110 of 34374, 55.59%
2026-07-23 04:56:59,921 3783596 road_revised.py Completed 19120 of 34374, 55.62%
2026-07-23 04:57:00,233 3783596 road_revised.py Completed 19130 of 34374, 55.65%
2026-07-23 04:57:00,501 3783596 road_revised.py Completed 19140 of 34374, 55.68%
2026-07-23 04:57:00,759 3783596 road_revised.py Completed 19150 of 34374, 55.71%
2026-07-23 04:57:01,109 3783596 road_revised.py Completed 19160 of 34374, 55.74%
2026-07-23 04:57:01,327 3783596 road_revised.py Completed 19170 of 34374, 55.77%
2026-07-23 04:57:01,587 3783596 road_revised.py Completed 19180 of 34374, 55.80%
2026-07-23 04:57:01,880 3783596 road_revised.py Completed 19190 of 34374, 55.83%
2026-07-23 04:57:02,165 3783596 road_revised.py Completed 19200 of 34374, 55.86%
2026-07-23 04:57:02,165 3783596 road_revised.py RSS checkpoint [iter1_lcp_progress_19200_of_34374]: 15.65 GB
2026-07-23 04:57:02,442 3783596 road_revised.py Completed 19210 of 34374, 55.89%
2026-07-23 04:57:06,044 3783596 road_revised.py Completed 19220 of 34374, 55.91%
2026-07-23 04:57:06,499 3783596 road_revised.py Completed 19230 of 34374, 55.94%
2026-07-23 04:57:06,500 3783596 road_revised.py Completed 19240 of 34374, 55.97%
2026-07-23 04:57:06,502 3783596 road_revised.py Completed 19250 of 34374, 56.00%
2026-07-23 04:57:06,503 3783596 road_revised.py Completed 19260 of 34374, 56.03%
2026-07-23 04:57:06,504 3783596 road_revised.py Completed 19270 of 34374, 56.06%
2026-07-23 04:57:06,505 3783596 road_revised.py Completed 19280 of 34374, 56.09%
2026-07-23 04:57:06,506 3783596 road_revised.py Completed 19290 of 34374, 56.12%
2026-07-23 04:57:06,507 3783596 road_revised.py Completed 19300 of 34374, 56.15%
2026-07-23 04:57:06,507 3783596 road_revised.py RSS checkpoint [iter1_lcp_progress_19300_of_34374]: 15.75 GB
2026-07-23 04:57:06,550 3783596 road_revised.py Completed 19310 of 34374, 56.18%
2026-07-23 04:57:06,839 3783596 road_revised.py Completed 19320 of 34374, 56.21%
2026-07-23 04:57:07,066 3783596 road_revised.py Completed 19330 of 34374, 56.23%
2026-07-23 04:57:07,313 3783596 road_revised.py Completed 19340 of 34374, 56.26%
2026-07-23 04:57:07,610 3783596 road_revised.py Completed 19350 of 34374, 56.29%
2026-07-23 04:57:07,863 3783596 road_revised.py Completed 19360 of 34374, 56.32%
2026-07-23 04:57:08,121 3783596 road_revised.py Completed 19370 of 34374, 56.35%
2026-07-23 04:57:10,797 3783596 road_revised.py Completed 19380 of 34374, 56.38%
2026-07-23 04:57:10,799 3783596 road_revised.py Completed 19390 of 34374, 56.41%
2026-07-23 04:57:10,800 3783596 road_revised.py Completed 19400 of 34374, 56.44%
2026-07-23 04:57:10,813 3783596 road_revised.py RSS checkpoint [iter1_lcp_progress_19400_of_34374]: 15.92 GB
2026-07-23 04:57:10,856 3783596 road_revised.py Completed 19410 of 34374, 56.47%
2026-07-23 04:57:10,856 3783596 road_revised.py Completed 19420 of 34374, 56.50%
2026-07-23 04:57:10,857 3783596 road_revised.py Completed 19430 of 34374, 56.53%
2026-07-23 04:57:10,882 3783596 road_revised.py Completed 19440 of 34374, 56.55%
2026-07-23 04:57:11,167 3783596 road_revised.py Completed 19450 of 34374, 56.58%
2026-07-23 04:57:11,398 3783596 road_revised.py Completed 19460 of 34374, 56.61%
2026-07-23 04:57:11,676 3783596 road_revised.py Completed 19470 of 34374, 56.64%
2026-07-23 04:57:11,922 3783596 road_revised.py Completed 19480 of 34374, 56.67%
2026-07-23 04:57:12,170 3783596 road_revised.py Completed 19490 of 34374, 56.70%
2026-07-23 04:57:12,423 3783596 road_revised.py Completed 19500 of 34374, 56.73%
2026-07-23 04:57:12,423 3783596 road_revised.py RSS checkpoint [iter1_lcp_progress_19500_of_34374]: 15.81 GB
2026-07-23 04:57:12,743 3783596 road_revised.py Completed 19510 of 34374, 56.76%
2026-07-23 04:57:12,972 3783596 road_revised.py Completed 19520 of 34374, 56.79%
2026-07-23 04:57:13,225 3783596 road_revised.py Completed 19530 of 34374, 56.82%
2026-07-23 04:57:13,503 3783596 road_revised.py Completed 19540 of 34374, 56.85%
2026-07-23 04:57:18,131 3783596 road_revised.py Completed 19550 of 34374, 56.87%
2026-07-23 04:57:18,138 3783596 road_revised.py Completed 19560 of 34374, 56.90%
2026-07-23 04:57:18,139 3783596 road_revised.py Completed 19570 of 34374, 56.93%
2026-07-23 04:57:18,140 3783596 road_revised.py Completed 19580 of 34374, 56.96%
2026-07-23 04:57:18,149 3783596 road_revised.py Completed 19590 of 34374, 56.99%
2026-07-23 04:57:18,150 3783596 road_revised.py Completed 19600 of 34374, 57.02%
2026-07-23 04:57:18,158 3783596 road_revised.py RSS checkpoint [iter1_lcp_progress_19600_of_34374]: 16.66 GB
2026-07-23 04:57:18,178 3783596 road_revised.py Completed 19610 of 34374, 57.05%
2026-07-23 04:57:18,183 3783596 road_revised.py Completed 19620 of 34374, 57.08%
2026-07-23 04:57:18,191 3783596 road_revised.py Completed 19630 of 34374, 57.11%
2026-07-23 04:57:18,284 3783596 road_revised.py Completed 19640 of 34374, 57.14%
2026-07-23 04:57:18,641 3783596 road_revised.py Completed 19650 of 34374, 57.17%
2026-07-23 04:57:18,915 3783596 road_revised.py Completed 19660 of 34374, 57.19%
2026-07-23 04:57:19,191 3783596 road_revised.py Completed 19670 of 34374, 57.22%
2026-07-23 04:57:19,555 3783596 road_revised.py Completed 19680 of 34374, 57.25%
2026-07-23 04:57:19,778 3783596 road_revised.py Completed 19690 of 34374, 57.28%
2026-07-23 04:57:20,067 3783596 road_revised.py Completed 19700 of 34374, 57.31%
2026-07-23 04:57:20,067 3783596 road_revised.py RSS checkpoint [iter1_lcp_progress_19700_of_34374]: 16.55 GB
2026-07-23 04:57:20,337 3783596 road_revised.py Completed 19710 of 34374, 57.34%
2026-07-23 04:57:23,412 3783596 road_revised.py Completed 19720 of 34374, 57.37%
2026-07-23 04:57:23,414 3783596 road_revised.py Completed 19730 of 34374, 57.40%
2026-07-23 04:57:23,415 3783596 road_revised.py Completed 19740 of 34374, 57.43%
2026-07-23 04:57:23,422 3783596 road_revised.py Completed 19750 of 34374, 57.46%
2026-07-23 04:57:23,423 3783596 road_revised.py Completed 19760 of 34374, 57.49%
2026-07-23 04:57:23,430 3783596 road_revised.py Completed 19770 of 34374, 57.51%
2026-07-23 04:57:23,433 3783596 road_revised.py Completed 19780 of 34374, 57.54%
2026-07-23 04:57:23,500 3783596 road_revised.py Completed 19790 of 34374, 57.57%
2026-07-23 04:57:23,793 3783596 road_revised.py Completed 19800 of 34374, 57.60%
2026-07-23 04:57:23,793 3783596 road_revised.py RSS checkpoint [iter1_lcp_progress_19800_of_34374]: 15.81 GB
2026-07-23 04:57:24,113 3783596 road_revised.py Completed 19810 of 34374, 57.63%
2026-07-23 04:57:24,362 3783596 road_revised.py Completed 19820 of 34374, 57.66%
2026-07-23 04:57:24,648 3783596 road_revised.py Completed 19830 of 34374, 57.69%
2026-07-23 04:57:24,936 3783596 road_revised.py Completed 19840 of 34374, 57.72%
2026-07-23 04:57:25,181 3783596 road_revised.py Completed 19850 of 34374, 57.75%
2026-07-23 04:57:25,485 3783596 road_revised.py Completed 19860 of 34374, 57.78%
2026-07-23 04:57:25,758 3783596 road_revised.py Completed 19870 of 34374, 57.81%
2026-07-23 04:57:26,059 3783596 road_revised.py Completed 19880 of 34374, 57.83%
2026-07-23 04:57:29,544 3783596 road_revised.py Completed 19890 of 34374, 57.86%
2026-07-23 04:57:29,559 3783596 road_revised.py Completed 19900 of 34374, 57.89%
2026-07-23 04:57:29,565 3783596 road_revised.py RSS checkpoint [iter1_lcp_progress_19900_of_34374]: 16.69 GB
2026-07-23 04:57:29,592 3783596 road_revised.py Completed 19910 of 34374, 57.92%
2026-07-23 04:57:29,594 3783596 road_revised.py Completed 19920 of 34374, 57.95%
2026-07-23 04:57:29,597 3783596 road_revised.py Completed 19930 of 34374, 57.98%
2026-07-23 04:57:30,067 3783596 road_revised.py Completed 19940 of 34374, 58.01%
2026-07-23 04:57:30,069 3783596 road_revised.py Completed 19950 of 34374, 58.04%
2026-07-23 04:57:30,071 3783596 road_revised.py Completed 19960 of 34374, 58.07%
2026-07-23 04:57:30,072 3783596 road_revised.py Completed 19970 of 34374, 58.10%
2026-07-23 04:57:30,127 3783596 road_revised.py Completed 19980 of 34374, 58.13%
2026-07-23 04:57:30,414 3783596 road_revised.py Completed 19990 of 34374, 58.15%
2026-07-23 04:57:30,654 3783596 road_revised.py Completed 20000 of 34374, 58.18%
2026-07-23 04:57:30,654 3783596 road_revised.py RSS checkpoint [iter1_lcp_progress_20000_of_34374]: 16.47 GB
2026-07-23 04:57:30,925 3783596 road_revised.py Completed 20010 of 34374, 58.21%
2026-07-23 04:57:31,159 3783596 road_revised.py Completed 20020 of 34374, 58.24%
2026-07-23 04:57:31,472 3783596 road_revised.py Completed 20030 of 34374, 58.27%
2026-07-23 04:57:31,746 3783596 road_revised.py Completed 20040 of 34374, 58.30%
2026-07-23 04:57:34,483 3783596 road_revised.py Completed 20050 of 34374, 58.33%
2026-07-23 04:57:34,543 3783596 road_revised.py Completed 20060 of 34374, 58.36%
2026-07-23 04:57:34,544 3783596 road_revised.py Completed 20070 of 34374, 58.39%
2026-07-23 04:57:34,545 3783596 road_revised.py Completed 20080 of 34374, 58.42%
2026-07-23 04:57:34,569 3783596 road_revised.py Completed 20090 of 34374, 58.45%
2026-07-23 04:57:34,570 3783596 road_revised.py Completed 20100 of 34374, 58.47%
2026-07-23 04:57:34,579 3783596 road_revised.py RSS checkpoint [iter1_lcp_progress_20100_of_34374]: 16.21 GB
2026-07-23 04:57:34,581 3783596 road_revised.py Completed 20110 of 34374, 58.50%
2026-07-23 04:57:34,808 3783596 road_revised.py Completed 20120 of 34374, 58.53%
2026-07-23 04:57:35,070 3783596 road_revised.py Completed 20130 of 34374, 58.56%
2026-07-23 04:57:35,394 3783596 road_revised.py Completed 20140 of 34374, 58.59%
2026-07-23 04:57:35,684 3783596 road_revised.py Completed 20150 of 34374, 58.62%
2026-07-23 04:57:35,920 3783596 road_revised.py Completed 20160 of 34374, 58.65%
2026-07-23 04:57:36,261 3783596 road_revised.py Completed 20170 of 34374, 58.68%
2026-07-23 04:57:36,515 3783596 road_revised.py Completed 20180 of 34374, 58.71%
2026-07-23 04:57:36,786 3783596 road_revised.py Completed 20190 of 34374, 58.74%
2026-07-23 04:57:37,073 3783596 road_revised.py Completed 20200 of 34374, 58.77%
2026-07-23 04:57:37,075 3783596 road_revised.py RSS checkpoint [iter1_lcp_progress_20200_of_34374]: 16.13 GB
2026-07-23 04:57:37,363 3783596 road_revised.py Completed 20210 of 34374, 58.79%
2026-07-23 04:57:41,175 3783596 road_revised.py Completed 20220 of 34374, 58.82%
2026-07-23 04:57:41,180 3783596 road_revised.py Completed 20230 of 34374, 58.85%
2026-07-23 04:57:41,223 3783596 road_revised.py Completed 20240 of 34374, 58.88%
2026-07-23 04:57:41,228 3783596 road_revised.py Completed 20250 of 34374, 58.91%
2026-07-23 04:57:41,673 3783596 road_revised.py Completed 20260 of 34374, 58.94%
2026-07-23 04:57:41,674 3783596 road_revised.py Completed 20270 of 34374, 58.97%
2026-07-23 04:57:41,675 3783596 road_revised.py Completed 20280 of 34374, 59.00%
2026-07-23 04:57:41,677 3783596 road_revised.py Completed 20290 of 34374, 59.03%
2026-07-23 04:57:41,688 3783596 road_revised.py Completed 20300 of 34374, 59.06%
2026-07-23 04:57:41,689 3783596 road_revised.py RSS checkpoint [iter1_lcp_progress_20300_of_34374]: 16.66 GB
2026-07-23 04:57:41,691 3783596 road_revised.py Completed 20310 of 34374, 59.09%
2026-07-23 04:57:41,871 3783596 road_revised.py Completed 20320 of 34374, 59.11%
2026-07-23 04:57:42,153 3783596 road_revised.py Completed 20330 of 34374, 59.14%
2026-07-23 04:57:42,412 3783596 road_revised.py Completed 20340 of 34374, 59.17%
2026-07-23 04:57:42,688 3783596 road_revised.py Completed 20350 of 34374, 59.20%
2026-07-23 04:57:42,938 3783596 road_revised.py Completed 20360 of 34374, 59.23%
2026-07-23 04:57:43,210 3783596 road_revised.py Completed 20370 of 34374, 59.26%
2026-07-23 04:57:43,438 3783596 road_revised.py Completed 20380 of 34374, 59.29%
2026-07-23 04:57:45,880 3783596 road_revised.py Completed 20390 of 34374, 59.32%
2026-07-23 04:57:45,884 3783596 road_revised.py Completed 20400 of 34374, 59.35%
2026-07-23 04:57:45,894 3783596 road_revised.py RSS checkpoint [iter1_lcp_progress_20400_of_34374]: 16.40 GB
2026-07-23 04:57:45,895 3783596 road_revised.py Completed 20410 of 34374, 59.38%
2026-07-23 04:57:45,909 3783596 road_revised.py Completed 20420 of 34374, 59.41%
2026-07-23 04:57:45,922 3783596 road_revised.py Completed 20430 of 34374, 59.43%
2026-07-23 04:57:45,922 3783596 road_revised.py Completed 20440 of 34374, 59.46%
2026-07-23 04:57:46,001 3783596 road_revised.py Completed 20450 of 34374, 59.49%
2026-07-23 04:57:46,326 3783596 road_revised.py Completed 20460 of 34374, 59.52%
2026-07-23 04:57:46,578 3783596 road_revised.py Completed 20470 of 34374, 59.55%
2026-07-23 04:57:46,835 3783596 road_revised.py Completed 20480 of 34374, 59.58%
2026-07-23 04:57:47,167 3783596 road_revised.py Completed 20490 of 34374, 59.61%
2026-07-23 04:57:47,511 3783596 road_revised.py Completed 20500 of 34374, 59.64%
2026-07-23 04:57:47,511 3783596 road_revised.py RSS checkpoint [iter1_lcp_progress_20500_of_34374]: 16.34 GB
2026-07-23 04:57:47,741 3783596 road_revised.py Completed 20510 of 34374, 59.67%
2026-07-23 04:57:48,049 3783596 road_revised.py Completed 20520 of 34374, 59.70%
2026-07-23 04:57:48,319 3783596 road_revised.py Completed 20530 of 34374, 59.73%
2026-07-23 04:57:48,625 3783596 road_revised.py Completed 20540 of 34374, 59.75%
2026-07-23 04:57:48,958 3783596 road_revised.py Completed 20550 of 34374, 59.78%
2026-07-23 04:57:53,025 3783596 road_revised.py Completed 20560 of 34374, 59.81%
2026-07-23 04:57:53,030 3783596 road_revised.py Completed 20570 of 34374, 59.84%
2026-07-23 04:57:53,066 3783596 road_revised.py Completed 20580 of 34374, 59.87%
2026-07-23 04:57:53,067 3783596 road_revised.py Completed 20590 of 34374, 59.90%
2026-07-23 04:57:53,076 3783596 road_revised.py Completed 20600 of 34374, 59.93%
2026-07-23 04:57:53,596 3783596 road_revised.py RSS checkpoint [iter1_lcp_progress_20600_of_34374]: 17.20 GB
2026-07-23 04:57:53,597 3783596 road_revised.py Completed 20610 of 34374, 59.96%
2026-07-23 04:57:53,605 3783596 road_revised.py Completed 20620 of 34374, 59.99%
2026-07-23 04:57:53,608 3783596 road_revised.py Completed 20630 of 34374, 60.02%
2026-07-23 04:57:53,748 3783596 road_revised.py Completed 20640 of 34374, 60.05%
2026-07-23 04:57:54,050 3783596 road_revised.py Completed 20650 of 34374, 60.07%
2026-07-23 04:57:54,344 3783596 road_revised.py Completed 20660 of 34374, 60.10%
2026-07-23 04:57:54,620 3783596 road_revised.py Completed 20670 of 34374, 60.13%
2026-07-23 04:57:54,924 3783596 road_revised.py Completed 20680 of 34374, 60.16%
2026-07-23 04:57:55,206 3783596 road_revised.py Completed 20690 of 34374, 60.19%
2026-07-23 04:57:55,403 3783596 road_revised.py Completed 20700 of 34374, 60.22%
2026-07-23 04:57:55,403 3783596 road_revised.py RSS checkpoint [iter1_lcp_progress_20700_of_34374]: 17.40 GB
2026-07-23 04:57:55,745 3783596 road_revised.py Completed 20710 of 34374, 60.25%
2026-07-23 04:57:58,907 3783596 road_revised.py Completed 20720 of 34374, 60.28%
2026-07-23 04:57:58,919 3783596 road_revised.py Completed 20730 of 34374, 60.31%
2026-07-23 04:57:58,965 3783596 road_revised.py Completed 20740 of 34374, 60.34%
2026-07-23 04:57:58,969 3783596 road_revised.py Completed 20750 of 34374, 60.37%
2026-07-23 04:57:58,970 3783596 road_revised.py Completed 20760 of 34374, 60.39%
2026-07-23 04:57:58,977 3783596 road_revised.py Completed 20770 of 34374, 60.42%
2026-07-23 04:57:58,978 3783596 road_revised.py Completed 20780 of 34374, 60.45%
2026-07-23 04:57:58,989 3783596 road_revised.py Completed 20790 of 34374, 60.48%
2026-07-23 04:57:59,253 3783596 road_revised.py Completed 20800 of 34374, 60.51%
2026-07-23 04:57:59,253 3783596 road_revised.py RSS checkpoint [iter1_lcp_progress_20800_of_34374]: 16.33 GB
2026-07-23 04:57:59,546 3783596 road_revised.py Completed 20810 of 34374, 60.54%
2026-07-23 04:57:59,810 3783596 road_revised.py Completed 20820 of 34374, 60.57%
2026-07-23 04:58:00,064 3783596 road_revised.py Completed 20830 of 34374, 60.60%
2026-07-23 04:58:00,354 3783596 road_revised.py Completed 20840 of 34374, 60.63%
2026-07-23 04:58:00,603 3783596 road_revised.py Completed 20850 of 34374, 60.66%
2026-07-23 04:58:00,896 3783596 road_revised.py Completed 20860 of 34374, 60.69%
2026-07-23 04:58:01,160 3783596 road_revised.py Completed 20870 of 34374, 60.71%
2026-07-23 04:58:01,418 3783596 road_revised.py Completed 20880 of 34374, 60.74%
2026-07-23 04:58:04,883 3783596 road_revised.py Completed 20890 of 34374, 60.77%
2026-07-23 04:58:04,924 3783596 road_revised.py Completed 20900 of 34374, 60.80%
2026-07-23 04:58:04,925 3783596 road_revised.py RSS checkpoint [iter1_lcp_progress_20900_of_34374]: 17.07 GB
2026-07-23 04:58:04,926 3783596 road_revised.py Completed 20910 of 34374, 60.83%
2026-07-23 04:58:04,927 3783596 road_revised.py Completed 20920 of 34374, 60.86%
2026-07-23 04:58:05,401 3783596 road_revised.py Completed 20930 of 34374, 60.89%
2026-07-23 04:58:05,402 3783596 road_revised.py Completed 20940 of 34374, 60.92%
2026-07-23 04:58:05,403 3783596 road_revised.py Completed 20950 of 34374, 60.95%
2026-07-23 04:58:05,405 3783596 road_revised.py Completed 20960 of 34374, 60.98%
2026-07-23 04:58:05,422 3783596 road_revised.py Completed 20970 of 34374, 61.01%
2026-07-23 04:58:05,638 3783596 road_revised.py Completed 20980 of 34374, 61.03%
2026-07-23 04:58:05,940 3783596 road_revised.py Completed 20990 of 34374, 61.06%
2026-07-23 04:58:06,180 3783596 road_revised.py Completed 21000 of 34374, 61.09%
2026-07-23 04:58:06,180 3783596 road_revised.py RSS checkpoint [iter1_lcp_progress_21000_of_34374]: 17.09 GB
2026-07-23 04:58:06,494 3783596 road_revised.py Completed 21010 of 34374, 61.12%
2026-07-23 04:58:06,751 3783596 road_revised.py Completed 21020 of 34374, 61.15%
2026-07-23 04:58:06,981 3783596 road_revised.py Completed 21030 of 34374, 61.18%
2026-07-23 04:58:07,221 3783596 road_revised.py Completed 21040 of 34374, 61.21%
2026-07-23 04:58:07,472 3783596 road_revised.py Completed 21050 of 34374, 61.24%
2026-07-23 04:58:10,590 3783596 road_revised.py Completed 21060 of 34374, 61.27%
2026-07-23 04:58:10,596 3783596 road_revised.py Completed 21070 of 34374, 61.30%
2026-07-23 04:58:10,597 3783596 road_revised.py Completed 21080 of 34374, 61.33%
2026-07-23 04:58:10,629 3783596 road_revised.py Completed 21090 of 34374, 61.35%
2026-07-23 04:58:10,630 3783596 road_revised.py Completed 21100 of 34374, 61.38%
2026-07-23 04:58:10,631 3783596 road_revised.py RSS checkpoint [iter1_lcp_progress_21100_of_34374]: 17.33 GB
2026-07-23 04:58:10,632 3783596 road_revised.py Completed 21110 of 34374, 61.41%
2026-07-23 04:58:10,633 3783596 road_revised.py Completed 21120 of 34374, 61.44%
2026-07-23 04:58:10,657 3783596 road_revised.py Completed 21130 of 34374, 61.47%
2026-07-23 04:58:10,915 3783596 road_revised.py Completed 21140 of 34374, 61.50%
2026-07-23 04:58:11,246 3783596 road_revised.py Completed 21150 of 34374, 61.53%
2026-07-23 04:58:11,528 3783596 road_revised.py Completed 21160 of 34374, 61.56%
2026-07-23 04:58:11,828 3783596 road_revised.py Completed 21170 of 34374, 61.59%
2026-07-23 04:58:12,140 3783596 road_revised.py Completed 21180 of 34374, 61.62%
2026-07-23 04:58:12,464 3783596 road_revised.py Completed 21190 of 34374, 61.65%
2026-07-23 04:58:12,764 3783596 road_revised.py Completed 21200 of 34374, 61.67%
2026-07-23 04:58:12,777 3783596 road_revised.py RSS checkpoint [iter1_lcp_progress_21200_of_34374]: 17.19 GB
2026-07-23 04:58:13,024 3783596 road_revised.py Completed 21210 of 34374, 61.70%
2026-07-23 04:58:13,324 3783596 road_revised.py Completed 21220 of 34374, 61.73%
2026-07-23 04:58:17,271 3783596 road_revised.py Completed 21230 of 34374, 61.76%
2026-07-23 04:58:17,274 3783596 road_revised.py Completed 21240 of 34374, 61.79%
2026-07-23 04:58:17,275 3783596 road_revised.py Completed 21250 of 34374, 61.82%
2026-07-23 04:58:17,765 3783596 road_revised.py Completed 21260 of 34374, 61.85%
2026-07-23 04:58:17,767 3783596 road_revised.py Completed 21270 of 34374, 61.88%
2026-07-23 04:58:17,772 3783596 road_revised.py Completed 21280 of 34374, 61.91%
2026-07-23 04:58:17,773 3783596 road_revised.py Completed 21290 of 34374, 61.94%
2026-07-23 04:58:17,774 3783596 road_revised.py Completed 21300 of 34374, 61.97%
2026-07-23 04:58:17,779 3783596 road_revised.py RSS checkpoint [iter1_lcp_progress_21300_of_34374]: 17.46 GB
2026-07-23 04:58:17,807 3783596 road_revised.py Completed 21310 of 34374, 61.99%
2026-07-23 04:58:18,143 3783596 road_revised.py Completed 21320 of 34374, 62.02%
2026-07-23 04:58:18,410 3783596 road_revised.py Completed 21330 of 34374, 62.05%
2026-07-23 04:58:18,700 3783596 road_revised.py Completed 21340 of 34374, 62.08%
2026-07-23 04:58:18,973 3783596 road_revised.py Completed 21350 of 34374, 62.11%
2026-07-23 04:58:19,233 3783596 road_revised.py Completed 21360 of 34374, 62.14%
2026-07-23 04:58:19,536 3783596 road_revised.py Completed 21370 of 34374, 62.17%
2026-07-23 04:58:19,771 3783596 road_revised.py Completed 21380 of 34374, 62.20%
2026-07-23 04:58:22,481 3783596 road_revised.py Completed 21390 of 34374, 62.23%
2026-07-23 04:58:22,485 3783596 road_revised.py Completed 21400 of 34374, 62.26%
2026-07-23 04:58:22,491 3783596 road_revised.py RSS checkpoint [iter1_lcp_progress_21400_of_34374]: 17.26 GB
2026-07-23 04:58:22,495 3783596 road_revised.py Completed 21410 of 34374, 62.29%
2026-07-23 04:58:22,521 3783596 road_revised.py Completed 21420 of 34374, 62.31%
2026-07-23 04:58:22,522 3783596 road_revised.py Completed 21430 of 34374, 62.34%
2026-07-23 04:58:22,523 3783596 road_revised.py Completed 21440 of 34374, 62.37%
2026-07-23 04:58:22,544 3783596 road_revised.py Completed 21450 of 34374, 62.40%
2026-07-23 04:58:22,596 3783596 road_revised.py Completed 21460 of 34374, 62.43%
2026-07-23 04:58:22,889 3783596 road_revised.py Completed 21470 of 34374, 62.46%
2026-07-23 04:58:23,191 3783596 road_revised.py Completed 21480 of 34374, 62.49%
2026-07-23 04:58:23,433 3783596 road_revised.py Completed 21490 of 34374, 62.52%
2026-07-23 04:58:23,706 3783596 road_revised.py Completed 21500 of 34374, 62.55%
2026-07-23 04:58:23,706 3783596 road_revised.py RSS checkpoint [iter1_lcp_progress_21500_of_34374]: 17.03 GB
2026-07-23 04:58:23,960 3783596 road_revised.py Completed 21510 of 34374, 62.58%
2026-07-23 04:58:24,249 3783596 road_revised.py Completed 21520 of 34374, 62.61%
2026-07-23 04:58:24,507 3783596 road_revised.py Completed 21530 of 34374, 62.63%
2026-07-23 04:58:24,763 3783596 road_revised.py Completed 21540 of 34374, 62.66%
2026-07-23 04:58:25,043 3783596 road_revised.py Completed 21550 of 34374, 62.69%
2026-07-23 04:58:28,245 3783596 road_revised.py Completed 21560 of 34374, 62.72%
2026-07-23 04:58:28,256 3783596 road_revised.py Completed 21570 of 34374, 62.75%
2026-07-23 04:58:28,733 3783596 road_revised.py Completed 21580 of 34374, 62.78%
2026-07-23 04:58:28,735 3783596 road_revised.py Completed 21590 of 34374, 62.81%
2026-07-23 04:58:28,736 3783596 road_revised.py Completed 21600 of 34374, 62.84%
2026-07-23 04:58:28,748 3783596 road_revised.py RSS checkpoint [iter1_lcp_progress_21600_of_34374]: 17.29 GB
2026-07-23 04:58:28,754 3783596 road_revised.py Completed 21610 of 34374, 62.87%
2026-07-23 04:58:28,759 3783596 road_revised.py Completed 21620 of 34374, 62.90%
2026-07-23 04:58:28,762 3783596 road_revised.py Completed 21630 of 34374, 62.93%
2026-07-23 04:58:28,775 3783596 road_revised.py Completed 21640 of 34374, 62.95%
2026-07-23 04:58:28,877 3783596 road_revised.py Completed 21650 of 34374, 62.98%
2026-07-23 04:58:29,111 3783596 road_revised.py Completed 21660 of 34374, 63.01%
2026-07-23 04:58:29,392 3783596 road_revised.py Completed 21670 of 34374, 63.04%
2026-07-23 04:58:29,685 3783596 road_revised.py Completed 21680 of 34374, 63.07%
2026-07-23 04:58:29,905 3783596 road_revised.py Completed 21690 of 34374, 63.10%
2026-07-23 04:58:30,168 3783596 road_revised.py Completed 21700 of 34374, 63.13%
2026-07-23 04:58:30,168 3783596 road_revised.py RSS checkpoint [iter1_lcp_progress_21700_of_34374]: 17.45 GB
2026-07-23 04:58:30,440 3783596 road_revised.py Completed 21710 of 34374, 63.16%
2026-07-23 04:58:30,723 3783596 road_revised.py Completed 21720 of 34374, 63.19%
2026-07-23 04:58:33,587 3783596 road_revised.py Completed 21730 of 34374, 63.22%
2026-07-23 04:58:33,591 3783596 road_revised.py Completed 21740 of 34374, 63.25%
2026-07-23 04:58:33,613 3783596 road_revised.py Completed 21750 of 34374, 63.27%
2026-07-23 04:58:33,614 3783596 road_revised.py Completed 21760 of 34374, 63.30%
2026-07-23 04:58:33,615 3783596 road_revised.py Completed 21770 of 34374, 63.33%
2026-07-23 04:58:33,622 3783596 road_revised.py Completed 21780 of 34374, 63.36%
2026-07-23 04:58:33,642 3783596 road_revised.py Completed 21790 of 34374, 63.39%
2026-07-23 04:58:33,921 3783596 road_revised.py Completed 21800 of 34374, 63.42%
2026-07-23 04:58:33,921 3783596 road_revised.py RSS checkpoint [iter1_lcp_progress_21800_of_34374]: 17.23 GB
2026-07-23 04:58:34,271 3783596 road_revised.py Completed 21810 of 34374, 63.45%
2026-07-23 04:58:34,506 3783596 road_revised.py Completed 21820 of 34374, 63.48%
2026-07-23 04:58:34,780 3783596 road_revised.py Completed 21830 of 34374, 63.51%
2026-07-23 04:58:35,079 3783596 road_revised.py Completed 21840 of 34374, 63.54%
2026-07-23 04:58:35,318 3783596 road_revised.py Completed 21850 of 34374, 63.57%
2026-07-23 04:58:35,643 3783596 road_revised.py Completed 21860 of 34374, 63.59%
2026-07-23 04:58:35,907 3783596 road_revised.py Completed 21870 of 34374, 63.62%
2026-07-23 04:58:36,236 3783596 road_revised.py Completed 21880 of 34374, 63.65%
2026-07-23 04:58:36,478 3783596 road_revised.py Completed 21890 of 34374, 63.68%
2026-07-23 04:58:40,445 3783596 road_revised.py Completed 21900 of 34374, 63.71%
2026-07-23 04:58:40,450 3783596 road_revised.py RSS checkpoint [iter1_lcp_progress_21900_of_34374]: 17.70 GB
2026-07-23 04:58:40,454 3783596 road_revised.py Completed 21910 of 34374, 63.74%
2026-07-23 04:58:40,455 3783596 road_revised.py Completed 21920 of 34374, 63.77%
2026-07-23 04:58:40,472 3783596 road_revised.py Completed 21930 of 34374, 63.80%
2026-07-23 04:58:40,473 3783596 road_revised.py Completed 21940 of 34374, 63.83%
2026-07-23 04:58:40,474 3783596 road_revised.py Completed 21950 of 34374, 63.86%
2026-07-23 04:58:40,475 3783596 road_revised.py Completed 21960 of 34374, 63.89%
2026-07-23 04:58:40,476 3783596 road_revised.py Completed 21970 of 34374, 63.91%
2026-07-23 04:58:40,477 3783596 road_revised.py Completed 21980 of 34374, 63.94%
2026-07-23 04:58:40,665 3783596 road_revised.py Completed 21990 of 34374, 63.97%
2026-07-23 04:58:40,936 3783596 road_revised.py Completed 22000 of 34374, 64.00%
2026-07-23 04:58:40,936 3783596 road_revised.py RSS checkpoint [iter1_lcp_progress_22000_of_34374]: 17.46 GB
2026-07-23 04:58:41,190 3783596 road_revised.py Completed 22010 of 34374, 64.03%
2026-07-23 04:58:41,499 3783596 road_revised.py Completed 22020 of 34374, 64.06%
2026-07-23 04:58:41,760 3783596 road_revised.py Completed 22030 of 34374, 64.09%
2026-07-23 04:58:42,054 3783596 road_revised.py Completed 22040 of 34374, 64.12%
2026-07-23 04:58:42,278 3783596 road_revised.py Completed 22050 of 34374, 64.15%
2026-07-23 04:58:42,554 3783596 road_revised.py Completed 22060 of 34374, 64.18%
2026-07-23 04:58:44,926 3783596 road_revised.py Completed 22070 of 34374, 64.21%
2026-07-23 04:58:44,980 3783596 road_revised.py Completed 22080 of 34374, 64.23%
2026-07-23 04:58:44,990 3783596 road_revised.py Completed 22090 of 34374, 64.26%
2026-07-23 04:58:44,991 3783596 road_revised.py Completed 22100 of 34374, 64.29%
2026-07-23 04:58:45,001 3783596 road_revised.py RSS checkpoint [iter1_lcp_progress_22100_of_34374]: 17.65 GB
2026-07-23 04:58:45,019 3783596 road_revised.py Completed 22110 of 34374, 64.32%
2026-07-23 04:58:45,020 3783596 road_revised.py Completed 22120 of 34374, 64.35%
2026-07-23 04:58:45,194 3783596 road_revised.py Completed 22130 of 34374, 64.38%
2026-07-23 04:58:45,471 3783596 road_revised.py Completed 22140 of 34374, 64.41%
2026-07-23 04:58:45,741 3783596 road_revised.py Completed 22150 of 34374, 64.44%
2026-07-23 04:58:46,022 3783596 road_revised.py Completed 22160 of 34374, 64.47%
2026-07-23 04:58:46,375 3783596 road_revised.py Completed 22170 of 34374, 64.50%
2026-07-23 04:58:46,648 3783596 road_revised.py Completed 22180 of 34374, 64.53%
2026-07-23 04:58:46,923 3783596 road_revised.py Completed 22190 of 34374, 64.55%
2026-07-23 04:58:47,173 3783596 road_revised.py Completed 22200 of 34374, 64.58%
2026-07-23 04:58:47,174 3783596 road_revised.py RSS checkpoint [iter1_lcp_progress_22200_of_34374]: 17.60 GB
2026-07-23 04:58:47,431 3783596 road_revised.py Completed 22210 of 34374, 64.61%
2026-07-23 04:58:47,754 3783596 road_revised.py Completed 22220 of 34374, 64.64%
2026-07-23 04:58:51,620 3783596 road_revised.py Completed 22230 of 34374, 64.67%
2026-07-23 04:58:51,623 3783596 road_revised.py Completed 22240 of 34374, 64.70%
2026-07-23 04:58:51,633 3783596 road_revised.py Completed 22250 of 34374, 64.73%
2026-07-23 04:58:51,634 3783596 road_revised.py Completed 22260 of 34374, 64.76%
2026-07-23 04:58:51,648 3783596 road_revised.py Completed 22270 of 34374, 64.79%
2026-07-23 04:58:51,657 3783596 road_revised.py Completed 22280 of 34374, 64.82%
2026-07-23 04:58:51,660 3783596 road_revised.py Completed 22290 of 34374, 64.85%
2026-07-23 04:58:52,111 3783596 road_revised.py Completed 22300 of 34374, 64.87%
2026-07-23 04:58:52,112 3783596 road_revised.py RSS checkpoint [iter1_lcp_progress_22300_of_34374]: 18.12 GB
2026-07-23 04:58:52,113 3783596 road_revised.py Completed 22310 of 34374, 64.90%
2026-07-23 04:58:52,357 3783596 road_revised.py Completed 22320 of 34374, 64.93%
2026-07-23 04:58:52,632 3783596 road_revised.py Completed 22330 of 34374, 64.96%
2026-07-23 04:58:52,910 3783596 road_revised.py Completed 22340 of 34374, 64.99%
2026-07-23 04:58:53,186 3783596 road_revised.py Completed 22350 of 34374, 65.02%
2026-07-23 04:58:53,495 3783596 road_revised.py Completed 22360 of 34374, 65.05%
2026-07-23 04:58:53,767 3783596 road_revised.py Completed 22370 of 34374, 65.08%
2026-07-23 04:58:54,023 3783596 road_revised.py Completed 22380 of 34374, 65.11%
2026-07-23 04:58:54,270 3783596 road_revised.py Completed 22390 of 34374, 65.14%
2026-07-23 04:58:57,012 3783596 road_revised.py Completed 22400 of 34374, 65.17%
2026-07-23 04:58:57,030 3783596 road_revised.py RSS checkpoint [iter1_lcp_progress_22400_of_34374]: 17.73 GB
2026-07-23 04:58:57,034 3783596 road_revised.py Completed 22410 of 34374, 65.19%
2026-07-23 04:58:57,035 3783596 road_revised.py Completed 22420 of 34374, 65.22%
2026-07-23 04:58:57,057 3783596 road_revised.py Completed 22430 of 34374, 65.25%
2026-07-23 04:58:57,058 3783596 road_revised.py Completed 22440 of 34374, 65.28%
2026-07-23 04:58:57,059 3783596 road_revised.py Completed 22450 of 34374, 65.31%
2026-07-23 04:58:57,060 3783596 road_revised.py Completed 22460 of 34374, 65.34%
2026-07-23 04:58:57,329 3783596 road_revised.py Completed 22470 of 34374, 65.37%
2026-07-23 04:58:57,639 3783596 road_revised.py Completed 22480 of 34374, 65.40%
2026-07-23 04:58:57,891 3783596 road_revised.py Completed 22490 of 34374, 65.43%
2026-07-23 04:58:58,163 3783596 road_revised.py Completed 22500 of 34374, 65.46%
2026-07-23 04:58:58,163 3783596 road_revised.py RSS checkpoint [iter1_lcp_progress_22500_of_34374]: 17.52 GB
2026-07-23 04:58:58,410 3783596 road_revised.py Completed 22510 of 34374, 65.49%
2026-07-23 04:58:58,683 3783596 road_revised.py Completed 22520 of 34374, 65.51%
2026-07-23 04:58:58,956 3783596 road_revised.py Completed 22530 of 34374, 65.54%
2026-07-23 04:58:59,206 3783596 road_revised.py Completed 22540 of 34374, 65.57%
2026-07-23 04:58:59,465 3783596 road_revised.py Completed 22550 of 34374, 65.60%
2026-07-23 04:58:59,710 3783596 road_revised.py Completed 22560 of 34374, 65.63%
2026-07-23 04:59:03,105 3783596 road_revised.py Completed 22570 of 34374, 65.66%
2026-07-23 04:59:03,119 3783596 road_revised.py Completed 22580 of 34374, 65.69%
2026-07-23 04:59:03,120 3783596 road_revised.py Completed 22590 of 34374, 65.72%
2026-07-23 04:59:03,135 3783596 road_revised.py Completed 22600 of 34374, 65.75%
2026-07-23 04:59:03,136 3783596 road_revised.py RSS checkpoint [iter1_lcp_progress_22600_of_34374]: 17.96 GB
2026-07-23 04:59:03,137 3783596 road_revised.py Completed 22610 of 34374, 65.78%
2026-07-23 04:59:03,154 3783596 road_revised.py Completed 22620 of 34374, 65.81%
2026-07-23 04:59:03,606 3783596 road_revised.py Completed 22630 of 34374, 65.83%
2026-07-23 04:59:03,617 3783596 road_revised.py Completed 22640 of 34374, 65.86%
2026-07-23 04:59:03,784 3783596 road_revised.py Completed 22650 of 34374, 65.89%
2026-07-23 04:59:04,043 3783596 road_revised.py Completed 22660 of 34374, 65.92%
2026-07-23 04:59:04,306 3783596 road_revised.py Completed 22670 of 34374, 65.95%
2026-07-23 04:59:04,572 3783596 road_revised.py Completed 22680 of 34374, 65.98%
2026-07-23 04:59:04,869 3783596 road_revised.py Completed 22690 of 34374, 66.01%
2026-07-23 04:59:05,178 3783596 road_revised.py Completed 22700 of 34374, 66.04%
2026-07-23 04:59:05,180 3783596 road_revised.py RSS checkpoint [iter1_lcp_progress_22700_of_34374]: 18.06 GB
2026-07-23 04:59:05,399 3783596 road_revised.py Completed 22710 of 34374, 66.07%
2026-07-23 04:59:05,730 3783596 road_revised.py Completed 22720 of 34374, 66.10%
2026-07-23 04:59:06,028 3783596 road_revised.py Completed 22730 of 34374, 66.13%
2026-07-23 04:59:09,243 3783596 road_revised.py Completed 22740 of 34374, 66.15%
2026-07-23 04:59:09,244 3783596 road_revised.py Completed 22750 of 34374, 66.18%
2026-07-23 04:59:09,271 3783596 road_revised.py Completed 22760 of 34374, 66.21%
2026-07-23 04:59:09,276 3783596 road_revised.py Completed 22770 of 34374, 66.24%
2026-07-23 04:59:09,294 3783596 road_revised.py Completed 22780 of 34374, 66.27%
2026-07-23 04:59:09,295 3783596 road_revised.py Completed 22790 of 34374, 66.30%
2026-07-23 04:59:09,305 3783596 road_revised.py Completed 22800 of 34374, 66.33%
2026-07-23 04:59:09,311 3783596 road_revised.py RSS checkpoint [iter1_lcp_progress_22800_of_34374]: 18.41 GB
2026-07-23 04:59:09,545 3783596 road_revised.py Completed 22810 of 34374, 66.36%
2026-07-23 04:59:09,861 3783596 road_revised.py Completed 22820 of 34374, 66.39%
2026-07-23 04:59:10,114 3783596 road_revised.py Completed 22830 of 34374, 66.42%
2026-07-23 04:59:10,401 3783596 road_revised.py Completed 22840 of 34374, 66.45%
2026-07-23 04:59:10,675 3783596 road_revised.py Completed 22850 of 34374, 66.47%
2026-07-23 04:59:10,939 3783596 road_revised.py Completed 22860 of 34374, 66.50%
2026-07-23 04:59:11,236 3783596 road_revised.py Completed 22870 of 34374, 66.53%
2026-07-23 04:59:11,475 3783596 road_revised.py Completed 22880 of 34374, 66.56%
2026-07-23 04:59:11,787 3783596 road_revised.py Completed 22890 of 34374, 66.59%
2026-07-23 04:59:15,448 3783596 road_revised.py Completed 22900 of 34374, 66.62%
2026-07-23 04:59:15,452 3783596 road_revised.py RSS checkpoint [iter1_lcp_progress_22900_of_34374]: 18.44 GB
2026-07-23 04:59:15,456 3783596 road_revised.py Completed 22910 of 34374, 66.65%
2026-07-23 04:59:15,457 3783596 road_revised.py Completed 22920 of 34374, 66.68%
2026-07-23 04:59:15,458 3783596 road_revised.py Completed 22930 of 34374, 66.71%
2026-07-23 04:59:15,971 3783596 road_revised.py Completed 22940 of 34374, 66.74%
2026-07-23 04:59:15,972 3783596 road_revised.py Completed 22950 of 34374, 66.77%
2026-07-23 04:59:15,973 3783596 road_revised.py Completed 22960 of 34374, 66.79%
2026-07-23 04:59:15,976 3783596 road_revised.py Completed 22970 of 34374, 66.82%
2026-07-23 04:59:15,977 3783596 road_revised.py Completed 22980 of 34374, 66.85%
2026-07-23 04:59:15,980 3783596 road_revised.py Completed 22990 of 34374, 66.88%
2026-07-23 04:59:16,251 3783596 road_revised.py Completed 23000 of 34374, 66.91%
2026-07-23 04:59:16,263 3783596 road_revised.py RSS checkpoint [iter1_lcp_progress_23000_of_34374]: 18.19 GB
2026-07-23 04:59:16,536 3783596 road_revised.py Completed 23010 of 34374, 66.94%
2026-07-23 04:59:16,776 3783596 road_revised.py Completed 23020 of 34374, 66.97%
2026-07-23 04:59:17,039 3783596 road_revised.py Completed 23030 of 34374, 67.00%
2026-07-23 04:59:17,271 3783596 road_revised.py Completed 23040 of 34374, 67.03%
2026-07-23 04:59:17,541 3783596 road_revised.py Completed 23050 of 34374, 67.06%
2026-07-23 04:59:17,829 3783596 road_revised.py Completed 23060 of 34374, 67.09%
2026-07-23 04:59:20,346 3783596 road_revised.py Completed 23070 of 34374, 67.11%
2026-07-23 04:59:20,357 3783596 road_revised.py Completed 23080 of 34374, 67.14%
2026-07-23 04:59:20,358 3783596 road_revised.py Completed 23090 of 34374, 67.17%
2026-07-23 04:59:20,395 3783596 road_revised.py Completed 23100 of 34374, 67.20%
2026-07-23 04:59:20,397 3783596 road_revised.py RSS checkpoint [iter1_lcp_progress_23100_of_34374]: 18.51 GB
2026-07-23 04:59:20,398 3783596 road_revised.py Completed 23110 of 34374, 67.23%
2026-07-23 04:59:20,401 3783596 road_revised.py Completed 23120 of 34374, 67.26%
2026-07-23 04:59:20,651 3783596 road_revised.py Completed 23130 of 34374, 67.29%
2026-07-23 04:59:21,001 3783596 road_revised.py Completed 23140 of 34374, 67.32%
2026-07-23 04:59:21,258 3783596 road_revised.py Completed 23150 of 34374, 67.35%
2026-07-23 04:59:21,561 3783596 road_revised.py Completed 23160 of 34374, 67.38%
2026-07-23 04:59:21,865 3783596 road_revised.py Completed 23170 of 34374, 67.41%
2026-07-23 04:59:22,116 3783596 road_revised.py Completed 23180 of 34374, 67.43%
2026-07-23 04:59:22,450 3783596 road_revised.py Completed 23190 of 34374, 67.46%
2026-07-23 04:59:22,739 3783596 road_revised.py Completed 23200 of 34374, 67.49%
2026-07-23 04:59:22,739 3783596 road_revised.py RSS checkpoint [iter1_lcp_progress_23200_of_34374]: 18.42 GB
2026-07-23 04:59:22,996 3783596 road_revised.py Completed 23210 of 34374, 67.52%
2026-07-23 04:59:23,288 3783596 road_revised.py Completed 23220 of 34374, 67.55%
2026-07-23 04:59:23,575 3783596 road_revised.py Completed 23230 of 34374, 67.58%
2026-07-23 04:59:27,294 3783596 road_revised.py Completed 23240 of 34374, 67.61%
2026-07-23 04:59:27,298 3783596 road_revised.py Completed 23250 of 34374, 67.64%
2026-07-23 04:59:27,302 3783596 road_revised.py Completed 23260 of 34374, 67.67%
2026-07-23 04:59:27,771 3783596 road_revised.py Completed 23270 of 34374, 67.70%
2026-07-23 04:59:27,778 3783596 road_revised.py Completed 23280 of 34374, 67.73%
2026-07-23 04:59:27,779 3783596 road_revised.py Completed 23290 of 34374, 67.75%
2026-07-23 04:59:27,782 3783596 road_revised.py Completed 23300 of 34374, 67.78%
2026-07-23 04:59:27,783 3783596 road_revised.py RSS checkpoint [iter1_lcp_progress_23300_of_34374]: 18.56 GB
2026-07-23 04:59:27,784 3783596 road_revised.py Completed 23310 of 34374, 67.81%
2026-07-23 04:59:27,794 3783596 road_revised.py Completed 23320 of 34374, 67.84%
2026-07-23 04:59:28,049 3783596 road_revised.py Completed 23330 of 34374, 67.87%
2026-07-23 04:59:28,335 3783596 road_revised.py Completed 23340 of 34374, 67.90%
2026-07-23 04:59:28,641 3783596 road_revised.py Completed 23350 of 34374, 67.93%
2026-07-23 04:59:28,909 3783596 road_revised.py Completed 23360 of 34374, 67.96%
2026-07-23 04:59:29,150 3783596 road_revised.py Completed 23370 of 34374, 67.99%
2026-07-23 04:59:29,455 3783596 road_revised.py Completed 23380 of 34374, 68.02%
2026-07-23 04:59:29,678 3783596 road_revised.py Completed 23390 of 34374, 68.05%
2026-07-23 04:59:29,951 3783596 road_revised.py Completed 23400 of 34374, 68.07%
2026-07-23 04:59:29,951 3783596 road_revised.py RSS checkpoint [iter1_lcp_progress_23400_of_34374]: 18.77 GB
2026-07-23 04:59:32,421 3783596 road_revised.py Completed 23410 of 34374, 68.10%
2026-07-23 04:59:32,422 3783596 road_revised.py Completed 23420 of 34374, 68.13%
2026-07-23 04:59:32,423 3783596 road_revised.py Completed 23430 of 34374, 68.16%
2026-07-23 04:59:32,437 3783596 road_revised.py Completed 23440 of 34374, 68.19%
2026-07-23 04:59:32,438 3783596 road_revised.py Completed 23450 of 34374, 68.22%
2026-07-23 04:59:32,439 3783596 road_revised.py Completed 23460 of 34374, 68.25%
2026-07-23 04:59:32,475 3783596 road_revised.py Completed 23470 of 34374, 68.28%
2026-07-23 04:59:32,862 3783596 road_revised.py Completed 23480 of 34374, 68.31%
2026-07-23 04:59:33,125 3783596 road_revised.py Completed 23490 of 34374, 68.34%
2026-07-23 04:59:33,450 3783596 road_revised.py Completed 23500 of 34374, 68.37%
2026-07-23 04:59:33,450 3783596 road_revised.py RSS checkpoint [iter1_lcp_progress_23500_of_34374]: 18.39 GB
2026-07-23 04:59:33,768 3783596 road_revised.py Completed 23510 of 34374, 68.39%
2026-07-23 04:59:34,002 3783596 road_revised.py Completed 23520 of 34374, 68.42%
2026-07-23 04:59:34,314 3783596 road_revised.py Completed 23530 of 34374, 68.45%
2026-07-23 04:59:34,578 3783596 road_revised.py Completed 23540 of 34374, 68.48%
2026-07-23 04:59:34,878 3783596 road_revised.py Completed 23550 of 34374, 68.51%
2026-07-23 04:59:35,132 3783596 road_revised.py Completed 23560 of 34374, 68.54%
2026-07-23 04:59:39,364 3783596 road_revised.py Completed 23570 of 34374, 68.57%
2026-07-23 04:59:39,366 3783596 road_revised.py Completed 23580 of 34374, 68.60%
2026-07-23 04:59:39,367 3783596 road_revised.py Completed 23590 of 34374, 68.63%
2026-07-23 04:59:39,833 3783596 road_revised.py Completed 23600 of 34374, 68.66%
2026-07-23 04:59:39,836 3783596 road_revised.py RSS checkpoint [iter1_lcp_progress_23600_of_34374]: 19.06 GB
2026-07-23 04:59:39,838 3783596 road_revised.py Completed 23610 of 34374, 68.69%
2026-07-23 04:59:39,857 3783596 road_revised.py Completed 23620 of 34374, 68.71%
2026-07-23 04:59:39,858 3783596 road_revised.py Completed 23630 of 34374, 68.74%
2026-07-23 04:59:39,859 3783596 road_revised.py Completed 23640 of 34374, 68.77%
2026-07-23 04:59:39,861 3783596 road_revised.py Completed 23650 of 34374, 68.80%
2026-07-23 04:59:39,928 3783596 road_revised.py Completed 23660 of 34374, 68.83%
2026-07-23 04:59:40,270 3783596 road_revised.py Completed 23670 of 34374, 68.86%
2026-07-23 04:59:40,555 3783596 road_revised.py Completed 23680 of 34374, 68.89%
2026-07-23 04:59:40,820 3783596 road_revised.py Completed 23690 of 34374, 68.92%
2026-07-23 04:59:41,081 3783596 road_revised.py Completed 23700 of 34374, 68.95%
2026-07-23 04:59:41,081 3783596 road_revised.py RSS checkpoint [iter1_lcp_progress_23700_of_34374]: 19.19 GB
2026-07-23 04:59:41,351 3783596 road_revised.py Completed 23710 of 34374, 68.98%
2026-07-23 04:59:41,658 3783596 road_revised.py Completed 23720 of 34374, 69.01%
2026-07-23 04:59:41,917 3783596 road_revised.py Completed 23730 of 34374, 69.03%
2026-07-23 04:59:44,690 3783596 road_revised.py Completed 23740 of 34374, 69.06%
2026-07-23 04:59:44,692 3783596 road_revised.py Completed 23750 of 34374, 69.09%
2026-07-23 04:59:44,693 3783596 road_revised.py Completed 23760 of 34374, 69.12%
2026-07-23 04:59:44,708 3783596 road_revised.py Completed 23770 of 34374, 69.15%
2026-07-23 04:59:44,709 3783596 road_revised.py Completed 23780 of 34374, 69.18%
2026-07-23 04:59:44,710 3783596 road_revised.py Completed 23790 of 34374, 69.21%
2026-07-23 04:59:44,717 3783596 road_revised.py Completed 23800 of 34374, 69.24%
2026-07-23 04:59:44,719 3783596 road_revised.py RSS checkpoint [iter1_lcp_progress_23800_of_34374]: 18.80 GB
2026-07-23 04:59:44,986 3783596 road_revised.py Completed 23810 of 34374, 69.27%
2026-07-23 04:59:45,233 3783596 road_revised.py Completed 23820 of 34374, 69.30%
2026-07-23 04:59:45,486 3783596 road_revised.py Completed 23830 of 34374, 69.33%
2026-07-23 04:59:45,787 3783596 road_revised.py Completed 23840 of 34374, 69.35%
2026-07-23 04:59:46,017 3783596 road_revised.py Completed 23850 of 34374, 69.38%
2026-07-23 04:59:46,300 3783596 road_revised.py Completed 23860 of 34374, 69.41%
2026-07-23 04:59:46,629 3783596 road_revised.py Completed 23870 of 34374, 69.44%
2026-07-23 04:59:46,928 3783596 road_revised.py Completed 23880 of 34374, 69.47%
2026-07-23 04:59:47,185 3783596 road_revised.py Completed 23890 of 34374, 69.50%
2026-07-23 04:59:47,431 3783596 road_revised.py Completed 23900 of 34374, 69.53%
2026-07-23 04:59:47,431 3783596 road_revised.py RSS checkpoint [iter1_lcp_progress_23900_of_34374]: 18.70 GB
2026-07-23 04:59:51,570 3783596 road_revised.py Completed 23910 of 34374, 69.56%
2026-07-23 04:59:51,572 3783596 road_revised.py Completed 23920 of 34374, 69.59%
2026-07-23 04:59:51,573 3783596 road_revised.py Completed 23930 of 34374, 69.62%
2026-07-23 04:59:51,575 3783596 road_revised.py Completed 23940 of 34374, 69.65%
2026-07-23 04:59:51,576 3783596 road_revised.py Completed 23950 of 34374, 69.67%
2026-07-23 04:59:51,576 3783596 road_revised.py Completed 23960 of 34374, 69.70%
2026-07-23 04:59:51,578 3783596 road_revised.py Completed 23970 of 34374, 69.73%
2026-07-23 04:59:51,579 3783596 road_revised.py Completed 23980 of 34374, 69.76%
2026-07-23 04:59:51,580 3783596 road_revised.py Completed 23990 of 34374, 69.79%
2026-07-23 04:59:51,609 3783596 road_revised.py Completed 24000 of 34374, 69.82%
2026-07-23 04:59:51,638 3783596 road_revised.py RSS checkpoint [iter1_lcp_progress_24000_of_34374]: 19.25 GB
2026-07-23 04:59:51,882 3783596 road_revised.py Completed 24010 of 34374, 69.85%
2026-07-23 04:59:52,207 3783596 road_revised.py Completed 24020 of 34374, 69.88%
2026-07-23 04:59:52,560 3783596 road_revised.py Completed 24030 of 34374, 69.91%
2026-07-23 04:59:52,807 3783596 road_revised.py Completed 24040 of 34374, 69.94%
2026-07-23 04:59:53,038 3783596 road_revised.py Completed 24050 of 34374, 69.97%
2026-07-23 04:59:53,343 3783596 road_revised.py Completed 24060 of 34374, 69.99%
2026-07-23 04:59:53,624 3783596 road_revised.py Completed 24070 of 34374, 70.02%
2026-07-23 04:59:53,965 3783596 road_revised.py Completed 24080 of 34374, 70.05%
2026-07-23 04:59:56,728 3783596 road_revised.py Completed 24090 of 34374, 70.08%
2026-07-23 04:59:56,734 3783596 road_revised.py Completed 24100 of 34374, 70.11%
2026-07-23 04:59:56,757 3783596 road_revised.py RSS checkpoint [iter1_lcp_progress_24100_of_34374]: 19.08 GB
2026-07-23 04:59:56,760 3783596 road_revised.py Completed 24110 of 34374, 70.14%
2026-07-23 04:59:56,772 3783596 road_revised.py Completed 24120 of 34374, 70.17%
2026-07-23 04:59:56,773 3783596 road_revised.py Completed 24130 of 34374, 70.20%
2026-07-23 04:59:56,775 3783596 road_revised.py Completed 24140 of 34374, 70.23%
2026-07-23 04:59:56,775 3783596 road_revised.py Completed 24150 of 34374, 70.26%
2026-07-23 04:59:57,091 3783596 road_revised.py Completed 24160 of 34374, 70.29%
2026-07-23 04:59:57,405 3783596 road_revised.py Completed 24170 of 34374, 70.31%
2026-07-23 04:59:57,649 3783596 road_revised.py Completed 24180 of 34374, 70.34%
2026-07-23 04:59:57,999 3783596 road_revised.py Completed 24190 of 34374, 70.37%
2026-07-23 04:59:58,270 3783596 road_revised.py Completed 24200 of 34374, 70.40%
2026-07-23 04:59:58,271 3783596 road_revised.py RSS checkpoint [iter1_lcp_progress_24200_of_34374]: 18.87 GB
2026-07-23 04:59:58,552 3783596 road_revised.py Completed 24210 of 34374, 70.43%
2026-07-23 04:59:58,841 3783596 road_revised.py Completed 24220 of 34374, 70.46%
2026-07-23 04:59:59,156 3783596 road_revised.py Completed 24230 of 34374, 70.49%
2026-07-23 04:59:59,374 3783596 road_revised.py Completed 24240 of 34374, 70.52%
2026-07-23 05:00:02,941 3783596 road_revised.py Completed 24250 of 34374, 70.55%
2026-07-23 05:00:02,944 3783596 road_revised.py Completed 24260 of 34374, 70.58%
2026-07-23 05:00:02,945 3783596 road_revised.py Completed 24270 of 34374, 70.61%
2026-07-23 05:00:02,970 3783596 road_revised.py Completed 24280 of 34374, 70.63%
2026-07-23 05:00:02,975 3783596 road_revised.py Completed 24290 of 34374, 70.66%
2026-07-23 05:00:02,978 3783596 road_revised.py Completed 24300 of 34374, 70.69%
2026-07-23 05:00:03,428 3783596 road_revised.py RSS checkpoint [iter1_lcp_progress_24300_of_34374]: 19.07 GB
2026-07-23 05:00:03,429 3783596 road_revised.py Completed 24310 of 34374, 70.72%
2026-07-23 05:00:03,430 3783596 road_revised.py Completed 24320 of 34374, 70.75%
2026-07-23 05:00:03,432 3783596 road_revised.py Completed 24330 of 34374, 70.78%
2026-07-23 05:00:03,444 3783596 road_revised.py Completed 24340 of 34374, 70.81%
2026-07-23 05:00:03,700 3783596 road_revised.py Completed 24350 of 34374, 70.84%
2026-07-23 05:00:03,940 3783596 road_revised.py Completed 24360 of 34374, 70.87%
2026-07-23 05:00:04,265 3783596 road_revised.py Completed 24370 of 34374, 70.90%
2026-07-23 05:00:04,491 3783596 road_revised.py Completed 24380 of 34374, 70.93%
2026-07-23 05:00:04,744 3783596 road_revised.py Completed 24390 of 34374, 70.95%
2026-07-23 05:00:05,013 3783596 road_revised.py Completed 24400 of 34374, 70.98%
2026-07-23 05:00:05,024 3783596 road_revised.py RSS checkpoint [iter1_lcp_progress_24400_of_34374]: 19.26 GB
2026-07-23 05:00:05,223 3783596 road_revised.py Completed 24410 of 34374, 71.01%
2026-07-23 05:00:07,787 3783596 road_revised.py Completed 24420 of 34374, 71.04%
2026-07-23 05:00:07,791 3783596 road_revised.py Completed 24430 of 34374, 71.07%
2026-07-23 05:00:07,793 3783596 road_revised.py Completed 24440 of 34374, 71.10%
2026-07-23 05:00:07,814 3783596 road_revised.py Completed 24450 of 34374, 71.13%
2026-07-23 05:00:07,815 3783596 road_revised.py Completed 24460 of 34374, 71.16%
2026-07-23 05:00:07,816 3783596 road_revised.py Completed 24470 of 34374, 71.19%
2026-07-23 05:00:07,927 3783596 road_revised.py Completed 24480 of 34374, 71.22%
2026-07-23 05:00:08,229 3783596 road_revised.py Completed 24490 of 34374, 71.25%
2026-07-23 05:00:08,512 3783596 road_revised.py Completed 24500 of 34374, 71.27%
2026-07-23 05:00:08,512 3783596 road_revised.py RSS checkpoint [iter1_lcp_progress_24500_of_34374]: 18.97 GB
2026-07-23 05:00:08,752 3783596 road_revised.py Completed 24510 of 34374, 71.30%
2026-07-23 05:00:09,080 3783596 road_revised.py Completed 24520 of 34374, 71.33%
2026-07-23 05:00:09,303 3783596 road_revised.py Completed 24530 of 34374, 71.36%
2026-07-23 05:00:09,565 3783596 road_revised.py Completed 24540 of 34374, 71.39%
2026-07-23 05:00:09,883 3783596 road_revised.py Completed 24550 of 34374, 71.42%
2026-07-23 05:00:10,204 3783596 road_revised.py Completed 24560 of 34374, 71.45%
2026-07-23 05:00:10,510 3783596 road_revised.py Completed 24570 of 34374, 71.48%
2026-07-23 05:00:10,790 3783596 road_revised.py Completed 24580 of 34374, 71.51%
2026-07-23 05:00:14,941 3783596 road_revised.py Completed 24590 of 34374, 71.54%
2026-07-23 05:00:14,944 3783596 road_revised.py Completed 24600 of 34374, 71.57%
2026-07-23 05:00:14,953 3783596 road_revised.py RSS checkpoint [iter1_lcp_progress_24600_of_34374]: 19.87 GB
2026-07-23 05:00:14,997 3783596 road_revised.py Completed 24610 of 34374, 71.59%
2026-07-23 05:00:14,998 3783596 road_revised.py Completed 24620 of 34374, 71.62%
2026-07-23 05:00:15,000 3783596 road_revised.py Completed 24630 of 34374, 71.65%
2026-07-23 05:00:15,444 3783596 road_revised.py Completed 24640 of 34374, 71.68%
2026-07-23 05:00:15,451 3783596 road_revised.py Completed 24650 of 34374, 71.71%
2026-07-23 05:00:15,464 3783596 road_revised.py Completed 24660 of 34374, 71.74%
2026-07-23 05:00:15,465 3783596 road_revised.py Completed 24670 of 34374, 71.77%
2026-07-23 05:00:15,718 3783596 road_revised.py Completed 24680 of 34374, 71.80%
2026-07-23 05:00:16,012 3783596 road_revised.py Completed 24690 of 34374, 71.83%
2026-07-23 05:00:16,314 3783596 road_revised.py Completed 24700 of 34374, 71.86%
2026-07-23 05:00:16,321 3783596 road_revised.py RSS checkpoint [iter1_lcp_progress_24700_of_34374]: 19.74 GB
2026-07-23 05:00:16,562 3783596 road_revised.py Completed 24710 of 34374, 71.89%
2026-07-23 05:00:16,840 3783596 road_revised.py Completed 24720 of 34374, 71.91%
2026-07-23 05:00:17,130 3783596 road_revised.py Completed 24730 of 34374, 71.94%
2026-07-23 05:00:17,390 3783596 road_revised.py Completed 24740 of 34374, 71.97%
2026-07-23 05:00:17,617 3783596 road_revised.py Completed 24750 of 34374, 72.00%
2026-07-23 05:00:20,251 3783596 road_revised.py Completed 24760 of 34374, 72.03%
2026-07-23 05:00:20,282 3783596 road_revised.py Completed 24770 of 34374, 72.06%
2026-07-23 05:00:20,283 3783596 road_revised.py Completed 24780 of 34374, 72.09%
2026-07-23 05:00:20,284 3783596 road_revised.py Completed 24790 of 34374, 72.12%
2026-07-23 05:00:20,286 3783596 road_revised.py Completed 24800 of 34374, 72.15%
2026-07-23 05:00:20,289 3783596 road_revised.py RSS checkpoint [iter1_lcp_progress_24800_of_34374]: 19.34 GB
2026-07-23 05:00:20,291 3783596 road_revised.py Completed 24810 of 34374, 72.18%
2026-07-23 05:00:20,313 3783596 road_revised.py Completed 24820 of 34374, 72.21%
2026-07-23 05:00:20,576 3783596 road_revised.py Completed 24830 of 34374, 72.23%
2026-07-23 05:00:20,891 3783596 road_revised.py Completed 24840 of 34374, 72.26%
2026-07-23 05:00:21,159 3783596 road_revised.py Completed 24850 of 34374, 72.29%
2026-07-23 05:00:21,415 3783596 road_revised.py Completed 24860 of 34374, 72.32%
2026-07-23 05:00:21,665 3783596 road_revised.py Completed 24870 of 34374, 72.35%
2026-07-23 05:00:21,936 3783596 road_revised.py Completed 24880 of 34374, 72.38%
2026-07-23 05:00:22,236 3783596 road_revised.py Completed 24890 of 34374, 72.41%
2026-07-23 05:00:22,519 3783596 road_revised.py Completed 24900 of 34374, 72.44%
2026-07-23 05:00:22,522 3783596 road_revised.py RSS checkpoint [iter1_lcp_progress_24900_of_34374]: 19.20 GB
2026-07-23 05:00:22,817 3783596 road_revised.py Completed 24910 of 34374, 72.47%
2026-07-23 05:00:26,057 3783596 road_revised.py Completed 24920 of 34374, 72.50%
2026-07-23 05:00:26,076 3783596 road_revised.py Completed 24930 of 34374, 72.53%
2026-07-23 05:00:26,116 3783596 road_revised.py Completed 24940 of 34374, 72.55%
2026-07-23 05:00:26,120 3783596 road_revised.py Completed 24950 of 34374, 72.58%
2026-07-23 05:00:26,122 3783596 road_revised.py Completed 24960 of 34374, 72.61%
2026-07-23 05:00:26,600 3783596 road_revised.py Completed 24970 of 34374, 72.64%
2026-07-23 05:00:26,601 3783596 road_revised.py Completed 24980 of 34374, 72.67%
2026-07-23 05:00:26,617 3783596 road_revised.py Completed 24990 of 34374, 72.70%
2026-07-23 05:00:26,618 3783596 road_revised.py Completed 25000 of 34374, 72.73%
2026-07-23 05:00:26,625 3783596 road_revised.py RSS checkpoint [iter1_lcp_progress_25000_of_34374]: 19.26 GB
2026-07-23 05:00:26,770 3783596 road_revised.py Completed 25010 of 34374, 72.76%
2026-07-23 05:00:27,013 3783596 road_revised.py Completed 25020 of 34374, 72.79%
2026-07-23 05:00:27,284 3783596 road_revised.py Completed 25030 of 34374, 72.82%
2026-07-23 05:00:27,536 3783596 road_revised.py Completed 25040 of 34374, 72.85%
2026-07-23 05:00:27,848 3783596 road_revised.py Completed 25050 of 34374, 72.87%
2026-07-23 05:00:28,077 3783596 road_revised.py Completed 25060 of 34374, 72.90%
2026-07-23 05:00:28,325 3783596 road_revised.py Completed 25070 of 34374, 72.93%
2026-07-23 05:00:28,612 3783596 road_revised.py Completed 25080 of 34374, 72.96%
2026-07-23 05:00:31,307 3783596 road_revised.py Completed 25090 of 34374, 72.99%
2026-07-23 05:00:31,334 3783596 road_revised.py Completed 25100 of 34374, 73.02%
2026-07-23 05:00:31,335 3783596 road_revised.py RSS checkpoint [iter1_lcp_progress_25100_of_34374]: 19.46 GB
2026-07-23 05:00:31,382 3783596 road_revised.py Completed 25110 of 34374, 73.05%
2026-07-23 05:00:31,383 3783596 road_revised.py Completed 25120 of 34374, 73.08%
2026-07-23 05:00:31,390 3783596 road_revised.py Completed 25130 of 34374, 73.11%
2026-07-23 05:00:31,398 3783596 road_revised.py Completed 25140 of 34374, 73.14%
2026-07-23 05:00:31,399 3783596 road_revised.py Completed 25150 of 34374, 73.17%
2026-07-23 05:00:31,642 3783596 road_revised.py Completed 25160 of 34374, 73.19%
2026-07-23 05:00:31,925 3783596 road_revised.py Completed 25170 of 34374, 73.22%
2026-07-23 05:00:32,199 3783596 road_revised.py Completed 25180 of 34374, 73.25%
2026-07-23 05:00:32,447 3783596 road_revised.py Completed 25190 of 34374, 73.28%
2026-07-23 05:00:32,743 3783596 road_revised.py Completed 25200 of 34374, 73.31%
2026-07-23 05:00:32,743 3783596 road_revised.py RSS checkpoint [iter1_lcp_progress_25200_of_34374]: 19.31 GB
2026-07-23 05:00:33,008 3783596 road_revised.py Completed 25210 of 34374, 73.34%
2026-07-23 05:00:33,282 3783596 road_revised.py Completed 25220 of 34374, 73.37%
2026-07-23 05:00:33,563 3783596 road_revised.py Completed 25230 of 34374, 73.40%
2026-07-23 05:00:33,814 3783596 road_revised.py Completed 25240 of 34374, 73.43%
2026-07-23 05:00:34,122 3783596 road_revised.py Completed 25250 of 34374, 73.46%
2026-07-23 05:00:37,445 3783596 road_revised.py Completed 25260 of 34374, 73.49%
2026-07-23 05:00:37,447 3783596 road_revised.py Completed 25270 of 34374, 73.51%
2026-07-23 05:00:37,452 3783596 road_revised.py Completed 25280 of 34374, 73.54%
2026-07-23 05:00:37,458 3783596 road_revised.py Completed 25290 of 34374, 73.57%
2026-07-23 05:00:37,942 3783596 road_revised.py Completed 25300 of 34374, 73.60%
2026-07-23 05:00:37,946 3783596 road_revised.py RSS checkpoint [iter1_lcp_progress_25300_of_34374]: 19.38 GB
2026-07-23 05:00:37,948 3783596 road_revised.py Completed 25310 of 34374, 73.63%
2026-07-23 05:00:37,963 3783596 road_revised.py Completed 25320 of 34374, 73.66%
2026-07-23 05:00:37,964 3783596 road_revised.py Completed 25330 of 34374, 73.69%
2026-07-23 05:00:38,092 3783596 road_revised.py Completed 25340 of 34374, 73.72%
2026-07-23 05:00:38,327 3783596 road_revised.py Completed 25350 of 34374, 73.75%
2026-07-23 05:00:38,589 3783596 road_revised.py Completed 25360 of 34374, 73.78%
2026-07-23 05:00:38,859 3783596 road_revised.py Completed 25370 of 34374, 73.81%
2026-07-23 05:00:39,121 3783596 road_revised.py Completed 25380 of 34374, 73.83%
2026-07-23 05:00:39,374 3783596 road_revised.py Completed 25390 of 34374, 73.86%
2026-07-23 05:00:39,621 3783596 road_revised.py Completed 25400 of 34374, 73.89%
2026-07-23 05:00:39,622 3783596 road_revised.py RSS checkpoint [iter1_lcp_progress_25400_of_34374]: 19.56 GB
2026-07-23 05:00:39,887 3783596 road_revised.py Completed 25410 of 34374, 73.92%
2026-07-23 05:00:40,151 3783596 road_revised.py Completed 25420 of 34374, 73.95%
2026-07-23 05:00:42,775 3783596 road_revised.py Completed 25430 of 34374, 73.98%
2026-07-23 05:00:42,784 3783596 road_revised.py Completed 25440 of 34374, 74.01%
2026-07-23 05:00:42,785 3783596 road_revised.py Completed 25450 of 34374, 74.04%
2026-07-23 05:00:42,790 3783596 road_revised.py Completed 25460 of 34374, 74.07%
2026-07-23 05:00:42,791 3783596 road_revised.py Completed 25470 of 34374, 74.10%
2026-07-23 05:00:42,792 3783596 road_revised.py Completed 25480 of 34374, 74.13%
2026-07-23 05:00:42,950 3783596 road_revised.py Completed 25490 of 34374, 74.15%
2026-07-23 05:00:43,267 3783596 road_revised.py Completed 25500 of 34374, 74.18%
2026-07-23 05:00:43,268 3783596 road_revised.py RSS checkpoint [iter1_lcp_progress_25500_of_34374]: 19.43 GB
2026-07-23 05:00:43,525 3783596 road_revised.py Completed 25510 of 34374, 74.21%
2026-07-23 05:00:43,819 3783596 road_revised.py Completed 25520 of 34374, 74.24%
2026-07-23 05:00:44,114 3783596 road_revised.py Completed 25530 of 34374, 74.27%
2026-07-23 05:00:44,401 3783596 road_revised.py Completed 25540 of 34374, 74.30%
2026-07-23 05:00:44,678 3783596 road_revised.py Completed 25550 of 34374, 74.33%
2026-07-23 05:00:44,953 3783596 road_revised.py Completed 25560 of 34374, 74.36%
2026-07-23 05:00:45,251 3783596 road_revised.py Completed 25570 of 34374, 74.39%
2026-07-23 05:00:45,542 3783596 road_revised.py Completed 25580 of 34374, 74.42%
2026-07-23 05:00:49,701 3783596 road_revised.py Completed 25590 of 34374, 74.45%
2026-07-23 05:00:49,735 3783596 road_revised.py Completed 25600 of 34374, 74.47%
2026-07-23 05:00:50,184 3783596 road_revised.py RSS checkpoint [iter1_lcp_progress_25600_of_34374]: 20.01 GB
2026-07-23 05:00:50,186 3783596 road_revised.py Completed 25610 of 34374, 74.50%
2026-07-23 05:00:50,195 3783596 road_revised.py Completed 25620 of 34374, 74.53%
2026-07-23 05:00:50,199 3783596 road_revised.py Completed 25630 of 34374, 74.56%
2026-07-23 05:00:50,201 3783596 road_revised.py Completed 25640 of 34374, 74.59%
2026-07-23 05:00:50,202 3783596 road_revised.py Completed 25650 of 34374, 74.62%
2026-07-23 05:00:50,203 3783596 road_revised.py Completed 25660 of 34374, 74.65%
2026-07-23 05:00:50,204 3783596 road_revised.py Completed 25670 of 34374, 74.68%
2026-07-23 05:00:50,205 3783596 road_revised.py Completed 25680 of 34374, 74.71%
2026-07-23 05:00:50,328 3783596 road_revised.py Completed 25690 of 34374, 74.74%
2026-07-23 05:00:50,616 3783596 road_revised.py Completed 25700 of 34374, 74.77%
2026-07-23 05:00:50,616 3783596 road_revised.py RSS checkpoint [iter1_lcp_progress_25700_of_34374]: 20.06 GB
2026-07-23 05:00:50,852 3783596 road_revised.py Completed 25710 of 34374, 74.79%
2026-07-23 05:00:51,127 3783596 road_revised.py Completed 25720 of 34374, 74.82%
2026-07-23 05:00:51,412 3783596 road_revised.py Completed 25730 of 34374, 74.85%
2026-07-23 05:00:51,685 3783596 road_revised.py Completed 25740 of 34374, 74.88%
2026-07-23 05:00:51,934 3783596 road_revised.py Completed 25750 of 34374, 74.91%
2026-07-23 05:00:54,375 3783596 road_revised.py Completed 25760 of 34374, 74.94%
2026-07-23 05:00:54,385 3783596 road_revised.py Completed 25770 of 34374, 74.97%
2026-07-23 05:00:54,386 3783596 road_revised.py Completed 25780 of 34374, 75.00%
2026-07-23 05:00:54,397 3783596 road_revised.py Completed 25790 of 34374, 75.03%
2026-07-23 05:00:54,398 3783596 road_revised.py Completed 25800 of 34374, 75.06%
2026-07-23 05:00:54,413 3783596 road_revised.py RSS checkpoint [iter1_lcp_progress_25800_of_34374]: 19.85 GB
2026-07-23 05:00:54,417 3783596 road_revised.py Completed 25810 of 34374, 75.09%
2026-07-23 05:00:54,572 3783596 road_revised.py Completed 25820 of 34374, 75.11%
2026-07-23 05:00:54,854 3783596 road_revised.py Completed 25830 of 34374, 75.14%
2026-07-23 05:00:55,096 3783596 road_revised.py Completed 25840 of 34374, 75.17%
2026-07-23 05:00:55,353 3783596 road_revised.py Completed 25850 of 34374, 75.20%
2026-07-23 05:00:55,605 3783596 road_revised.py Completed 25860 of 34374, 75.23%
2026-07-23 05:00:55,875 3783596 road_revised.py Completed 25870 of 34374, 75.26%
2026-07-23 05:00:56,105 3783596 road_revised.py Completed 25880 of 34374, 75.29%
2026-07-23 05:00:56,410 3783596 road_revised.py Completed 25890 of 34374, 75.32%
2026-07-23 05:00:56,684 3783596 road_revised.py Completed 25900 of 34374, 75.35%
2026-07-23 05:00:56,701 3783596 road_revised.py RSS checkpoint [iter1_lcp_progress_25900_of_34374]: 19.79 GB
2026-07-23 05:00:56,918 3783596 road_revised.py Completed 25910 of 34374, 75.38%
2026-07-23 05:00:57,157 3783596 road_revised.py Completed 25920 of 34374, 75.41%
2026-07-23 05:01:00,796 3783596 road_revised.py Completed 25930 of 34374, 75.43%
2026-07-23 05:01:00,837 3783596 road_revised.py Completed 25940 of 34374, 75.46%
2026-07-23 05:01:01,281 3783596 road_revised.py Completed 25950 of 34374, 75.49%
2026-07-23 05:01:01,282 3783596 road_revised.py Completed 25960 of 34374, 75.52%
2026-07-23 05:01:01,283 3783596 road_revised.py Completed 25970 of 34374, 75.55%
2026-07-23 05:01:01,284 3783596 road_revised.py Completed 25980 of 34374, 75.58%
2026-07-23 05:01:01,285 3783596 road_revised.py Completed 25990 of 34374, 75.61%
2026-07-23 05:01:01,296 3783596 road_revised.py Completed 26000 of 34374, 75.64%
2026-07-23 05:01:01,302 3783596 road_revised.py RSS checkpoint [iter1_lcp_progress_26000_of_34374]: 20.15 GB
2026-07-23 05:01:01,390 3783596 road_revised.py Completed 26010 of 34374, 75.67%
2026-07-23 05:01:01,665 3783596 road_revised.py Completed 26020 of 34374, 75.70%
2026-07-23 05:01:01,974 3783596 road_revised.py Completed 26030 of 34374, 75.73%
2026-07-23 05:01:02,216 3783596 road_revised.py Completed 26040 of 34374, 75.75%
2026-07-23 05:01:02,509 3783596 road_revised.py Completed 26050 of 34374, 75.78%
2026-07-23 05:01:02,836 3783596 road_revised.py Completed 26060 of 34374, 75.81%
2026-07-23 05:01:03,236 3783596 road_revised.py Completed 26070 of 34374, 75.84%
2026-07-23 05:01:03,396 3783596 road_revised.py Completed 26080 of 34374, 75.87%
2026-07-23 05:01:03,688 3783596 road_revised.py Completed 26090 of 34374, 75.90%
2026-07-23 05:01:06,672 3783596 road_revised.py Completed 26100 of 34374, 75.93%
2026-07-23 05:01:06,699 3783596 road_revised.py RSS checkpoint [iter1_lcp_progress_26100_of_34374]: 20.20 GB
2026-07-23 05:01:06,703 3783596 road_revised.py Completed 26110 of 34374, 75.96%
2026-07-23 05:01:06,704 3783596 road_revised.py Completed 26120 of 34374, 75.99%
2026-07-23 05:01:06,719 3783596 road_revised.py Completed 26130 of 34374, 76.02%
2026-07-23 05:01:06,720 3783596 road_revised.py Completed 26140 of 34374, 76.05%
2026-07-23 05:01:06,730 3783596 road_revised.py Completed 26150 of 34374, 76.07%
2026-07-23 05:01:06,731 3783596 road_revised.py Completed 26160 of 34374, 76.10%
2026-07-23 05:01:06,766 3783596 road_revised.py Completed 26170 of 34374, 76.13%
2026-07-23 05:01:07,038 3783596 road_revised.py Completed 26180 of 34374, 76.16%
2026-07-23 05:01:07,298 3783596 road_revised.py Completed 26190 of 34374, 76.19%
2026-07-23 05:01:07,562 3783596 road_revised.py Completed 26200 of 34374, 76.22%
2026-07-23 05:01:07,564 3783596 road_revised.py RSS checkpoint [iter1_lcp_progress_26200_of_34374]: 19.90 GB
2026-07-23 05:01:07,850 3783596 road_revised.py Completed 26210 of 34374, 76.25%
2026-07-23 05:01:08,122 3783596 road_revised.py Completed 26220 of 34374, 76.28%
2026-07-23 05:01:08,428 3783596 road_revised.py Completed 26230 of 34374, 76.31%
2026-07-23 05:01:08,681 3783596 road_revised.py Completed 26240 of 34374, 76.34%
2026-07-23 05:01:08,998 3783596 road_revised.py Completed 26250 of 34374, 76.37%
2026-07-23 05:01:12,889 3783596 road_revised.py Completed 26260 of 34374, 76.39%
2026-07-23 05:01:12,900 3783596 road_revised.py Completed 26270 of 34374, 76.42%
2026-07-23 05:01:12,907 3783596 road_revised.py Completed 26280 of 34374, 76.45%
2026-07-23 05:01:12,908 3783596 road_revised.py Completed 26290 of 34374, 76.48%
2026-07-23 05:01:12,919 3783596 road_revised.py Completed 26300 of 34374, 76.51%
2026-07-23 05:01:12,929 3783596 road_revised.py RSS checkpoint [iter1_lcp_progress_26300_of_34374]: 20.33 GB
2026-07-23 05:01:12,931 3783596 road_revised.py Completed 26310 of 34374, 76.54%
2026-07-23 05:01:12,936 3783596 road_revised.py Completed 26320 of 34374, 76.57%
2026-07-23 05:01:12,938 3783596 road_revised.py Completed 26330 of 34374, 76.60%
2026-07-23 05:01:12,941 3783596 road_revised.py Completed 26340 of 34374, 76.63%
2026-07-23 05:01:13,062 3783596 road_revised.py Completed 26350 of 34374, 76.66%
2026-07-23 05:01:13,372 3783596 road_revised.py Completed 26360 of 34374, 76.69%
2026-07-23 05:01:13,616 3783596 road_revised.py Completed 26370 of 34374, 76.71%
2026-07-23 05:01:13,875 3783596 road_revised.py Completed 26380 of 34374, 76.74%
2026-07-23 05:01:14,148 3783596 road_revised.py Completed 26390 of 34374, 76.77%
2026-07-23 05:01:14,181 3783596 road_revised.py Completed 26400 of 34374, 76.80%
2026-07-23 05:01:14,181 3783596 road_revised.py RSS checkpoint [iter1_lcp_progress_26400_of_34374]: 20.24 GB
2026-07-23 05:01:14,426 3783596 road_revised.py Completed 26410 of 34374, 76.83%
2026-07-23 05:01:14,716 3783596 road_revised.py Completed 26420 of 34374, 76.86%
2026-07-23 05:01:14,971 3783596 road_revised.py Completed 26430 of 34374, 76.89%
2026-07-23 05:01:17,901 3783596 road_revised.py Completed 26440 of 34374, 76.92%
2026-07-23 05:01:17,908 3783596 road_revised.py Completed 26450 of 34374, 76.95%
2026-07-23 05:01:17,909 3783596 road_revised.py Completed 26460 of 34374, 76.98%
2026-07-23 05:01:17,938 3783596 road_revised.py Completed 26470 of 34374, 77.01%
2026-07-23 05:01:17,939 3783596 road_revised.py Completed 26480 of 34374, 77.03%
2026-07-23 05:01:17,940 3783596 road_revised.py Completed 26490 of 34374, 77.06%
2026-07-23 05:01:18,004 3783596 road_revised.py Completed 26500 of 34374, 77.09%
2026-07-23 05:01:18,004 3783596 road_revised.py RSS checkpoint [iter1_lcp_progress_26500_of_34374]: 20.67 GB
2026-07-23 05:01:18,368 3783596 road_revised.py Completed 26510 of 34374, 77.12%
2026-07-23 05:01:18,680 3783596 road_revised.py Completed 26520 of 34374, 77.15%
2026-07-23 05:01:18,936 3783596 road_revised.py Completed 26530 of 34374, 77.18%
2026-07-23 05:01:19,216 3783596 road_revised.py Completed 26540 of 34374, 77.21%
2026-07-23 05:01:19,587 3783596 road_revised.py Completed 26550 of 34374, 77.24%
2026-07-23 05:01:19,800 3783596 road_revised.py Completed 26560 of 34374, 77.27%
2026-07-23 05:01:20,086 3783596 road_revised.py Completed 26570 of 34374, 77.30%
2026-07-23 05:01:20,419 3783596 road_revised.py Completed 26580 of 34374, 77.33%
2026-07-23 05:01:20,691 3783596 road_revised.py Completed 26590 of 34374, 77.35%
2026-07-23 05:01:20,955 3783596 road_revised.py Completed 26600 of 34374, 77.38%
2026-07-23 05:01:20,955 3783596 road_revised.py RSS checkpoint [iter1_lcp_progress_26600_of_34374]: 20.57 GB
2026-07-23 05:01:25,407 3783596 road_revised.py Completed 26610 of 34374, 77.41%
2026-07-23 05:01:25,410 3783596 road_revised.py Completed 26620 of 34374, 77.44%
2026-07-23 05:01:25,411 3783596 road_revised.py Completed 26630 of 34374, 77.47%
2026-07-23 05:01:25,444 3783596 road_revised.py Completed 26640 of 34374, 77.50%
2026-07-23 05:01:25,446 3783596 road_revised.py Completed 26650 of 34374, 77.53%
2026-07-23 05:01:25,447 3783596 road_revised.py Completed 26660 of 34374, 77.56%
2026-07-23 05:01:25,932 3783596 road_revised.py Completed 26670 of 34374, 77.59%
2026-07-23 05:01:25,942 3783596 road_revised.py Completed 26680 of 34374, 77.62%
2026-07-23 05:01:25,949 3783596 road_revised.py Completed 26690 of 34374, 77.65%
2026-07-23 05:01:25,950 3783596 road_revised.py Completed 26700 of 34374, 77.67%
2026-07-23 05:01:25,950 3783596 road_revised.py RSS checkpoint [iter1_lcp_progress_26700_of_34374]: 20.61 GB
2026-07-23 05:01:26,088 3783596 road_revised.py Completed 26710 of 34374, 77.70%
2026-07-23 05:01:26,356 3783596 road_revised.py Completed 26720 of 34374, 77.73%
2026-07-23 05:01:26,640 3783596 road_revised.py Completed 26730 of 34374, 77.76%
2026-07-23 05:01:26,900 3783596 road_revised.py Completed 26740 of 34374, 77.79%
2026-07-23 05:01:27,173 3783596 road_revised.py Completed 26750 of 34374, 77.82%
2026-07-23 05:01:27,446 3783596 road_revised.py Completed 26760 of 34374, 77.85%
2026-07-23 05:01:27,746 3783596 road_revised.py Completed 26770 of 34374, 77.88%
2026-07-23 05:01:30,318 3783596 road_revised.py Completed 26780 of 34374, 77.91%
2026-07-23 05:01:30,354 3783596 road_revised.py Completed 26790 of 34374, 77.94%
2026-07-23 05:01:30,359 3783596 road_revised.py Completed 26800 of 34374, 77.97%
2026-07-23 05:01:30,363 3783596 road_revised.py RSS checkpoint [iter1_lcp_progress_26800_of_34374]: 20.65 GB
2026-07-23 05:01:30,365 3783596 road_revised.py Completed 26810 of 34374, 77.99%
2026-07-23 05:01:30,389 3783596 road_revised.py Completed 26820 of 34374, 78.02%
2026-07-23 05:01:30,415 3783596 road_revised.py Completed 26830 of 34374, 78.05%
2026-07-23 05:01:30,500 3783596 road_revised.py Completed 26840 of 34374, 78.08%
2026-07-23 05:01:30,748 3783596 road_revised.py Completed 26850 of 34374, 78.11%
2026-07-23 05:01:31,024 3783596 road_revised.py Completed 26860 of 34374, 78.14%
2026-07-23 05:01:31,310 3783596 road_revised.py Completed 26870 of 34374, 78.17%
2026-07-23 05:01:31,562 3783596 road_revised.py Completed 26880 of 34374, 78.20%
2026-07-23 05:01:31,848 3783596 road_revised.py Completed 26890 of 34374, 78.23%
2026-07-23 05:01:32,135 3783596 road_revised.py Completed 26900 of 34374, 78.26%
2026-07-23 05:01:32,135 3783596 road_revised.py RSS checkpoint [iter1_lcp_progress_26900_of_34374]: 20.53 GB
2026-07-23 05:01:32,405 3783596 road_revised.py Completed 26910 of 34374, 78.29%
2026-07-23 05:01:32,643 3783596 road_revised.py Completed 26920 of 34374, 78.32%
2026-07-23 05:01:32,891 3783596 road_revised.py Completed 26930 of 34374, 78.34%
2026-07-23 05:01:36,768 3783596 road_revised.py Completed 26940 of 34374, 78.37%
2026-07-23 05:01:36,783 3783596 road_revised.py Completed 26950 of 34374, 78.40%
2026-07-23 05:01:36,784 3783596 road_revised.py Completed 26960 of 34374, 78.43%
2026-07-23 05:01:36,824 3783596 road_revised.py Completed 26970 of 34374, 78.46%
2026-07-23 05:01:36,833 3783596 road_revised.py Completed 26980 of 34374, 78.49%
2026-07-23 05:01:36,834 3783596 road_revised.py Completed 26990 of 34374, 78.52%
2026-07-23 05:01:37,435 3783596 road_revised.py Completed 27000 of 34374, 78.55%
2026-07-23 05:01:37,435 3783596 road_revised.py RSS checkpoint [iter1_lcp_progress_27000_of_34374]: 20.91 GB
2026-07-23 05:01:37,436 3783596 road_revised.py Completed 27010 of 34374, 78.58%
2026-07-23 05:01:37,437 3783596 road_revised.py Completed 27020 of 34374, 78.61%
2026-07-23 05:01:37,439 3783596 road_revised.py Completed 27030 of 34374, 78.64%
2026-07-23 05:01:37,716 3783596 road_revised.py Completed 27040 of 34374, 78.66%
2026-07-23 05:01:37,953 3783596 road_revised.py Completed 27050 of 34374, 78.69%
2026-07-23 05:01:38,236 3783596 road_revised.py Completed 27060 of 34374, 78.72%
2026-07-23 05:01:38,561 3783596 road_revised.py Completed 27070 of 34374, 78.75%
2026-07-23 05:01:38,842 3783596 road_revised.py Completed 27080 of 34374, 78.78%
2026-07-23 05:01:39,131 3783596 road_revised.py Completed 27090 of 34374, 78.81%
2026-07-23 05:01:39,410 3783596 road_revised.py Completed 27100 of 34374, 78.84%
2026-07-23 05:01:39,410 3783596 road_revised.py RSS checkpoint [iter1_lcp_progress_27100_of_34374]: 21.13 GB
2026-07-23 05:01:42,499 3783596 road_revised.py Completed 27110 of 34374, 78.87%
2026-07-23 05:01:42,501 3783596 road_revised.py Completed 27120 of 34374, 78.90%
2026-07-23 05:01:42,502 3783596 road_revised.py Completed 27130 of 34374, 78.93%
2026-07-23 05:01:42,523 3783596 road_revised.py Completed 27140 of 34374, 78.96%
2026-07-23 05:01:42,525 3783596 road_revised.py Completed 27150 of 34374, 78.98%
2026-07-23 05:01:42,542 3783596 road_revised.py Completed 27160 of 34374, 79.01%
2026-07-23 05:01:42,545 3783596 road_revised.py Completed 27170 of 34374, 79.04%
2026-07-23 05:01:42,550 3783596 road_revised.py Completed 27180 of 34374, 79.07%
2026-07-23 05:01:42,786 3783596 road_revised.py Completed 27190 of 34374, 79.10%
2026-07-23 05:01:43,066 3783596 road_revised.py Completed 27200 of 34374, 79.13%
2026-07-23 05:01:43,067 3783596 road_revised.py RSS checkpoint [iter1_lcp_progress_27200_of_34374]: 20.61 GB
2026-07-23 05:01:43,366 3783596 road_revised.py Completed 27210 of 34374, 79.16%
2026-07-23 05:01:43,651 3783596 road_revised.py Completed 27220 of 34374, 79.19%
2026-07-23 05:01:43,952 3783596 road_revised.py Completed 27230 of 34374, 79.22%
2026-07-23 05:01:44,276 3783596 road_revised.py Completed 27240 of 34374, 79.25%
2026-07-23 05:01:44,502 3783596 road_revised.py Completed 27250 of 34374, 79.28%
2026-07-23 05:01:44,787 3783596 road_revised.py Completed 27260 of 34374, 79.30%
2026-07-23 05:01:45,021 3783596 road_revised.py Completed 27270 of 34374, 79.33%
2026-07-23 05:01:48,295 3783596 road_revised.py Completed 27280 of 34374, 79.36%
2026-07-23 05:01:48,297 3783596 road_revised.py Completed 27290 of 34374, 79.39%
2026-07-23 05:01:48,298 3783596 road_revised.py Completed 27300 of 34374, 79.42%
2026-07-23 05:01:48,319 3783596 road_revised.py RSS checkpoint [iter1_lcp_progress_27300_of_34374]: 20.99 GB
2026-07-23 05:01:48,321 3783596 road_revised.py Completed 27310 of 34374, 79.45%
2026-07-23 05:01:48,322 3783596 road_revised.py Completed 27320 of 34374, 79.48%
2026-07-23 05:01:48,742 3783596 road_revised.py Completed 27330 of 34374, 79.51%
2026-07-23 05:01:48,756 3783596 road_revised.py Completed 27340 of 34374, 79.54%
2026-07-23 05:01:48,757 3783596 road_revised.py Completed 27350 of 34374, 79.57%
2026-07-23 05:01:48,799 3783596 road_revised.py Completed 27360 of 34374, 79.60%
2026-07-23 05:01:49,064 3783596 road_revised.py Completed 27370 of 34374, 79.62%
2026-07-23 05:01:49,317 3783596 road_revised.py Completed 27380 of 34374, 79.65%
2026-07-23 05:01:49,561 3783596 road_revised.py Completed 27390 of 34374, 79.68%
2026-07-23 05:01:49,862 3783596 road_revised.py Completed 27400 of 34374, 79.71%
2026-07-23 05:01:49,863 3783596 road_revised.py RSS checkpoint [iter1_lcp_progress_27400_of_34374]: 20.97 GB
2026-07-23 05:01:50,130 3783596 road_revised.py Completed 27410 of 34374, 79.74%
2026-07-23 05:01:50,389 3783596 road_revised.py Completed 27420 of 34374, 79.77%
2026-07-23 05:01:50,673 3783596 road_revised.py Completed 27430 of 34374, 79.80%
2026-07-23 05:01:50,915 3783596 road_revised.py Completed 27440 of 34374, 79.83%
2026-07-23 05:01:53,455 3783596 road_revised.py Completed 27450 of 34374, 79.86%
2026-07-23 05:01:53,462 3783596 road_revised.py Completed 27460 of 34374, 79.89%
2026-07-23 05:01:53,486 3783596 road_revised.py Completed 27470 of 34374, 79.92%
2026-07-23 05:01:53,498 3783596 road_revised.py Completed 27480 of 34374, 79.94%
2026-07-23 05:01:53,499 3783596 road_revised.py Completed 27490 of 34374, 79.97%
2026-07-23 05:01:53,504 3783596 road_revised.py Completed 27500 of 34374, 80.00%
2026-07-23 05:01:53,505 3783596 road_revised.py RSS checkpoint [iter1_lcp_progress_27500_of_34374]: 20.89 GB
2026-07-23 05:01:53,554 3783596 road_revised.py Completed 27510 of 34374, 80.03%
2026-07-23 05:01:53,816 3783596 road_revised.py Completed 27520 of 34374, 80.06%
2026-07-23 05:01:54,124 3783596 road_revised.py Completed 27530 of 34374, 80.09%
2026-07-23 05:01:54,364 3783596 road_revised.py Completed 27540 of 34374, 80.12%
2026-07-23 05:01:54,683 3783596 road_revised.py Completed 27550 of 34374, 80.15%
2026-07-23 05:01:54,966 3783596 road_revised.py Completed 27560 of 34374, 80.18%
2026-07-23 05:01:55,319 3783596 road_revised.py Completed 27570 of 34374, 80.21%
2026-07-23 05:01:55,582 3783596 road_revised.py Completed 27580 of 34374, 80.24%
2026-07-23 05:01:55,847 3783596 road_revised.py Completed 27590 of 34374, 80.26%
2026-07-23 05:01:55,927 3783596 road_revised.py Completed 27600 of 34374, 80.29%
2026-07-23 05:01:55,927 3783596 road_revised.py RSS checkpoint [iter1_lcp_progress_27600_of_34374]: 20.82 GB
2026-07-23 05:01:56,154 3783596 road_revised.py Completed 27610 of 34374, 80.32%
2026-07-23 05:02:00,327 3783596 road_revised.py Completed 27620 of 34374, 80.35%
2026-07-23 05:02:00,346 3783596 road_revised.py Completed 27630 of 34374, 80.38%
2026-07-23 05:02:00,347 3783596 road_revised.py Completed 27640 of 34374, 80.41%
2026-07-23 05:02:00,369 3783596 road_revised.py Completed 27650 of 34374, 80.44%
2026-07-23 05:02:00,370 3783596 road_revised.py Completed 27660 of 34374, 80.47%
2026-07-23 05:02:00,375 3783596 road_revised.py Completed 27670 of 34374, 80.50%
2026-07-23 05:02:00,853 3783596 road_revised.py Completed 27680 of 34374, 80.53%
2026-07-23 05:02:00,862 3783596 road_revised.py Completed 27690 of 34374, 80.56%
2026-07-23 05:02:00,873 3783596 road_revised.py Completed 27700 of 34374, 80.58%
2026-07-23 05:02:00,873 3783596 road_revised.py RSS checkpoint [iter1_lcp_progress_27700_of_34374]: 21.34 GB
2026-07-23 05:02:00,877 3783596 road_revised.py Completed 27710 of 34374, 80.61%
2026-07-23 05:02:01,084 3783596 road_revised.py Completed 27720 of 34374, 80.64%
2026-07-23 05:02:01,325 3783596 road_revised.py Completed 27730 of 34374, 80.67%
2026-07-23 05:02:01,611 3783596 road_revised.py Completed 27740 of 34374, 80.70%
2026-07-23 05:02:01,900 3783596 road_revised.py Completed 27750 of 34374, 80.73%
2026-07-23 05:02:02,214 3783596 road_revised.py Completed 27760 of 34374, 80.76%
2026-07-23 05:02:02,434 3783596 road_revised.py Completed 27770 of 34374, 80.79%
2026-07-23 05:02:02,713 3783596 road_revised.py Completed 27780 of 34374, 80.82%
2026-07-23 05:02:05,581 3783596 road_revised.py Completed 27790 of 34374, 80.85%
2026-07-23 05:02:05,594 3783596 road_revised.py Completed 27800 of 34374, 80.88%
2026-07-23 05:02:05,596 3783596 road_revised.py RSS checkpoint [iter1_lcp_progress_27800_of_34374]: 21.32 GB
2026-07-23 05:02:05,598 3783596 road_revised.py Completed 27810 of 34374, 80.90%
2026-07-23 05:02:05,616 3783596 road_revised.py Completed 27820 of 34374, 80.93%
2026-07-23 05:02:05,618 3783596 road_revised.py Completed 27830 of 34374, 80.96%
2026-07-23 05:02:05,624 3783596 road_revised.py Completed 27840 of 34374, 80.99%
2026-07-23 05:02:05,628 3783596 road_revised.py Completed 27850 of 34374, 81.02%
2026-07-23 05:02:05,777 3783596 road_revised.py Completed 27860 of 34374, 81.05%
2026-07-23 05:02:06,020 3783596 road_revised.py Completed 27870 of 34374, 81.08%
2026-07-23 05:02:06,321 3783596 road_revised.py Completed 27880 of 34374, 81.11%
2026-07-23 05:02:06,573 3783596 road_revised.py Completed 27890 of 34374, 81.14%
2026-07-23 05:02:06,842 3783596 road_revised.py Completed 27900 of 34374, 81.17%
2026-07-23 05:02:06,842 3783596 road_revised.py RSS checkpoint [iter1_lcp_progress_27900_of_34374]: 21.09 GB
2026-07-23 05:02:07,140 3783596 road_revised.py Completed 27910 of 34374, 81.20%
2026-07-23 05:02:07,408 3783596 road_revised.py Completed 27920 of 34374, 81.22%
2026-07-23 05:02:07,697 3783596 road_revised.py Completed 27930 of 34374, 81.25%
2026-07-23 05:02:07,990 3783596 road_revised.py Completed 27940 of 34374, 81.28%
2026-07-23 05:02:08,268 3783596 road_revised.py Completed 27950 of 34374, 81.31%
2026-07-23 05:02:11,678 3783596 road_revised.py Completed 27960 of 34374, 81.34%
2026-07-23 05:02:11,685 3783596 road_revised.py Completed 27970 of 34374, 81.37%
2026-07-23 05:02:11,727 3783596 road_revised.py Completed 27980 of 34374, 81.40%
2026-07-23 05:02:11,728 3783596 road_revised.py Completed 27990 of 34374, 81.43%
2026-07-23 05:02:11,746 3783596 road_revised.py Completed 28000 of 34374, 81.46%
2026-07-23 05:02:11,757 3783596 road_revised.py RSS checkpoint [iter1_lcp_progress_28000_of_34374]: 21.46 GB
2026-07-23 05:02:12,225 3783596 road_revised.py Completed 28010 of 34374, 81.49%
2026-07-23 05:02:12,235 3783596 road_revised.py Completed 28020 of 34374, 81.52%
2026-07-23 05:02:12,238 3783596 road_revised.py Completed 28030 of 34374, 81.54%
2026-07-23 05:02:12,239 3783596 road_revised.py Completed 28040 of 34374, 81.57%
2026-07-23 05:02:12,267 3783596 road_revised.py Completed 28050 of 34374, 81.60%
2026-07-23 05:02:12,480 3783596 road_revised.py Completed 28060 of 34374, 81.63%
2026-07-23 05:02:12,756 3783596 road_revised.py Completed 28070 of 34374, 81.66%
2026-07-23 05:02:13,051 3783596 road_revised.py Completed 28080 of 34374, 81.69%
2026-07-23 05:02:13,283 3783596 road_revised.py Completed 28090 of 34374, 81.72%
2026-07-23 05:02:13,650 3783596 road_revised.py Completed 28100 of 34374, 81.75%
2026-07-23 05:02:13,651 3783596 road_revised.py RSS checkpoint [iter1_lcp_progress_28100_of_34374]: 21.34 GB
2026-07-23 05:02:13,897 3783596 road_revised.py Completed 28110 of 34374, 81.78%
2026-07-23 05:02:14,197 3783596 road_revised.py Completed 28120 of 34374, 81.81%
2026-07-23 05:02:17,213 3783596 road_revised.py Completed 28130 of 34374, 81.84%
2026-07-23 05:02:17,220 3783596 road_revised.py Completed 28140 of 34374, 81.86%
2026-07-23 05:02:17,221 3783596 road_revised.py Completed 28150 of 34374, 81.89%
2026-07-23 05:02:17,239 3783596 road_revised.py Completed 28160 of 34374, 81.92%
2026-07-23 05:02:17,240 3783596 road_revised.py Completed 28170 of 34374, 81.95%
2026-07-23 05:02:17,242 3783596 road_revised.py Completed 28180 of 34374, 81.98%
2026-07-23 05:02:17,272 3783596 road_revised.py Completed 28190 of 34374, 82.01%
2026-07-23 05:02:17,616 3783596 road_revised.py Completed 28200 of 34374, 82.04%
2026-07-23 05:02:17,616 3783596 road_revised.py RSS checkpoint [iter1_lcp_progress_28200_of_34374]: 21.25 GB
2026-07-23 05:02:17,888 3783596 road_revised.py Completed 28210 of 34374, 82.07%
2026-07-23 05:02:18,196 3783596 road_revised.py Completed 28220 of 34374, 82.10%
2026-07-23 05:02:18,472 3783596 road_revised.py Completed 28230 of 34374, 82.13%
2026-07-23 05:02:18,794 3783596 road_revised.py Completed 28240 of 34374, 82.16%
2026-07-23 05:02:19,031 3783596 road_revised.py Completed 28250 of 34374, 82.18%
2026-07-23 05:02:19,319 3783596 road_revised.py Completed 28260 of 34374, 82.21%
2026-07-23 05:02:19,598 3783596 road_revised.py Completed 28270 of 34374, 82.24%
2026-07-23 05:02:19,863 3783596 road_revised.py Completed 28280 of 34374, 82.27%
2026-07-23 05:02:24,040 3783596 road_revised.py Completed 28290 of 34374, 82.30%
2026-07-23 05:02:24,051 3783596 road_revised.py Completed 28300 of 34374, 82.33%
2026-07-23 05:02:24,104 3783596 road_revised.py RSS checkpoint [iter1_lcp_progress_28300_of_34374]: 21.59 GB
2026-07-23 05:02:24,105 3783596 road_revised.py Completed 28310 of 34374, 82.36%
2026-07-23 05:02:24,110 3783596 road_revised.py Completed 28320 of 34374, 82.39%
2026-07-23 05:02:24,568 3783596 road_revised.py Completed 28330 of 34374, 82.42%
2026-07-23 05:02:24,569 3783596 road_revised.py Completed 28340 of 34374, 82.45%
2026-07-23 05:02:24,570 3783596 road_revised.py Completed 28350 of 34374, 82.48%
2026-07-23 05:02:24,577 3783596 road_revised.py Completed 28360 of 34374, 82.50%
2026-07-23 05:02:24,585 3783596 road_revised.py Completed 28370 of 34374, 82.53%
2026-07-23 05:02:24,586 3783596 road_revised.py Completed 28380 of 34374, 82.56%
2026-07-23 05:02:24,673 3783596 road_revised.py Completed 28390 of 34374, 82.59%
2026-07-23 05:02:24,972 3783596 road_revised.py Completed 28400 of 34374, 82.62%
2026-07-23 05:02:24,973 3783596 road_revised.py RSS checkpoint [iter1_lcp_progress_28400_of_34374]: 21.65 GB
2026-07-23 05:02:25,224 3783596 road_revised.py Completed 28410 of 34374, 82.65%
2026-07-23 05:02:25,506 3783596 road_revised.py Completed 28420 of 34374, 82.68%
2026-07-23 05:02:25,757 3783596 road_revised.py Completed 28430 of 34374, 82.71%
2026-07-23 05:02:26,051 3783596 road_revised.py Completed 28440 of 34374, 82.74%
2026-07-23 05:02:26,287 3783596 road_revised.py Completed 28450 of 34374, 82.77%
2026-07-23 05:02:28,642 3783596 road_revised.py Completed 28460 of 34374, 82.80%
2026-07-23 05:02:28,643 3783596 road_revised.py Completed 28470 of 34374, 82.82%
2026-07-23 05:02:28,644 3783596 road_revised.py Completed 28480 of 34374, 82.85%
2026-07-23 05:02:28,666 3783596 road_revised.py Completed 28490 of 34374, 82.88%
2026-07-23 05:02:28,669 3783596 road_revised.py Completed 28500 of 34374, 82.91%
2026-07-23 05:02:28,678 3783596 road_revised.py RSS checkpoint [iter1_lcp_progress_28500_of_34374]: 21.81 GB
2026-07-23 05:02:28,688 3783596 road_revised.py Completed 28510 of 34374, 82.94%
2026-07-23 05:02:28,722 3783596 road_revised.py Completed 28520 of 34374, 82.97%
2026-07-23 05:02:29,006 3783596 road_revised.py Completed 28530 of 34374, 83.00%
2026-07-23 05:02:29,248 3783596 road_revised.py Completed 28540 of 34374, 83.03%
2026-07-23 05:02:29,503 3783596 road_revised.py Completed 28550 of 34374, 83.06%
2026-07-23 05:02:29,764 3783596 road_revised.py Completed 28560 of 34374, 83.09%
2026-07-23 05:02:30,059 3783596 road_revised.py Completed 28570 of 34374, 83.12%
2026-07-23 05:02:30,292 3783596 road_revised.py Completed 28580 of 34374, 83.14%
2026-07-23 05:02:30,550 3783596 road_revised.py Completed 28590 of 34374, 83.17%
2026-07-23 05:02:30,847 3783596 road_revised.py Completed 28600 of 34374, 83.20%
2026-07-23 05:02:30,847 3783596 road_revised.py RSS checkpoint [iter1_lcp_progress_28600_of_34374]: 21.80 GB
2026-07-23 05:02:31,148 3783596 road_revised.py Completed 28610 of 34374, 83.23%
2026-07-23 05:02:31,468 3783596 road_revised.py Completed 28620 of 34374, 83.26%
2026-07-23 05:02:35,146 3783596 road_revised.py Completed 28630 of 34374, 83.29%
2026-07-23 05:02:35,150 3783596 road_revised.py Completed 28640 of 34374, 83.32%
2026-07-23 05:02:35,151 3783596 road_revised.py Completed 28650 of 34374, 83.35%
2026-07-23 05:02:35,164 3783596 road_revised.py Completed 28660 of 34374, 83.38%
2026-07-23 05:02:35,750 3783596 road_revised.py Completed 28670 of 34374, 83.41%
2026-07-23 05:02:35,751 3783596 road_revised.py Completed 28680 of 34374, 83.44%
2026-07-23 05:02:35,752 3783596 road_revised.py Completed 28690 of 34374, 83.46%
2026-07-23 05:02:35,753 3783596 road_revised.py Completed 28700 of 34374, 83.49%
2026-07-23 05:02:35,759 3783596 road_revised.py RSS checkpoint [iter1_lcp_progress_28700_of_34374]: 21.67 GB
2026-07-23 05:02:35,760 3783596 road_revised.py Completed 28710 of 34374, 83.52%
2026-07-23 05:02:35,858 3783596 road_revised.py Completed 28720 of 34374, 83.55%
2026-07-23 05:02:36,172 3783596 road_revised.py Completed 28730 of 34374, 83.58%
2026-07-23 05:02:36,436 3783596 road_revised.py Completed 28740 of 34374, 83.61%
2026-07-23 05:02:36,704 3783596 road_revised.py Completed 28750 of 34374, 83.64%
2026-07-23 05:02:36,974 3783596 road_revised.py Completed 28760 of 34374, 83.67%
2026-07-23 05:02:37,320 3783596 road_revised.py Completed 28770 of 34374, 83.70%
2026-07-23 05:02:37,529 3783596 road_revised.py Completed 28780 of 34374, 83.73%
2026-07-23 05:02:37,811 3783596 road_revised.py Completed 28790 of 34374, 83.76%
2026-07-23 05:02:40,473 3783596 road_revised.py Completed 28800 of 34374, 83.78%
2026-07-23 05:02:40,490 3783596 road_revised.py RSS checkpoint [iter1_lcp_progress_28800_of_34374]: 21.83 GB
2026-07-23 05:02:40,531 3783596 road_revised.py Completed 28810 of 34374, 83.81%
2026-07-23 05:02:40,532 3783596 road_revised.py Completed 28820 of 34374, 83.84%
2026-07-23 05:02:40,533 3783596 road_revised.py Completed 28830 of 34374, 83.87%
2026-07-23 05:02:40,534 3783596 road_revised.py Completed 28840 of 34374, 83.90%
2026-07-23 05:02:40,535 3783596 road_revised.py Completed 28850 of 34374, 83.93%
2026-07-23 05:02:40,567 3783596 road_revised.py Completed 28860 of 34374, 83.96%
2026-07-23 05:02:40,884 3783596 road_revised.py Completed 28870 of 34374, 83.99%
2026-07-23 05:02:41,179 3783596 road_revised.py Completed 28880 of 34374, 84.02%
2026-07-23 05:02:41,453 3783596 road_revised.py Completed 28890 of 34374, 84.05%
2026-07-23 05:02:41,777 3783596 road_revised.py Completed 28900 of 34374, 84.08%
2026-07-23 05:02:41,781 3783596 road_revised.py RSS checkpoint [iter1_lcp_progress_28900_of_34374]: 21.64 GB
2026-07-23 05:02:41,988 3783596 road_revised.py Completed 28910 of 34374, 84.10%
2026-07-23 05:02:42,237 3783596 road_revised.py Completed 28920 of 34374, 84.13%
2026-07-23 05:02:42,521 3783596 road_revised.py Completed 28930 of 34374, 84.16%
2026-07-23 05:02:42,794 3783596 road_revised.py Completed 28940 of 34374, 84.19%
2026-07-23 05:02:43,062 3783596 road_revised.py Completed 28950 of 34374, 84.22%
2026-07-23 05:02:43,342 3783596 road_revised.py Completed 28960 of 34374, 84.25%
2026-07-23 05:02:46,468 3783596 road_revised.py Completed 28970 of 34374, 84.28%
2026-07-23 05:02:46,469 3783596 road_revised.py Completed 28980 of 34374, 84.31%
2026-07-23 05:02:46,934 3783596 road_revised.py Completed 28990 of 34374, 84.34%
2026-07-23 05:02:46,935 3783596 road_revised.py Completed 29000 of 34374, 84.37%
2026-07-23 05:02:46,936 3783596 road_revised.py RSS checkpoint [iter1_lcp_progress_29000_of_34374]: 21.69 GB
2026-07-23 05:02:46,937 3783596 road_revised.py Completed 29010 of 34374, 84.40%
2026-07-23 05:02:46,960 3783596 road_revised.py Completed 29020 of 34374, 84.42%
2026-07-23 05:02:46,961 3783596 road_revised.py Completed 29030 of 34374, 84.45%
2026-07-23 05:02:46,962 3783596 road_revised.py Completed 29040 of 34374, 84.48%
2026-07-23 05:02:47,007 3783596 road_revised.py Completed 29050 of 34374, 84.51%
2026-07-23 05:02:47,277 3783596 road_revised.py Completed 29060 of 34374, 84.54%
2026-07-23 05:02:47,545 3783596 road_revised.py Completed 29070 of 34374, 84.57%
2026-07-23 05:02:47,803 3783596 road_revised.py Completed 29080 of 34374, 84.60%
2026-07-23 05:02:48,058 3783596 road_revised.py Completed 29090 of 34374, 84.63%
2026-07-23 05:02:48,340 3783596 road_revised.py Completed 29100 of 34374, 84.66%
2026-07-23 05:02:48,341 3783596 road_revised.py RSS checkpoint [iter1_lcp_progress_29100_of_34374]: 21.84 GB
2026-07-23 05:02:48,569 3783596 road_revised.py Completed 29110 of 34374, 84.69%
2026-07-23 05:02:48,818 3783596 road_revised.py Completed 29120 of 34374, 84.72%
2026-07-23 05:02:51,559 3783596 road_revised.py Completed 29130 of 34374, 84.74%
2026-07-23 05:02:51,562 3783596 road_revised.py Completed 29140 of 34374, 84.77%
2026-07-23 05:02:51,563 3783596 road_revised.py Completed 29150 of 34374, 84.80%
2026-07-23 05:02:51,564 3783596 road_revised.py Completed 29160 of 34374, 84.83%
2026-07-23 05:02:51,575 3783596 road_revised.py Completed 29170 of 34374, 84.86%
2026-07-23 05:02:51,576 3783596 road_revised.py Completed 29180 of 34374, 84.89%
2026-07-23 05:02:51,610 3783596 road_revised.py Completed 29190 of 34374, 84.92%
2026-07-23 05:02:51,845 3783596 road_revised.py Completed 29200 of 34374, 84.95%
2026-07-23 05:02:51,845 3783596 road_revised.py RSS checkpoint [iter1_lcp_progress_29200_of_34374]: 21.69 GB
2026-07-23 05:02:52,122 3783596 road_revised.py Completed 29210 of 34374, 84.98%
2026-07-23 05:02:52,446 3783596 road_revised.py Completed 29220 of 34374, 85.01%
2026-07-23 05:02:52,714 3783596 road_revised.py Completed 29230 of 34374, 85.04%
2026-07-23 05:02:53,054 3783596 road_revised.py Completed 29240 of 34374, 85.06%
2026-07-23 05:02:53,310 3783596 road_revised.py Completed 29250 of 34374, 85.09%
2026-07-23 05:02:53,617 3783596 road_revised.py Completed 29260 of 34374, 85.12%
2026-07-23 05:02:53,876 3783596 road_revised.py Completed 29270 of 34374, 85.15%
2026-07-23 05:02:54,176 3783596 road_revised.py Completed 29280 of 34374, 85.18%
2026-07-23 05:02:54,455 3783596 road_revised.py Completed 29290 of 34374, 85.21%
2026-07-23 05:02:58,085 3783596 road_revised.py Completed 29300 of 34374, 85.24%
2026-07-23 05:02:58,089 3783596 road_revised.py RSS checkpoint [iter1_lcp_progress_29300_of_34374]: 22.24 GB
2026-07-23 05:02:58,588 3783596 road_revised.py Completed 29310 of 34374, 85.27%
2026-07-23 05:02:58,589 3783596 road_revised.py Completed 29320 of 34374, 85.30%
2026-07-23 05:02:58,591 3783596 road_revised.py Completed 29330 of 34374, 85.33%
2026-07-23 05:02:58,593 3783596 road_revised.py Completed 29340 of 34374, 85.36%
2026-07-23 05:02:58,594 3783596 road_revised.py Completed 29350 of 34374, 85.38%
2026-07-23 05:02:58,595 3783596 road_revised.py Completed 29360 of 34374, 85.41%
2026-07-23 05:02:58,597 3783596 road_revised.py Completed 29370 of 34374, 85.44%
2026-07-23 05:02:58,597 3783596 road_revised.py Completed 29380 of 34374, 85.47%
2026-07-23 05:02:58,642 3783596 road_revised.py Completed 29390 of 34374, 85.50%
2026-07-23 05:02:58,881 3783596 road_revised.py Completed 29400 of 34374, 85.53%
2026-07-23 05:02:58,881 3783596 road_revised.py RSS checkpoint [iter1_lcp_progress_29400_of_34374]: 21.96 GB
2026-07-23 05:02:59,196 3783596 road_revised.py Completed 29410 of 34374, 85.56%
2026-07-23 05:02:59,496 3783596 road_revised.py Completed 29420 of 34374, 85.59%
2026-07-23 05:02:59,741 3783596 road_revised.py Completed 29430 of 34374, 85.62%
2026-07-23 05:03:00,010 3783596 road_revised.py Completed 29440 of 34374, 85.65%
2026-07-23 05:03:00,288 3783596 road_revised.py Completed 29450 of 34374, 85.68%
2026-07-23 05:03:00,633 3783596 road_revised.py Completed 29460 of 34374, 85.70%
2026-07-23 05:03:03,044 3783596 road_revised.py Completed 29470 of 34374, 85.73%
2026-07-23 05:03:03,048 3783596 road_revised.py Completed 29480 of 34374, 85.76%
2026-07-23 05:03:03,049 3783596 road_revised.py Completed 29490 of 34374, 85.79%
2026-07-23 05:03:03,069 3783596 road_revised.py Completed 29500 of 34374, 85.82%
2026-07-23 05:03:03,078 3783596 road_revised.py RSS checkpoint [iter1_lcp_progress_29500_of_34374]: 22.18 GB
2026-07-23 05:03:03,082 3783596 road_revised.py Completed 29510 of 34374, 85.85%
2026-07-23 05:03:03,124 3783596 road_revised.py Completed 29520 of 34374, 85.88%
2026-07-23 05:03:03,389 3783596 road_revised.py Completed 29530 of 34374, 85.91%
2026-07-23 05:03:03,639 3783596 road_revised.py Completed 29540 of 34374, 85.94%
2026-07-23 05:03:03,907 3783596 road_revised.py Completed 29550 of 34374, 85.97%
2026-07-23 05:03:04,208 3783596 road_revised.py Completed 29560 of 34374, 86.00%
2026-07-23 05:03:04,455 3783596 road_revised.py Completed 29570 of 34374, 86.02%
2026-07-23 05:03:04,722 3783596 road_revised.py Completed 29580 of 34374, 86.05%
2026-07-23 05:03:05,007 3783596 road_revised.py Completed 29590 of 34374, 86.08%
2026-07-23 05:03:05,229 3783596 road_revised.py Completed 29600 of 34374, 86.11%
2026-07-23 05:03:05,230 3783596 road_revised.py RSS checkpoint [iter1_lcp_progress_29600_of_34374]: 22.10 GB
2026-07-23 05:03:05,480 3783596 road_revised.py Completed 29610 of 34374, 86.14%
2026-07-23 05:03:05,764 3783596 road_revised.py Completed 29620 of 34374, 86.17%
2026-07-23 05:03:06,008 3783596 road_revised.py Completed 29630 of 34374, 86.20%
2026-07-23 05:03:09,726 3783596 road_revised.py Completed 29640 of 34374, 86.23%
2026-07-23 05:03:10,275 3783596 road_revised.py Completed 29650 of 34374, 86.26%
2026-07-23 05:03:10,276 3783596 road_revised.py Completed 29660 of 34374, 86.29%
2026-07-23 05:03:10,297 3783596 road_revised.py Completed 29670 of 34374, 86.32%
2026-07-23 05:03:10,298 3783596 road_revised.py Completed 29680 of 34374, 86.34%
2026-07-23 05:03:10,300 3783596 road_revised.py Completed 29690 of 34374, 86.37%
2026-07-23 05:03:10,321 3783596 road_revised.py Completed 29700 of 34374, 86.40%
2026-07-23 05:03:10,327 3783596 road_revised.py RSS checkpoint [iter1_lcp_progress_29700_of_34374]: 22.45 GB
2026-07-23 05:03:10,330 3783596 road_revised.py Completed 29710 of 34374, 86.43%
2026-07-23 05:03:10,382 3783596 road_revised.py Completed 29720 of 34374, 86.46%
2026-07-23 05:03:10,660 3783596 road_revised.py Completed 29730 of 34374, 86.49%
2026-07-23 05:03:10,986 3783596 road_revised.py Completed 29740 of 34374, 86.52%
2026-07-23 05:03:11,276 3783596 road_revised.py Completed 29750 of 34374, 86.55%
2026-07-23 05:03:11,569 3783596 road_revised.py Completed 29760 of 34374, 86.58%
2026-07-23 05:03:11,866 3783596 road_revised.py Completed 29770 of 34374, 86.61%
2026-07-23 05:03:12,174 3783596 road_revised.py Completed 29780 of 34374, 86.64%
2026-07-23 05:03:12,439 3783596 road_revised.py Completed 29790 of 34374, 86.66%
2026-07-23 05:03:15,830 3783596 road_revised.py Completed 29800 of 34374, 86.69%
2026-07-23 05:03:15,838 3783596 road_revised.py RSS checkpoint [iter1_lcp_progress_29800_of_34374]: 22.46 GB
2026-07-23 05:03:15,852 3783596 road_revised.py Completed 29810 of 34374, 86.72%
2026-07-23 05:03:15,853 3783596 road_revised.py Completed 29820 of 34374, 86.75%
2026-07-23 05:03:15,854 3783596 road_revised.py Completed 29830 of 34374, 86.78%
2026-07-23 05:03:15,865 3783596 road_revised.py Completed 29840 of 34374, 86.81%
2026-07-23 05:03:15,866 3783596 road_revised.py Completed 29850 of 34374, 86.84%
2026-07-23 05:03:15,867 3783596 road_revised.py Completed 29860 of 34374, 86.87%
2026-07-23 05:03:15,875 3783596 road_revised.py Completed 29870 of 34374, 86.90%
2026-07-23 05:03:16,148 3783596 road_revised.py Completed 29880 of 34374, 86.93%
2026-07-23 05:03:16,408 3783596 road_revised.py Completed 29890 of 34374, 86.96%
2026-07-23 05:03:16,700 3783596 road_revised.py Completed 29900 of 34374, 86.98%
2026-07-23 05:03:16,700 3783596 road_revised.py RSS checkpoint [iter1_lcp_progress_29900_of_34374]: 22.14 GB
2026-07-23 05:03:16,968 3783596 road_revised.py Completed 29910 of 34374, 87.01%
2026-07-23 05:03:17,299 3783596 road_revised.py Completed 29920 of 34374, 87.04%
2026-07-23 05:03:17,500 3783596 road_revised.py Completed 29930 of 34374, 87.07%
2026-07-23 05:03:17,763 3783596 road_revised.py Completed 29940 of 34374, 87.10%
2026-07-23 05:03:18,043 3783596 road_revised.py Completed 29950 of 34374, 87.13%
2026-07-23 05:03:18,332 3783596 road_revised.py Completed 29960 of 34374, 87.16%
2026-07-23 05:03:22,397 3783596 road_revised.py Completed 29970 of 34374, 87.19%
2026-07-23 05:03:22,399 3783596 road_revised.py Completed 29980 of 34374, 87.22%
2026-07-23 05:03:22,400 3783596 road_revised.py Completed 29990 of 34374, 87.25%
2026-07-23 05:03:22,404 3783596 road_revised.py Completed 30000 of 34374, 87.28%
2026-07-23 05:03:22,411 3783596 road_revised.py RSS checkpoint [iter1_lcp_progress_30000_of_34374]: 22.56 GB
2026-07-23 05:03:22,429 3783596 road_revised.py Completed 30010 of 34374, 87.30%
2026-07-23 05:03:22,431 3783596 road_revised.py Completed 30020 of 34374, 87.33%
2026-07-23 05:03:22,450 3783596 road_revised.py Completed 30030 of 34374, 87.36%
2026-07-23 05:03:22,451 3783596 road_revised.py Completed 30040 of 34374, 87.39%
2026-07-23 05:03:22,464 3783596 road_revised.py Completed 30050 of 34374, 87.42%
2026-07-23 05:03:22,752 3783596 road_revised.py Completed 30060 of 34374, 87.45%
2026-07-23 05:03:22,987 3783596 road_revised.py Completed 30070 of 34374, 87.48%
2026-07-23 05:03:23,272 3783596 road_revised.py Completed 30080 of 34374, 87.51%
2026-07-23 05:03:23,535 3783596 road_revised.py Completed 30090 of 34374, 87.54%
2026-07-23 05:03:23,853 3783596 road_revised.py Completed 30100 of 34374, 87.57%
2026-07-23 05:03:23,856 3783596 road_revised.py RSS checkpoint [iter1_lcp_progress_30100_of_34374]: 22.45 GB
2026-07-23 05:03:24,122 3783596 road_revised.py Completed 30110 of 34374, 87.60%
2026-07-23 05:03:24,382 3783596 road_revised.py Completed 30120 of 34374, 87.62%
2026-07-23 05:03:24,663 3783596 road_revised.py Completed 30130 of 34374, 87.65%
2026-07-23 05:03:27,385 3783596 road_revised.py Completed 30140 of 34374, 87.68%
2026-07-23 05:03:27,387 3783596 road_revised.py Completed 30150 of 34374, 87.71%
2026-07-23 05:03:27,388 3783596 road_revised.py Completed 30160 of 34374, 87.74%
2026-07-23 05:03:27,418 3783596 road_revised.py Completed 30170 of 34374, 87.77%
2026-07-23 05:03:27,419 3783596 road_revised.py Completed 30180 of 34374, 87.80%
2026-07-23 05:03:27,426 3783596 road_revised.py Completed 30190 of 34374, 87.83%
2026-07-23 05:03:27,435 3783596 road_revised.py Completed 30200 of 34374, 87.86%
2026-07-23 05:03:27,445 3783596 road_revised.py RSS checkpoint [iter1_lcp_progress_30200_of_34374]: 22.60 GB
2026-07-23 05:03:27,660 3783596 road_revised.py Completed 30210 of 34374, 87.89%
2026-07-23 05:03:27,914 3783596 road_revised.py Completed 30220 of 34374, 87.92%
2026-07-23 05:03:28,181 3783596 road_revised.py Completed 30230 of 34374, 87.94%
2026-07-23 05:03:28,502 3783596 road_revised.py Completed 30240 of 34374, 87.97%
2026-07-23 05:03:28,814 3783596 road_revised.py Completed 30250 of 34374, 88.00%
2026-07-23 05:03:28,995 3783596 road_revised.py Completed 30260 of 34374, 88.03%
2026-07-23 05:03:29,292 3783596 road_revised.py Completed 30270 of 34374, 88.06%
2026-07-23 05:03:29,617 3783596 road_revised.py Completed 30280 of 34374, 88.09%
2026-07-23 05:03:29,870 3783596 road_revised.py Completed 30290 of 34374, 88.12%
2026-07-23 05:03:30,143 3783596 road_revised.py Completed 30300 of 34374, 88.15%
2026-07-23 05:03:30,144 3783596 road_revised.py RSS checkpoint [iter1_lcp_progress_30300_of_34374]: 22.53 GB
2026-07-23 05:03:33,869 3783596 road_revised.py Completed 30310 of 34374, 88.18%
2026-07-23 05:03:33,903 3783596 road_revised.py Completed 30320 of 34374, 88.21%
2026-07-23 05:03:33,904 3783596 road_revised.py Completed 30330 of 34374, 88.24%
2026-07-23 05:03:33,905 3783596 road_revised.py Completed 30340 of 34374, 88.26%
2026-07-23 05:03:34,450 3783596 road_revised.py Completed 30350 of 34374, 88.29%
2026-07-23 05:03:34,451 3783596 road_revised.py Completed 30360 of 34374, 88.32%
2026-07-23 05:03:34,456 3783596 road_revised.py Completed 30370 of 34374, 88.35%
2026-07-23 05:03:34,458 3783596 road_revised.py Completed 30380 of 34374, 88.38%
2026-07-23 05:03:34,476 3783596 road_revised.py Completed 30390 of 34374, 88.41%
2026-07-23 05:03:34,745 3783596 road_revised.py Completed 30400 of 34374, 88.44%
2026-07-23 05:03:34,746 3783596 road_revised.py RSS checkpoint [iter1_lcp_progress_30400_of_34374]: 22.64 GB
2026-07-23 05:03:35,085 3783596 road_revised.py Completed 30410 of 34374, 88.47%
2026-07-23 05:03:35,333 3783596 road_revised.py Completed 30420 of 34374, 88.50%
2026-07-23 05:03:35,575 3783596 road_revised.py Completed 30430 of 34374, 88.53%
2026-07-23 05:03:35,857 3783596 road_revised.py Completed 30440 of 34374, 88.56%
2026-07-23 05:03:36,101 3783596 road_revised.py Completed 30450 of 34374, 88.58%
2026-07-23 05:03:36,354 3783596 road_revised.py Completed 30460 of 34374, 88.61%
2026-07-23 05:03:39,047 3783596 road_revised.py Completed 30470 of 34374, 88.64%
2026-07-23 05:03:39,055 3783596 road_revised.py Completed 30480 of 34374, 88.67%
2026-07-23 05:03:39,059 3783596 road_revised.py Completed 30490 of 34374, 88.70%
2026-07-23 05:03:39,089 3783596 road_revised.py Completed 30500 of 34374, 88.73%
2026-07-23 05:03:39,092 3783596 road_revised.py RSS checkpoint [iter1_lcp_progress_30500_of_34374]: 22.79 GB
2026-07-23 05:03:39,093 3783596 road_revised.py Completed 30510 of 34374, 88.76%
2026-07-23 05:03:39,096 3783596 road_revised.py Completed 30520 of 34374, 88.79%
2026-07-23 05:03:39,097 3783596 road_revised.py Completed 30530 of 34374, 88.82%
2026-07-23 05:03:39,334 3783596 road_revised.py Completed 30540 of 34374, 88.85%
2026-07-23 05:03:39,577 3783596 road_revised.py Completed 30550 of 34374, 88.88%
2026-07-23 05:03:39,788 3783596 road_revised.py Completed 30560 of 34374, 88.90%
2026-07-23 05:03:40,160 3783596 road_revised.py Completed 30570 of 34374, 88.93%
2026-07-23 05:03:40,388 3783596 road_revised.py Completed 30580 of 34374, 88.96%
2026-07-23 05:03:40,567 3783596 road_revised.py Completed 30590 of 34374, 88.99%
2026-07-23 05:03:40,881 3783596 road_revised.py Completed 30600 of 34374, 89.02%
2026-07-23 05:03:40,881 3783596 road_revised.py RSS checkpoint [iter1_lcp_progress_30600_of_34374]: 22.69 GB
2026-07-23 05:03:41,232 3783596 road_revised.py Completed 30610 of 34374, 89.05%
2026-07-23 05:03:41,432 3783596 road_revised.py Completed 30620 of 34374, 89.08%
2026-07-23 05:03:41,765 3783596 road_revised.py Completed 30630 of 34374, 89.11%
2026-07-23 05:03:45,499 3783596 road_revised.py Completed 30640 of 34374, 89.14%
2026-07-23 05:03:45,580 3783596 road_revised.py Completed 30650 of 34374, 89.17%
2026-07-23 05:03:45,581 3783596 road_revised.py Completed 30660 of 34374, 89.20%
2026-07-23 05:03:45,582 3783596 road_revised.py Completed 30670 of 34374, 89.22%
2026-07-23 05:03:46,065 3783596 road_revised.py Completed 30680 of 34374, 89.25%
2026-07-23 05:03:46,066 3783596 road_revised.py Completed 30690 of 34374, 89.28%
2026-07-23 05:03:46,067 3783596 road_revised.py Completed 30700 of 34374, 89.31%
2026-07-23 05:03:46,080 3783596 road_revised.py RSS checkpoint [iter1_lcp_progress_30700_of_34374]: 22.87 GB
2026-07-23 05:03:46,090 3783596 road_revised.py Completed 30710 of 34374, 89.34%
2026-07-23 05:03:46,107 3783596 road_revised.py Completed 30720 of 34374, 89.37%
2026-07-23 05:03:46,347 3783596 road_revised.py Completed 30730 of 34374, 89.40%
2026-07-23 05:03:46,677 3783596 road_revised.py Completed 30740 of 34374, 89.43%
2026-07-23 05:03:46,944 3783596 road_revised.py Completed 30750 of 34374, 89.46%
2026-07-23 05:03:47,209 3783596 road_revised.py Completed 30760 of 34374, 89.49%
2026-07-23 05:03:47,531 3783596 road_revised.py Completed 30770 of 34374, 89.52%
2026-07-23 05:03:47,790 3783596 road_revised.py Completed 30780 of 34374, 89.54%
2026-07-23 05:03:48,037 3783596 road_revised.py Completed 30790 of 34374, 89.57%
2026-07-23 05:03:48,246 3783596 road_revised.py Completed 30800 of 34374, 89.60%
2026-07-23 05:03:48,246 3783596 road_revised.py RSS checkpoint [iter1_lcp_progress_30800_of_34374]: 23.12 GB
2026-07-23 05:03:48,333 3783596 road_revised.py Completed 30810 of 34374, 89.63%
2026-07-23 05:03:51,468 3783596 road_revised.py Completed 30820 of 34374, 89.66%
2026-07-23 05:03:51,472 3783596 road_revised.py Completed 30830 of 34374, 89.69%
2026-07-23 05:03:51,490 3783596 road_revised.py Completed 30840 of 34374, 89.72%
2026-07-23 05:03:51,492 3783596 road_revised.py Completed 30850 of 34374, 89.75%
2026-07-23 05:03:51,500 3783596 road_revised.py Completed 30860 of 34374, 89.78%
2026-07-23 05:03:51,504 3783596 road_revised.py Completed 30870 of 34374, 89.81%
2026-07-23 05:03:51,505 3783596 road_revised.py Completed 30880 of 34374, 89.84%
2026-07-23 05:03:51,650 3783596 road_revised.py Completed 30890 of 34374, 89.86%
2026-07-23 05:03:51,934 3783596 road_revised.py Completed 30900 of 34374, 89.89%
2026-07-23 05:03:51,934 3783596 road_revised.py RSS checkpoint [iter1_lcp_progress_30900_of_34374]: 22.69 GB
2026-07-23 05:03:52,206 3783596 road_revised.py Completed 30910 of 34374, 89.92%
2026-07-23 05:03:52,507 3783596 road_revised.py Completed 30920 of 34374, 89.95%
2026-07-23 05:03:52,722 3783596 road_revised.py Completed 30930 of 34374, 89.98%
2026-07-23 05:03:53,050 3783596 road_revised.py Completed 30940 of 34374, 90.01%
2026-07-23 05:03:53,317 3783596 road_revised.py Completed 30950 of 34374, 90.04%
2026-07-23 05:03:53,628 3783596 road_revised.py Completed 30960 of 34374, 90.07%
2026-07-23 05:03:53,841 3783596 road_revised.py Completed 30970 of 34374, 90.10%
2026-07-23 05:03:54,100 3783596 road_revised.py Completed 30980 of 34374, 90.13%
2026-07-23 05:03:57,405 3783596 road_revised.py Completed 30990 of 34374, 90.16%
2026-07-23 05:03:57,406 3783596 road_revised.py Completed 31000 of 34374, 90.18%
2026-07-23 05:03:57,413 3783596 road_revised.py RSS checkpoint [iter1_lcp_progress_31000_of_34374]: 22.98 GB
2026-07-23 05:03:57,936 3783596 road_revised.py Completed 31010 of 34374, 90.21%
2026-07-23 05:03:57,938 3783596 road_revised.py Completed 31020 of 34374, 90.24%
2026-07-23 05:03:57,952 3783596 road_revised.py Completed 31030 of 34374, 90.27%
2026-07-23 05:03:57,956 3783596 road_revised.py Completed 31040 of 34374, 90.30%
2026-07-23 05:03:57,957 3783596 road_revised.py Completed 31050 of 34374, 90.33%
2026-07-23 05:03:57,961 3783596 road_revised.py Completed 31060 of 34374, 90.36%
2026-07-23 05:03:57,973 3783596 road_revised.py Completed 31070 of 34374, 90.39%
2026-07-23 05:03:58,236 3783596 road_revised.py Completed 31080 of 34374, 90.42%
2026-07-23 05:03:58,596 3783596 road_revised.py Completed 31090 of 34374, 90.45%
2026-07-23 05:03:58,837 3783596 road_revised.py Completed 31100 of 34374, 90.48%
2026-07-23 05:03:58,837 3783596 road_revised.py RSS checkpoint [iter1_lcp_progress_31100_of_34374]: 23.02 GB
2026-07-23 05:03:59,106 3783596 road_revised.py Completed 31110 of 34374, 90.50%
2026-07-23 05:03:59,441 3783596 road_revised.py Completed 31120 of 34374, 90.53%
2026-07-23 05:03:59,722 3783596 road_revised.py Completed 31130 of 34374, 90.56%
2026-07-23 05:04:00,005 3783596 road_revised.py Completed 31140 of 34374, 90.59%
2026-07-23 05:04:03,482 3783596 road_revised.py Completed 31150 of 34374, 90.62%
2026-07-23 05:04:03,498 3783596 road_revised.py Completed 31160 of 34374, 90.65%
2026-07-23 05:04:03,533 3783596 road_revised.py Completed 31170 of 34374, 90.68%
2026-07-23 05:04:03,542 3783596 road_revised.py Completed 31180 of 34374, 90.71%
2026-07-23 05:04:03,543 3783596 road_revised.py Completed 31190 of 34374, 90.74%
2026-07-23 05:04:03,556 3783596 road_revised.py Completed 31200 of 34374, 90.77%
2026-07-23 05:04:03,566 3783596 road_revised.py RSS checkpoint [iter1_lcp_progress_31200_of_34374]: 23.49 GB
2026-07-23 05:04:03,567 3783596 road_revised.py Completed 31210 of 34374, 90.80%
2026-07-23 05:04:03,568 3783596 road_revised.py Completed 31220 of 34374, 90.82%
2026-07-23 05:04:03,852 3783596 road_revised.py Completed 31230 of 34374, 90.85%
2026-07-23 05:04:04,094 3783596 road_revised.py Completed 31240 of 34374, 90.88%
2026-07-23 05:04:04,340 3783596 road_revised.py Completed 31250 of 34374, 90.91%
2026-07-23 05:04:04,537 3783596 road_revised.py Completed 31260 of 34374, 90.94%
2026-07-23 05:04:04,767 3783596 road_revised.py Completed 31270 of 34374, 90.97%
2026-07-23 05:04:04,973 3783596 road_revised.py Completed 31280 of 34374, 91.00%
2026-07-23 05:04:05,187 3783596 road_revised.py Completed 31290 of 34374, 91.03%
2026-07-23 05:04:05,478 3783596 road_revised.py Completed 31300 of 34374, 91.06%
2026-07-23 05:04:05,478 3783596 road_revised.py RSS checkpoint [iter1_lcp_progress_31300_of_34374]: 23.26 GB
2026-07-23 05:04:05,721 3783596 road_revised.py Completed 31310 of 34374, 91.09%
2026-07-23 05:04:05,938 3783596 road_revised.py Completed 31320 of 34374, 91.12%
2026-07-23 05:04:06,107 3783596 road_revised.py Completed 31330 of 34374, 91.14%
2026-07-23 05:04:06,396 3783596 road_revised.py Completed 31340 of 34374, 91.17%
2026-07-23 05:04:06,620 3783596 road_revised.py Completed 31350 of 34374, 91.20%
2026-07-23 05:04:06,838 3783596 road_revised.py Completed 31360 of 34374, 91.23%
2026-07-23 05:04:07,027 3783596 road_revised.py Completed 31370 of 34374, 91.26%
2026-07-23 05:04:07,275 3783596 road_revised.py Completed 31380 of 34374, 91.29%
2026-07-23 05:04:07,537 3783596 road_revised.py Completed 31390 of 34374, 91.32%
2026-07-23 05:04:07,803 3783596 road_revised.py Completed 31400 of 34374, 91.35%
2026-07-23 05:04:07,803 3783596 road_revised.py RSS checkpoint [iter1_lcp_progress_31400_of_34374]: 23.33 GB
2026-07-23 05:04:12,158 3783596 road_revised.py Completed 31410 of 34374, 91.38%
2026-07-23 05:04:12,159 3783596 road_revised.py Completed 31420 of 34374, 91.41%
2026-07-23 05:04:12,250 3783596 road_revised.py Completed 31430 of 34374, 91.44%
2026-07-23 05:04:12,255 3783596 road_revised.py Completed 31440 of 34374, 91.46%
2026-07-23 05:04:12,255 3783596 road_revised.py Completed 31450 of 34374, 91.49%
2026-07-23 05:04:12,256 3783596 road_revised.py Completed 31460 of 34374, 91.52%
2026-07-23 05:04:12,257 3783596 road_revised.py Completed 31470 of 34374, 91.55%
2026-07-23 05:04:12,257 3783596 road_revised.py Completed 31480 of 34374, 91.58%
2026-07-23 05:04:12,259 3783596 road_revised.py Completed 31490 of 34374, 91.61%
2026-07-23 05:04:12,713 3783596 road_revised.py Completed 31500 of 34374, 91.64%
2026-07-23 05:04:12,714 3783596 road_revised.py RSS checkpoint [iter1_lcp_progress_31500_of_34374]: 23.17 GB
2026-07-23 05:04:12,715 3783596 road_revised.py Completed 31510 of 34374, 91.67%
2026-07-23 05:04:12,719 3783596 road_revised.py Completed 31520 of 34374, 91.70%
2026-07-23 05:04:12,726 3783596 road_revised.py Completed 31530 of 34374, 91.73%
2026-07-23 05:04:12,837 3783596 road_revised.py Completed 31540 of 34374, 91.76%
2026-07-23 05:04:13,114 3783596 road_revised.py Completed 31550 of 34374, 91.78%
2026-07-23 05:04:13,334 3783596 road_revised.py Completed 31560 of 34374, 91.81%
2026-07-23 05:04:13,578 3783596 road_revised.py Completed 31570 of 34374, 91.84%
2026-07-23 05:04:13,798 3783596 road_revised.py Completed 31580 of 34374, 91.87%
2026-07-23 05:04:13,988 3783596 road_revised.py Completed 31590 of 34374, 91.90%
2026-07-23 05:04:14,197 3783596 road_revised.py Completed 31600 of 34374, 91.93%
2026-07-23 05:04:14,202 3783596 road_revised.py RSS checkpoint [iter1_lcp_progress_31600_of_34374]: 23.29 GB
2026-07-23 05:04:14,433 3783596 road_revised.py Completed 31610 of 34374, 91.96%
2026-07-23 05:04:14,600 3783596 road_revised.py Completed 31620 of 34374, 91.99%
2026-07-23 05:04:14,794 3783596 road_revised.py Completed 31630 of 34374, 92.02%
2026-07-23 05:04:15,041 3783596 road_revised.py Completed 31640 of 34374, 92.05%
2026-07-23 05:04:15,284 3783596 road_revised.py Completed 31650 of 34374, 92.08%
2026-07-23 05:04:15,536 3783596 road_revised.py Completed 31660 of 34374, 92.10%
2026-07-23 05:04:15,709 3783596 road_revised.py Completed 31670 of 34374, 92.13%
2026-07-23 05:04:15,930 3783596 road_revised.py Completed 31680 of 34374, 92.16%
2026-07-23 05:04:16,097 3783596 road_revised.py Completed 31690 of 34374, 92.19%
2026-07-23 05:04:16,315 3783596 road_revised.py Completed 31700 of 34374, 92.22%
2026-07-23 05:04:16,325 3783596 road_revised.py RSS checkpoint [iter1_lcp_progress_31700_of_34374]: 23.39 GB
2026-07-23 05:04:16,498 3783596 road_revised.py Completed 31710 of 34374, 92.25%
2026-07-23 05:04:16,777 3783596 road_revised.py Completed 31720 of 34374, 92.28%
2026-07-23 05:04:16,990 3783596 road_revised.py Completed 31730 of 34374, 92.31%
2026-07-23 05:04:17,294 3783596 road_revised.py Completed 31740 of 34374, 92.34%
2026-07-23 05:04:17,520 3783596 road_revised.py Completed 31750 of 34374, 92.37%
2026-07-23 05:04:17,737 3783596 road_revised.py Completed 31760 of 34374, 92.40%
2026-07-23 05:04:21,156 3783596 road_revised.py Completed 31770 of 34374, 92.42%
2026-07-23 05:04:21,159 3783596 road_revised.py Completed 31780 of 34374, 92.45%
2026-07-23 05:04:21,163 3783596 road_revised.py Completed 31790 of 34374, 92.48%
2026-07-23 05:04:21,164 3783596 road_revised.py Completed 31800 of 34374, 92.51%
2026-07-23 05:04:21,166 3783596 road_revised.py RSS checkpoint [iter1_lcp_progress_31800_of_34374]: 23.55 GB
2026-07-23 05:04:21,168 3783596 road_revised.py Completed 31810 of 34374, 92.54%
2026-07-23 05:04:21,168 3783596 road_revised.py Completed 31820 of 34374, 92.57%
2026-07-23 05:04:21,169 3783596 road_revised.py Completed 31830 of 34374, 92.60%
2026-07-23 05:04:21,178 3783596 road_revised.py Completed 31840 of 34374, 92.63%
2026-07-23 05:04:21,180 3783596 road_revised.py Completed 31850 of 34374, 92.66%
2026-07-23 05:04:21,181 3783596 road_revised.py Completed 31860 of 34374, 92.69%
2026-07-23 05:04:21,308 3783596 road_revised.py Completed 31870 of 34374, 92.72%
2026-07-23 05:04:21,512 3783596 road_revised.py Completed 31880 of 34374, 92.74%
2026-07-23 05:04:21,718 3783596 road_revised.py Completed 31890 of 34374, 92.77%
2026-07-23 05:04:21,948 3783596 road_revised.py Completed 31900 of 34374, 92.80%
2026-07-23 05:04:21,949 3783596 road_revised.py RSS checkpoint [iter1_lcp_progress_31900_of_34374]: 23.20 GB
2026-07-23 05:04:22,185 3783596 road_revised.py Completed 31910 of 34374, 92.83%
2026-07-23 05:04:22,345 3783596 road_revised.py Completed 31920 of 34374, 92.86%
2026-07-23 05:04:22,584 3783596 road_revised.py Completed 31930 of 34374, 92.89%
2026-07-23 05:04:22,804 3783596 road_revised.py Completed 31940 of 34374, 92.92%
2026-07-23 05:04:23,011 3783596 road_revised.py Completed 31950 of 34374, 92.95%
2026-07-23 05:04:23,246 3783596 road_revised.py Completed 31960 of 34374, 92.98%
2026-07-23 05:04:23,439 3783596 road_revised.py Completed 31970 of 34374, 93.01%
2026-07-23 05:04:23,681 3783596 road_revised.py Completed 31980 of 34374, 93.04%
2026-07-23 05:04:23,879 3783596 road_revised.py Completed 31990 of 34374, 93.06%
2026-07-23 05:04:24,054 3783596 road_revised.py Completed 32000 of 34374, 93.09%
2026-07-23 05:04:24,054 3783596 road_revised.py RSS checkpoint [iter1_lcp_progress_32000_of_34374]: 23.33 GB
2026-07-23 05:04:24,362 3783596 road_revised.py Completed 32010 of 34374, 93.12%
2026-07-23 05:04:24,474 3783596 road_revised.py Completed 32020 of 34374, 93.15%
2026-07-23 05:04:24,721 3783596 road_revised.py Completed 32030 of 34374, 93.18%
2026-07-23 05:04:24,997 3783596 road_revised.py Completed 32040 of 34374, 93.21%
2026-07-23 05:04:25,218 3783596 road_revised.py Completed 32050 of 34374, 93.24%
2026-07-23 05:04:25,453 3783596 road_revised.py Completed 32060 of 34374, 93.27%
2026-07-23 05:04:25,655 3783596 road_revised.py Completed 32070 of 34374, 93.30%
2026-07-23 05:04:25,916 3783596 road_revised.py Completed 32080 of 34374, 93.33%
2026-07-23 05:04:26,109 3783596 road_revised.py Completed 32090 of 34374, 93.36%
2026-07-23 05:04:26,384 3783596 road_revised.py Completed 32100 of 34374, 93.38%
2026-07-23 05:04:26,384 3783596 road_revised.py RSS checkpoint [iter1_lcp_progress_32100_of_34374]: 23.38 GB
2026-07-23 05:04:26,628 3783596 road_revised.py Completed 32110 of 34374, 93.41%
2026-07-23 05:04:26,809 3783596 road_revised.py Completed 32120 of 34374, 93.44%
2026-07-23 05:04:31,006 3783596 road_revised.py Completed 32130 of 34374, 93.47%
2026-07-23 05:04:31,007 3783596 road_revised.py Completed 32140 of 34374, 93.50%
2026-07-23 05:04:31,015 3783596 road_revised.py Completed 32150 of 34374, 93.53%
2026-07-23 05:04:31,016 3783596 road_revised.py Completed 32160 of 34374, 93.56%
2026-07-23 05:04:31,023 3783596 road_revised.py Completed 32170 of 34374, 93.59%
2026-07-23 05:04:31,030 3783596 road_revised.py Completed 32180 of 34374, 93.62%
2026-07-23 05:04:31,031 3783596 road_revised.py Completed 32190 of 34374, 93.65%
2026-07-23 05:04:31,049 3783596 road_revised.py Completed 32200 of 34374, 93.68%
2026-07-23 05:04:31,050 3783596 road_revised.py RSS checkpoint [iter1_lcp_progress_32200_of_34374]: 23.75 GB
2026-07-23 05:04:31,611 3783596 road_revised.py Completed 32210 of 34374, 93.70%
2026-07-23 05:04:31,620 3783596 road_revised.py Completed 32220 of 34374, 93.73%
2026-07-23 05:04:31,621 3783596 road_revised.py Completed 32230 of 34374, 93.76%
2026-07-23 05:04:31,621 3783596 road_revised.py Completed 32240 of 34374, 93.79%
2026-07-23 05:04:31,622 3783596 road_revised.py Completed 32250 of 34374, 93.82%
2026-07-23 05:04:31,807 3783596 road_revised.py Completed 32260 of 34374, 93.85%
2026-07-23 05:04:31,965 3783596 road_revised.py Completed 32270 of 34374, 93.88%
2026-07-23 05:04:32,149 3783596 road_revised.py Completed 32280 of 34374, 93.91%
2026-07-23 05:04:32,391 3783596 road_revised.py Completed 32290 of 34374, 93.94%
2026-07-23 05:04:32,624 3783596 road_revised.py Completed 32300 of 34374, 93.97%
2026-07-23 05:04:32,625 3783596 road_revised.py RSS checkpoint [iter1_lcp_progress_32300_of_34374]: 23.57 GB
2026-07-23 05:04:32,866 3783596 road_revised.py Completed 32310 of 34374, 94.00%
2026-07-23 05:04:33,117 3783596 road_revised.py Completed 32320 of 34374, 94.02%
2026-07-23 05:04:33,357 3783596 road_revised.py Completed 32330 of 34374, 94.05%
2026-07-23 05:04:33,550 3783596 road_revised.py Completed 32340 of 34374, 94.08%
2026-07-23 05:04:33,752 3783596 road_revised.py Completed 32350 of 34374, 94.11%
2026-07-23 05:04:34,031 3783596 road_revised.py Completed 32360 of 34374, 94.14%
2026-07-23 05:04:34,237 3783596 road_revised.py Completed 32370 of 34374, 94.17%
2026-07-23 05:04:34,451 3783596 road_revised.py Completed 32380 of 34374, 94.20%
2026-07-23 05:04:34,670 3783596 road_revised.py Completed 32390 of 34374, 94.23%
2026-07-23 05:04:34,946 3783596 road_revised.py Completed 32400 of 34374, 94.26%
2026-07-23 05:04:34,946 3783596 road_revised.py RSS checkpoint [iter1_lcp_progress_32400_of_34374]: 23.68 GB
2026-07-23 05:04:35,182 3783596 road_revised.py Completed 32410 of 34374, 94.29%
2026-07-23 05:04:35,333 3783596 road_revised.py Completed 32420 of 34374, 94.32%
2026-07-23 05:04:35,554 3783596 road_revised.py Completed 32430 of 34374, 94.34%
2026-07-23 05:04:35,788 3783596 road_revised.py Completed 32440 of 34374, 94.37%
2026-07-23 05:04:36,022 3783596 road_revised.py Completed 32450 of 34374, 94.40%
2026-07-23 05:04:36,196 3783596 road_revised.py Completed 32460 of 34374, 94.43%
2026-07-23 05:04:36,478 3783596 road_revised.py Completed 32470 of 34374, 94.46%
2026-07-23 05:04:36,695 3783596 road_revised.py Completed 32480 of 34374, 94.49%
2026-07-23 05:04:40,097 3783596 road_revised.py Completed 32490 of 34374, 94.52%
2026-07-23 05:04:40,098 3783596 road_revised.py Completed 32500 of 34374, 94.55%
2026-07-23 05:04:40,109 3783596 road_revised.py RSS checkpoint [iter1_lcp_progress_32500_of_34374]: 23.76 GB
2026-07-23 05:04:40,131 3783596 road_revised.py Completed 32510 of 34374, 94.58%
2026-07-23 05:04:40,132 3783596 road_revised.py Completed 32520 of 34374, 94.61%
2026-07-23 05:04:40,132 3783596 road_revised.py Completed 32530 of 34374, 94.64%
2026-07-23 05:04:40,133 3783596 road_revised.py Completed 32540 of 34374, 94.66%
2026-07-23 05:04:40,227 3783596 road_revised.py Completed 32550 of 34374, 94.69%
2026-07-23 05:04:40,230 3783596 road_revised.py Completed 32560 of 34374, 94.72%
2026-07-23 05:04:40,231 3783596 road_revised.py Completed 32570 of 34374, 94.75%
2026-07-23 05:04:40,231 3783596 road_revised.py Completed 32580 of 34374, 94.78%
2026-07-23 05:04:40,259 3783596 road_revised.py Completed 32590 of 34374, 94.81%
2026-07-23 05:04:40,479 3783596 road_revised.py Completed 32600 of 34374, 94.84%
2026-07-23 05:04:40,480 3783596 road_revised.py RSS checkpoint [iter1_lcp_progress_32600_of_34374]: 23.36 GB
2026-07-23 05:04:40,569 3783596 road_revised.py Completed 32610 of 34374, 94.87%
2026-07-23 05:04:40,881 3783596 road_revised.py Completed 32620 of 34374, 94.90%
2026-07-23 05:04:41,036 3783596 road_revised.py Completed 32630 of 34374, 94.93%
2026-07-23 05:04:41,219 3783596 road_revised.py Completed 32640 of 34374, 94.96%
2026-07-23 05:04:41,460 3783596 road_revised.py Completed 32650 of 34374, 94.98%
2026-07-23 05:04:41,744 3783596 road_revised.py Completed 32660 of 34374, 95.01%
2026-07-23 05:04:41,967 3783596 road_revised.py Completed 32670 of 34374, 95.04%
2026-07-23 05:04:42,187 3783596 road_revised.py Completed 32680 of 34374, 95.07%
2026-07-23 05:04:42,443 3783596 road_revised.py Completed 32690 of 34374, 95.10%
2026-07-23 05:04:42,694 3783596 road_revised.py Completed 32700 of 34374, 95.13%
2026-07-23 05:04:42,697 3783596 road_revised.py RSS checkpoint [iter1_lcp_progress_32700_of_34374]: 23.52 GB
2026-07-23 05:04:42,920 3783596 road_revised.py Completed 32710 of 34374, 95.16%
2026-07-23 05:04:43,156 3783596 road_revised.py Completed 32720 of 34374, 95.19%
2026-07-23 05:04:43,398 3783596 road_revised.py Completed 32730 of 34374, 95.22%
2026-07-23 05:04:43,620 3783596 road_revised.py Completed 32740 of 34374, 95.25%
2026-07-23 05:04:43,783 3783596 road_revised.py Completed 32750 of 34374, 95.28%
2026-07-23 05:04:44,028 3783596 road_revised.py Completed 32760 of 34374, 95.30%
2026-07-23 05:04:44,236 3783596 road_revised.py Completed 32770 of 34374, 95.33%
2026-07-23 05:04:44,381 3783596 road_revised.py Completed 32780 of 34374, 95.36%
2026-07-23 05:04:44,639 3783596 road_revised.py Completed 32790 of 34374, 95.39%
2026-07-23 05:04:44,856 3783596 road_revised.py Completed 32800 of 34374, 95.42%
2026-07-23 05:04:44,857 3783596 road_revised.py RSS checkpoint [iter1_lcp_progress_32800_of_34374]: 23.57 GB
2026-07-23 05:04:45,054 3783596 road_revised.py Completed 32810 of 34374, 95.45%
2026-07-23 05:04:45,287 3783596 road_revised.py Completed 32820 of 34374, 95.48%
2026-07-23 05:04:45,525 3783596 road_revised.py Completed 32830 of 34374, 95.51%
2026-07-23 05:04:45,680 3783596 road_revised.py Completed 32840 of 34374, 95.54%
2026-07-23 05:04:46,028 3783596 road_revised.py Completed 32850 of 34374, 95.57%
2026-07-23 05:04:50,313 3783596 road_revised.py Completed 32860 of 34374, 95.60%
2026-07-23 05:04:50,313 3783596 road_revised.py Completed 32870 of 34374, 95.62%
2026-07-23 05:04:50,321 3783596 road_revised.py Completed 32880 of 34374, 95.65%
2026-07-23 05:04:50,322 3783596 road_revised.py Completed 32890 of 34374, 95.68%
2026-07-23 05:04:50,353 3783596 road_revised.py Completed 32900 of 34374, 95.71%
2026-07-23 05:04:50,777 3783596 road_revised.py RSS checkpoint [iter1_lcp_progress_32900_of_34374]: 23.78 GB
2026-07-23 05:04:50,778 3783596 road_revised.py Completed 32910 of 34374, 95.74%
2026-07-23 05:04:50,781 3783596 road_revised.py Completed 32920 of 34374, 95.77%
2026-07-23 05:04:50,781 3783596 road_revised.py Completed 32930 of 34374, 95.80%
2026-07-23 05:04:50,782 3783596 road_revised.py Completed 32940 of 34374, 95.83%
2026-07-23 05:04:50,782 3783596 road_revised.py Completed 32950 of 34374, 95.86%
2026-07-23 05:04:50,784 3783596 road_revised.py Completed 32960 of 34374, 95.89%
2026-07-23 05:04:50,784 3783596 road_revised.py Completed 32970 of 34374, 95.92%
2026-07-23 05:04:50,785 3783596 road_revised.py Completed 32980 of 34374, 95.94%
2026-07-23 05:04:50,802 3783596 road_revised.py Completed 32990 of 34374, 95.97%
2026-07-23 05:04:51,070 3783596 road_revised.py Completed 33000 of 34374, 96.00%
2026-07-23 05:04:51,070 3783596 road_revised.py RSS checkpoint [iter1_lcp_progress_33000_of_34374]: 23.81 GB
2026-07-23 05:04:51,251 3783596 road_revised.py Completed 33010 of 34374, 96.03%
2026-07-23 05:04:51,482 3783596 road_revised.py Completed 33020 of 34374, 96.06%
2026-07-23 05:04:51,639 3783596 road_revised.py Completed 33030 of 34374, 96.09%
2026-07-23 05:04:51,952 3783596 road_revised.py Completed 33040 of 34374, 96.12%
2026-07-23 05:04:52,090 3783596 road_revised.py Completed 33050 of 34374, 96.15%
2026-07-23 05:04:52,371 3783596 road_revised.py Completed 33060 of 34374, 96.18%
2026-07-23 05:04:52,609 3783596 road_revised.py Completed 33070 of 34374, 96.21%
2026-07-23 05:04:52,820 3783596 road_revised.py Completed 33080 of 34374, 96.24%
2026-07-23 05:04:53,039 3783596 road_revised.py Completed 33090 of 34374, 96.26%
2026-07-23 05:04:53,307 3783596 road_revised.py Completed 33100 of 34374, 96.29%
2026-07-23 05:04:53,307 3783596 road_revised.py RSS checkpoint [iter1_lcp_progress_33100_of_34374]: 23.97 GB
2026-07-23 05:04:53,550 3783596 road_revised.py Completed 33110 of 34374, 96.32%
2026-07-23 05:04:53,794 3783596 road_revised.py Completed 33120 of 34374, 96.35%
2026-07-23 05:04:54,020 3783596 road_revised.py Completed 33130 of 34374, 96.38%
2026-07-23 05:04:54,244 3783596 road_revised.py Completed 33140 of 34374, 96.41%
2026-07-23 05:04:54,480 3783596 road_revised.py Completed 33150 of 34374, 96.44%
2026-07-23 05:04:54,649 3783596 road_revised.py Completed 33160 of 34374, 96.47%
2026-07-23 05:04:54,852 3783596 road_revised.py Completed 33170 of 34374, 96.50%
2026-07-23 05:04:55,074 3783596 road_revised.py Completed 33180 of 34374, 96.53%
2026-07-23 05:04:55,310 3783596 road_revised.py Completed 33190 of 34374, 96.56%
2026-07-23 05:04:55,566 3783596 road_revised.py Completed 33200 of 34374, 96.58%
2026-07-23 05:04:55,594 3783596 road_revised.py RSS checkpoint [iter1_lcp_progress_33200_of_34374]: 24.02 GB
2026-07-23 05:04:55,801 3783596 road_revised.py Completed 33210 of 34374, 96.61%
2026-07-23 05:04:58,893 3783596 road_revised.py Completed 33220 of 34374, 96.64%
2026-07-23 05:04:58,893 3783596 road_revised.py Completed 33230 of 34374, 96.67%
2026-07-23 05:04:58,894 3783596 road_revised.py Completed 33240 of 34374, 96.70%
2026-07-23 05:04:58,895 3783596 road_revised.py Completed 33250 of 34374, 96.73%
2026-07-23 05:04:58,895 3783596 road_revised.py Completed 33260 of 34374, 96.76%
2026-07-23 05:04:58,918 3783596 road_revised.py Completed 33270 of 34374, 96.79%
2026-07-23 05:04:58,923 3783596 road_revised.py Completed 33280 of 34374, 96.82%
2026-07-23 05:04:58,928 3783596 road_revised.py Completed 33290 of 34374, 96.85%
2026-07-23 05:04:58,936 3783596 road_revised.py Completed 33300 of 34374, 96.88%
2026-07-23 05:04:58,939 3783596 road_revised.py RSS checkpoint [iter1_lcp_progress_33300_of_34374]: 23.99 GB
2026-07-23 05:04:58,941 3783596 road_revised.py Completed 33310 of 34374, 96.90%
2026-07-23 05:04:59,193 3783596 road_revised.py Completed 33320 of 34374, 96.93%
2026-07-23 05:04:59,413 3783596 road_revised.py Completed 33330 of 34374, 96.96%
2026-07-23 05:04:59,679 3783596 road_revised.py Completed 33340 of 34374, 96.99%
2026-07-23 05:04:59,890 3783596 road_revised.py Completed 33350 of 34374, 97.02%
2026-07-23 05:05:00,118 3783596 road_revised.py Completed 33360 of 34374, 97.05%
2026-07-23 05:05:00,276 3783596 road_revised.py Completed 33370 of 34374, 97.08%
2026-07-23 05:05:00,553 3783596 road_revised.py Completed 33380 of 34374, 97.11%
2026-07-23 05:05:00,681 3783596 road_revised.py Completed 33390 of 34374, 97.14%
2026-07-23 05:05:00,970 3783596 road_revised.py Completed 33400 of 34374, 97.17%
2026-07-23 05:05:00,970 3783596 road_revised.py RSS checkpoint [iter1_lcp_progress_33400_of_34374]: 23.73 GB
2026-07-23 05:05:01,221 3783596 road_revised.py Completed 33410 of 34374, 97.20%
2026-07-23 05:05:01,440 3783596 road_revised.py Completed 33420 of 34374, 97.22%
2026-07-23 05:05:01,626 3783596 road_revised.py Completed 33430 of 34374, 97.25%
2026-07-23 05:05:01,767 3783596 road_revised.py Completed 33440 of 34374, 97.28%
2026-07-23 05:05:01,968 3783596 road_revised.py Completed 33450 of 34374, 97.31%
2026-07-23 05:05:02,159 3783596 road_revised.py Completed 33460 of 34374, 97.34%
2026-07-23 05:05:02,424 3783596 road_revised.py Completed 33470 of 34374, 97.37%
2026-07-23 05:05:02,594 3783596 road_revised.py Completed 33480 of 34374, 97.40%
2026-07-23 05:05:02,811 3783596 road_revised.py Completed 33490 of 34374, 97.43%
2026-07-23 05:05:03,047 3783596 road_revised.py Completed 33500 of 34374, 97.46%
2026-07-23 05:05:03,059 3783596 road_revised.py RSS checkpoint [iter1_lcp_progress_33500_of_34374]: 23.80 GB
2026-07-23 05:05:03,314 3783596 road_revised.py Completed 33510 of 34374, 97.49%
2026-07-23 05:05:03,527 3783596 road_revised.py Completed 33520 of 34374, 97.52%
2026-07-23 05:05:03,680 3783596 road_revised.py Completed 33530 of 34374, 97.54%
2026-07-23 05:05:03,885 3783596 road_revised.py Completed 33540 of 34374, 97.57%
2026-07-23 05:05:04,176 3783596 road_revised.py Completed 33550 of 34374, 97.60%
2026-07-23 05:05:04,378 3783596 road_revised.py Completed 33560 of 34374, 97.63%
2026-07-23 05:05:04,591 3783596 road_revised.py Completed 33570 of 34374, 97.66%
2026-07-23 05:05:04,793 3783596 road_revised.py Completed 33580 of 34374, 97.69%
2026-07-23 05:05:09,200 3783596 road_revised.py Completed 33590 of 34374, 97.72%
2026-07-23 05:05:09,201 3783596 road_revised.py Completed 33600 of 34374, 97.75%
2026-07-23 05:05:09,205 3783596 road_revised.py RSS checkpoint [iter1_lcp_progress_33600_of_34374]: 24.14 GB
2026-07-23 05:05:09,230 3783596 road_revised.py Completed 33610 of 34374, 97.78%
2026-07-23 05:05:09,231 3783596 road_revised.py Completed 33620 of 34374, 97.81%
2026-07-23 05:05:09,231 3783596 road_revised.py Completed 33630 of 34374, 97.84%
2026-07-23 05:05:09,231 3783596 road_revised.py Completed 33640 of 34374, 97.86%
2026-07-23 05:05:09,232 3783596 road_revised.py Completed 33650 of 34374, 97.89%
2026-07-23 05:05:09,685 3783596 road_revised.py Completed 33660 of 34374, 97.92%
2026-07-23 05:05:09,687 3783596 road_revised.py Completed 33670 of 34374, 97.95%
2026-07-23 05:05:09,687 3783596 road_revised.py Completed 33680 of 34374, 97.98%
2026-07-23 05:05:09,687 3783596 road_revised.py Completed 33690 of 34374, 98.01%
2026-07-23 05:05:09,688 3783596 road_revised.py Completed 33700 of 34374, 98.04%
2026-07-23 05:05:09,693 3783596 road_revised.py RSS checkpoint [iter1_lcp_progress_33700_of_34374]: 23.83 GB
2026-07-23 05:05:09,694 3783596 road_revised.py Completed 33710 of 34374, 98.07%
2026-07-23 05:05:09,702 3783596 road_revised.py Completed 33720 of 34374, 98.10%
2026-07-23 05:05:09,732 3783596 road_revised.py Completed 33730 of 34374, 98.13%
2026-07-23 05:05:09,953 3783596 road_revised.py Completed 33740 of 34374, 98.16%
2026-07-23 05:05:10,127 3783596 road_revised.py Completed 33750 of 34374, 98.18%
2026-07-23 05:05:10,352 3783596 road_revised.py Completed 33760 of 34374, 98.21%
2026-07-23 05:05:10,634 3783596 road_revised.py Completed 33770 of 34374, 98.24%
2026-07-23 05:05:10,846 3783596 road_revised.py Completed 33780 of 34374, 98.27%
2026-07-23 05:05:11,017 3783596 road_revised.py Completed 33790 of 34374, 98.30%
2026-07-23 05:05:11,266 3783596 road_revised.py Completed 33800 of 34374, 98.33%
2026-07-23 05:05:11,267 3783596 road_revised.py RSS checkpoint [iter1_lcp_progress_33800_of_34374]: 23.92 GB
2026-07-23 05:05:11,478 3783596 road_revised.py Completed 33810 of 34374, 98.36%
2026-07-23 05:05:11,674 3783596 road_revised.py Completed 33820 of 34374, 98.39%
2026-07-23 05:05:11,859 3783596 road_revised.py Completed 33830 of 34374, 98.42%
2026-07-23 05:05:11,983 3783596 road_revised.py Completed 33840 of 34374, 98.45%
2026-07-23 05:05:12,228 3783596 road_revised.py Completed 33850 of 34374, 98.48%
2026-07-23 05:05:12,397 3783596 road_revised.py Completed 33860 of 34374, 98.50%
2026-07-23 05:05:12,582 3783596 road_revised.py Completed 33870 of 34374, 98.53%
2026-07-23 05:05:12,763 3783596 road_revised.py Completed 33880 of 34374, 98.56%
2026-07-23 05:05:13,066 3783596 road_revised.py Completed 33890 of 34374, 98.59%
2026-07-23 05:05:13,228 3783596 road_revised.py Completed 33900 of 34374, 98.62%
2026-07-23 05:05:13,245 3783596 road_revised.py RSS checkpoint [iter1_lcp_progress_33900_of_34374]: 23.99 GB
2026-07-23 05:05:13,437 3783596 road_revised.py Completed 33910 of 34374, 98.65%
2026-07-23 05:05:13,714 3783596 road_revised.py Completed 33920 of 34374, 98.68%
2026-07-23 05:05:13,901 3783596 road_revised.py Completed 33930 of 34374, 98.71%
2026-07-23 05:05:14,141 3783596 road_revised.py Completed 33940 of 34374, 98.74%
2026-07-23 05:05:14,350 3783596 road_revised.py Completed 33950 of 34374, 98.77%
2026-07-23 05:05:14,514 3783596 road_revised.py Completed 33960 of 34374, 98.80%
2026-07-23 05:05:14,667 3783596 road_revised.py Completed 33970 of 34374, 98.82%
2026-07-23 05:05:14,876 3783596 road_revised.py Completed 33980 of 34374, 98.85%
2026-07-23 05:05:15,106 3783596 road_revised.py Completed 33990 of 34374, 98.88%
2026-07-23 05:05:15,313 3783596 road_revised.py Completed 34000 of 34374, 98.91%
2026-07-23 05:05:15,313 3783596 road_revised.py RSS checkpoint [iter1_lcp_progress_34000_of_34374]: 24.03 GB
2026-07-23 05:05:15,495 3783596 road_revised.py Completed 34010 of 34374, 98.94%
2026-07-23 05:05:15,704 3783596 road_revised.py Completed 34020 of 34374, 98.97%
2026-07-23 05:05:15,911 3783596 road_revised.py Completed 34030 of 34374, 99.00%
2026-07-23 05:05:16,048 3783596 road_revised.py Completed 34040 of 34374, 99.03%
2026-07-23 05:05:19,123 3783596 road_revised.py Completed 34050 of 34374, 99.06%
2026-07-23 05:05:19,123 3783596 road_revised.py Completed 34060 of 34374, 99.09%
2026-07-23 05:05:19,136 3783596 road_revised.py Completed 34070 of 34374, 99.12%
2026-07-23 05:05:19,137 3783596 road_revised.py Completed 34080 of 34374, 99.14%
2026-07-23 05:05:19,137 3783596 road_revised.py Completed 34090 of 34374, 99.17%
2026-07-23 05:05:19,137 3783596 road_revised.py Completed 34100 of 34374, 99.20%
2026-07-23 05:05:19,138 3783596 road_revised.py RSS checkpoint [iter1_lcp_progress_34100_of_34374]: 24.16 GB
2026-07-23 05:05:19,167 3783596 road_revised.py Completed 34110 of 34374, 99.23%
2026-07-23 05:05:19,171 3783596 road_revised.py Completed 34120 of 34374, 99.26%
2026-07-23 05:05:19,171 3783596 road_revised.py Completed 34130 of 34374, 99.29%
2026-07-23 05:05:19,172 3783596 road_revised.py Completed 34140 of 34374, 99.32%
2026-07-23 05:05:19,329 3783596 road_revised.py Completed 34150 of 34374, 99.35%
2026-07-23 05:05:19,477 3783596 road_revised.py Completed 34160 of 34374, 99.38%
2026-07-23 05:05:19,703 3783596 road_revised.py Completed 34170 of 34374, 99.41%
2026-07-23 05:05:19,893 3783596 road_revised.py Completed 34180 of 34374, 99.44%
2026-07-23 05:05:20,086 3783596 road_revised.py Completed 34190 of 34374, 99.46%
2026-07-23 05:05:20,293 3783596 road_revised.py Completed 34200 of 34374, 99.49%
2026-07-23 05:05:20,294 3783596 road_revised.py RSS checkpoint [iter1_lcp_progress_34200_of_34374]: 23.87 GB
2026-07-23 05:05:20,519 3783596 road_revised.py Completed 34210 of 34374, 99.52%
2026-07-23 05:05:20,694 3783596 road_revised.py Completed 34220 of 34374, 99.55%
2026-07-23 05:05:20,948 3783596 road_revised.py Completed 34230 of 34374, 99.58%
2026-07-23 05:05:21,155 3783596 road_revised.py Completed 34240 of 34374, 99.61%
2026-07-23 05:05:21,380 3783596 road_revised.py Completed 34250 of 34374, 99.64%
2026-07-23 05:05:21,623 3783596 road_revised.py Completed 34260 of 34374, 99.67%
2026-07-23 05:05:21,786 3783596 road_revised.py Completed 34270 of 34374, 99.70%
2026-07-23 05:05:21,938 3783596 road_revised.py Completed 34280 of 34374, 99.73%
2026-07-23 05:05:22,207 3783596 road_revised.py Completed 34290 of 34374, 99.76%
2026-07-23 05:05:22,438 3783596 road_revised.py Completed 34300 of 34374, 99.78%
2026-07-23 05:05:22,438 3783596 road_revised.py RSS checkpoint [iter1_lcp_progress_34300_of_34374]: 23.96 GB
2026-07-23 05:05:22,620 3783596 road_revised.py Completed 34310 of 34374, 99.81%
2026-07-23 05:05:22,829 3783596 road_revised.py Completed 34320 of 34374, 99.84%
2026-07-23 05:05:23,045 3783596 road_revised.py Completed 34330 of 34374, 99.87%
2026-07-23 05:05:23,223 3783596 road_revised.py Completed 34340 of 34374, 99.90%
2026-07-23 05:05:23,428 3783596 road_revised.py Completed 34350 of 34374, 99.93%
2026-07-23 05:05:23,630 3783596 road_revised.py Completed 34360 of 34374, 99.96%
2026-07-23 05:05:23,803 3783596 road_revised.py Completed 34370 of 34374, 99.99%
2026-07-23 05:05:23,910 3783596 road_revised.py Completed 34374 of 34374, 100.00%
2026-07-23 05:05:23,910 3783596 road_revised.py RSS checkpoint [iter1_lcp_progress_34374_of_34374]: 23.97 GB
2026-07-23 05:05:23,910 3783596 road_revised.py Pool dispatch (imap_unordered consumption) time: 1167.905 seconds (chunksize=1).
2026-07-23 05:05:24,003 3783596 road_revised.py The least-cost path flow allocation time: 1168.3038482666016.
2026-07-23 05:05:24,003 3783596 road_revised.py RSS checkpoint [iter1_lcp_pool_done]: 23.97 GB
2026-07-23 05:05:26,855 3783596 road_revised.py Non_allocated_flow: 78000076.47654165
2026-07-23 05:05:27,481 3783596 road_revised.py Assigning stable od_id values 0 to 9684056 for 9684057 path rows.
2026-07-23 05:08:52,663 3783596 road_revised.py od_id assignment phase: 205.18 seconds
2026-07-23 05:08:52,672 3783596 road_revised.py RSS checkpoint [iter1_before_itter_path]: 32.70 GB
2026-07-23 05:08:52,672 3783596 road_revised.py Create temp_flow_matrix table in duckdb...
2026-07-23 05:08:52,679 3783596 road_revised.py Processing 9684057 OD path rows in chunks of 968406 rows.
2026-07-23 05:08:53,359 3783596 road_revised.py Aggregating path costs and edge totals in chunked DuckDB compact mode...
DuckDB compact pass 1::   0%|          | 0/10 [00:00<?, ?chunk/s]2026-07-23 05:14:52,901 3783596 road_revised.py RSS checkpoint [itter_path_pass1_chunk_1_968406_of_9684057]: 44.20 GB
DuckDB compact pass 1::  10%|█         | 1/10 [05:18<47:44, 318.25s/chunk]2026-07-23 05:20:34,355 3783596 road_revised.py RSS checkpoint [itter_path_pass1_chunk_968407_1936812_of_9684057]: 42.38 GB
DuckDB compact pass 1::  20%|██        | 2/10 [10:59<44:15, 331.89s/chunk]2026-07-23 05:25:45,854 3783596 road_revised.py RSS checkpoint [itter_path_pass1_chunk_1936813_2905218_of_9684057]: 39.75 GB
DuckDB compact pass 1::  30%|███       | 3/10 [16:11<37:38, 322.58s/chunk]2026-07-23 05:30:38,758 3783596 road_revised.py RSS checkpoint [itter_path_pass1_chunk_2905219_3873624_of_9684057]: 42.92 GB
DuckDB compact pass 1::  40%|████      | 4/10 [21:04<31:05, 310.87s/chunk]2026-07-23 05:36:10,003 3783596 road_revised.py RSS checkpoint [itter_path_pass1_chunk_3873625_4842030_of_9684057]: 36.80 GB
DuckDB compact pass 1::  50%|█████     | 5/10 [26:35<26:31, 318.21s/chunk]2026-07-23 05:41:56,814 3783596 road_revised.py RSS checkpoint [itter_path_pass1_chunk_4842031_5810436_of_9684057]: 42.71 GB
DuckDB compact pass 1::  60%|██████    | 6/10 [32:22<21:51, 327.94s/chunk]2026-07-23 05:47:51,875 3783596 road_revised.py RSS checkpoint [itter_path_pass1_chunk_5810437_6778842_of_9684057]: 41.04 GB
DuckDB compact pass 1::  70%|███████   | 7/10 [38:17<16:50, 336.81s/chunk]2026-07-23 05:54:53,069 3783596 road_revised.py RSS checkpoint [itter_path_pass1_chunk_6778843_7747248_of_9684057]: 36.47 GB
DuckDB compact pass 1::  80%|████████  | 8/10 [45:18<12:07, 363.67s/chunk]DuckDB compact pass 1::  80%|████████  | 8/10 [47:42<11:55, 357.84s/chunk]
Traceback (most recent call last):
  File "/scratch/akothaw/multimodal_hazard_data/code/ResiFlow/scripts/1_network_flow_model_revision.py", line 332, in <module>
    main(int(num_of_chunk), int(num_of_cpu), sample_stride)
  File "/scratch/akothaw/multimodal_hazard_data/code/ResiFlow/scripts/1_network_flow_model_revision.py", line 238, in main
    ) = func.network_flow_model(
        ^^^^^^^^^^^^^^^^^^^^^^^^
  File "/scratch/akothaw/multimodal_hazard_data/code/ResiFlow/src/resiflow/road_revised.py", line 3313, in network_flow_model
    itter_path(
  File "/scratch/akothaw/multimodal_hazard_data/code/ResiFlow/src/resiflow/road_revised.py", line 1986, in itter_path
    conn.execute(
_duckdb.OutOfMemoryException: Out of Memory Error: failed to allocate data of size 16.0 KiB (93.1 GiB/93.1 GiB used)

Possible solutions:
* Reducing the number of threads (SET threads=X)
* Disabling insertion-order preservation (SET preserve_insertion_order=false)
* Increasing the memory limit (SET memory_limit='...GB')

See also https://duckdb.org/docs/stable/guides/performance/how_to_tune_workloads
