2026-07-21 23:48:53,230 2971671 1_network_flow_model_revision.py Database path is: /scratch/akothaw/multimodal_hazard_data/scale_test_cpu4.duckdb
2026-07-21 23:48:53,242 2971671 1_network_flow_model_revision.py {'freeway': 2400.0, 'arterial': 2200.0, 'collector': 1700.0, 'local_access': 1000.0}
2026-07-21 23:49:02,070 2971671 1_network_flow_model_revision.py Assignment demand (faf5_parquet): freight=1735334.699 passenger=147181931.000 total=148917265.699
2026-07-21 23:49:12,872 2971671 1_network_flow_model_revision.py 
         origin_node  destination_node        Car21
0             100024            100024  2689.965855
1             100024            100123     0.001053
2             100024            100130     0.014766
3             100024            100178     0.000828
4             100024            100481     0.009938
...              ...               ...          ...
9780699        99961             99757     0.001568
9780700        99961             99789     0.003307
9780701        99961             99844     0.011416
9780702        99961             99948     0.005834
9780703        99961             99961  4935.606654

[9780704 rows x 3 columns]
2026-07-21 23:49:12,872 2971671 1_network_flow_model_revision.py OD totals (Car21): rows=9,780,704, total=148,917,265.699, self_pair_flow=77,784,890.780, duplicate_pairs=0
2026-07-21 23:49:12,872 2971671 1_network_flow_model_revision.py Generate road links
2026-07-21 23:49:13,694 2971671 1_network_flow_model_revision.py Create igraph network
2026-07-21 23:49:15,889 2971671 1_network_flow_model_revision.py Direct output controls: direct_duckdb_outputs=True, path_strategy=duckdb_chunked_compact, baseline_path_output_mode=full_odpfc, odpfc_output_mode=duckdb_table, combine_odpfc_parts=default
2026-07-21 23:49:15,890 2971671 1_network_flow_model_revision.py Run simulation
2026-07-21 23:49:15,936 2971671 road_revised.py The initial supply is 148917265.69904837
2026-07-21 23:49:16,226 2971671 road_revised.py The initial number of edges in the network: 483442
2026-07-21 23:49:16,267 2971671 road_revised.py The initial number of origins: 3143
2026-07-21 23:49:16,311 2971671 road_revised.py The initial number of destinations: 3143
2026-07-21 23:49:16,356 2971671 road_revised.py Iteration controls: max_iterations=1, min_progress_rel=1e-06, stagnant_limit=3, remain_assign_mode=full
2026-07-21 23:49:16,356 2971671 road_revised.py OD path output controls: path_strategy=duckdb_chunked_compact, odpfc_output_mode=duckdb_table, combine_odpfc_parts=True, odpfc_parts_dir=None, baseline_path_output_mode=full_odpfc, combine_event_candidate_parts=False, damaged_edges_path=None, create_full_temp_flow_matrix=True
2026-07-21 23:49:17,837 2971671 road_revised.py No.1 iteration starts:
2026-07-21 23:49:17,913 2971671 road_revised.py RSS checkpoint [iter1_start]: 2.77 GB
2026-07-21 23:49:18,146 2971671 road_revised.py Initial isolated flows: 0.0
2026-07-21 23:49:18,795 2971671 road_revised.py Network pickle time for worker init: 0.649 seconds.
Creating argument list:   0%|          | 0/3143 [00:00<?, ?it/s]Creating argument list:  10%|▉         | 302/3143 [00:00<00:01, 2589.72it/s]Creating argument list:  21%|██        | 647/3143 [00:00<00:00, 3061.37it/s]Creating argument list:  32%|███▏      | 991/3143 [00:00<00:00, 3227.04it/s]Creating argument list:  42%|████▏     | 1317/3143 [00:00<00:00, 3190.88it/s]Creating argument list:  52%|█████▏    | 1638/3143 [00:00<00:00, 3192.72it/s]Creating argument list:  62%|██████▏   | 1959/3143 [00:00<00:00, 3087.22it/s]Creating argument list:  73%|███████▎  | 2285/3143 [00:00<00:00, 3140.08it/s]Creating argument list:  83%|████████▎ | 2610/3143 [00:00<00:00, 3171.93it/s]Creating argument list:  93%|█████████▎| 2928/3143 [00:00<00:00, 3073.50it/s]Creating argument list: 100%|██████████| 3143/3143 [00:01<00:00, 2757.96it/s]
2026-07-21 23:49:21,301 2971671 road_revised.py Chunked LCP dispatch: 3143 origin-tasks split into 34374 tasks (dest_chunk_size=300).
2026-07-21 23:49:21,691 2971671 road_revised.py RSS checkpoint [iter1_args_built]: 4.03 GB
2026-07-21 23:49:21,695 2971671 road_revised.py Flow DB insert batch size: 50,000
2026-07-21 23:49:21,878 2971671 road_revised.py Pool construction (spawn+initializer) time: 0.182 seconds (num_of_cpu=4).
2026-07-21 23:49:22,463 2971671 road_revised.py Completed 1 of 34374, 0.00%
2026-07-21 23:49:22,464 2971671 road_revised.py RSS checkpoint [iter1_lcp_progress_1_of_34374]: 3.75 GB
2026-07-21 23:49:23,031 2971671 road_revised.py Completed 10 of 34374, 0.03%
2026-07-21 23:49:23,563 2971671 road_revised.py Completed 20 of 34374, 0.06%
2026-07-21 23:49:23,563 2971671 road_revised.py RSS checkpoint [iter1_lcp_progress_20_of_34374]: 3.93 GB
2026-07-21 23:49:24,175 2971671 road_revised.py Completed 30 of 34374, 0.09%
2026-07-21 23:49:24,712 2971671 road_revised.py Completed 40 of 34374, 0.12%
2026-07-21 23:49:24,712 2971671 road_revised.py RSS checkpoint [iter1_lcp_progress_40_of_34374]: 4.10 GB
2026-07-21 23:49:25,223 2971671 road_revised.py Completed 50 of 34374, 0.15%
2026-07-21 23:49:25,842 2971671 road_revised.py Completed 60 of 34374, 0.17%
2026-07-21 23:49:25,842 2971671 road_revised.py RSS checkpoint [iter1_lcp_progress_60_of_34374]: 4.29 GB
2026-07-21 23:49:26,400 2971671 road_revised.py Completed 70 of 34374, 0.20%
2026-07-21 23:49:26,952 2971671 road_revised.py Completed 80 of 34374, 0.23%
2026-07-21 23:49:26,952 2971671 road_revised.py RSS checkpoint [iter1_lcp_progress_80_of_34374]: 4.47 GB
2026-07-21 23:49:27,509 2971671 road_revised.py Completed 90 of 34374, 0.26%
2026-07-21 23:49:28,134 2971671 road_revised.py Completed 100 of 34374, 0.29%
2026-07-21 23:49:28,134 2971671 road_revised.py RSS checkpoint [iter1_lcp_progress_100_of_34374]: 4.64 GB
2026-07-21 23:49:28,667 2971671 road_revised.py Completed 110 of 34374, 0.32%
2026-07-21 23:49:29,265 2971671 road_revised.py Completed 120 of 34374, 0.35%
2026-07-21 23:49:29,265 2971671 road_revised.py RSS checkpoint [iter1_lcp_progress_120_of_34374]: 4.80 GB
2026-07-21 23:49:29,887 2971671 road_revised.py Completed 130 of 34374, 0.38%
2026-07-21 23:49:30,482 2971671 road_revised.py Completed 140 of 34374, 0.41%
2026-07-21 23:49:30,482 2971671 road_revised.py RSS checkpoint [iter1_lcp_progress_140_of_34374]: 4.97 GB
2026-07-21 23:49:30,990 2971671 road_revised.py Completed 150 of 34374, 0.44%
2026-07-21 23:49:31,565 2971671 road_revised.py Completed 160 of 34374, 0.47%
2026-07-21 23:49:31,587 2971671 road_revised.py RSS checkpoint [iter1_lcp_progress_160_of_34374]: 5.15 GB
2026-07-21 23:49:34,675 2971671 road_revised.py Completed 170 of 34374, 0.49%
2026-07-21 23:49:34,684 2971671 road_revised.py Completed 180 of 34374, 0.52%
2026-07-21 23:49:34,694 2971671 road_revised.py RSS checkpoint [iter1_lcp_progress_180_of_34374]: 4.59 GB
2026-07-21 23:49:34,696 2971671 road_revised.py Completed 190 of 34374, 0.55%
2026-07-21 23:49:34,712 2971671 road_revised.py Completed 200 of 34374, 0.58%
2026-07-21 23:49:34,713 2971671 road_revised.py RSS checkpoint [iter1_lcp_progress_200_of_34374]: 4.59 GB
2026-07-21 23:49:35,199 2971671 road_revised.py Completed 210 of 34374, 0.61%
2026-07-21 23:49:35,787 2971671 road_revised.py Completed 220 of 34374, 0.64%
2026-07-21 23:49:35,787 2971671 road_revised.py RSS checkpoint [iter1_lcp_progress_220_of_34374]: 4.40 GB
2026-07-21 23:49:36,366 2971671 road_revised.py Completed 230 of 34374, 0.67%
2026-07-21 23:49:37,024 2971671 road_revised.py Completed 240 of 34374, 0.70%
2026-07-21 23:49:37,052 2971671 road_revised.py RSS checkpoint [iter1_lcp_progress_240_of_34374]: 4.69 GB
2026-07-21 23:49:37,500 2971671 road_revised.py Completed 250 of 34374, 0.73%
2026-07-21 23:49:38,122 2971671 road_revised.py Completed 260 of 34374, 0.76%
2026-07-21 23:49:38,123 2971671 road_revised.py RSS checkpoint [iter1_lcp_progress_260_of_34374]: 4.83 GB
2026-07-21 23:49:38,624 2971671 road_revised.py Completed 270 of 34374, 0.79%
2026-07-21 23:49:39,199 2971671 road_revised.py Completed 280 of 34374, 0.81%
2026-07-21 23:49:39,199 2971671 road_revised.py RSS checkpoint [iter1_lcp_progress_280_of_34374]: 4.96 GB
2026-07-21 23:49:39,772 2971671 road_revised.py Completed 290 of 34374, 0.84%
2026-07-21 23:49:40,426 2971671 road_revised.py Completed 300 of 34374, 0.87%
2026-07-21 23:49:40,426 2971671 road_revised.py RSS checkpoint [iter1_lcp_progress_300_of_34374]: 5.16 GB
2026-07-21 23:49:41,138 2971671 road_revised.py Completed 310 of 34374, 0.90%
2026-07-21 23:49:42,084 2971671 road_revised.py Completed 320 of 34374, 0.93%
2026-07-21 23:49:42,084 2971671 road_revised.py RSS checkpoint [iter1_lcp_progress_320_of_34374]: 5.29 GB
2026-07-21 23:49:42,710 2971671 road_revised.py Completed 330 of 34374, 0.96%
2026-07-21 23:49:46,418 2971671 road_revised.py Completed 340 of 34374, 0.99%
2026-07-21 23:49:46,422 2971671 road_revised.py RSS checkpoint [iter1_lcp_progress_340_of_34374]: 4.61 GB
2026-07-21 23:49:46,432 2971671 road_revised.py Completed 350 of 34374, 1.02%
2026-07-21 23:49:46,434 2971671 road_revised.py Completed 360 of 34374, 1.05%
2026-07-21 23:49:46,452 2971671 road_revised.py RSS checkpoint [iter1_lcp_progress_360_of_34374]: 4.61 GB
2026-07-21 23:49:46,466 2971671 road_revised.py Completed 370 of 34374, 1.08%
2026-07-21 23:49:46,827 2971671 road_revised.py Completed 380 of 34374, 1.11%
2026-07-21 23:49:46,827 2971671 road_revised.py RSS checkpoint [iter1_lcp_progress_380_of_34374]: 4.33 GB
2026-07-21 23:49:47,315 2971671 road_revised.py Completed 390 of 34374, 1.13%
2026-07-21 23:49:47,908 2971671 road_revised.py Completed 400 of 34374, 1.16%
2026-07-21 23:49:47,908 2971671 road_revised.py RSS checkpoint [iter1_lcp_progress_400_of_34374]: 4.38 GB
2026-07-21 23:49:48,500 2971671 road_revised.py Completed 410 of 34374, 1.19%
2026-07-21 23:49:49,074 2971671 road_revised.py Completed 420 of 34374, 1.22%
2026-07-21 23:49:49,074 2971671 road_revised.py RSS checkpoint [iter1_lcp_progress_420_of_34374]: 4.43 GB
2026-07-21 23:49:49,624 2971671 road_revised.py Completed 430 of 34374, 1.25%
2026-07-21 23:49:50,198 2971671 road_revised.py Completed 440 of 34374, 1.28%
2026-07-21 23:49:50,198 2971671 road_revised.py RSS checkpoint [iter1_lcp_progress_440_of_34374]: 4.57 GB
2026-07-21 23:49:50,759 2971671 road_revised.py Completed 450 of 34374, 1.31%
2026-07-21 23:49:51,319 2971671 road_revised.py Completed 460 of 34374, 1.34%
2026-07-21 23:49:51,319 2971671 road_revised.py RSS checkpoint [iter1_lcp_progress_460_of_34374]: 4.71 GB
2026-07-21 23:49:51,924 2971671 road_revised.py Completed 470 of 34374, 1.37%
2026-07-21 23:49:52,518 2971671 road_revised.py Completed 480 of 34374, 1.40%
2026-07-21 23:49:52,518 2971671 road_revised.py RSS checkpoint [iter1_lcp_progress_480_of_34374]: 4.90 GB
2026-07-21 23:49:52,988 2971671 road_revised.py Completed 490 of 34374, 1.43%
2026-07-21 23:49:53,512 2971671 road_revised.py Completed 500 of 34374, 1.45%
2026-07-21 23:49:53,512 2971671 road_revised.py RSS checkpoint [iter1_lcp_progress_500_of_34374]: 5.05 GB
2026-07-21 23:49:55,817 2971671 road_revised.py Completed 510 of 34374, 1.48%
2026-07-21 23:49:55,820 2971671 road_revised.py Completed 520 of 34374, 1.51%
2026-07-21 23:49:55,874 2971671 road_revised.py Completed 530 of 34374, 1.54%
2026-07-21 23:49:56,400 2971671 road_revised.py Completed 540 of 34374, 1.57%
2026-07-21 23:49:56,932 2971671 road_revised.py Completed 550 of 34374, 1.60%
2026-07-21 23:49:57,466 2971671 road_revised.py Completed 560 of 34374, 1.63%
2026-07-21 23:49:58,034 2971671 road_revised.py Completed 570 of 34374, 1.66%
2026-07-21 23:49:58,683 2971671 road_revised.py Completed 580 of 34374, 1.69%
2026-07-21 23:49:59,305 2971671 road_revised.py Completed 590 of 34374, 1.72%
2026-07-21 23:49:59,867 2971671 road_revised.py Completed 600 of 34374, 1.75%
2026-07-21 23:49:59,867 2971671 road_revised.py RSS checkpoint [iter1_lcp_progress_600_of_34374]: 4.54 GB
2026-07-21 23:50:00,354 2971671 road_revised.py Completed 610 of 34374, 1.77%
2026-07-21 23:50:00,951 2971671 road_revised.py Completed 620 of 34374, 1.80%
2026-07-21 23:50:01,444 2971671 road_revised.py Completed 630 of 34374, 1.83%
2026-07-21 23:50:02,066 2971671 road_revised.py Completed 640 of 34374, 1.86%
2026-07-21 23:50:02,600 2971671 road_revised.py Completed 650 of 34374, 1.89%
2026-07-21 23:50:03,624 2971671 road_revised.py Completed 660 of 34374, 1.92%
2026-07-21 23:50:04,245 2971671 road_revised.py Completed 670 of 34374, 1.95%
2026-07-21 23:50:07,448 2971671 road_revised.py Completed 680 of 34374, 1.98%
2026-07-21 23:50:07,449 2971671 road_revised.py Completed 690 of 34374, 2.01%
2026-07-21 23:50:07,483 2971671 road_revised.py Completed 700 of 34374, 2.04%
2026-07-21 23:50:07,484 2971671 road_revised.py RSS checkpoint [iter1_lcp_progress_700_of_34374]: 4.92 GB
2026-07-21 23:50:07,485 2971671 road_revised.py Completed 710 of 34374, 2.07%
2026-07-21 23:50:07,906 2971671 road_revised.py Completed 720 of 34374, 2.09%
2026-07-21 23:50:08,419 2971671 road_revised.py Completed 730 of 34374, 2.12%
2026-07-21 23:50:08,930 2971671 road_revised.py Completed 740 of 34374, 2.15%
2026-07-21 23:50:09,494 2971671 road_revised.py Completed 750 of 34374, 2.18%
2026-07-21 23:50:10,025 2971671 road_revised.py Completed 760 of 34374, 2.21%
2026-07-21 23:50:10,607 2971671 road_revised.py Completed 770 of 34374, 2.24%
2026-07-21 23:50:11,102 2971671 road_revised.py Completed 780 of 34374, 2.27%
2026-07-21 23:50:11,581 2971671 road_revised.py Completed 790 of 34374, 2.30%
2026-07-21 23:50:12,320 2971671 road_revised.py Completed 800 of 34374, 2.33%
2026-07-21 23:50:12,345 2971671 road_revised.py RSS checkpoint [iter1_lcp_progress_800_of_34374]: 5.06 GB
2026-07-21 23:50:12,715 2971671 road_revised.py Completed 810 of 34374, 2.36%
2026-07-21 23:50:13,323 2971671 road_revised.py Completed 820 of 34374, 2.39%
2026-07-21 23:50:13,876 2971671 road_revised.py Completed 830 of 34374, 2.41%
2026-07-21 23:50:16,939 2971671 road_revised.py Completed 840 of 34374, 2.44%
2026-07-21 23:50:16,945 2971671 road_revised.py Completed 850 of 34374, 2.47%
2026-07-21 23:50:16,986 2971671 road_revised.py Completed 860 of 34374, 2.50%
2026-07-21 23:50:16,987 2971671 road_revised.py Completed 870 of 34374, 2.53%
2026-07-21 23:50:17,471 2971671 road_revised.py Completed 880 of 34374, 2.56%
2026-07-21 23:50:18,020 2971671 road_revised.py Completed 890 of 34374, 2.59%
2026-07-21 23:50:18,582 2971671 road_revised.py Completed 900 of 34374, 2.62%
2026-07-21 23:50:18,582 2971671 road_revised.py RSS checkpoint [iter1_lcp_progress_900_of_34374]: 4.80 GB
2026-07-21 23:50:19,206 2971671 road_revised.py Completed 910 of 34374, 2.65%
2026-07-21 23:50:19,715 2971671 road_revised.py Completed 920 of 34374, 2.68%
2026-07-21 23:50:20,271 2971671 road_revised.py Completed 930 of 34374, 2.71%
2026-07-21 23:50:20,811 2971671 road_revised.py Completed 940 of 34374, 2.73%
2026-07-21 23:50:21,372 2971671 road_revised.py Completed 950 of 34374, 2.76%
2026-07-21 23:50:21,925 2971671 road_revised.py Completed 960 of 34374, 2.79%
2026-07-21 23:50:22,540 2971671 road_revised.py Completed 970 of 34374, 2.82%
2026-07-21 23:50:23,058 2971671 road_revised.py Completed 980 of 34374, 2.85%
2026-07-21 23:50:23,608 2971671 road_revised.py Completed 990 of 34374, 2.88%
2026-07-21 23:50:24,160 2971671 road_revised.py Completed 1000 of 34374, 2.91%
2026-07-21 23:50:24,160 2971671 road_revised.py RSS checkpoint [iter1_lcp_progress_1000_of_34374]: 5.37 GB
2026-07-21 23:50:28,246 2971671 road_revised.py Completed 1010 of 34374, 2.94%
2026-07-21 23:50:28,249 2971671 road_revised.py Completed 1020 of 34374, 2.97%
2026-07-21 23:50:28,286 2971671 road_revised.py Completed 1030 of 34374, 3.00%
2026-07-21 23:50:28,287 2971671 road_revised.py Completed 1040 of 34374, 3.03%
2026-07-21 23:50:28,729 2971671 road_revised.py Completed 1050 of 34374, 3.05%
2026-07-21 23:50:29,188 2971671 road_revised.py Completed 1060 of 34374, 3.08%
2026-07-21 23:50:29,768 2971671 road_revised.py Completed 1070 of 34374, 3.11%
2026-07-21 23:50:30,305 2971671 road_revised.py Completed 1080 of 34374, 3.14%
2026-07-21 23:50:30,956 2971671 road_revised.py Completed 1090 of 34374, 3.17%
2026-07-21 23:50:31,456 2971671 road_revised.py Completed 1100 of 34374, 3.20%
2026-07-21 23:50:31,465 2971671 road_revised.py RSS checkpoint [iter1_lcp_progress_1100_of_34374]: 5.17 GB
2026-07-21 23:50:32,044 2971671 road_revised.py Completed 1110 of 34374, 3.23%
2026-07-21 23:50:32,529 2971671 road_revised.py Completed 1120 of 34374, 3.26%
2026-07-21 23:50:33,176 2971671 road_revised.py Completed 1130 of 34374, 3.29%
2026-07-21 23:50:33,688 2971671 road_revised.py Completed 1140 of 34374, 3.32%
2026-07-21 23:50:34,221 2971671 road_revised.py Completed 1150 of 34374, 3.35%
2026-07-21 23:50:34,924 2971671 road_revised.py Completed 1160 of 34374, 3.37%
2026-07-21 23:50:35,211 2971671 road_revised.py Completed 1170 of 34374, 3.40%
2026-07-21 23:50:38,291 2971671 road_revised.py Completed 1180 of 34374, 3.43%
2026-07-21 23:50:38,347 2971671 road_revised.py Completed 1190 of 34374, 3.46%
2026-07-21 23:50:38,348 2971671 road_revised.py Completed 1200 of 34374, 3.49%
2026-07-21 23:50:38,348 2971671 road_revised.py RSS checkpoint [iter1_lcp_progress_1200_of_34374]: 5.51 GB
2026-07-21 23:50:38,401 2971671 road_revised.py Completed 1210 of 34374, 3.52%
2026-07-21 23:50:38,924 2971671 road_revised.py Completed 1220 of 34374, 3.55%
2026-07-21 23:50:39,355 2971671 road_revised.py Completed 1230 of 34374, 3.58%
2026-07-21 23:50:39,984 2971671 road_revised.py Completed 1240 of 34374, 3.61%
2026-07-21 23:50:40,533 2971671 road_revised.py Completed 1250 of 34374, 3.64%
2026-07-21 23:50:41,028 2971671 road_revised.py Completed 1260 of 34374, 3.67%
2026-07-21 23:50:41,559 2971671 road_revised.py Completed 1270 of 34374, 3.69%
2026-07-21 23:50:42,063 2971671 road_revised.py Completed 1280 of 34374, 3.72%
2026-07-21 23:50:42,605 2971671 road_revised.py Completed 1290 of 34374, 3.75%
2026-07-21 23:50:43,130 2971671 road_revised.py Completed 1300 of 34374, 3.78%
2026-07-21 23:50:43,130 2971671 road_revised.py RSS checkpoint [iter1_lcp_progress_1300_of_34374]: 5.42 GB
2026-07-21 23:50:43,688 2971671 road_revised.py Completed 1310 of 34374, 3.81%
2026-07-21 23:50:44,226 2971671 road_revised.py Completed 1320 of 34374, 3.84%
2026-07-21 23:50:44,764 2971671 road_revised.py Completed 1330 of 34374, 3.87%
2026-07-21 23:50:45,396 2971671 road_revised.py Completed 1340 of 34374, 3.90%
2026-07-21 23:50:49,411 2971671 road_revised.py Completed 1350 of 34374, 3.93%
2026-07-21 23:50:49,419 2971671 road_revised.py Completed 1360 of 34374, 3.96%
2026-07-21 23:50:49,420 2971671 road_revised.py Completed 1370 of 34374, 3.99%
2026-07-21 23:50:49,865 2971671 road_revised.py Completed 1380 of 34374, 4.01%
2026-07-21 23:50:49,951 2971671 road_revised.py Completed 1390 of 34374, 4.04%
2026-07-21 23:50:50,573 2971671 road_revised.py Completed 1400 of 34374, 4.07%
2026-07-21 23:50:50,573 2971671 road_revised.py RSS checkpoint [iter1_lcp_progress_1400_of_34374]: 5.68 GB
2026-07-21 23:50:51,172 2971671 road_revised.py Completed 1410 of 34374, 4.10%
2026-07-21 23:50:51,623 2971671 road_revised.py Completed 1420 of 34374, 4.13%
2026-07-21 23:50:52,141 2971671 road_revised.py Completed 1430 of 34374, 4.16%
2026-07-21 23:50:52,733 2971671 road_revised.py Completed 1440 of 34374, 4.19%
2026-07-21 23:50:53,298 2971671 road_revised.py Completed 1450 of 34374, 4.22%
2026-07-21 23:50:53,858 2971671 road_revised.py Completed 1460 of 34374, 4.25%
2026-07-21 23:50:54,323 2971671 road_revised.py Completed 1470 of 34374, 4.28%
2026-07-21 23:50:54,866 2971671 road_revised.py Completed 1480 of 34374, 4.31%
2026-07-21 23:50:55,564 2971671 road_revised.py Completed 1490 of 34374, 4.33%
2026-07-21 23:50:56,142 2971671 road_revised.py Completed 1500 of 34374, 4.36%
2026-07-21 23:50:56,142 2971671 road_revised.py RSS checkpoint [iter1_lcp_progress_1500_of_34374]: 6.38 GB
2026-07-21 23:51:00,307 2971671 road_revised.py Completed 1510 of 34374, 4.39%
2026-07-21 23:51:00,312 2971671 road_revised.py Completed 1520 of 34374, 4.42%
2026-07-21 23:51:00,386 2971671 road_revised.py Completed 1530 of 34374, 4.45%
2026-07-21 23:51:00,388 2971671 road_revised.py Completed 1540 of 34374, 4.48%
2026-07-21 23:51:00,587 2971671 road_revised.py Completed 1550 of 34374, 4.51%
2026-07-21 23:51:01,161 2971671 road_revised.py Completed 1560 of 34374, 4.54%
2026-07-21 23:51:01,791 2971671 road_revised.py Completed 1570 of 34374, 4.57%
2026-07-21 23:51:02,420 2971671 road_revised.py Completed 1580 of 34374, 4.60%
2026-07-21 23:51:03,038 2971671 road_revised.py Completed 1590 of 34374, 4.63%
2026-07-21 23:51:03,581 2971671 road_revised.py Completed 1600 of 34374, 4.65%
2026-07-21 23:51:03,582 2971671 road_revised.py RSS checkpoint [iter1_lcp_progress_1600_of_34374]: 5.84 GB
2026-07-21 23:51:04,196 2971671 road_revised.py Completed 1610 of 34374, 4.68%
2026-07-21 23:51:04,745 2971671 road_revised.py Completed 1620 of 34374, 4.71%
2026-07-21 23:51:05,441 2971671 road_revised.py Completed 1630 of 34374, 4.74%
2026-07-21 23:51:06,072 2971671 road_revised.py Completed 1640 of 34374, 4.77%
2026-07-21 23:51:06,693 2971671 road_revised.py Completed 1650 of 34374, 4.80%
2026-07-21 23:51:07,210 2971671 road_revised.py Completed 1660 of 34374, 4.83%
2026-07-21 23:51:07,868 2971671 road_revised.py Completed 1670 of 34374, 4.86%
2026-07-21 23:51:12,846 2971671 road_revised.py Completed 1680 of 34374, 4.89%
2026-07-21 23:51:12,849 2971671 road_revised.py Completed 1690 of 34374, 4.92%
2026-07-21 23:51:13,281 2971671 road_revised.py Completed 1700 of 34374, 4.95%
2026-07-21 23:51:13,282 2971671 road_revised.py RSS checkpoint [iter1_lcp_progress_1700_of_34374]: 6.00 GB
2026-07-21 23:51:13,283 2971671 road_revised.py Completed 1710 of 34374, 4.97%
2026-07-21 23:51:13,289 2971671 road_revised.py Completed 1720 of 34374, 5.00%
2026-07-21 23:51:13,585 2971671 road_revised.py Completed 1730 of 34374, 5.03%
2026-07-21 23:51:14,184 2971671 road_revised.py Completed 1740 of 34374, 5.06%
2026-07-21 23:51:14,723 2971671 road_revised.py Completed 1750 of 34374, 5.09%
2026-07-21 23:51:15,347 2971671 road_revised.py Completed 1760 of 34374, 5.12%
2026-07-21 23:51:15,873 2971671 road_revised.py Completed 1770 of 34374, 5.15%
2026-07-21 23:51:16,502 2971671 road_revised.py Completed 1780 of 34374, 5.18%
2026-07-21 23:51:17,052 2971671 road_revised.py Completed 1790 of 34374, 5.21%
2026-07-21 23:51:17,630 2971671 road_revised.py Completed 1800 of 34374, 5.24%
2026-07-21 23:51:17,630 2971671 road_revised.py RSS checkpoint [iter1_lcp_progress_1800_of_34374]: 6.20 GB
2026-07-21 23:51:18,174 2971671 road_revised.py Completed 1810 of 34374, 5.27%
2026-07-21 23:51:18,726 2971671 road_revised.py Completed 1820 of 34374, 5.29%
2026-07-21 23:51:19,229 2971671 road_revised.py Completed 1830 of 34374, 5.32%
2026-07-21 23:51:19,840 2971671 road_revised.py Completed 1840 of 34374, 5.35%
2026-07-21 23:51:22,831 2971671 road_revised.py Completed 1850 of 34374, 5.38%
2026-07-21 23:51:22,872 2971671 road_revised.py Completed 1860 of 34374, 5.41%
2026-07-21 23:51:22,875 2971671 road_revised.py Completed 1870 of 34374, 5.44%
2026-07-21 23:51:22,881 2971671 road_revised.py Completed 1880 of 34374, 5.47%
2026-07-21 23:51:23,379 2971671 road_revised.py Completed 1890 of 34374, 5.50%
2026-07-21 23:51:23,879 2971671 road_revised.py Completed 1900 of 34374, 5.53%
2026-07-21 23:51:23,879 2971671 road_revised.py RSS checkpoint [iter1_lcp_progress_1900_of_34374]: 5.97 GB
2026-07-21 23:51:24,556 2971671 road_revised.py Completed 1910 of 34374, 5.56%
2026-07-21 23:51:25,021 2971671 road_revised.py Completed 1920 of 34374, 5.59%
2026-07-21 23:51:25,562 2971671 road_revised.py Completed 1930 of 34374, 5.61%
2026-07-21 23:51:26,092 2971671 road_revised.py Completed 1940 of 34374, 5.64%
2026-07-21 23:51:26,701 2971671 road_revised.py Completed 1950 of 34374, 5.67%
2026-07-21 23:51:27,296 2971671 road_revised.py Completed 1960 of 34374, 5.70%
2026-07-21 23:51:27,837 2971671 road_revised.py Completed 1970 of 34374, 5.73%
2026-07-21 23:51:28,468 2971671 road_revised.py Completed 1980 of 34374, 5.76%
2026-07-21 23:51:28,963 2971671 road_revised.py Completed 1990 of 34374, 5.79%
2026-07-21 23:51:29,567 2971671 road_revised.py Completed 2000 of 34374, 5.82%
2026-07-21 23:51:29,567 2971671 road_revised.py RSS checkpoint [iter1_lcp_progress_2000_of_34374]: 6.15 GB
2026-07-21 23:51:30,140 2971671 road_revised.py Completed 2010 of 34374, 5.85%
2026-07-21 23:51:33,598 2971671 road_revised.py Completed 2020 of 34374, 5.88%
2026-07-21 23:51:34,037 2971671 road_revised.py Completed 2030 of 34374, 5.91%
2026-07-21 23:51:34,038 2971671 road_revised.py Completed 2040 of 34374, 5.93%
2026-07-21 23:51:34,039 2971671 road_revised.py Completed 2050 of 34374, 5.96%
2026-07-21 23:51:34,357 2971671 road_revised.py Completed 2060 of 34374, 5.99%
2026-07-21 23:51:34,839 2971671 road_revised.py Completed 2070 of 34374, 6.02%
2026-07-21 23:51:35,442 2971671 road_revised.py Completed 2080 of 34374, 6.05%
2026-07-21 23:51:35,888 2971671 road_revised.py Completed 2090 of 34374, 6.08%
2026-07-21 23:51:36,355 2971671 road_revised.py Completed 2100 of 34374, 6.11%
2026-07-21 23:51:36,355 2971671 road_revised.py RSS checkpoint [iter1_lcp_progress_2100_of_34374]: 6.18 GB
2026-07-21 23:51:37,045 2971671 road_revised.py Completed 2110 of 34374, 6.14%
2026-07-21 23:51:37,526 2971671 road_revised.py Completed 2120 of 34374, 6.17%
2026-07-21 23:51:37,986 2971671 road_revised.py Completed 2130 of 34374, 6.20%
2026-07-21 23:51:38,553 2971671 road_revised.py Completed 2140 of 34374, 6.23%
2026-07-21 23:51:39,030 2971671 road_revised.py Completed 2150 of 34374, 6.25%
2026-07-21 23:51:39,661 2971671 road_revised.py Completed 2160 of 34374, 6.28%
2026-07-21 23:51:40,188 2971671 road_revised.py Completed 2170 of 34374, 6.31%
2026-07-21 23:51:43,473 2971671 road_revised.py Completed 2180 of 34374, 6.34%
2026-07-21 23:51:43,492 2971671 road_revised.py Completed 2190 of 34374, 6.37%
2026-07-21 23:51:43,493 2971671 road_revised.py Completed 2200 of 34374, 6.40%
2026-07-21 23:51:43,493 2971671 road_revised.py RSS checkpoint [iter1_lcp_progress_2200_of_34374]: 5.92 GB
2026-07-21 23:51:43,522 2971671 road_revised.py Completed 2210 of 34374, 6.43%
2026-07-21 23:51:43,523 2971671 road_revised.py Completed 2220 of 34374, 6.46%
2026-07-21 23:51:43,985 2971671 road_revised.py Completed 2230 of 34374, 6.49%
2026-07-21 23:51:44,609 2971671 road_revised.py Completed 2240 of 34374, 6.52%
2026-07-21 23:51:45,093 2971671 road_revised.py Completed 2250 of 34374, 6.55%
2026-07-21 23:51:45,643 2971671 road_revised.py Completed 2260 of 34374, 6.57%
2026-07-21 23:51:46,270 2971671 road_revised.py Completed 2270 of 34374, 6.60%
2026-07-21 23:51:46,834 2971671 road_revised.py Completed 2280 of 34374, 6.63%
2026-07-21 23:51:47,359 2971671 road_revised.py Completed 2290 of 34374, 6.66%
2026-07-21 23:51:47,900 2971671 road_revised.py Completed 2300 of 34374, 6.69%
2026-07-21 23:51:47,900 2971671 road_revised.py RSS checkpoint [iter1_lcp_progress_2300_of_34374]: 5.80 GB
2026-07-21 23:51:48,467 2971671 road_revised.py Completed 2310 of 34374, 6.72%
2026-07-21 23:51:49,004 2971671 road_revised.py Completed 2320 of 34374, 6.75%
2026-07-21 23:51:49,621 2971671 road_revised.py Completed 2330 of 34374, 6.78%
2026-07-21 23:51:50,092 2971671 road_revised.py Completed 2340 of 34374, 6.81%
2026-07-21 23:51:53,466 2971671 road_revised.py Completed 2350 of 34374, 6.84%
2026-07-21 23:51:53,885 2971671 road_revised.py Completed 2360 of 34374, 6.87%
2026-07-21 23:51:53,898 2971671 road_revised.py Completed 2370 of 34374, 6.89%
2026-07-21 23:51:53,906 2971671 road_revised.py Completed 2380 of 34374, 6.92%
2026-07-21 23:51:54,009 2971671 road_revised.py Completed 2390 of 34374, 6.95%
2026-07-21 23:51:54,470 2971671 road_revised.py Completed 2400 of 34374, 6.98%
2026-07-21 23:51:54,471 2971671 road_revised.py RSS checkpoint [iter1_lcp_progress_2400_of_34374]: 6.20 GB
2026-07-21 23:51:55,015 2971671 road_revised.py Completed 2410 of 34374, 7.01%
2026-07-21 23:51:55,515 2971671 road_revised.py Completed 2420 of 34374, 7.04%
2026-07-21 23:51:56,084 2971671 road_revised.py Completed 2430 of 34374, 7.07%
2026-07-21 23:51:56,592 2971671 road_revised.py Completed 2440 of 34374, 7.10%
2026-07-21 23:51:57,118 2971671 road_revised.py Completed 2450 of 34374, 7.13%
2026-07-21 23:51:57,647 2971671 road_revised.py Completed 2460 of 34374, 7.16%
2026-07-21 23:51:58,221 2971671 road_revised.py Completed 2470 of 34374, 7.19%
2026-07-21 23:51:58,698 2971671 road_revised.py Completed 2480 of 34374, 7.21%
2026-07-21 23:51:59,236 2971671 road_revised.py Completed 2490 of 34374, 7.24%
2026-07-21 23:51:59,767 2971671 road_revised.py Completed 2500 of 34374, 7.27%
2026-07-21 23:51:59,767 2971671 road_revised.py RSS checkpoint [iter1_lcp_progress_2500_of_34374]: 6.38 GB
2026-07-21 23:52:00,290 2971671 road_revised.py Completed 2510 of 34374, 7.30%
2026-07-21 23:52:02,926 2971671 road_revised.py Completed 2520 of 34374, 7.33%
2026-07-21 23:52:02,931 2971671 road_revised.py Completed 2530 of 34374, 7.36%
2026-07-21 23:52:02,958 2971671 road_revised.py Completed 2540 of 34374, 7.39%
2026-07-21 23:52:03,010 2971671 road_revised.py Completed 2550 of 34374, 7.42%
2026-07-21 23:52:03,587 2971671 road_revised.py Completed 2560 of 34374, 7.45%
2026-07-21 23:52:04,194 2971671 road_revised.py Completed 2570 of 34374, 7.48%
2026-07-21 23:52:04,677 2971671 road_revised.py Completed 2580 of 34374, 7.51%
2026-07-21 23:52:05,187 2971671 road_revised.py Completed 2590 of 34374, 7.53%
2026-07-21 23:52:05,727 2971671 road_revised.py Completed 2600 of 34374, 7.56%
2026-07-21 23:52:05,728 2971671 road_revised.py RSS checkpoint [iter1_lcp_progress_2600_of_34374]: 6.05 GB
2026-07-21 23:52:06,209 2971671 road_revised.py Completed 2610 of 34374, 7.59%
2026-07-21 23:52:06,711 2971671 road_revised.py Completed 2620 of 34374, 7.62%
2026-07-21 23:52:07,241 2971671 road_revised.py Completed 2630 of 34374, 7.65%
2026-07-21 23:52:07,761 2971671 road_revised.py Completed 2640 of 34374, 7.68%
2026-07-21 23:52:08,236 2971671 road_revised.py Completed 2650 of 34374, 7.71%
2026-07-21 23:52:08,752 2971671 road_revised.py Completed 2660 of 34374, 7.74%
2026-07-21 23:52:09,276 2971671 road_revised.py Completed 2670 of 34374, 7.77%
2026-07-21 23:52:09,826 2971671 road_revised.py Completed 2680 of 34374, 7.80%
2026-07-21 23:52:13,210 2971671 road_revised.py Completed 2690 of 34374, 7.83%
2026-07-21 23:52:13,211 2971671 road_revised.py Completed 2700 of 34374, 7.85%
2026-07-21 23:52:13,217 2971671 road_revised.py RSS checkpoint [iter1_lcp_progress_2700_of_34374]: 6.41 GB
2026-07-21 23:52:13,220 2971671 road_revised.py Completed 2710 of 34374, 7.88%
2026-07-21 23:52:13,292 2971671 road_revised.py Completed 2720 of 34374, 7.91%
2026-07-21 23:52:13,889 2971671 road_revised.py Completed 2730 of 34374, 7.94%
2026-07-21 23:52:14,439 2971671 road_revised.py Completed 2740 of 34374, 7.97%
2026-07-21 23:52:15,031 2971671 road_revised.py Completed 2750 of 34374, 8.00%
2026-07-21 23:52:15,510 2971671 road_revised.py Completed 2760 of 34374, 8.03%
2026-07-21 23:52:16,018 2971671 road_revised.py Completed 2770 of 34374, 8.06%
2026-07-21 23:52:16,547 2971671 road_revised.py Completed 2780 of 34374, 8.09%
2026-07-21 23:52:17,111 2971671 road_revised.py Completed 2790 of 34374, 8.12%
2026-07-21 23:52:17,567 2971671 road_revised.py Completed 2800 of 34374, 8.15%
2026-07-21 23:52:17,627 2971671 road_revised.py RSS checkpoint [iter1_lcp_progress_2800_of_34374]: 6.38 GB
2026-07-21 23:52:18,105 2971671 road_revised.py Completed 2810 of 34374, 8.17%
2026-07-21 23:52:18,715 2971671 road_revised.py Completed 2820 of 34374, 8.20%
2026-07-21 23:52:19,281 2971671 road_revised.py Completed 2830 of 34374, 8.23%
2026-07-21 23:52:19,756 2971671 road_revised.py Completed 2840 of 34374, 8.26%
2026-07-21 23:52:23,028 2971671 road_revised.py Completed 2850 of 34374, 8.29%
2026-07-21 23:52:23,034 2971671 road_revised.py Completed 2860 of 34374, 8.32%
2026-07-21 23:52:23,085 2971671 road_revised.py Completed 2870 of 34374, 8.35%
2026-07-21 23:52:23,086 2971671 road_revised.py Completed 2880 of 34374, 8.38%
2026-07-21 23:52:23,270 2971671 road_revised.py Completed 2890 of 34374, 8.41%
2026-07-21 23:52:23,784 2971671 road_revised.py Completed 2900 of 34374, 8.44%
2026-07-21 23:52:23,784 2971671 road_revised.py RSS checkpoint [iter1_lcp_progress_2900_of_34374]: 6.29 GB
2026-07-21 23:52:24,242 2971671 road_revised.py Completed 2910 of 34374, 8.47%
2026-07-21 23:52:24,743 2971671 road_revised.py Completed 2920 of 34374, 8.49%
2026-07-21 23:52:25,331 2971671 road_revised.py Completed 2930 of 34374, 8.52%
2026-07-21 23:52:25,859 2971671 road_revised.py Completed 2940 of 34374, 8.55%
2026-07-21 23:52:26,351 2971671 road_revised.py Completed 2950 of 34374, 8.58%
2026-07-21 23:52:26,899 2971671 road_revised.py Completed 2960 of 34374, 8.61%
2026-07-21 23:52:27,402 2971671 road_revised.py Completed 2970 of 34374, 8.64%
2026-07-21 23:52:27,908 2971671 road_revised.py Completed 2980 of 34374, 8.67%
2026-07-21 23:52:28,431 2971671 road_revised.py Completed 2990 of 34374, 8.70%
2026-07-21 23:52:28,901 2971671 road_revised.py Completed 3000 of 34374, 8.73%
2026-07-21 23:52:28,902 2971671 road_revised.py RSS checkpoint [iter1_lcp_progress_3000_of_34374]: 6.49 GB
2026-07-21 23:52:29,454 2971671 road_revised.py Completed 3010 of 34374, 8.76%
2026-07-21 23:52:33,016 2971671 road_revised.py Completed 3020 of 34374, 8.79%
2026-07-21 23:52:33,031 2971671 road_revised.py Completed 3030 of 34374, 8.81%
2026-07-21 23:52:33,068 2971671 road_revised.py Completed 3040 of 34374, 8.84%
2026-07-21 23:52:33,121 2971671 road_revised.py Completed 3050 of 34374, 8.87%
2026-07-21 23:52:33,125 2971671 road_revised.py Completed 3060 of 34374, 8.90%
2026-07-21 23:52:33,818 2971671 road_revised.py Completed 3070 of 34374, 8.93%
2026-07-21 23:52:34,273 2971671 road_revised.py Completed 3080 of 34374, 8.96%
2026-07-21 23:52:34,823 2971671 road_revised.py Completed 3090 of 34374, 8.99%
2026-07-21 23:52:35,290 2971671 road_revised.py Completed 3100 of 34374, 9.02%
2026-07-21 23:52:35,290 2971671 road_revised.py RSS checkpoint [iter1_lcp_progress_3100_of_34374]: 6.73 GB
2026-07-21 23:52:35,817 2971671 road_revised.py Completed 3110 of 34374, 9.05%
2026-07-21 23:52:36,356 2971671 road_revised.py Completed 3120 of 34374, 9.08%
2026-07-21 23:52:36,887 2971671 road_revised.py Completed 3130 of 34374, 9.11%
2026-07-21 23:52:37,347 2971671 road_revised.py Completed 3140 of 34374, 9.13%
2026-07-21 23:52:37,999 2971671 road_revised.py Completed 3150 of 34374, 9.16%
2026-07-21 23:52:38,479 2971671 road_revised.py Completed 3160 of 34374, 9.19%
2026-07-21 23:52:38,931 2971671 road_revised.py Completed 3170 of 34374, 9.22%
2026-07-21 23:52:39,458 2971671 road_revised.py Completed 3180 of 34374, 9.25%
2026-07-21 23:52:42,327 2971671 road_revised.py Completed 3190 of 34374, 9.28%
2026-07-21 23:52:42,376 2971671 road_revised.py Completed 3200 of 34374, 9.31%
2026-07-21 23:52:42,385 2971671 road_revised.py RSS checkpoint [iter1_lcp_progress_3200_of_34374]: 7.06 GB
2026-07-21 23:52:42,390 2971671 road_revised.py Completed 3210 of 34374, 9.34%
2026-07-21 23:52:42,435 2971671 road_revised.py Completed 3220 of 34374, 9.37%
2026-07-21 23:52:42,945 2971671 road_revised.py Completed 3230 of 34374, 9.40%
2026-07-21 23:52:43,454 2971671 road_revised.py Completed 3240 of 34374, 9.43%
2026-07-21 23:52:43,944 2971671 road_revised.py Completed 3250 of 34374, 9.45%
2026-07-21 23:52:44,447 2971671 road_revised.py Completed 3260 of 34374, 9.48%
2026-07-21 23:52:44,960 2971671 road_revised.py Completed 3270 of 34374, 9.51%
2026-07-21 23:52:45,452 2971671 road_revised.py Completed 3280 of 34374, 9.54%
2026-07-21 23:52:45,973 2971671 road_revised.py Completed 3290 of 34374, 9.57%
2026-07-21 23:52:46,538 2971671 road_revised.py Completed 3300 of 34374, 9.60%
2026-07-21 23:52:46,538 2971671 road_revised.py RSS checkpoint [iter1_lcp_progress_3300_of_34374]: 6.96 GB
2026-07-21 23:52:47,126 2971671 road_revised.py Completed 3310 of 34374, 9.63%
2026-07-21 23:52:47,767 2971671 road_revised.py Completed 3320 of 34374, 9.66%
2026-07-21 23:52:48,325 2971671 road_revised.py Completed 3330 of 34374, 9.69%
2026-07-21 23:52:48,867 2971671 road_revised.py Completed 3340 of 34374, 9.72%
2026-07-21 23:52:49,494 2971671 road_revised.py Completed 3350 of 34374, 9.75%
2026-07-21 23:52:53,689 2971671 road_revised.py Completed 3360 of 34374, 9.77%
2026-07-21 23:52:53,753 2971671 road_revised.py Completed 3370 of 34374, 9.80%
2026-07-21 23:52:53,754 2971671 road_revised.py Completed 3380 of 34374, 9.83%
2026-07-21 23:52:53,766 2971671 road_revised.py Completed 3390 of 34374, 9.86%
2026-07-21 23:52:54,472 2971671 road_revised.py Completed 3400 of 34374, 9.89%
2026-07-21 23:52:54,472 2971671 road_revised.py RSS checkpoint [iter1_lcp_progress_3400_of_34374]: 7.18 GB
2026-07-21 23:52:55,040 2971671 road_revised.py Completed 3410 of 34374, 9.92%
2026-07-21 23:52:55,696 2971671 road_revised.py Completed 3420 of 34374, 9.95%
2026-07-21 23:52:56,326 2971671 road_revised.py Completed 3430 of 34374, 9.98%
2026-07-21 23:52:56,899 2971671 road_revised.py Completed 3440 of 34374, 10.01%
2026-07-21 23:52:57,459 2971671 road_revised.py Completed 3450 of 34374, 10.04%
2026-07-21 23:52:58,055 2971671 road_revised.py Completed 3460 of 34374, 10.07%
2026-07-21 23:52:58,636 2971671 road_revised.py Completed 3470 of 34374, 10.09%
2026-07-21 23:52:59,196 2971671 road_revised.py Completed 3480 of 34374, 10.12%
2026-07-21 23:52:59,809 2971671 road_revised.py Completed 3490 of 34374, 10.15%
2026-07-21 23:53:00,414 2971671 road_revised.py Completed 3500 of 34374, 10.18%
2026-07-21 23:53:00,414 2971671 road_revised.py RSS checkpoint [iter1_lcp_progress_3500_of_34374]: 7.41 GB
2026-07-21 23:53:01,004 2971671 road_revised.py Completed 3510 of 34374, 10.21%
2026-07-21 23:53:05,111 2971671 road_revised.py Completed 3520 of 34374, 10.24%
2026-07-21 23:53:05,130 2971671 road_revised.py Completed 3530 of 34374, 10.27%
2026-07-21 23:53:05,162 2971671 road_revised.py Completed 3540 of 34374, 10.30%
2026-07-21 23:53:05,179 2971671 road_revised.py Completed 3550 of 34374, 10.33%
2026-07-21 23:53:05,180 2971671 road_revised.py Completed 3560 of 34374, 10.36%
2026-07-21 23:53:05,678 2971671 road_revised.py Completed 3570 of 34374, 10.39%
2026-07-21 23:53:06,279 2971671 road_revised.py Completed 3580 of 34374, 10.41%
2026-07-21 23:53:06,849 2971671 road_revised.py Completed 3590 of 34374, 10.44%
2026-07-21 23:53:07,428 2971671 road_revised.py Completed 3600 of 34374, 10.47%
2026-07-21 23:53:07,428 2971671 road_revised.py RSS checkpoint [iter1_lcp_progress_3600_of_34374]: 7.12 GB
2026-07-21 23:53:07,960 2971671 road_revised.py Completed 3610 of 34374, 10.50%
2026-07-21 23:53:08,546 2971671 road_revised.py Completed 3620 of 34374, 10.53%
2026-07-21 23:53:09,068 2971671 road_revised.py Completed 3630 of 34374, 10.56%
2026-07-21 23:53:09,657 2971671 road_revised.py Completed 3640 of 34374, 10.59%
2026-07-21 23:53:10,236 2971671 road_revised.py Completed 3650 of 34374, 10.62%
2026-07-21 23:53:10,718 2971671 road_revised.py Completed 3660 of 34374, 10.65%
2026-07-21 23:53:11,313 2971671 road_revised.py Completed 3670 of 34374, 10.68%
2026-07-21 23:53:11,895 2971671 road_revised.py Completed 3680 of 34374, 10.71%
2026-07-21 23:53:15,708 2971671 road_revised.py Completed 3690 of 34374, 10.73%
2026-07-21 23:53:15,723 2971671 road_revised.py Completed 3700 of 34374, 10.76%
2026-07-21 23:53:15,730 2971671 road_revised.py RSS checkpoint [iter1_lcp_progress_3700_of_34374]: 7.32 GB
2026-07-21 23:53:15,735 2971671 road_revised.py Completed 3710 of 34374, 10.79%
2026-07-21 23:53:16,234 2971671 road_revised.py Completed 3720 of 34374, 10.82%
2026-07-21 23:53:16,235 2971671 road_revised.py Completed 3730 of 34374, 10.85%
2026-07-21 23:53:16,445 2971671 road_revised.py Completed 3740 of 34374, 10.88%
2026-07-21 23:53:16,928 2971671 road_revised.py Completed 3750 of 34374, 10.91%
2026-07-21 23:53:17,631 2971671 road_revised.py Completed 3760 of 34374, 10.94%
2026-07-21 23:53:18,236 2971671 road_revised.py Completed 3770 of 34374, 10.97%
2026-07-21 23:53:18,804 2971671 road_revised.py Completed 3780 of 34374, 11.00%
2026-07-21 23:53:19,359 2971671 road_revised.py Completed 3790 of 34374, 11.03%
2026-07-21 23:53:19,915 2971671 road_revised.py Completed 3800 of 34374, 11.05%
2026-07-21 23:53:19,915 2971671 road_revised.py RSS checkpoint [iter1_lcp_progress_3800_of_34374]: 7.23 GB
2026-07-21 23:53:20,473 2971671 road_revised.py Completed 3810 of 34374, 11.08%
2026-07-21 23:53:20,935 2971671 road_revised.py Completed 3820 of 34374, 11.11%
2026-07-21 23:53:21,455 2971671 road_revised.py Completed 3830 of 34374, 11.14%
2026-07-21 23:53:22,037 2971671 road_revised.py Completed 3840 of 34374, 11.17%
2026-07-21 23:53:22,570 2971671 road_revised.py Completed 3850 of 34374, 11.20%
2026-07-21 23:53:25,342 2971671 road_revised.py Completed 3860 of 34374, 11.23%
2026-07-21 23:53:25,350 2971671 road_revised.py Completed 3870 of 34374, 11.26%
2026-07-21 23:53:25,383 2971671 road_revised.py Completed 3880 of 34374, 11.29%
2026-07-21 23:53:25,598 2971671 road_revised.py Completed 3890 of 34374, 11.32%
2026-07-21 23:53:26,093 2971671 road_revised.py Completed 3900 of 34374, 11.35%
2026-07-21 23:53:26,093 2971671 road_revised.py RSS checkpoint [iter1_lcp_progress_3900_of_34374]: 7.16 GB
2026-07-21 23:53:26,617 2971671 road_revised.py Completed 3910 of 34374, 11.37%
2026-07-21 23:53:27,190 2971671 road_revised.py Completed 3920 of 34374, 11.40%
2026-07-21 23:53:27,760 2971671 road_revised.py Completed 3930 of 34374, 11.43%
2026-07-21 23:53:28,325 2971671 road_revised.py Completed 3940 of 34374, 11.46%
2026-07-21 23:53:28,879 2971671 road_revised.py Completed 3950 of 34374, 11.49%
2026-07-21 23:53:29,453 2971671 road_revised.py Completed 3960 of 34374, 11.52%
2026-07-21 23:53:29,970 2971671 road_revised.py Completed 3970 of 34374, 11.55%
2026-07-21 23:53:30,560 2971671 road_revised.py Completed 3980 of 34374, 11.58%
2026-07-21 23:53:31,060 2971671 road_revised.py Completed 3990 of 34374, 11.61%
2026-07-21 23:53:31,602 2971671 road_revised.py Completed 4000 of 34374, 11.64%
2026-07-21 23:53:31,602 2971671 road_revised.py RSS checkpoint [iter1_lcp_progress_4000_of_34374]: 7.31 GB
2026-07-21 23:53:32,194 2971671 road_revised.py Completed 4010 of 34374, 11.67%
2026-07-21 23:53:32,733 2971671 road_revised.py Completed 4020 of 34374, 11.69%
2026-07-21 23:53:36,159 2971671 road_revised.py Completed 4030 of 34374, 11.72%
2026-07-21 23:53:36,196 2971671 road_revised.py Completed 4040 of 34374, 11.75%
2026-07-21 23:53:36,588 2971671 road_revised.py Completed 4050 of 34374, 11.78%
2026-07-21 23:53:36,589 2971671 road_revised.py Completed 4060 of 34374, 11.81%
2026-07-21 23:53:36,595 2971671 road_revised.py Completed 4070 of 34374, 11.84%
2026-07-21 23:53:37,074 2971671 road_revised.py Completed 4080 of 34374, 11.87%
2026-07-21 23:53:37,547 2971671 road_revised.py Completed 4090 of 34374, 11.90%
2026-07-21 23:53:38,128 2971671 road_revised.py Completed 4100 of 34374, 11.93%
2026-07-21 23:53:38,128 2971671 road_revised.py RSS checkpoint [iter1_lcp_progress_4100_of_34374]: 7.13 GB
2026-07-21 23:53:38,683 2971671 road_revised.py Completed 4110 of 34374, 11.96%
2026-07-21 23:53:39,210 2971671 road_revised.py Completed 4120 of 34374, 11.99%
2026-07-21 23:53:39,759 2971671 road_revised.py Completed 4130 of 34374, 12.01%
2026-07-21 23:53:40,298 2971671 road_revised.py Completed 4140 of 34374, 12.04%
2026-07-21 23:53:40,830 2971671 road_revised.py Completed 4150 of 34374, 12.07%
2026-07-21 23:53:41,424 2971671 road_revised.py Completed 4160 of 34374, 12.10%
2026-07-21 23:53:41,932 2971671 road_revised.py Completed 4170 of 34374, 12.13%
2026-07-21 23:53:42,449 2971671 road_revised.py Completed 4180 of 34374, 12.16%
2026-07-21 23:53:45,484 2971671 road_revised.py Completed 4190 of 34374, 12.19%
2026-07-21 23:53:45,488 2971671 road_revised.py Completed 4200 of 34374, 12.22%
2026-07-21 23:53:45,496 2971671 road_revised.py RSS checkpoint [iter1_lcp_progress_4200_of_34374]: 7.34 GB
2026-07-21 23:53:45,543 2971671 road_revised.py Completed 4210 of 34374, 12.25%
2026-07-21 23:53:45,544 2971671 road_revised.py Completed 4220 of 34374, 12.28%
2026-07-21 23:53:46,005 2971671 road_revised.py Completed 4230 of 34374, 12.31%
2026-07-21 23:53:46,502 2971671 road_revised.py Completed 4240 of 34374, 12.33%
2026-07-21 23:53:47,030 2971671 road_revised.py Completed 4250 of 34374, 12.36%
2026-07-21 23:53:47,529 2971671 road_revised.py Completed 4260 of 34374, 12.39%
2026-07-21 23:53:48,121 2971671 road_revised.py Completed 4270 of 34374, 12.42%
2026-07-21 23:53:48,591 2971671 road_revised.py Completed 4280 of 34374, 12.45%
2026-07-21 23:53:49,123 2971671 road_revised.py Completed 4290 of 34374, 12.48%
2026-07-21 23:53:49,632 2971671 road_revised.py Completed 4300 of 34374, 12.51%
2026-07-21 23:53:49,633 2971671 road_revised.py RSS checkpoint [iter1_lcp_progress_4300_of_34374]: 7.25 GB
2026-07-21 23:53:50,115 2971671 road_revised.py Completed 4310 of 34374, 12.54%
2026-07-21 23:53:50,717 2971671 road_revised.py Completed 4320 of 34374, 12.57%
2026-07-21 23:53:51,240 2971671 road_revised.py Completed 4330 of 34374, 12.60%
2026-07-21 23:53:51,805 2971671 road_revised.py Completed 4340 of 34374, 12.63%
2026-07-21 23:53:52,250 2971671 road_revised.py Completed 4350 of 34374, 12.65%
2026-07-21 23:53:56,213 2971671 road_revised.py Completed 4360 of 34374, 12.68%
2026-07-21 23:53:56,217 2971671 road_revised.py Completed 4370 of 34374, 12.71%
2026-07-21 23:53:56,656 2971671 road_revised.py Completed 4380 of 34374, 12.74%
2026-07-21 23:53:56,664 2971671 road_revised.py Completed 4390 of 34374, 12.77%
2026-07-21 23:53:56,666 2971671 road_revised.py Completed 4400 of 34374, 12.80%
2026-07-21 23:53:56,667 2971671 road_revised.py RSS checkpoint [iter1_lcp_progress_4400_of_34374]: 7.54 GB
2026-07-21 23:53:57,110 2971671 road_revised.py Completed 4410 of 34374, 12.83%
2026-07-21 23:53:57,557 2971671 road_revised.py Completed 4420 of 34374, 12.86%
2026-07-21 23:53:58,100 2971671 road_revised.py Completed 4430 of 34374, 12.89%
2026-07-21 23:53:58,679 2971671 road_revised.py Completed 4440 of 34374, 12.92%
2026-07-21 23:53:59,172 2971671 road_revised.py Completed 4450 of 34374, 12.95%
2026-07-21 23:53:59,822 2971671 road_revised.py Completed 4460 of 34374, 12.97%
2026-07-21 23:54:00,335 2971671 road_revised.py Completed 4470 of 34374, 13.00%
2026-07-21 23:54:00,907 2971671 road_revised.py Completed 4480 of 34374, 13.03%
2026-07-21 23:54:01,394 2971671 road_revised.py Completed 4490 of 34374, 13.06%
2026-07-21 23:54:01,853 2971671 road_revised.py Completed 4500 of 34374, 13.09%
2026-07-21 23:54:01,853 2971671 road_revised.py RSS checkpoint [iter1_lcp_progress_4500_of_34374]: 7.77 GB
2026-07-21 23:54:02,388 2971671 road_revised.py Completed 4510 of 34374, 13.12%
2026-07-21 23:54:02,877 2971671 road_revised.py Completed 4520 of 34374, 13.15%
2026-07-21 23:54:06,190 2971671 road_revised.py Completed 4530 of 34374, 13.18%
2026-07-21 23:54:06,197 2971671 road_revised.py Completed 4540 of 34374, 13.21%
2026-07-21 23:54:06,209 2971671 road_revised.py Completed 4550 of 34374, 13.24%
2026-07-21 23:54:06,251 2971671 road_revised.py Completed 4560 of 34374, 13.27%
2026-07-21 23:54:06,506 2971671 road_revised.py Completed 4570 of 34374, 13.29%
2026-07-21 23:54:07,134 2971671 road_revised.py Completed 4580 of 34374, 13.32%
2026-07-21 23:54:07,684 2971671 road_revised.py Completed 4590 of 34374, 13.35%
2026-07-21 23:54:08,195 2971671 road_revised.py Completed 4600 of 34374, 13.38%
2026-07-21 23:54:08,195 2971671 road_revised.py RSS checkpoint [iter1_lcp_progress_4600_of_34374]: 7.53 GB
2026-07-21 23:54:08,706 2971671 road_revised.py Completed 4610 of 34374, 13.41%
2026-07-21 23:54:09,200 2971671 road_revised.py Completed 4620 of 34374, 13.44%
2026-07-21 23:54:09,838 2971671 road_revised.py Completed 4630 of 34374, 13.47%
2026-07-21 23:54:10,353 2971671 road_revised.py Completed 4640 of 34374, 13.50%
2026-07-21 23:54:10,801 2971671 road_revised.py Completed 4650 of 34374, 13.53%
2026-07-21 23:54:11,289 2971671 road_revised.py Completed 4660 of 34374, 13.56%
2026-07-21 23:54:11,787 2971671 road_revised.py Completed 4670 of 34374, 13.59%
2026-07-21 23:54:12,292 2971671 road_revised.py Completed 4680 of 34374, 13.61%
2026-07-21 23:54:12,804 2971671 road_revised.py Completed 4690 of 34374, 13.64%
2026-07-21 23:54:17,284 2971671 road_revised.py Completed 4700 of 34374, 13.67%
2026-07-21 23:54:17,292 2971671 road_revised.py RSS checkpoint [iter1_lcp_progress_4700_of_34374]: 8.24 GB
2026-07-21 23:54:17,293 2971671 road_revised.py Completed 4710 of 34374, 13.70%
2026-07-21 23:54:17,297 2971671 road_revised.py Completed 4720 of 34374, 13.73%
2026-07-21 23:54:17,309 2971671 road_revised.py Completed 4730 of 34374, 13.76%
2026-07-21 23:54:17,400 2971671 road_revised.py Completed 4740 of 34374, 13.79%
2026-07-21 23:54:17,867 2971671 road_revised.py Completed 4750 of 34374, 13.82%
2026-07-21 23:54:18,417 2971671 road_revised.py Completed 4760 of 34374, 13.85%
2026-07-21 23:54:18,858 2971671 road_revised.py Completed 4770 of 34374, 13.88%
2026-07-21 23:54:19,383 2971671 road_revised.py Completed 4780 of 34374, 13.91%
2026-07-21 23:54:19,983 2971671 road_revised.py Completed 4790 of 34374, 13.93%
2026-07-21 23:54:20,408 2971671 road_revised.py Completed 4800 of 34374, 13.96%
2026-07-21 23:54:20,408 2971671 road_revised.py RSS checkpoint [iter1_lcp_progress_4800_of_34374]: 8.07 GB
2026-07-21 23:54:20,931 2971671 road_revised.py Completed 4810 of 34374, 13.99%
2026-07-21 23:54:21,423 2971671 road_revised.py Completed 4820 of 34374, 14.02%
2026-07-21 23:54:21,989 2971671 road_revised.py Completed 4830 of 34374, 14.05%
2026-07-21 23:54:22,573 2971671 road_revised.py Completed 4840 of 34374, 14.08%
2026-07-21 23:54:23,098 2971671 road_revised.py Completed 4850 of 34374, 14.11%
2026-07-21 23:54:26,712 2971671 road_revised.py Completed 4860 of 34374, 14.14%
2026-07-21 23:54:26,715 2971671 road_revised.py Completed 4870 of 34374, 14.17%
2026-07-21 23:54:26,716 2971671 road_revised.py Completed 4880 of 34374, 14.20%
2026-07-21 23:54:26,736 2971671 road_revised.py Completed 4890 of 34374, 14.23%
2026-07-21 23:54:26,804 2971671 road_revised.py Completed 4900 of 34374, 14.25%
2026-07-21 23:54:26,804 2971671 road_revised.py RSS checkpoint [iter1_lcp_progress_4900_of_34374]: 7.87 GB
2026-07-21 23:54:27,370 2971671 road_revised.py Completed 4910 of 34374, 14.28%
2026-07-21 23:54:27,793 2971671 road_revised.py Completed 4920 of 34374, 14.31%
2026-07-21 23:54:27,971 2971671 road_revised.py Completed 4930 of 34374, 14.34%
2026-07-21 23:54:28,617 2971671 road_revised.py Completed 4940 of 34374, 14.37%
2026-07-21 23:54:29,108 2971671 road_revised.py Completed 4950 of 34374, 14.40%
2026-07-21 23:54:29,704 2971671 road_revised.py Completed 4960 of 34374, 14.43%
2026-07-21 23:54:30,300 2971671 road_revised.py Completed 4970 of 34374, 14.46%
2026-07-21 23:54:30,886 2971671 road_revised.py Completed 4980 of 34374, 14.49%
2026-07-21 23:54:31,451 2971671 road_revised.py Completed 4990 of 34374, 14.52%
2026-07-21 23:54:31,945 2971671 road_revised.py Completed 5000 of 34374, 14.55%
2026-07-21 23:54:31,945 2971671 road_revised.py RSS checkpoint [iter1_lcp_progress_5000_of_34374]: 7.74 GB
2026-07-21 23:54:32,561 2971671 road_revised.py Completed 5010 of 34374, 14.57%
2026-07-21 23:54:33,128 2971671 road_revised.py Completed 5020 of 34374, 14.60%
2026-07-21 23:54:33,700 2971671 road_revised.py Completed 5030 of 34374, 14.63%
2026-07-21 23:54:38,649 2971671 road_revised.py Completed 5040 of 34374, 14.66%
2026-07-21 23:54:38,666 2971671 road_revised.py Completed 5050 of 34374, 14.69%
2026-07-21 23:54:38,718 2971671 road_revised.py Completed 5060 of 34374, 14.72%
2026-07-21 23:54:38,719 2971671 road_revised.py Completed 5070 of 34374, 14.75%
2026-07-21 23:54:38,736 2971671 road_revised.py Completed 5080 of 34374, 14.78%
2026-07-21 23:54:39,557 2971671 road_revised.py Completed 5090 of 34374, 14.81%
2026-07-21 23:54:40,157 2971671 road_revised.py Completed 5100 of 34374, 14.84%
2026-07-21 23:54:40,158 2971671 road_revised.py RSS checkpoint [iter1_lcp_progress_5100_of_34374]: 8.41 GB
2026-07-21 23:54:40,804 2971671 road_revised.py Completed 5110 of 34374, 14.87%
2026-07-21 23:54:41,306 2971671 road_revised.py Completed 5120 of 34374, 14.89%
2026-07-21 23:54:41,963 2971671 road_revised.py Completed 5130 of 34374, 14.92%
2026-07-21 23:54:42,496 2971671 road_revised.py Completed 5140 of 34374, 14.95%
2026-07-21 23:54:43,044 2971671 road_revised.py Completed 5150 of 34374, 14.98%
2026-07-21 23:54:43,697 2971671 road_revised.py Completed 5160 of 34374, 15.01%
2026-07-21 23:54:44,226 2971671 road_revised.py Completed 5170 of 34374, 15.04%
2026-07-21 23:54:44,667 2971671 road_revised.py Completed 5180 of 34374, 15.07%
2026-07-21 23:54:44,778 2971671 road_revised.py Completed 5190 of 34374, 15.10%
2026-07-21 23:54:45,382 2971671 road_revised.py Completed 5200 of 34374, 15.13%
2026-07-21 23:54:45,382 2971671 road_revised.py RSS checkpoint [iter1_lcp_progress_5200_of_34374]: 8.58 GB
2026-07-21 23:54:45,901 2971671 road_revised.py Completed 5210 of 34374, 15.16%
2026-07-21 23:54:49,520 2971671 road_revised.py Completed 5220 of 34374, 15.19%
2026-07-21 23:54:49,534 2971671 road_revised.py Completed 5230 of 34374, 15.21%
2026-07-21 23:54:49,589 2971671 road_revised.py Completed 5240 of 34374, 15.24%
2026-07-21 23:54:49,590 2971671 road_revised.py Completed 5250 of 34374, 15.27%
2026-07-21 23:54:49,976 2971671 road_revised.py Completed 5260 of 34374, 15.30%
2026-07-21 23:54:50,580 2971671 road_revised.py Completed 5270 of 34374, 15.33%
2026-07-21 23:54:51,179 2971671 road_revised.py Completed 5280 of 34374, 15.36%
2026-07-21 23:54:51,651 2971671 road_revised.py Completed 5290 of 34374, 15.39%
2026-07-21 23:54:52,319 2971671 road_revised.py Completed 5300 of 34374, 15.42%
2026-07-21 23:54:52,319 2971671 road_revised.py RSS checkpoint [iter1_lcp_progress_5300_of_34374]: 8.20 GB
2026-07-21 23:54:52,853 2971671 road_revised.py Completed 5310 of 34374, 15.45%
2026-07-21 23:54:53,360 2971671 road_revised.py Completed 5320 of 34374, 15.48%
2026-07-21 23:54:53,899 2971671 road_revised.py Completed 5330 of 34374, 15.51%
2026-07-21 23:54:54,462 2971671 road_revised.py Completed 5340 of 34374, 15.53%
2026-07-21 23:54:55,113 2971671 road_revised.py Completed 5350 of 34374, 15.56%
2026-07-21 23:54:55,649 2971671 road_revised.py Completed 5360 of 34374, 15.59%
2026-07-21 23:54:56,193 2971671 road_revised.py Completed 5370 of 34374, 15.62%
2026-07-21 23:54:56,772 2971671 road_revised.py Completed 5380 of 34374, 15.65%
2026-07-21 23:55:01,549 2971671 road_revised.py Completed 5390 of 34374, 15.68%
2026-07-21 23:55:01,993 2971671 road_revised.py Completed 5400 of 34374, 15.71%
2026-07-21 23:55:01,993 2971671 road_revised.py RSS checkpoint [iter1_lcp_progress_5400_of_34374]: 8.30 GB
2026-07-21 23:55:01,994 2971671 road_revised.py Completed 5410 of 34374, 15.74%
2026-07-21 23:55:01,995 2971671 road_revised.py Completed 5420 of 34374, 15.77%
2026-07-21 23:55:01,997 2971671 road_revised.py Completed 5430 of 34374, 15.80%
2026-07-21 23:55:02,023 2971671 road_revised.py Completed 5440 of 34374, 15.83%
2026-07-21 23:55:02,592 2971671 road_revised.py Completed 5450 of 34374, 15.86%
2026-07-21 23:55:03,169 2971671 road_revised.py Completed 5460 of 34374, 15.88%
2026-07-21 23:55:03,649 2971671 road_revised.py Completed 5470 of 34374, 15.91%
2026-07-21 23:55:04,264 2971671 road_revised.py Completed 5480 of 34374, 15.94%
2026-07-21 23:55:04,719 2971671 road_revised.py Completed 5490 of 34374, 15.97%
2026-07-21 23:55:05,294 2971671 road_revised.py Completed 5500 of 34374, 16.00%
2026-07-21 23:55:05,294 2971671 road_revised.py RSS checkpoint [iter1_lcp_progress_5500_of_34374]: 8.49 GB
2026-07-21 23:55:05,852 2971671 road_revised.py Completed 5510 of 34374, 16.03%
2026-07-21 23:55:06,375 2971671 road_revised.py Completed 5520 of 34374, 16.06%
2026-07-21 23:55:06,890 2971671 road_revised.py Completed 5530 of 34374, 16.09%
2026-07-21 23:55:07,425 2971671 road_revised.py Completed 5540 of 34374, 16.12%
2026-07-21 23:55:10,811 2971671 road_revised.py Completed 5550 of 34374, 16.15%
2026-07-21 23:55:10,831 2971671 road_revised.py Completed 5560 of 34374, 16.18%
2026-07-21 23:55:10,874 2971671 road_revised.py Completed 5570 of 34374, 16.20%
2026-07-21 23:55:10,883 2971671 road_revised.py Completed 5580 of 34374, 16.23%
2026-07-21 23:55:10,918 2971671 road_revised.py Completed 5590 of 34374, 16.26%
2026-07-21 23:55:11,497 2971671 road_revised.py Completed 5600 of 34374, 16.29%
2026-07-21 23:55:11,497 2971671 road_revised.py RSS checkpoint [iter1_lcp_progress_5600_of_34374]: 7.97 GB
2026-07-21 23:55:12,129 2971671 road_revised.py Completed 5610 of 34374, 16.32%
2026-07-21 23:55:12,671 2971671 road_revised.py Completed 5620 of 34374, 16.35%
2026-07-21 23:55:13,217 2971671 road_revised.py Completed 5630 of 34374, 16.38%
2026-07-21 23:55:13,719 2971671 road_revised.py Completed 5640 of 34374, 16.41%
2026-07-21 23:55:14,315 2971671 road_revised.py Completed 5650 of 34374, 16.44%
2026-07-21 23:55:14,851 2971671 road_revised.py Completed 5660 of 34374, 16.47%
2026-07-21 23:55:15,364 2971671 road_revised.py Completed 5670 of 34374, 16.50%
2026-07-21 23:55:15,844 2971671 road_revised.py Completed 5680 of 34374, 16.52%
2026-07-21 23:55:16,325 2971671 road_revised.py Completed 5690 of 34374, 16.55%
2026-07-21 23:55:16,905 2971671 road_revised.py Completed 5700 of 34374, 16.58%
2026-07-21 23:55:16,906 2971671 road_revised.py RSS checkpoint [iter1_lcp_progress_5700_of_34374]: 8.15 GB
2026-07-21 23:55:17,397 2971671 road_revised.py Completed 5710 of 34374, 16.61%
2026-07-21 23:55:21,346 2971671 road_revised.py Completed 5720 of 34374, 16.64%
2026-07-21 23:55:21,381 2971671 road_revised.py Completed 5730 of 34374, 16.67%
2026-07-21 23:55:21,797 2971671 road_revised.py Completed 5740 of 34374, 16.70%
2026-07-21 23:55:21,798 2971671 road_revised.py Completed 5750 of 34374, 16.73%
2026-07-21 23:55:21,800 2971671 road_revised.py Completed 5760 of 34374, 16.76%
2026-07-21 23:55:21,844 2971671 road_revised.py Completed 5770 of 34374, 16.79%
2026-07-21 23:55:22,400 2971671 road_revised.py Completed 5780 of 34374, 16.82%
2026-07-21 23:55:23,078 2971671 road_revised.py Completed 5790 of 34374, 16.84%
2026-07-21 23:55:23,477 2971671 road_revised.py Completed 5800 of 34374, 16.87%
2026-07-21 23:55:23,477 2971671 road_revised.py RSS checkpoint [iter1_lcp_progress_5800_of_34374]: 8.52 GB
2026-07-21 23:55:24,043 2971671 road_revised.py Completed 5810 of 34374, 16.90%
2026-07-21 23:55:24,595 2971671 road_revised.py Completed 5820 of 34374, 16.93%
2026-07-21 23:55:25,112 2971671 road_revised.py Completed 5830 of 34374, 16.96%
2026-07-21 23:55:25,647 2971671 road_revised.py Completed 5840 of 34374, 16.99%
2026-07-21 23:55:26,247 2971671 road_revised.py Completed 5850 of 34374, 17.02%
2026-07-21 23:55:26,832 2971671 road_revised.py Completed 5860 of 34374, 17.05%
2026-07-21 23:55:27,408 2971671 road_revised.py Completed 5870 of 34374, 17.08%
2026-07-21 23:55:27,948 2971671 road_revised.py Completed 5880 of 34374, 17.11%
2026-07-21 23:55:30,518 2971671 road_revised.py Completed 5890 of 34374, 17.14%
2026-07-21 23:55:30,521 2971671 road_revised.py Completed 5900 of 34374, 17.16%
2026-07-21 23:55:30,521 2971671 road_revised.py RSS checkpoint [iter1_lcp_progress_5900_of_34374]: 8.51 GB
2026-07-21 23:55:30,552 2971671 road_revised.py Completed 5910 of 34374, 17.19%
2026-07-21 23:55:30,833 2971671 road_revised.py Completed 5920 of 34374, 17.22%
2026-07-21 23:55:31,383 2971671 road_revised.py Completed 5930 of 34374, 17.25%
2026-07-21 23:55:31,904 2971671 road_revised.py Completed 5940 of 34374, 17.28%
2026-07-21 23:55:32,459 2971671 road_revised.py Completed 5950 of 34374, 17.31%
2026-07-21 23:55:33,032 2971671 road_revised.py Completed 5960 of 34374, 17.34%
2026-07-21 23:55:33,548 2971671 road_revised.py Completed 5970 of 34374, 17.37%
2026-07-21 23:55:34,132 2971671 road_revised.py Completed 5980 of 34374, 17.40%
2026-07-21 23:55:34,629 2971671 road_revised.py Completed 5990 of 34374, 17.43%
2026-07-21 23:55:35,127 2971671 road_revised.py Completed 6000 of 34374, 17.46%
2026-07-21 23:55:35,127 2971671 road_revised.py RSS checkpoint [iter1_lcp_progress_6000_of_34374]: 8.41 GB
2026-07-21 23:55:35,719 2971671 road_revised.py Completed 6010 of 34374, 17.48%
2026-07-21 23:55:36,243 2971671 road_revised.py Completed 6020 of 34374, 17.51%
2026-07-21 23:55:36,800 2971671 road_revised.py Completed 6030 of 34374, 17.54%
2026-07-21 23:55:37,303 2971671 road_revised.py Completed 6040 of 34374, 17.57%
2026-07-21 23:55:37,831 2971671 road_revised.py Completed 6050 of 34374, 17.60%
2026-07-21 23:55:41,461 2971671 road_revised.py Completed 6060 of 34374, 17.63%
2026-07-21 23:55:41,853 2971671 road_revised.py Completed 6070 of 34374, 17.66%
2026-07-21 23:55:41,854 2971671 road_revised.py Completed 6080 of 34374, 17.69%
2026-07-21 23:55:41,857 2971671 road_revised.py Completed 6090 of 34374, 17.72%
2026-07-21 23:55:41,869 2971671 road_revised.py Completed 6100 of 34374, 17.75%
2026-07-21 23:55:41,872 2971671 road_revised.py RSS checkpoint [iter1_lcp_progress_6100_of_34374]: 8.35 GB
2026-07-21 23:55:42,323 2971671 road_revised.py Completed 6110 of 34374, 17.78%
2026-07-21 23:55:42,966 2971671 road_revised.py Completed 6120 of 34374, 17.80%
2026-07-21 23:55:43,466 2971671 road_revised.py Completed 6130 of 34374, 17.83%
2026-07-21 23:55:43,984 2971671 road_revised.py Completed 6140 of 34374, 17.86%
2026-07-21 23:55:44,500 2971671 road_revised.py Completed 6150 of 34374, 17.89%
2026-07-21 23:55:44,964 2971671 road_revised.py Completed 6160 of 34374, 17.92%
2026-07-21 23:55:45,633 2971671 road_revised.py Completed 6170 of 34374, 17.95%
2026-07-21 23:55:46,136 2971671 road_revised.py Completed 6180 of 34374, 17.98%
2026-07-21 23:55:46,593 2971671 road_revised.py Completed 6190 of 34374, 18.01%
2026-07-21 23:55:47,164 2971671 road_revised.py Completed 6200 of 34374, 18.04%
2026-07-21 23:55:47,164 2971671 road_revised.py RSS checkpoint [iter1_lcp_progress_6200_of_34374]: 8.57 GB
2026-07-21 23:55:47,706 2971671 road_revised.py Completed 6210 of 34374, 18.07%
2026-07-21 23:55:51,303 2971671 road_revised.py Completed 6220 of 34374, 18.10%
2026-07-21 23:55:51,307 2971671 road_revised.py Completed 6230 of 34374, 18.12%
2026-07-21 23:55:51,332 2971671 road_revised.py Completed 6240 of 34374, 18.15%
2026-07-21 23:55:51,338 2971671 road_revised.py Completed 6250 of 34374, 18.18%
2026-07-21 23:55:51,338 2971671 road_revised.py Completed 6260 of 34374, 18.21%
2026-07-21 23:55:51,579 2971671 road_revised.py Completed 6270 of 34374, 18.24%
2026-07-21 23:55:52,202 2971671 road_revised.py Completed 6280 of 34374, 18.27%
2026-07-21 23:55:52,644 2971671 road_revised.py Completed 6290 of 34374, 18.30%
2026-07-21 23:55:53,119 2971671 road_revised.py Completed 6300 of 34374, 18.33%
2026-07-21 23:55:53,119 2971671 road_revised.py RSS checkpoint [iter1_lcp_progress_6300_of_34374]: 8.47 GB
2026-07-21 23:55:53,783 2971671 road_revised.py Completed 6310 of 34374, 18.36%
2026-07-21 23:55:54,267 2971671 road_revised.py Completed 6320 of 34374, 18.39%
2026-07-21 23:55:54,782 2971671 road_revised.py Completed 6330 of 34374, 18.42%
2026-07-21 23:55:55,293 2971671 road_revised.py Completed 6340 of 34374, 18.44%
2026-07-21 23:55:55,780 2971671 road_revised.py Completed 6350 of 34374, 18.47%
2026-07-21 23:55:56,317 2971671 road_revised.py Completed 6360 of 34374, 18.50%
2026-07-21 23:55:56,748 2971671 road_revised.py Completed 6370 of 34374, 18.53%
2026-07-21 23:55:57,310 2971671 road_revised.py Completed 6380 of 34374, 18.56%
2026-07-21 23:56:01,379 2971671 road_revised.py Completed 6390 of 34374, 18.59%
2026-07-21 23:56:01,385 2971671 road_revised.py Completed 6400 of 34374, 18.62%
2026-07-21 23:56:01,417 2971671 road_revised.py RSS checkpoint [iter1_lcp_progress_6400_of_34374]: 8.87 GB
2026-07-21 23:56:01,418 2971671 road_revised.py Completed 6410 of 34374, 18.65%
2026-07-21 23:56:01,424 2971671 road_revised.py Completed 6420 of 34374, 18.68%
2026-07-21 23:56:01,425 2971671 road_revised.py Completed 6430 of 34374, 18.71%
2026-07-21 23:56:01,961 2971671 road_revised.py Completed 6440 of 34374, 18.74%
2026-07-21 23:56:02,494 2971671 road_revised.py Completed 6450 of 34374, 18.76%
2026-07-21 23:56:03,010 2971671 road_revised.py Completed 6460 of 34374, 18.79%
2026-07-21 23:56:03,498 2971671 road_revised.py Completed 6470 of 34374, 18.82%
2026-07-21 23:56:03,967 2971671 road_revised.py Completed 6480 of 34374, 18.85%
2026-07-21 23:56:04,464 2971671 road_revised.py Completed 6490 of 34374, 18.88%
2026-07-21 23:56:04,961 2971671 road_revised.py Completed 6500 of 34374, 18.91%
2026-07-21 23:56:04,961 2971671 road_revised.py RSS checkpoint [iter1_lcp_progress_6500_of_34374]: 8.79 GB
2026-07-21 23:56:05,446 2971671 road_revised.py Completed 6510 of 34374, 18.94%
2026-07-21 23:56:06,022 2971671 road_revised.py Completed 6520 of 34374, 18.97%
2026-07-21 23:56:06,547 2971671 road_revised.py Completed 6530 of 34374, 19.00%
2026-07-21 23:56:07,069 2971671 road_revised.py Completed 6540 of 34374, 19.03%
2026-07-21 23:56:07,556 2971671 road_revised.py Completed 6550 of 34374, 19.06%
2026-07-21 23:56:10,775 2971671 road_revised.py Completed 6560 of 34374, 19.08%
2026-07-21 23:56:10,811 2971671 road_revised.py Completed 6570 of 34374, 19.11%
2026-07-21 23:56:10,815 2971671 road_revised.py Completed 6580 of 34374, 19.14%
2026-07-21 23:56:10,827 2971671 road_revised.py Completed 6590 of 34374, 19.17%
2026-07-21 23:56:10,836 2971671 road_revised.py Completed 6600 of 34374, 19.20%
2026-07-21 23:56:10,836 2971671 road_revised.py RSS checkpoint [iter1_lcp_progress_6600_of_34374]: 8.72 GB
2026-07-21 23:56:11,273 2971671 road_revised.py Completed 6610 of 34374, 19.23%
2026-07-21 23:56:11,784 2971671 road_revised.py Completed 6620 of 34374, 19.26%
2026-07-21 23:56:12,357 2971671 road_revised.py Completed 6630 of 34374, 19.29%
2026-07-21 23:56:12,862 2971671 road_revised.py Completed 6640 of 34374, 19.32%
2026-07-21 23:56:13,365 2971671 road_revised.py Completed 6650 of 34374, 19.35%
2026-07-21 23:56:13,897 2971671 road_revised.py Completed 6660 of 34374, 19.38%
2026-07-21 23:56:14,397 2971671 road_revised.py Completed 6670 of 34374, 19.40%
2026-07-21 23:56:14,933 2971671 road_revised.py Completed 6680 of 34374, 19.43%
2026-07-21 23:56:15,422 2971671 road_revised.py Completed 6690 of 34374, 19.46%
2026-07-21 23:56:15,987 2971671 road_revised.py Completed 6700 of 34374, 19.49%
2026-07-21 23:56:15,987 2971671 road_revised.py RSS checkpoint [iter1_lcp_progress_6700_of_34374]: 8.65 GB
2026-07-21 23:56:16,401 2971671 road_revised.py Completed 6710 of 34374, 19.52%
2026-07-21 23:56:16,863 2971671 road_revised.py Completed 6720 of 34374, 19.55%
2026-07-21 23:56:20,630 2971671 road_revised.py Completed 6730 of 34374, 19.58%
2026-07-21 23:56:20,667 2971671 road_revised.py Completed 6740 of 34374, 19.61%
2026-07-21 23:56:20,668 2971671 road_revised.py Completed 6750 of 34374, 19.64%
2026-07-21 23:56:20,680 2971671 road_revised.py Completed 6760 of 34374, 19.67%
2026-07-21 23:56:21,070 2971671 road_revised.py Completed 6770 of 34374, 19.70%
2026-07-21 23:56:21,397 2971671 road_revised.py Completed 6780 of 34374, 19.72%
2026-07-21 23:56:21,914 2971671 road_revised.py Completed 6790 of 34374, 19.75%
2026-07-21 23:56:22,446 2971671 road_revised.py Completed 6800 of 34374, 19.78%
2026-07-21 23:56:22,446 2971671 road_revised.py RSS checkpoint [iter1_lcp_progress_6800_of_34374]: 8.91 GB
2026-07-21 23:56:22,942 2971671 road_revised.py Completed 6810 of 34374, 19.81%
2026-07-21 23:56:23,458 2971671 road_revised.py Completed 6820 of 34374, 19.84%
2026-07-21 23:56:23,928 2971671 road_revised.py Completed 6830 of 34374, 19.87%
2026-07-21 23:56:24,454 2971671 road_revised.py Completed 6840 of 34374, 19.90%
2026-07-21 23:56:24,900 2971671 road_revised.py Completed 6850 of 34374, 19.93%
2026-07-21 23:56:25,357 2971671 road_revised.py Completed 6860 of 34374, 19.96%
2026-07-21 23:56:25,828 2971671 road_revised.py Completed 6870 of 34374, 19.99%
2026-07-21 23:56:26,359 2971671 road_revised.py Completed 6880 of 34374, 20.02%
2026-07-21 23:56:29,791 2971671 road_revised.py Completed 6890 of 34374, 20.04%
2026-07-21 23:56:29,798 2971671 road_revised.py Completed 6900 of 34374, 20.07%
2026-07-21 23:56:29,798 2971671 road_revised.py RSS checkpoint [iter1_lcp_progress_6900_of_34374]: 9.16 GB
2026-07-21 23:56:29,861 2971671 road_revised.py Completed 6910 of 34374, 20.10%
2026-07-21 23:56:29,862 2971671 road_revised.py Completed 6920 of 34374, 20.13%
2026-07-21 23:56:30,085 2971671 road_revised.py Completed 6930 of 34374, 20.16%
2026-07-21 23:56:30,695 2971671 road_revised.py Completed 6940 of 34374, 20.19%
2026-07-21 23:56:31,194 2971671 road_revised.py Completed 6950 of 34374, 20.22%
2026-07-21 23:56:31,708 2971671 road_revised.py Completed 6960 of 34374, 20.25%
2026-07-21 23:56:32,259 2971671 road_revised.py Completed 6970 of 34374, 20.28%
2026-07-21 23:56:32,766 2971671 road_revised.py Completed 6980 of 34374, 20.31%
2026-07-21 23:56:33,271 2971671 road_revised.py Completed 6990 of 34374, 20.34%
2026-07-21 23:56:33,781 2971671 road_revised.py Completed 7000 of 34374, 20.36%
2026-07-21 23:56:33,781 2971671 road_revised.py RSS checkpoint [iter1_lcp_progress_7000_of_34374]: 9.03 GB
2026-07-21 23:56:34,306 2971671 road_revised.py Completed 7010 of 34374, 20.39%
2026-07-21 23:56:34,791 2971671 road_revised.py Completed 7020 of 34374, 20.42%
2026-07-21 23:56:35,410 2971671 road_revised.py Completed 7030 of 34374, 20.45%
2026-07-21 23:56:35,903 2971671 road_revised.py Completed 7040 of 34374, 20.48%
2026-07-21 23:56:36,405 2971671 road_revised.py Completed 7050 of 34374, 20.51%
2026-07-21 23:56:41,455 2971671 road_revised.py Completed 7060 of 34374, 20.54%
2026-07-21 23:56:41,555 2971671 road_revised.py Completed 7070 of 34374, 20.57%
2026-07-21 23:56:41,556 2971671 road_revised.py Completed 7080 of 34374, 20.60%
2026-07-21 23:56:41,557 2971671 road_revised.py Completed 7090 of 34374, 20.63%
2026-07-21 23:56:42,013 2971671 road_revised.py Completed 7100 of 34374, 20.66%
2026-07-21 23:56:42,021 2971671 road_revised.py RSS checkpoint [iter1_lcp_progress_7100_of_34374]: 9.60 GB
2026-07-21 23:56:42,165 2971671 road_revised.py Completed 7110 of 34374, 20.68%
2026-07-21 23:56:42,681 2971671 road_revised.py Completed 7120 of 34374, 20.71%
2026-07-21 23:56:43,323 2971671 road_revised.py Completed 7130 of 34374, 20.74%
2026-07-21 23:56:43,901 2971671 road_revised.py Completed 7140 of 34374, 20.77%
2026-07-21 23:56:44,489 2971671 road_revised.py Completed 7150 of 34374, 20.80%
2026-07-21 23:56:45,059 2971671 road_revised.py Completed 7160 of 34374, 20.83%
2026-07-21 23:56:45,607 2971671 road_revised.py Completed 7170 of 34374, 20.86%
2026-07-21 23:56:46,229 2971671 road_revised.py Completed 7180 of 34374, 20.89%
2026-07-21 23:56:46,775 2971671 road_revised.py Completed 7190 of 34374, 20.92%
2026-07-21 23:56:47,338 2971671 road_revised.py Completed 7200 of 34374, 20.95%
2026-07-21 23:56:47,338 2971671 road_revised.py RSS checkpoint [iter1_lcp_progress_7200_of_34374]: 9.85 GB
2026-07-21 23:56:47,873 2971671 road_revised.py Completed 7210 of 34374, 20.98%
2026-07-21 23:56:48,468 2971671 road_revised.py Completed 7220 of 34374, 21.00%
2026-07-21 23:56:52,361 2971671 road_revised.py Completed 7230 of 34374, 21.03%
2026-07-21 23:56:52,375 2971671 road_revised.py Completed 7240 of 34374, 21.06%
2026-07-21 23:56:52,429 2971671 road_revised.py Completed 7250 of 34374, 21.09%
2026-07-21 23:56:52,511 2971671 road_revised.py Completed 7260 of 34374, 21.12%
2026-07-21 23:56:52,564 2971671 road_revised.py Completed 7270 of 34374, 21.15%
2026-07-21 23:56:53,121 2971671 road_revised.py Completed 7280 of 34374, 21.18%
2026-07-21 23:56:53,777 2971671 road_revised.py Completed 7290 of 34374, 21.21%
2026-07-21 23:56:54,277 2971671 road_revised.py Completed 7300 of 34374, 21.24%
2026-07-21 23:56:54,277 2971671 road_revised.py RSS checkpoint [iter1_lcp_progress_7300_of_34374]: 9.19 GB
2026-07-21 23:56:54,858 2971671 road_revised.py Completed 7310 of 34374, 21.27%
2026-07-21 23:56:55,406 2971671 road_revised.py Completed 7320 of 34374, 21.30%
2026-07-21 23:56:55,952 2971671 road_revised.py Completed 7330 of 34374, 21.32%
2026-07-21 23:56:56,510 2971671 road_revised.py Completed 7340 of 34374, 21.35%
2026-07-21 23:56:57,081 2971671 road_revised.py Completed 7350 of 34374, 21.38%
2026-07-21 23:56:57,640 2971671 road_revised.py Completed 7360 of 34374, 21.41%
2026-07-21 23:56:58,223 2971671 road_revised.py Completed 7370 of 34374, 21.44%
2026-07-21 23:56:58,718 2971671 road_revised.py Completed 7380 of 34374, 21.47%
2026-07-21 23:56:59,284 2971671 road_revised.py Completed 7390 of 34374, 21.50%
2026-07-21 23:57:03,553 2971671 road_revised.py Completed 7400 of 34374, 21.53%
2026-07-21 23:57:03,560 2971671 road_revised.py RSS checkpoint [iter1_lcp_progress_7400_of_34374]: 9.94 GB
2026-07-21 23:57:03,572 2971671 road_revised.py Completed 7410 of 34374, 21.56%
2026-07-21 23:57:04,107 2971671 road_revised.py Completed 7420 of 34374, 21.59%
2026-07-21 23:57:04,108 2971671 road_revised.py Completed 7430 of 34374, 21.62%
2026-07-21 23:57:04,109 2971671 road_revised.py Completed 7440 of 34374, 21.64%
2026-07-21 23:57:04,110 2971671 road_revised.py Completed 7450 of 34374, 21.67%
2026-07-21 23:57:04,596 2971671 road_revised.py Completed 7460 of 34374, 21.70%
2026-07-21 23:57:05,070 2971671 road_revised.py Completed 7470 of 34374, 21.73%
2026-07-21 23:57:05,593 2971671 road_revised.py Completed 7480 of 34374, 21.76%
2026-07-21 23:57:06,141 2971671 road_revised.py Completed 7490 of 34374, 21.79%
2026-07-21 23:57:06,704 2971671 road_revised.py Completed 7500 of 34374, 21.82%
2026-07-21 23:57:06,704 2971671 road_revised.py RSS checkpoint [iter1_lcp_progress_7500_of_34374]: 9.78 GB
2026-07-21 23:57:07,298 2971671 road_revised.py Completed 7510 of 34374, 21.85%
2026-07-21 23:57:07,779 2971671 road_revised.py Completed 7520 of 34374, 21.88%
2026-07-21 23:57:08,436 2971671 road_revised.py Completed 7530 of 34374, 21.91%
2026-07-21 23:57:08,885 2971671 road_revised.py Completed 7540 of 34374, 21.94%
2026-07-21 23:57:09,427 2971671 road_revised.py Completed 7550 of 34374, 21.96%
2026-07-21 23:57:09,956 2971671 road_revised.py Completed 7560 of 34374, 21.99%
2026-07-21 23:57:12,702 2971671 road_revised.py Completed 7570 of 34374, 22.02%
2026-07-21 23:57:12,703 2971671 road_revised.py Completed 7580 of 34374, 22.05%
2026-07-21 23:57:12,745 2971671 road_revised.py Completed 7590 of 34374, 22.08%
2026-07-21 23:57:12,965 2971671 road_revised.py Completed 7600 of 34374, 22.11%
2026-07-21 23:57:12,965 2971671 road_revised.py RSS checkpoint [iter1_lcp_progress_7600_of_34374]: 9.34 GB
2026-07-21 23:57:13,545 2971671 road_revised.py Completed 7610 of 34374, 22.14%
2026-07-21 23:57:14,160 2971671 road_revised.py Completed 7620 of 34374, 22.17%
2026-07-21 23:57:14,674 2971671 road_revised.py Completed 7630 of 34374, 22.20%
2026-07-21 23:57:15,185 2971671 road_revised.py Completed 7640 of 34374, 22.23%
2026-07-21 23:57:15,806 2971671 road_revised.py Completed 7650 of 34374, 22.26%
2026-07-21 23:57:16,423 2971671 road_revised.py Completed 7660 of 34374, 22.28%
2026-07-21 23:57:16,903 2971671 road_revised.py Completed 7670 of 34374, 22.31%
2026-07-21 23:57:17,477 2971671 road_revised.py Completed 7680 of 34374, 22.34%
2026-07-21 23:57:17,958 2971671 road_revised.py Completed 7690 of 34374, 22.37%
2026-07-21 23:57:18,463 2971671 road_revised.py Completed 7700 of 34374, 22.40%
2026-07-21 23:57:18,464 2971671 road_revised.py RSS checkpoint [iter1_lcp_progress_7700_of_34374]: 9.56 GB
2026-07-21 23:57:18,945 2971671 road_revised.py Completed 7710 of 34374, 22.43%
2026-07-21 23:57:19,468 2971671 road_revised.py Completed 7720 of 34374, 22.46%
2026-07-21 23:57:24,119 2971671 road_revised.py Completed 7730 of 34374, 22.49%
2026-07-21 23:57:24,127 2971671 road_revised.py Completed 7740 of 34374, 22.52%
2026-07-21 23:57:24,584 2971671 road_revised.py Completed 7750 of 34374, 22.55%
2026-07-21 23:57:24,586 2971671 road_revised.py Completed 7760 of 34374, 22.58%
2026-07-21 23:57:24,592 2971671 road_revised.py Completed 7770 of 34374, 22.60%
2026-07-21 23:57:24,596 2971671 road_revised.py Completed 7780 of 34374, 22.63%
2026-07-21 23:57:25,014 2971671 road_revised.py Completed 7790 of 34374, 22.66%
2026-07-21 23:57:25,558 2971671 road_revised.py Completed 7800 of 34374, 22.69%
2026-07-21 23:57:25,558 2971671 road_revised.py RSS checkpoint [iter1_lcp_progress_7800_of_34374]: 9.72 GB
2026-07-21 23:57:26,109 2971671 road_revised.py Completed 7810 of 34374, 22.72%
2026-07-21 23:57:26,686 2971671 road_revised.py Completed 7820 of 34374, 22.75%
2026-07-21 23:57:27,207 2971671 road_revised.py Completed 7830 of 34374, 22.78%
2026-07-21 23:57:27,789 2971671 road_revised.py Completed 7840 of 34374, 22.81%
2026-07-21 23:57:28,283 2971671 road_revised.py Completed 7850 of 34374, 22.84%
2026-07-21 23:57:28,861 2971671 road_revised.py Completed 7860 of 34374, 22.87%
2026-07-21 23:57:29,350 2971671 road_revised.py Completed 7870 of 34374, 22.90%
2026-07-21 23:57:29,870 2971671 road_revised.py Completed 7880 of 34374, 22.92%
2026-07-21 23:57:30,432 2971671 road_revised.py Completed 7890 of 34374, 22.95%
2026-07-21 23:57:33,361 2971671 road_revised.py Completed 7900 of 34374, 22.98%
2026-07-21 23:57:33,361 2971671 road_revised.py RSS checkpoint [iter1_lcp_progress_7900_of_34374]: 9.72 GB
2026-07-21 23:57:33,367 2971671 road_revised.py Completed 7910 of 34374, 23.01%
2026-07-21 23:57:33,402 2971671 road_revised.py Completed 7920 of 34374, 23.04%
2026-07-21 23:57:33,415 2971671 road_revised.py Completed 7930 of 34374, 23.07%
2026-07-21 23:57:33,776 2971671 road_revised.py Completed 7940 of 34374, 23.10%
2026-07-21 23:57:34,317 2971671 road_revised.py Completed 7950 of 34374, 23.13%
2026-07-21 23:57:34,973 2971671 road_revised.py Completed 7960 of 34374, 23.16%
2026-07-21 23:57:35,416 2971671 road_revised.py Completed 7970 of 34374, 23.19%
2026-07-21 23:57:35,932 2971671 road_revised.py Completed 7980 of 34374, 23.22%
2026-07-21 23:57:36,433 2971671 road_revised.py Completed 7990 of 34374, 23.24%
2026-07-21 23:57:36,931 2971671 road_revised.py Completed 8000 of 34374, 23.27%
2026-07-21 23:57:36,931 2971671 road_revised.py RSS checkpoint [iter1_lcp_progress_8000_of_34374]: 9.58 GB
2026-07-21 23:57:37,492 2971671 road_revised.py Completed 8010 of 34374, 23.30%
2026-07-21 23:57:38,024 2971671 road_revised.py Completed 8020 of 34374, 23.33%
2026-07-21 23:57:38,497 2971671 road_revised.py Completed 8030 of 34374, 23.36%
2026-07-21 23:57:39,066 2971671 road_revised.py Completed 8040 of 34374, 23.39%
2026-07-21 23:57:39,576 2971671 road_revised.py Completed 8050 of 34374, 23.42%
2026-07-21 23:57:40,110 2971671 road_revised.py Completed 8060 of 34374, 23.45%
2026-07-21 23:57:43,572 2971671 road_revised.py Completed 8070 of 34374, 23.48%
2026-07-21 23:57:43,622 2971671 road_revised.py Completed 8080 of 34374, 23.51%
2026-07-21 23:57:44,000 2971671 road_revised.py Completed 8090 of 34374, 23.54%
2026-07-21 23:57:44,001 2971671 road_revised.py Completed 8100 of 34374, 23.56%
2026-07-21 23:57:44,011 2971671 road_revised.py RSS checkpoint [iter1_lcp_progress_8100_of_34374]: 9.52 GB
2026-07-21 23:57:44,015 2971671 road_revised.py Completed 8110 of 34374, 23.59%
2026-07-21 23:57:44,396 2971671 road_revised.py Completed 8120 of 34374, 23.62%
2026-07-21 23:57:44,989 2971671 road_revised.py Completed 8130 of 34374, 23.65%
2026-07-21 23:57:45,478 2971671 road_revised.py Completed 8140 of 34374, 23.68%
2026-07-21 23:57:46,003 2971671 road_revised.py Completed 8150 of 34374, 23.71%
2026-07-21 23:57:46,563 2971671 road_revised.py Completed 8160 of 34374, 23.74%
2026-07-21 23:57:47,085 2971671 road_revised.py Completed 8170 of 34374, 23.77%
2026-07-21 23:57:47,681 2971671 road_revised.py Completed 8180 of 34374, 23.80%
2026-07-21 23:57:48,103 2971671 road_revised.py Completed 8190 of 34374, 23.83%
2026-07-21 23:57:48,630 2971671 road_revised.py Completed 8200 of 34374, 23.86%
2026-07-21 23:57:48,630 2971671 road_revised.py RSS checkpoint [iter1_lcp_progress_8200_of_34374]: 9.71 GB
2026-07-21 23:57:49,107 2971671 road_revised.py Completed 8210 of 34374, 23.88%
2026-07-21 23:57:49,574 2971671 road_revised.py Completed 8220 of 34374, 23.91%
2026-07-21 23:57:50,076 2971671 road_revised.py Completed 8230 of 34374, 23.94%
2026-07-21 23:57:52,889 2971671 road_revised.py Completed 8240 of 34374, 23.97%
2026-07-21 23:57:52,894 2971671 road_revised.py Completed 8250 of 34374, 24.00%
2026-07-21 23:57:52,895 2971671 road_revised.py Completed 8260 of 34374, 24.03%
2026-07-21 23:57:52,907 2971671 road_revised.py Completed 8270 of 34374, 24.06%
2026-07-21 23:57:53,399 2971671 road_revised.py Completed 8280 of 34374, 24.09%
2026-07-21 23:57:53,904 2971671 road_revised.py Completed 8290 of 34374, 24.12%
2026-07-21 23:57:54,398 2971671 road_revised.py Completed 8300 of 34374, 24.15%
2026-07-21 23:57:54,398 2971671 road_revised.py RSS checkpoint [iter1_lcp_progress_8300_of_34374]: 9.61 GB
2026-07-21 23:57:54,946 2971671 road_revised.py Completed 8310 of 34374, 24.18%
2026-07-21 23:57:55,382 2971671 road_revised.py Completed 8320 of 34374, 24.20%
2026-07-21 23:57:55,894 2971671 road_revised.py Completed 8330 of 34374, 24.23%
2026-07-21 23:57:56,442 2971671 road_revised.py Completed 8340 of 34374, 24.26%
2026-07-21 23:57:56,914 2971671 road_revised.py Completed 8350 of 34374, 24.29%
2026-07-21 23:57:57,450 2971671 road_revised.py Completed 8360 of 34374, 24.32%
2026-07-21 23:57:58,013 2971671 road_revised.py Completed 8370 of 34374, 24.35%
2026-07-21 23:57:58,539 2971671 road_revised.py Completed 8380 of 34374, 24.38%
2026-07-21 23:57:59,050 2971671 road_revised.py Completed 8390 of 34374, 24.41%
2026-07-21 23:58:03,498 2971671 road_revised.py Completed 8400 of 34374, 24.44%
2026-07-21 23:58:03,502 2971671 road_revised.py RSS checkpoint [iter1_lcp_progress_8400_of_34374]: 10.02 GB
2026-07-21 23:58:03,954 2971671 road_revised.py Completed 8410 of 34374, 24.47%
2026-07-21 23:58:03,958 2971671 road_revised.py Completed 8420 of 34374, 24.50%
2026-07-21 23:58:03,959 2971671 road_revised.py Completed 8430 of 34374, 24.52%
2026-07-21 23:58:03,962 2971671 road_revised.py Completed 8440 of 34374, 24.55%
2026-07-21 23:58:03,990 2971671 road_revised.py Completed 8450 of 34374, 24.58%
2026-07-21 23:58:04,506 2971671 road_revised.py Completed 8460 of 34374, 24.61%
2026-07-21 23:58:05,089 2971671 road_revised.py Completed 8470 of 34374, 24.64%
2026-07-21 23:58:05,567 2971671 road_revised.py Completed 8480 of 34374, 24.67%
2026-07-21 23:58:06,087 2971671 road_revised.py Completed 8490 of 34374, 24.70%
2026-07-21 23:58:06,557 2971671 road_revised.py Completed 8500 of 34374, 24.73%
2026-07-21 23:58:06,557 2971671 road_revised.py RSS checkpoint [iter1_lcp_progress_8500_of_34374]: 9.98 GB
2026-07-21 23:58:07,135 2971671 road_revised.py Completed 8510 of 34374, 24.76%
2026-07-21 23:58:07,623 2971671 road_revised.py Completed 8520 of 34374, 24.79%
2026-07-21 23:58:08,127 2971671 road_revised.py Completed 8530 of 34374, 24.82%
2026-07-21 23:58:08,673 2971671 road_revised.py Completed 8540 of 34374, 24.84%
2026-07-21 23:58:09,289 2971671 road_revised.py Completed 8550 of 34374, 24.87%
2026-07-21 23:58:09,786 2971671 road_revised.py Completed 8560 of 34374, 24.90%
2026-07-21 23:58:12,590 2971671 road_revised.py Completed 8570 of 34374, 24.93%
2026-07-21 23:58:12,597 2971671 road_revised.py Completed 8580 of 34374, 24.96%
2026-07-21 23:58:12,598 2971671 road_revised.py Completed 8590 of 34374, 24.99%
2026-07-21 23:58:12,606 2971671 road_revised.py Completed 8600 of 34374, 25.02%
2026-07-21 23:58:12,607 2971671 road_revised.py RSS checkpoint [iter1_lcp_progress_8600_of_34374]: 10.11 GB
2026-07-21 23:58:13,117 2971671 road_revised.py Completed 8610 of 34374, 25.05%
2026-07-21 23:58:13,596 2971671 road_revised.py Completed 8620 of 34374, 25.08%
2026-07-21 23:58:14,078 2971671 road_revised.py Completed 8630 of 34374, 25.11%
2026-07-21 23:58:14,558 2971671 road_revised.py Completed 8640 of 34374, 25.14%
2026-07-21 23:58:15,063 2971671 road_revised.py Completed 8650 of 34374, 25.16%
2026-07-21 23:58:15,566 2971671 road_revised.py Completed 8660 of 34374, 25.19%
2026-07-21 23:58:16,125 2971671 road_revised.py Completed 8670 of 34374, 25.22%
2026-07-21 23:58:16,458 2971671 road_revised.py Completed 8680 of 34374, 25.25%
2026-07-21 23:58:16,695 2971671 road_revised.py Completed 8690 of 34374, 25.28%
2026-07-21 23:58:17,174 2971671 road_revised.py Completed 8700 of 34374, 25.31%
2026-07-21 23:58:17,174 2971671 road_revised.py RSS checkpoint [iter1_lcp_progress_8700_of_34374]: 9.99 GB
2026-07-21 23:58:17,667 2971671 road_revised.py Completed 8710 of 34374, 25.34%
2026-07-21 23:58:18,156 2971671 road_revised.py Completed 8720 of 34374, 25.37%
2026-07-21 23:58:18,741 2971671 road_revised.py Completed 8730 of 34374, 25.40%
2026-07-21 23:58:19,205 2971671 road_revised.py Completed 8740 of 34374, 25.43%
2026-07-21 23:58:23,227 2971671 road_revised.py Completed 8750 of 34374, 25.46%
2026-07-21 23:58:23,234 2971671 road_revised.py Completed 8760 of 34374, 25.48%
2026-07-21 23:58:23,235 2971671 road_revised.py Completed 8770 of 34374, 25.51%
2026-07-21 23:58:23,338 2971671 road_revised.py Completed 8780 of 34374, 25.54%
2026-07-21 23:58:23,825 2971671 road_revised.py Completed 8790 of 34374, 25.57%
2026-07-21 23:58:24,378 2971671 road_revised.py Completed 8800 of 34374, 25.60%
2026-07-21 23:58:24,378 2971671 road_revised.py RSS checkpoint [iter1_lcp_progress_8800_of_34374]: 10.20 GB
2026-07-21 23:58:24,827 2971671 road_revised.py Completed 8810 of 34374, 25.63%
2026-07-21 23:58:25,372 2971671 road_revised.py Completed 8820 of 34374, 25.66%
2026-07-21 23:58:25,817 2971671 road_revised.py Completed 8830 of 34374, 25.69%
2026-07-21 23:58:26,351 2971671 road_revised.py Completed 8840 of 34374, 25.72%
2026-07-21 23:58:26,805 2971671 road_revised.py Completed 8850 of 34374, 25.75%
2026-07-21 23:58:27,266 2971671 road_revised.py Completed 8860 of 34374, 25.78%
2026-07-21 23:58:27,722 2971671 road_revised.py Completed 8870 of 34374, 25.80%
2026-07-21 23:58:28,234 2971671 road_revised.py Completed 8880 of 34374, 25.83%
2026-07-21 23:58:28,840 2971671 road_revised.py Completed 8890 of 34374, 25.86%
2026-07-21 23:58:29,221 2971671 road_revised.py Completed 8900 of 34374, 25.89%
2026-07-21 23:58:29,221 2971671 road_revised.py RSS checkpoint [iter1_lcp_progress_8900_of_34374]: 10.44 GB
2026-07-21 23:58:29,708 2971671 road_revised.py Completed 8910 of 34374, 25.92%
2026-07-21 23:58:33,141 2971671 road_revised.py Completed 8920 of 34374, 25.95%
2026-07-21 23:58:33,149 2971671 road_revised.py Completed 8930 of 34374, 25.98%
2026-07-21 23:58:33,150 2971671 road_revised.py Completed 8940 of 34374, 26.01%
2026-07-21 23:58:33,168 2971671 road_revised.py Completed 8950 of 34374, 26.04%
2026-07-21 23:58:33,573 2971671 road_revised.py Completed 8960 of 34374, 26.07%
2026-07-21 23:58:34,080 2971671 road_revised.py Completed 8970 of 34374, 26.10%
2026-07-21 23:58:34,692 2971671 road_revised.py Completed 8980 of 34374, 26.12%
2026-07-21 23:58:35,246 2971671 road_revised.py Completed 8990 of 34374, 26.15%
2026-07-21 23:58:35,819 2971671 road_revised.py Completed 9000 of 34374, 26.18%
2026-07-21 23:58:35,819 2971671 road_revised.py RSS checkpoint [iter1_lcp_progress_9000_of_34374]: 10.39 GB
2026-07-21 23:58:36,397 2971671 road_revised.py Completed 9010 of 34374, 26.21%
2026-07-21 23:58:37,036 2971671 road_revised.py Completed 9020 of 34374, 26.24%
2026-07-21 23:58:37,598 2971671 road_revised.py Completed 9030 of 34374, 26.27%
2026-07-21 23:58:38,201 2971671 road_revised.py Completed 9040 of 34374, 26.30%
2026-07-21 23:58:38,756 2971671 road_revised.py Completed 9050 of 34374, 26.33%
2026-07-21 23:58:39,370 2971671 road_revised.py Completed 9060 of 34374, 26.36%
2026-07-21 23:58:39,937 2971671 road_revised.py Completed 9070 of 34374, 26.39%
2026-07-21 23:58:45,152 2971671 road_revised.py Completed 9080 of 34374, 26.42%
2026-07-21 23:58:45,218 2971671 road_revised.py Completed 9090 of 34374, 26.44%
2026-07-21 23:58:45,226 2971671 road_revised.py Completed 9100 of 34374, 26.47%
2026-07-21 23:58:45,235 2971671 road_revised.py RSS checkpoint [iter1_lcp_progress_9100_of_34374]: 10.84 GB
2026-07-21 23:58:45,236 2971671 road_revised.py Completed 9110 of 34374, 26.50%
2026-07-21 23:58:45,698 2971671 road_revised.py Completed 9120 of 34374, 26.53%
2026-07-21 23:58:45,713 2971671 road_revised.py Completed 9130 of 34374, 26.56%
2026-07-21 23:58:46,250 2971671 road_revised.py Completed 9140 of 34374, 26.59%
2026-07-21 23:58:46,929 2971671 road_revised.py Completed 9150 of 34374, 26.62%
2026-07-21 23:58:47,552 2971671 road_revised.py Completed 9160 of 34374, 26.65%
2026-07-21 23:58:48,155 2971671 road_revised.py Completed 9170 of 34374, 26.68%
2026-07-21 23:58:48,776 2971671 road_revised.py Completed 9180 of 34374, 26.71%
2026-07-21 23:58:49,368 2971671 road_revised.py Completed 9190 of 34374, 26.74%
2026-07-21 23:58:49,982 2971671 road_revised.py Completed 9200 of 34374, 26.76%
2026-07-21 23:58:49,982 2971671 road_revised.py RSS checkpoint [iter1_lcp_progress_9200_of_34374]: 11.12 GB
2026-07-21 23:58:50,598 2971671 road_revised.py Completed 9210 of 34374, 26.79%
2026-07-21 23:58:51,217 2971671 road_revised.py Completed 9220 of 34374, 26.82%
2026-07-21 23:58:51,767 2971671 road_revised.py Completed 9230 of 34374, 26.85%
2026-07-21 23:58:52,366 2971671 road_revised.py Completed 9240 of 34374, 26.88%
2026-07-21 23:58:56,723 2971671 road_revised.py Completed 9250 of 34374, 26.91%
2026-07-21 23:58:56,728 2971671 road_revised.py Completed 9260 of 34374, 26.94%
2026-07-21 23:58:56,729 2971671 road_revised.py Completed 9270 of 34374, 26.97%
2026-07-21 23:58:56,777 2971671 road_revised.py Completed 9280 of 34374, 27.00%
2026-07-21 23:58:56,857 2971671 road_revised.py Completed 9290 of 34374, 27.03%
2026-07-21 23:58:57,463 2971671 road_revised.py Completed 9300 of 34374, 27.06%
2026-07-21 23:58:57,464 2971671 road_revised.py RSS checkpoint [iter1_lcp_progress_9300_of_34374]: 10.57 GB
2026-07-21 23:58:58,022 2971671 road_revised.py Completed 9310 of 34374, 27.08%
2026-07-21 23:58:58,535 2971671 road_revised.py Completed 9320 of 34374, 27.11%
2026-07-21 23:58:59,167 2971671 road_revised.py Completed 9330 of 34374, 27.14%
2026-07-21 23:58:59,700 2971671 road_revised.py Completed 9340 of 34374, 27.17%
2026-07-21 23:59:00,329 2971671 road_revised.py Completed 9350 of 34374, 27.20%
2026-07-21 23:59:00,788 2971671 road_revised.py Completed 9360 of 34374, 27.23%
2026-07-21 23:59:01,375 2971671 road_revised.py Completed 9370 of 34374, 27.26%
2026-07-21 23:59:01,960 2971671 road_revised.py Completed 9380 of 34374, 27.29%
2026-07-21 23:59:02,427 2971671 road_revised.py Completed 9390 of 34374, 27.32%
2026-07-21 23:59:03,104 2971671 road_revised.py Completed 9400 of 34374, 27.35%
2026-07-21 23:59:03,104 2971671 road_revised.py RSS checkpoint [iter1_lcp_progress_9400_of_34374]: 10.79 GB
2026-07-21 23:59:03,652 2971671 road_revised.py Completed 9410 of 34374, 27.38%
2026-07-21 23:59:07,998 2971671 road_revised.py Completed 9420 of 34374, 27.40%
2026-07-21 23:59:08,024 2971671 road_revised.py Completed 9430 of 34374, 27.43%
2026-07-21 23:59:08,479 2971671 road_revised.py Completed 9440 of 34374, 27.46%
2026-07-21 23:59:08,480 2971671 road_revised.py Completed 9450 of 34374, 27.49%
2026-07-21 23:59:08,489 2971671 road_revised.py Completed 9460 of 34374, 27.52%
2026-07-21 23:59:08,526 2971671 road_revised.py Completed 9470 of 34374, 27.55%
2026-07-21 23:59:09,268 2971671 road_revised.py Completed 9480 of 34374, 27.58%
2026-07-21 23:59:09,725 2971671 road_revised.py Completed 9490 of 34374, 27.61%
2026-07-21 23:59:10,271 2971671 road_revised.py Completed 9500 of 34374, 27.64%
2026-07-21 23:59:10,271 2971671 road_revised.py RSS checkpoint [iter1_lcp_progress_9500_of_34374]: 10.57 GB
2026-07-21 23:59:10,795 2971671 road_revised.py Completed 9510 of 34374, 27.67%
2026-07-21 23:59:11,341 2971671 road_revised.py Completed 9520 of 34374, 27.70%
2026-07-21 23:59:11,800 2971671 road_revised.py Completed 9530 of 34374, 27.72%
2026-07-21 23:59:12,334 2971671 road_revised.py Completed 9540 of 34374, 27.75%
2026-07-21 23:59:12,868 2971671 road_revised.py Completed 9550 of 34374, 27.78%
2026-07-21 23:59:13,430 2971671 road_revised.py Completed 9560 of 34374, 27.81%
2026-07-21 23:59:13,960 2971671 road_revised.py Completed 9570 of 34374, 27.84%
2026-07-21 23:59:14,471 2971671 road_revised.py Completed 9580 of 34374, 27.87%
2026-07-21 23:59:17,640 2971671 road_revised.py Completed 9590 of 34374, 27.90%
2026-07-21 23:59:17,699 2971671 road_revised.py Completed 9600 of 34374, 27.93%
2026-07-21 23:59:17,700 2971671 road_revised.py RSS checkpoint [iter1_lcp_progress_9600_of_34374]: 10.84 GB
2026-07-21 23:59:17,701 2971671 road_revised.py Completed 9610 of 34374, 27.96%
2026-07-21 23:59:17,702 2971671 road_revised.py Completed 9620 of 34374, 27.99%
2026-07-21 23:59:17,871 2971671 road_revised.py Completed 9630 of 34374, 28.02%
2026-07-21 23:59:18,499 2971671 road_revised.py Completed 9640 of 34374, 28.04%
2026-07-21 23:59:18,959 2971671 road_revised.py Completed 9650 of 34374, 28.07%
2026-07-21 23:59:19,530 2971671 road_revised.py Completed 9660 of 34374, 28.10%
2026-07-21 23:59:20,117 2971671 road_revised.py Completed 9670 of 34374, 28.13%
2026-07-21 23:59:20,611 2971671 road_revised.py Completed 9680 of 34374, 28.16%
2026-07-21 23:59:21,269 2971671 road_revised.py Completed 9690 of 34374, 28.19%
2026-07-21 23:59:21,753 2971671 road_revised.py Completed 9700 of 34374, 28.22%
2026-07-21 23:59:21,753 2971671 road_revised.py RSS checkpoint [iter1_lcp_progress_9700_of_34374]: 10.75 GB
2026-07-21 23:59:22,324 2971671 road_revised.py Completed 9710 of 34374, 28.25%
2026-07-21 23:59:22,843 2971671 road_revised.py Completed 9720 of 34374, 28.28%
2026-07-21 23:59:23,419 2971671 road_revised.py Completed 9730 of 34374, 28.31%
2026-07-21 23:59:23,949 2971671 road_revised.py Completed 9740 of 34374, 28.34%
2026-07-21 23:59:28,252 2971671 road_revised.py Completed 9750 of 34374, 28.36%
2026-07-21 23:59:28,256 2971671 road_revised.py Completed 9760 of 34374, 28.39%
2026-07-21 23:59:28,677 2971671 road_revised.py Completed 9770 of 34374, 28.42%
2026-07-21 23:59:28,678 2971671 road_revised.py Completed 9780 of 34374, 28.45%
2026-07-21 23:59:28,679 2971671 road_revised.py Completed 9790 of 34374, 28.48%
2026-07-21 23:59:28,680 2971671 road_revised.py Completed 9800 of 34374, 28.51%
2026-07-21 23:59:28,683 2971671 road_revised.py RSS checkpoint [iter1_lcp_progress_9800_of_34374]: 10.69 GB
2026-07-21 23:59:29,037 2971671 road_revised.py Completed 9810 of 34374, 28.54%
2026-07-21 23:59:29,549 2971671 road_revised.py Completed 9820 of 34374, 28.57%
2026-07-21 23:59:30,102 2971671 road_revised.py Completed 9830 of 34374, 28.60%
2026-07-21 23:59:30,648 2971671 road_revised.py Completed 9840 of 34374, 28.63%
2026-07-21 23:59:31,162 2971671 road_revised.py Completed 9850 of 34374, 28.66%
2026-07-21 23:59:31,658 2971671 road_revised.py Completed 9860 of 34374, 28.68%
2026-07-21 23:59:32,164 2971671 road_revised.py Completed 9870 of 34374, 28.71%
2026-07-21 23:59:32,730 2971671 road_revised.py Completed 9880 of 34374, 28.74%
2026-07-21 23:59:33,244 2971671 road_revised.py Completed 9890 of 34374, 28.77%
2026-07-21 23:59:33,748 2971671 road_revised.py Completed 9900 of 34374, 28.80%
2026-07-21 23:59:33,748 2971671 road_revised.py RSS checkpoint [iter1_lcp_progress_9900_of_34374]: 10.92 GB
2026-07-21 23:59:34,270 2971671 road_revised.py Completed 9910 of 34374, 28.83%
2026-07-21 23:59:37,331 2971671 road_revised.py Completed 9920 of 34374, 28.86%
2026-07-21 23:59:37,368 2971671 road_revised.py Completed 9930 of 34374, 28.89%
2026-07-21 23:59:37,369 2971671 road_revised.py Completed 9940 of 34374, 28.92%
2026-07-21 23:59:37,370 2971671 road_revised.py Completed 9950 of 34374, 28.95%
2026-07-21 23:59:37,615 2971671 road_revised.py Completed 9960 of 34374, 28.98%
2026-07-21 23:59:38,167 2971671 road_revised.py Completed 9970 of 34374, 29.00%
2026-07-21 23:59:38,640 2971671 road_revised.py Completed 9980 of 34374, 29.03%
2026-07-21 23:59:39,224 2971671 road_revised.py Completed 9990 of 34374, 29.06%
2026-07-21 23:59:39,720 2971671 road_revised.py Completed 10000 of 34374, 29.09%
2026-07-21 23:59:39,720 2971671 road_revised.py RSS checkpoint [iter1_lcp_progress_10000_of_34374]: 10.74 GB
2026-07-21 23:59:40,291 2971671 road_revised.py Completed 10010 of 34374, 29.12%
2026-07-21 23:59:40,791 2971671 road_revised.py Completed 10020 of 34374, 29.15%
2026-07-21 23:59:41,344 2971671 road_revised.py Completed 10030 of 34374, 29.18%
2026-07-21 23:59:41,849 2971671 road_revised.py Completed 10040 of 34374, 29.21%
2026-07-21 23:59:42,319 2971671 road_revised.py Completed 10050 of 34374, 29.24%
2026-07-21 23:59:42,842 2971671 road_revised.py Completed 10060 of 34374, 29.27%
2026-07-21 23:59:43,411 2971671 road_revised.py Completed 10070 of 34374, 29.30%
2026-07-21 23:59:43,920 2971671 road_revised.py Completed 10080 of 34374, 29.32%
2026-07-21 23:59:47,847 2971671 road_revised.py Completed 10090 of 34374, 29.35%
2026-07-21 23:59:48,292 2971671 road_revised.py Completed 10100 of 34374, 29.38%
2026-07-21 23:59:48,297 2971671 road_revised.py RSS checkpoint [iter1_lcp_progress_10100_of_34374]: 10.75 GB
2026-07-21 23:59:48,300 2971671 road_revised.py Completed 10110 of 34374, 29.41%
2026-07-21 23:59:48,309 2971671 road_revised.py Completed 10120 of 34374, 29.44%
2026-07-21 23:59:48,312 2971671 road_revised.py Completed 10130 of 34374, 29.47%
2026-07-21 23:59:48,483 2971671 road_revised.py Completed 10140 of 34374, 29.50%
2026-07-21 23:59:49,065 2971671 road_revised.py Completed 10150 of 34374, 29.53%
2026-07-21 23:59:49,583 2971671 road_revised.py Completed 10160 of 34374, 29.56%
2026-07-21 23:59:50,104 2971671 road_revised.py Completed 10170 of 34374, 29.59%
2026-07-21 23:59:50,684 2971671 road_revised.py Completed 10180 of 34374, 29.62%
2026-07-21 23:59:51,189 2971671 road_revised.py Completed 10190 of 34374, 29.64%
2026-07-21 23:59:51,756 2971671 road_revised.py Completed 10200 of 34374, 29.67%
2026-07-21 23:59:51,756 2971671 road_revised.py RSS checkpoint [iter1_lcp_progress_10200_of_34374]: 10.91 GB
2026-07-21 23:59:52,313 2971671 road_revised.py Completed 10210 of 34374, 29.70%
2026-07-21 23:59:52,810 2971671 road_revised.py Completed 10220 of 34374, 29.73%
2026-07-21 23:59:53,418 2971671 road_revised.py Completed 10230 of 34374, 29.76%
2026-07-21 23:59:53,922 2971671 road_revised.py Completed 10240 of 34374, 29.79%
2026-07-21 23:59:54,412 2971671 road_revised.py Completed 10250 of 34374, 29.82%
2026-07-21 23:59:56,913 2971671 road_revised.py Completed 10260 of 34374, 29.85%
2026-07-21 23:59:56,959 2971671 road_revised.py Completed 10270 of 34374, 29.88%
2026-07-21 23:59:56,960 2971671 road_revised.py Completed 10280 of 34374, 29.91%
2026-07-21 23:59:57,170 2971671 road_revised.py Completed 10290 of 34374, 29.94%
2026-07-21 23:59:57,699 2971671 road_revised.py Completed 10300 of 34374, 29.96%
2026-07-21 23:59:57,699 2971671 road_revised.py RSS checkpoint [iter1_lcp_progress_10300_of_34374]: 10.83 GB
2026-07-21 23:59:58,280 2971671 road_revised.py Completed 10310 of 34374, 29.99%
2026-07-21 23:59:58,748 2971671 road_revised.py Completed 10320 of 34374, 30.02%
2026-07-21 23:59:59,302 2971671 road_revised.py Completed 10330 of 34374, 30.05%
2026-07-21 23:59:59,829 2971671 road_revised.py Completed 10340 of 34374, 30.08%
2026-07-22 00:00:00,391 2971671 road_revised.py Completed 10350 of 34374, 30.11%
2026-07-22 00:00:00,886 2971671 road_revised.py Completed 10360 of 34374, 30.14%
2026-07-22 00:00:01,409 2971671 road_revised.py Completed 10370 of 34374, 30.17%
2026-07-22 00:00:01,938 2971671 road_revised.py Completed 10380 of 34374, 30.20%
2026-07-22 00:00:02,486 2971671 road_revised.py Completed 10390 of 34374, 30.23%
2026-07-22 00:00:03,081 2971671 road_revised.py Completed 10400 of 34374, 30.26%
2026-07-22 00:00:03,081 2971671 road_revised.py RSS checkpoint [iter1_lcp_progress_10400_of_34374]: 11.02 GB
2026-07-22 00:00:03,496 2971671 road_revised.py Completed 10410 of 34374, 30.28%
2026-07-22 00:00:07,199 2971671 road_revised.py Completed 10420 of 34374, 30.31%
2026-07-22 00:00:07,644 2971671 road_revised.py Completed 10430 of 34374, 30.34%
2026-07-22 00:00:07,645 2971671 road_revised.py Completed 10440 of 34374, 30.37%
2026-07-22 00:00:07,646 2971671 road_revised.py Completed 10450 of 34374, 30.40%
2026-07-22 00:00:07,648 2971671 road_revised.py Completed 10460 of 34374, 30.43%
2026-07-22 00:00:07,872 2971671 road_revised.py Completed 10470 of 34374, 30.46%
2026-07-22 00:00:08,345 2971671 road_revised.py Completed 10480 of 34374, 30.49%
2026-07-22 00:00:08,902 2971671 road_revised.py Completed 10490 of 34374, 30.52%
2026-07-22 00:00:09,358 2971671 road_revised.py Completed 10500 of 34374, 30.55%
2026-07-22 00:00:09,359 2971671 road_revised.py RSS checkpoint [iter1_lcp_progress_10500_of_34374]: 11.02 GB
2026-07-22 00:00:09,915 2971671 road_revised.py Completed 10510 of 34374, 30.58%
2026-07-22 00:00:10,461 2971671 road_revised.py Completed 10520 of 34374, 30.60%
2026-07-22 00:00:10,982 2971671 road_revised.py Completed 10530 of 34374, 30.63%
2026-07-22 00:00:11,445 2971671 road_revised.py Completed 10540 of 34374, 30.66%
2026-07-22 00:00:11,938 2971671 road_revised.py Completed 10550 of 34374, 30.69%
2026-07-22 00:00:12,438 2971671 road_revised.py Completed 10560 of 34374, 30.72%
2026-07-22 00:00:12,947 2971671 road_revised.py Completed 10570 of 34374, 30.75%
2026-07-22 00:00:13,450 2971671 road_revised.py Completed 10580 of 34374, 30.78%
2026-07-22 00:00:16,492 2971671 road_revised.py Completed 10590 of 34374, 30.81%
2026-07-22 00:00:16,496 2971671 road_revised.py Completed 10600 of 34374, 30.84%
2026-07-22 00:00:16,499 2971671 road_revised.py RSS checkpoint [iter1_lcp_progress_10600_of_34374]: 11.18 GB
2026-07-22 00:00:16,501 2971671 road_revised.py Completed 10610 of 34374, 30.87%
2026-07-22 00:00:16,523 2971671 road_revised.py Completed 10620 of 34374, 30.90%
2026-07-22 00:00:16,807 2971671 road_revised.py Completed 10630 of 34374, 30.92%
2026-07-22 00:00:17,320 2971671 road_revised.py Completed 10640 of 34374, 30.95%
2026-07-22 00:00:17,785 2971671 road_revised.py Completed 10650 of 34374, 30.98%
2026-07-22 00:00:18,342 2971671 road_revised.py Completed 10660 of 34374, 31.01%
2026-07-22 00:00:18,838 2971671 road_revised.py Completed 10670 of 34374, 31.04%
2026-07-22 00:00:19,407 2971671 road_revised.py Completed 10680 of 34374, 31.07%
2026-07-22 00:00:19,937 2971671 road_revised.py Completed 10690 of 34374, 31.10%
2026-07-22 00:00:20,410 2971671 road_revised.py Completed 10700 of 34374, 31.13%
2026-07-22 00:00:20,410 2971671 road_revised.py RSS checkpoint [iter1_lcp_progress_10700_of_34374]: 11.10 GB
2026-07-22 00:00:20,915 2971671 road_revised.py Completed 10710 of 34374, 31.16%
2026-07-22 00:00:21,508 2971671 road_revised.py Completed 10720 of 34374, 31.19%
2026-07-22 00:00:22,051 2971671 road_revised.py Completed 10730 of 34374, 31.22%
2026-07-22 00:00:22,546 2971671 road_revised.py Completed 10740 of 34374, 31.24%
2026-07-22 00:00:23,004 2971671 road_revised.py Completed 10750 of 34374, 31.27%
2026-07-22 00:00:27,264 2971671 road_revised.py Completed 10760 of 34374, 31.30%
2026-07-22 00:00:27,276 2971671 road_revised.py Completed 10770 of 34374, 31.33%
2026-07-22 00:00:27,283 2971671 road_revised.py Completed 10780 of 34374, 31.36%
2026-07-22 00:00:27,290 2971671 road_revised.py Completed 10790 of 34374, 31.39%
2026-07-22 00:00:27,524 2971671 road_revised.py Completed 10800 of 34374, 31.42%
2026-07-22 00:00:27,525 2971671 road_revised.py RSS checkpoint [iter1_lcp_progress_10800_of_34374]: 11.24 GB
2026-07-22 00:00:28,076 2971671 road_revised.py Completed 10810 of 34374, 31.45%
2026-07-22 00:00:28,586 2971671 road_revised.py Completed 10820 of 34374, 31.48%
2026-07-22 00:00:29,027 2971671 road_revised.py Completed 10830 of 34374, 31.51%
2026-07-22 00:00:29,510 2971671 road_revised.py Completed 10840 of 34374, 31.54%
2026-07-22 00:00:29,990 2971671 road_revised.py Completed 10850 of 34374, 31.56%
2026-07-22 00:00:30,504 2971671 road_revised.py Completed 10860 of 34374, 31.59%
2026-07-22 00:00:30,995 2971671 road_revised.py Completed 10870 of 34374, 31.62%
2026-07-22 00:00:31,490 2971671 road_revised.py Completed 10880 of 34374, 31.65%
2026-07-22 00:00:32,029 2971671 road_revised.py Completed 10890 of 34374, 31.68%
2026-07-22 00:00:32,469 2971671 road_revised.py Completed 10900 of 34374, 31.71%
2026-07-22 00:00:32,469 2971671 road_revised.py RSS checkpoint [iter1_lcp_progress_10900_of_34374]: 11.48 GB
2026-07-22 00:00:32,916 2971671 road_revised.py Completed 10910 of 34374, 31.74%
2026-07-22 00:00:33,488 2971671 road_revised.py Completed 10920 of 34374, 31.77%
2026-07-22 00:00:37,212 2971671 road_revised.py Completed 10930 of 34374, 31.80%
2026-07-22 00:00:37,217 2971671 road_revised.py Completed 10940 of 34374, 31.83%
2026-07-22 00:00:37,218 2971671 road_revised.py Completed 10950 of 34374, 31.86%
2026-07-22 00:00:37,233 2971671 road_revised.py Completed 10960 of 34374, 31.88%
2026-07-22 00:00:37,243 2971671 road_revised.py Completed 10970 of 34374, 31.91%
2026-07-22 00:00:37,634 2971671 road_revised.py Completed 10980 of 34374, 31.94%
2026-07-22 00:00:38,131 2971671 road_revised.py Completed 10990 of 34374, 31.97%
2026-07-22 00:00:38,666 2971671 road_revised.py Completed 11000 of 34374, 32.00%
2026-07-22 00:00:38,667 2971671 road_revised.py RSS checkpoint [iter1_lcp_progress_11000_of_34374]: 11.40 GB
2026-07-22 00:00:39,102 2971671 road_revised.py Completed 11010 of 34374, 32.03%
2026-07-22 00:00:39,608 2971671 road_revised.py Completed 11020 of 34374, 32.06%
2026-07-22 00:00:40,146 2971671 road_revised.py Completed 11030 of 34374, 32.09%
2026-07-22 00:00:40,658 2971671 road_revised.py Completed 11040 of 34374, 32.12%
2026-07-22 00:00:41,122 2971671 road_revised.py Completed 11050 of 34374, 32.15%
2026-07-22 00:00:41,670 2971671 road_revised.py Completed 11060 of 34374, 32.18%
2026-07-22 00:00:42,315 2971671 road_revised.py Completed 11070 of 34374, 32.20%
2026-07-22 00:00:42,813 2971671 road_revised.py Completed 11080 of 34374, 32.23%
2026-07-22 00:00:47,979 2971671 road_revised.py Completed 11090 of 34374, 32.26%
2026-07-22 00:00:47,985 2971671 road_revised.py Completed 11100 of 34374, 32.29%
2026-07-22 00:00:47,985 2971671 road_revised.py RSS checkpoint [iter1_lcp_progress_11100_of_34374]: 12.24 GB
2026-07-22 00:00:48,052 2971671 road_revised.py Completed 11110 of 34374, 32.32%
2026-07-22 00:00:48,053 2971671 road_revised.py Completed 11120 of 34374, 32.35%
2026-07-22 00:00:48,054 2971671 road_revised.py Completed 11130 of 34374, 32.38%
2026-07-22 00:00:48,541 2971671 road_revised.py Completed 11140 of 34374, 32.41%
2026-07-22 00:00:48,847 2971671 road_revised.py Completed 11150 of 34374, 32.44%
2026-07-22 00:00:49,430 2971671 road_revised.py Completed 11160 of 34374, 32.47%
2026-07-22 00:00:50,039 2971671 road_revised.py Completed 11170 of 34374, 32.50%
2026-07-22 00:00:50,617 2971671 road_revised.py Completed 11180 of 34374, 32.52%
2026-07-22 00:00:51,155 2971671 road_revised.py Completed 11190 of 34374, 32.55%
2026-07-22 00:00:51,701 2971671 road_revised.py Completed 11200 of 34374, 32.58%
2026-07-22 00:00:51,702 2971671 road_revised.py RSS checkpoint [iter1_lcp_progress_11200_of_34374]: 12.08 GB
2026-07-22 00:00:52,280 2971671 road_revised.py Completed 11210 of 34374, 32.61%
2026-07-22 00:00:52,824 2971671 road_revised.py Completed 11220 of 34374, 32.64%
2026-07-22 00:00:53,395 2971671 road_revised.py Completed 11230 of 34374, 32.67%
2026-07-22 00:00:53,895 2971671 road_revised.py Completed 11240 of 34374, 32.70%
2026-07-22 00:00:54,507 2971671 road_revised.py Completed 11250 of 34374, 32.73%
2026-07-22 00:00:58,439 2971671 road_revised.py Completed 11260 of 34374, 32.76%
2026-07-22 00:00:58,510 2971671 road_revised.py Completed 11270 of 34374, 32.79%
2026-07-22 00:00:58,511 2971671 road_revised.py Completed 11280 of 34374, 32.82%
2026-07-22 00:00:58,512 2971671 road_revised.py Completed 11290 of 34374, 32.84%
2026-07-22 00:00:58,590 2971671 road_revised.py Completed 11300 of 34374, 32.87%
2026-07-22 00:00:58,590 2971671 road_revised.py RSS checkpoint [iter1_lcp_progress_11300_of_34374]: 11.59 GB
2026-07-22 00:00:59,234 2971671 road_revised.py Completed 11310 of 34374, 32.90%
2026-07-22 00:00:59,780 2971671 road_revised.py Completed 11320 of 34374, 32.93%
2026-07-22 00:01:00,361 2971671 road_revised.py Completed 11330 of 34374, 32.96%
2026-07-22 00:01:00,971 2971671 road_revised.py Completed 11340 of 34374, 32.99%
2026-07-22 00:01:01,410 2971671 road_revised.py Completed 11350 of 34374, 33.02%
2026-07-22 00:01:02,091 2971671 road_revised.py Completed 11360 of 34374, 33.05%
2026-07-22 00:01:02,597 2971671 road_revised.py Completed 11370 of 34374, 33.08%
2026-07-22 00:01:03,165 2971671 road_revised.py Completed 11380 of 34374, 33.11%
2026-07-22 00:01:03,697 2971671 road_revised.py Completed 11390 of 34374, 33.14%
2026-07-22 00:01:04,221 2971671 road_revised.py Completed 11400 of 34374, 33.16%
2026-07-22 00:01:04,221 2971671 road_revised.py RSS checkpoint [iter1_lcp_progress_11400_of_34374]: 11.81 GB
2026-07-22 00:01:04,793 2971671 road_revised.py Completed 11410 of 34374, 33.19%
2026-07-22 00:01:05,344 2971671 road_revised.py Completed 11420 of 34374, 33.22%
2026-07-22 00:01:09,651 2971671 road_revised.py Completed 11430 of 34374, 33.25%
2026-07-22 00:01:09,653 2971671 road_revised.py Completed 11440 of 34374, 33.28%
2026-07-22 00:01:09,654 2971671 road_revised.py Completed 11450 of 34374, 33.31%
2026-07-22 00:01:10,076 2971671 road_revised.py Completed 11460 of 34374, 33.34%
2026-07-22 00:01:10,077 2971671 road_revised.py Completed 11470 of 34374, 33.37%
2026-07-22 00:01:10,172 2971671 road_revised.py Completed 11480 of 34374, 33.40%
2026-07-22 00:01:10,696 2971671 road_revised.py Completed 11490 of 34374, 33.43%
2026-07-22 00:01:11,222 2971671 road_revised.py Completed 11500 of 34374, 33.46%
2026-07-22 00:01:11,222 2971671 road_revised.py RSS checkpoint [iter1_lcp_progress_11500_of_34374]: 11.77 GB
2026-07-22 00:01:11,836 2971671 road_revised.py Completed 11510 of 34374, 33.48%
2026-07-22 00:01:12,312 2971671 road_revised.py Completed 11520 of 34374, 33.51%
2026-07-22 00:01:12,846 2971671 road_revised.py Completed 11530 of 34374, 33.54%
2026-07-22 00:01:13,353 2971671 road_revised.py Completed 11540 of 34374, 33.57%
2026-07-22 00:01:13,892 2971671 road_revised.py Completed 11550 of 34374, 33.60%
2026-07-22 00:01:14,438 2971671 road_revised.py Completed 11560 of 34374, 33.63%
2026-07-22 00:01:15,000 2971671 road_revised.py Completed 11570 of 34374, 33.66%
2026-07-22 00:01:15,592 2971671 road_revised.py Completed 11580 of 34374, 33.69%
2026-07-22 00:01:16,082 2971671 road_revised.py Completed 11590 of 34374, 33.72%
2026-07-22 00:01:18,833 2971671 road_revised.py Completed 11600 of 34374, 33.75%
2026-07-22 00:01:18,834 2971671 road_revised.py RSS checkpoint [iter1_lcp_progress_11600_of_34374]: 11.96 GB
2026-07-22 00:01:18,837 2971671 road_revised.py Completed 11610 of 34374, 33.78%
2026-07-22 00:01:18,847 2971671 road_revised.py Completed 11620 of 34374, 33.80%
2026-07-22 00:01:18,953 2971671 road_revised.py Completed 11630 of 34374, 33.83%
2026-07-22 00:01:19,600 2971671 road_revised.py Completed 11640 of 34374, 33.86%
2026-07-22 00:01:20,048 2971671 road_revised.py Completed 11650 of 34374, 33.89%
2026-07-22 00:01:20,560 2971671 road_revised.py Completed 11660 of 34374, 33.92%
2026-07-22 00:01:21,177 2971671 road_revised.py Completed 11670 of 34374, 33.95%
2026-07-22 00:01:21,659 2971671 road_revised.py Completed 11680 of 34374, 33.98%
2026-07-22 00:01:22,169 2971671 road_revised.py Completed 11690 of 34374, 34.01%
2026-07-22 00:01:22,782 2971671 road_revised.py Completed 11700 of 34374, 34.04%
2026-07-22 00:01:22,782 2971671 road_revised.py RSS checkpoint [iter1_lcp_progress_11700_of_34374]: 11.85 GB
2026-07-22 00:01:23,378 2971671 road_revised.py Completed 11710 of 34374, 34.07%
2026-07-22 00:01:23,807 2971671 road_revised.py Completed 11720 of 34374, 34.10%
2026-07-22 00:01:24,362 2971671 road_revised.py Completed 11730 of 34374, 34.12%
2026-07-22 00:01:24,916 2971671 road_revised.py Completed 11740 of 34374, 34.15%
2026-07-22 00:01:25,420 2971671 road_revised.py Completed 11750 of 34374, 34.18%
2026-07-22 00:01:29,253 2971671 road_revised.py Completed 11760 of 34374, 34.21%
2026-07-22 00:01:29,317 2971671 road_revised.py Completed 11770 of 34374, 34.24%
2026-07-22 00:01:29,318 2971671 road_revised.py Completed 11780 of 34374, 34.27%
2026-07-22 00:01:29,320 2971671 road_revised.py Completed 11790 of 34374, 34.30%
2026-07-22 00:01:29,781 2971671 road_revised.py Completed 11800 of 34374, 34.33%
2026-07-22 00:01:29,784 2971671 road_revised.py RSS checkpoint [iter1_lcp_progress_11800_of_34374]: 11.91 GB
2026-07-22 00:01:30,138 2971671 road_revised.py Completed 11810 of 34374, 34.36%
2026-07-22 00:01:30,689 2971671 road_revised.py Completed 11820 of 34374, 34.39%
2026-07-22 00:01:31,249 2971671 road_revised.py Completed 11830 of 34374, 34.42%
2026-07-22 00:01:31,836 2971671 road_revised.py Completed 11840 of 34374, 34.44%
2026-07-22 00:01:32,278 2971671 road_revised.py Completed 11850 of 34374, 34.47%
2026-07-22 00:01:32,808 2971671 road_revised.py Completed 11860 of 34374, 34.50%
2026-07-22 00:01:33,315 2971671 road_revised.py Completed 11870 of 34374, 34.53%
2026-07-22 00:01:33,828 2971671 road_revised.py Completed 11880 of 34374, 34.56%
2026-07-22 00:01:34,338 2971671 road_revised.py Completed 11890 of 34374, 34.59%
2026-07-22 00:01:34,890 2971671 road_revised.py Completed 11900 of 34374, 34.62%
2026-07-22 00:01:34,890 2971671 road_revised.py RSS checkpoint [iter1_lcp_progress_11900_of_34374]: 12.12 GB
2026-07-22 00:01:35,398 2971671 road_revised.py Completed 11910 of 34374, 34.65%
2026-07-22 00:01:35,989 2971671 road_revised.py Completed 11920 of 34374, 34.68%
2026-07-22 00:01:38,835 2971671 road_revised.py Completed 11930 of 34374, 34.71%
2026-07-22 00:01:38,854 2971671 road_revised.py Completed 11940 of 34374, 34.74%
2026-07-22 00:01:38,855 2971671 road_revised.py Completed 11950 of 34374, 34.76%
2026-07-22 00:01:38,940 2971671 road_revised.py Completed 11960 of 34374, 34.79%
2026-07-22 00:01:39,502 2971671 road_revised.py Completed 11970 of 34374, 34.82%
2026-07-22 00:01:40,057 2971671 road_revised.py Completed 11980 of 34374, 34.85%
2026-07-22 00:01:40,528 2971671 road_revised.py Completed 11990 of 34374, 34.88%
2026-07-22 00:01:41,057 2971671 road_revised.py Completed 12000 of 34374, 34.91%
2026-07-22 00:01:41,122 2971671 road_revised.py RSS checkpoint [iter1_lcp_progress_12000_of_34374]: 12.01 GB
2026-07-22 00:01:41,605 2971671 road_revised.py Completed 12010 of 34374, 34.94%
2026-07-22 00:01:42,100 2971671 road_revised.py Completed 12020 of 34374, 34.97%
2026-07-22 00:01:42,712 2971671 road_revised.py Completed 12030 of 34374, 35.00%
2026-07-22 00:01:43,183 2971671 road_revised.py Completed 12040 of 34374, 35.03%
2026-07-22 00:01:43,693 2971671 road_revised.py Completed 12050 of 34374, 35.06%
2026-07-22 00:01:44,262 2971671 road_revised.py Completed 12060 of 34374, 35.08%
2026-07-22 00:01:44,822 2971671 road_revised.py Completed 12070 of 34374, 35.11%
2026-07-22 00:01:45,299 2971671 road_revised.py Completed 12080 of 34374, 35.14%
2026-07-22 00:01:45,815 2971671 road_revised.py Completed 12090 of 34374, 35.17%
2026-07-22 00:01:49,439 2971671 road_revised.py Completed 12100 of 34374, 35.20%
2026-07-22 00:01:49,439 2971671 road_revised.py RSS checkpoint [iter1_lcp_progress_12100_of_34374]: 12.17 GB
2026-07-22 00:01:49,443 2971671 road_revised.py Completed 12110 of 34374, 35.23%
2026-07-22 00:01:49,444 2971671 road_revised.py Completed 12120 of 34374, 35.26%
2026-07-22 00:01:49,874 2971671 road_revised.py Completed 12130 of 34374, 35.29%
2026-07-22 00:01:49,893 2971671 road_revised.py Completed 12140 of 34374, 35.32%
2026-07-22 00:01:50,446 2971671 road_revised.py Completed 12150 of 34374, 35.35%
2026-07-22 00:01:51,028 2971671 road_revised.py Completed 12160 of 34374, 35.38%
2026-07-22 00:01:51,492 2971671 road_revised.py Completed 12170 of 34374, 35.40%
2026-07-22 00:01:51,979 2971671 road_revised.py Completed 12180 of 34374, 35.43%
2026-07-22 00:01:52,495 2971671 road_revised.py Completed 12190 of 34374, 35.46%
2026-07-22 00:01:53,105 2971671 road_revised.py Completed 12200 of 34374, 35.49%
2026-07-22 00:01:53,113 2971671 road_revised.py RSS checkpoint [iter1_lcp_progress_12200_of_34374]: 12.06 GB
2026-07-22 00:01:53,553 2971671 road_revised.py Completed 12210 of 34374, 35.52%
2026-07-22 00:01:54,023 2971671 road_revised.py Completed 12220 of 34374, 35.55%
2026-07-22 00:01:54,601 2971671 road_revised.py Completed 12230 of 34374, 35.58%
2026-07-22 00:01:55,074 2971671 road_revised.py Completed 12240 of 34374, 35.61%
2026-07-22 00:01:55,593 2971671 road_revised.py Completed 12250 of 34374, 35.64%
2026-07-22 00:01:56,103 2971671 road_revised.py Completed 12260 of 34374, 35.67%
2026-07-22 00:01:59,025 2971671 road_revised.py Completed 12270 of 34374, 35.70%
2026-07-22 00:01:59,090 2971671 road_revised.py Completed 12280 of 34374, 35.72%
2026-07-22 00:01:59,096 2971671 road_revised.py Completed 12290 of 34374, 35.75%
2026-07-22 00:01:59,099 2971671 road_revised.py Completed 12300 of 34374, 35.78%
2026-07-22 00:01:59,104 2971671 road_revised.py RSS checkpoint [iter1_lcp_progress_12300_of_34374]: 12.12 GB
2026-07-22 00:01:59,421 2971671 road_revised.py Completed 12310 of 34374, 35.81%
2026-07-22 00:02:00,059 2971671 road_revised.py Completed 12320 of 34374, 35.84%
2026-07-22 00:02:00,639 2971671 road_revised.py Completed 12330 of 34374, 35.87%
2026-07-22 00:02:01,102 2971671 road_revised.py Completed 12340 of 34374, 35.90%
2026-07-22 00:02:01,594 2971671 road_revised.py Completed 12350 of 34374, 35.93%
2026-07-22 00:02:02,104 2971671 road_revised.py Completed 12360 of 34374, 35.96%
2026-07-22 00:02:02,633 2971671 road_revised.py Completed 12370 of 34374, 35.99%
2026-07-22 00:02:03,085 2971671 road_revised.py Completed 12380 of 34374, 36.02%
2026-07-22 00:02:03,708 2971671 road_revised.py Completed 12390 of 34374, 36.04%
2026-07-22 00:02:04,206 2971671 road_revised.py Completed 12400 of 34374, 36.07%
2026-07-22 00:02:04,206 2971671 road_revised.py RSS checkpoint [iter1_lcp_progress_12400_of_34374]: 12.07 GB
2026-07-22 00:02:04,634 2971671 road_revised.py Completed 12410 of 34374, 36.10%
2026-07-22 00:02:05,187 2971671 road_revised.py Completed 12420 of 34374, 36.13%
2026-07-22 00:02:09,724 2971671 road_revised.py Completed 12430 of 34374, 36.16%
2026-07-22 00:02:10,138 2971671 road_revised.py Completed 12440 of 34374, 36.19%
2026-07-22 00:02:10,140 2971671 road_revised.py Completed 12450 of 34374, 36.22%
2026-07-22 00:02:10,141 2971671 road_revised.py Completed 12460 of 34374, 36.25%
2026-07-22 00:02:10,143 2971671 road_revised.py Completed 12470 of 34374, 36.28%
2026-07-22 00:02:10,144 2971671 road_revised.py Completed 12480 of 34374, 36.31%
2026-07-22 00:02:10,443 2971671 road_revised.py Completed 12490 of 34374, 36.34%
2026-07-22 00:02:11,023 2971671 road_revised.py Completed 12500 of 34374, 36.36%
2026-07-22 00:02:11,023 2971671 road_revised.py RSS checkpoint [iter1_lcp_progress_12500_of_34374]: 12.41 GB
2026-07-22 00:02:11,506 2971671 road_revised.py Completed 12510 of 34374, 36.39%
2026-07-22 00:02:12,021 2971671 road_revised.py Completed 12520 of 34374, 36.42%
2026-07-22 00:02:12,564 2971671 road_revised.py Completed 12530 of 34374, 36.45%
2026-07-22 00:02:13,106 2971671 road_revised.py Completed 12540 of 34374, 36.48%
2026-07-22 00:02:13,595 2971671 road_revised.py Completed 12550 of 34374, 36.51%
2026-07-22 00:02:14,098 2971671 road_revised.py Completed 12560 of 34374, 36.54%
2026-07-22 00:02:14,647 2971671 road_revised.py Completed 12570 of 34374, 36.57%
2026-07-22 00:02:15,151 2971671 road_revised.py Completed 12580 of 34374, 36.60%
2026-07-22 00:02:15,594 2971671 road_revised.py Completed 12590 of 34374, 36.63%
2026-07-22 00:02:19,112 2971671 road_revised.py Completed 12600 of 34374, 36.66%
2026-07-22 00:02:19,113 2971671 road_revised.py RSS checkpoint [iter1_lcp_progress_12600_of_34374]: 12.54 GB
2026-07-22 00:02:19,120 2971671 road_revised.py Completed 12610 of 34374, 36.68%
2026-07-22 00:02:19,121 2971671 road_revised.py Completed 12620 of 34374, 36.71%
2026-07-22 00:02:19,162 2971671 road_revised.py Completed 12630 of 34374, 36.74%
2026-07-22 00:02:19,163 2971671 road_revised.py Completed 12640 of 34374, 36.77%
2026-07-22 00:02:19,571 2971671 road_revised.py Completed 12650 of 34374, 36.80%
2026-07-22 00:02:20,083 2971671 road_revised.py Completed 12660 of 34374, 36.83%
2026-07-22 00:02:20,525 2971671 road_revised.py Completed 12670 of 34374, 36.86%
2026-07-22 00:02:21,025 2971671 road_revised.py Completed 12680 of 34374, 36.89%
2026-07-22 00:02:21,500 2971671 road_revised.py Completed 12690 of 34374, 36.92%
2026-07-22 00:02:22,011 2971671 road_revised.py Completed 12700 of 34374, 36.95%
2026-07-22 00:02:22,011 2971671 road_revised.py RSS checkpoint [iter1_lcp_progress_12700_of_34374]: 12.34 GB
2026-07-22 00:02:22,500 2971671 road_revised.py Completed 12710 of 34374, 36.98%
2026-07-22 00:02:23,041 2971671 road_revised.py Completed 12720 of 34374, 37.00%
2026-07-22 00:02:23,541 2971671 road_revised.py Completed 12730 of 34374, 37.03%
2026-07-22 00:02:24,012 2971671 road_revised.py Completed 12740 of 34374, 37.06%
2026-07-22 00:02:24,497 2971671 road_revised.py Completed 12750 of 34374, 37.09%
2026-07-22 00:02:25,038 2971671 road_revised.py Completed 12760 of 34374, 37.12%
2026-07-22 00:02:29,437 2971671 road_revised.py Completed 12770 of 34374, 37.15%
2026-07-22 00:02:29,442 2971671 road_revised.py Completed 12780 of 34374, 37.18%
2026-07-22 00:02:29,443 2971671 road_revised.py Completed 12790 of 34374, 37.21%
2026-07-22 00:02:29,454 2971671 road_revised.py Completed 12800 of 34374, 37.24%
2026-07-22 00:02:29,456 2971671 road_revised.py RSS checkpoint [iter1_lcp_progress_12800_of_34374]: 12.64 GB
2026-07-22 00:02:29,457 2971671 road_revised.py Completed 12810 of 34374, 37.27%
2026-07-22 00:02:29,708 2971671 road_revised.py Completed 12820 of 34374, 37.30%
2026-07-22 00:02:30,170 2971671 road_revised.py Completed 12830 of 34374, 37.32%
2026-07-22 00:02:30,615 2971671 road_revised.py Completed 12840 of 34374, 37.35%
2026-07-22 00:02:31,111 2971671 road_revised.py Completed 12850 of 34374, 37.38%
2026-07-22 00:02:31,576 2971671 road_revised.py Completed 12860 of 34374, 37.41%
2026-07-22 00:02:32,044 2971671 road_revised.py Completed 12870 of 34374, 37.44%
2026-07-22 00:02:32,681 2971671 road_revised.py Completed 12880 of 34374, 37.47%
2026-07-22 00:02:33,146 2971671 road_revised.py Completed 12890 of 34374, 37.50%
2026-07-22 00:02:33,633 2971671 road_revised.py Completed 12900 of 34374, 37.53%
2026-07-22 00:02:33,633 2971671 road_revised.py RSS checkpoint [iter1_lcp_progress_12900_of_34374]: 12.58 GB
2026-07-22 00:02:34,090 2971671 road_revised.py Completed 12910 of 34374, 37.56%
2026-07-22 00:02:34,640 2971671 road_revised.py Completed 12920 of 34374, 37.59%
2026-07-22 00:02:35,100 2971671 road_revised.py Completed 12930 of 34374, 37.62%
2026-07-22 00:02:38,217 2971671 road_revised.py Completed 12940 of 34374, 37.64%
2026-07-22 00:02:38,222 2971671 road_revised.py Completed 12950 of 34374, 37.67%
2026-07-22 00:02:38,272 2971671 road_revised.py Completed 12960 of 34374, 37.70%
2026-07-22 00:02:38,273 2971671 road_revised.py Completed 12970 of 34374, 37.73%
2026-07-22 00:02:38,712 2971671 road_revised.py Completed 12980 of 34374, 37.76%
2026-07-22 00:02:39,179 2971671 road_revised.py Completed 12990 of 34374, 37.79%
2026-07-22 00:02:39,619 2971671 road_revised.py Completed 13000 of 34374, 37.82%
2026-07-22 00:02:39,619 2971671 road_revised.py RSS checkpoint [iter1_lcp_progress_13000_of_34374]: 12.59 GB
2026-07-22 00:02:40,094 2971671 road_revised.py Completed 13010 of 34374, 37.85%
2026-07-22 00:02:40,587 2971671 road_revised.py Completed 13020 of 34374, 37.88%
2026-07-22 00:02:41,066 2971671 road_revised.py Completed 13030 of 34374, 37.91%
2026-07-22 00:02:41,625 2971671 road_revised.py Completed 13040 of 34374, 37.94%
2026-07-22 00:02:42,188 2971671 road_revised.py Completed 13050 of 34374, 37.96%
2026-07-22 00:02:42,618 2971671 road_revised.py Completed 13060 of 34374, 37.99%
2026-07-22 00:02:43,164 2971671 road_revised.py Completed 13070 of 34374, 38.02%
2026-07-22 00:02:43,613 2971671 road_revised.py Completed 13080 of 34374, 38.05%
2026-07-22 00:02:43,884 2971671 road_revised.py Completed 13090 of 34374, 38.08%
2026-07-22 00:02:44,338 2971671 road_revised.py Completed 13100 of 34374, 38.11%
2026-07-22 00:02:44,338 2971671 road_revised.py RSS checkpoint [iter1_lcp_progress_13100_of_34374]: 12.78 GB
2026-07-22 00:02:49,205 2971671 road_revised.py Completed 13110 of 34374, 38.14%
2026-07-22 00:02:49,209 2971671 road_revised.py Completed 13120 of 34374, 38.17%
2026-07-22 00:02:49,252 2971671 road_revised.py Completed 13130 of 34374, 38.20%
2026-07-22 00:02:49,263 2971671 road_revised.py Completed 13140 of 34374, 38.23%
2026-07-22 00:02:49,264 2971671 road_revised.py Completed 13150 of 34374, 38.26%
2026-07-22 00:02:49,883 2971671 road_revised.py Completed 13160 of 34374, 38.28%
2026-07-22 00:02:50,577 2971671 road_revised.py Completed 13170 of 34374, 38.31%
2026-07-22 00:02:50,991 2971671 road_revised.py Completed 13180 of 34374, 38.34%
2026-07-22 00:02:51,565 2971671 road_revised.py Completed 13190 of 34374, 38.37%
2026-07-22 00:02:52,157 2971671 road_revised.py Completed 13200 of 34374, 38.40%
2026-07-22 00:02:52,158 2971671 road_revised.py RSS checkpoint [iter1_lcp_progress_13200_of_34374]: 13.07 GB
2026-07-22 00:02:52,710 2971671 road_revised.py Completed 13210 of 34374, 38.43%
2026-07-22 00:02:53,195 2971671 road_revised.py Completed 13220 of 34374, 38.46%
2026-07-22 00:02:53,738 2971671 road_revised.py Completed 13230 of 34374, 38.49%
2026-07-22 00:02:54,350 2971671 road_revised.py Completed 13240 of 34374, 38.52%
2026-07-22 00:02:54,822 2971671 road_revised.py Completed 13250 of 34374, 38.55%
2026-07-22 00:02:55,405 2971671 road_revised.py Completed 13260 of 34374, 38.58%
2026-07-22 00:02:56,005 2971671 road_revised.py Completed 13270 of 34374, 38.60%
2026-07-22 00:02:59,657 2971671 road_revised.py Completed 13280 of 34374, 38.63%
2026-07-22 00:02:59,665 2971671 road_revised.py Completed 13290 of 34374, 38.66%
2026-07-22 00:02:59,672 2971671 road_revised.py Completed 13300 of 34374, 38.69%
2026-07-22 00:02:59,672 2971671 road_revised.py RSS checkpoint [iter1_lcp_progress_13300_of_34374]: 13.05 GB
2026-07-22 00:02:59,680 2971671 road_revised.py Completed 13310 of 34374, 38.72%
2026-07-22 00:02:59,900 2971671 road_revised.py Completed 13320 of 34374, 38.75%
2026-07-22 00:03:00,430 2971671 road_revised.py Completed 13330 of 34374, 38.78%
2026-07-22 00:03:00,965 2971671 road_revised.py Completed 13340 of 34374, 38.81%
2026-07-22 00:03:01,531 2971671 road_revised.py Completed 13350 of 34374, 38.84%
2026-07-22 00:03:02,100 2971671 road_revised.py Completed 13360 of 34374, 38.87%
2026-07-22 00:03:02,690 2971671 road_revised.py Completed 13370 of 34374, 38.90%
2026-07-22 00:03:03,223 2971671 road_revised.py Completed 13380 of 34374, 38.92%
2026-07-22 00:03:03,833 2971671 road_revised.py Completed 13390 of 34374, 38.95%
2026-07-22 00:03:04,387 2971671 road_revised.py Completed 13400 of 34374, 38.98%
2026-07-22 00:03:04,387 2971671 road_revised.py RSS checkpoint [iter1_lcp_progress_13400_of_34374]: 12.88 GB
2026-07-22 00:03:04,938 2971671 road_revised.py Completed 13410 of 34374, 39.01%
2026-07-22 00:03:05,489 2971671 road_revised.py Completed 13420 of 34374, 39.04%
2026-07-22 00:03:06,049 2971671 road_revised.py Completed 13430 of 34374, 39.07%
2026-07-22 00:03:06,587 2971671 road_revised.py Completed 13440 of 34374, 39.10%
2026-07-22 00:03:10,484 2971671 road_revised.py Completed 13450 of 34374, 39.13%
2026-07-22 00:03:10,489 2971671 road_revised.py Completed 13460 of 34374, 39.16%
2026-07-22 00:03:10,534 2971671 road_revised.py Completed 13470 of 34374, 39.19%
2026-07-22 00:03:10,542 2971671 road_revised.py Completed 13480 of 34374, 39.22%
2026-07-22 00:03:11,345 2971671 road_revised.py Completed 13490 of 34374, 39.24%
2026-07-22 00:03:11,828 2971671 road_revised.py Completed 13500 of 34374, 39.27%
2026-07-22 00:03:11,828 2971671 road_revised.py RSS checkpoint [iter1_lcp_progress_13500_of_34374]: 12.92 GB
2026-07-22 00:03:12,362 2971671 road_revised.py Completed 13510 of 34374, 39.30%
2026-07-22 00:03:12,903 2971671 road_revised.py Completed 13520 of 34374, 39.33%
2026-07-22 00:03:13,470 2971671 road_revised.py Completed 13530 of 34374, 39.36%
2026-07-22 00:03:13,974 2971671 road_revised.py Completed 13540 of 34374, 39.39%
2026-07-22 00:03:14,497 2971671 road_revised.py Completed 13550 of 34374, 39.42%
2026-07-22 00:03:15,061 2971671 road_revised.py Completed 13560 of 34374, 39.45%
2026-07-22 00:03:15,559 2971671 road_revised.py Completed 13570 of 34374, 39.48%
2026-07-22 00:03:16,153 2971671 road_revised.py Completed 13580 of 34374, 39.51%
2026-07-22 00:03:16,632 2971671 road_revised.py Completed 13590 of 34374, 39.54%
2026-07-22 00:03:17,191 2971671 road_revised.py Completed 13600 of 34374, 39.56%
2026-07-22 00:03:17,191 2971671 road_revised.py RSS checkpoint [iter1_lcp_progress_13600_of_34374]: 13.12 GB
2026-07-22 00:03:17,665 2971671 road_revised.py Completed 13610 of 34374, 39.59%
2026-07-22 00:03:20,777 2971671 road_revised.py Completed 13620 of 34374, 39.62%
2026-07-22 00:03:20,780 2971671 road_revised.py Completed 13630 of 34374, 39.65%
2026-07-22 00:03:20,781 2971671 road_revised.py Completed 13640 of 34374, 39.68%
2026-07-22 00:03:20,814 2971671 road_revised.py Completed 13650 of 34374, 39.71%
2026-07-22 00:03:21,020 2971671 road_revised.py Completed 13660 of 34374, 39.74%
2026-07-22 00:03:21,547 2971671 road_revised.py Completed 13670 of 34374, 39.77%
2026-07-22 00:03:22,082 2971671 road_revised.py Completed 13680 of 34374, 39.80%
2026-07-22 00:03:22,663 2971671 road_revised.py Completed 13690 of 34374, 39.83%
2026-07-22 00:03:23,157 2971671 road_revised.py Completed 13700 of 34374, 39.86%
2026-07-22 00:03:23,157 2971671 road_revised.py RSS checkpoint [iter1_lcp_progress_13700_of_34374]: 12.95 GB
2026-07-22 00:03:23,698 2971671 road_revised.py Completed 13710 of 34374, 39.88%
2026-07-22 00:03:24,275 2971671 road_revised.py Completed 13720 of 34374, 39.91%
2026-07-22 00:03:24,775 2971671 road_revised.py Completed 13730 of 34374, 39.94%
2026-07-22 00:03:25,244 2971671 road_revised.py Completed 13740 of 34374, 39.97%
2026-07-22 00:03:25,773 2971671 road_revised.py Completed 13750 of 34374, 40.00%
2026-07-22 00:03:26,238 2971671 road_revised.py Completed 13760 of 34374, 40.03%
2026-07-22 00:03:26,737 2971671 road_revised.py Completed 13770 of 34374, 40.06%
2026-07-22 00:03:27,309 2971671 road_revised.py Completed 13780 of 34374, 40.09%
2026-07-22 00:03:32,132 2971671 road_revised.py Completed 13790 of 34374, 40.12%
2026-07-22 00:03:32,136 2971671 road_revised.py Completed 13800 of 34374, 40.15%
2026-07-22 00:03:32,141 2971671 road_revised.py RSS checkpoint [iter1_lcp_progress_13800_of_34374]: 13.39 GB
2026-07-22 00:03:32,576 2971671 road_revised.py Completed 13810 of 34374, 40.18%
2026-07-22 00:03:32,577 2971671 road_revised.py Completed 13820 of 34374, 40.20%
2026-07-22 00:03:32,582 2971671 road_revised.py Completed 13830 of 34374, 40.23%
2026-07-22 00:03:32,594 2971671 road_revised.py Completed 13840 of 34374, 40.26%
2026-07-22 00:03:33,074 2971671 road_revised.py Completed 13850 of 34374, 40.29%
2026-07-22 00:03:33,603 2971671 road_revised.py Completed 13860 of 34374, 40.32%
2026-07-22 00:03:34,202 2971671 road_revised.py Completed 13870 of 34374, 40.35%
2026-07-22 00:03:34,752 2971671 road_revised.py Completed 13880 of 34374, 40.38%
2026-07-22 00:03:35,319 2971671 road_revised.py Completed 13890 of 34374, 40.41%
2026-07-22 00:03:35,772 2971671 road_revised.py Completed 13900 of 34374, 40.44%
2026-07-22 00:03:35,772 2971671 road_revised.py RSS checkpoint [iter1_lcp_progress_13900_of_34374]: 13.27 GB
2026-07-22 00:03:36,307 2971671 road_revised.py Completed 13910 of 34374, 40.47%
2026-07-22 00:03:36,866 2971671 road_revised.py Completed 13920 of 34374, 40.50%
2026-07-22 00:03:37,412 2971671 road_revised.py Completed 13930 of 34374, 40.52%
2026-07-22 00:03:37,964 2971671 road_revised.py Completed 13940 of 34374, 40.55%
2026-07-22 00:03:38,503 2971671 road_revised.py Completed 13950 of 34374, 40.58%
2026-07-22 00:03:41,251 2971671 road_revised.py Completed 13960 of 34374, 40.61%
2026-07-22 00:03:41,266 2971671 road_revised.py Completed 13970 of 34374, 40.64%
2026-07-22 00:03:41,299 2971671 road_revised.py Completed 13980 of 34374, 40.67%
2026-07-22 00:03:41,531 2971671 road_revised.py Completed 13990 of 34374, 40.70%
2026-07-22 00:03:42,033 2971671 road_revised.py Completed 14000 of 34374, 40.73%
2026-07-22 00:03:42,033 2971671 road_revised.py RSS checkpoint [iter1_lcp_progress_14000_of_34374]: 12.96 GB
2026-07-22 00:03:42,576 2971671 road_revised.py Completed 14010 of 34374, 40.76%
2026-07-22 00:03:43,115 2971671 road_revised.py Completed 14020 of 34374, 40.79%
2026-07-22 00:03:43,655 2971671 road_revised.py Completed 14030 of 34374, 40.82%
2026-07-22 00:03:44,153 2971671 road_revised.py Completed 14040 of 34374, 40.84%
2026-07-22 00:03:44,656 2971671 road_revised.py Completed 14050 of 34374, 40.87%
2026-07-22 00:03:45,145 2971671 road_revised.py Completed 14060 of 34374, 40.90%
2026-07-22 00:03:45,648 2971671 road_revised.py Completed 14070 of 34374, 40.93%
2026-07-22 00:03:46,173 2971671 road_revised.py Completed 14080 of 34374, 40.96%
2026-07-22 00:03:46,681 2971671 road_revised.py Completed 14090 of 34374, 40.99%
2026-07-22 00:03:47,232 2971671 road_revised.py Completed 14100 of 34374, 41.02%
2026-07-22 00:03:47,232 2971671 road_revised.py RSS checkpoint [iter1_lcp_progress_14100_of_34374]: 13.12 GB
2026-07-22 00:03:47,835 2971671 road_revised.py Completed 14110 of 34374, 41.05%
2026-07-22 00:03:48,307 2971671 road_revised.py Completed 14120 of 34374, 41.08%
2026-07-22 00:03:51,872 2971671 road_revised.py Completed 14130 of 34374, 41.11%
2026-07-22 00:03:52,344 2971671 road_revised.py Completed 14140 of 34374, 41.14%
2026-07-22 00:03:52,345 2971671 road_revised.py Completed 14150 of 34374, 41.16%
2026-07-22 00:03:52,350 2971671 road_revised.py Completed 14160 of 34374, 41.19%
2026-07-22 00:03:52,354 2971671 road_revised.py Completed 14170 of 34374, 41.22%
2026-07-22 00:03:52,700 2971671 road_revised.py Completed 14180 of 34374, 41.25%
2026-07-22 00:03:53,186 2971671 road_revised.py Completed 14190 of 34374, 41.28%
2026-07-22 00:03:53,689 2971671 road_revised.py Completed 14200 of 34374, 41.31%
2026-07-22 00:03:53,689 2971671 road_revised.py RSS checkpoint [iter1_lcp_progress_14200_of_34374]: 13.12 GB
2026-07-22 00:03:54,235 2971671 road_revised.py Completed 14210 of 34374, 41.34%
2026-07-22 00:03:54,697 2971671 road_revised.py Completed 14220 of 34374, 41.37%
2026-07-22 00:03:55,290 2971671 road_revised.py Completed 14230 of 34374, 41.40%
2026-07-22 00:03:55,741 2971671 road_revised.py Completed 14240 of 34374, 41.43%
2026-07-22 00:03:56,222 2971671 road_revised.py Completed 14250 of 34374, 41.46%
2026-07-22 00:03:56,713 2971671 road_revised.py Completed 14260 of 34374, 41.48%
2026-07-22 00:03:57,220 2971671 road_revised.py Completed 14270 of 34374, 41.51%
2026-07-22 00:03:57,782 2971671 road_revised.py Completed 14280 of 34374, 41.54%
2026-07-22 00:03:58,275 2971671 road_revised.py Completed 14290 of 34374, 41.57%
2026-07-22 00:04:00,855 2971671 road_revised.py Completed 14300 of 34374, 41.60%
2026-07-22 00:04:00,858 2971671 road_revised.py RSS checkpoint [iter1_lcp_progress_14300_of_34374]: 13.30 GB
2026-07-22 00:04:00,862 2971671 road_revised.py Completed 14310 of 34374, 41.63%
2026-07-22 00:04:00,868 2971671 road_revised.py Completed 14320 of 34374, 41.66%
2026-07-22 00:04:01,076 2971671 road_revised.py Completed 14330 of 34374, 41.69%
2026-07-22 00:04:01,613 2971671 road_revised.py Completed 14340 of 34374, 41.72%
2026-07-22 00:04:02,274 2971671 road_revised.py Completed 14350 of 34374, 41.75%
2026-07-22 00:04:02,690 2971671 road_revised.py Completed 14360 of 34374, 41.78%
2026-07-22 00:04:03,197 2971671 road_revised.py Completed 14370 of 34374, 41.80%
2026-07-22 00:04:03,688 2971671 road_revised.py Completed 14380 of 34374, 41.83%
2026-07-22 00:04:04,173 2971671 road_revised.py Completed 14390 of 34374, 41.86%
2026-07-22 00:04:04,669 2971671 road_revised.py Completed 14400 of 34374, 41.89%
2026-07-22 00:04:04,669 2971671 road_revised.py RSS checkpoint [iter1_lcp_progress_14400_of_34374]: 13.23 GB
2026-07-22 00:04:05,148 2971671 road_revised.py Completed 14410 of 34374, 41.92%
2026-07-22 00:04:05,683 2971671 road_revised.py Completed 14420 of 34374, 41.95%
2026-07-22 00:04:06,160 2971671 road_revised.py Completed 14430 of 34374, 41.98%
2026-07-22 00:04:06,651 2971671 road_revised.py Completed 14440 of 34374, 42.01%
2026-07-22 00:04:07,147 2971671 road_revised.py Completed 14450 of 34374, 42.04%
2026-07-22 00:04:07,635 2971671 road_revised.py Completed 14460 of 34374, 42.07%
2026-07-22 00:04:11,528 2971671 road_revised.py Completed 14470 of 34374, 42.10%
2026-07-22 00:04:11,529 2971671 road_revised.py Completed 14480 of 34374, 42.12%
2026-07-22 00:04:11,530 2971671 road_revised.py Completed 14490 of 34374, 42.15%
2026-07-22 00:04:11,548 2971671 road_revised.py Completed 14500 of 34374, 42.18%
2026-07-22 00:04:11,548 2971671 road_revised.py RSS checkpoint [iter1_lcp_progress_14500_of_34374]: 13.50 GB
2026-07-22 00:04:11,602 2971671 road_revised.py Completed 14510 of 34374, 42.21%
2026-07-22 00:04:12,205 2971671 road_revised.py Completed 14520 of 34374, 42.24%
2026-07-22 00:04:12,723 2971671 road_revised.py Completed 14530 of 34374, 42.27%
2026-07-22 00:04:13,243 2971671 road_revised.py Completed 14540 of 34374, 42.30%
2026-07-22 00:04:13,712 2971671 road_revised.py Completed 14550 of 34374, 42.33%
2026-07-22 00:04:14,254 2971671 road_revised.py Completed 14560 of 34374, 42.36%
2026-07-22 00:04:14,756 2971671 road_revised.py Completed 14570 of 34374, 42.39%
2026-07-22 00:04:15,386 2971671 road_revised.py Completed 14580 of 34374, 42.42%
2026-07-22 00:04:15,828 2971671 road_revised.py Completed 14590 of 34374, 42.44%
2026-07-22 00:04:16,414 2971671 road_revised.py Completed 14600 of 34374, 42.47%
2026-07-22 00:04:16,414 2971671 road_revised.py RSS checkpoint [iter1_lcp_progress_14600_of_34374]: 13.45 GB
2026-07-22 00:04:16,854 2971671 road_revised.py Completed 14610 of 34374, 42.50%
2026-07-22 00:04:17,400 2971671 road_revised.py Completed 14620 of 34374, 42.53%
2026-07-22 00:04:20,881 2971671 road_revised.py Completed 14630 of 34374, 42.56%
2026-07-22 00:04:20,885 2971671 road_revised.py Completed 14640 of 34374, 42.59%
2026-07-22 00:04:20,923 2971671 road_revised.py Completed 14650 of 34374, 42.62%
2026-07-22 00:04:20,929 2971671 road_revised.py Completed 14660 of 34374, 42.65%
2026-07-22 00:04:20,930 2971671 road_revised.py Completed 14670 of 34374, 42.68%
2026-07-22 00:04:21,300 2971671 road_revised.py Completed 14680 of 34374, 42.71%
2026-07-22 00:04:21,780 2971671 road_revised.py Completed 14690 of 34374, 42.74%
2026-07-22 00:04:22,343 2971671 road_revised.py Completed 14700 of 34374, 42.76%
2026-07-22 00:04:22,344 2971671 road_revised.py RSS checkpoint [iter1_lcp_progress_14700_of_34374]: 13.30 GB
2026-07-22 00:04:22,778 2971671 road_revised.py Completed 14710 of 34374, 42.79%
2026-07-22 00:04:23,299 2971671 road_revised.py Completed 14720 of 34374, 42.82%
2026-07-22 00:04:23,896 2971671 road_revised.py Completed 14730 of 34374, 42.85%
2026-07-22 00:04:24,374 2971671 road_revised.py Completed 14740 of 34374, 42.88%
2026-07-22 00:04:24,944 2971671 road_revised.py Completed 14750 of 34374, 42.91%
2026-07-22 00:04:25,451 2971671 road_revised.py Completed 14760 of 34374, 42.94%
2026-07-22 00:04:25,994 2971671 road_revised.py Completed 14770 of 34374, 42.97%
2026-07-22 00:04:26,407 2971671 road_revised.py Completed 14780 of 34374, 43.00%
2026-07-22 00:04:26,926 2971671 road_revised.py Completed 14790 of 34374, 43.03%
2026-07-22 00:04:30,846 2971671 road_revised.py Completed 14800 of 34374, 43.06%
2026-07-22 00:04:30,847 2971671 road_revised.py RSS checkpoint [iter1_lcp_progress_14800_of_34374]: 13.78 GB
2026-07-22 00:04:30,851 2971671 road_revised.py Completed 14810 of 34374, 43.08%
2026-07-22 00:04:30,889 2971671 road_revised.py Completed 14820 of 34374, 43.11%
2026-07-22 00:04:30,891 2971671 road_revised.py Completed 14830 of 34374, 43.14%
2026-07-22 00:04:30,892 2971671 road_revised.py Completed 14840 of 34374, 43.17%
2026-07-22 00:04:31,601 2971671 road_revised.py Completed 14850 of 34374, 43.20%
2026-07-22 00:04:32,075 2971671 road_revised.py Completed 14860 of 34374, 43.23%
2026-07-22 00:04:32,648 2971671 road_revised.py Completed 14870 of 34374, 43.26%
2026-07-22 00:04:33,095 2971671 road_revised.py Completed 14880 of 34374, 43.29%
2026-07-22 00:04:33,596 2971671 road_revised.py Completed 14890 of 34374, 43.32%
2026-07-22 00:04:34,114 2971671 road_revised.py Completed 14900 of 34374, 43.35%
2026-07-22 00:04:34,114 2971671 road_revised.py RSS checkpoint [iter1_lcp_progress_14900_of_34374]: 13.65 GB
2026-07-22 00:04:34,635 2971671 road_revised.py Completed 14910 of 34374, 43.38%
2026-07-22 00:04:35,128 2971671 road_revised.py Completed 14920 of 34374, 43.40%
2026-07-22 00:04:35,637 2971671 road_revised.py Completed 14930 of 34374, 43.43%
2026-07-22 00:04:36,141 2971671 road_revised.py Completed 14940 of 34374, 43.46%
2026-07-22 00:04:36,662 2971671 road_revised.py Completed 14950 of 34374, 43.49%
2026-07-22 00:04:37,179 2971671 road_revised.py Completed 14960 of 34374, 43.52%
2026-07-22 00:04:40,482 2971671 road_revised.py Completed 14970 of 34374, 43.55%
2026-07-22 00:04:40,551 2971671 road_revised.py Completed 14980 of 34374, 43.58%
2026-07-22 00:04:40,552 2971671 road_revised.py Completed 14990 of 34374, 43.61%
2026-07-22 00:04:40,553 2971671 road_revised.py Completed 15000 of 34374, 43.64%
2026-07-22 00:04:40,554 2971671 road_revised.py RSS checkpoint [iter1_lcp_progress_15000_of_34374]: 14.05 GB
2026-07-22 00:04:41,049 2971671 road_revised.py Completed 15010 of 34374, 43.67%
2026-07-22 00:04:41,613 2971671 road_revised.py Completed 15020 of 34374, 43.70%
2026-07-22 00:04:42,123 2971671 road_revised.py Completed 15030 of 34374, 43.72%
2026-07-22 00:04:42,570 2971671 road_revised.py Completed 15040 of 34374, 43.75%
2026-07-22 00:04:43,138 2971671 road_revised.py Completed 15050 of 34374, 43.78%
2026-07-22 00:04:43,821 2971671 road_revised.py Completed 15060 of 34374, 43.81%
2026-07-22 00:04:44,320 2971671 road_revised.py Completed 15070 of 34374, 43.84%
2026-07-22 00:04:44,850 2971671 road_revised.py Completed 15080 of 34374, 43.87%
2026-07-22 00:04:45,395 2971671 road_revised.py Completed 15090 of 34374, 43.90%
2026-07-22 00:04:45,943 2971671 road_revised.py Completed 15100 of 34374, 43.93%
2026-07-22 00:04:45,943 2971671 road_revised.py RSS checkpoint [iter1_lcp_progress_15100_of_34374]: 13.95 GB
2026-07-22 00:04:46,492 2971671 road_revised.py Completed 15110 of 34374, 43.96%
2026-07-22 00:04:46,736 2971671 road_revised.py Completed 15120 of 34374, 43.99%
2026-07-22 00:04:47,079 2971671 road_revised.py Completed 15130 of 34374, 44.02%
2026-07-22 00:04:47,729 2971671 road_revised.py Completed 15140 of 34374, 44.04%
2026-07-22 00:04:52,396 2971671 road_revised.py Completed 15150 of 34374, 44.07%
2026-07-22 00:04:52,405 2971671 road_revised.py Completed 15160 of 34374, 44.10%
2026-07-22 00:04:52,870 2971671 road_revised.py Completed 15170 of 34374, 44.13%
2026-07-22 00:04:52,871 2971671 road_revised.py Completed 15180 of 34374, 44.16%
2026-07-22 00:04:52,872 2971671 road_revised.py Completed 15190 of 34374, 44.19%
2026-07-22 00:04:53,202 2971671 road_revised.py Completed 15200 of 34374, 44.22%
2026-07-22 00:04:53,202 2971671 road_revised.py RSS checkpoint [iter1_lcp_progress_15200_of_34374]: 14.21 GB
2026-07-22 00:04:53,862 2971671 road_revised.py Completed 15210 of 34374, 44.25%
2026-07-22 00:04:54,371 2971671 road_revised.py Completed 15220 of 34374, 44.28%
2026-07-22 00:04:54,870 2971671 road_revised.py Completed 15230 of 34374, 44.31%
2026-07-22 00:04:55,417 2971671 road_revised.py Completed 15240 of 34374, 44.34%
2026-07-22 00:04:55,992 2971671 road_revised.py Completed 15250 of 34374, 44.36%
2026-07-22 00:04:56,619 2971671 road_revised.py Completed 15260 of 34374, 44.39%
2026-07-22 00:04:57,120 2971671 road_revised.py Completed 15270 of 34374, 44.42%
2026-07-22 00:04:57,721 2971671 road_revised.py Completed 15280 of 34374, 44.45%
2026-07-22 00:04:58,344 2971671 road_revised.py Completed 15290 of 34374, 44.48%
2026-07-22 00:04:58,895 2971671 road_revised.py Completed 15300 of 34374, 44.51%
2026-07-22 00:04:58,896 2971671 road_revised.py RSS checkpoint [iter1_lcp_progress_15300_of_34374]: 14.48 GB
2026-07-22 00:05:02,802 2971671 road_revised.py Completed 15310 of 34374, 44.54%
2026-07-22 00:05:02,810 2971671 road_revised.py Completed 15320 of 34374, 44.57%
2026-07-22 00:05:02,848 2971671 road_revised.py Completed 15330 of 34374, 44.60%
2026-07-22 00:05:02,849 2971671 road_revised.py Completed 15340 of 34374, 44.63%
2026-07-22 00:05:02,850 2971671 road_revised.py Completed 15350 of 34374, 44.66%
2026-07-22 00:05:03,341 2971671 road_revised.py Completed 15360 of 34374, 44.68%
2026-07-22 00:05:03,942 2971671 road_revised.py Completed 15370 of 34374, 44.71%
2026-07-22 00:05:04,502 2971671 road_revised.py Completed 15380 of 34374, 44.74%
2026-07-22 00:05:05,061 2971671 road_revised.py Completed 15390 of 34374, 44.77%
2026-07-22 00:05:05,587 2971671 road_revised.py Completed 15400 of 34374, 44.80%
2026-07-22 00:05:05,587 2971671 road_revised.py RSS checkpoint [iter1_lcp_progress_15400_of_34374]: 13.97 GB
2026-07-22 00:05:06,194 2971671 road_revised.py Completed 15410 of 34374, 44.83%
2026-07-22 00:05:06,717 2971671 road_revised.py Completed 15420 of 34374, 44.86%
2026-07-22 00:05:07,261 2971671 road_revised.py Completed 15430 of 34374, 44.89%
2026-07-22 00:05:07,791 2971671 road_revised.py Completed 15440 of 34374, 44.92%
2026-07-22 00:05:08,345 2971671 road_revised.py Completed 15450 of 34374, 44.95%
2026-07-22 00:05:08,871 2971671 road_revised.py Completed 15460 of 34374, 44.98%
2026-07-22 00:05:09,468 2971671 road_revised.py Completed 15470 of 34374, 45.00%
2026-07-22 00:05:13,714 2971671 road_revised.py Completed 15480 of 34374, 45.03%
2026-07-22 00:05:13,718 2971671 road_revised.py Completed 15490 of 34374, 45.06%
2026-07-22 00:05:13,749 2971671 road_revised.py Completed 15500 of 34374, 45.09%
2026-07-22 00:05:13,750 2971671 road_revised.py RSS checkpoint [iter1_lcp_progress_15500_of_34374]: 14.28 GB
2026-07-22 00:05:14,168 2971671 road_revised.py Completed 15510 of 34374, 45.12%
2026-07-22 00:05:14,169 2971671 road_revised.py Completed 15520 of 34374, 45.15%
2026-07-22 00:05:14,348 2971671 road_revised.py Completed 15530 of 34374, 45.18%
2026-07-22 00:05:14,886 2971671 road_revised.py Completed 15540 of 34374, 45.21%
2026-07-22 00:05:15,352 2971671 road_revised.py Completed 15550 of 34374, 45.24%
2026-07-22 00:05:15,908 2971671 road_revised.py Completed 15560 of 34374, 45.27%
2026-07-22 00:05:16,411 2971671 road_revised.py Completed 15570 of 34374, 45.30%
2026-07-22 00:05:16,942 2971671 road_revised.py Completed 15580 of 34374, 45.32%
2026-07-22 00:05:17,447 2971671 road_revised.py Completed 15590 of 34374, 45.35%
2026-07-22 00:05:18,009 2971671 road_revised.py Completed 15600 of 34374, 45.38%
2026-07-22 00:05:18,009 2971671 road_revised.py RSS checkpoint [iter1_lcp_progress_15600_of_34374]: 14.20 GB
2026-07-22 00:05:18,592 2971671 road_revised.py Completed 15610 of 34374, 45.41%
2026-07-22 00:05:19,098 2971671 road_revised.py Completed 15620 of 34374, 45.44%
2026-07-22 00:05:19,562 2971671 road_revised.py Completed 15630 of 34374, 45.47%
2026-07-22 00:05:20,127 2971671 road_revised.py Completed 15640 of 34374, 45.50%
2026-07-22 00:05:23,208 2971671 road_revised.py Completed 15650 of 34374, 45.53%
2026-07-22 00:05:23,271 2971671 road_revised.py Completed 15660 of 34374, 45.56%
2026-07-22 00:05:23,275 2971671 road_revised.py Completed 15670 of 34374, 45.59%
2026-07-22 00:05:23,277 2971671 road_revised.py Completed 15680 of 34374, 45.62%
2026-07-22 00:05:23,667 2971671 road_revised.py Completed 15690 of 34374, 45.64%
2026-07-22 00:05:24,359 2971671 road_revised.py Completed 15700 of 34374, 45.67%
2026-07-22 00:05:24,359 2971671 road_revised.py RSS checkpoint [iter1_lcp_progress_15700_of_34374]: 14.02 GB
2026-07-22 00:05:24,874 2971671 road_revised.py Completed 15710 of 34374, 45.70%
2026-07-22 00:05:25,479 2971671 road_revised.py Completed 15720 of 34374, 45.73%
2026-07-22 00:05:25,956 2971671 road_revised.py Completed 15730 of 34374, 45.76%
2026-07-22 00:05:26,555 2971671 road_revised.py Completed 15740 of 34374, 45.79%
2026-07-22 00:05:27,084 2971671 road_revised.py Completed 15750 of 34374, 45.82%
2026-07-22 00:05:27,633 2971671 road_revised.py Completed 15760 of 34374, 45.85%
2026-07-22 00:05:28,206 2971671 road_revised.py Completed 15770 of 34374, 45.88%
2026-07-22 00:05:28,690 2971671 road_revised.py Completed 15780 of 34374, 45.91%
2026-07-22 00:05:29,264 2971671 road_revised.py Completed 15790 of 34374, 45.94%
2026-07-22 00:05:29,803 2971671 road_revised.py Completed 15800 of 34374, 45.96%
2026-07-22 00:05:29,804 2971671 road_revised.py RSS checkpoint [iter1_lcp_progress_15800_of_34374]: 14.23 GB
2026-07-22 00:05:30,415 2971671 road_revised.py Completed 15810 of 34374, 45.99%
2026-07-22 00:05:34,167 2971671 road_revised.py Completed 15820 of 34374, 46.02%
2026-07-22 00:05:34,204 2971671 road_revised.py Completed 15830 of 34374, 46.05%
2026-07-22 00:05:34,602 2971671 road_revised.py Completed 15840 of 34374, 46.08%
2026-07-22 00:05:34,603 2971671 road_revised.py Completed 15850 of 34374, 46.11%
2026-07-22 00:05:34,838 2971671 road_revised.py Completed 15860 of 34374, 46.14%
2026-07-22 00:05:35,464 2971671 road_revised.py Completed 15870 of 34374, 46.17%
2026-07-22 00:05:35,935 2971671 road_revised.py Completed 15880 of 34374, 46.20%
2026-07-22 00:05:36,572 2971671 road_revised.py Completed 15890 of 34374, 46.23%
2026-07-22 00:05:37,052 2971671 road_revised.py Completed 15900 of 34374, 46.26%
2026-07-22 00:05:37,052 2971671 road_revised.py RSS checkpoint [iter1_lcp_progress_15900_of_34374]: 14.31 GB
2026-07-22 00:05:37,556 2971671 road_revised.py Completed 15910 of 34374, 46.28%
2026-07-22 00:05:38,067 2971671 road_revised.py Completed 15920 of 34374, 46.31%
2026-07-22 00:05:38,601 2971671 road_revised.py Completed 15930 of 34374, 46.34%
2026-07-22 00:05:39,139 2971671 road_revised.py Completed 15940 of 34374, 46.37%
2026-07-22 00:05:39,624 2971671 road_revised.py Completed 15950 of 34374, 46.40%
2026-07-22 00:05:40,146 2971671 road_revised.py Completed 15960 of 34374, 46.43%
2026-07-22 00:05:40,657 2971671 road_revised.py Completed 15970 of 34374, 46.46%
2026-07-22 00:05:44,018 2971671 road_revised.py Completed 15980 of 34374, 46.49%
2026-07-22 00:05:44,026 2971671 road_revised.py Completed 15990 of 34374, 46.52%
2026-07-22 00:05:44,027 2971671 road_revised.py Completed 16000 of 34374, 46.55%
2026-07-22 00:05:44,028 2971671 road_revised.py RSS checkpoint [iter1_lcp_progress_16000_of_34374]: 14.47 GB
2026-07-22 00:05:44,029 2971671 road_revised.py Completed 16010 of 34374, 46.58%
2026-07-22 00:05:44,053 2971671 road_revised.py Completed 16020 of 34374, 46.60%
2026-07-22 00:05:44,283 2971671 road_revised.py Completed 16030 of 34374, 46.63%
2026-07-22 00:05:44,726 2971671 road_revised.py Completed 16040 of 34374, 46.66%
2026-07-22 00:05:45,276 2971671 road_revised.py Completed 16050 of 34374, 46.69%
2026-07-22 00:05:45,837 2971671 road_revised.py Completed 16060 of 34374, 46.72%
2026-07-22 00:05:46,342 2971671 road_revised.py Completed 16070 of 34374, 46.75%
2026-07-22 00:05:46,866 2971671 road_revised.py Completed 16080 of 34374, 46.78%
2026-07-22 00:05:47,478 2971671 road_revised.py Completed 16090 of 34374, 46.81%
2026-07-22 00:05:47,899 2971671 road_revised.py Completed 16100 of 34374, 46.84%
2026-07-22 00:05:47,899 2971671 road_revised.py RSS checkpoint [iter1_lcp_progress_16100_of_34374]: 14.34 GB
2026-07-22 00:05:48,459 2971671 road_revised.py Completed 16110 of 34374, 46.87%
2026-07-22 00:05:48,926 2971671 road_revised.py Completed 16120 of 34374, 46.90%
2026-07-22 00:05:49,463 2971671 road_revised.py Completed 16130 of 34374, 46.93%
2026-07-22 00:05:49,936 2971671 road_revised.py Completed 16140 of 34374, 46.95%
2026-07-22 00:05:50,418 2971671 road_revised.py Completed 16150 of 34374, 46.98%
2026-07-22 00:05:53,911 2971671 road_revised.py Completed 16160 of 34374, 47.01%
2026-07-22 00:05:54,297 2971671 road_revised.py Completed 16170 of 34374, 47.04%
2026-07-22 00:05:54,298 2971671 road_revised.py Completed 16180 of 34374, 47.07%
2026-07-22 00:05:54,299 2971671 road_revised.py Completed 16190 of 34374, 47.10%
2026-07-22 00:05:54,575 2971671 road_revised.py Completed 16200 of 34374, 47.13%
2026-07-22 00:05:54,575 2971671 road_revised.py RSS checkpoint [iter1_lcp_progress_16200_of_34374]: 14.23 GB
2026-07-22 00:05:55,098 2971671 road_revised.py Completed 16210 of 34374, 47.16%
2026-07-22 00:05:55,687 2971671 road_revised.py Completed 16220 of 34374, 47.19%
2026-07-22 00:05:56,279 2971671 road_revised.py Completed 16230 of 34374, 47.22%
2026-07-22 00:05:56,725 2971671 road_revised.py Completed 16240 of 34374, 47.25%
2026-07-22 00:05:57,219 2971671 road_revised.py Completed 16250 of 34374, 47.27%
2026-07-22 00:05:57,732 2971671 road_revised.py Completed 16260 of 34374, 47.30%
2026-07-22 00:05:58,285 2971671 road_revised.py Completed 16270 of 34374, 47.33%
2026-07-22 00:05:58,751 2971671 road_revised.py Completed 16280 of 34374, 47.36%
2026-07-22 00:05:59,315 2971671 road_revised.py Completed 16290 of 34374, 47.39%
2026-07-22 00:05:59,801 2971671 road_revised.py Completed 16300 of 34374, 47.42%
2026-07-22 00:05:59,801 2971671 road_revised.py RSS checkpoint [iter1_lcp_progress_16300_of_34374]: 14.43 GB
2026-07-22 00:06:00,338 2971671 road_revised.py Completed 16310 of 34374, 47.45%
2026-07-22 00:06:00,919 2971671 road_revised.py Completed 16320 of 34374, 47.48%
2026-07-22 00:06:03,699 2971671 road_revised.py Completed 16330 of 34374, 47.51%
2026-07-22 00:06:03,702 2971671 road_revised.py Completed 16340 of 34374, 47.54%
2026-07-22 00:06:03,743 2971671 road_revised.py Completed 16350 of 34374, 47.57%
2026-07-22 00:06:03,916 2971671 road_revised.py Completed 16360 of 34374, 47.59%
2026-07-22 00:06:04,445 2971671 road_revised.py Completed 16370 of 34374, 47.62%
2026-07-22 00:06:04,948 2971671 road_revised.py Completed 16380 of 34374, 47.65%
2026-07-22 00:06:05,371 2971671 road_revised.py Completed 16390 of 34374, 47.68%
2026-07-22 00:06:05,875 2971671 road_revised.py Completed 16400 of 34374, 47.71%
2026-07-22 00:06:05,876 2971671 road_revised.py RSS checkpoint [iter1_lcp_progress_16400_of_34374]: 14.32 GB
2026-07-22 00:06:06,394 2971671 road_revised.py Completed 16410 of 34374, 47.74%
2026-07-22 00:06:06,907 2971671 road_revised.py Completed 16420 of 34374, 47.77%
2026-07-22 00:06:07,386 2971671 road_revised.py Completed 16430 of 34374, 47.80%
2026-07-22 00:06:07,859 2971671 road_revised.py Completed 16440 of 34374, 47.83%
2026-07-22 00:06:08,392 2971671 road_revised.py Completed 16450 of 34374, 47.86%
2026-07-22 00:06:08,959 2971671 road_revised.py Completed 16460 of 34374, 47.89%
2026-07-22 00:06:09,429 2971671 road_revised.py Completed 16470 of 34374, 47.91%
2026-07-22 00:06:09,992 2971671 road_revised.py Completed 16480 of 34374, 47.94%
2026-07-22 00:06:10,535 2971671 road_revised.py Completed 16490 of 34374, 47.97%
2026-07-22 00:06:14,027 2971671 road_revised.py Completed 16500 of 34374, 48.00%
2026-07-22 00:06:14,027 2971671 road_revised.py RSS checkpoint [iter1_lcp_progress_16500_of_34374]: 14.71 GB
2026-07-22 00:06:14,028 2971671 road_revised.py Completed 16510 of 34374, 48.03%
2026-07-22 00:06:14,034 2971671 road_revised.py Completed 16520 of 34374, 48.06%
2026-07-22 00:06:14,235 2971671 road_revised.py Completed 16530 of 34374, 48.09%
2026-07-22 00:06:14,870 2971671 road_revised.py Completed 16540 of 34374, 48.12%
2026-07-22 00:06:15,356 2971671 road_revised.py Completed 16550 of 34374, 48.15%
2026-07-22 00:06:15,923 2971671 road_revised.py Completed 16560 of 34374, 48.18%
2026-07-22 00:06:16,382 2971671 road_revised.py Completed 16570 of 34374, 48.21%
2026-07-22 00:06:16,899 2971671 road_revised.py Completed 16580 of 34374, 48.23%
2026-07-22 00:06:17,453 2971671 road_revised.py Completed 16590 of 34374, 48.26%
2026-07-22 00:06:17,875 2971671 road_revised.py Completed 16600 of 34374, 48.29%
2026-07-22 00:06:17,876 2971671 road_revised.py RSS checkpoint [iter1_lcp_progress_16600_of_34374]: 14.61 GB
2026-07-22 00:06:18,511 2971671 road_revised.py Completed 16610 of 34374, 48.32%
2026-07-22 00:06:18,934 2971671 road_revised.py Completed 16620 of 34374, 48.35%
2026-07-22 00:06:19,506 2971671 road_revised.py Completed 16630 of 34374, 48.38%
2026-07-22 00:06:20,007 2971671 road_revised.py Completed 16640 of 34374, 48.41%
2026-07-22 00:06:20,540 2971671 road_revised.py Completed 16650 of 34374, 48.44%
2026-07-22 00:06:24,375 2971671 road_revised.py Completed 16660 of 34374, 48.47%
2026-07-22 00:06:24,382 2971671 road_revised.py Completed 16670 of 34374, 48.50%
2026-07-22 00:06:24,419 2971671 road_revised.py Completed 16680 of 34374, 48.53%
2026-07-22 00:06:24,424 2971671 road_revised.py Completed 16690 of 34374, 48.55%
2026-07-22 00:06:24,425 2971671 road_revised.py Completed 16700 of 34374, 48.58%
2026-07-22 00:06:24,426 2971671 road_revised.py RSS checkpoint [iter1_lcp_progress_16700_of_34374]: 14.81 GB
2026-07-22 00:06:24,431 2971671 road_revised.py Completed 16710 of 34374, 48.61%
2026-07-22 00:06:24,712 2971671 road_revised.py Completed 16720 of 34374, 48.64%
2026-07-22 00:06:25,244 2971671 road_revised.py Completed 16730 of 34374, 48.67%
2026-07-22 00:06:25,760 2971671 road_revised.py Completed 16740 of 34374, 48.70%
2026-07-22 00:06:26,224 2971671 road_revised.py Completed 16750 of 34374, 48.73%
2026-07-22 00:06:26,726 2971671 road_revised.py Completed 16760 of 34374, 48.76%
2026-07-22 00:06:27,223 2971671 road_revised.py Completed 16770 of 34374, 48.79%
2026-07-22 00:06:27,790 2971671 road_revised.py Completed 16780 of 34374, 48.82%
2026-07-22 00:06:28,263 2971671 road_revised.py Completed 16790 of 34374, 48.85%
2026-07-22 00:06:28,872 2971671 road_revised.py Completed 16800 of 34374, 48.87%
2026-07-22 00:06:28,873 2971671 road_revised.py RSS checkpoint [iter1_lcp_progress_16800_of_34374]: 14.71 GB
2026-07-22 00:06:29,393 2971671 road_revised.py Completed 16810 of 34374, 48.90%
2026-07-22 00:06:29,858 2971671 road_revised.py Completed 16820 of 34374, 48.93%
2026-07-22 00:06:33,947 2971671 road_revised.py Completed 16830 of 34374, 48.96%
2026-07-22 00:06:33,954 2971671 road_revised.py Completed 16840 of 34374, 48.99%
2026-07-22 00:06:33,970 2971671 road_revised.py Completed 16850 of 34374, 49.02%
2026-07-22 00:06:34,471 2971671 road_revised.py Completed 16860 of 34374, 49.05%
2026-07-22 00:06:34,472 2971671 road_revised.py Completed 16870 of 34374, 49.08%
2026-07-22 00:06:34,473 2971671 road_revised.py Completed 16880 of 34374, 49.11%
2026-07-22 00:06:34,783 2971671 road_revised.py Completed 16890 of 34374, 49.14%
2026-07-22 00:06:35,259 2971671 road_revised.py Completed 16900 of 34374, 49.17%
2026-07-22 00:06:35,259 2971671 road_revised.py RSS checkpoint [iter1_lcp_progress_16900_of_34374]: 14.82 GB
2026-07-22 00:06:35,920 2971671 road_revised.py Completed 16910 of 34374, 49.19%
2026-07-22 00:06:36,361 2971671 road_revised.py Completed 16920 of 34374, 49.22%
2026-07-22 00:06:36,938 2971671 road_revised.py Completed 16930 of 34374, 49.25%
2026-07-22 00:06:37,378 2971671 road_revised.py Completed 16940 of 34374, 49.28%
2026-07-22 00:06:37,833 2971671 road_revised.py Completed 16950 of 34374, 49.31%
2026-07-22 00:06:38,499 2971671 road_revised.py Completed 16960 of 34374, 49.34%
2026-07-22 00:06:38,964 2971671 road_revised.py Completed 16970 of 34374, 49.37%
2026-07-22 00:06:39,502 2971671 road_revised.py Completed 16980 of 34374, 49.40%
2026-07-22 00:06:39,991 2971671 road_revised.py Completed 16990 of 34374, 49.43%
2026-07-22 00:06:43,573 2971671 road_revised.py Completed 17000 of 34374, 49.46%
2026-07-22 00:06:43,575 2971671 road_revised.py RSS checkpoint [iter1_lcp_progress_17000_of_34374]: 14.99 GB
2026-07-22 00:06:43,598 2971671 road_revised.py Completed 17010 of 34374, 49.49%
2026-07-22 00:06:43,642 2971671 road_revised.py Completed 17020 of 34374, 49.51%
2026-07-22 00:06:43,643 2971671 road_revised.py Completed 17030 of 34374, 49.54%
2026-07-22 00:06:43,652 2971671 road_revised.py Completed 17040 of 34374, 49.57%
2026-07-22 00:06:44,120 2971671 road_revised.py Completed 17050 of 34374, 49.60%
2026-07-22 00:06:44,646 2971671 road_revised.py Completed 17060 of 34374, 49.63%
2026-07-22 00:06:45,220 2971671 road_revised.py Completed 17070 of 34374, 49.66%
2026-07-22 00:06:45,651 2971671 road_revised.py Completed 17080 of 34374, 49.69%
2026-07-22 00:06:46,144 2971671 road_revised.py Completed 17090 of 34374, 49.72%
2026-07-22 00:06:46,639 2971671 road_revised.py Completed 17100 of 34374, 49.75%
2026-07-22 00:06:46,639 2971671 road_revised.py RSS checkpoint [iter1_lcp_progress_17100_of_34374]: 14.86 GB
2026-07-22 00:06:47,132 2971671 road_revised.py Completed 17110 of 34374, 49.78%
2026-07-22 00:06:47,638 2971671 road_revised.py Completed 17120 of 34374, 49.81%
2026-07-22 00:06:48,152 2971671 road_revised.py Completed 17130 of 34374, 49.83%
2026-07-22 00:06:48,663 2971671 road_revised.py Completed 17140 of 34374, 49.86%
2026-07-22 00:06:49,212 2971671 road_revised.py Completed 17150 of 34374, 49.89%
2026-07-22 00:06:49,655 2971671 road_revised.py Completed 17160 of 34374, 49.92%
2026-07-22 00:06:54,077 2971671 road_revised.py Completed 17170 of 34374, 49.95%
2026-07-22 00:06:54,080 2971671 road_revised.py Completed 17180 of 34374, 49.98%
2026-07-22 00:06:54,111 2971671 road_revised.py Completed 17190 of 34374, 50.01%
2026-07-22 00:06:54,553 2971671 road_revised.py Completed 17200 of 34374, 50.04%
2026-07-22 00:06:54,559 2971671 road_revised.py RSS checkpoint [iter1_lcp_progress_17200_of_34374]: 15.26 GB
2026-07-22 00:06:54,581 2971671 road_revised.py Completed 17210 of 34374, 50.07%
2026-07-22 00:06:55,138 2971671 road_revised.py Completed 17220 of 34374, 50.10%
2026-07-22 00:06:55,691 2971671 road_revised.py Completed 17230 of 34374, 50.13%
2026-07-22 00:06:56,333 2971671 road_revised.py Completed 17240 of 34374, 50.15%
2026-07-22 00:06:56,924 2971671 road_revised.py Completed 17250 of 34374, 50.18%
2026-07-22 00:06:57,572 2971671 road_revised.py Completed 17260 of 34374, 50.21%
2026-07-22 00:06:58,163 2971671 road_revised.py Completed 17270 of 34374, 50.24%
2026-07-22 00:06:58,685 2971671 road_revised.py Completed 17280 of 34374, 50.27%
2026-07-22 00:06:59,247 2971671 road_revised.py Completed 17290 of 34374, 50.30%
2026-07-22 00:06:59,835 2971671 road_revised.py Completed 17300 of 34374, 50.33%
2026-07-22 00:06:59,835 2971671 road_revised.py RSS checkpoint [iter1_lcp_progress_17300_of_34374]: 15.58 GB
2026-07-22 00:07:00,370 2971671 road_revised.py Completed 17310 of 34374, 50.36%
2026-07-22 00:07:00,996 2971671 road_revised.py Completed 17320 of 34374, 50.39%
2026-07-22 00:07:05,175 2971671 road_revised.py Completed 17330 of 34374, 50.42%
2026-07-22 00:07:05,196 2971671 road_revised.py Completed 17340 of 34374, 50.45%
2026-07-22 00:07:05,244 2971671 road_revised.py Completed 17350 of 34374, 50.47%
2026-07-22 00:07:05,245 2971671 road_revised.py Completed 17360 of 34374, 50.50%
2026-07-22 00:07:05,246 2971671 road_revised.py Completed 17370 of 34374, 50.53%
2026-07-22 00:07:05,709 2971671 road_revised.py Completed 17380 of 34374, 50.56%
2026-07-22 00:07:06,287 2971671 road_revised.py Completed 17390 of 34374, 50.59%
2026-07-22 00:07:06,978 2971671 road_revised.py Completed 17400 of 34374, 50.62%
2026-07-22 00:07:06,978 2971671 road_revised.py RSS checkpoint [iter1_lcp_progress_17400_of_34374]: 15.22 GB
2026-07-22 00:07:07,477 2971671 road_revised.py Completed 17410 of 34374, 50.65%
2026-07-22 00:07:08,080 2971671 road_revised.py Completed 17420 of 34374, 50.68%
2026-07-22 00:07:08,562 2971671 road_revised.py Completed 17430 of 34374, 50.71%
2026-07-22 00:07:09,138 2971671 road_revised.py Completed 17440 of 34374, 50.74%
2026-07-22 00:07:09,663 2971671 road_revised.py Completed 17450 of 34374, 50.77%
2026-07-22 00:07:10,266 2971671 road_revised.py Completed 17460 of 34374, 50.79%
2026-07-22 00:07:10,817 2971671 road_revised.py Completed 17470 of 34374, 50.82%
2026-07-22 00:07:11,350 2971671 road_revised.py Completed 17480 of 34374, 50.85%
2026-07-22 00:07:11,669 2971671 road_revised.py Completed 17490 of 34374, 50.88%
2026-07-22 00:07:11,892 2971671 road_revised.py Completed 17500 of 34374, 50.91%
2026-07-22 00:07:11,892 2971671 road_revised.py RSS checkpoint [iter1_lcp_progress_17500_of_34374]: 15.41 GB
2026-07-22 00:07:17,219 2971671 road_revised.py Completed 17510 of 34374, 50.94%
2026-07-22 00:07:17,222 2971671 road_revised.py Completed 17520 of 34374, 50.97%
2026-07-22 00:07:17,223 2971671 road_revised.py Completed 17530 of 34374, 51.00%
2026-07-22 00:07:17,224 2971671 road_revised.py Completed 17540 of 34374, 51.03%
2026-07-22 00:07:17,226 2971671 road_revised.py Completed 17550 of 34374, 51.06%
2026-07-22 00:07:17,227 2971671 road_revised.py Completed 17560 of 34374, 51.09%
2026-07-22 00:07:17,537 2971671 road_revised.py Completed 17570 of 34374, 51.11%
2026-07-22 00:07:18,163 2971671 road_revised.py Completed 17580 of 34374, 51.14%
2026-07-22 00:07:18,697 2971671 road_revised.py Completed 17590 of 34374, 51.17%
2026-07-22 00:07:19,221 2971671 road_revised.py Completed 17600 of 34374, 51.20%
2026-07-22 00:07:19,222 2971671 road_revised.py RSS checkpoint [iter1_lcp_progress_17600_of_34374]: 14.25 GB
2026-07-22 00:07:19,836 2971671 road_revised.py Completed 17610 of 34374, 51.23%
2026-07-22 00:07:20,391 2971671 road_revised.py Completed 17620 of 34374, 51.26%
2026-07-22 00:07:20,997 2971671 road_revised.py Completed 17630 of 34374, 51.29%
2026-07-22 00:07:21,553 2971671 road_revised.py Completed 17640 of 34374, 51.32%
2026-07-22 00:07:22,058 2971671 road_revised.py Completed 17650 of 34374, 51.35%
2026-07-22 00:07:22,618 2971671 road_revised.py Completed 17660 of 34374, 51.38%
2026-07-22 00:07:23,138 2971671 road_revised.py Completed 17670 of 34374, 51.41%
2026-07-22 00:07:26,267 2971671 road_revised.py Completed 17680 of 34374, 51.43%
2026-07-22 00:07:26,279 2971671 road_revised.py Completed 17690 of 34374, 51.46%
2026-07-22 00:07:26,280 2971671 road_revised.py Completed 17700 of 34374, 51.49%
2026-07-22 00:07:26,280 2971671 road_revised.py RSS checkpoint [iter1_lcp_progress_17700_of_34374]: 14.22 GB
2026-07-22 00:07:26,292 2971671 road_revised.py Completed 17710 of 34374, 51.52%
2026-07-22 00:07:26,654 2971671 road_revised.py Completed 17720 of 34374, 51.55%
2026-07-22 00:07:27,147 2971671 road_revised.py Completed 17730 of 34374, 51.58%
2026-07-22 00:07:27,755 2971671 road_revised.py Completed 17740 of 34374, 51.61%
2026-07-22 00:07:28,267 2971671 road_revised.py Completed 17750 of 34374, 51.64%
2026-07-22 00:07:28,798 2971671 road_revised.py Completed 17760 of 34374, 51.67%
2026-07-22 00:07:29,442 2971671 road_revised.py Completed 17770 of 34374, 51.70%
2026-07-22 00:07:29,974 2971671 road_revised.py Completed 17780 of 34374, 51.73%
2026-07-22 00:07:30,534 2971671 road_revised.py Completed 17790 of 34374, 51.75%
2026-07-22 00:07:31,077 2971671 road_revised.py Completed 17800 of 34374, 51.78%
2026-07-22 00:07:31,078 2971671 road_revised.py RSS checkpoint [iter1_lcp_progress_17800_of_34374]: 14.63 GB
2026-07-22 00:07:31,583 2971671 road_revised.py Completed 17810 of 34374, 51.81%
2026-07-22 00:07:32,124 2971671 road_revised.py Completed 17820 of 34374, 51.84%
2026-07-22 00:07:32,568 2971671 road_revised.py Completed 17830 of 34374, 51.87%
2026-07-22 00:07:33,105 2971671 road_revised.py Completed 17840 of 34374, 51.90%
2026-07-22 00:07:37,065 2971671 road_revised.py Completed 17850 of 34374, 51.93%
2026-07-22 00:07:37,071 2971671 road_revised.py Completed 17860 of 34374, 51.96%
2026-07-22 00:07:37,081 2971671 road_revised.py Completed 17870 of 34374, 51.99%
2026-07-22 00:07:37,089 2971671 road_revised.py Completed 17880 of 34374, 52.02%
2026-07-22 00:07:37,090 2971671 road_revised.py Completed 17890 of 34374, 52.05%
2026-07-22 00:07:37,947 2971671 road_revised.py Completed 17900 of 34374, 52.07%
2026-07-22 00:07:37,952 2971671 road_revised.py RSS checkpoint [iter1_lcp_progress_17900_of_34374]: 14.17 GB
2026-07-22 00:07:38,428 2971671 road_revised.py Completed 17910 of 34374, 52.10%
2026-07-22 00:07:38,989 2971671 road_revised.py Completed 17920 of 34374, 52.13%
2026-07-22 00:07:39,523 2971671 road_revised.py Completed 17930 of 34374, 52.16%
2026-07-22 00:07:40,098 2971671 road_revised.py Completed 17940 of 34374, 52.19%
2026-07-22 00:07:40,569 2971671 road_revised.py Completed 17950 of 34374, 52.22%
2026-07-22 00:07:41,150 2971671 road_revised.py Completed 17960 of 34374, 52.25%
2026-07-22 00:07:41,697 2971671 road_revised.py Completed 17970 of 34374, 52.28%
2026-07-22 00:07:42,188 2971671 road_revised.py Completed 17980 of 34374, 52.31%
2026-07-22 00:07:42,687 2971671 road_revised.py Completed 17990 of 34374, 52.34%
2026-07-22 00:07:43,218 2971671 road_revised.py Completed 18000 of 34374, 52.37%
2026-07-22 00:07:43,218 2971671 road_revised.py RSS checkpoint [iter1_lcp_progress_18000_of_34374]: 14.70 GB
2026-07-22 00:07:46,268 2971671 road_revised.py Completed 18010 of 34374, 52.39%
2026-07-22 00:07:46,270 2971671 road_revised.py Completed 18020 of 34374, 52.42%
2026-07-22 00:07:46,271 2971671 road_revised.py Completed 18030 of 34374, 52.45%
2026-07-22 00:07:46,277 2971671 road_revised.py Completed 18040 of 34374, 52.48%
2026-07-22 00:07:46,617 2971671 road_revised.py Completed 18050 of 34374, 52.51%
2026-07-22 00:07:47,101 2971671 road_revised.py Completed 18060 of 34374, 52.54%
2026-07-22 00:07:47,595 2971671 road_revised.py Completed 18070 of 34374, 52.57%
2026-07-22 00:07:48,101 2971671 road_revised.py Completed 18080 of 34374, 52.60%
2026-07-22 00:07:48,619 2971671 road_revised.py Completed 18090 of 34374, 52.63%
2026-07-22 00:07:49,138 2971671 road_revised.py Completed 18100 of 34374, 52.66%
2026-07-22 00:07:49,138 2971671 road_revised.py RSS checkpoint [iter1_lcp_progress_18100_of_34374]: 14.18 GB
2026-07-22 00:07:49,632 2971671 road_revised.py Completed 18110 of 34374, 52.69%
2026-07-22 00:07:50,125 2971671 road_revised.py Completed 18120 of 34374, 52.71%
2026-07-22 00:07:50,765 2971671 road_revised.py Completed 18130 of 34374, 52.74%
2026-07-22 00:07:51,308 2971671 road_revised.py Completed 18140 of 34374, 52.77%
2026-07-22 00:07:51,755 2971671 road_revised.py Completed 18150 of 34374, 52.80%
2026-07-22 00:07:52,306 2971671 road_revised.py Completed 18160 of 34374, 52.83%
2026-07-22 00:07:52,842 2971671 road_revised.py Completed 18170 of 34374, 52.86%
2026-07-22 00:07:56,694 2971671 road_revised.py Completed 18180 of 34374, 52.89%
2026-07-22 00:07:56,696 2971671 road_revised.py Completed 18190 of 34374, 52.92%
2026-07-22 00:07:56,697 2971671 road_revised.py Completed 18200 of 34374, 52.95%
2026-07-22 00:07:56,697 2971671 road_revised.py RSS checkpoint [iter1_lcp_progress_18200_of_34374]: 14.66 GB
2026-07-22 00:07:56,714 2971671 road_revised.py Completed 18210 of 34374, 52.98%
2026-07-22 00:07:56,715 2971671 road_revised.py Completed 18220 of 34374, 53.01%
2026-07-22 00:07:57,380 2971671 road_revised.py Completed 18230 of 34374, 53.03%
2026-07-22 00:07:57,828 2971671 road_revised.py Completed 18240 of 34374, 53.06%
2026-07-22 00:07:58,367 2971671 road_revised.py Completed 18250 of 34374, 53.09%
2026-07-22 00:07:58,877 2971671 road_revised.py Completed 18260 of 34374, 53.12%
2026-07-22 00:07:59,401 2971671 road_revised.py Completed 18270 of 34374, 53.15%
2026-07-22 00:07:59,885 2971671 road_revised.py Completed 18280 of 34374, 53.18%
2026-07-22 00:08:00,354 2971671 road_revised.py Completed 18290 of 34374, 53.21%
2026-07-22 00:08:00,955 2971671 road_revised.py Completed 18300 of 34374, 53.24%
2026-07-22 00:08:00,956 2971671 road_revised.py RSS checkpoint [iter1_lcp_progress_18300_of_34374]: 14.59 GB
2026-07-22 00:08:01,407 2971671 road_revised.py Completed 18310 of 34374, 53.27%
2026-07-22 00:08:01,996 2971671 road_revised.py Completed 18320 of 34374, 53.30%
2026-07-22 00:08:02,521 2971671 road_revised.py Completed 18330 of 34374, 53.33%
2026-07-22 00:08:03,056 2971671 road_revised.py Completed 18340 of 34374, 53.35%
2026-07-22 00:08:06,113 2971671 road_revised.py Completed 18350 of 34374, 53.38%
2026-07-22 00:08:06,121 2971671 road_revised.py Completed 18360 of 34374, 53.41%
2026-07-22 00:08:06,169 2971671 road_revised.py Completed 18370 of 34374, 53.44%
2026-07-22 00:08:06,170 2971671 road_revised.py Completed 18380 of 34374, 53.47%
2026-07-22 00:08:06,326 2971671 road_revised.py Completed 18390 of 34374, 53.50%
2026-07-22 00:08:06,812 2971671 road_revised.py Completed 18400 of 34374, 53.53%
2026-07-22 00:08:06,812 2971671 road_revised.py RSS checkpoint [iter1_lcp_progress_18400_of_34374]: 14.55 GB
2026-07-22 00:08:07,393 2971671 road_revised.py Completed 18410 of 34374, 53.56%
2026-07-22 00:08:08,018 2971671 road_revised.py Completed 18420 of 34374, 53.59%
2026-07-22 00:08:08,482 2971671 road_revised.py Completed 18430 of 34374, 53.62%
2026-07-22 00:08:08,961 2971671 road_revised.py Completed 18440 of 34374, 53.65%
2026-07-22 00:08:09,467 2971671 road_revised.py Completed 18450 of 34374, 53.67%
2026-07-22 00:08:10,003 2971671 road_revised.py Completed 18460 of 34374, 53.70%
2026-07-22 00:08:10,498 2971671 road_revised.py Completed 18470 of 34374, 53.73%
2026-07-22 00:08:10,984 2971671 road_revised.py Completed 18480 of 34374, 53.76%
2026-07-22 00:08:11,489 2971671 road_revised.py Completed 18490 of 34374, 53.79%
2026-07-22 00:08:11,997 2971671 road_revised.py Completed 18500 of 34374, 53.82%
2026-07-22 00:08:11,998 2971671 road_revised.py RSS checkpoint [iter1_lcp_progress_18500_of_34374]: 15.07 GB
2026-07-22 00:08:12,471 2971671 road_revised.py Completed 18510 of 34374, 53.85%
2026-07-22 00:08:16,360 2971671 road_revised.py Completed 18520 of 34374, 53.88%
2026-07-22 00:08:16,362 2971671 road_revised.py Completed 18530 of 34374, 53.91%
2026-07-22 00:08:16,415 2971671 road_revised.py Completed 18540 of 34374, 53.94%
2026-07-22 00:08:16,416 2971671 road_revised.py Completed 18550 of 34374, 53.97%
2026-07-22 00:08:16,573 2971671 road_revised.py Completed 18560 of 34374, 53.99%
2026-07-22 00:08:17,484 2971671 road_revised.py Completed 18570 of 34374, 54.02%
2026-07-22 00:08:17,993 2971671 road_revised.py Completed 18580 of 34374, 54.05%
2026-07-22 00:08:18,478 2971671 road_revised.py Completed 18590 of 34374, 54.08%
2026-07-22 00:08:18,977 2971671 road_revised.py Completed 18600 of 34374, 54.11%
2026-07-22 00:08:18,978 2971671 road_revised.py RSS checkpoint [iter1_lcp_progress_18600_of_34374]: 15.12 GB
2026-07-22 00:08:19,467 2971671 road_revised.py Completed 18610 of 34374, 54.14%
2026-07-22 00:08:19,963 2971671 road_revised.py Completed 18620 of 34374, 54.17%
2026-07-22 00:08:20,433 2971671 road_revised.py Completed 18630 of 34374, 54.20%
2026-07-22 00:08:20,957 2971671 road_revised.py Completed 18640 of 34374, 54.23%
2026-07-22 00:08:21,473 2971671 road_revised.py Completed 18650 of 34374, 54.26%
2026-07-22 00:08:21,979 2971671 road_revised.py Completed 18660 of 34374, 54.29%
2026-07-22 00:08:22,511 2971671 road_revised.py Completed 18670 of 34374, 54.31%
2026-07-22 00:08:25,651 2971671 road_revised.py Completed 18680 of 34374, 54.34%
2026-07-22 00:08:25,656 2971671 road_revised.py Completed 18690 of 34374, 54.37%
2026-07-22 00:08:25,692 2971671 road_revised.py Completed 18700 of 34374, 54.40%
2026-07-22 00:08:25,699 2971671 road_revised.py RSS checkpoint [iter1_lcp_progress_18700_of_34374]: 15.31 GB
2026-07-22 00:08:25,702 2971671 road_revised.py Completed 18710 of 34374, 54.43%
2026-07-22 00:08:26,138 2971671 road_revised.py Completed 18720 of 34374, 54.46%
2026-07-22 00:08:26,613 2971671 road_revised.py Completed 18730 of 34374, 54.49%
2026-07-22 00:08:27,154 2971671 road_revised.py Completed 18740 of 34374, 54.52%
2026-07-22 00:08:27,626 2971671 road_revised.py Completed 18750 of 34374, 54.55%
2026-07-22 00:08:28,087 2971671 road_revised.py Completed 18760 of 34374, 54.58%
2026-07-22 00:08:28,570 2971671 road_revised.py Completed 18770 of 34374, 54.61%
2026-07-22 00:08:29,075 2971671 road_revised.py Completed 18780 of 34374, 54.63%
2026-07-22 00:08:29,608 2971671 road_revised.py Completed 18790 of 34374, 54.66%
2026-07-22 00:08:30,153 2971671 road_revised.py Completed 18800 of 34374, 54.69%
2026-07-22 00:08:30,153 2971671 road_revised.py RSS checkpoint [iter1_lcp_progress_18800_of_34374]: 15.30 GB
2026-07-22 00:08:30,639 2971671 road_revised.py Completed 18810 of 34374, 54.72%
2026-07-22 00:08:31,130 2971671 road_revised.py Completed 18820 of 34374, 54.75%
2026-07-22 00:08:31,726 2971671 road_revised.py Completed 18830 of 34374, 54.78%
2026-07-22 00:08:32,242 2971671 road_revised.py Completed 18840 of 34374, 54.81%
2026-07-22 00:08:36,796 2971671 road_revised.py Completed 18850 of 34374, 54.84%
2026-07-22 00:08:36,798 2971671 road_revised.py Completed 18860 of 34374, 54.87%
2026-07-22 00:08:36,799 2971671 road_revised.py Completed 18870 of 34374, 54.90%
2026-07-22 00:08:36,815 2971671 road_revised.py Completed 18880 of 34374, 54.93%
2026-07-22 00:08:37,272 2971671 road_revised.py Completed 18890 of 34374, 54.95%
2026-07-22 00:08:37,273 2971671 road_revised.py Completed 18900 of 34374, 54.98%
2026-07-22 00:08:37,280 2971671 road_revised.py RSS checkpoint [iter1_lcp_progress_18900_of_34374]: 15.40 GB
2026-07-22 00:08:37,667 2971671 road_revised.py Completed 18910 of 34374, 55.01%
2026-07-22 00:08:38,166 2971671 road_revised.py Completed 18920 of 34374, 55.04%
2026-07-22 00:08:38,774 2971671 road_revised.py Completed 18930 of 34374, 55.07%
2026-07-22 00:08:39,361 2971671 road_revised.py Completed 18940 of 34374, 55.10%
2026-07-22 00:08:39,881 2971671 road_revised.py Completed 18950 of 34374, 55.13%
2026-07-22 00:08:40,510 2971671 road_revised.py Completed 18960 of 34374, 55.16%
2026-07-22 00:08:41,108 2971671 road_revised.py Completed 18970 of 34374, 55.19%
2026-07-22 00:08:41,624 2971671 road_revised.py Completed 18980 of 34374, 55.22%
2026-07-22 00:08:42,211 2971671 road_revised.py Completed 18990 of 34374, 55.25%
2026-07-22 00:08:42,807 2971671 road_revised.py Completed 19000 of 34374, 55.27%
2026-07-22 00:08:42,807 2971671 road_revised.py RSS checkpoint [iter1_lcp_progress_19000_of_34374]: 15.94 GB
2026-07-22 00:08:43,418 2971671 road_revised.py Completed 19010 of 34374, 55.30%
2026-07-22 00:08:47,175 2971671 road_revised.py Completed 19020 of 34374, 55.33%
2026-07-22 00:08:47,179 2971671 road_revised.py Completed 19030 of 34374, 55.36%
2026-07-22 00:08:47,180 2971671 road_revised.py Completed 19040 of 34374, 55.39%
2026-07-22 00:08:47,204 2971671 road_revised.py Completed 19050 of 34374, 55.42%
2026-07-22 00:08:47,482 2971671 road_revised.py Completed 19060 of 34374, 55.45%
2026-07-22 00:08:48,066 2971671 road_revised.py Completed 19070 of 34374, 55.48%
2026-07-22 00:08:48,641 2971671 road_revised.py Completed 19080 of 34374, 55.51%
2026-07-22 00:08:49,169 2971671 road_revised.py Completed 19090 of 34374, 55.54%
2026-07-22 00:08:49,794 2971671 road_revised.py Completed 19100 of 34374, 55.57%
2026-07-22 00:08:49,797 2971671 road_revised.py RSS checkpoint [iter1_lcp_progress_19100_of_34374]: 15.51 GB
2026-07-22 00:08:50,405 2971671 road_revised.py Completed 19110 of 34374, 55.59%
2026-07-22 00:08:50,977 2971671 road_revised.py Completed 19120 of 34374, 55.62%
2026-07-22 00:08:51,466 2971671 road_revised.py Completed 19130 of 34374, 55.65%
2026-07-22 00:08:52,041 2971671 road_revised.py Completed 19140 of 34374, 55.68%
2026-07-22 00:08:52,679 2971671 road_revised.py Completed 19150 of 34374, 55.71%
2026-07-22 00:08:53,240 2971671 road_revised.py Completed 19160 of 34374, 55.74%
2026-07-22 00:08:53,922 2971671 road_revised.py Completed 19170 of 34374, 55.77%
2026-07-22 00:08:54,458 2971671 road_revised.py Completed 19180 of 34374, 55.80%
2026-07-22 00:08:59,577 2971671 road_revised.py Completed 19190 of 34374, 55.83%
2026-07-22 00:08:59,582 2971671 road_revised.py Completed 19200 of 34374, 55.86%
2026-07-22 00:08:59,583 2971671 road_revised.py RSS checkpoint [iter1_lcp_progress_19200_of_34374]: 16.42 GB
2026-07-22 00:09:00,042 2971671 road_revised.py Completed 19210 of 34374, 55.89%
2026-07-22 00:09:00,043 2971671 road_revised.py Completed 19220 of 34374, 55.91%
2026-07-22 00:09:00,045 2971671 road_revised.py Completed 19230 of 34374, 55.94%
2026-07-22 00:09:00,117 2971671 road_revised.py Completed 19240 of 34374, 55.97%
2026-07-22 00:09:00,762 2971671 road_revised.py Completed 19250 of 34374, 56.00%
2026-07-22 00:09:01,258 2971671 road_revised.py Completed 19260 of 34374, 56.03%
2026-07-22 00:09:01,832 2971671 road_revised.py Completed 19270 of 34374, 56.06%
2026-07-22 00:09:02,476 2971671 road_revised.py Completed 19280 of 34374, 56.09%
2026-07-22 00:09:02,973 2971671 road_revised.py Completed 19290 of 34374, 56.12%
2026-07-22 00:09:03,581 2971671 road_revised.py Completed 19300 of 34374, 56.15%
2026-07-22 00:09:03,581 2971671 road_revised.py RSS checkpoint [iter1_lcp_progress_19300_of_34374]: 15.98 GB
2026-07-22 00:09:04,127 2971671 road_revised.py Completed 19310 of 34374, 56.18%
2026-07-22 00:09:04,816 2971671 road_revised.py Completed 19320 of 34374, 56.21%
2026-07-22 00:09:05,327 2971671 road_revised.py Completed 19330 of 34374, 56.23%
2026-07-22 00:09:05,839 2971671 road_revised.py Completed 19340 of 34374, 56.26%
2026-07-22 00:09:09,160 2971671 road_revised.py Completed 19350 of 34374, 56.29%
2026-07-22 00:09:09,164 2971671 road_revised.py Completed 19360 of 34374, 56.32%
2026-07-22 00:09:09,194 2971671 road_revised.py Completed 19370 of 34374, 56.35%
2026-07-22 00:09:09,205 2971671 road_revised.py Completed 19380 of 34374, 56.38%
2026-07-22 00:09:09,206 2971671 road_revised.py Completed 19390 of 34374, 56.41%
2026-07-22 00:09:09,517 2971671 road_revised.py Completed 19400 of 34374, 56.44%
2026-07-22 00:09:09,518 2971671 road_revised.py RSS checkpoint [iter1_lcp_progress_19400_of_34374]: 15.60 GB
2026-07-22 00:09:10,080 2971671 road_revised.py Completed 19410 of 34374, 56.47%
2026-07-22 00:09:10,606 2971671 road_revised.py Completed 19420 of 34374, 56.50%
2026-07-22 00:09:11,146 2971671 road_revised.py Completed 19430 of 34374, 56.53%
2026-07-22 00:09:11,699 2971671 road_revised.py Completed 19440 of 34374, 56.55%
2026-07-22 00:09:12,242 2971671 road_revised.py Completed 19450 of 34374, 56.58%
2026-07-22 00:09:12,772 2971671 road_revised.py Completed 19460 of 34374, 56.61%
2026-07-22 00:09:13,332 2971671 road_revised.py Completed 19470 of 34374, 56.64%
2026-07-22 00:09:13,847 2971671 road_revised.py Completed 19480 of 34374, 56.67%
2026-07-22 00:09:14,385 2971671 road_revised.py Completed 19490 of 34374, 56.70%
2026-07-22 00:09:14,901 2971671 road_revised.py Completed 19500 of 34374, 56.73%
2026-07-22 00:09:14,901 2971671 road_revised.py RSS checkpoint [iter1_lcp_progress_19500_of_34374]: 15.82 GB
2026-07-22 00:09:15,504 2971671 road_revised.py Completed 19510 of 34374, 56.76%
2026-07-22 00:09:16,001 2971671 road_revised.py Completed 19520 of 34374, 56.79%
2026-07-22 00:09:19,881 2971671 road_revised.py Completed 19530 of 34374, 56.82%
2026-07-22 00:09:19,918 2971671 road_revised.py Completed 19540 of 34374, 56.85%
2026-07-22 00:09:20,305 2971671 road_revised.py Completed 19550 of 34374, 56.87%
2026-07-22 00:09:20,313 2971671 road_revised.py Completed 19560 of 34374, 56.90%
2026-07-22 00:09:20,315 2971671 road_revised.py Completed 19570 of 34374, 56.93%
2026-07-22 00:09:20,574 2971671 road_revised.py Completed 19580 of 34374, 56.96%
2026-07-22 00:09:21,045 2971671 road_revised.py Completed 19590 of 34374, 56.99%
2026-07-22 00:09:21,679 2971671 road_revised.py Completed 19600 of 34374, 57.02%
2026-07-22 00:09:21,680 2971671 road_revised.py RSS checkpoint [iter1_lcp_progress_19600_of_34374]: 15.85 GB
2026-07-22 00:09:22,183 2971671 road_revised.py Completed 19610 of 34374, 57.05%
2026-07-22 00:09:22,816 2971671 road_revised.py Completed 19620 of 34374, 57.08%
2026-07-22 00:09:23,295 2971671 road_revised.py Completed 19630 of 34374, 57.11%
2026-07-22 00:09:23,806 2971671 road_revised.py Completed 19640 of 34374, 57.14%
2026-07-22 00:09:24,380 2971671 road_revised.py Completed 19650 of 34374, 57.17%
2026-07-22 00:09:24,977 2971671 road_revised.py Completed 19660 of 34374, 57.19%
2026-07-22 00:09:25,618 2971671 road_revised.py Completed 19670 of 34374, 57.22%
2026-07-22 00:09:26,072 2971671 road_revised.py Completed 19680 of 34374, 57.25%
2026-07-22 00:09:26,612 2971671 road_revised.py Completed 19690 of 34374, 57.28%
2026-07-22 00:09:29,838 2971671 road_revised.py Completed 19700 of 34374, 57.31%
2026-07-22 00:09:29,842 2971671 road_revised.py RSS checkpoint [iter1_lcp_progress_19700_of_34374]: 16.01 GB
2026-07-22 00:09:29,879 2971671 road_revised.py Completed 19710 of 34374, 57.34%
2026-07-22 00:09:29,880 2971671 road_revised.py Completed 19720 of 34374, 57.37%
2026-07-22 00:09:29,906 2971671 road_revised.py Completed 19730 of 34374, 57.40%
2026-07-22 00:09:30,264 2971671 road_revised.py Completed 19740 of 34374, 57.43%
2026-07-22 00:09:30,755 2971671 road_revised.py Completed 19750 of 34374, 57.46%
2026-07-22 00:09:31,267 2971671 road_revised.py Completed 19760 of 34374, 57.49%
2026-07-22 00:09:31,791 2971671 road_revised.py Completed 19770 of 34374, 57.51%
2026-07-22 00:09:32,260 2971671 road_revised.py Completed 19780 of 34374, 57.54%
2026-07-22 00:09:32,894 2971671 road_revised.py Completed 19790 of 34374, 57.57%
2026-07-22 00:09:33,356 2971671 road_revised.py Completed 19800 of 34374, 57.60%
2026-07-22 00:09:33,356 2971671 road_revised.py RSS checkpoint [iter1_lcp_progress_19800_of_34374]: 15.87 GB
2026-07-22 00:09:33,940 2971671 road_revised.py Completed 19810 of 34374, 57.63%
2026-07-22 00:09:34,432 2971671 road_revised.py Completed 19820 of 34374, 57.66%
2026-07-22 00:09:35,002 2971671 road_revised.py Completed 19830 of 34374, 57.69%
2026-07-22 00:09:35,527 2971671 road_revised.py Completed 19840 of 34374, 57.72%
2026-07-22 00:09:36,118 2971671 road_revised.py Completed 19850 of 34374, 57.75%
2026-07-22 00:09:36,663 2971671 road_revised.py Completed 19860 of 34374, 57.78%
2026-07-22 00:09:40,798 2971671 road_revised.py Completed 19870 of 34374, 57.81%
2026-07-22 00:09:40,801 2971671 road_revised.py Completed 19880 of 34374, 57.83%
2026-07-22 00:09:40,802 2971671 road_revised.py Completed 19890 of 34374, 57.86%
2026-07-22 00:09:40,807 2971671 road_revised.py Completed 19900 of 34374, 57.89%
2026-07-22 00:09:40,811 2971671 road_revised.py RSS checkpoint [iter1_lcp_progress_19900_of_34374]: 16.14 GB
2026-07-22 00:09:40,820 2971671 road_revised.py Completed 19910 of 34374, 57.92%
2026-07-22 00:09:41,389 2971671 road_revised.py Completed 19920 of 34374, 57.95%
2026-07-22 00:09:41,995 2971671 road_revised.py Completed 19930 of 34374, 57.98%
2026-07-22 00:09:42,480 2971671 road_revised.py Completed 19940 of 34374, 58.01%
2026-07-22 00:09:43,075 2971671 road_revised.py Completed 19950 of 34374, 58.04%
2026-07-22 00:09:43,557 2971671 road_revised.py Completed 19960 of 34374, 58.07%
2026-07-22 00:09:44,109 2971671 road_revised.py Completed 19970 of 34374, 58.10%
2026-07-22 00:09:44,666 2971671 road_revised.py Completed 19980 of 34374, 58.13%
2026-07-22 00:09:45,149 2971671 road_revised.py Completed 19990 of 34374, 58.15%
2026-07-22 00:09:45,797 2971671 road_revised.py Completed 20000 of 34374, 58.18%
2026-07-22 00:09:45,797 2971671 road_revised.py RSS checkpoint [iter1_lcp_progress_20000_of_34374]: 16.08 GB
2026-07-22 00:09:46,217 2971671 road_revised.py Completed 20010 of 34374, 58.21%
2026-07-22 00:09:46,735 2971671 road_revised.py Completed 20020 of 34374, 58.24%
2026-07-22 00:09:49,866 2971671 road_revised.py Completed 20030 of 34374, 58.27%
2026-07-22 00:09:49,878 2971671 road_revised.py Completed 20040 of 34374, 58.30%
2026-07-22 00:09:49,880 2971671 road_revised.py Completed 20050 of 34374, 58.33%
2026-07-22 00:09:49,901 2971671 road_revised.py Completed 20060 of 34374, 58.36%
2026-07-22 00:09:50,054 2971671 road_revised.py Completed 20070 of 34374, 58.39%
2026-07-22 00:09:50,597 2971671 road_revised.py Completed 20080 of 34374, 58.42%
2026-07-22 00:09:51,117 2971671 road_revised.py Completed 20090 of 34374, 58.45%
2026-07-22 00:09:51,632 2971671 road_revised.py Completed 20100 of 34374, 58.47%
2026-07-22 00:09:51,632 2971671 road_revised.py RSS checkpoint [iter1_lcp_progress_20100_of_34374]: 15.76 GB
2026-07-22 00:09:52,180 2971671 road_revised.py Completed 20110 of 34374, 58.50%
2026-07-22 00:09:52,696 2971671 road_revised.py Completed 20120 of 34374, 58.53%
2026-07-22 00:09:53,279 2971671 road_revised.py Completed 20130 of 34374, 58.56%
2026-07-22 00:09:53,865 2971671 road_revised.py Completed 20140 of 34374, 58.59%
2026-07-22 00:09:54,413 2971671 road_revised.py Completed 20150 of 34374, 58.62%
2026-07-22 00:09:54,930 2971671 road_revised.py Completed 20160 of 34374, 58.65%
2026-07-22 00:09:55,442 2971671 road_revised.py Completed 20170 of 34374, 58.68%
2026-07-22 00:09:55,955 2971671 road_revised.py Completed 20180 of 34374, 58.71%
2026-07-22 00:09:56,438 2971671 road_revised.py Completed 20190 of 34374, 58.74%
2026-07-22 00:10:00,355 2971671 road_revised.py Completed 20200 of 34374, 58.77%
2026-07-22 00:10:00,360 2971671 road_revised.py RSS checkpoint [iter1_lcp_progress_20200_of_34374]: 16.39 GB
2026-07-22 00:10:00,371 2971671 road_revised.py Completed 20210 of 34374, 58.79%
2026-07-22 00:10:00,440 2971671 road_revised.py Completed 20220 of 34374, 58.82%
2026-07-22 00:10:00,442 2971671 road_revised.py Completed 20230 of 34374, 58.85%
2026-07-22 00:10:00,443 2971671 road_revised.py Completed 20240 of 34374, 58.88%
2026-07-22 00:10:01,050 2971671 road_revised.py Completed 20250 of 34374, 58.91%
2026-07-22 00:10:01,533 2971671 road_revised.py Completed 20260 of 34374, 58.94%
2026-07-22 00:10:01,960 2971671 road_revised.py Completed 20270 of 34374, 58.97%
2026-07-22 00:10:02,502 2971671 road_revised.py Completed 20280 of 34374, 59.00%
2026-07-22 00:10:03,039 2971671 road_revised.py Completed 20290 of 34374, 59.03%
2026-07-22 00:10:03,455 2971671 road_revised.py Completed 20300 of 34374, 59.06%
2026-07-22 00:10:03,455 2971671 road_revised.py RSS checkpoint [iter1_lcp_progress_20300_of_34374]: 16.27 GB
2026-07-22 00:10:03,956 2971671 road_revised.py Completed 20310 of 34374, 59.09%
2026-07-22 00:10:04,489 2971671 road_revised.py Completed 20320 of 34374, 59.11%
2026-07-22 00:10:05,074 2971671 road_revised.py Completed 20330 of 34374, 59.14%
2026-07-22 00:10:05,538 2971671 road_revised.py Completed 20340 of 34374, 59.17%
2026-07-22 00:10:06,055 2971671 road_revised.py Completed 20350 of 34374, 59.20%
2026-07-22 00:10:06,668 2971671 road_revised.py Completed 20360 of 34374, 59.23%
2026-07-22 00:10:09,716 2971671 road_revised.py Completed 20370 of 34374, 59.26%
2026-07-22 00:10:09,722 2971671 road_revised.py Completed 20380 of 34374, 59.29%
2026-07-22 00:10:09,764 2971671 road_revised.py Completed 20390 of 34374, 59.32%
2026-07-22 00:10:09,766 2971671 road_revised.py Completed 20400 of 34374, 59.35%
2026-07-22 00:10:09,769 2971671 road_revised.py RSS checkpoint [iter1_lcp_progress_20400_of_34374]: 16.41 GB
2026-07-22 00:10:10,167 2971671 road_revised.py Completed 20410 of 34374, 59.38%
2026-07-22 00:10:10,665 2971671 road_revised.py Completed 20420 of 34374, 59.41%
2026-07-22 00:10:11,180 2971671 road_revised.py Completed 20430 of 34374, 59.43%
2026-07-22 00:10:11,637 2971671 road_revised.py Completed 20440 of 34374, 59.46%
2026-07-22 00:10:12,136 2971671 road_revised.py Completed 20450 of 34374, 59.49%
2026-07-22 00:10:12,611 2971671 road_revised.py Completed 20460 of 34374, 59.52%
2026-07-22 00:10:13,097 2971671 road_revised.py Completed 20470 of 34374, 59.55%
2026-07-22 00:10:13,577 2971671 road_revised.py Completed 20480 of 34374, 59.58%
2026-07-22 00:10:14,127 2971671 road_revised.py Completed 20490 of 34374, 59.61%
2026-07-22 00:10:14,583 2971671 road_revised.py Completed 20500 of 34374, 59.64%
2026-07-22 00:10:14,583 2971671 road_revised.py RSS checkpoint [iter1_lcp_progress_20500_of_34374]: 16.31 GB
2026-07-22 00:10:15,071 2971671 road_revised.py Completed 20510 of 34374, 59.67%
2026-07-22 00:10:15,677 2971671 road_revised.py Completed 20520 of 34374, 59.70%
2026-07-22 00:10:16,096 2971671 road_revised.py Completed 20530 of 34374, 59.73%
2026-07-22 00:10:19,675 2971671 road_revised.py Completed 20540 of 34374, 59.75%
2026-07-22 00:10:19,719 2971671 road_revised.py Completed 20550 of 34374, 59.78%
2026-07-22 00:10:19,720 2971671 road_revised.py Completed 20560 of 34374, 59.81%
2026-07-22 00:10:19,722 2971671 road_revised.py Completed 20570 of 34374, 59.84%
2026-07-22 00:10:20,191 2971671 road_revised.py Completed 20580 of 34374, 59.87%
2026-07-22 00:10:20,368 2971671 road_revised.py Completed 20590 of 34374, 59.90%
2026-07-22 00:10:20,888 2971671 road_revised.py Completed 20600 of 34374, 59.93%
2026-07-22 00:10:20,888 2971671 road_revised.py RSS checkpoint [iter1_lcp_progress_20600_of_34374]: 16.34 GB
2026-07-22 00:10:21,489 2971671 road_revised.py Completed 20610 of 34374, 59.96%
2026-07-22 00:10:22,042 2971671 road_revised.py Completed 20620 of 34374, 59.99%
2026-07-22 00:10:22,551 2971671 road_revised.py Completed 20630 of 34374, 60.02%
2026-07-22 00:10:22,990 2971671 road_revised.py Completed 20640 of 34374, 60.05%
2026-07-22 00:10:23,524 2971671 road_revised.py Completed 20650 of 34374, 60.07%
2026-07-22 00:10:24,013 2971671 road_revised.py Completed 20660 of 34374, 60.10%
2026-07-22 00:10:24,503 2971671 road_revised.py Completed 20670 of 34374, 60.13%
2026-07-22 00:10:24,992 2971671 road_revised.py Completed 20680 of 34374, 60.16%
2026-07-22 00:10:25,530 2971671 road_revised.py Completed 20690 of 34374, 60.19%
2026-07-22 00:10:29,091 2971671 road_revised.py Completed 20700 of 34374, 60.22%
2026-07-22 00:10:29,091 2971671 road_revised.py RSS checkpoint [iter1_lcp_progress_20700_of_34374]: 16.69 GB
2026-07-22 00:10:29,098 2971671 road_revised.py Completed 20710 of 34374, 60.25%
2026-07-22 00:10:29,099 2971671 road_revised.py Completed 20720 of 34374, 60.28%
2026-07-22 00:10:29,120 2971671 road_revised.py Completed 20730 of 34374, 60.31%
2026-07-22 00:10:29,121 2971671 road_revised.py Completed 20740 of 34374, 60.34%
2026-07-22 00:10:29,520 2971671 road_revised.py Completed 20750 of 34374, 60.37%
2026-07-22 00:10:29,994 2971671 road_revised.py Completed 20760 of 34374, 60.39%
2026-07-22 00:10:30,450 2971671 road_revised.py Completed 20770 of 34374, 60.42%
2026-07-22 00:10:30,924 2971671 road_revised.py Completed 20780 of 34374, 60.45%
2026-07-22 00:10:31,452 2971671 road_revised.py Completed 20790 of 34374, 60.48%
2026-07-22 00:10:31,928 2971671 road_revised.py Completed 20800 of 34374, 60.51%
2026-07-22 00:10:31,928 2971671 road_revised.py RSS checkpoint [iter1_lcp_progress_20800_of_34374]: 16.54 GB
2026-07-22 00:10:32,430 2971671 road_revised.py Completed 20810 of 34374, 60.54%
2026-07-22 00:10:32,928 2971671 road_revised.py Completed 20820 of 34374, 60.57%
2026-07-22 00:10:33,409 2971671 road_revised.py Completed 20830 of 34374, 60.60%
2026-07-22 00:10:33,865 2971671 road_revised.py Completed 20840 of 34374, 60.63%
2026-07-22 00:10:34,387 2971671 road_revised.py Completed 20850 of 34374, 60.66%
2026-07-22 00:10:34,913 2971671 road_revised.py Completed 20860 of 34374, 60.69%
2026-07-22 00:10:39,267 2971671 road_revised.py Completed 20870 of 34374, 60.71%
2026-07-22 00:10:39,274 2971671 road_revised.py Completed 20880 of 34374, 60.74%
2026-07-22 00:10:39,275 2971671 road_revised.py Completed 20890 of 34374, 60.77%
2026-07-22 00:10:39,276 2971671 road_revised.py Completed 20900 of 34374, 60.80%
2026-07-22 00:10:39,286 2971671 road_revised.py RSS checkpoint [iter1_lcp_progress_20900_of_34374]: 17.16 GB
2026-07-22 00:10:39,781 2971671 road_revised.py Completed 20910 of 34374, 60.83%
2026-07-22 00:10:39,880 2971671 road_revised.py Completed 20920 of 34374, 60.86%
2026-07-22 00:10:40,415 2971671 road_revised.py Completed 20930 of 34374, 60.89%
2026-07-22 00:10:40,940 2971671 road_revised.py Completed 20940 of 34374, 60.92%
2026-07-22 00:10:41,490 2971671 road_revised.py Completed 20950 of 34374, 60.95%
2026-07-22 00:10:42,006 2971671 road_revised.py Completed 20960 of 34374, 60.98%
2026-07-22 00:10:42,638 2971671 road_revised.py Completed 20970 of 34374, 61.01%
2026-07-22 00:10:43,171 2971671 road_revised.py Completed 20980 of 34374, 61.03%
2026-07-22 00:10:43,736 2971671 road_revised.py Completed 20990 of 34374, 61.06%
2026-07-22 00:10:44,273 2971671 road_revised.py Completed 21000 of 34374, 61.09%
2026-07-22 00:10:44,273 2971671 road_revised.py RSS checkpoint [iter1_lcp_progress_21000_of_34374]: 17.08 GB
2026-07-22 00:10:44,856 2971671 road_revised.py Completed 21010 of 34374, 61.12%
2026-07-22 00:10:45,349 2971671 road_revised.py Completed 21020 of 34374, 61.15%
2026-07-22 00:10:45,891 2971671 road_revised.py Completed 21030 of 34374, 61.18%
2026-07-22 00:10:49,653 2971671 road_revised.py Completed 21040 of 34374, 61.21%
2026-07-22 00:10:49,666 2971671 road_revised.py Completed 21050 of 34374, 61.24%
2026-07-22 00:10:49,690 2971671 road_revised.py Completed 21060 of 34374, 61.27%
2026-07-22 00:10:49,691 2971671 road_revised.py Completed 21070 of 34374, 61.30%
2026-07-22 00:10:50,018 2971671 road_revised.py Completed 21080 of 34374, 61.33%
2026-07-22 00:10:50,547 2971671 road_revised.py Completed 21090 of 34374, 61.35%
2026-07-22 00:10:51,099 2971671 road_revised.py Completed 21100 of 34374, 61.38%
2026-07-22 00:10:51,099 2971671 road_revised.py RSS checkpoint [iter1_lcp_progress_21100_of_34374]: 16.78 GB
2026-07-22 00:10:51,681 2971671 road_revised.py Completed 21110 of 34374, 61.41%
2026-07-22 00:10:52,172 2971671 road_revised.py Completed 21120 of 34374, 61.44%
2026-07-22 00:10:52,748 2971671 road_revised.py Completed 21130 of 34374, 61.47%
2026-07-22 00:10:53,259 2971671 road_revised.py Completed 21140 of 34374, 61.50%
2026-07-22 00:10:53,836 2971671 road_revised.py Completed 21150 of 34374, 61.53%
2026-07-22 00:10:54,403 2971671 road_revised.py Completed 21160 of 34374, 61.56%
2026-07-22 00:10:54,940 2971671 road_revised.py Completed 21170 of 34374, 61.59%
2026-07-22 00:10:55,565 2971671 road_revised.py Completed 21180 of 34374, 61.62%
2026-07-22 00:10:56,134 2971671 road_revised.py Completed 21190 of 34374, 61.65%
2026-07-22 00:10:56,664 2971671 road_revised.py Completed 21200 of 34374, 61.67%
2026-07-22 00:10:56,665 2971671 road_revised.py RSS checkpoint [iter1_lcp_progress_21200_of_34374]: 16.96 GB
2026-07-22 00:11:00,753 2971671 road_revised.py Completed 21210 of 34374, 61.70%
2026-07-22 00:11:00,776 2971671 road_revised.py Completed 21220 of 34374, 61.73%
2026-07-22 00:11:01,227 2971671 road_revised.py Completed 21230 of 34374, 61.76%
2026-07-22 00:11:01,228 2971671 road_revised.py Completed 21240 of 34374, 61.79%
2026-07-22 00:11:01,230 2971671 road_revised.py Completed 21250 of 34374, 61.82%
2026-07-22 00:11:01,448 2971671 road_revised.py Completed 21260 of 34374, 61.85%
2026-07-22 00:11:02,039 2971671 road_revised.py Completed 21270 of 34374, 61.88%
2026-07-22 00:11:02,597 2971671 road_revised.py Completed 21280 of 34374, 61.91%
2026-07-22 00:11:03,205 2971671 road_revised.py Completed 21290 of 34374, 61.94%
2026-07-22 00:11:03,667 2971671 road_revised.py Completed 21300 of 34374, 61.97%
2026-07-22 00:11:03,667 2971671 road_revised.py RSS checkpoint [iter1_lcp_progress_21300_of_34374]: 17.07 GB
2026-07-22 00:11:04,314 2971671 road_revised.py Completed 21310 of 34374, 61.99%
2026-07-22 00:11:04,791 2971671 road_revised.py Completed 21320 of 34374, 62.02%
2026-07-22 00:11:05,361 2971671 road_revised.py Completed 21330 of 34374, 62.05%
2026-07-22 00:11:05,864 2971671 road_revised.py Completed 21340 of 34374, 62.08%
2026-07-22 00:11:06,376 2971671 road_revised.py Completed 21350 of 34374, 62.11%
2026-07-22 00:11:06,962 2971671 road_revised.py Completed 21360 of 34374, 62.14%
2026-07-22 00:11:07,445 2971671 road_revised.py Completed 21370 of 34374, 62.17%
2026-07-22 00:11:10,274 2971671 road_revised.py Completed 21380 of 34374, 62.20%
2026-07-22 00:11:10,309 2971671 road_revised.py Completed 21390 of 34374, 62.23%
2026-07-22 00:11:10,312 2971671 road_revised.py Completed 21400 of 34374, 62.26%
2026-07-22 00:11:10,313 2971671 road_revised.py RSS checkpoint [iter1_lcp_progress_21400_of_34374]: 17.11 GB
2026-07-22 00:11:10,532 2971671 road_revised.py Completed 21410 of 34374, 62.29%
2026-07-22 00:11:11,172 2971671 road_revised.py Completed 21420 of 34374, 62.31%
2026-07-22 00:11:11,734 2971671 road_revised.py Completed 21430 of 34374, 62.34%
2026-07-22 00:11:12,293 2971671 road_revised.py Completed 21440 of 34374, 62.37%
2026-07-22 00:11:12,727 2971671 road_revised.py Completed 21450 of 34374, 62.40%
2026-07-22 00:11:13,230 2971671 road_revised.py Completed 21460 of 34374, 62.43%
2026-07-22 00:11:13,711 2971671 road_revised.py Completed 21470 of 34374, 62.46%
2026-07-22 00:11:14,212 2971671 road_revised.py Completed 21480 of 34374, 62.49%
2026-07-22 00:11:14,655 2971671 road_revised.py Completed 21490 of 34374, 62.52%
2026-07-22 00:11:15,102 2971671 road_revised.py Completed 21500 of 34374, 62.55%
2026-07-22 00:11:15,102 2971671 road_revised.py RSS checkpoint [iter1_lcp_progress_21500_of_34374]: 17.00 GB
2026-07-22 00:11:15,717 2971671 road_revised.py Completed 21510 of 34374, 62.58%
2026-07-22 00:11:16,168 2971671 road_revised.py Completed 21520 of 34374, 62.61%
2026-07-22 00:11:16,655 2971671 road_revised.py Completed 21530 of 34374, 62.63%
2026-07-22 00:11:20,676 2971671 road_revised.py Completed 21540 of 34374, 62.66%
2026-07-22 00:11:20,696 2971671 road_revised.py Completed 21550 of 34374, 62.69%
2026-07-22 00:11:21,149 2971671 road_revised.py Completed 21560 of 34374, 62.72%
2026-07-22 00:11:21,154 2971671 road_revised.py Completed 21570 of 34374, 62.75%
2026-07-22 00:11:21,157 2971671 road_revised.py Completed 21580 of 34374, 62.78%
2026-07-22 00:11:21,162 2971671 road_revised.py Completed 21590 of 34374, 62.81%
2026-07-22 00:11:21,747 2971671 road_revised.py Completed 21600 of 34374, 62.84%
2026-07-22 00:11:21,747 2971671 road_revised.py RSS checkpoint [iter1_lcp_progress_21600_of_34374]: 16.91 GB
2026-07-22 00:11:22,216 2971671 road_revised.py Completed 21610 of 34374, 62.87%
2026-07-22 00:11:22,794 2971671 road_revised.py Completed 21620 of 34374, 62.90%
2026-07-22 00:11:23,293 2971671 road_revised.py Completed 21630 of 34374, 62.93%
2026-07-22 00:11:23,849 2971671 road_revised.py Completed 21640 of 34374, 62.95%
2026-07-22 00:11:24,374 2971671 road_revised.py Completed 21650 of 34374, 62.98%
2026-07-22 00:11:24,903 2971671 road_revised.py Completed 21660 of 34374, 63.01%
2026-07-22 00:11:25,433 2971671 road_revised.py Completed 21670 of 34374, 63.04%
2026-07-22 00:11:25,949 2971671 road_revised.py Completed 21680 of 34374, 63.07%
2026-07-22 00:11:26,458 2971671 road_revised.py Completed 21690 of 34374, 63.10%
2026-07-22 00:11:26,992 2971671 road_revised.py Completed 21700 of 34374, 63.13%
2026-07-22 00:11:26,992 2971671 road_revised.py RSS checkpoint [iter1_lcp_progress_21700_of_34374]: 17.12 GB
2026-07-22 00:11:29,776 2971671 road_revised.py Completed 21710 of 34374, 63.16%
2026-07-22 00:11:29,836 2971671 road_revised.py Completed 21720 of 34374, 63.19%
2026-07-22 00:11:29,837 2971671 road_revised.py Completed 21730 of 34374, 63.22%
2026-07-22 00:11:29,838 2971671 road_revised.py Completed 21740 of 34374, 63.25%
2026-07-22 00:11:30,325 2971671 road_revised.py Completed 21750 of 34374, 63.27%
2026-07-22 00:11:30,914 2971671 road_revised.py Completed 21760 of 34374, 63.30%
2026-07-22 00:11:31,398 2971671 road_revised.py Completed 21770 of 34374, 63.33%
2026-07-22 00:11:31,920 2971671 road_revised.py Completed 21780 of 34374, 63.36%
2026-07-22 00:11:32,515 2971671 road_revised.py Completed 21790 of 34374, 63.39%
2026-07-22 00:11:33,005 2971671 road_revised.py Completed 21800 of 34374, 63.42%
2026-07-22 00:11:33,005 2971671 road_revised.py RSS checkpoint [iter1_lcp_progress_21800_of_34374]: 16.95 GB
2026-07-22 00:11:33,619 2971671 road_revised.py Completed 21810 of 34374, 63.45%
2026-07-22 00:11:34,111 2971671 road_revised.py Completed 21820 of 34374, 63.48%
2026-07-22 00:11:34,593 2971671 road_revised.py Completed 21830 of 34374, 63.51%
2026-07-22 00:11:35,194 2971671 road_revised.py Completed 21840 of 34374, 63.54%
2026-07-22 00:11:35,705 2971671 road_revised.py Completed 21850 of 34374, 63.57%
2026-07-22 00:11:36,243 2971671 road_revised.py Completed 21860 of 34374, 63.59%
2026-07-22 00:11:36,800 2971671 road_revised.py Completed 21870 of 34374, 63.62%
2026-07-22 00:11:40,241 2971671 road_revised.py Completed 21880 of 34374, 63.65%
2026-07-22 00:11:40,629 2971671 road_revised.py Completed 21890 of 34374, 63.68%
2026-07-22 00:11:40,631 2971671 road_revised.py Completed 21900 of 34374, 63.71%
2026-07-22 00:11:40,637 2971671 road_revised.py RSS checkpoint [iter1_lcp_progress_21900_of_34374]: 16.94 GB
2026-07-22 00:11:40,639 2971671 road_revised.py Completed 21910 of 34374, 63.74%
2026-07-22 00:11:40,779 2971671 road_revised.py Completed 21920 of 34374, 63.77%
2026-07-22 00:11:41,405 2971671 road_revised.py Completed 21930 of 34374, 63.80%
2026-07-22 00:11:41,872 2971671 road_revised.py Completed 21940 of 34374, 63.83%
2026-07-22 00:11:42,456 2971671 road_revised.py Completed 21950 of 34374, 63.86%
2026-07-22 00:11:42,936 2971671 road_revised.py Completed 21960 of 34374, 63.89%
2026-07-22 00:11:43,457 2971671 road_revised.py Completed 21970 of 34374, 63.91%
2026-07-22 00:11:43,911 2971671 road_revised.py Completed 21980 of 34374, 63.94%
2026-07-22 00:11:44,410 2971671 road_revised.py Completed 21990 of 34374, 63.97%
2026-07-22 00:11:44,916 2971671 road_revised.py Completed 22000 of 34374, 64.00%
2026-07-22 00:11:44,916 2971671 road_revised.py RSS checkpoint [iter1_lcp_progress_22000_of_34374]: 17.12 GB
2026-07-22 00:11:45,409 2971671 road_revised.py Completed 22010 of 34374, 64.03%
2026-07-22 00:11:46,019 2971671 road_revised.py Completed 22020 of 34374, 64.06%
2026-07-22 00:11:46,480 2971671 road_revised.py Completed 22030 of 34374, 64.09%
2026-07-22 00:11:46,994 2971671 road_revised.py Completed 22040 of 34374, 64.12%
2026-07-22 00:11:49,873 2971671 road_revised.py Completed 22050 of 34374, 64.15%
2026-07-22 00:11:49,874 2971671 road_revised.py Completed 22060 of 34374, 64.18%
2026-07-22 00:11:49,904 2971671 road_revised.py Completed 22070 of 34374, 64.21%
2026-07-22 00:11:49,905 2971671 road_revised.py Completed 22080 of 34374, 64.23%
2026-07-22 00:11:50,159 2971671 road_revised.py Completed 22090 of 34374, 64.26%
2026-07-22 00:11:50,605 2971671 road_revised.py Completed 22100 of 34374, 64.29%
2026-07-22 00:11:50,605 2971671 road_revised.py RSS checkpoint [iter1_lcp_progress_22100_of_34374]: 16.98 GB
2026-07-22 00:11:51,122 2971671 road_revised.py Completed 22110 of 34374, 64.32%
2026-07-22 00:11:51,641 2971671 road_revised.py Completed 22120 of 34374, 64.35%
2026-07-22 00:11:52,251 2971671 road_revised.py Completed 22130 of 34374, 64.38%
2026-07-22 00:11:52,692 2971671 road_revised.py Completed 22140 of 34374, 64.41%
2026-07-22 00:11:53,259 2971671 road_revised.py Completed 22150 of 34374, 64.44%
2026-07-22 00:11:53,779 2971671 road_revised.py Completed 22160 of 34374, 64.47%
2026-07-22 00:11:54,315 2971671 road_revised.py Completed 22170 of 34374, 64.50%
2026-07-22 00:11:54,761 2971671 road_revised.py Completed 22180 of 34374, 64.53%
2026-07-22 00:11:55,263 2971671 road_revised.py Completed 22190 of 34374, 64.55%
2026-07-22 00:11:55,726 2971671 road_revised.py Completed 22200 of 34374, 64.58%
2026-07-22 00:11:55,778 2971671 road_revised.py RSS checkpoint [iter1_lcp_progress_22200_of_34374]: 17.19 GB
2026-07-22 00:12:00,226 2971671 road_revised.py Completed 22210 of 34374, 64.61%
2026-07-22 00:12:00,230 2971671 road_revised.py Completed 22220 of 34374, 64.64%
2026-07-22 00:12:00,237 2971671 road_revised.py Completed 22230 of 34374, 64.67%
2026-07-22 00:12:00,238 2971671 road_revised.py Completed 22240 of 34374, 64.70%
2026-07-22 00:12:00,250 2971671 road_revised.py Completed 22250 of 34374, 64.73%
2026-07-22 00:12:00,648 2971671 road_revised.py Completed 22260 of 34374, 64.76%
2026-07-22 00:12:01,131 2971671 road_revised.py Completed 22270 of 34374, 64.79%
2026-07-22 00:12:01,702 2971671 road_revised.py Completed 22280 of 34374, 64.82%
2026-07-22 00:12:02,273 2971671 road_revised.py Completed 22290 of 34374, 64.85%
2026-07-22 00:12:02,747 2971671 road_revised.py Completed 22300 of 34374, 64.87%
2026-07-22 00:12:02,747 2971671 road_revised.py RSS checkpoint [iter1_lcp_progress_22300_of_34374]: 17.39 GB
2026-07-22 00:12:03,208 2971671 road_revised.py Completed 22310 of 34374, 64.90%
2026-07-22 00:12:03,724 2971671 road_revised.py Completed 22320 of 34374, 64.93%
2026-07-22 00:12:04,191 2971671 road_revised.py Completed 22330 of 34374, 64.96%
2026-07-22 00:12:04,746 2971671 road_revised.py Completed 22340 of 34374, 64.99%
2026-07-22 00:12:05,189 2971671 road_revised.py Completed 22350 of 34374, 65.02%
2026-07-22 00:12:05,722 2971671 road_revised.py Completed 22360 of 34374, 65.05%
2026-07-22 00:12:06,171 2971671 road_revised.py Completed 22370 of 34374, 65.08%
2026-07-22 00:12:09,147 2971671 road_revised.py Completed 22380 of 34374, 65.11%
2026-07-22 00:12:09,150 2971671 road_revised.py Completed 22390 of 34374, 65.14%
2026-07-22 00:12:09,186 2971671 road_revised.py Completed 22400 of 34374, 65.17%
2026-07-22 00:12:09,186 2971671 road_revised.py RSS checkpoint [iter1_lcp_progress_22400_of_34374]: 17.48 GB
2026-07-22 00:12:09,187 2971671 road_revised.py Completed 22410 of 34374, 65.19%
2026-07-22 00:12:09,434 2971671 road_revised.py Completed 22420 of 34374, 65.22%
2026-07-22 00:12:09,848 2971671 road_revised.py Completed 22430 of 34374, 65.25%
2026-07-22 00:12:10,410 2971671 road_revised.py Completed 22440 of 34374, 65.28%
2026-07-22 00:12:10,878 2971671 road_revised.py Completed 22450 of 34374, 65.31%
2026-07-22 00:12:11,437 2971671 road_revised.py Completed 22460 of 34374, 65.34%
2026-07-22 00:12:11,968 2971671 road_revised.py Completed 22470 of 34374, 65.37%
2026-07-22 00:12:12,497 2971671 road_revised.py Completed 22480 of 34374, 65.40%
2026-07-22 00:12:12,995 2971671 road_revised.py Completed 22490 of 34374, 65.43%
2026-07-22 00:12:13,483 2971671 road_revised.py Completed 22500 of 34374, 65.46%
2026-07-22 00:12:13,483 2971671 road_revised.py RSS checkpoint [iter1_lcp_progress_22500_of_34374]: 17.44 GB
2026-07-22 00:12:14,004 2971671 road_revised.py Completed 22510 of 34374, 65.49%
2026-07-22 00:12:14,563 2971671 road_revised.py Completed 22520 of 34374, 65.51%
2026-07-22 00:12:15,005 2971671 road_revised.py Completed 22530 of 34374, 65.54%
2026-07-22 00:12:15,605 2971671 road_revised.py Completed 22540 of 34374, 65.57%
2026-07-22 00:12:19,137 2971671 road_revised.py Completed 22550 of 34374, 65.60%
2026-07-22 00:12:19,138 2971671 road_revised.py Completed 22560 of 34374, 65.63%
2026-07-22 00:12:19,154 2971671 road_revised.py Completed 22570 of 34374, 65.66%
2026-07-22 00:12:19,167 2971671 road_revised.py Completed 22580 of 34374, 65.69%
2026-07-22 00:12:19,318 2971671 road_revised.py Completed 22590 of 34374, 65.72%
2026-07-22 00:12:20,109 2971671 road_revised.py Completed 22600 of 34374, 65.75%
2026-07-22 00:12:20,109 2971671 road_revised.py RSS checkpoint [iter1_lcp_progress_22600_of_34374]: 17.55 GB
2026-07-22 00:12:20,625 2971671 road_revised.py Completed 22610 of 34374, 65.78%
2026-07-22 00:12:21,169 2971671 road_revised.py Completed 22620 of 34374, 65.81%
2026-07-22 00:12:21,649 2971671 road_revised.py Completed 22630 of 34374, 65.83%
2026-07-22 00:12:22,127 2971671 road_revised.py Completed 22640 of 34374, 65.86%
2026-07-22 00:12:22,593 2971671 road_revised.py Completed 22650 of 34374, 65.89%
2026-07-22 00:12:23,086 2971671 road_revised.py Completed 22660 of 34374, 65.92%
2026-07-22 00:12:23,558 2971671 road_revised.py Completed 22670 of 34374, 65.95%
2026-07-22 00:12:24,082 2971671 road_revised.py Completed 22680 of 34374, 65.98%
2026-07-22 00:12:24,525 2971671 road_revised.py Completed 22690 of 34374, 66.01%
2026-07-22 00:12:25,025 2971671 road_revised.py Completed 22700 of 34374, 66.04%
2026-07-22 00:12:25,026 2971671 road_revised.py RSS checkpoint [iter1_lcp_progress_22700_of_34374]: 17.78 GB
2026-07-22 00:12:25,469 2971671 road_revised.py Completed 22710 of 34374, 66.07%
2026-07-22 00:12:28,351 2971671 road_revised.py Completed 22720 of 34374, 66.10%
2026-07-22 00:12:28,419 2971671 road_revised.py Completed 22730 of 34374, 66.13%
2026-07-22 00:12:28,420 2971671 road_revised.py Completed 22740 of 34374, 66.15%
2026-07-22 00:12:28,429 2971671 road_revised.py Completed 22750 of 34374, 66.18%
2026-07-22 00:12:28,924 2971671 road_revised.py Completed 22760 of 34374, 66.21%
2026-07-22 00:12:29,443 2971671 road_revised.py Completed 22770 of 34374, 66.24%
2026-07-22 00:12:30,003 2971671 road_revised.py Completed 22780 of 34374, 66.27%
2026-07-22 00:12:30,434 2971671 road_revised.py Completed 22790 of 34374, 66.30%
2026-07-22 00:12:30,925 2971671 road_revised.py Completed 22800 of 34374, 66.33%
2026-07-22 00:12:30,925 2971671 road_revised.py RSS checkpoint [iter1_lcp_progress_22800_of_34374]: 17.73 GB
2026-07-22 00:12:31,446 2971671 road_revised.py Completed 22810 of 34374, 66.36%
2026-07-22 00:12:31,939 2971671 road_revised.py Completed 22820 of 34374, 66.39%
2026-07-22 00:12:32,455 2971671 road_revised.py Completed 22830 of 34374, 66.42%
2026-07-22 00:12:32,981 2971671 road_revised.py Completed 22840 of 34374, 66.45%
2026-07-22 00:12:33,580 2971671 road_revised.py Completed 22850 of 34374, 66.47%
2026-07-22 00:12:34,126 2971671 road_revised.py Completed 22860 of 34374, 66.50%
2026-07-22 00:12:34,715 2971671 road_revised.py Completed 22870 of 34374, 66.53%
2026-07-22 00:12:39,647 2971671 road_revised.py Completed 22880 of 34374, 66.56%
2026-07-22 00:12:39,666 2971671 road_revised.py Completed 22890 of 34374, 66.59%
2026-07-22 00:12:39,714 2971671 road_revised.py Completed 22900 of 34374, 66.62%
2026-07-22 00:12:39,715 2971671 road_revised.py RSS checkpoint [iter1_lcp_progress_22900_of_34374]: 18.10 GB
2026-07-22 00:12:39,716 2971671 road_revised.py Completed 22910 of 34374, 66.65%
2026-07-22 00:12:39,717 2971671 road_revised.py Completed 22920 of 34374, 66.68%
2026-07-22 00:12:40,604 2971671 road_revised.py Completed 22930 of 34374, 66.71%
2026-07-22 00:12:41,170 2971671 road_revised.py Completed 22940 of 34374, 66.74%
2026-07-22 00:12:41,742 2971671 road_revised.py Completed 22950 of 34374, 66.77%
2026-07-22 00:12:42,254 2971671 road_revised.py Completed 22960 of 34374, 66.79%
2026-07-22 00:12:42,857 2971671 road_revised.py Completed 22970 of 34374, 66.82%
2026-07-22 00:12:43,472 2971671 road_revised.py Completed 22980 of 34374, 66.85%
2026-07-22 00:12:43,924 2971671 road_revised.py Completed 22990 of 34374, 66.88%
2026-07-22 00:12:44,504 2971671 road_revised.py Completed 23000 of 34374, 66.91%
2026-07-22 00:12:44,504 2971671 road_revised.py RSS checkpoint [iter1_lcp_progress_23000_of_34374]: 18.34 GB
2026-07-22 00:12:45,001 2971671 road_revised.py Completed 23010 of 34374, 66.94%
2026-07-22 00:12:45,594 2971671 road_revised.py Completed 23020 of 34374, 66.97%
2026-07-22 00:12:46,107 2971671 road_revised.py Completed 23030 of 34374, 67.00%
2026-07-22 00:12:46,689 2971671 road_revised.py Completed 23040 of 34374, 67.03%
2026-07-22 00:12:50,518 2971671 road_revised.py Completed 23050 of 34374, 67.06%
2026-07-22 00:12:50,534 2971671 road_revised.py Completed 23060 of 34374, 67.09%
2026-07-22 00:12:50,536 2971671 road_revised.py Completed 23070 of 34374, 67.11%
2026-07-22 00:12:50,553 2971671 road_revised.py Completed 23080 of 34374, 67.14%
2026-07-22 00:12:50,756 2971671 road_revised.py Completed 23090 of 34374, 67.17%
2026-07-22 00:12:51,304 2971671 road_revised.py Completed 23100 of 34374, 67.20%
2026-07-22 00:12:51,304 2971671 road_revised.py RSS checkpoint [iter1_lcp_progress_23100_of_34374]: 17.67 GB
2026-07-22 00:12:51,855 2971671 road_revised.py Completed 23110 of 34374, 67.23%
2026-07-22 00:12:52,392 2971671 road_revised.py Completed 23120 of 34374, 67.26%
2026-07-22 00:12:52,928 2971671 road_revised.py Completed 23130 of 34374, 67.29%
2026-07-22 00:12:53,450 2971671 road_revised.py Completed 23140 of 34374, 67.32%
2026-07-22 00:12:54,075 2971671 road_revised.py Completed 23150 of 34374, 67.35%
2026-07-22 00:12:54,558 2971671 road_revised.py Completed 23160 of 34374, 67.38%
2026-07-22 00:12:55,082 2971671 road_revised.py Completed 23170 of 34374, 67.41%
2026-07-22 00:12:55,670 2971671 road_revised.py Completed 23180 of 34374, 67.43%
2026-07-22 00:12:56,169 2971671 road_revised.py Completed 23190 of 34374, 67.46%
2026-07-22 00:12:56,711 2971671 road_revised.py Completed 23200 of 34374, 67.49%
2026-07-22 00:12:56,713 2971671 road_revised.py RSS checkpoint [iter1_lcp_progress_23200_of_34374]: 17.89 GB
2026-07-22 00:12:57,333 2971671 road_revised.py Completed 23210 of 34374, 67.52%
2026-07-22 00:13:01,899 2971671 road_revised.py Completed 23220 of 34374, 67.55%
2026-07-22 00:13:01,903 2971671 road_revised.py Completed 23230 of 34374, 67.58%
2026-07-22 00:13:01,904 2971671 road_revised.py Completed 23240 of 34374, 67.61%
2026-07-22 00:13:02,356 2971671 road_revised.py Completed 23250 of 34374, 67.64%
2026-07-22 00:13:02,357 2971671 road_revised.py Completed 23260 of 34374, 67.67%
2026-07-22 00:13:02,358 2971671 road_revised.py Completed 23270 of 34374, 67.70%
2026-07-22 00:13:02,607 2971671 road_revised.py Completed 23280 of 34374, 67.73%
2026-07-22 00:13:03,128 2971671 road_revised.py Completed 23290 of 34374, 67.75%
2026-07-22 00:13:03,671 2971671 road_revised.py Completed 23300 of 34374, 67.78%
2026-07-22 00:13:03,671 2971671 road_revised.py RSS checkpoint [iter1_lcp_progress_23300_of_34374]: 18.13 GB
2026-07-22 00:13:04,160 2971671 road_revised.py Completed 23310 of 34374, 67.81%
2026-07-22 00:13:04,725 2971671 road_revised.py Completed 23320 of 34374, 67.84%
2026-07-22 00:13:05,243 2971671 road_revised.py Completed 23330 of 34374, 67.87%
2026-07-22 00:13:05,770 2971671 road_revised.py Completed 23340 of 34374, 67.90%
2026-07-22 00:13:06,298 2971671 road_revised.py Completed 23350 of 34374, 67.93%
2026-07-22 00:13:06,792 2971671 road_revised.py Completed 23360 of 34374, 67.96%
2026-07-22 00:13:07,337 2971671 road_revised.py Completed 23370 of 34374, 67.99%
2026-07-22 00:13:07,870 2971671 road_revised.py Completed 23380 of 34374, 68.02%
2026-07-22 00:13:08,419 2971671 road_revised.py Completed 23390 of 34374, 68.05%
2026-07-22 00:13:11,297 2971671 road_revised.py Completed 23400 of 34374, 68.07%
2026-07-22 00:13:11,297 2971671 road_revised.py RSS checkpoint [iter1_lcp_progress_23400_of_34374]: 18.19 GB
2026-07-22 00:13:11,333 2971671 road_revised.py Completed 23410 of 34374, 68.10%
2026-07-22 00:13:11,335 2971671 road_revised.py Completed 23420 of 34374, 68.13%
2026-07-22 00:13:11,345 2971671 road_revised.py Completed 23430 of 34374, 68.16%
2026-07-22 00:13:11,848 2971671 road_revised.py Completed 23440 of 34374, 68.19%
2026-07-22 00:13:12,378 2971671 road_revised.py Completed 23450 of 34374, 68.22%
2026-07-22 00:13:13,003 2971671 road_revised.py Completed 23460 of 34374, 68.25%
2026-07-22 00:13:13,461 2971671 road_revised.py Completed 23470 of 34374, 68.28%
2026-07-22 00:13:13,919 2971671 road_revised.py Completed 23480 of 34374, 68.31%
2026-07-22 00:13:14,451 2971671 road_revised.py Completed 23490 of 34374, 68.34%
2026-07-22 00:13:14,967 2971671 road_revised.py Completed 23500 of 34374, 68.37%
2026-07-22 00:13:14,967 2971671 road_revised.py RSS checkpoint [iter1_lcp_progress_23500_of_34374]: 18.07 GB
2026-07-22 00:13:15,503 2971671 road_revised.py Completed 23510 of 34374, 68.39%
2026-07-22 00:13:16,106 2971671 road_revised.py Completed 23520 of 34374, 68.42%
2026-07-22 00:13:16,766 2971671 road_revised.py Completed 23530 of 34374, 68.45%
2026-07-22 00:13:17,241 2971671 road_revised.py Completed 23540 of 34374, 68.48%
2026-07-22 00:13:17,861 2971671 road_revised.py Completed 23550 of 34374, 68.51%
2026-07-22 00:13:21,934 2971671 road_revised.py Completed 23560 of 34374, 68.54%
2026-07-22 00:13:21,954 2971671 road_revised.py Completed 23570 of 34374, 68.57%
2026-07-22 00:13:22,406 2971671 road_revised.py Completed 23580 of 34374, 68.60%
2026-07-22 00:13:22,407 2971671 road_revised.py Completed 23590 of 34374, 68.63%
2026-07-22 00:13:22,408 2971671 road_revised.py Completed 23600 of 34374, 68.66%
2026-07-22 00:13:22,414 2971671 road_revised.py RSS checkpoint [iter1_lcp_progress_23600_of_34374]: 18.50 GB
2026-07-22 00:13:22,762 2971671 road_revised.py Completed 23610 of 34374, 68.69%
2026-07-22 00:13:23,253 2971671 road_revised.py Completed 23620 of 34374, 68.71%
2026-07-22 00:13:23,791 2971671 road_revised.py Completed 23630 of 34374, 68.74%
2026-07-22 00:13:24,303 2971671 road_revised.py Completed 23640 of 34374, 68.77%
2026-07-22 00:13:24,903 2971671 road_revised.py Completed 23650 of 34374, 68.80%
2026-07-22 00:13:25,458 2971671 road_revised.py Completed 23660 of 34374, 68.83%
2026-07-22 00:13:25,964 2971671 road_revised.py Completed 23670 of 34374, 68.86%
2026-07-22 00:13:26,572 2971671 road_revised.py Completed 23680 of 34374, 68.89%
2026-07-22 00:13:27,095 2971671 road_revised.py Completed 23690 of 34374, 68.92%
2026-07-22 00:13:27,612 2971671 road_revised.py Completed 23700 of 34374, 68.95%
2026-07-22 00:13:27,613 2971671 road_revised.py RSS checkpoint [iter1_lcp_progress_23700_of_34374]: 18.76 GB
2026-07-22 00:13:28,130 2971671 road_revised.py Completed 23710 of 34374, 68.98%
2026-07-22 00:13:28,682 2971671 road_revised.py Completed 23720 of 34374, 69.01%
2026-07-22 00:13:32,010 2971671 road_revised.py Completed 23730 of 34374, 69.03%
2026-07-22 00:13:32,014 2971671 road_revised.py Completed 23740 of 34374, 69.06%
2026-07-22 00:13:32,015 2971671 road_revised.py Completed 23750 of 34374, 69.09%
2026-07-22 00:13:32,016 2971671 road_revised.py Completed 23760 of 34374, 69.12%
2026-07-22 00:13:32,254 2971671 road_revised.py Completed 23770 of 34374, 69.15%
2026-07-22 00:13:32,810 2971671 road_revised.py Completed 23780 of 34374, 69.18%
2026-07-22 00:13:33,305 2971671 road_revised.py Completed 23790 of 34374, 69.21%
2026-07-22 00:13:33,834 2971671 road_revised.py Completed 23800 of 34374, 69.24%
2026-07-22 00:13:33,834 2971671 road_revised.py RSS checkpoint [iter1_lcp_progress_23800_of_34374]: 18.23 GB
2026-07-22 00:13:34,426 2971671 road_revised.py Completed 23810 of 34374, 69.27%
2026-07-22 00:13:34,998 2971671 road_revised.py Completed 23820 of 34374, 69.30%
2026-07-22 00:13:35,506 2971671 road_revised.py Completed 23830 of 34374, 69.33%
2026-07-22 00:13:36,001 2971671 road_revised.py Completed 23840 of 34374, 69.35%
2026-07-22 00:13:36,474 2971671 road_revised.py Completed 23850 of 34374, 69.38%
2026-07-22 00:13:36,964 2971671 road_revised.py Completed 23860 of 34374, 69.41%
2026-07-22 00:13:37,554 2971671 road_revised.py Completed 23870 of 34374, 69.44%
2026-07-22 00:13:38,023 2971671 road_revised.py Completed 23880 of 34374, 69.47%
2026-07-22 00:13:38,642 2971671 road_revised.py Completed 23890 of 34374, 69.50%
2026-07-22 00:13:42,286 2971671 road_revised.py Completed 23900 of 34374, 69.53%
2026-07-22 00:13:42,292 2971671 road_revised.py RSS checkpoint [iter1_lcp_progress_23900_of_34374]: 18.47 GB
2026-07-22 00:13:42,678 2971671 road_revised.py Completed 23910 of 34374, 69.56%
2026-07-22 00:13:42,688 2971671 road_revised.py Completed 23920 of 34374, 69.59%
2026-07-22 00:13:42,692 2971671 road_revised.py Completed 23930 of 34374, 69.62%
2026-07-22 00:13:42,705 2971671 road_revised.py Completed 23940 of 34374, 69.65%
2026-07-22 00:13:42,917 2971671 road_revised.py Completed 23950 of 34374, 69.67%
2026-07-22 00:13:43,399 2971671 road_revised.py Completed 23960 of 34374, 69.70%
2026-07-22 00:13:44,000 2971671 road_revised.py Completed 23970 of 34374, 69.73%
2026-07-22 00:13:44,504 2971671 road_revised.py Completed 23980 of 34374, 69.76%
2026-07-22 00:13:45,049 2971671 road_revised.py Completed 23990 of 34374, 69.79%
2026-07-22 00:13:45,504 2971671 road_revised.py Completed 24000 of 34374, 69.82%
2026-07-22 00:13:45,504 2971671 road_revised.py RSS checkpoint [iter1_lcp_progress_24000_of_34374]: 18.36 GB
2026-07-22 00:13:46,106 2971671 road_revised.py Completed 24010 of 34374, 69.85%
2026-07-22 00:13:46,610 2971671 road_revised.py Completed 24020 of 34374, 69.88%
2026-07-22 00:13:47,166 2971671 road_revised.py Completed 24030 of 34374, 69.91%
2026-07-22 00:13:47,683 2971671 road_revised.py Completed 24040 of 34374, 69.94%
2026-07-22 00:13:48,224 2971671 road_revised.py Completed 24050 of 34374, 69.97%
2026-07-22 00:13:48,668 2971671 road_revised.py Completed 24060 of 34374, 69.99%
2026-07-22 00:13:51,416 2971671 road_revised.py Completed 24070 of 34374, 70.02%
2026-07-22 00:13:51,423 2971671 road_revised.py Completed 24080 of 34374, 70.05%
2026-07-22 00:13:51,442 2971671 road_revised.py Completed 24090 of 34374, 70.08%
2026-07-22 00:13:51,445 2971671 road_revised.py Completed 24100 of 34374, 70.11%
2026-07-22 00:13:51,450 2971671 road_revised.py RSS checkpoint [iter1_lcp_progress_24100_of_34374]: 18.44 GB
2026-07-22 00:13:51,982 2971671 road_revised.py Completed 24110 of 34374, 70.14%
2026-07-22 00:13:52,507 2971671 road_revised.py Completed 24120 of 34374, 70.17%
2026-07-22 00:13:52,975 2971671 road_revised.py Completed 24130 of 34374, 70.20%
2026-07-22 00:13:53,492 2971671 road_revised.py Completed 24140 of 34374, 70.23%
2026-07-22 00:13:53,989 2971671 road_revised.py Completed 24150 of 34374, 70.26%
2026-07-22 00:13:54,577 2971671 road_revised.py Completed 24160 of 34374, 70.29%
2026-07-22 00:13:55,153 2971671 road_revised.py Completed 24170 of 34374, 70.31%
2026-07-22 00:13:55,634 2971671 road_revised.py Completed 24180 of 34374, 70.34%
2026-07-22 00:13:56,104 2971671 road_revised.py Completed 24190 of 34374, 70.37%
2026-07-22 00:13:56,672 2971671 road_revised.py Completed 24200 of 34374, 70.40%
2026-07-22 00:13:56,672 2971671 road_revised.py RSS checkpoint [iter1_lcp_progress_24200_of_34374]: 18.41 GB
2026-07-22 00:13:57,170 2971671 road_revised.py Completed 24210 of 34374, 70.43%
2026-07-22 00:13:57,825 2971671 road_revised.py Completed 24220 of 34374, 70.46%
2026-07-22 00:14:02,754 2971671 road_revised.py Completed 24230 of 34374, 70.49%
2026-07-22 00:14:02,756 2971671 road_revised.py Completed 24240 of 34374, 70.52%
2026-07-22 00:14:02,757 2971671 road_revised.py Completed 24250 of 34374, 70.55%
2026-07-22 00:14:02,758 2971671 road_revised.py Completed 24260 of 34374, 70.58%
2026-07-22 00:14:02,774 2971671 road_revised.py Completed 24270 of 34374, 70.61%
2026-07-22 00:14:03,113 2971671 road_revised.py Completed 24280 of 34374, 70.63%
2026-07-22 00:14:03,690 2971671 road_revised.py Completed 24290 of 34374, 70.66%
2026-07-22 00:14:04,183 2971671 road_revised.py Completed 24300 of 34374, 70.69%
2026-07-22 00:14:04,183 2971671 road_revised.py RSS checkpoint [iter1_lcp_progress_24300_of_34374]: 18.67 GB
2026-07-22 00:14:04,779 2971671 road_revised.py Completed 24310 of 34374, 70.72%
2026-07-22 00:14:05,243 2971671 road_revised.py Completed 24320 of 34374, 70.75%
2026-07-22 00:14:05,775 2971671 road_revised.py Completed 24330 of 34374, 70.78%
2026-07-22 00:14:06,310 2971671 road_revised.py Completed 24340 of 34374, 70.81%
2026-07-22 00:14:06,793 2971671 road_revised.py Completed 24350 of 34374, 70.84%
2026-07-22 00:14:07,410 2971671 road_revised.py Completed 24360 of 34374, 70.87%
2026-07-22 00:14:07,870 2971671 road_revised.py Completed 24370 of 34374, 70.90%
2026-07-22 00:14:08,362 2971671 road_revised.py Completed 24380 of 34374, 70.93%
2026-07-22 00:14:08,854 2971671 road_revised.py Completed 24390 of 34374, 70.95%
2026-07-22 00:14:12,117 2971671 road_revised.py Completed 24400 of 34374, 70.98%
2026-07-22 00:14:12,125 2971671 road_revised.py RSS checkpoint [iter1_lcp_progress_24400_of_34374]: 18.67 GB
2026-07-22 00:14:12,139 2971671 road_revised.py Completed 24410 of 34374, 71.01%
2026-07-22 00:14:12,235 2971671 road_revised.py Completed 24420 of 34374, 71.04%
2026-07-22 00:14:12,236 2971671 road_revised.py Completed 24430 of 34374, 71.07%
2026-07-22 00:14:12,269 2971671 road_revised.py Completed 24440 of 34374, 71.10%
2026-07-22 00:14:12,751 2971671 road_revised.py Completed 24450 of 34374, 71.13%
2026-07-22 00:14:13,227 2971671 road_revised.py Completed 24460 of 34374, 71.16%
2026-07-22 00:14:13,667 2971671 road_revised.py Completed 24470 of 34374, 71.19%
2026-07-22 00:14:14,223 2971671 road_revised.py Completed 24480 of 34374, 71.22%
2026-07-22 00:14:14,707 2971671 road_revised.py Completed 24490 of 34374, 71.25%
2026-07-22 00:14:15,257 2971671 road_revised.py Completed 24500 of 34374, 71.27%
2026-07-22 00:14:15,257 2971671 road_revised.py RSS checkpoint [iter1_lcp_progress_24500_of_34374]: 18.51 GB
2026-07-22 00:14:15,767 2971671 road_revised.py Completed 24510 of 34374, 71.30%
2026-07-22 00:14:16,245 2971671 road_revised.py Completed 24520 of 34374, 71.33%
2026-07-22 00:14:16,701 2971671 road_revised.py Completed 24530 of 34374, 71.36%
2026-07-22 00:14:17,188 2971671 road_revised.py Completed 24540 of 34374, 71.39%
2026-07-22 00:14:17,716 2971671 road_revised.py Completed 24550 of 34374, 71.42%
2026-07-22 00:14:18,151 2971671 road_revised.py Completed 24560 of 34374, 71.45%
2026-07-22 00:14:22,334 2971671 road_revised.py Completed 24570 of 34374, 71.48%
2026-07-22 00:14:22,352 2971671 road_revised.py Completed 24580 of 34374, 71.51%
2026-07-22 00:14:22,397 2971671 road_revised.py Completed 24590 of 34374, 71.54%
2026-07-22 00:14:22,398 2971671 road_revised.py Completed 24600 of 34374, 71.57%
2026-07-22 00:14:22,399 2971671 road_revised.py RSS checkpoint [iter1_lcp_progress_24600_of_34374]: 19.60 GB
2026-07-22 00:14:22,400 2971671 road_revised.py Completed 24610 of 34374, 71.59%
2026-07-22 00:14:23,186 2971671 road_revised.py Completed 24620 of 34374, 71.62%
2026-07-22 00:14:23,698 2971671 road_revised.py Completed 24630 of 34374, 71.65%
2026-07-22 00:14:24,190 2971671 road_revised.py Completed 24640 of 34374, 71.68%
2026-07-22 00:14:24,729 2971671 road_revised.py Completed 24650 of 34374, 71.71%
2026-07-22 00:14:25,199 2971671 road_revised.py Completed 24660 of 34374, 71.74%
2026-07-22 00:14:25,750 2971671 road_revised.py Completed 24670 of 34374, 71.77%
2026-07-22 00:14:25,973 2971671 road_revised.py Completed 24680 of 34374, 71.80%
2026-07-22 00:14:26,324 2971671 road_revised.py Completed 24690 of 34374, 71.83%
2026-07-22 00:14:26,873 2971671 road_revised.py Completed 24700 of 34374, 71.86%
2026-07-22 00:14:26,873 2971671 road_revised.py RSS checkpoint [iter1_lcp_progress_24700_of_34374]: 19.52 GB
2026-07-22 00:14:27,451 2971671 road_revised.py Completed 24710 of 34374, 71.89%
2026-07-22 00:14:28,016 2971671 road_revised.py Completed 24720 of 34374, 71.91%
2026-07-22 00:14:28,630 2971671 road_revised.py Completed 24730 of 34374, 71.94%
2026-07-22 00:14:29,153 2971671 road_revised.py Completed 24740 of 34374, 71.97%
2026-07-22 00:14:32,784 2971671 road_revised.py Completed 24750 of 34374, 72.00%
2026-07-22 00:14:32,788 2971671 road_revised.py Completed 24760 of 34374, 72.03%
2026-07-22 00:14:32,789 2971671 road_revised.py Completed 24770 of 34374, 72.06%
2026-07-22 00:14:32,941 2971671 road_revised.py Completed 24780 of 34374, 72.09%
2026-07-22 00:14:33,495 2971671 road_revised.py Completed 24790 of 34374, 72.12%
2026-07-22 00:14:34,034 2971671 road_revised.py Completed 24800 of 34374, 72.15%
2026-07-22 00:14:34,034 2971671 road_revised.py RSS checkpoint [iter1_lcp_progress_24800_of_34374]: 19.21 GB
2026-07-22 00:14:34,589 2971671 road_revised.py Completed 24810 of 34374, 72.18%
2026-07-22 00:14:35,270 2971671 road_revised.py Completed 24820 of 34374, 72.21%
2026-07-22 00:14:35,769 2971671 road_revised.py Completed 24830 of 34374, 72.23%
2026-07-22 00:14:36,291 2971671 road_revised.py Completed 24840 of 34374, 72.26%
2026-07-22 00:14:36,906 2971671 road_revised.py Completed 24850 of 34374, 72.29%
2026-07-22 00:14:37,519 2971671 road_revised.py Completed 24860 of 34374, 72.32%
2026-07-22 00:14:38,021 2971671 road_revised.py Completed 24870 of 34374, 72.35%
2026-07-22 00:14:38,576 2971671 road_revised.py Completed 24880 of 34374, 72.38%
2026-07-22 00:14:39,143 2971671 road_revised.py Completed 24890 of 34374, 72.41%
2026-07-22 00:14:39,602 2971671 road_revised.py Completed 24900 of 34374, 72.44%
2026-07-22 00:14:39,602 2971671 road_revised.py RSS checkpoint [iter1_lcp_progress_24900_of_34374]: 19.41 GB
2026-07-22 00:14:44,658 2971671 road_revised.py Completed 24910 of 34374, 72.47%
2026-07-22 00:14:44,660 2971671 road_revised.py Completed 24920 of 34374, 72.50%
2026-07-22 00:14:45,099 2971671 road_revised.py Completed 24930 of 34374, 72.53%
2026-07-22 00:14:45,101 2971671 road_revised.py Completed 24940 of 34374, 72.55%
2026-07-22 00:14:45,111 2971671 road_revised.py Completed 24950 of 34374, 72.58%
2026-07-22 00:14:45,118 2971671 road_revised.py Completed 24960 of 34374, 72.61%
2026-07-22 00:14:45,119 2971671 road_revised.py Completed 24970 of 34374, 72.64%
2026-07-22 00:14:45,692 2971671 road_revised.py Completed 24980 of 34374, 72.67%
2026-07-22 00:14:46,234 2971671 road_revised.py Completed 24990 of 34374, 72.70%
2026-07-22 00:14:46,768 2971671 road_revised.py Completed 25000 of 34374, 72.73%
2026-07-22 00:14:46,768 2971671 road_revised.py RSS checkpoint [iter1_lcp_progress_25000_of_34374]: 19.19 GB
2026-07-22 00:14:47,247 2971671 road_revised.py Completed 25010 of 34374, 72.76%
2026-07-22 00:14:47,778 2971671 road_revised.py Completed 25020 of 34374, 72.79%
2026-07-22 00:14:48,237 2971671 road_revised.py Completed 25030 of 34374, 72.82%
2026-07-22 00:14:48,776 2971671 road_revised.py Completed 25040 of 34374, 72.85%
2026-07-22 00:14:49,383 2971671 road_revised.py Completed 25050 of 34374, 72.87%
2026-07-22 00:14:49,876 2971671 road_revised.py Completed 25060 of 34374, 72.90%
2026-07-22 00:14:50,328 2971671 road_revised.py Completed 25070 of 34374, 72.93%
2026-07-22 00:14:53,599 2971671 road_revised.py Completed 25080 of 34374, 72.96%
2026-07-22 00:14:53,600 2971671 road_revised.py Completed 25090 of 34374, 72.99%
2026-07-22 00:14:53,634 2971671 road_revised.py Completed 25100 of 34374, 73.02%
2026-07-22 00:14:53,635 2971671 road_revised.py RSS checkpoint [iter1_lcp_progress_25100_of_34374]: 19.28 GB
2026-07-22 00:14:53,636 2971671 road_revised.py Completed 25110 of 34374, 73.05%
2026-07-22 00:14:53,855 2971671 road_revised.py Completed 25120 of 34374, 73.08%
2026-07-22 00:14:54,478 2971671 road_revised.py Completed 25130 of 34374, 73.11%
2026-07-22 00:14:54,962 2971671 road_revised.py Completed 25140 of 34374, 73.14%
2026-07-22 00:14:55,499 2971671 road_revised.py Completed 25150 of 34374, 73.17%
2026-07-22 00:14:56,047 2971671 road_revised.py Completed 25160 of 34374, 73.19%
2026-07-22 00:14:56,686 2971671 road_revised.py Completed 25170 of 34374, 73.22%
2026-07-22 00:14:57,267 2971671 road_revised.py Completed 25180 of 34374, 73.25%
2026-07-22 00:14:57,844 2971671 road_revised.py Completed 25190 of 34374, 73.28%
2026-07-22 00:14:58,375 2971671 road_revised.py Completed 25200 of 34374, 73.31%
2026-07-22 00:14:58,375 2971671 road_revised.py RSS checkpoint [iter1_lcp_progress_25200_of_34374]: 19.23 GB
2026-07-22 00:14:58,953 2971671 road_revised.py Completed 25210 of 34374, 73.34%
2026-07-22 00:14:59,500 2971671 road_revised.py Completed 25220 of 34374, 73.37%
2026-07-22 00:15:00,024 2971671 road_revised.py Completed 25230 of 34374, 73.40%
2026-07-22 00:15:00,534 2971671 road_revised.py Completed 25240 of 34374, 73.43%
2026-07-22 00:15:04,810 2971671 road_revised.py Completed 25250 of 34374, 73.46%
2026-07-22 00:15:04,813 2971671 road_revised.py Completed 25260 of 34374, 73.49%
2026-07-22 00:15:05,243 2971671 road_revised.py Completed 25270 of 34374, 73.51%
2026-07-22 00:15:05,244 2971671 road_revised.py Completed 25280 of 34374, 73.54%
2026-07-22 00:15:05,252 2971671 road_revised.py Completed 25290 of 34374, 73.57%
2026-07-22 00:15:05,553 2971671 road_revised.py Completed 25300 of 34374, 73.60%
2026-07-22 00:15:05,554 2971671 road_revised.py RSS checkpoint [iter1_lcp_progress_25300_of_34374]: 19.24 GB
2026-07-22 00:15:06,136 2971671 road_revised.py Completed 25310 of 34374, 73.63%
2026-07-22 00:15:06,726 2971671 road_revised.py Completed 25320 of 34374, 73.66%
2026-07-22 00:15:07,175 2971671 road_revised.py Completed 25330 of 34374, 73.69%
2026-07-22 00:15:07,700 2971671 road_revised.py Completed 25340 of 34374, 73.72%
2026-07-22 00:15:08,257 2971671 road_revised.py Completed 25350 of 34374, 73.75%
2026-07-22 00:15:08,776 2971671 road_revised.py Completed 25360 of 34374, 73.78%
2026-07-22 00:15:09,337 2971671 road_revised.py Completed 25370 of 34374, 73.81%
2026-07-22 00:15:09,903 2971671 road_revised.py Completed 25380 of 34374, 73.83%
2026-07-22 00:15:10,557 2971671 road_revised.py Completed 25390 of 34374, 73.86%
2026-07-22 00:15:11,014 2971671 road_revised.py Completed 25400 of 34374, 73.89%
2026-07-22 00:15:11,014 2971671 road_revised.py RSS checkpoint [iter1_lcp_progress_25400_of_34374]: 19.48 GB
2026-07-22 00:15:11,614 2971671 road_revised.py Completed 25410 of 34374, 73.92%
2026-07-22 00:15:14,392 2971671 road_revised.py Completed 25420 of 34374, 73.95%
2026-07-22 00:15:14,431 2971671 road_revised.py Completed 25430 of 34374, 73.98%
2026-07-22 00:15:14,432 2971671 road_revised.py Completed 25440 of 34374, 74.01%
2026-07-22 00:15:14,652 2971671 road_revised.py Completed 25450 of 34374, 74.04%
2026-07-22 00:15:15,136 2971671 road_revised.py Completed 25460 of 34374, 74.07%
2026-07-22 00:15:15,693 2971671 road_revised.py Completed 25470 of 34374, 74.10%
2026-07-22 00:15:16,232 2971671 road_revised.py Completed 25480 of 34374, 74.13%
2026-07-22 00:15:16,787 2971671 road_revised.py Completed 25490 of 34374, 74.15%
2026-07-22 00:15:17,264 2971671 road_revised.py Completed 25500 of 34374, 74.18%
2026-07-22 00:15:17,264 2971671 road_revised.py RSS checkpoint [iter1_lcp_progress_25500_of_34374]: 19.11 GB
2026-07-22 00:15:17,778 2971671 road_revised.py Completed 25510 of 34374, 74.21%
2026-07-22 00:15:18,302 2971671 road_revised.py Completed 25520 of 34374, 74.24%
2026-07-22 00:15:18,788 2971671 road_revised.py Completed 25530 of 34374, 74.27%
2026-07-22 00:15:19,306 2971671 road_revised.py Completed 25540 of 34374, 74.30%
2026-07-22 00:15:19,811 2971671 road_revised.py Completed 25550 of 34374, 74.33%
2026-07-22 00:15:20,323 2971671 road_revised.py Completed 25560 of 34374, 74.36%
2026-07-22 00:15:20,859 2971671 road_revised.py Completed 25570 of 34374, 74.39%
2026-07-22 00:15:25,445 2971671 road_revised.py Completed 25580 of 34374, 74.42%
2026-07-22 00:15:25,449 2971671 road_revised.py Completed 25590 of 34374, 74.45%
2026-07-22 00:15:25,450 2971671 road_revised.py Completed 25600 of 34374, 74.47%
2026-07-22 00:15:25,454 2971671 road_revised.py RSS checkpoint [iter1_lcp_progress_25600_of_34374]: 19.45 GB
2026-07-22 00:15:25,460 2971671 road_revised.py Completed 25610 of 34374, 74.50%
2026-07-22 00:15:25,468 2971671 road_revised.py Completed 25620 of 34374, 74.53%
2026-07-22 00:15:25,469 2971671 road_revised.py Completed 25630 of 34374, 74.56%
2026-07-22 00:15:25,909 2971671 road_revised.py Completed 25640 of 34374, 74.59%
2026-07-22 00:15:26,402 2971671 road_revised.py Completed 25650 of 34374, 74.62%
2026-07-22 00:15:26,905 2971671 road_revised.py Completed 25660 of 34374, 74.65%
2026-07-22 00:15:27,376 2971671 road_revised.py Completed 25670 of 34374, 74.68%
2026-07-22 00:15:27,943 2971671 road_revised.py Completed 25680 of 34374, 74.71%
2026-07-22 00:15:28,440 2971671 road_revised.py Completed 25690 of 34374, 74.74%
2026-07-22 00:15:28,931 2971671 road_revised.py Completed 25700 of 34374, 74.77%
2026-07-22 00:15:28,932 2971671 road_revised.py RSS checkpoint [iter1_lcp_progress_25700_of_34374]: 19.35 GB
2026-07-22 00:15:29,469 2971671 road_revised.py Completed 25710 of 34374, 74.79%
2026-07-22 00:15:30,047 2971671 road_revised.py Completed 25720 of 34374, 74.82%
2026-07-22 00:15:30,527 2971671 road_revised.py Completed 25730 of 34374, 74.85%
2026-07-22 00:15:31,027 2971671 road_revised.py Completed 25740 of 34374, 74.88%
2026-07-22 00:15:34,083 2971671 road_revised.py Completed 25750 of 34374, 74.91%
2026-07-22 00:15:34,085 2971671 road_revised.py Completed 25760 of 34374, 74.94%
2026-07-22 00:15:34,086 2971671 road_revised.py Completed 25770 of 34374, 74.97%
2026-07-22 00:15:34,107 2971671 road_revised.py Completed 25780 of 34374, 75.00%
2026-07-22 00:15:34,192 2971671 road_revised.py Completed 25790 of 34374, 75.03%
2026-07-22 00:15:34,686 2971671 road_revised.py Completed 25800 of 34374, 75.06%
2026-07-22 00:15:34,686 2971671 road_revised.py RSS checkpoint [iter1_lcp_progress_25800_of_34374]: 19.21 GB
2026-07-22 00:15:35,198 2971671 road_revised.py Completed 25810 of 34374, 75.09%
2026-07-22 00:15:35,676 2971671 road_revised.py Completed 25820 of 34374, 75.11%
2026-07-22 00:15:36,147 2971671 road_revised.py Completed 25830 of 34374, 75.14%
2026-07-22 00:15:36,705 2971671 road_revised.py Completed 25840 of 34374, 75.17%
2026-07-22 00:15:37,181 2971671 road_revised.py Completed 25850 of 34374, 75.20%
2026-07-22 00:15:37,732 2971671 road_revised.py Completed 25860 of 34374, 75.23%
2026-07-22 00:15:38,241 2971671 road_revised.py Completed 25870 of 34374, 75.26%
2026-07-22 00:15:38,736 2971671 road_revised.py Completed 25880 of 34374, 75.29%
2026-07-22 00:15:39,249 2971671 road_revised.py Completed 25890 of 34374, 75.32%
2026-07-22 00:15:39,734 2971671 road_revised.py Completed 25900 of 34374, 75.35%
2026-07-22 00:15:39,734 2971671 road_revised.py RSS checkpoint [iter1_lcp_progress_25900_of_34374]: 19.42 GB
2026-07-22 00:15:40,302 2971671 road_revised.py Completed 25910 of 34374, 75.38%
2026-07-22 00:15:43,671 2971671 road_revised.py Completed 25920 of 34374, 75.41%
2026-07-22 00:15:43,722 2971671 road_revised.py Completed 25930 of 34374, 75.43%
2026-07-22 00:15:43,729 2971671 road_revised.py Completed 25940 of 34374, 75.46%
2026-07-22 00:15:43,730 2971671 road_revised.py Completed 25950 of 34374, 75.49%
2026-07-22 00:15:44,101 2971671 road_revised.py Completed 25960 of 34374, 75.52%
2026-07-22 00:15:45,014 2971671 road_revised.py Completed 25970 of 34374, 75.55%
2026-07-22 00:15:45,428 2971671 road_revised.py Completed 25980 of 34374, 75.58%
2026-07-22 00:15:45,937 2971671 road_revised.py Completed 25990 of 34374, 75.61%
2026-07-22 00:15:46,418 2971671 road_revised.py Completed 26000 of 34374, 75.64%
2026-07-22 00:15:46,418 2971671 road_revised.py RSS checkpoint [iter1_lcp_progress_26000_of_34374]: 19.49 GB
2026-07-22 00:15:46,919 2971671 road_revised.py Completed 26010 of 34374, 75.67%
2026-07-22 00:15:47,366 2971671 road_revised.py Completed 26020 of 34374, 75.70%
2026-07-22 00:15:47,842 2971671 road_revised.py Completed 26030 of 34374, 75.73%
2026-07-22 00:15:48,330 2971671 road_revised.py Completed 26040 of 34374, 75.75%
2026-07-22 00:15:48,888 2971671 road_revised.py Completed 26050 of 34374, 75.78%
2026-07-22 00:15:49,371 2971671 road_revised.py Completed 26060 of 34374, 75.81%
2026-07-22 00:15:49,813 2971671 road_revised.py Completed 26070 of 34374, 75.84%
2026-07-22 00:15:50,433 2971671 road_revised.py Completed 26080 of 34374, 75.87%
2026-07-22 00:15:53,390 2971671 road_revised.py Completed 26090 of 34374, 75.90%
2026-07-22 00:15:53,425 2971671 road_revised.py Completed 26100 of 34374, 75.93%
2026-07-22 00:15:53,430 2971671 road_revised.py RSS checkpoint [iter1_lcp_progress_26100_of_34374]: 19.66 GB
2026-07-22 00:15:53,433 2971671 road_revised.py Completed 26110 of 34374, 75.96%
2026-07-22 00:15:53,434 2971671 road_revised.py Completed 26120 of 34374, 75.99%
2026-07-22 00:15:53,717 2971671 road_revised.py Completed 26130 of 34374, 76.02%
2026-07-22 00:15:54,281 2971671 road_revised.py Completed 26140 of 34374, 76.05%
2026-07-22 00:15:54,719 2971671 road_revised.py Completed 26150 of 34374, 76.07%
2026-07-22 00:15:55,237 2971671 road_revised.py Completed 26160 of 34374, 76.10%
2026-07-22 00:15:55,908 2971671 road_revised.py Completed 26170 of 34374, 76.13%
2026-07-22 00:15:56,395 2971671 road_revised.py Completed 26180 of 34374, 76.16%
2026-07-22 00:15:56,879 2971671 road_revised.py Completed 26190 of 34374, 76.19%
2026-07-22 00:15:57,403 2971671 road_revised.py Completed 26200 of 34374, 76.22%
2026-07-22 00:15:57,403 2971671 road_revised.py RSS checkpoint [iter1_lcp_progress_26200_of_34374]: 19.58 GB
2026-07-22 00:15:57,899 2971671 road_revised.py Completed 26210 of 34374, 76.25%
2026-07-22 00:15:58,357 2971671 road_revised.py Completed 26220 of 34374, 76.28%
2026-07-22 00:15:58,843 2971671 road_revised.py Completed 26230 of 34374, 76.31%
2026-07-22 00:15:59,328 2971671 road_revised.py Completed 26240 of 34374, 76.34%
2026-07-22 00:16:03,598 2971671 road_revised.py Completed 26250 of 34374, 76.37%
2026-07-22 00:16:03,607 2971671 road_revised.py Completed 26260 of 34374, 76.39%
2026-07-22 00:16:03,645 2971671 road_revised.py Completed 26270 of 34374, 76.42%
2026-07-22 00:16:03,646 2971671 road_revised.py Completed 26280 of 34374, 76.45%
2026-07-22 00:16:03,647 2971671 road_revised.py Completed 26290 of 34374, 76.48%
2026-07-22 00:16:04,071 2971671 road_revised.py Completed 26300 of 34374, 76.51%
2026-07-22 00:16:04,071 2971671 road_revised.py RSS checkpoint [iter1_lcp_progress_26300_of_34374]: 19.75 GB
2026-07-22 00:16:04,501 2971671 road_revised.py Completed 26310 of 34374, 76.54%
2026-07-22 00:16:05,015 2971671 road_revised.py Completed 26320 of 34374, 76.57%
2026-07-22 00:16:05,509 2971671 road_revised.py Completed 26330 of 34374, 76.60%
2026-07-22 00:16:06,081 2971671 road_revised.py Completed 26340 of 34374, 76.63%
2026-07-22 00:16:06,508 2971671 road_revised.py Completed 26350 of 34374, 76.66%
2026-07-22 00:16:07,019 2971671 road_revised.py Completed 26360 of 34374, 76.69%
2026-07-22 00:16:07,503 2971671 road_revised.py Completed 26370 of 34374, 76.71%
2026-07-22 00:16:08,036 2971671 road_revised.py Completed 26380 of 34374, 76.74%
2026-07-22 00:16:08,520 2971671 road_revised.py Completed 26390 of 34374, 76.77%
2026-07-22 00:16:09,035 2971671 road_revised.py Completed 26400 of 34374, 76.80%
2026-07-22 00:16:09,035 2971671 road_revised.py RSS checkpoint [iter1_lcp_progress_26400_of_34374]: 20.00 GB
2026-07-22 00:16:09,514 2971671 road_revised.py Completed 26410 of 34374, 76.83%
2026-07-22 00:16:12,752 2971671 road_revised.py Completed 26420 of 34374, 76.86%
2026-07-22 00:16:12,812 2971671 road_revised.py Completed 26430 of 34374, 76.89%
2026-07-22 00:16:12,861 2971671 road_revised.py Completed 26440 of 34374, 76.92%
2026-07-22 00:16:12,862 2971671 road_revised.py Completed 26450 of 34374, 76.95%
2026-07-22 00:16:13,056 2971671 road_revised.py Completed 26460 of 34374, 76.98%
2026-07-22 00:16:13,689 2971671 road_revised.py Completed 26470 of 34374, 77.01%
2026-07-22 00:16:14,225 2971671 road_revised.py Completed 26480 of 34374, 77.03%
2026-07-22 00:16:14,734 2971671 road_revised.py Completed 26490 of 34374, 77.06%
2026-07-22 00:16:15,194 2971671 road_revised.py Completed 26500 of 34374, 77.09%
2026-07-22 00:16:15,194 2971671 road_revised.py RSS checkpoint [iter1_lcp_progress_26500_of_34374]: 19.76 GB
2026-07-22 00:16:15,669 2971671 road_revised.py Completed 26510 of 34374, 77.12%
2026-07-22 00:16:16,190 2971671 road_revised.py Completed 26520 of 34374, 77.15%
2026-07-22 00:16:16,675 2971671 road_revised.py Completed 26530 of 34374, 77.18%
2026-07-22 00:16:17,120 2971671 road_revised.py Completed 26540 of 34374, 77.21%
2026-07-22 00:16:17,589 2971671 road_revised.py Completed 26550 of 34374, 77.24%
2026-07-22 00:16:18,040 2971671 road_revised.py Completed 26560 of 34374, 77.27%
2026-07-22 00:16:18,534 2971671 road_revised.py Completed 26570 of 34374, 77.30%
2026-07-22 00:16:19,007 2971671 road_revised.py Completed 26580 of 34374, 77.33%
2026-07-22 00:16:22,891 2971671 road_revised.py Completed 26590 of 34374, 77.35%
2026-07-22 00:16:22,955 2971671 road_revised.py Completed 26600 of 34374, 77.38%
2026-07-22 00:16:22,959 2971671 road_revised.py RSS checkpoint [iter1_lcp_progress_26600_of_34374]: 20.51 GB
2026-07-22 00:16:22,962 2971671 road_revised.py Completed 26610 of 34374, 77.41%
2026-07-22 00:16:22,963 2971671 road_revised.py Completed 26620 of 34374, 77.44%
2026-07-22 00:16:23,383 2971671 road_revised.py Completed 26630 of 34374, 77.47%
2026-07-22 00:16:23,603 2971671 road_revised.py Completed 26640 of 34374, 77.50%
2026-07-22 00:16:24,039 2971671 road_revised.py Completed 26650 of 34374, 77.53%
2026-07-22 00:16:24,580 2971671 road_revised.py Completed 26660 of 34374, 77.56%
2026-07-22 00:16:25,232 2971671 road_revised.py Completed 26670 of 34374, 77.59%
2026-07-22 00:16:25,760 2971671 road_revised.py Completed 26680 of 34374, 77.62%
2026-07-22 00:16:26,319 2971671 road_revised.py Completed 26690 of 34374, 77.65%
2026-07-22 00:16:26,956 2971671 road_revised.py Completed 26700 of 34374, 77.67%
2026-07-22 00:16:26,957 2971671 road_revised.py RSS checkpoint [iter1_lcp_progress_26700_of_34374]: 20.40 GB
2026-07-22 00:16:27,454 2971671 road_revised.py Completed 26710 of 34374, 77.70%
2026-07-22 00:16:28,027 2971671 road_revised.py Completed 26720 of 34374, 77.73%
2026-07-22 00:16:28,599 2971671 road_revised.py Completed 26730 of 34374, 77.76%
2026-07-22 00:16:29,240 2971671 road_revised.py Completed 26740 of 34374, 77.79%
2026-07-22 00:16:29,796 2971671 road_revised.py Completed 26750 of 34374, 77.82%
2026-07-22 00:16:33,463 2971671 road_revised.py Completed 26760 of 34374, 77.85%
2026-07-22 00:16:33,560 2971671 road_revised.py Completed 26770 of 34374, 77.88%
2026-07-22 00:16:33,561 2971671 road_revised.py Completed 26780 of 34374, 77.91%
2026-07-22 00:16:33,628 2971671 road_revised.py Completed 26790 of 34374, 77.94%
2026-07-22 00:16:34,174 2971671 road_revised.py Completed 26800 of 34374, 77.97%
2026-07-22 00:16:34,174 2971671 road_revised.py RSS checkpoint [iter1_lcp_progress_26800_of_34374]: 20.12 GB
2026-07-22 00:16:34,829 2971671 road_revised.py Completed 26810 of 34374, 77.99%
2026-07-22 00:16:35,441 2971671 road_revised.py Completed 26820 of 34374, 78.02%
2026-07-22 00:16:36,013 2971671 road_revised.py Completed 26830 of 34374, 78.05%
2026-07-22 00:16:36,633 2971671 road_revised.py Completed 26840 of 34374, 78.08%
2026-07-22 00:16:37,220 2971671 road_revised.py Completed 26850 of 34374, 78.11%
2026-07-22 00:16:37,842 2971671 road_revised.py Completed 26860 of 34374, 78.14%
2026-07-22 00:16:38,306 2971671 road_revised.py Completed 26870 of 34374, 78.17%
2026-07-22 00:16:38,903 2971671 road_revised.py Completed 26880 of 34374, 78.20%
2026-07-22 00:16:39,410 2971671 road_revised.py Completed 26890 of 34374, 78.23%
2026-07-22 00:16:39,974 2971671 road_revised.py Completed 26900 of 34374, 78.26%
2026-07-22 00:16:39,975 2971671 road_revised.py RSS checkpoint [iter1_lcp_progress_26900_of_34374]: 20.38 GB
2026-07-22 00:16:40,560 2971671 road_revised.py Completed 26910 of 34374, 78.29%
2026-07-22 00:16:45,669 2971671 road_revised.py Completed 26920 of 34374, 78.32%
2026-07-22 00:16:45,689 2971671 road_revised.py Completed 26930 of 34374, 78.34%
2026-07-22 00:16:45,690 2971671 road_revised.py Completed 26940 of 34374, 78.37%
2026-07-22 00:16:45,691 2971671 road_revised.py Completed 26950 of 34374, 78.40%
2026-07-22 00:16:46,233 2971671 road_revised.py Completed 26960 of 34374, 78.43%
2026-07-22 00:16:46,235 2971671 road_revised.py Completed 26970 of 34374, 78.46%
2026-07-22 00:16:46,328 2971671 road_revised.py Completed 26980 of 34374, 78.49%
2026-07-22 00:16:46,921 2971671 road_revised.py Completed 26990 of 34374, 78.52%
2026-07-22 00:16:47,495 2971671 road_revised.py Completed 27000 of 34374, 78.55%
2026-07-22 00:16:47,495 2971671 road_revised.py RSS checkpoint [iter1_lcp_progress_27000_of_34374]: 20.84 GB
2026-07-22 00:16:48,049 2971671 road_revised.py Completed 27010 of 34374, 78.58%
2026-07-22 00:16:48,567 2971671 road_revised.py Completed 27020 of 34374, 78.61%
2026-07-22 00:16:49,185 2971671 road_revised.py Completed 27030 of 34374, 78.64%
2026-07-22 00:16:49,688 2971671 road_revised.py Completed 27040 of 34374, 78.66%
2026-07-22 00:16:50,233 2971671 road_revised.py Completed 27050 of 34374, 78.69%
2026-07-22 00:16:50,786 2971671 road_revised.py Completed 27060 of 34374, 78.72%
2026-07-22 00:16:51,336 2971671 road_revised.py Completed 27070 of 34374, 78.75%
2026-07-22 00:16:51,901 2971671 road_revised.py Completed 27080 of 34374, 78.78%
2026-07-22 00:16:52,418 2971671 road_revised.py Completed 27090 of 34374, 78.81%
2026-07-22 00:16:55,530 2971671 road_revised.py Completed 27100 of 34374, 78.84%
2026-07-22 00:16:55,530 2971671 road_revised.py RSS checkpoint [iter1_lcp_progress_27100_of_34374]: 20.76 GB
2026-07-22 00:16:55,532 2971671 road_revised.py Completed 27110 of 34374, 78.87%
2026-07-22 00:16:55,570 2971671 road_revised.py Completed 27120 of 34374, 78.90%
2026-07-22 00:16:55,641 2971671 road_revised.py Completed 27130 of 34374, 78.93%
2026-07-22 00:16:56,192 2971671 road_revised.py Completed 27140 of 34374, 78.96%
2026-07-22 00:16:56,690 2971671 road_revised.py Completed 27150 of 34374, 78.98%
2026-07-22 00:16:57,205 2971671 road_revised.py Completed 27160 of 34374, 79.01%
2026-07-22 00:16:57,748 2971671 road_revised.py Completed 27170 of 34374, 79.04%
2026-07-22 00:16:58,298 2971671 road_revised.py Completed 27180 of 34374, 79.07%
2026-07-22 00:16:58,761 2971671 road_revised.py Completed 27190 of 34374, 79.10%
2026-07-22 00:16:59,305 2971671 road_revised.py Completed 27200 of 34374, 79.13%
2026-07-22 00:16:59,305 2971671 road_revised.py RSS checkpoint [iter1_lcp_progress_27200_of_34374]: 20.62 GB
2026-07-22 00:16:59,856 2971671 road_revised.py Completed 27210 of 34374, 79.16%
2026-07-22 00:17:00,410 2971671 road_revised.py Completed 27220 of 34374, 79.19%
2026-07-22 00:17:00,930 2971671 road_revised.py Completed 27230 of 34374, 79.22%
2026-07-22 00:17:01,524 2971671 road_revised.py Completed 27240 of 34374, 79.25%
2026-07-22 00:17:02,055 2971671 road_revised.py Completed 27250 of 34374, 79.28%
2026-07-22 00:17:02,625 2971671 road_revised.py Completed 27260 of 34374, 79.30%
2026-07-22 00:17:06,392 2971671 road_revised.py Completed 27270 of 34374, 79.33%
2026-07-22 00:17:06,406 2971671 road_revised.py Completed 27280 of 34374, 79.36%
2026-07-22 00:17:06,841 2971671 road_revised.py Completed 27290 of 34374, 79.39%
2026-07-22 00:17:06,842 2971671 road_revised.py Completed 27300 of 34374, 79.42%
2026-07-22 00:17:06,846 2971671 road_revised.py RSS checkpoint [iter1_lcp_progress_27300_of_34374]: 20.26 GB
2026-07-22 00:17:06,857 2971671 road_revised.py Completed 27310 of 34374, 79.45%
2026-07-22 00:17:07,228 2971671 road_revised.py Completed 27320 of 34374, 79.48%
2026-07-22 00:17:07,730 2971671 road_revised.py Completed 27330 of 34374, 79.51%
2026-07-22 00:17:08,281 2971671 road_revised.py Completed 27340 of 34374, 79.54%
2026-07-22 00:17:08,749 2971671 road_revised.py Completed 27350 of 34374, 79.57%
2026-07-22 00:17:09,272 2971671 road_revised.py Completed 27360 of 34374, 79.60%
2026-07-22 00:17:09,850 2971671 road_revised.py Completed 27370 of 34374, 79.62%
2026-07-22 00:17:10,365 2971671 road_revised.py Completed 27380 of 34374, 79.65%
2026-07-22 00:17:10,894 2971671 road_revised.py Completed 27390 of 34374, 79.68%
2026-07-22 00:17:11,406 2971671 road_revised.py Completed 27400 of 34374, 79.71%
2026-07-22 00:17:11,406 2971671 road_revised.py RSS checkpoint [iter1_lcp_progress_27400_of_34374]: 20.47 GB
2026-07-22 00:17:12,007 2971671 road_revised.py Completed 27410 of 34374, 79.74%
2026-07-22 00:17:12,459 2971671 road_revised.py Completed 27420 of 34374, 79.77%
2026-07-22 00:17:13,014 2971671 road_revised.py Completed 27430 of 34374, 79.80%
2026-07-22 00:17:15,822 2971671 road_revised.py Completed 27440 of 34374, 79.83%
2026-07-22 00:17:15,897 2971671 road_revised.py Completed 27450 of 34374, 79.86%
2026-07-22 00:17:15,898 2971671 road_revised.py Completed 27460 of 34374, 79.89%
2026-07-22 00:17:15,926 2971671 road_revised.py Completed 27470 of 34374, 79.92%
2026-07-22 00:17:16,453 2971671 road_revised.py Completed 27480 of 34374, 79.94%
2026-07-22 00:17:17,044 2971671 road_revised.py Completed 27490 of 34374, 79.97%
2026-07-22 00:17:17,581 2971671 road_revised.py Completed 27500 of 34374, 80.00%
2026-07-22 00:17:17,581 2971671 road_revised.py RSS checkpoint [iter1_lcp_progress_27500_of_34374]: 20.31 GB
2026-07-22 00:17:18,078 2971671 road_revised.py Completed 27510 of 34374, 80.03%
2026-07-22 00:17:18,617 2971671 road_revised.py Completed 27520 of 34374, 80.06%
2026-07-22 00:17:19,149 2971671 road_revised.py Completed 27530 of 34374, 80.09%
2026-07-22 00:17:19,808 2971671 road_revised.py Completed 27540 of 34374, 80.12%
2026-07-22 00:17:20,248 2971671 road_revised.py Completed 27550 of 34374, 80.15%
2026-07-22 00:17:20,763 2971671 road_revised.py Completed 27560 of 34374, 80.18%
2026-07-22 00:17:21,264 2971671 road_revised.py Completed 27570 of 34374, 80.21%
2026-07-22 00:17:21,856 2971671 road_revised.py Completed 27580 of 34374, 80.24%
2026-07-22 00:17:22,299 2971671 road_revised.py Completed 27590 of 34374, 80.26%
2026-07-22 00:17:26,337 2971671 road_revised.py Completed 27600 of 34374, 80.29%
2026-07-22 00:17:26,337 2971671 road_revised.py RSS checkpoint [iter1_lcp_progress_27600_of_34374]: 20.66 GB
2026-07-22 00:17:26,340 2971671 road_revised.py Completed 27610 of 34374, 80.32%
2026-07-22 00:17:26,790 2971671 road_revised.py Completed 27620 of 34374, 80.35%
2026-07-22 00:17:26,791 2971671 road_revised.py Completed 27630 of 34374, 80.38%
2026-07-22 00:17:26,792 2971671 road_revised.py Completed 27640 of 34374, 80.41%
2026-07-22 00:17:26,968 2971671 road_revised.py Completed 27650 of 34374, 80.44%
2026-07-22 00:17:27,480 2971671 road_revised.py Completed 27660 of 34374, 80.47%
2026-07-22 00:17:27,998 2971671 road_revised.py Completed 27670 of 34374, 80.50%
2026-07-22 00:17:28,470 2971671 road_revised.py Completed 27680 of 34374, 80.53%
2026-07-22 00:17:29,078 2971671 road_revised.py Completed 27690 of 34374, 80.56%
2026-07-22 00:17:29,588 2971671 road_revised.py Completed 27700 of 34374, 80.58%
2026-07-22 00:17:29,588 2971671 road_revised.py RSS checkpoint [iter1_lcp_progress_27700_of_34374]: 20.53 GB
2026-07-22 00:17:30,124 2971671 road_revised.py Completed 27710 of 34374, 80.61%
2026-07-22 00:17:30,566 2971671 road_revised.py Completed 27720 of 34374, 80.64%
2026-07-22 00:17:31,146 2971671 road_revised.py Completed 27730 of 34374, 80.67%
2026-07-22 00:17:31,676 2971671 road_revised.py Completed 27740 of 34374, 80.70%
2026-07-22 00:17:32,286 2971671 road_revised.py Completed 27750 of 34374, 80.73%
2026-07-22 00:17:32,772 2971671 road_revised.py Completed 27760 of 34374, 80.76%
2026-07-22 00:17:35,776 2971671 road_revised.py Completed 27770 of 34374, 80.79%
2026-07-22 00:17:35,778 2971671 road_revised.py Completed 27780 of 34374, 80.82%
2026-07-22 00:17:35,779 2971671 road_revised.py Completed 27790 of 34374, 80.85%
2026-07-22 00:17:35,798 2971671 road_revised.py Completed 27800 of 34374, 80.88%
2026-07-22 00:17:35,798 2971671 road_revised.py RSS checkpoint [iter1_lcp_progress_27800_of_34374]: 20.68 GB
2026-07-22 00:17:36,253 2971671 road_revised.py Completed 27810 of 34374, 80.90%
2026-07-22 00:17:36,739 2971671 road_revised.py Completed 27820 of 34374, 80.93%
2026-07-22 00:17:37,332 2971671 road_revised.py Completed 27830 of 34374, 80.96%
2026-07-22 00:17:37,717 2971671 road_revised.py Completed 27840 of 34374, 80.99%
2026-07-22 00:17:38,194 2971671 road_revised.py Completed 27850 of 34374, 81.02%
2026-07-22 00:17:38,703 2971671 road_revised.py Completed 27860 of 34374, 81.05%
2026-07-22 00:17:39,180 2971671 road_revised.py Completed 27870 of 34374, 81.08%
2026-07-22 00:17:39,694 2971671 road_revised.py Completed 27880 of 34374, 81.11%
2026-07-22 00:17:40,327 2971671 road_revised.py Completed 27890 of 34374, 81.14%
2026-07-22 00:17:40,829 2971671 road_revised.py Completed 27900 of 34374, 81.17%
2026-07-22 00:17:40,829 2971671 road_revised.py RSS checkpoint [iter1_lcp_progress_27900_of_34374]: 20.68 GB
2026-07-22 00:17:41,244 2971671 road_revised.py Completed 27910 of 34374, 81.20%
2026-07-22 00:17:41,736 2971671 road_revised.py Completed 27920 of 34374, 81.22%
2026-07-22 00:17:42,273 2971671 road_revised.py Completed 27930 of 34374, 81.25%
2026-07-22 00:17:47,044 2971671 road_revised.py Completed 27940 of 34374, 81.28%
2026-07-22 00:17:47,048 2971671 road_revised.py Completed 27950 of 34374, 81.31%
2026-07-22 00:17:47,049 2971671 road_revised.py Completed 27960 of 34374, 81.34%
2026-07-22 00:17:47,060 2971671 road_revised.py Completed 27970 of 34374, 81.37%
2026-07-22 00:17:47,253 2971671 road_revised.py Completed 27980 of 34374, 81.40%
2026-07-22 00:17:47,794 2971671 road_revised.py Completed 27990 of 34374, 81.43%
2026-07-22 00:17:48,307 2971671 road_revised.py Completed 28000 of 34374, 81.46%
2026-07-22 00:17:48,307 2971671 road_revised.py RSS checkpoint [iter1_lcp_progress_28000_of_34374]: 20.89 GB
2026-07-22 00:17:48,811 2971671 road_revised.py Completed 28010 of 34374, 81.49%
2026-07-22 00:17:49,357 2971671 road_revised.py Completed 28020 of 34374, 81.52%
2026-07-22 00:17:49,861 2971671 road_revised.py Completed 28030 of 34374, 81.54%
2026-07-22 00:17:50,289 2971671 road_revised.py Completed 28040 of 34374, 81.57%
2026-07-22 00:17:50,865 2971671 road_revised.py Completed 28050 of 34374, 81.60%
2026-07-22 00:17:51,361 2971671 road_revised.py Completed 28060 of 34374, 81.63%
2026-07-22 00:17:51,844 2971671 road_revised.py Completed 28070 of 34374, 81.66%
2026-07-22 00:17:52,328 2971671 road_revised.py Completed 28080 of 34374, 81.69%
2026-07-22 00:17:52,873 2971671 road_revised.py Completed 28090 of 34374, 81.72%
2026-07-22 00:17:53,359 2971671 road_revised.py Completed 28100 of 34374, 81.75%
2026-07-22 00:17:53,359 2971671 road_revised.py RSS checkpoint [iter1_lcp_progress_28100_of_34374]: 21.10 GB
2026-07-22 00:17:56,334 2971671 road_revised.py Completed 28110 of 34374, 81.78%
2026-07-22 00:17:56,343 2971671 road_revised.py Completed 28120 of 34374, 81.81%
2026-07-22 00:17:56,388 2971671 road_revised.py Completed 28130 of 34374, 81.84%
2026-07-22 00:17:56,389 2971671 road_revised.py Completed 28140 of 34374, 81.86%
2026-07-22 00:17:56,802 2971671 road_revised.py Completed 28150 of 34374, 81.89%
2026-07-22 00:17:57,336 2971671 road_revised.py Completed 28160 of 34374, 81.92%
2026-07-22 00:17:57,815 2971671 road_revised.py Completed 28170 of 34374, 81.95%
2026-07-22 00:17:58,258 2971671 road_revised.py Completed 28180 of 34374, 81.98%
2026-07-22 00:17:58,769 2971671 road_revised.py Completed 28190 of 34374, 82.01%
2026-07-22 00:17:59,201 2971671 road_revised.py Completed 28200 of 34374, 82.04%
2026-07-22 00:17:59,201 2971671 road_revised.py RSS checkpoint [iter1_lcp_progress_28200_of_34374]: 20.77 GB
2026-07-22 00:17:59,698 2971671 road_revised.py Completed 28210 of 34374, 82.07%
2026-07-22 00:18:00,259 2971671 road_revised.py Completed 28220 of 34374, 82.10%
2026-07-22 00:18:00,726 2971671 road_revised.py Completed 28230 of 34374, 82.13%
2026-07-22 00:18:01,219 2971671 road_revised.py Completed 28240 of 34374, 82.16%
2026-07-22 00:18:01,731 2971671 road_revised.py Completed 28250 of 34374, 82.18%
2026-07-22 00:18:02,220 2971671 road_revised.py Completed 28260 of 34374, 82.21%
2026-07-22 00:18:02,708 2971671 road_revised.py Completed 28270 of 34374, 82.24%
2026-07-22 00:18:06,446 2971671 road_revised.py Completed 28280 of 34374, 82.27%
2026-07-22 00:18:06,447 2971671 road_revised.py Completed 28290 of 34374, 82.30%
2026-07-22 00:18:06,479 2971671 road_revised.py Completed 28300 of 34374, 82.33%
2026-07-22 00:18:06,489 2971671 road_revised.py RSS checkpoint [iter1_lcp_progress_28300_of_34374]: 21.21 GB
2026-07-22 00:18:06,491 2971671 road_revised.py Completed 28310 of 34374, 82.36%
2026-07-22 00:18:06,987 2971671 road_revised.py Completed 28320 of 34374, 82.39%
2026-07-22 00:18:07,386 2971671 road_revised.py Completed 28330 of 34374, 82.42%
2026-07-22 00:18:07,812 2971671 road_revised.py Completed 28340 of 34374, 82.45%
2026-07-22 00:18:08,306 2971671 road_revised.py Completed 28350 of 34374, 82.48%
2026-07-22 00:18:08,763 2971671 road_revised.py Completed 28360 of 34374, 82.50%
2026-07-22 00:18:09,301 2971671 road_revised.py Completed 28370 of 34374, 82.53%
2026-07-22 00:18:09,763 2971671 road_revised.py Completed 28380 of 34374, 82.56%
2026-07-22 00:18:10,299 2971671 road_revised.py Completed 28390 of 34374, 82.59%
2026-07-22 00:18:10,762 2971671 road_revised.py Completed 28400 of 34374, 82.62%
2026-07-22 00:18:10,762 2971671 road_revised.py RSS checkpoint [iter1_lcp_progress_28400_of_34374]: 21.11 GB
2026-07-22 00:18:11,275 2971671 road_revised.py Completed 28410 of 34374, 82.65%
2026-07-22 00:18:11,781 2971671 road_revised.py Completed 28420 of 34374, 82.68%
2026-07-22 00:18:12,250 2971671 road_revised.py Completed 28430 of 34374, 82.71%
2026-07-22 00:18:15,693 2971671 road_revised.py Completed 28440 of 34374, 82.74%
2026-07-22 00:18:15,696 2971671 road_revised.py Completed 28450 of 34374, 82.77%
2026-07-22 00:18:15,753 2971671 road_revised.py Completed 28460 of 34374, 82.80%
2026-07-22 00:18:15,755 2971671 road_revised.py Completed 28470 of 34374, 82.82%
2026-07-22 00:18:15,900 2971671 road_revised.py Completed 28480 of 34374, 82.85%
2026-07-22 00:18:16,361 2971671 road_revised.py Completed 28490 of 34374, 82.88%
2026-07-22 00:18:16,908 2971671 road_revised.py Completed 28500 of 34374, 82.91%
2026-07-22 00:18:16,908 2971671 road_revised.py RSS checkpoint [iter1_lcp_progress_28500_of_34374]: 20.94 GB
2026-07-22 00:18:17,388 2971671 road_revised.py Completed 28510 of 34374, 82.94%
2026-07-22 00:18:17,812 2971671 road_revised.py Completed 28520 of 34374, 82.97%
2026-07-22 00:18:18,322 2971671 road_revised.py Completed 28530 of 34374, 83.00%
2026-07-22 00:18:18,796 2971671 road_revised.py Completed 28540 of 34374, 83.03%
2026-07-22 00:18:19,380 2971671 road_revised.py Completed 28550 of 34374, 83.06%
2026-07-22 00:18:19,920 2971671 road_revised.py Completed 28560 of 34374, 83.09%
2026-07-22 00:18:20,428 2971671 road_revised.py Completed 28570 of 34374, 83.12%
2026-07-22 00:18:21,178 2971671 road_revised.py Completed 28580 of 34374, 83.14%
2026-07-22 00:18:21,706 2971671 road_revised.py Completed 28590 of 34374, 83.17%
2026-07-22 00:18:22,211 2971671 road_revised.py Completed 28600 of 34374, 83.20%
2026-07-22 00:18:22,211 2971671 road_revised.py RSS checkpoint [iter1_lcp_progress_28600_of_34374]: 21.14 GB
2026-07-22 00:18:26,893 2971671 road_revised.py Completed 28610 of 34374, 83.23%
2026-07-22 00:18:26,903 2971671 road_revised.py Completed 28620 of 34374, 83.26%
2026-07-22 00:18:26,944 2971671 road_revised.py Completed 28630 of 34374, 83.29%
2026-07-22 00:18:26,956 2971671 road_revised.py Completed 28640 of 34374, 83.32%
2026-07-22 00:18:27,488 2971671 road_revised.py Completed 28650 of 34374, 83.35%
2026-07-22 00:18:27,616 2971671 road_revised.py Completed 28660 of 34374, 83.38%
2026-07-22 00:18:28,223 2971671 road_revised.py Completed 28670 of 34374, 83.41%
2026-07-22 00:18:28,784 2971671 road_revised.py Completed 28680 of 34374, 83.44%
2026-07-22 00:18:29,343 2971671 road_revised.py Completed 28690 of 34374, 83.46%
2026-07-22 00:18:29,907 2971671 road_revised.py Completed 28700 of 34374, 83.49%
2026-07-22 00:18:29,908 2971671 road_revised.py RSS checkpoint [iter1_lcp_progress_28700_of_34374]: 21.69 GB
2026-07-22 00:18:30,541 2971671 road_revised.py Completed 28710 of 34374, 83.52%
2026-07-22 00:18:31,019 2971671 road_revised.py Completed 28720 of 34374, 83.55%
2026-07-22 00:18:31,556 2971671 road_revised.py Completed 28730 of 34374, 83.58%
2026-07-22 00:18:32,171 2971671 road_revised.py Completed 28740 of 34374, 83.61%
2026-07-22 00:18:32,735 2971671 road_revised.py Completed 28750 of 34374, 83.64%
2026-07-22 00:18:33,263 2971671 road_revised.py Completed 28760 of 34374, 83.67%
2026-07-22 00:18:33,826 2971671 road_revised.py Completed 28770 of 34374, 83.70%
2026-07-22 00:18:37,405 2971671 road_revised.py Completed 28780 of 34374, 83.73%
2026-07-22 00:18:37,407 2971671 road_revised.py Completed 28790 of 34374, 83.76%
2026-07-22 00:18:37,408 2971671 road_revised.py Completed 28800 of 34374, 83.78%
2026-07-22 00:18:37,409 2971671 road_revised.py RSS checkpoint [iter1_lcp_progress_28800_of_34374]: 21.53 GB
2026-07-22 00:18:37,412 2971671 road_revised.py Completed 28810 of 34374, 83.81%
2026-07-22 00:18:37,914 2971671 road_revised.py Completed 28820 of 34374, 83.84%
2026-07-22 00:18:38,504 2971671 road_revised.py Completed 28830 of 34374, 83.87%
2026-07-22 00:18:39,167 2971671 road_revised.py Completed 28840 of 34374, 83.90%
2026-07-22 00:18:39,804 2971671 road_revised.py Completed 28850 of 34374, 83.93%
2026-07-22 00:18:40,342 2971671 road_revised.py Completed 28860 of 34374, 83.96%
2026-07-22 00:18:40,963 2971671 road_revised.py Completed 28870 of 34374, 83.99%
2026-07-22 00:18:41,582 2971671 road_revised.py Completed 28880 of 34374, 84.02%
2026-07-22 00:18:42,092 2971671 road_revised.py Completed 28890 of 34374, 84.05%
2026-07-22 00:18:42,682 2971671 road_revised.py Completed 28900 of 34374, 84.08%
2026-07-22 00:18:42,682 2971671 road_revised.py RSS checkpoint [iter1_lcp_progress_28900_of_34374]: 21.39 GB
2026-07-22 00:18:43,247 2971671 road_revised.py Completed 28910 of 34374, 84.10%
2026-07-22 00:18:43,864 2971671 road_revised.py Completed 28920 of 34374, 84.13%
2026-07-22 00:18:44,344 2971671 road_revised.py Completed 28930 of 34374, 84.16%
2026-07-22 00:18:45,011 2971671 road_revised.py Completed 28940 of 34374, 84.19%
2026-07-22 00:18:50,341 2971671 road_revised.py Completed 28950 of 34374, 84.22%
2026-07-22 00:18:50,345 2971671 road_revised.py Completed 28960 of 34374, 84.25%
2026-07-22 00:18:50,824 2971671 road_revised.py Completed 28970 of 34374, 84.28%
2026-07-22 00:18:50,825 2971671 road_revised.py Completed 28980 of 34374, 84.31%
2026-07-22 00:18:50,836 2971671 road_revised.py Completed 28990 of 34374, 84.34%
2026-07-22 00:18:50,841 2971671 road_revised.py Completed 29000 of 34374, 84.37%
2026-07-22 00:18:50,851 2971671 road_revised.py RSS checkpoint [iter1_lcp_progress_29000_of_34374]: 22.01 GB
2026-07-22 00:18:51,349 2971671 road_revised.py Completed 29010 of 34374, 84.40%
2026-07-22 00:18:51,926 2971671 road_revised.py Completed 29020 of 34374, 84.42%
2026-07-22 00:18:52,440 2971671 road_revised.py Completed 29030 of 34374, 84.45%
2026-07-22 00:18:53,023 2971671 road_revised.py Completed 29040 of 34374, 84.48%
2026-07-22 00:18:53,581 2971671 road_revised.py Completed 29050 of 34374, 84.51%
2026-07-22 00:18:54,179 2971671 road_revised.py Completed 29060 of 34374, 84.54%
2026-07-22 00:18:54,749 2971671 road_revised.py Completed 29070 of 34374, 84.57%
2026-07-22 00:18:55,329 2971671 road_revised.py Completed 29080 of 34374, 84.60%
2026-07-22 00:18:55,822 2971671 road_revised.py Completed 29090 of 34374, 84.63%
2026-07-22 00:18:56,401 2971671 road_revised.py Completed 29100 of 34374, 84.66%
2026-07-22 00:18:56,401 2971671 road_revised.py RSS checkpoint [iter1_lcp_progress_29100_of_34374]: 22.27 GB
2026-07-22 00:18:59,899 2971671 road_revised.py Completed 29110 of 34374, 84.69%
2026-07-22 00:18:59,901 2971671 road_revised.py Completed 29120 of 34374, 84.72%
2026-07-22 00:18:59,902 2971671 road_revised.py Completed 29130 of 34374, 84.74%
2026-07-22 00:18:59,940 2971671 road_revised.py Completed 29140 of 34374, 84.77%
2026-07-22 00:19:00,167 2971671 road_revised.py Completed 29150 of 34374, 84.80%
2026-07-22 00:19:00,641 2971671 road_revised.py Completed 29160 of 34374, 84.83%
2026-07-22 00:19:01,272 2971671 road_revised.py Completed 29170 of 34374, 84.86%
2026-07-22 00:19:01,757 2971671 road_revised.py Completed 29180 of 34374, 84.89%
2026-07-22 00:19:02,417 2971671 road_revised.py Completed 29190 of 34374, 84.92%
2026-07-22 00:19:03,049 2971671 road_revised.py Completed 29200 of 34374, 84.95%
2026-07-22 00:19:03,049 2971671 road_revised.py RSS checkpoint [iter1_lcp_progress_29200_of_34374]: 21.64 GB
2026-07-22 00:19:03,545 2971671 road_revised.py Completed 29210 of 34374, 84.98%
2026-07-22 00:19:04,136 2971671 road_revised.py Completed 29220 of 34374, 85.01%
2026-07-22 00:19:04,631 2971671 road_revised.py Completed 29230 of 34374, 85.04%
2026-07-22 00:19:05,158 2971671 road_revised.py Completed 29240 of 34374, 85.06%
2026-07-22 00:19:05,311 2971671 road_revised.py Completed 29250 of 34374, 85.09%
2026-07-22 00:19:05,845 2971671 road_revised.py Completed 29260 of 34374, 85.12%
2026-07-22 00:19:06,421 2971671 road_revised.py Completed 29270 of 34374, 85.15%
2026-07-22 00:19:06,983 2971671 road_revised.py Completed 29280 of 34374, 85.18%
2026-07-22 00:19:11,294 2971671 road_revised.py Completed 29290 of 34374, 85.21%
2026-07-22 00:19:11,297 2971671 road_revised.py Completed 29300 of 34374, 85.24%
2026-07-22 00:19:11,298 2971671 road_revised.py RSS checkpoint [iter1_lcp_progress_29300_of_34374]: 22.01 GB
2026-07-22 00:19:11,758 2971671 road_revised.py Completed 29310 of 34374, 85.27%
2026-07-22 00:19:11,765 2971671 road_revised.py Completed 29320 of 34374, 85.30%
2026-07-22 00:19:11,769 2971671 road_revised.py Completed 29330 of 34374, 85.33%
2026-07-22 00:19:11,995 2971671 road_revised.py Completed 29340 of 34374, 85.36%
2026-07-22 00:19:12,500 2971671 road_revised.py Completed 29350 of 34374, 85.38%
2026-07-22 00:19:13,028 2971671 road_revised.py Completed 29360 of 34374, 85.41%
2026-07-22 00:19:13,559 2971671 road_revised.py Completed 29370 of 34374, 85.44%
2026-07-22 00:19:14,103 2971671 road_revised.py Completed 29380 of 34374, 85.47%
2026-07-22 00:19:14,343 2971671 road_revised.py Completed 29390 of 34374, 85.50%
2026-07-22 00:19:14,675 2971671 road_revised.py Completed 29400 of 34374, 85.53%
2026-07-22 00:19:14,675 2971671 road_revised.py RSS checkpoint [iter1_lcp_progress_29400_of_34374]: 21.83 GB
2026-07-22 00:19:15,218 2971671 road_revised.py Completed 29410 of 34374, 85.56%
2026-07-22 00:19:15,815 2971671 road_revised.py Completed 29420 of 34374, 85.59%
2026-07-22 00:19:16,360 2971671 road_revised.py Completed 29430 of 34374, 85.62%
2026-07-22 00:19:16,830 2971671 road_revised.py Completed 29440 of 34374, 85.65%
2026-07-22 00:19:17,421 2971671 road_revised.py Completed 29450 of 34374, 85.68%
2026-07-22 00:19:17,933 2971671 road_revised.py Completed 29460 of 34374, 85.70%
2026-07-22 00:19:20,640 2971671 road_revised.py Completed 29470 of 34374, 85.73%
2026-07-22 00:19:20,652 2971671 road_revised.py Completed 29480 of 34374, 85.76%
2026-07-22 00:19:20,660 2971671 road_revised.py Completed 29490 of 34374, 85.79%
2026-07-22 00:19:21,052 2971671 road_revised.py Completed 29500 of 34374, 85.82%
2026-07-22 00:19:21,053 2971671 road_revised.py RSS checkpoint [iter1_lcp_progress_29500_of_34374]: 21.56 GB
2026-07-22 00:19:21,581 2971671 road_revised.py Completed 29510 of 34374, 85.85%
2026-07-22 00:19:22,031 2971671 road_revised.py Completed 29520 of 34374, 85.88%
2026-07-22 00:19:22,572 2971671 road_revised.py Completed 29530 of 34374, 85.91%
2026-07-22 00:19:23,150 2971671 road_revised.py Completed 29540 of 34374, 85.94%
2026-07-22 00:19:23,663 2971671 road_revised.py Completed 29550 of 34374, 85.97%
2026-07-22 00:19:24,187 2971671 road_revised.py Completed 29560 of 34374, 86.00%
2026-07-22 00:19:24,684 2971671 road_revised.py Completed 29570 of 34374, 86.02%
2026-07-22 00:19:25,211 2971671 road_revised.py Completed 29580 of 34374, 86.05%
2026-07-22 00:19:25,725 2971671 road_revised.py Completed 29590 of 34374, 86.08%
2026-07-22 00:19:26,239 2971671 road_revised.py Completed 29600 of 34374, 86.11%
2026-07-22 00:19:26,239 2971671 road_revised.py RSS checkpoint [iter1_lcp_progress_29600_of_34374]: 21.77 GB
2026-07-22 00:19:26,751 2971671 road_revised.py Completed 29610 of 34374, 86.14%
2026-07-22 00:19:27,290 2971671 road_revised.py Completed 29620 of 34374, 86.17%
2026-07-22 00:19:27,850 2971671 road_revised.py Completed 29630 of 34374, 86.20%
2026-07-22 00:19:31,678 2971671 road_revised.py Completed 29640 of 34374, 86.23%
2026-07-22 00:19:31,679 2971671 road_revised.py Completed 29650 of 34374, 86.26%
2026-07-22 00:19:31,680 2971671 road_revised.py Completed 29660 of 34374, 86.29%
2026-07-22 00:19:31,682 2971671 road_revised.py Completed 29670 of 34374, 86.32%
2026-07-22 00:19:32,140 2971671 road_revised.py Completed 29680 of 34374, 86.34%
2026-07-22 00:19:32,641 2971671 road_revised.py Completed 29690 of 34374, 86.37%
2026-07-22 00:19:33,232 2971671 road_revised.py Completed 29700 of 34374, 86.40%
2026-07-22 00:19:33,233 2971671 road_revised.py RSS checkpoint [iter1_lcp_progress_29700_of_34374]: 21.72 GB
2026-07-22 00:19:33,740 2971671 road_revised.py Completed 29710 of 34374, 86.43%
2026-07-22 00:19:34,322 2971671 road_revised.py Completed 29720 of 34374, 86.46%
2026-07-22 00:19:34,824 2971671 road_revised.py Completed 29730 of 34374, 86.49%
2026-07-22 00:19:35,483 2971671 road_revised.py Completed 29740 of 34374, 86.52%
2026-07-22 00:19:35,971 2971671 road_revised.py Completed 29750 of 34374, 86.55%
2026-07-22 00:19:36,530 2971671 road_revised.py Completed 29760 of 34374, 86.58%
2026-07-22 00:19:37,029 2971671 road_revised.py Completed 29770 of 34374, 86.61%
2026-07-22 00:19:37,569 2971671 road_revised.py Completed 29780 of 34374, 86.64%
2026-07-22 00:19:38,059 2971671 road_revised.py Completed 29790 of 34374, 86.66%
2026-07-22 00:19:41,276 2971671 road_revised.py Completed 29800 of 34374, 86.69%
2026-07-22 00:19:41,276 2971671 road_revised.py RSS checkpoint [iter1_lcp_progress_29800_of_34374]: 21.95 GB
2026-07-22 00:19:41,278 2971671 road_revised.py Completed 29810 of 34374, 86.72%
2026-07-22 00:19:41,318 2971671 road_revised.py Completed 29820 of 34374, 86.75%
2026-07-22 00:19:41,319 2971671 road_revised.py Completed 29830 of 34374, 86.78%
2026-07-22 00:19:41,388 2971671 road_revised.py Completed 29840 of 34374, 86.81%
2026-07-22 00:19:41,926 2971671 road_revised.py Completed 29850 of 34374, 86.84%
2026-07-22 00:19:42,447 2971671 road_revised.py Completed 29860 of 34374, 86.87%
2026-07-22 00:19:42,986 2971671 road_revised.py Completed 29870 of 34374, 86.90%
2026-07-22 00:19:43,456 2971671 road_revised.py Completed 29880 of 34374, 86.93%
2026-07-22 00:19:43,982 2971671 road_revised.py Completed 29890 of 34374, 86.96%
2026-07-22 00:19:44,525 2971671 road_revised.py Completed 29900 of 34374, 86.98%
2026-07-22 00:19:44,525 2971671 road_revised.py RSS checkpoint [iter1_lcp_progress_29900_of_34374]: 21.82 GB
2026-07-22 00:19:44,997 2971671 road_revised.py Completed 29910 of 34374, 87.01%
2026-07-22 00:19:45,494 2971671 road_revised.py Completed 29920 of 34374, 87.04%
2026-07-22 00:19:45,942 2971671 road_revised.py Completed 29930 of 34374, 87.07%
2026-07-22 00:19:46,462 2971671 road_revised.py Completed 29940 of 34374, 87.10%
2026-07-22 00:19:46,960 2971671 road_revised.py Completed 29950 of 34374, 87.13%
2026-07-22 00:19:47,467 2971671 road_revised.py Completed 29960 of 34374, 87.16%
2026-07-22 00:19:50,740 2971671 road_revised.py Completed 29970 of 34374, 87.19%
2026-07-22 00:19:50,742 2971671 road_revised.py Completed 29980 of 34374, 87.22%
2026-07-22 00:19:50,743 2971671 road_revised.py Completed 29990 of 34374, 87.25%
2026-07-22 00:19:50,763 2971671 road_revised.py Completed 30000 of 34374, 87.28%
2026-07-22 00:19:50,763 2971671 road_revised.py RSS checkpoint [iter1_lcp_progress_30000_of_34374]: 22.04 GB
2026-07-22 00:19:50,952 2971671 road_revised.py Completed 30010 of 34374, 87.30%
2026-07-22 00:19:51,767 2971671 road_revised.py Completed 30020 of 34374, 87.33%
2026-07-22 00:19:52,230 2971671 road_revised.py Completed 30030 of 34374, 87.36%
2026-07-22 00:19:52,791 2971671 road_revised.py Completed 30040 of 34374, 87.39%
2026-07-22 00:19:53,277 2971671 road_revised.py Completed 30050 of 34374, 87.42%
2026-07-22 00:19:53,832 2971671 road_revised.py Completed 30060 of 34374, 87.45%
2026-07-22 00:19:54,321 2971671 road_revised.py Completed 30070 of 34374, 87.48%
2026-07-22 00:19:54,887 2971671 road_revised.py Completed 30080 of 34374, 87.51%
2026-07-22 00:19:55,313 2971671 road_revised.py Completed 30090 of 34374, 87.54%
2026-07-22 00:19:55,838 2971671 road_revised.py Completed 30100 of 34374, 87.57%
2026-07-22 00:19:55,838 2971671 road_revised.py RSS checkpoint [iter1_lcp_progress_30100_of_34374]: 22.03 GB
2026-07-22 00:19:56,277 2971671 road_revised.py Completed 30110 of 34374, 87.60%
2026-07-22 00:19:56,778 2971671 road_revised.py Completed 30120 of 34374, 87.62%
2026-07-22 00:19:57,264 2971671 road_revised.py Completed 30130 of 34374, 87.65%
2026-07-22 00:20:00,353 2971671 road_revised.py Completed 30140 of 34374, 87.68%
2026-07-22 00:20:00,357 2971671 road_revised.py Completed 30150 of 34374, 87.71%
2026-07-22 00:20:00,358 2971671 road_revised.py Completed 30160 of 34374, 87.74%
2026-07-22 00:20:00,373 2971671 road_revised.py Completed 30170 of 34374, 87.77%
2026-07-22 00:20:00,528 2971671 road_revised.py Completed 30180 of 34374, 87.80%
2026-07-22 00:20:01,022 2971671 road_revised.py Completed 30190 of 34374, 87.83%
2026-07-22 00:20:01,547 2971671 road_revised.py Completed 30200 of 34374, 87.86%
2026-07-22 00:20:01,547 2971671 road_revised.py RSS checkpoint [iter1_lcp_progress_30200_of_34374]: 21.88 GB
2026-07-22 00:20:02,080 2971671 road_revised.py Completed 30210 of 34374, 87.89%
2026-07-22 00:20:02,538 2971671 road_revised.py Completed 30220 of 34374, 87.92%
2026-07-22 00:20:03,054 2971671 road_revised.py Completed 30230 of 34374, 87.94%
2026-07-22 00:20:03,591 2971671 road_revised.py Completed 30240 of 34374, 87.97%
2026-07-22 00:20:04,226 2971671 road_revised.py Completed 30250 of 34374, 88.00%
2026-07-22 00:20:04,830 2971671 road_revised.py Completed 30260 of 34374, 88.03%
2026-07-22 00:20:05,360 2971671 road_revised.py Completed 30270 of 34374, 88.06%
2026-07-22 00:20:05,817 2971671 road_revised.py Completed 30280 of 34374, 88.09%
2026-07-22 00:20:06,274 2971671 road_revised.py Completed 30290 of 34374, 88.12%
2026-07-22 00:20:06,832 2971671 road_revised.py Completed 30300 of 34374, 88.15%
2026-07-22 00:20:06,832 2971671 road_revised.py RSS checkpoint [iter1_lcp_progress_30300_of_34374]: 22.07 GB
2026-07-22 00:20:10,652 2971671 road_revised.py Completed 30310 of 34374, 88.18%
2026-07-22 00:20:10,696 2971671 road_revised.py Completed 30320 of 34374, 88.21%
2026-07-22 00:20:10,703 2971671 road_revised.py Completed 30330 of 34374, 88.24%
2026-07-22 00:20:10,716 2971671 road_revised.py Completed 30340 of 34374, 88.26%
2026-07-22 00:20:11,322 2971671 road_revised.py Completed 30350 of 34374, 88.29%
2026-07-22 00:20:11,848 2971671 road_revised.py Completed 30360 of 34374, 88.32%
2026-07-22 00:20:12,346 2971671 road_revised.py Completed 30370 of 34374, 88.35%
2026-07-22 00:20:12,897 2971671 road_revised.py Completed 30380 of 34374, 88.38%
2026-07-22 00:20:13,475 2971671 road_revised.py Completed 30390 of 34374, 88.41%
2026-07-22 00:20:14,044 2971671 road_revised.py Completed 30400 of 34374, 88.44%
2026-07-22 00:20:14,044 2971671 road_revised.py RSS checkpoint [iter1_lcp_progress_30400_of_34374]: 22.18 GB
2026-07-22 00:20:14,592 2971671 road_revised.py Completed 30410 of 34374, 88.47%
2026-07-22 00:20:15,098 2971671 road_revised.py Completed 30420 of 34374, 88.50%
2026-07-22 00:20:15,668 2971671 road_revised.py Completed 30430 of 34374, 88.53%
2026-07-22 00:20:16,153 2971671 road_revised.py Completed 30440 of 34374, 88.56%
2026-07-22 00:20:16,620 2971671 road_revised.py Completed 30450 of 34374, 88.58%
2026-07-22 00:20:17,127 2971671 road_revised.py Completed 30460 of 34374, 88.61%
2026-07-22 00:20:20,782 2971671 road_revised.py Completed 30470 of 34374, 88.64%
2026-07-22 00:20:20,784 2971671 road_revised.py Completed 30480 of 34374, 88.67%
2026-07-22 00:20:20,813 2971671 road_revised.py Completed 30490 of 34374, 88.70%
2026-07-22 00:20:20,821 2971671 road_revised.py Completed 30500 of 34374, 88.73%
2026-07-22 00:20:20,842 2971671 road_revised.py RSS checkpoint [iter1_lcp_progress_30500_of_34374]: 22.37 GB
2026-07-22 00:20:20,846 2971671 road_revised.py Completed 30510 of 34374, 88.76%
2026-07-22 00:20:20,945 2971671 road_revised.py Completed 30520 of 34374, 88.79%
2026-07-22 00:20:21,464 2971671 road_revised.py Completed 30530 of 34374, 88.82%
2026-07-22 00:20:22,004 2971671 road_revised.py Completed 30540 of 34374, 88.85%
2026-07-22 00:20:22,579 2971671 road_revised.py Completed 30550 of 34374, 88.88%
2026-07-22 00:20:23,139 2971671 road_revised.py Completed 30560 of 34374, 88.90%
2026-07-22 00:20:23,556 2971671 road_revised.py Completed 30570 of 34374, 88.93%
2026-07-22 00:20:24,046 2971671 road_revised.py Completed 30580 of 34374, 88.96%
2026-07-22 00:20:24,569 2971671 road_revised.py Completed 30590 of 34374, 88.99%
2026-07-22 00:20:25,002 2971671 road_revised.py Completed 30600 of 34374, 89.02%
2026-07-22 00:20:25,002 2971671 road_revised.py RSS checkpoint [iter1_lcp_progress_30600_of_34374]: 22.24 GB
2026-07-22 00:20:25,638 2971671 road_revised.py Completed 30610 of 34374, 89.05%
2026-07-22 00:20:26,165 2971671 road_revised.py Completed 30620 of 34374, 89.08%
2026-07-22 00:20:26,674 2971671 road_revised.py Completed 30630 of 34374, 89.11%
2026-07-22 00:20:30,517 2971671 road_revised.py Completed 30640 of 34374, 89.14%
2026-07-22 00:20:30,518 2971671 road_revised.py Completed 30650 of 34374, 89.17%
2026-07-22 00:20:30,533 2971671 road_revised.py Completed 30660 of 34374, 89.20%
2026-07-22 00:20:31,029 2971671 road_revised.py Completed 30670 of 34374, 89.22%
2026-07-22 00:20:31,030 2971671 road_revised.py Completed 30680 of 34374, 89.25%
2026-07-22 00:20:31,257 2971671 road_revised.py Completed 30690 of 34374, 89.28%
2026-07-22 00:20:31,821 2971671 road_revised.py Completed 30700 of 34374, 89.31%
2026-07-22 00:20:31,821 2971671 road_revised.py RSS checkpoint [iter1_lcp_progress_30700_of_34374]: 22.36 GB
2026-07-22 00:20:32,260 2971671 road_revised.py Completed 30710 of 34374, 89.34%
2026-07-22 00:20:32,772 2971671 road_revised.py Completed 30720 of 34374, 89.37%
2026-07-22 00:20:33,286 2971671 road_revised.py Completed 30730 of 34374, 89.40%
2026-07-22 00:20:33,869 2971671 road_revised.py Completed 30740 of 34374, 89.43%
2026-07-22 00:20:34,323 2971671 road_revised.py Completed 30750 of 34374, 89.46%
2026-07-22 00:20:34,995 2971671 road_revised.py Completed 30760 of 34374, 89.49%
2026-07-22 00:20:35,566 2971671 road_revised.py Completed 30770 of 34374, 89.52%
2026-07-22 00:20:35,962 2971671 road_revised.py Completed 30780 of 34374, 89.54%
2026-07-22 00:20:36,020 2971671 road_revised.py Completed 30790 of 34374, 89.57%
2026-07-22 00:20:36,631 2971671 road_revised.py Completed 30800 of 34374, 89.60%
2026-07-22 00:20:36,631 2971671 road_revised.py RSS checkpoint [iter1_lcp_progress_30800_of_34374]: 22.58 GB
2026-07-22 00:20:37,198 2971671 road_revised.py Completed 30810 of 34374, 89.63%
2026-07-22 00:20:40,827 2971671 road_revised.py Completed 30820 of 34374, 89.66%
2026-07-22 00:20:40,906 2971671 road_revised.py Completed 30830 of 34374, 89.69%
2026-07-22 00:20:40,907 2971671 road_revised.py Completed 30840 of 34374, 89.72%
2026-07-22 00:20:40,915 2971671 road_revised.py Completed 30850 of 34374, 89.75%
2026-07-22 00:20:41,427 2971671 road_revised.py Completed 30860 of 34374, 89.78%
2026-07-22 00:20:41,990 2971671 road_revised.py Completed 30870 of 34374, 89.81%
2026-07-22 00:20:42,623 2971671 road_revised.py Completed 30880 of 34374, 89.84%
2026-07-22 00:20:43,195 2971671 road_revised.py Completed 30890 of 34374, 89.86%
2026-07-22 00:20:43,862 2971671 road_revised.py Completed 30900 of 34374, 89.89%
2026-07-22 00:20:43,862 2971671 road_revised.py RSS checkpoint [iter1_lcp_progress_30900_of_34374]: 22.68 GB
2026-07-22 00:20:44,518 2971671 road_revised.py Completed 30910 of 34374, 89.92%
2026-07-22 00:20:45,063 2971671 road_revised.py Completed 30920 of 34374, 89.95%
2026-07-22 00:20:45,667 2971671 road_revised.py Completed 30930 of 34374, 89.98%
2026-07-22 00:20:46,171 2971671 road_revised.py Completed 30940 of 34374, 90.01%
2026-07-22 00:20:46,751 2971671 road_revised.py Completed 30950 of 34374, 90.04%
2026-07-22 00:20:47,264 2971671 road_revised.py Completed 30960 of 34374, 90.07%
2026-07-22 00:20:47,868 2971671 road_revised.py Completed 30970 of 34374, 90.10%
2026-07-22 00:20:48,363 2971671 road_revised.py Completed 30980 of 34374, 90.13%
2026-07-22 00:20:53,891 2971671 road_revised.py Completed 30990 of 34374, 90.16%
2026-07-22 00:20:53,892 2971671 road_revised.py Completed 31000 of 34374, 90.18%
2026-07-22 00:20:53,902 2971671 road_revised.py RSS checkpoint [iter1_lcp_progress_31000_of_34374]: 23.12 GB
2026-07-22 00:20:53,912 2971671 road_revised.py Completed 31010 of 34374, 90.21%
2026-07-22 00:20:53,923 2971671 road_revised.py Completed 31020 of 34374, 90.24%
2026-07-22 00:20:53,924 2971671 road_revised.py Completed 31030 of 34374, 90.27%
2026-07-22 00:20:54,473 2971671 road_revised.py Completed 31040 of 34374, 90.30%
2026-07-22 00:20:55,084 2971671 road_revised.py Completed 31050 of 34374, 90.33%
2026-07-22 00:20:55,605 2971671 road_revised.py Completed 31060 of 34374, 90.36%
2026-07-22 00:20:56,136 2971671 road_revised.py Completed 31070 of 34374, 90.39%
2026-07-22 00:20:56,738 2971671 road_revised.py Completed 31080 of 34374, 90.42%
2026-07-22 00:20:57,248 2971671 road_revised.py Completed 31090 of 34374, 90.45%
2026-07-22 00:20:57,785 2971671 road_revised.py Completed 31100 of 34374, 90.48%
2026-07-22 00:20:57,785 2971671 road_revised.py RSS checkpoint [iter1_lcp_progress_31100_of_34374]: 22.91 GB
2026-07-22 00:20:58,369 2971671 road_revised.py Completed 31110 of 34374, 90.50%
2026-07-22 00:20:58,829 2971671 road_revised.py Completed 31120 of 34374, 90.53%
2026-07-22 00:20:59,403 2971671 road_revised.py Completed 31130 of 34374, 90.56%
2026-07-22 00:20:59,910 2971671 road_revised.py Completed 31140 of 34374, 90.59%
2026-07-22 00:21:03,379 2971671 road_revised.py Completed 31150 of 34374, 90.62%
2026-07-22 00:21:03,381 2971671 road_revised.py Completed 31160 of 34374, 90.65%
2026-07-22 00:21:03,382 2971671 road_revised.py Completed 31170 of 34374, 90.68%
2026-07-22 00:21:03,398 2971671 road_revised.py Completed 31180 of 34374, 90.71%
2026-07-22 00:21:03,761 2971671 road_revised.py Completed 31190 of 34374, 90.74%
2026-07-22 00:21:04,419 2971671 road_revised.py Completed 31200 of 34374, 90.77%
2026-07-22 00:21:04,419 2971671 road_revised.py RSS checkpoint [iter1_lcp_progress_31200_of_34374]: 22.65 GB
2026-07-22 00:21:04,981 2971671 road_revised.py Completed 31210 of 34374, 90.80%
2026-07-22 00:21:05,578 2971671 road_revised.py Completed 31220 of 34374, 90.82%
2026-07-22 00:21:06,073 2971671 road_revised.py Completed 31230 of 34374, 90.85%
2026-07-22 00:21:06,679 2971671 road_revised.py Completed 31240 of 34374, 90.88%
2026-07-22 00:21:06,981 2971671 road_revised.py Completed 31250 of 34374, 90.91%
2026-07-22 00:21:07,380 2971671 road_revised.py Completed 31260 of 34374, 90.94%
2026-07-22 00:21:07,841 2971671 road_revised.py Completed 31270 of 34374, 90.97%
2026-07-22 00:21:08,253 2971671 road_revised.py Completed 31280 of 34374, 91.00%
2026-07-22 00:21:08,754 2971671 road_revised.py Completed 31290 of 34374, 91.03%
2026-07-22 00:21:09,193 2971671 road_revised.py Completed 31300 of 34374, 91.06%
2026-07-22 00:21:09,194 2971671 road_revised.py RSS checkpoint [iter1_lcp_progress_31300_of_34374]: 22.85 GB
2026-07-22 00:21:09,618 2971671 road_revised.py Completed 31310 of 34374, 91.09%
2026-07-22 00:21:10,067 2971671 road_revised.py Completed 31320 of 34374, 91.12%
2026-07-22 00:21:10,533 2971671 road_revised.py Completed 31330 of 34374, 91.14%
2026-07-22 00:21:10,937 2971671 road_revised.py Completed 31340 of 34374, 91.17%
2026-07-22 00:21:11,395 2971671 road_revised.py Completed 31350 of 34374, 91.20%
2026-07-22 00:21:11,829 2971671 road_revised.py Completed 31360 of 34374, 91.23%
2026-07-22 00:21:12,277 2971671 road_revised.py Completed 31370 of 34374, 91.26%
2026-07-22 00:21:12,670 2971671 road_revised.py Completed 31380 of 34374, 91.29%
2026-07-22 00:21:13,159 2971671 road_revised.py Completed 31390 of 34374, 91.32%
2026-07-22 00:21:13,627 2971671 road_revised.py Completed 31400 of 34374, 91.35%
2026-07-22 00:21:13,627 2971671 road_revised.py RSS checkpoint [iter1_lcp_progress_31400_of_34374]: 22.88 GB
2026-07-22 00:21:18,045 2971671 road_revised.py Completed 31410 of 34374, 91.38%
2026-07-22 00:21:18,045 2971671 road_revised.py Completed 31420 of 34374, 91.41%
2026-07-22 00:21:18,056 2971671 road_revised.py Completed 31430 of 34374, 91.44%
2026-07-22 00:21:18,057 2971671 road_revised.py Completed 31440 of 34374, 91.46%
2026-07-22 00:21:18,097 2971671 road_revised.py Completed 31450 of 34374, 91.49%
2026-07-22 00:21:18,102 2971671 road_revised.py Completed 31460 of 34374, 91.52%
2026-07-22 00:21:18,285 2971671 road_revised.py Completed 31470 of 34374, 91.55%
2026-07-22 00:21:18,759 2971671 road_revised.py Completed 31480 of 34374, 91.58%
2026-07-22 00:21:19,137 2971671 road_revised.py Completed 31490 of 34374, 91.61%
2026-07-22 00:21:19,533 2971671 road_revised.py Completed 31500 of 34374, 91.64%
2026-07-22 00:21:19,533 2971671 road_revised.py RSS checkpoint [iter1_lcp_progress_31500_of_34374]: 22.87 GB
2026-07-22 00:21:19,916 2971671 road_revised.py Completed 31510 of 34374, 91.67%
2026-07-22 00:21:20,840 2971671 road_revised.py Completed 31520 of 34374, 91.70%
2026-07-22 00:21:21,316 2971671 road_revised.py Completed 31530 of 34374, 91.73%
2026-07-22 00:21:21,702 2971671 road_revised.py Completed 31540 of 34374, 91.76%
2026-07-22 00:21:22,139 2971671 road_revised.py Completed 31550 of 34374, 91.78%
2026-07-22 00:21:22,570 2971671 road_revised.py Completed 31560 of 34374, 91.81%
2026-07-22 00:21:23,048 2971671 road_revised.py Completed 31570 of 34374, 91.84%
2026-07-22 00:21:23,434 2971671 road_revised.py Completed 31580 of 34374, 91.87%
2026-07-22 00:21:23,911 2971671 road_revised.py Completed 31590 of 34374, 91.90%
2026-07-22 00:21:24,435 2971671 road_revised.py Completed 31600 of 34374, 91.93%
2026-07-22 00:21:24,435 2971671 road_revised.py RSS checkpoint [iter1_lcp_progress_31600_of_34374]: 23.03 GB
2026-07-22 00:21:24,880 2971671 road_revised.py Completed 31610 of 34374, 91.96%
2026-07-22 00:21:25,356 2971671 road_revised.py Completed 31620 of 34374, 91.99%
2026-07-22 00:21:25,800 2971671 road_revised.py Completed 31630 of 34374, 92.02%
2026-07-22 00:21:26,181 2971671 road_revised.py Completed 31640 of 34374, 92.05%
2026-07-22 00:21:26,682 2971671 road_revised.py Completed 31650 of 34374, 92.08%
2026-07-22 00:21:27,124 2971671 road_revised.py Completed 31660 of 34374, 92.10%
2026-07-22 00:21:27,406 2971671 road_revised.py Completed 31670 of 34374, 92.13%
2026-07-22 00:21:27,936 2971671 road_revised.py Completed 31680 of 34374, 92.16%
2026-07-22 00:21:28,185 2971671 road_revised.py Completed 31690 of 34374, 92.19%
2026-07-22 00:21:28,658 2971671 road_revised.py Completed 31700 of 34374, 92.22%
2026-07-22 00:21:28,658 2971671 road_revised.py RSS checkpoint [iter1_lcp_progress_31700_of_34374]: 23.09 GB
2026-07-22 00:21:29,033 2971671 road_revised.py Completed 31710 of 34374, 92.25%
2026-07-22 00:21:29,452 2971671 road_revised.py Completed 31720 of 34374, 92.28%
2026-07-22 00:21:29,807 2971671 road_revised.py Completed 31730 of 34374, 92.31%
2026-07-22 00:21:30,258 2971671 road_revised.py Completed 31740 of 34374, 92.34%
2026-07-22 00:21:30,650 2971671 road_revised.py Completed 31750 of 34374, 92.37%
2026-07-22 00:21:31,160 2971671 road_revised.py Completed 31760 of 34374, 92.40%
2026-07-22 00:21:34,528 2971671 road_revised.py Completed 31770 of 34374, 92.42%
2026-07-22 00:21:34,533 2971671 road_revised.py Completed 31780 of 34374, 92.45%
2026-07-22 00:21:34,540 2971671 road_revised.py Completed 31790 of 34374, 92.48%
2026-07-22 00:21:34,548 2971671 road_revised.py Completed 31800 of 34374, 92.51%
2026-07-22 00:21:34,550 2971671 road_revised.py RSS checkpoint [iter1_lcp_progress_31800_of_34374]: 23.13 GB
2026-07-22 00:21:34,550 2971671 road_revised.py Completed 31810 of 34374, 92.54%
2026-07-22 00:21:34,812 2971671 road_revised.py Completed 31820 of 34374, 92.57%
2026-07-22 00:21:35,234 2971671 road_revised.py Completed 31830 of 34374, 92.60%
2026-07-22 00:21:35,701 2971671 road_revised.py Completed 31840 of 34374, 92.63%
2026-07-22 00:21:36,168 2971671 road_revised.py Completed 31850 of 34374, 92.66%
2026-07-22 00:21:36,470 2971671 road_revised.py Completed 31860 of 34374, 92.69%
2026-07-22 00:21:36,884 2971671 road_revised.py Completed 31870 of 34374, 92.72%
2026-07-22 00:21:37,370 2971671 road_revised.py Completed 31880 of 34374, 92.74%
2026-07-22 00:21:37,855 2971671 road_revised.py Completed 31890 of 34374, 92.77%
2026-07-22 00:21:38,274 2971671 road_revised.py Completed 31900 of 34374, 92.80%
2026-07-22 00:21:38,274 2971671 road_revised.py RSS checkpoint [iter1_lcp_progress_31900_of_34374]: 22.90 GB
2026-07-22 00:21:38,619 2971671 road_revised.py Completed 31910 of 34374, 92.83%
2026-07-22 00:21:39,132 2971671 road_revised.py Completed 31920 of 34374, 92.86%
2026-07-22 00:21:39,427 2971671 road_revised.py Completed 31930 of 34374, 92.89%
2026-07-22 00:21:40,020 2971671 road_revised.py Completed 31940 of 34374, 92.92%
2026-07-22 00:21:40,552 2971671 road_revised.py Completed 31950 of 34374, 92.95%
2026-07-22 00:21:40,982 2971671 road_revised.py Completed 31960 of 34374, 92.98%
2026-07-22 00:21:41,326 2971671 road_revised.py Completed 31970 of 34374, 93.01%
2026-07-22 00:21:41,742 2971671 road_revised.py Completed 31980 of 34374, 93.04%
2026-07-22 00:21:42,185 2971671 road_revised.py Completed 31990 of 34374, 93.06%
2026-07-22 00:21:42,708 2971671 road_revised.py Completed 32000 of 34374, 93.09%
2026-07-22 00:21:42,709 2971671 road_revised.py RSS checkpoint [iter1_lcp_progress_32000_of_34374]: 23.00 GB
2026-07-22 00:21:42,961 2971671 road_revised.py Completed 32010 of 34374, 93.12%
2026-07-22 00:21:43,560 2971671 road_revised.py Completed 32020 of 34374, 93.15%
2026-07-22 00:21:43,972 2971671 road_revised.py Completed 32030 of 34374, 93.18%
2026-07-22 00:21:44,445 2971671 road_revised.py Completed 32040 of 34374, 93.21%
2026-07-22 00:21:44,823 2971671 road_revised.py Completed 32050 of 34374, 93.24%
2026-07-22 00:21:45,427 2971671 road_revised.py Completed 32060 of 34374, 93.27%
2026-07-22 00:21:45,920 2971671 road_revised.py Completed 32070 of 34374, 93.30%
2026-07-22 00:21:46,216 2971671 road_revised.py Completed 32080 of 34374, 93.33%
2026-07-22 00:21:46,560 2971671 road_revised.py Completed 32090 of 34374, 93.36%
2026-07-22 00:21:47,051 2971671 road_revised.py Completed 32100 of 34374, 93.38%
2026-07-22 00:21:47,051 2971671 road_revised.py RSS checkpoint [iter1_lcp_progress_32100_of_34374]: 23.05 GB
2026-07-22 00:21:47,393 2971671 road_revised.py Completed 32110 of 34374, 93.41%
2026-07-22 00:21:47,686 2971671 road_revised.py Completed 32120 of 34374, 93.44%
2026-07-22 00:21:52,668 2971671 road_revised.py Completed 32130 of 34374, 93.47%
2026-07-22 00:21:52,672 2971671 road_revised.py Completed 32140 of 34374, 93.50%
2026-07-22 00:21:52,683 2971671 road_revised.py Completed 32150 of 34374, 93.53%
2026-07-22 00:21:52,683 2971671 road_revised.py Completed 32160 of 34374, 93.56%
2026-07-22 00:21:52,684 2971671 road_revised.py Completed 32170 of 34374, 93.59%
2026-07-22 00:21:52,685 2971671 road_revised.py Completed 32180 of 34374, 93.62%
2026-07-22 00:21:52,685 2971671 road_revised.py Completed 32190 of 34374, 93.65%
2026-07-22 00:21:52,699 2971671 road_revised.py Completed 32200 of 34374, 93.68%
2026-07-22 00:21:52,699 2971671 road_revised.py RSS checkpoint [iter1_lcp_progress_32200_of_34374]: 23.59 GB
2026-07-22 00:21:53,019 2971671 road_revised.py Completed 32210 of 34374, 93.70%
2026-07-22 00:21:53,453 2971671 road_revised.py Completed 32220 of 34374, 93.73%
2026-07-22 00:21:53,942 2971671 road_revised.py Completed 32230 of 34374, 93.76%
2026-07-22 00:21:54,670 2971671 road_revised.py Completed 32240 of 34374, 93.79%
2026-07-22 00:21:55,077 2971671 road_revised.py Completed 32250 of 34374, 93.82%
2026-07-22 00:21:55,555 2971671 road_revised.py Completed 32260 of 34374, 93.85%
2026-07-22 00:21:56,055 2971671 road_revised.py Completed 32270 of 34374, 93.88%
2026-07-22 00:21:56,451 2971671 road_revised.py Completed 32280 of 34374, 93.91%
2026-07-22 00:21:56,877 2971671 road_revised.py Completed 32290 of 34374, 93.94%
2026-07-22 00:21:57,305 2971671 road_revised.py Completed 32300 of 34374, 93.97%
2026-07-22 00:21:57,305 2971671 road_revised.py RSS checkpoint [iter1_lcp_progress_32300_of_34374]: 23.39 GB
2026-07-22 00:21:57,527 2971671 road_revised.py Completed 32310 of 34374, 94.00%
2026-07-22 00:21:58,051 2971671 road_revised.py Completed 32320 of 34374, 94.02%
2026-07-22 00:21:58,556 2971671 road_revised.py Completed 32330 of 34374, 94.05%
2026-07-22 00:21:58,845 2971671 road_revised.py Completed 32340 of 34374, 94.08%
2026-07-22 00:21:59,182 2971671 road_revised.py Completed 32350 of 34374, 94.11%
2026-07-22 00:21:59,652 2971671 road_revised.py Completed 32360 of 34374, 94.14%
2026-07-22 00:22:00,207 2971671 road_revised.py Completed 32370 of 34374, 94.17%
2026-07-22 00:22:00,590 2971671 road_revised.py Completed 32380 of 34374, 94.20%
2026-07-22 00:22:01,050 2971671 road_revised.py Completed 32390 of 34374, 94.23%
2026-07-22 00:22:01,544 2971671 road_revised.py Completed 32400 of 34374, 94.26%
2026-07-22 00:22:01,545 2971671 road_revised.py RSS checkpoint [iter1_lcp_progress_32400_of_34374]: 23.48 GB
2026-07-22 00:22:02,078 2971671 road_revised.py Completed 32410 of 34374, 94.29%
2026-07-22 00:22:02,578 2971671 road_revised.py Completed 32420 of 34374, 94.32%
2026-07-22 00:22:02,862 2971671 road_revised.py Completed 32430 of 34374, 94.34%
2026-07-22 00:22:03,104 2971671 road_revised.py Completed 32440 of 34374, 94.37%
2026-07-22 00:22:03,405 2971671 road_revised.py Completed 32450 of 34374, 94.40%
2026-07-22 00:22:03,960 2971671 road_revised.py Completed 32460 of 34374, 94.43%
2026-07-22 00:22:04,432 2971671 road_revised.py Completed 32470 of 34374, 94.46%
2026-07-22 00:22:04,889 2971671 road_revised.py Completed 32480 of 34374, 94.49%
2026-07-22 00:22:08,727 2971671 road_revised.py Completed 32490 of 34374, 94.52%
2026-07-22 00:22:08,728 2971671 road_revised.py Completed 32500 of 34374, 94.55%
2026-07-22 00:22:08,731 2971671 road_revised.py RSS checkpoint [iter1_lcp_progress_32500_of_34374]: 22.97 GB
2026-07-22 00:22:08,751 2971671 road_revised.py Completed 32510 of 34374, 94.58%
2026-07-22 00:22:08,892 2971671 road_revised.py Completed 32520 of 34374, 94.61%
2026-07-22 00:22:08,893 2971671 road_revised.py Completed 32530 of 34374, 94.64%
2026-07-22 00:22:09,092 2971671 road_revised.py Completed 32540 of 34374, 94.66%
2026-07-22 00:22:09,438 2971671 road_revised.py Completed 32550 of 34374, 94.69%
2026-07-22 00:22:09,710 2971671 road_revised.py Completed 32560 of 34374, 94.72%
2026-07-22 00:22:10,321 2971671 road_revised.py Completed 32570 of 34374, 94.75%
2026-07-22 00:22:10,863 2971671 road_revised.py Completed 32580 of 34374, 94.78%
2026-07-22 00:22:11,305 2971671 road_revised.py Completed 32590 of 34374, 94.81%
2026-07-22 00:22:11,775 2971671 road_revised.py Completed 32600 of 34374, 94.84%
2026-07-22 00:22:11,776 2971671 road_revised.py RSS checkpoint [iter1_lcp_progress_32600_of_34374]: 23.09 GB
2026-07-22 00:22:12,261 2971671 road_revised.py Completed 32610 of 34374, 94.87%
2026-07-22 00:22:12,527 2971671 road_revised.py Completed 32620 of 34374, 94.90%
2026-07-22 00:22:12,748 2971671 road_revised.py Completed 32630 of 34374, 94.93%
2026-07-22 00:22:13,363 2971671 road_revised.py Completed 32640 of 34374, 94.96%
2026-07-22 00:22:13,845 2971671 road_revised.py Completed 32650 of 34374, 94.98%
2026-07-22 00:22:14,329 2971671 road_revised.py Completed 32660 of 34374, 95.01%
2026-07-22 00:22:14,769 2971671 road_revised.py Completed 32670 of 34374, 95.04%
2026-07-22 00:22:15,077 2971671 road_revised.py Completed 32680 of 34374, 95.07%
2026-07-22 00:22:15,264 2971671 road_revised.py Completed 32690 of 34374, 95.10%
2026-07-22 00:22:15,399 2971671 road_revised.py Completed 32700 of 34374, 95.13%
2026-07-22 00:22:15,400 2971671 road_revised.py RSS checkpoint [iter1_lcp_progress_32700_of_34374]: 23.20 GB
2026-07-22 00:22:15,989 2971671 road_revised.py Completed 32710 of 34374, 95.16%
2026-07-22 00:22:16,514 2971671 road_revised.py Completed 32720 of 34374, 95.19%
2026-07-22 00:22:17,025 2971671 road_revised.py Completed 32730 of 34374, 95.22%
2026-07-22 00:22:17,534 2971671 road_revised.py Completed 32740 of 34374, 95.25%
2026-07-22 00:22:17,860 2971671 road_revised.py Completed 32750 of 34374, 95.28%
2026-07-22 00:22:18,215 2971671 road_revised.py Completed 32760 of 34374, 95.30%
2026-07-22 00:22:18,474 2971671 road_revised.py Completed 32770 of 34374, 95.33%
2026-07-22 00:22:18,977 2971671 road_revised.py Completed 32780 of 34374, 95.36%
2026-07-22 00:22:19,501 2971671 road_revised.py Completed 32790 of 34374, 95.39%
2026-07-22 00:22:20,001 2971671 road_revised.py Completed 32800 of 34374, 95.42%
2026-07-22 00:22:20,002 2971671 road_revised.py RSS checkpoint [iter1_lcp_progress_32800_of_34374]: 23.26 GB
2026-07-22 00:22:20,462 2971671 road_revised.py Completed 32810 of 34374, 95.45%
2026-07-22 00:22:20,816 2971671 road_revised.py Completed 32820 of 34374, 95.48%
2026-07-22 00:22:21,161 2971671 road_revised.py Completed 32830 of 34374, 95.51%
2026-07-22 00:22:21,446 2971671 road_revised.py Completed 32840 of 34374, 95.54%
2026-07-22 00:22:21,949 2971671 road_revised.py Completed 32850 of 34374, 95.57%
2026-07-22 00:22:26,313 2971671 road_revised.py Completed 32860 of 34374, 95.60%
2026-07-22 00:22:26,317 2971671 road_revised.py Completed 32870 of 34374, 95.62%
2026-07-22 00:22:26,374 2971671 road_revised.py Completed 32880 of 34374, 95.65%
2026-07-22 00:22:26,375 2971671 road_revised.py Completed 32890 of 34374, 95.68%
2026-07-22 00:22:26,375 2971671 road_revised.py Completed 32900 of 34374, 95.71%
2026-07-22 00:22:26,375 2971671 road_revised.py RSS checkpoint [iter1_lcp_progress_32900_of_34374]: 23.83 GB
2026-07-22 00:22:26,376 2971671 road_revised.py Completed 32910 of 34374, 95.74%
2026-07-22 00:22:26,455 2971671 road_revised.py Completed 32920 of 34374, 95.77%
2026-07-22 00:22:26,966 2971671 road_revised.py Completed 32930 of 34374, 95.80%
2026-07-22 00:22:27,538 2971671 road_revised.py Completed 32940 of 34374, 95.83%
2026-07-22 00:22:27,974 2971671 road_revised.py Completed 32950 of 34374, 95.86%
2026-07-22 00:22:28,775 2971671 road_revised.py Completed 32960 of 34374, 95.89%
2026-07-22 00:22:28,961 2971671 road_revised.py Completed 32970 of 34374, 95.92%
2026-07-22 00:22:29,453 2971671 road_revised.py Completed 32980 of 34374, 95.94%
2026-07-22 00:22:30,002 2971671 road_revised.py Completed 32990 of 34374, 95.97%
2026-07-22 00:22:30,446 2971671 road_revised.py Completed 33000 of 34374, 96.00%
2026-07-22 00:22:30,446 2971671 road_revised.py RSS checkpoint [iter1_lcp_progress_33000_of_34374]: 23.62 GB
2026-07-22 00:22:30,883 2971671 road_revised.py Completed 33010 of 34374, 96.03%
2026-07-22 00:22:31,198 2971671 road_revised.py Completed 33020 of 34374, 96.06%
2026-07-22 00:22:31,362 2971671 road_revised.py Completed 33030 of 34374, 96.09%
2026-07-22 00:22:31,997 2971671 road_revised.py Completed 33040 of 34374, 96.12%
2026-07-22 00:22:32,542 2971671 road_revised.py Completed 33050 of 34374, 96.15%
2026-07-22 00:22:33,109 2971671 road_revised.py Completed 33060 of 34374, 96.18%
2026-07-22 00:22:33,522 2971671 road_revised.py Completed 33070 of 34374, 96.21%
2026-07-22 00:22:34,062 2971671 road_revised.py Completed 33080 of 34374, 96.24%
2026-07-22 00:22:34,470 2971671 road_revised.py Completed 33090 of 34374, 96.26%
2026-07-22 00:22:34,814 2971671 road_revised.py Completed 33100 of 34374, 96.29%
2026-07-22 00:22:34,814 2971671 road_revised.py RSS checkpoint [iter1_lcp_progress_33100_of_34374]: 23.72 GB
2026-07-22 00:22:35,095 2971671 road_revised.py Completed 33110 of 34374, 96.32%
2026-07-22 00:22:35,508 2971671 road_revised.py Completed 33120 of 34374, 96.35%
2026-07-22 00:22:36,006 2971671 road_revised.py Completed 33130 of 34374, 96.38%
2026-07-22 00:22:36,525 2971671 road_revised.py Completed 33140 of 34374, 96.41%
2026-07-22 00:22:36,960 2971671 road_revised.py Completed 33150 of 34374, 96.44%
2026-07-22 00:22:37,290 2971671 road_revised.py Completed 33160 of 34374, 96.47%
2026-07-22 00:22:37,566 2971671 road_revised.py Completed 33170 of 34374, 96.50%
2026-07-22 00:22:37,947 2971671 road_revised.py Completed 33180 of 34374, 96.53%
2026-07-22 00:22:38,497 2971671 road_revised.py Completed 33190 of 34374, 96.56%
2026-07-22 00:22:39,077 2971671 road_revised.py Completed 33200 of 34374, 96.58%
2026-07-22 00:22:39,077 2971671 road_revised.py RSS checkpoint [iter1_lcp_progress_33200_of_34374]: 23.76 GB
2026-07-22 00:22:39,585 2971671 road_revised.py Completed 33210 of 34374, 96.61%
2026-07-22 00:22:43,112 2971671 road_revised.py Completed 33220 of 34374, 96.64%
2026-07-22 00:22:43,113 2971671 road_revised.py Completed 33230 of 34374, 96.67%
2026-07-22 00:22:43,120 2971671 road_revised.py Completed 33240 of 34374, 96.70%
2026-07-22 00:22:43,121 2971671 road_revised.py Completed 33250 of 34374, 96.73%
2026-07-22 00:22:43,160 2971671 road_revised.py Completed 33260 of 34374, 96.76%
2026-07-22 00:22:43,333 2971671 road_revised.py Completed 33270 of 34374, 96.79%
2026-07-22 00:22:43,804 2971671 road_revised.py Completed 33280 of 34374, 96.82%
2026-07-22 00:22:44,173 2971671 road_revised.py Completed 33290 of 34374, 96.85%
2026-07-22 00:22:44,532 2971671 road_revised.py Completed 33300 of 34374, 96.88%
2026-07-22 00:22:44,533 2971671 road_revised.py RSS checkpoint [iter1_lcp_progress_33300_of_34374]: 23.45 GB
2026-07-22 00:22:44,763 2971671 road_revised.py Completed 33310 of 34374, 96.90%
2026-07-22 00:22:45,227 2971671 road_revised.py Completed 33320 of 34374, 96.93%
2026-07-22 00:22:45,680 2971671 road_revised.py Completed 33330 of 34374, 96.96%
2026-07-22 00:22:46,233 2971671 road_revised.py Completed 33340 of 34374, 96.99%
2026-07-22 00:22:46,630 2971671 road_revised.py Completed 33350 of 34374, 97.02%
2026-07-22 00:22:46,995 2971671 road_revised.py Completed 33360 of 34374, 97.05%
2026-07-22 00:22:47,211 2971671 road_revised.py Completed 33370 of 34374, 97.08%
2026-07-22 00:22:47,677 2971671 road_revised.py Completed 33380 of 34374, 97.11%
2026-07-22 00:22:48,241 2971671 road_revised.py Completed 33390 of 34374, 97.14%
2026-07-22 00:22:48,774 2971671 road_revised.py Completed 33400 of 34374, 97.17%
2026-07-22 00:22:48,774 2971671 road_revised.py RSS checkpoint [iter1_lcp_progress_33400_of_34374]: 23.60 GB
2026-07-22 00:22:49,269 2971671 road_revised.py Completed 33410 of 34374, 97.20%
2026-07-22 00:22:49,784 2971671 road_revised.py Completed 33420 of 34374, 97.22%
2026-07-22 00:22:50,230 2971671 road_revised.py Completed 33430 of 34374, 97.25%
2026-07-22 00:22:50,367 2971671 road_revised.py Completed 33440 of 34374, 97.28%
2026-07-22 00:22:50,981 2971671 road_revised.py Completed 33450 of 34374, 97.31%
2026-07-22 00:22:51,447 2971671 road_revised.py Completed 33460 of 34374, 97.34%
2026-07-22 00:22:51,846 2971671 road_revised.py Completed 33470 of 34374, 97.37%
2026-07-22 00:22:52,200 2971671 road_revised.py Completed 33480 of 34374, 97.40%
2026-07-22 00:22:52,666 2971671 road_revised.py Completed 33490 of 34374, 97.43%
2026-07-22 00:22:53,098 2971671 road_revised.py Completed 33500 of 34374, 97.46%
2026-07-22 00:22:53,098 2971671 road_revised.py RSS checkpoint [iter1_lcp_progress_33500_of_34374]: 23.67 GB
2026-07-22 00:22:53,531 2971671 road_revised.py Completed 33510 of 34374, 97.49%
2026-07-22 00:22:54,052 2971671 road_revised.py Completed 33520 of 34374, 97.52%
2026-07-22 00:22:54,464 2971671 road_revised.py Completed 33530 of 34374, 97.54%
2026-07-22 00:22:54,815 2971671 road_revised.py Completed 33540 of 34374, 97.57%
2026-07-22 00:22:55,323 2971671 road_revised.py Completed 33550 of 34374, 97.60%
2026-07-22 00:22:55,786 2971671 road_revised.py Completed 33560 of 34374, 97.63%
2026-07-22 00:22:56,141 2971671 road_revised.py Completed 33570 of 34374, 97.66%
2026-07-22 00:22:56,580 2971671 road_revised.py Completed 33580 of 34374, 97.69%
2026-07-22 00:23:01,555 2971671 road_revised.py Completed 33590 of 34374, 97.72%
2026-07-22 00:23:01,556 2971671 road_revised.py Completed 33600 of 34374, 97.75%
2026-07-22 00:23:01,561 2971671 road_revised.py RSS checkpoint [iter1_lcp_progress_33600_of_34374]: 23.60 GB
2026-07-22 00:23:01,562 2971671 road_revised.py Completed 33610 of 34374, 97.78%
2026-07-22 00:23:01,575 2971671 road_revised.py Completed 33620 of 34374, 97.81%
2026-07-22 00:23:01,575 2971671 road_revised.py Completed 33630 of 34374, 97.84%
2026-07-22 00:23:01,576 2971671 road_revised.py Completed 33640 of 34374, 97.86%
2026-07-22 00:23:01,576 2971671 road_revised.py Completed 33650 of 34374, 97.89%
2026-07-22 00:23:01,577 2971671 road_revised.py Completed 33660 of 34374, 97.92%
2026-07-22 00:23:02,001 2971671 road_revised.py Completed 33670 of 34374, 97.95%
2026-07-22 00:23:02,372 2971671 road_revised.py Completed 33680 of 34374, 97.98%
2026-07-22 00:23:02,832 2971671 road_revised.py Completed 33690 of 34374, 98.01%
2026-07-22 00:23:03,161 2971671 road_revised.py Completed 33700 of 34374, 98.04%
2026-07-22 00:23:03,162 2971671 road_revised.py RSS checkpoint [iter1_lcp_progress_33700_of_34374]: 23.65 GB
2026-07-22 00:23:03,922 2971671 road_revised.py Completed 33710 of 34374, 98.07%
2026-07-22 00:23:04,328 2971671 road_revised.py Completed 33720 of 34374, 98.10%
2026-07-22 00:23:04,717 2971671 road_revised.py Completed 33730 of 34374, 98.13%
2026-07-22 00:23:05,192 2971671 road_revised.py Completed 33740 of 34374, 98.16%
2026-07-22 00:23:05,518 2971671 road_revised.py Completed 33750 of 34374, 98.18%
2026-07-22 00:23:05,946 2971671 road_revised.py Completed 33760 of 34374, 98.21%
2026-07-22 00:23:06,286 2971671 road_revised.py Completed 33770 of 34374, 98.24%
2026-07-22 00:23:06,600 2971671 road_revised.py Completed 33780 of 34374, 98.27%
2026-07-22 00:23:07,092 2971671 road_revised.py Completed 33790 of 34374, 98.30%
2026-07-22 00:23:07,516 2971671 road_revised.py Completed 33800 of 34374, 98.33%
2026-07-22 00:23:07,542 2971671 road_revised.py RSS checkpoint [iter1_lcp_progress_33800_of_34374]: 23.74 GB
2026-07-22 00:23:07,797 2971671 road_revised.py Completed 33810 of 34374, 98.36%
2026-07-22 00:23:08,262 2971671 road_revised.py Completed 33820 of 34374, 98.39%
2026-07-22 00:23:08,554 2971671 road_revised.py Completed 33830 of 34374, 98.42%
2026-07-22 00:23:09,010 2971671 road_revised.py Completed 33840 of 34374, 98.45%
2026-07-22 00:23:09,431 2971671 road_revised.py Completed 33850 of 34374, 98.48%
2026-07-22 00:23:09,801 2971671 road_revised.py Completed 33860 of 34374, 98.50%
2026-07-22 00:23:10,135 2971671 road_revised.py Completed 33870 of 34374, 98.53%
2026-07-22 00:23:10,549 2971671 road_revised.py Completed 33880 of 34374, 98.56%
2026-07-22 00:23:10,966 2971671 road_revised.py Completed 33890 of 34374, 98.59%
2026-07-22 00:23:11,336 2971671 road_revised.py Completed 33900 of 34374, 98.62%
2026-07-22 00:23:11,336 2971671 road_revised.py RSS checkpoint [iter1_lcp_progress_33900_of_34374]: 23.78 GB
2026-07-22 00:23:11,821 2971671 road_revised.py Completed 33910 of 34374, 98.65%
2026-07-22 00:23:12,241 2971671 road_revised.py Completed 33920 of 34374, 98.68%
2026-07-22 00:23:12,651 2971671 road_revised.py Completed 33930 of 34374, 98.71%
2026-07-22 00:23:13,070 2971671 road_revised.py Completed 33940 of 34374, 98.74%
2026-07-22 00:23:13,518 2971671 road_revised.py Completed 33950 of 34374, 98.77%
2026-07-22 00:23:13,871 2971671 road_revised.py Completed 33960 of 34374, 98.80%
2026-07-22 00:23:14,280 2971671 road_revised.py Completed 33970 of 34374, 98.82%
2026-07-22 00:23:14,591 2971671 road_revised.py Completed 33980 of 34374, 98.85%
2026-07-22 00:23:14,931 2971671 road_revised.py Completed 33990 of 34374, 98.88%
2026-07-22 00:23:15,229 2971671 road_revised.py Completed 34000 of 34374, 98.91%
2026-07-22 00:23:15,229 2971671 road_revised.py RSS checkpoint [iter1_lcp_progress_34000_of_34374]: 23.80 GB
2026-07-22 00:23:15,636 2971671 road_revised.py Completed 34010 of 34374, 98.94%
2026-07-22 00:23:16,178 2971671 road_revised.py Completed 34020 of 34374, 98.97%
2026-07-22 00:23:16,471 2971671 road_revised.py Completed 34030 of 34374, 99.00%
2026-07-22 00:23:16,886 2971671 road_revised.py Completed 34040 of 34374, 99.03%
2026-07-22 00:23:20,528 2971671 road_revised.py Completed 34050 of 34374, 99.06%
2026-07-22 00:23:20,532 2971671 road_revised.py Completed 34060 of 34374, 99.09%
2026-07-22 00:23:20,535 2971671 road_revised.py Completed 34070 of 34374, 99.12%
2026-07-22 00:23:20,580 2971671 road_revised.py Completed 34080 of 34374, 99.14%
2026-07-22 00:23:20,581 2971671 road_revised.py Completed 34090 of 34374, 99.17%
2026-07-22 00:23:20,582 2971671 road_revised.py Completed 34100 of 34374, 99.20%
2026-07-22 00:23:20,582 2971671 road_revised.py RSS checkpoint [iter1_lcp_progress_34100_of_34374]: 23.68 GB
2026-07-22 00:23:20,688 2971671 road_revised.py Completed 34110 of 34374, 99.23%
2026-07-22 00:23:20,971 2971671 road_revised.py Completed 34120 of 34374, 99.26%
2026-07-22 00:23:21,472 2971671 road_revised.py Completed 34130 of 34374, 99.29%
2026-07-22 00:23:21,909 2971671 road_revised.py Completed 34140 of 34374, 99.32%
2026-07-22 00:23:22,296 2971671 road_revised.py Completed 34150 of 34374, 99.35%
2026-07-22 00:23:22,657 2971671 road_revised.py Completed 34160 of 34374, 99.38%
2026-07-22 00:23:23,185 2971671 road_revised.py Completed 34170 of 34374, 99.41%
2026-07-22 00:23:23,536 2971671 road_revised.py Completed 34180 of 34374, 99.44%
2026-07-22 00:23:23,918 2971671 road_revised.py Completed 34190 of 34374, 99.46%
2026-07-22 00:23:24,132 2971671 road_revised.py Completed 34200 of 34374, 99.49%
2026-07-22 00:23:24,132 2971671 road_revised.py RSS checkpoint [iter1_lcp_progress_34200_of_34374]: 23.43 GB
2026-07-22 00:23:24,672 2971671 road_revised.py Completed 34210 of 34374, 99.52%
2026-07-22 00:23:25,094 2971671 road_revised.py Completed 34220 of 34374, 99.55%
2026-07-22 00:23:25,411 2971671 road_revised.py Completed 34230 of 34374, 99.58%
2026-07-22 00:23:25,823 2971671 road_revised.py Completed 34240 of 34374, 99.61%
2026-07-22 00:23:26,362 2971671 road_revised.py Completed 34250 of 34374, 99.64%
2026-07-22 00:23:26,765 2971671 road_revised.py Completed 34260 of 34374, 99.67%
2026-07-22 00:23:27,108 2971671 road_revised.py Completed 34270 of 34374, 99.70%
2026-07-22 00:23:27,565 2971671 road_revised.py Completed 34280 of 34374, 99.73%
2026-07-22 00:23:27,985 2971671 road_revised.py Completed 34290 of 34374, 99.76%
2026-07-22 00:23:28,374 2971671 road_revised.py Completed 34300 of 34374, 99.78%
2026-07-22 00:23:28,375 2971671 road_revised.py RSS checkpoint [iter1_lcp_progress_34300_of_34374]: 23.52 GB
2026-07-22 00:23:28,774 2971671 road_revised.py Completed 34310 of 34374, 99.81%
2026-07-22 00:23:29,083 2971671 road_revised.py Completed 34320 of 34374, 99.84%
2026-07-22 00:23:29,526 2971671 road_revised.py Completed 34330 of 34374, 99.87%
2026-07-22 00:23:29,907 2971671 road_revised.py Completed 34340 of 34374, 99.90%
2026-07-22 00:23:30,298 2971671 road_revised.py Completed 34350 of 34374, 99.93%
2026-07-22 00:23:30,718 2971671 road_revised.py Completed 34360 of 34374, 99.96%
2026-07-22 00:23:31,064 2971671 road_revised.py Completed 34370 of 34374, 99.99%
2026-07-22 00:23:31,187 2971671 road_revised.py Completed 34374 of 34374, 100.00%
2026-07-22 00:23:31,187 2971671 road_revised.py RSS checkpoint [iter1_lcp_progress_34374_of_34374]: 23.55 GB
2026-07-22 00:23:31,187 2971671 road_revised.py Pool dispatch (imap_unordered consumption) time: 2049.309 seconds (chunksize=1).
2026-07-22 00:23:31,272 2971671 road_revised.py The least-cost path flow allocation time: 2049.5763256549835.
2026-07-22 00:23:31,272 2971671 road_revised.py RSS checkpoint [iter1_lcp_pool_done]: 23.55 GB
2026-07-22 00:23:34,174 2971671 road_revised.py Non_allocated_flow: 78000076.47654161
2026-07-22 00:23:34,727 2971671 road_revised.py Assigning stable od_id values 0 to 9684056 for 9684057 path rows.
2026-07-22 00:27:33,182 2971671 road_revised.py od_id assignment phase: 238.45 seconds
2026-07-22 00:27:33,185 2971671 road_revised.py RSS checkpoint [iter1_before_itter_path]: 39.03 GB
2026-07-22 00:27:33,185 2971671 road_revised.py Create temp_flow_matrix table in duckdb...
2026-07-22 00:27:33,200 2971671 road_revised.py Processing 9684057 OD path rows in chunks of 484203 rows.
2026-07-22 00:27:33,961 2971671 road_revised.py Aggregating path costs and edge totals in chunked DuckDB compact mode...
DuckDB compact pass 1::   0%|          | 0/20 [00:00<?, ?chunk/s]2026-07-22 00:31:37,548 2971671 road_revised.py RSS checkpoint [itter_path_pass1_chunk_1_484203_of_9684057]: 63.44 GB
DuckDB compact pass 1::   5%|▌         | 1/20 [03:19<1:03:02, 199.08s/chunk]2026-07-22 00:34:58,122 2971671 road_revised.py RSS checkpoint [itter_path_pass1_chunk_484204_968406_of_9684057]: 71.10 GB
DuckDB compact pass 1::  10%|█         | 2/20 [06:39<59:59, 199.95s/chunk]  2026-07-22 00:38:40,767 2971671 road_revised.py RSS checkpoint [itter_path_pass1_chunk_968407_1452609_of_9684057]: 65.05 GB
DuckDB compact pass 1::  15%|█▌        | 3/20 [10:22<59:35, 210.32s/chunk]2026-07-22 00:41:46,014 2971671 road_revised.py RSS checkpoint [itter_path_pass1_chunk_1452610_1936812_of_9684057]: 70.00 GB
DuckDB compact pass 1::  20%|██        | 4/20 [13:27<53:26, 200.42s/chunk]2026-07-22 00:44:47,740 2971671 road_revised.py RSS checkpoint [itter_path_pass1_chunk_1936813_2421015_of_9684057]: 65.55 GB
DuckDB compact pass 1::  25%|██▌       | 5/20 [16:29<48:25, 193.68s/chunk]2026-07-22 00:47:45,320 2971671 road_revised.py RSS checkpoint [itter_path_pass1_chunk_2421016_2905218_of_9684057]: 66.67 GB
DuckDB compact pass 1::  30%|███       | 6/20 [19:26<43:54, 188.20s/chunk]2026-07-22 00:50:39,764 2971671 road_revised.py RSS checkpoint [itter_path_pass1_chunk_2905219_3389421_of_9684057]: 68.74 GB
DuckDB compact pass 1::  35%|███▌      | 7/20 [22:21<39:48, 183.71s/chunk]2026-07-22 00:53:41,145 2971671 road_revised.py RSS checkpoint [itter_path_pass1_chunk_3389422_3873624_of_9684057]: 70.57 GB
DuckDB compact pass 1::  40%|████      | 8/20 [25:22<36:35, 182.97s/chunk]2026-07-22 00:56:45,074 2971671 road_revised.py RSS checkpoint [itter_path_pass1_chunk_3873625_4357827_of_9684057]: 71.09 GB
DuckDB compact pass 1::  45%|████▌     | 9/20 [28:26<33:35, 183.27s/chunk]2026-07-22 01:00:18,213 2971671 road_revised.py RSS checkpoint [itter_path_pass1_chunk_4357828_4842030_of_9684057]: 68.74 GB
DuckDB compact pass 1::  50%|█████     | 10/20 [31:59<32:04, 192.49s/chunk]2026-07-22 01:03:33,588 2971671 road_revised.py RSS checkpoint [itter_path_pass1_chunk_4842031_5326233_of_9684057]: 69.30 GB
DuckDB compact pass 1::  55%|█████▌    | 11/20 [35:15<29:00, 193.37s/chunk]2026-07-22 01:07:04,317 2971671 road_revised.py RSS checkpoint [itter_path_pass1_chunk_5326234_5810436_of_9684057]: 70.92 GB
DuckDB compact pass 1::  60%|██████    | 12/20 [38:45<26:29, 198.65s/chunk]2026-07-22 01:10:35,817 2971671 road_revised.py RSS checkpoint [itter_path_pass1_chunk_5810437_6294639_of_9684057]: 64.83 GB
DuckDB compact pass 1::  65%|██████▌   | 13/20 [42:17<23:37, 202.54s/chunk]2026-07-22 01:14:18,885 2971671 road_revised.py RSS checkpoint [itter_path_pass1_chunk_6294640_6778842_of_9684057]: 69.41 GB
DuckDB compact pass 1::  70%|███████   | 14/20 [46:00<20:52, 208.74s/chunk]2026-07-22 01:18:24,850 2971671 road_revised.py RSS checkpoint [itter_path_pass1_chunk_6778843_7263045_of_9684057]: 67.21 GB
DuckDB compact pass 1::  75%|███████▌  | 15/20 [50:06<18:19, 219.96s/chunk]2026-07-22 01:22:43,630 2971671 road_revised.py RSS checkpoint [itter_path_pass1_chunk_7263046_7747248_of_9684057]: 66.88 GB
DuckDB compact pass 1::  80%|████████  | 16/20 [54:25<15:26, 231.65s/chunk]2026-07-22 01:27:37,444 2971671 road_revised.py RSS checkpoint [itter_path_pass1_chunk_7747249_8231451_of_9684057]: 58.87 GB
DuckDB compact pass 1::  85%|████████▌ | 17/20 [59:18<12:31, 250.34s/chunk]2026-07-22 01:32:14,689 2971671 road_revised.py RSS checkpoint [itter_path_pass1_chunk_8231452_8715654_of_9684057]: 59.63 GB
DuckDB compact pass 1::  90%|█████████ | 18/20 [1:03:56<08:36, 258.43s/chunk]2026-07-22 01:35:52,173 2971671 road_revised.py RSS checkpoint [itter_path_pass1_chunk_8715655_9199857_of_9684057]: 55.01 GB
DuckDB compact pass 1::  95%|█████████▌| 19/20 [1:07:33<04:06, 246.13s/chunk]2026-07-22 01:39:37,678 2971671 road_revised.py RSS checkpoint [itter_path_pass1_chunk_9199858_9684057_of_9684057]: 62.55 GB
DuckDB compact pass 1:: 100%|██████████| 20/20 [1:11:19<00:00, 239.94s/chunk]DuckDB compact pass 1:: 100%|██████████| 20/20 [1:11:19<00:00, 213.96s/chunk]
2026-07-22 01:39:38,198 2971671 road_revised.py DuckDB compact pass 1 complete.
DuckDB compact pass 2::   0%|          | 0/20 [00:00<?, ?chunk/s]2026-07-22 01:40:20,513 2971671 road_revised.py RSS checkpoint [itter_path_pass2_chunk_1_484203_of_9684057]: 50.20 GB
DuckDB compact pass 2::   5%|▌         | 1/20 [00:42<13:23, 42.30s/chunk]2026-07-22 01:40:55,282 2971671 road_revised.py RSS checkpoint [itter_path_pass2_chunk_484204_968406_of_9684057]: 53.41 GB
DuckDB compact pass 2::  10%|█         | 2/20 [01:17<11:21, 37.87s/chunk]2026-07-22 01:41:33,782 2971671 road_revised.py RSS checkpoint [itter_path_pass2_chunk_968407_1452609_of_9684057]: 50.30 GB
DuckDB compact pass 2::  15%|█▌        | 3/20 [01:55<10:48, 38.16s/chunk]2026-07-22 01:42:05,874 2971671 road_revised.py RSS checkpoint [itter_path_pass2_chunk_1452610_1936812_of_9684057]: 52.81 GB
DuckDB compact pass 2::  20%|██        | 4/20 [02:27<09:32, 35.76s/chunk]2026-07-22 01:42:39,295 2971671 road_revised.py RSS checkpoint [itter_path_pass2_chunk_1936813_2421015_of_9684057]: 54.47 GB
DuckDB compact pass 2::  25%|██▌       | 5/20 [03:01<08:43, 34.92s/chunk]2026-07-22 01:43:11,624 2971671 road_revised.py RSS checkpoint [itter_path_pass2_chunk_2421016_2905218_of_9684057]: 51.59 GB
DuckDB compact pass 2::  30%|███       | 6/20 [03:33<07:56, 34.04s/chunk]2026-07-22 01:43:42,129 2971671 road_revised.py RSS checkpoint [itter_path_pass2_chunk_2905219_3389421_of_9684057]: 51.10 GB
DuckDB compact pass 2::  35%|███▌      | 7/20 [04:03<07:07, 32.88s/chunk]2026-07-22 01:44:13,757 2971671 road_revised.py RSS checkpoint [itter_path_pass2_chunk_3389422_3873624_of_9684057]: 54.65 GB
DuckDB compact pass 2::  40%|████      | 8/20 [04:35<06:29, 32.48s/chunk]2026-07-22 01:44:46,561 2971671 road_revised.py RSS checkpoint [itter_path_pass2_chunk_3873625_4357827_of_9684057]: 52.50 GB
DuckDB compact pass 2::  45%|████▌     | 9/20 [05:08<05:58, 32.58s/chunk]2026-07-22 01:45:24,257 2971671 road_revised.py RSS checkpoint [itter_path_pass2_chunk_4357828_4842030_of_9684057]: 53.07 GB
DuckDB compact pass 2::  50%|█████     | 10/20 [05:46<05:41, 34.16s/chunk]2026-07-22 01:45:59,321 2971671 road_revised.py RSS checkpoint [itter_path_pass2_chunk_4842031_5326233_of_9684057]: 53.57 GB
DuckDB compact pass 2::  55%|█████▌    | 11/20 [06:21<05:09, 34.44s/chunk]2026-07-22 01:46:33,751 2971671 road_revised.py RSS checkpoint [itter_path_pass2_chunk_5326234_5810436_of_9684057]: 54.02 GB
DuckDB compact pass 2::  60%|██████    | 12/20 [06:55<04:35, 34.44s/chunk]2026-07-22 01:47:10,647 2971671 road_revised.py RSS checkpoint [itter_path_pass2_chunk_5810437_6294639_of_9684057]: 53.96 GB
DuckDB compact pass 2::  65%|██████▌   | 13/20 [07:32<04:06, 35.18s/chunk]2026-07-22 01:47:47,960 2971671 road_revised.py RSS checkpoint [itter_path_pass2_chunk_6294640_6778842_of_9684057]: 55.74 GB
DuckDB compact pass 2::  70%|███████   | 14/20 [08:09<03:34, 35.82s/chunk]2026-07-22 01:48:28,631 2971671 road_revised.py RSS checkpoint [itter_path_pass2_chunk_6778843_7263045_of_9684057]: 50.77 GB
DuckDB compact pass 2::  75%|███████▌  | 15/20 [08:50<03:06, 37.29s/chunk]2026-07-22 01:49:10,474 2971671 road_revised.py RSS checkpoint [itter_path_pass2_chunk_7263046_7747248_of_9684057]: 51.20 GB
DuckDB compact pass 2::  80%|████████  | 16/20 [09:32<02:34, 38.66s/chunk]2026-07-22 01:49:59,809 2971671 road_revised.py RSS checkpoint [itter_path_pass2_chunk_7747249_8231451_of_9684057]: 51.66 GB
DuckDB compact pass 2::  85%|████████▌ | 17/20 [10:21<02:05, 41.87s/chunk]2026-07-22 01:50:44,939 2971671 road_revised.py RSS checkpoint [itter_path_pass2_chunk_8231452_8715654_of_9684057]: 53.78 GB
DuckDB compact pass 2::  90%|█████████ | 18/20 [11:06<01:25, 42.85s/chunk]2026-07-22 01:51:21,726 2971671 road_revised.py RSS checkpoint [itter_path_pass2_chunk_8715655_9199857_of_9684057]: 53.83 GB
DuckDB compact pass 2::  95%|█████████▌| 19/20 [11:43<00:41, 41.03s/chunk]2026-07-22 01:51:58,161 2971671 road_revised.py RSS checkpoint [itter_path_pass2_chunk_9199858_9684057_of_9684057]: 54.39 GB
DuckDB compact pass 2:: 100%|██████████| 20/20 [12:19<00:00, 39.65s/chunk]DuckDB compact pass 2:: 100%|██████████| 20/20 [12:19<00:00, 37.00s/chunk]
2026-07-22 01:54:13,354 2971671 road_revised.py Complete creating temp_flow_matrix table in Duckdb!
2026-07-22 01:54:13,552 2971671 road_revised.py RSS checkpoint [iter1_after_itter_path]: 98.37 GB
2026-07-22 01:54:13,609 2971671 road_revised.py Post-realization assigned_iter_sum for iteration 1: 2312630.3569316985
2026-07-22 01:54:13,610 2971671 road_revised.py Writing OD path output for iteration 1 with mode=full_odpfc...
2026-07-22 02:03:20,141 2971671 road_revised.py Finished INSERT INTO odpfc for iteration 1.
2026-07-22 02:03:20,162 2971671 road_revised.py Computing cost components for iteration 1...
2026-07-22 02:03:20,573 2971671 road_revised.py Iteration 1 cost components: fuel=579923544.5077708, time=638700502.5170187, toll=0.0, fare=0.0, total_so_far=1218624047.0247893
2026-07-22 02:03:20,573 2971671 road_revised.py Computing edge flows with UNNEST(e_id) for iteration 1.
2026-07-22 02:05:15,721 2971671 road_revised.py Loaded 223290 edge-flow rows from UNNEST path.
2026-07-22 02:05:15,723 2971671 road_revised.py Updating road_links with iteration 1 edge flows...
2026-07-22 02:05:16,159 2971671 road_revised.py Updating edge speeds: 
2026-07-22 02:05:16,237 2971671 road_revised.py Finished road_links update for iteration 1.
2026-07-22 02:05:16,237 2971671 road_revised.py Updating remain_od for iteration 1...
2026-07-22 02:05:21,249 2971671 road_revised.py The total remain flow (after adjustment) is: 68604558.86557317.
2026-07-22 02:05:21,249 2971671 road_revised.py Pass A convergence: remain_fraction=0.46068908 assigned_fraction=0.53931092 iteration=1
2026-07-22 02:05:21,250 2971671 road_revised.py Iteration progress: assigned_delta=80312706.83347076, progress_rel=53.93109151%, stagnant_iterations=0/3.
2026-07-22 02:05:21,250 2971671 road_revised.py Cleaning transient path-realization tables for iteration 1...
2026-07-22 02:05:31,263 2971671 road_revised.py Finished cleanup for iteration 1.
2026-07-22 02:05:31,856 2971671 road_revised.py RSS checkpoint [iter1_end]: 8.98 GB
2026-07-22 02:05:33,466 2971671 road_revised.py Stop: Maximum iterations reached (1) with 68604558.86557446 extra isolated flows. 
2026-07-22 02:05:33,466 2971671 road_revised.py Stop: Maximum iterations reached (1)!
2026-07-22 02:05:34,735 2971671 road_revised.py Writing final odpfc output from DuckDB table to /scratch/akothaw/multimodal_hazard_data/results/base_scenario/scale_test_cpu4/odpfc.pq
2026-07-22 02:13:23,409 2971671 road_revised.py Finished final odpfc DuckDB table export.
2026-07-22 02:13:24,753 2971671 road_revised.py The flow simulation is completed!
2026-07-22 02:13:24,753 2971671 road_revised.py total travel cost is ($): 1218624047.0247893
2026-07-22 02:13:24,754 2971671 road_revised.py total time-equiv cost is ($): 638700502.5170187
2026-07-22 02:13:24,754 2971671 road_revised.py total operating cost is ($): 579923544.5077708
2026-07-22 02:13:24,754 2971671 road_revised.py total toll cost is ($): 0.0
2026-07-22 02:13:28,814 2971671 1_network_flow_model_revision.py Direct DuckDB output mode wrote edge_flows.gpq and trip_isolations.pq. Baseline path artifact mode: full_odpfc.
2026-07-22 02:13:28,815 2971671 1_network_flow_model_revision.py The total simulation time: 8675.585617542267
