# T31 - Earthquake road liquefaction-PGD compound lookup (Ali/ASSIP intern, Sensitivity Analysis Nandu project).
# STATUS: SOURCED. Full HAZUS 6.1 methodology chain (magnitude+PGA -> liquefaction probability -> governing PGD -> Table 7-5 roadway fragility -> Table 9-2 replacement cost), precomputed into a dense lookup grid.
# Grid: 7 magnitudes (5.0-8.0 step 0.5) x 5 liquefaction susceptibility classes (VeryLow..VeryHigh, HAZUS Table 4-8 categories -- NOT the landslide n10/None-X scheme) x 2 road tiers (HRD1_major/HRD2_urban, same major/urban split as hazus_bridge.py's _MAJOR_ROAD_CLASSIFICATIONS) x 151 PGA steps (0.00-1.50g, step 0.01g) = 10,570 rows, confirmed a complete rectangular grid, no gaps.
# Closes a real, documented gap: hazus_bridge.py's road_direct_cost_usd() is PGD-only (HAZUS Table 7-5 has no ground-shaking roadway curve) and this project has never computed a liquefaction-derived PGD for earthquake (only landslide's separate Newmark PGD exists) -- so every earthquake scenario's non-bridge roads report $0 direct damage today. This table supplies exactly that missing PGA->PGD step.
# Roads only -- no bridge classes in road_tier; bridge earthquake damage is unaffected/handled separately by hazus_bridge.py's Sa(1.0s) ground-shaking axis.
# BLOCKER before this is usable (not before it's correct): this table gives damage GIVEN a susceptibility_class -- it does not assign that class to a road segment. No liquefaction susceptibility layer (VeryLow..VeryHigh per HAZUS Table 4-8) exists in this project yet; landslide's n10 raster is a different, incompatible scheme. See docs/HAZARD_TABLE_INTEGRATION_RUNBOOK.md Track A Step 3.
# direct_cost_usd_per_km is already a full per-km replacement-value-weighted cost (HAZUS Table 9-2 unit costs baked in) -- do not re-multiply by a separate replacement cost.
magnitude_Mw,susceptibility_class,road_tier,pga_g,p_liquefaction,governing_pgd_in,p_slight,p_moderate,p_extensive_complete,expected_damage_ratio,direct_cost_usd_per_km
5.0,VeryHigh,HRD1_major,0.0,0.0,0.0,0.0,0.0,0.0,0.0,0.0
5.0,VeryHigh,HRD1_major,0.01,0.0,0.0,0.0,0.0,0.0,0.0,0.0
5.0,VeryHigh,HRD1_major,0.02,0.0,0.0,0.0,0.0,0.0,0.0,0.0
5.0,VeryHigh,HRD1_major,0.03,0.0,0.0,0.0,0.0,0.0,0.0,0.0
5.0,VeryHigh,HRD1_major,0.04,0.0,0.0,0.0,0.0,0.0,0.0,0.0
5.0,VeryHigh,HRD1_major,0.05,0.0,0.0,0.0,0.0,0.0,0.0,0.0
5.0,VeryHigh,HRD1_major,0.06,0.0,0.0,0.0,0.0,0.0,0.0,0.0
5.0,VeryHigh,HRD1_major,0.07,0.0,0.0,0.0,0.0,0.0,0.0,0.0
5.0,VeryHigh,HRD1_major,0.08,0.0,0.0,0.0,0.0,0.0,0.0,0.0
5.0,VeryHigh,HRD1_major,0.09,0.0,12.0,0.0,0.0,0.0,0.0,0.0
5.0,VeryHigh,HRD1_major,0.1,0.013703,12.0,0.004645,0.002059,0.000147,0.000747,4982.32
5.0,VeryHigh,HRD1_major,0.11,0.027698,12.0,0.009389,0.004163,0.000298,0.00151,10071.01
5.0,VeryHigh,HRD1_major,0.12,0.041694,12.0,0.014133,0.006266,0.000448,0.002273,15159.69
5.0,VeryHigh,HRD1_major,0.13,0.055689,12.0,0.018877,0.008369,0.000598,0.003037,20248.38
5.0,VeryHigh,HRD1_major,0.14,0.069684,12.0,0.02362,0.010473,0.000749,0.0038,25337.07
5.0,VeryHigh,HRD1_major,0.15,0.08368,12.0,0.028364,0.012576,0.000899,0.004563,30425.75
5.0,VeryHigh,HRD1_major,0.16,0.097675,12.0,0.033108,0.014679,0.00105,0.005326,35514.44
5.0,VeryHigh,HRD1_major,0.17,0.11167,12.0,0.037852,0.016783,0.0012,0.006089,40603.12
5.0,VeryHigh,HRD1_major,0.18,0.125666,12.0,0.042596,0.018886,0.001351,0.006852,45691.81
5.0,VeryHigh,HRD1_major,0.19,0.139661,12.0,0.04734,0.02099,0.001501,0.007616,50780.5
5.0,VeryHigh,HRD1_major,0.2,0.153656,12.0,0.052084,0.023093,0.001651,0.008379,55869.18
5.0,VeryHigh,HRD1_major,0.21,0.153964,12.0,0.052188,0.023139,0.001655,0.008395,55981.14
5.0,VeryHigh,HRD1_major,0.22,0.153964,12.0,0.052188,0.023139,0.001655,0.008395,55981.14
5.0,VeryHigh,HRD1_major,0.23,0.153964,12.0,0.052188,0.023139,0.001655,0.008395,55981.14
5.0,VeryHigh,HRD1_major,0.24,0.153964,12.0,0.052188,0.023139,0.001655,0.008395,55981.14
5.0,VeryHigh,HRD1_major,0.25,0.153964,12.0,0.052188,0.023139,0.001655,0.008395,55981.14
5.0,VeryHigh,HRD1_major,0.26,0.153964,12.0,0.052188,0.023139,0.001655,0.008395,55981.14
5.0,VeryHigh,HRD1_major,0.27,0.153964,12.0,0.052188,0.023139,0.001655,0.008395,55981.14
5.0,VeryHigh,HRD1_major,0.28,0.153964,12.0,0.052188,0.023139,0.001655,0.008395,55981.14
5.0,VeryHigh,HRD1_major,0.29,0.153964,12.0,0.052188,0.023139,0.001655,0.008395,55981.14
5.0,VeryHigh,HRD1_major,0.3,0.153964,12.0,0.052188,0.023139,0.001655,0.008395,55981.14
5.0,VeryHigh,HRD1_major,0.31,0.153964,12.0,0.052188,0.023139,0.001655,0.008395,55981.14
5.0,VeryHigh,HRD1_major,0.32,0.153964,12.0,0.052188,0.023139,0.001655,0.008395,55981.14
5.0,VeryHigh,HRD1_major,0.33,0.153964,12.0,0.052188,0.023139,0.001655,0.008395,55981.14
5.0,VeryHigh,HRD1_major,0.34,0.153964,13.1311,0.054922,0.027635,0.002307,0.009888,65933.35
5.0,VeryHigh,HRD1_major,0.35,0.153964,14.3406,0.056889,0.032413,0.003148,0.011531,76885.64
5.0,VeryHigh,HRD1_major,0.36,0.153964,15.55,0.058007,0.037069,0.004137,0.01321,88082.97
5.0,VeryHigh,HRD1_major,0.37,0.153964,15.55,0.058007,0.037069,0.004137,0.01321,88082.97
5.0,VeryHigh,HRD1_major,0.38,0.153964,15.55,0.058007,0.037069,0.004137,0.01321,88082.97
5.0,VeryHigh,HRD1_major,0.39,0.153964,15.55,0.058007,0.037069,0.004137,0.01321,88082.97
5.0,VeryHigh,HRD1_major,0.4,0.153964,15.55,0.058007,0.037069,0.004137,0.01321,88082.97
5.0,VeryHigh,HRD1_major,0.41,0.153964,15.55,0.058007,0.037069,0.004137,0.01321,88082.97
5.0,VeryHigh,HRD1_major,0.42,0.153964,15.55,0.058007,0.037069,0.004137,0.01321,88082.97
5.0,VeryHigh,HRD1_major,0.43,0.153964,15.55,0.058007,0.037069,0.004137,0.01321,88082.97
5.0,VeryHigh,HRD1_major,0.44,0.153964,15.55,0.058007,0.037069,0.004137,0.01321,88082.97
5.0,VeryHigh,HRD1_major,0.45,0.153964,15.55,0.058007,0.037069,0.004137,0.01321,88082.97
5.0,VeryHigh,HRD1_major,0.46,0.153964,15.55,0.058007,0.037069,0.004137,0.01321,88082.97
5.0,VeryHigh,HRD1_major,0.47,0.153964,15.55,0.058007,0.037069,0.004137,0.01321,88082.97
5.0,VeryHigh,HRD1_major,0.48,0.153964,15.55,0.058007,0.037069,0.004137,0.01321,88082.97
5.0,VeryHigh,HRD1_major,0.49,0.153964,15.55,0.058007,0.037069,0.004137,0.01321,88082.97
5.0,VeryHigh,HRD1_major,0.5,0.153964,15.55,0.058007,0.037069,0.004137,0.01321,88082.97
5.0,VeryHigh,HRD1_major,0.51,0.153964,15.55,0.058007,0.037069,0.004137,0.01321,88082.97
5.0,VeryHigh,HRD1_major,0.52,0.153964,15.55,0.058007,0.037069,0.004137,0.01321,88082.97
5.0,VeryHigh,HRD1_major,0.53,0.153964,15.55,0.058007,0.037069,0.004137,0.01321,88082.97
5.0,VeryHigh,HRD1_major,0.54,0.153964,15.55,0.058007,0.037069,0.004137,0.01321,88082.97
5.0,VeryHigh,HRD1_major,0.55,0.153964,15.55,0.058007,0.037069,0.004137,0.01321,88082.97
5.0,VeryHigh,HRD1_major,0.56,0.153964,15.55,0.058007,0.037069,0.004137,0.01321,88082.97
5.0,VeryHigh,HRD1_major,0.57,0.153964,15.55,0.058007,0.037069,0.004137,0.01321,88082.97
5.0,VeryHigh,HRD1_major,0.58,0.153964,15.55,0.058007,0.037069,0.004137,0.01321,88082.97
5.0,VeryHigh,HRD1_major,0.59,0.153964,15.55,0.058007,0.037069,0.004137,0.01321,88082.97
5.0,VeryHigh,HRD1_major,0.6,0.153964,15.55,0.058007,0.037069,0.004137,0.01321,88082.97
5.0,VeryHigh,HRD1_major,0.61,0.153964,15.55,0.058007,0.037069,0.004137,0.01321,88082.97
5.0,VeryHigh,HRD1_major,0.62,0.153964,15.55,0.058007,0.037069,0.004137,0.01321,88082.97
5.0,VeryHigh,HRD1_major,0.63,0.153964,15.55,0.058007,0.037069,0.004137,0.01321,88082.97
5.0,VeryHigh,HRD1_major,0.64,0.153964,15.55,0.058007,0.037069,0.004137,0.01321,88082.97
5.0,VeryHigh,HRD1_major,0.65,0.153964,15.55,0.058007,0.037069,0.004137,0.01321,88082.97
5.0,VeryHigh,HRD1_major,0.66,0.153964,15.55,0.058007,0.037069,0.004137,0.01321,88082.97
5.0,VeryHigh,HRD1_major,0.67,0.153964,15.55,0.058007,0.037069,0.004137,0.01321,88082.97
5.0,VeryHigh,HRD1_major,0.68,0.153964,15.55,0.058007,0.037069,0.004137,0.01321,88082.97
5.0,VeryHigh,HRD1_major,0.69,0.153964,15.55,0.058007,0.037069,0.004137,0.01321,88082.97
5.0,VeryHigh,HRD1_major,0.7,0.153964,15.55,0.058007,0.037069,0.004137,0.01321,88082.97
5.0,VeryHigh,HRD1_major,0.71,0.153964,15.55,0.058007,0.037069,0.004137,0.01321,88082.97
5.0,VeryHigh,HRD1_major,0.72,0.153964,15.55,0.058007,0.037069,0.004137,0.01321,88082.97
5.0,VeryHigh,HRD1_major,0.73,0.153964,15.55,0.058007,0.037069,0.004137,0.01321,88082.97
5.0,VeryHigh,HRD1_major,0.74,0.153964,15.55,0.058007,0.037069,0.004137,0.01321,88082.97
5.0,VeryHigh,HRD1_major,0.75,0.153964,15.55,0.058007,0.037069,0.004137,0.01321,88082.97
5.0,VeryHigh,HRD1_major,0.76,0.153964,15.55,0.058007,0.037069,0.004137,0.01321,88082.97
5.0,VeryHigh,HRD1_major,0.77,0.153964,15.55,0.058007,0.037069,0.004137,0.01321,88082.97
5.0,VeryHigh,HRD1_major,0.78,0.153964,15.55,0.058007,0.037069,0.004137,0.01321,88082.97
5.0,VeryHigh,HRD1_major,0.79,0.153964,15.55,0.058007,0.037069,0.004137,0.01321,88082.97
5.0,VeryHigh,HRD1_major,0.8,0.153964,15.55,0.058007,0.037069,0.004137,0.01321,88082.97
5.0,VeryHigh,HRD1_major,0.81,0.153964,15.55,0.058007,0.037069,0.004137,0.01321,88082.97
5.0,VeryHigh,HRD1_major,0.82,0.153964,15.55,0.058007,0.037069,0.004137,0.01321,88082.97
5.0,VeryHigh,HRD1_major,0.83,0.153964,15.55,0.058007,0.037069,0.004137,0.01321,88082.97
5.0,VeryHigh,HRD1_major,0.84,0.153964,15.55,0.058007,0.037069,0.004137,0.01321,88082.97
5.0,VeryHigh,HRD1_major,0.85,0.153964,15.55,0.058007,0.037069,0.004137,0.01321,88082.97
5.0,VeryHigh,HRD1_major,0.86,0.153964,15.55,0.058007,0.037069,0.004137,0.01321,88082.97
5.0,VeryHigh,HRD1_major,0.87,0.153964,15.55,0.058007,0.037069,0.004137,0.01321,88082.97
5.0,VeryHigh,HRD1_major,0.88,0.153964,15.55,0.058007,0.037069,0.004137,0.01321,88082.97
5.0,VeryHigh,HRD1_major,0.89,0.153964,15.55,0.058007,0.037069,0.004137,0.01321,88082.97
5.0,VeryHigh,HRD1_major,0.9,0.153964,15.55,0.058007,0.037069,0.004137,0.01321,88082.97
5.0,VeryHigh,HRD1_major,0.91,0.153964,15.55,0.058007,0.037069,0.004137,0.01321,88082.97
5.0,VeryHigh,HRD1_major,0.92,0.153964,15.55,0.058007,0.037069,0.004137,0.01321,88082.97
5.0,VeryHigh,HRD1_major,0.93,0.153964,15.55,0.058007,0.037069,0.004137,0.01321,88082.97
5.0,VeryHigh,HRD1_major,0.94,0.153964,15.55,0.058007,0.037069,0.004137,0.01321,88082.97
5.0,VeryHigh,HRD1_major,0.95,0.153964,15.55,0.058007,0.037069,0.004137,0.01321,88082.97
5.0,VeryHigh,HRD1_major,0.96,0.153964,15.55,0.058007,0.037069,0.004137,0.01321,88082.97
5.0,VeryHigh,HRD1_major,0.97,0.153964,15.55,0.058007,0.037069,0.004137,0.01321,88082.97
5.0,VeryHigh,HRD1_major,0.98,0.153964,15.55,0.058007,0.037069,0.004137,0.01321,88082.97
5.0,VeryHigh,HRD1_major,0.99,0.153964,15.55,0.058007,0.037069,0.004137,0.01321,88082.97
5.0,VeryHigh,HRD1_major,1.0,0.153964,15.55,0.058007,0.037069,0.004137,0.01321,88082.97
5.0,VeryHigh,HRD1_major,1.01,0.153964,15.55,0.058007,0.037069,0.004137,0.01321,88082.97
5.0,VeryHigh,HRD1_major,1.02,0.153964,15.55,0.058007,0.037069,0.004137,0.01321,88082.97
5.0,VeryHigh,HRD1_major,1.03,0.153964,15.55,0.058007,0.037069,0.004137,0.01321,88082.97
5.0,VeryHigh,HRD1_major,1.04,0.153964,15.55,0.058007,0.037069,0.004137,0.01321,88082.97
5.0,VeryHigh,HRD1_major,1.05,0.153964,15.55,0.058007,0.037069,0.004137,0.01321,88082.97
5.0,VeryHigh,HRD1_major,1.06,0.153964,15.55,0.058007,0.037069,0.004137,0.01321,88082.97
5.0,VeryHigh,HRD1_major,1.07,0.153964,15.55,0.058007,0.037069,0.004137,0.01321,88082.97
5.0,VeryHigh,HRD1_major,1.08,0.153964,15.55,0.058007,0.037069,0.004137,0.01321,88082.97
5.0,VeryHigh,HRD1_major,1.09,0.153964,15.55,0.058007,0.037069,0.004137,0.01321,88082.97
5.0,VeryHigh,HRD1_major,1.1,0.153964,15.55,0.058007,0.037069,0.004137,0.01321,88082.97
5.0,VeryHigh,HRD1_major,1.11,0.153964,15.55,0.058007,0.037069,0.004137,0.01321,88082.97
5.0,VeryHigh,HRD1_major,1.12,0.153964,15.55,0.058007,0.037069,0.004137,0.01321,88082.97
5.0,VeryHigh,HRD1_major,1.13,0.153964,15.55,0.058007,0.037069,0.004137,0.01321,88082.97
5.0,VeryHigh,HRD1_major,1.14,0.153964,15.55,0.058007,0.037069,0.004137,0.01321,88082.97
5.0,VeryHigh,HRD1_major,1.15,0.153964,15.55,0.058007,0.037069,0.004137,0.01321,88082.97
5.0,VeryHigh,HRD1_major,1.16,0.153964,15.55,0.058007,0.037069,0.004137,0.01321,88082.97
5.0,VeryHigh,HRD1_major,1.17,0.153964,15.55,0.058007,0.037069,0.004137,0.01321,88082.97
5.0,VeryHigh,HRD1_major,1.18,0.153964,15.55,0.058007,0.037069,0.004137,0.01321,88082.97
5.0,VeryHigh,HRD1_major,1.19,0.153964,15.55,0.058007,0.037069,0.004137,0.01321,88082.97
5.0,VeryHigh,HRD1_major,1.2,0.153964,15.55,0.058007,0.037069,0.004137,0.01321,88082.97
5.0,VeryHigh,HRD1_major,1.21,0.153964,15.55,0.058007,0.037069,0.004137,0.01321,88082.97
5.0,VeryHigh,HRD1_major,1.22,0.153964,15.55,0.058007,0.037069,0.004137,0.01321,88082.97
5.0,VeryHigh,HRD1_major,1.23,0.153964,15.55,0.058007,0.037069,0.004137,0.01321,88082.97
5.0,VeryHigh,HRD1_major,1.24,0.153964,15.55,0.058007,0.037069,0.004137,0.01321,88082.97
5.0,VeryHigh,HRD1_major,1.25,0.153964,15.55,0.058007,0.037069,0.004137,0.01321,88082.97
5.0,VeryHigh,HRD1_major,1.26,0.153964,15.55,0.058007,0.037069,0.004137,0.01321,88082.97
5.0,VeryHigh,HRD1_major,1.27,0.153964,15.55,0.058007,0.037069,0.004137,0.01321,88082.97
5.0,VeryHigh,HRD1_major,1.28,0.153964,15.55,0.058007,0.037069,0.004137,0.01321,88082.97
5.0,VeryHigh,HRD1_major,1.29,0.153964,15.55,0.058007,0.037069,0.004137,0.01321,88082.97
5.0,VeryHigh,HRD1_major,1.3,0.153964,15.55,0.058007,0.037069,0.004137,0.01321,88082.97
5.0,VeryHigh,HRD1_major,1.31,0.153964,15.55,0.058007,0.037069,0.004137,0.01321,88082.97
5.0,VeryHigh,HRD1_major,1.32,0.153964,15.55,0.058007,0.037069,0.004137,0.01321,88082.97
5.0,VeryHigh,HRD1_major,1.33,0.153964,15.55,0.058007,0.037069,0.004137,0.01321,88082.97
5.0,VeryHigh,HRD1_major,1.34,0.153964,15.55,0.058007,0.037069,0.004137,0.01321,88082.97
5.0,VeryHigh,HRD1_major,1.35,0.153964,15.55,0.058007,0.037069,0.004137,0.01321,88082.97
5.0,VeryHigh,HRD1_major,1.36,0.153964,15.55,0.058007,0.037069,0.004137,0.01321,88082.97
5.0,VeryHigh,HRD1_major,1.37,0.153964,15.55,0.058007,0.037069,0.004137,0.01321,88082.97
5.0,VeryHigh,HRD1_major,1.38,0.153964,15.55,0.058007,0.037069,0.004137,0.01321,88082.97
5.0,VeryHigh,HRD1_major,1.39,0.153964,15.55,0.058007,0.037069,0.004137,0.01321,88082.97
5.0,VeryHigh,HRD1_major,1.4,0.153964,15.55,0.058007,0.037069,0.004137,0.01321,88082.97
5.0,VeryHigh,HRD1_major,1.41,0.153964,15.55,0.058007,0.037069,0.004137,0.01321,88082.97
5.0,VeryHigh,HRD1_major,1.42,0.153964,15.55,0.058007,0.037069,0.004137,0.01321,88082.97
5.0,VeryHigh,HRD1_major,1.43,0.153964,15.55,0.058007,0.037069,0.004137,0.01321,88082.97
5.0,VeryHigh,HRD1_major,1.44,0.153964,15.55,0.058007,0.037069,0.004137,0.01321,88082.97
5.0,VeryHigh,HRD1_major,1.45,0.153964,15.55,0.058007,0.037069,0.004137,0.01321,88082.97
5.0,VeryHigh,HRD1_major,1.46,0.153964,15.55,0.058007,0.037069,0.004137,0.01321,88082.97
5.0,VeryHigh,HRD1_major,1.47,0.153964,15.55,0.058007,0.037069,0.004137,0.01321,88082.97
5.0,VeryHigh,HRD1_major,1.48,0.153964,15.55,0.058007,0.037069,0.004137,0.01321,88082.97
5.0,VeryHigh,HRD1_major,1.49,0.153964,15.55,0.058007,0.037069,0.004137,0.01321,88082.97
5.0,VeryHigh,HRD1_major,1.5,0.153964,15.55,0.058007,0.037069,0.004137,0.01321,88082.97
5.0,VeryHigh,HRD2_urban,0.0,0.0,0.0,0.0,0.0,0.0,0.0,0.0
5.0,VeryHigh,HRD2_urban,0.01,0.0,0.0,0.0,0.0,0.0,0.0,0.0
5.0,VeryHigh,HRD2_urban,0.02,0.0,0.0,0.0,0.0,0.0,0.0,0.0
5.0,VeryHigh,HRD2_urban,0.03,0.0,0.0,0.0,0.0,0.0,0.0,0.0
5.0,VeryHigh,HRD2_urban,0.04,0.0,0.0,0.0,0.0,0.0,0.0,0.0
5.0,VeryHigh,HRD2_urban,0.05,0.0,0.0,0.0,0.0,0.0,0.0,0.0
5.0,VeryHigh,HRD2_urban,0.06,0.0,0.0,0.0,0.0,0.0,0.0,0.0
5.0,VeryHigh,HRD2_urban,0.07,0.0,0.0,0.0,0.0,0.0,0.0,0.0
5.0,VeryHigh,HRD2_urban,0.08,0.0,0.0,0.0,0.0,0.0,0.0,0.0
5.0,VeryHigh,HRD2_urban,0.09,0.0,12.0,0.0,0.0,0.0,0.0,0.0
5.0,VeryHigh,HRD2_urban,0.1,0.013703,12.0,0.004645,0.004645,0.002207,0.002706,9021.28
5.0,VeryHigh,HRD2_urban,0.11,0.027698,12.0,0.009389,0.009389,0.00446,0.005469,18235.16
5.0,VeryHigh,HRD2_urban,0.12,0.041694,12.0,0.014133,0.014133,0.006714,0.008233,27449.03
5.0,VeryHigh,HRD2_urban,0.13,0.055689,12.0,0.018877,0.018877,0.008968,0.010997,36662.9
5.0,VeryHigh,HRD2_urban,0.14,0.069684,12.0,0.02362,0.02362,0.011222,0.01376,45876.78
5.0,VeryHigh,HRD2_urban,0.15,0.08368,12.0,0.028364,0.028364,0.013475,0.016524,55090.65
5.0,VeryHigh,HRD2_urban,0.16,0.097675,12.0,0.033108,0.033108,0.015729,0.019287,64304.52
5.0,VeryHigh,HRD2_urban,0.17,0.11167,12.0,0.037852,0.037852,0.017983,0.022051,73518.4
5.0,VeryHigh,HRD2_urban,0.18,0.125666,12.0,0.042596,0.042596,0.020237,0.024815,82732.27
5.0,VeryHigh,HRD2_urban,0.19,0.139661,12.0,0.04734,0.04734,0.02249,0.027578,91946.14
5.0,VeryHigh,HRD2_urban,0.2,0.153656,12.0,0.052084,0.052084,0.024744,0.030342,101160.02
5.0,VeryHigh,HRD2_urban,0.21,0.153964,12.0,0.052188,0.052188,0.024794,0.030403,101362.74
5.0,VeryHigh,HRD2_urban,0.22,0.153964,12.0,0.052188,0.052188,0.024794,0.030403,101362.74
5.0,VeryHigh,HRD2_urban,0.23,0.153964,12.0,0.052188,0.052188,0.024794,0.030403,101362.74
5.0,VeryHigh,HRD2_urban,0.24,0.153964,12.0,0.052188,0.052188,0.024794,0.030403,101362.74
5.0,VeryHigh,HRD2_urban,0.25,0.153964,12.0,0.052188,0.052188,0.024794,0.030403,101362.74
5.0,VeryHigh,HRD2_urban,0.26,0.153964,12.0,0.052188,0.052188,0.024794,0.030403,101362.74
5.0,VeryHigh,HRD2_urban,0.27,0.153964,12.0,0.052188,0.052188,0.024794,0.030403,101362.74
5.0,VeryHigh,HRD2_urban,0.28,0.153964,12.0,0.052188,0.052188,0.024794,0.030403,101362.74
5.0,VeryHigh,HRD2_urban,0.29,0.153964,12.0,0.052188,0.052188,0.024794,0.030403,101362.74
5.0,VeryHigh,HRD2_urban,0.3,0.153964,12.0,0.052188,0.052188,0.024794,0.030403,101362.74
5.0,VeryHigh,HRD2_urban,0.31,0.153964,12.0,0.052188,0.052188,0.024794,0.030403,101362.74
5.0,VeryHigh,HRD2_urban,0.32,0.153964,12.0,0.052188,0.052188,0.024794,0.030403,101362.74
5.0,VeryHigh,HRD2_urban,0.33,0.153964,12.0,0.052188,0.052188,0.024794,0.030403,101362.74
5.0,VeryHigh,HRD2_urban,0.34,0.153964,13.1311,0.048839,0.054922,0.029942,0.034386,114642.5
5.0,VeryHigh,HRD2_urban,0.35,0.153964,14.3406,0.0451,0.056889,0.035561,0.038526,128444.08
5.0,VeryHigh,HRD2_urban,0.36,0.153964,15.55,0.04138,0.058007,0.041206,0.042515,141743.49
5.0,VeryHigh,HRD2_urban,0.37,0.153964,15.55,0.04138,0.058007,0.041206,0.042515,141743.49
5.0,VeryHigh,HRD2_urban,0.38,0.153964,15.55,0.04138,0.058007,0.041206,0.042515,141743.49
5.0,VeryHigh,HRD2_urban,0.39,0.153964,15.55,0.04138,0.058007,0.041206,0.042515,141743.49
5.0,VeryHigh,HRD2_urban,0.4,0.153964,15.55,0.04138,0.058007,0.041206,0.042515,141743.49
5.0,VeryHigh,HRD2_urban,0.41,0.153964,15.55,0.04138,0.058007,0.041206,0.042515,141743.49
5.0,VeryHigh,HRD2_urban,0.42,0.153964,15.55,0.04138,0.058007,0.041206,0.042515,141743.49
5.0,VeryHigh,HRD2_urban,0.43,0.153964,15.55,0.04138,0.058007,0.041206,0.042515,141743.49
5.0,VeryHigh,HRD2_urban,0.44,0.153964,15.55,0.04138,0.058007,0.041206,0.042515,141743.49
5.0,VeryHigh,HRD2_urban,0.45,0.153964,15.55,0.04138,0.058007,0.041206,0.042515,141743.49
5.0,VeryHigh,HRD2_urban,0.46,0.153964,15.55,0.04138,0.058007,0.041206,0.042515,141743.49
5.0,VeryHigh,HRD2_urban,0.47,0.153964,15.55,0.04138,0.058007,0.041206,0.042515,141743.49
5.0,VeryHigh,HRD2_urban,0.48,0.153964,15.55,0.04138,0.058007,0.041206,0.042515,141743.49
5.0,VeryHigh,HRD2_urban,0.49,0.153964,15.55,0.04138,0.058007,0.041206,0.042515,141743.49
5.0,VeryHigh,HRD2_urban,0.5,0.153964,15.55,0.04138,0.058007,0.041206,0.042515,141743.49
5.0,VeryHigh,HRD2_urban,0.51,0.153964,15.55,0.04138,0.058007,0.041206,0.042515,141743.49
5.0,VeryHigh,HRD2_urban,0.52,0.153964,15.55,0.04138,0.058007,0.041206,0.042515,141743.49
5.0,VeryHigh,HRD2_urban,0.53,0.153964,15.55,0.04138,0.058007,0.041206,0.042515,141743.49
5.0,VeryHigh,HRD2_urban,0.54,0.153964,15.55,0.04138,0.058007,0.041206,0.042515,141743.49
5.0,VeryHigh,HRD2_urban,0.55,0.153964,15.55,0.04138,0.058007,0.041206,0.042515,141743.49
5.0,VeryHigh,HRD2_urban,0.56,0.153964,15.55,0.04138,0.058007,0.041206,0.042515,141743.49
5.0,VeryHigh,HRD2_urban,0.57,0.153964,15.55,0.04138,0.058007,0.041206,0.042515,141743.49
5.0,VeryHigh,HRD2_urban,0.58,0.153964,15.55,0.04138,0.058007,0.041206,0.042515,141743.49
5.0,VeryHigh,HRD2_urban,0.59,0.153964,15.55,0.04138,0.058007,0.041206,0.042515,141743.49
5.0,VeryHigh,HRD2_urban,0.6,0.153964,15.55,0.04138,0.058007,0.041206,0.042515,141743.49
5.0,VeryHigh,HRD2_urban,0.61,0.153964,15.55,0.04138,0.058007,0.041206,0.042515,141743.49
5.0,VeryHigh,HRD2_urban,0.62,0.153964,15.55,0.04138,0.058007,0.041206,0.042515,141743.49
5.0,VeryHigh,HRD2_urban,0.63,0.153964,15.55,0.04138,0.058007,0.041206,0.042515,141743.49
5.0,VeryHigh,HRD2_urban,0.64,0.153964,15.55,0.04138,0.058007,0.041206,0.042515,141743.49
5.0,VeryHigh,HRD2_urban,0.65,0.153964,15.55,0.04138,0.058007,0.041206,0.042515,141743.49
5.0,VeryHigh,HRD2_urban,0.66,0.153964,15.55,0.04138,0.058007,0.041206,0.042515,141743.49
5.0,VeryHigh,HRD2_urban,0.67,0.153964,15.55,0.04138,0.058007,0.041206,0.042515,141743.49
5.0,VeryHigh,HRD2_urban,0.68,0.153964,15.55,0.04138,0.058007,0.041206,0.042515,141743.49
5.0,VeryHigh,HRD2_urban,0.69,0.153964,15.55,0.04138,0.058007,0.041206,0.042515,141743.49
5.0,VeryHigh,HRD2_urban,0.7,0.153964,15.55,0.04138,0.058007,0.041206,0.042515,141743.49
5.0,VeryHigh,HRD2_urban,0.71,0.153964,15.55,0.04138,0.058007,0.041206,0.042515,141743.49
5.0,VeryHigh,HRD2_urban,0.72,0.153964,15.55,0.04138,0.058007,0.041206,0.042515,141743.49
5.0,VeryHigh,HRD2_urban,0.73,0.153964,15.55,0.04138,0.058007,0.041206,0.042515,141743.49
5.0,VeryHigh,HRD2_urban,0.74,0.153964,15.55,0.04138,0.058007,0.041206,0.042515,141743.49
5.0,VeryHigh,HRD2_urban,0.75,0.153964,15.55,0.04138,0.058007,0.041206,0.042515,141743.49
5.0,VeryHigh,HRD2_urban,0.76,0.153964,15.55,0.04138,0.058007,0.041206,0.042515,141743.49
5.0,VeryHigh,HRD2_urban,0.77,0.153964,15.55,0.04138,0.058007,0.041206,0.042515,141743.49
5.0,VeryHigh,HRD2_urban,0.78,0.153964,15.55,0.04138,0.058007,0.041206,0.042515,141743.49
5.0,VeryHigh,HRD2_urban,0.79,0.153964,15.55,0.04138,0.058007,0.041206,0.042515,141743.49
5.0,VeryHigh,HRD2_urban,0.8,0.153964,15.55,0.04138,0.058007,0.041206,0.042515,141743.49
5.0,VeryHigh,HRD2_urban,0.81,0.153964,15.55,0.04138,0.058007,0.041206,0.042515,141743.49
5.0,VeryHigh,HRD2_urban,0.82,0.153964,15.55,0.04138,0.058007,0.041206,0.042515,141743.49
5.0,VeryHigh,HRD2_urban,0.83,0.153964,15.55,0.04138,0.058007,0.041206,0.042515,141743.49
5.0,VeryHigh,HRD2_urban,0.84,0.153964,15.55,0.04138,0.058007,0.041206,0.042515,141743.49
5.0,VeryHigh,HRD2_urban,0.85,0.153964,15.55,0.04138,0.058007,0.041206,0.042515,141743.49
5.0,VeryHigh,HRD2_urban,0.86,0.153964,15.55,0.04138,0.058007,0.041206,0.042515,141743.49
5.0,VeryHigh,HRD2_urban,0.87,0.153964,15.55,0.04138,0.058007,0.041206,0.042515,141743.49
5.0,VeryHigh,HRD2_urban,0.88,0.153964,15.55,0.04138,0.058007,0.041206,0.042515,141743.49
5.0,VeryHigh,HRD2_urban,0.89,0.153964,15.55,0.04138,0.058007,0.041206,0.042515,141743.49
5.0,VeryHigh,HRD2_urban,0.9,0.153964,15.55,0.04138,0.058007,0.041206,0.042515,141743.49
5.0,VeryHigh,HRD2_urban,0.91,0.153964,15.55,0.04138,0.058007,0.041206,0.042515,141743.49
5.0,VeryHigh,HRD2_urban,0.92,0.153964,15.55,0.04138,0.058007,0.041206,0.042515,141743.49
5.0,VeryHigh,HRD2_urban,0.93,0.153964,15.55,0.04138,0.058007,0.041206,0.042515,141743.49
5.0,VeryHigh,HRD2_urban,0.94,0.153964,15.55,0.04138,0.058007,0.041206,0.042515,141743.49
5.0,VeryHigh,HRD2_urban,0.95,0.153964,15.55,0.04138,0.058007,0.041206,0.042515,141743.49
5.0,VeryHigh,HRD2_urban,0.96,0.153964,15.55,0.04138,0.058007,0.041206,0.042515,141743.49
5.0,VeryHigh,HRD2_urban,0.97,0.153964,15.55,0.04138,0.058007,0.041206,0.042515,141743.49
5.0,VeryHigh,HRD2_urban,0.98,0.153964,15.55,0.04138,0.058007,0.041206,0.042515,141743.49
5.0,VeryHigh,HRD2_urban,0.99,0.153964,15.55,0.04138,0.058007,0.041206,0.042515,141743.49
5.0,VeryHigh,HRD2_urban,1.0,0.153964,15.55,0.04138,0.058007,0.041206,0.042515,141743.49
5.0,VeryHigh,HRD2_urban,1.01,0.153964,15.55,0.04138,0.058007,0.041206,0.042515,141743.49
5.0,VeryHigh,HRD2_urban,1.02,0.153964,15.55,0.04138,0.058007,0.041206,0.042515,141743.49
5.0,VeryHigh,HRD2_urban,1.03,0.153964,15.55,0.04138,0.058007,0.041206,0.042515,141743.49
5.0,VeryHigh,HRD2_urban,1.04,0.153964,15.55,0.04138,0.058007,0.041206,0.042515,141743.49
5.0,VeryHigh,HRD2_urban,1.05,0.153964,15.55,0.04138,0.058007,0.041206,0.042515,141743.49
5.0,VeryHigh,HRD2_urban,1.06,0.153964,15.55,0.04138,0.058007,0.041206,0.042515,141743.49
5.0,VeryHigh,HRD2_urban,1.07,0.153964,15.55,0.04138,0.058007,0.041206,0.042515,141743.49
5.0,VeryHigh,HRD2_urban,1.08,0.153964,15.55,0.04138,0.058007,0.041206,0.042515,141743.49
5.0,VeryHigh,HRD2_urban,1.09,0.153964,15.55,0.04138,0.058007,0.041206,0.042515,141743.49
5.0,VeryHigh,HRD2_urban,1.1,0.153964,15.55,0.04138,0.058007,0.041206,0.042515,141743.49
5.0,VeryHigh,HRD2_urban,1.11,0.153964,15.55,0.04138,0.058007,0.041206,0.042515,141743.49
5.0,VeryHigh,HRD2_urban,1.12,0.153964,15.55,0.04138,0.058007,0.041206,0.042515,141743.49
5.0,VeryHigh,HRD2_urban,1.13,0.153964,15.55,0.04138,0.058007,0.041206,0.042515,141743.49
5.0,VeryHigh,HRD2_urban,1.14,0.153964,15.55,0.04138,0.058007,0.041206,0.042515,141743.49
5.0,VeryHigh,HRD2_urban,1.15,0.153964,15.55,0.04138,0.058007,0.041206,0.042515,141743.49
5.0,VeryHigh,HRD2_urban,1.16,0.153964,15.55,0.04138,0.058007,0.041206,0.042515,141743.49
5.0,VeryHigh,HRD2_urban,1.17,0.153964,15.55,0.04138,0.058007,0.041206,0.042515,141743.49
5.0,VeryHigh,HRD2_urban,1.18,0.153964,15.55,0.04138,0.058007,0.041206,0.042515,141743.49
5.0,VeryHigh,HRD2_urban,1.19,0.153964,15.55,0.04138,0.058007,0.041206,0.042515,141743.49
5.0,VeryHigh,HRD2_urban,1.2,0.153964,15.55,0.04138,0.058007,0.041206,0.042515,141743.49
5.0,VeryHigh,HRD2_urban,1.21,0.153964,15.55,0.04138,0.058007,0.041206,0.042515,141743.49
5.0,VeryHigh,HRD2_urban,1.22,0.153964,15.55,0.04138,0.058007,0.041206,0.042515,141743.49
5.0,VeryHigh,HRD2_urban,1.23,0.153964,15.55,0.04138,0.058007,0.041206,0.042515,141743.49
5.0,VeryHigh,HRD2_urban,1.24,0.153964,15.55,0.04138,0.058007,0.041206,0.042515,141743.49
5.0,VeryHigh,HRD2_urban,1.25,0.153964,15.55,0.04138,0.058007,0.041206,0.042515,141743.49
5.0,VeryHigh,HRD2_urban,1.26,0.153964,15.55,0.04138,0.058007,0.041206,0.042515,141743.49
5.0,VeryHigh,HRD2_urban,1.27,0.153964,15.55,0.04138,0.058007,0.041206,0.042515,141743.49
5.0,VeryHigh,HRD2_urban,1.28,0.153964,15.55,0.04138,0.058007,0.041206,0.042515,141743.49
5.0,VeryHigh,HRD2_urban,1.29,0.153964,15.55,0.04138,0.058007,0.041206,0.042515,141743.49
5.0,VeryHigh,HRD2_urban,1.3,0.153964,15.55,0.04138,0.058007,0.041206,0.042515,141743.49
5.0,VeryHigh,HRD2_urban,1.31,0.153964,15.55,0.04138,0.058007,0.041206,0.042515,141743.49
5.0,VeryHigh,HRD2_urban,1.32,0.153964,15.55,0.04138,0.058007,0.041206,0.042515,141743.49
5.0,VeryHigh,HRD2_urban,1.33,0.153964,15.55,0.04138,0.058007,0.041206,0.042515,141743.49
5.0,VeryHigh,HRD2_urban,1.34,0.153964,15.55,0.04138,0.058007,0.041206,0.042515,141743.49
5.0,VeryHigh,HRD2_urban,1.35,0.153964,15.55,0.04138,0.058007,0.041206,0.042515,141743.49
5.0,VeryHigh,HRD2_urban,1.36,0.153964,15.55,0.04138,0.058007,0.041206,0.042515,141743.49
5.0,VeryHigh,HRD2_urban,1.37,0.153964,15.55,0.04138,0.058007,0.041206,0.042515,141743.49
5.0,VeryHigh,HRD2_urban,1.38,0.153964,15.55,0.04138,0.058007,0.041206,0.042515,141743.49
5.0,VeryHigh,HRD2_urban,1.39,0.153964,15.55,0.04138,0.058007,0.041206,0.042515,141743.49
5.0,VeryHigh,HRD2_urban,1.4,0.153964,15.55,0.04138,0.058007,0.041206,0.042515,141743.49
5.0,VeryHigh,HRD2_urban,1.41,0.153964,15.55,0.04138,0.058007,0.041206,0.042515,141743.49
5.0,VeryHigh,HRD2_urban,1.42,0.153964,15.55,0.04138,0.058007,0.041206,0.042515,141743.49
5.0,VeryHigh,HRD2_urban,1.43,0.153964,15.55,0.04138,0.058007,0.041206,0.042515,141743.49
5.0,VeryHigh,HRD2_urban,1.44,0.153964,15.55,0.04138,0.058007,0.041206,0.042515,141743.49
5.0,VeryHigh,HRD2_urban,1.45,0.153964,15.55,0.04138,0.058007,0.041206,0.042515,141743.49
5.0,VeryHigh,HRD2_urban,1.46,0.153964,15.55,0.04138,0.058007,0.041206,0.042515,141743.49
5.0,VeryHigh,HRD2_urban,1.47,0.153964,15.55,0.04138,0.058007,0.041206,0.042515,141743.49
5.0,VeryHigh,HRD2_urban,1.48,0.153964,15.55,0.04138,0.058007,0.041206,0.042515,141743.49
5.0,VeryHigh,HRD2_urban,1.49,0.153964,15.55,0.04138,0.058007,0.041206,0.042515,141743.49
5.0,VeryHigh,HRD2_urban,1.5,0.153964,15.55,0.04138,0.058007,0.041206,0.042515,141743.49
5.0,High,HRD1_major,0.0,0.0,0.0,0.0,0.0,0.0,0.0,0.0
5.0,High,HRD1_major,0.01,0.0,0.0,0.0,0.0,0.0,0.0,0.0
5.0,High,HRD1_major,0.02,0.0,0.0,0.0,0.0,0.0,0.0,0.0
5.0,High,HRD1_major,0.03,0.0,0.0,0.0,0.0,0.0,0.0,0.0
5.0,High,HRD1_major,0.04,0.0,0.0,0.0,0.0,0.0,0.0,0.0
5.0,High,HRD1_major,0.05,0.0,0.0,0.0,0.0,0.0,0.0,0.0
5.0,High,HRD1_major,0.06,0.0,0.0,0.0,0.0,0.0,0.0,0.0
5.0,High,HRD1_major,0.07,0.0,0.0,0.0,0.0,0.0,0.0,0.0
5.0,High,HRD1_major,0.08,0.0,0.0,0.0,0.0,0.0,0.0,0.0
5.0,High,HRD1_major,0.09,0.0,0.0,0.0,0.0,0.0,0.0,0.0
5.0,High,HRD1_major,0.1,0.0,0.0,0.0,0.0,0.0,0.0,0.0
5.0,High,HRD1_major,0.11,0.0,0.0,0.0,0.0,0.0,0.0,0.0
5.0,High,HRD1_major,0.12,4.9e-05,6.0,7e-06,1e-06,0.0,1e-06,3.9
5.0,High,HRD1_major,0.13,0.009497,6.0,0.001303,0.000222,5e-06,0.000113,752.09
5.0,High,HRD1_major,0.14,0.018944,6.0,0.002599,0.000442,1e-05,0.000225,1500.27
5.0,High,HRD1_major,0.15,0.028391,6.0,0.003895,0.000662,1.4e-05,0.000337,2248.45
5.0,High,HRD1_major,0.16,0.037838,6.0,0.005192,0.000883,1.9e-05,0.000449,2996.64
5.0,High,HRD1_major,0.17,0.047286,6.0,0.006488,0.001103,2.4e-05,0.000562,3744.82
5.0,High,HRD1_major,0.18,0.056733,6.0,0.007784,0.001323,2.8e-05,0.000674,4493.0
5.0,High,HRD1_major,0.19,0.06618,6.0,0.00908,0.001544,3.3e-05,0.000786,5241.19
5.0,High,HRD1_major,0.2,0.075627,6.0,0.010377,0.001764,3.8e-05,0.000898,5989.37
5.0,High,HRD1_major,0.21,0.085075,6.0,0.011673,0.001984,4.3e-05,0.00101,6737.55
5.0,High,HRD1_major,0.22,0.094522,6.0,0.012969,0.002205,4.7e-05,0.001123,7485.74
5.0,High,HRD1_major,0.23,0.103969,6.0,0.014265,0.002425,5.2e-05,0.001235,8233.92
5.0,High,HRD1_major,0.24,0.113416,6.0,0.015562,0.002646,5.7e-05,0.001347,8982.1
5.0,High,HRD1_major,0.25,0.122864,6.0,0.016858,0.002866,6.2e-05,0.001459,9730.29
5.0,High,HRD1_major,0.26,0.123172,6.0,0.0169,0.002873,6.2e-05,0.001463,9754.67
5.0,High,HRD1_major,0.27,0.123172,6.0,0.0169,0.002873,6.2e-05,0.001463,9754.67
5.0,High,HRD1_major,0.28,0.123172,6.0,0.0169,0.002873,6.2e-05,0.001463,9754.67
5.0,High,HRD1_major,0.29,0.123172,6.0,0.0169,0.002873,6.2e-05,0.001463,9754.67
5.0,High,HRD1_major,0.3,0.123172,6.0,0.0169,0.002873,6.2e-05,0.001463,9754.67
5.0,High,HRD1_major,0.31,0.123172,6.0,0.0169,0.002873,6.2e-05,0.001463,9754.67
5.0,High,HRD1_major,0.32,0.123172,6.0,0.0169,0.002873,6.2e-05,0.001463,9754.67
5.0,High,HRD1_major,0.33,0.123172,6.0,0.0169,0.002873,6.2e-05,0.001463,9754.67
5.0,High,HRD1_major,0.34,0.123172,6.0,0.0169,0.002873,6.2e-05,0.001463,9754.67
5.0,High,HRD1_major,0.35,0.123172,6.0,0.0169,0.002873,6.2e-05,0.001463,9754.67
5.0,High,HRD1_major,0.36,0.123172,6.0,0.0169,0.002873,6.2e-05,0.001463,9754.67
5.0,High,HRD1_major,0.37,0.123172,6.0,0.0169,0.002873,6.2e-05,0.001463,9754.67
5.0,High,HRD1_major,0.38,0.123172,6.4792,0.019536,0.00369,9.1e-05,0.001778,11858.41
5.0,High,HRD1_major,0.39,0.123172,7.3863,0.024379,0.005513,0.00017,0.002441,16275.54
5.0,High,HRD1_major,0.4,0.123172,8.2933,0.028861,0.007656,0.000289,0.003177,21183.01
5.0,High,HRD1_major,0.41,0.123172,9.2004,0.032858,0.010062,0.000455,0.003974,26498.19
5.0,High,HRD1_major,0.42,0.123172,10.1075,0.036313,0.01267,0.000674,0.004822,32150.84
5.0,High,HRD1_major,0.43,0.123172,11.0146,0.039212,0.015422,0.000952,0.005711,38082.22
5.0,High,HRD1_major,0.44,0.123172,11.9217,0.041571,0.018263,0.001291,0.006635,44243.45
5.0,High,HRD1_major,0.45,0.123172,12.8288,0.043425,0.021146,0.001696,0.007588,50593.87
5.0,High,HRD1_major,0.46,0.123172,13.7358,0.044817,0.024027,0.002167,0.008563,57099.5
5.0,High,HRD1_major,0.47,0.123172,14.6429,0.045794,0.026873,0.002705,0.009558,63731.76
5.0,High,HRD1_major,0.48,0.123172,15.55,0.046406,0.029655,0.003309,0.010568,70466.37
5.0,High,HRD1_major,0.49,0.123172,15.55,0.046406,0.029655,0.003309,0.010568,70466.37
5.0,High,HRD1_major,0.5,0.123172,15.55,0.046406,0.029655,0.003309,0.010568,70466.37
5.0,High,HRD1_major,0.51,0.123172,15.55,0.046406,0.029655,0.003309,0.010568,70466.37
5.0,High,HRD1_major,0.52,0.123172,15.55,0.046406,0.029655,0.003309,0.010568,70466.37
5.0,High,HRD1_major,0.53,0.123172,15.55,0.046406,0.029655,0.003309,0.010568,70466.37
5.0,High,HRD1_major,0.54,0.123172,15.55,0.046406,0.029655,0.003309,0.010568,70466.37
5.0,High,HRD1_major,0.55,0.123172,15.55,0.046406,0.029655,0.003309,0.010568,70466.37
5.0,High,HRD1_major,0.56,0.123172,15.55,0.046406,0.029655,0.003309,0.010568,70466.37
5.0,High,HRD1_major,0.57,0.123172,15.55,0.046406,0.029655,0.003309,0.010568,70466.37
5.0,High,HRD1_major,0.58,0.123172,15.55,0.046406,0.029655,0.003309,0.010568,70466.37
5.0,High,HRD1_major,0.59,0.123172,15.55,0.046406,0.029655,0.003309,0.010568,70466.37
5.0,High,HRD1_major,0.6,0.123172,15.55,0.046406,0.029655,0.003309,0.010568,70466.37
5.0,High,HRD1_major,0.61,0.123172,15.55,0.046406,0.029655,0.003309,0.010568,70466.37
5.0,High,HRD1_major,0.62,0.123172,15.55,0.046406,0.029655,0.003309,0.010568,70466.37
5.0,High,HRD1_major,0.63,0.123172,15.55,0.046406,0.029655,0.003309,0.010568,70466.37
5.0,High,HRD1_major,0.64,0.123172,15.55,0.046406,0.029655,0.003309,0.010568,70466.37
5.0,High,HRD1_major,0.65,0.123172,15.55,0.046406,0.029655,0.003309,0.010568,70466.37
5.0,High,HRD1_major,0.66,0.123172,15.55,0.046406,0.029655,0.003309,0.010568,70466.37
5.0,High,HRD1_major,0.67,0.123172,15.55,0.046406,0.029655,0.003309,0.010568,70466.37
5.0,High,HRD1_major,0.68,0.123172,15.55,0.046406,0.029655,0.003309,0.010568,70466.37
5.0,High,HRD1_major,0.69,0.123172,15.55,0.046406,0.029655,0.003309,0.010568,70466.37
5.0,High,HRD1_major,0.7,0.123172,15.55,0.046406,0.029655,0.003309,0.010568,70466.37
5.0,High,HRD1_major,0.71,0.123172,15.55,0.046406,0.029655,0.003309,0.010568,70466.37
5.0,High,HRD1_major,0.72,0.123172,15.55,0.046406,0.029655,0.003309,0.010568,70466.37
5.0,High,HRD1_major,0.73,0.123172,15.55,0.046406,0.029655,0.003309,0.010568,70466.37
5.0,High,HRD1_major,0.74,0.123172,15.55,0.046406,0.029655,0.003309,0.010568,70466.37
5.0,High,HRD1_major,0.75,0.123172,15.55,0.046406,0.029655,0.003309,0.010568,70466.37
5.0,High,HRD1_major,0.76,0.123172,15.55,0.046406,0.029655,0.003309,0.010568,70466.37
5.0,High,HRD1_major,0.77,0.123172,15.55,0.046406,0.029655,0.003309,0.010568,70466.37
5.0,High,HRD1_major,0.78,0.123172,15.55,0.046406,0.029655,0.003309,0.010568,70466.37
5.0,High,HRD1_major,0.79,0.123172,15.55,0.046406,0.029655,0.003309,0.010568,70466.37
5.0,High,HRD1_major,0.8,0.123172,15.55,0.046406,0.029655,0.003309,0.010568,70466.37
5.0,High,HRD1_major,0.81,0.123172,15.55,0.046406,0.029655,0.003309,0.010568,70466.37
5.0,High,HRD1_major,0.82,0.123172,15.55,0.046406,0.029655,0.003309,0.010568,70466.37
5.0,High,HRD1_major,0.83,0.123172,15.55,0.046406,0.029655,0.003309,0.010568,70466.37
5.0,High,HRD1_major,0.84,0.123172,15.55,0.046406,0.029655,0.003309,0.010568,70466.37
5.0,High,HRD1_major,0.85,0.123172,15.55,0.046406,0.029655,0.003309,0.010568,70466.37
5.0,High,HRD1_major,0.86,0.123172,15.55,0.046406,0.029655,0.003309,0.010568,70466.37
5.0,High,HRD1_major,0.87,0.123172,15.55,0.046406,0.029655,0.003309,0.010568,70466.37
5.0,High,HRD1_major,0.88,0.123172,15.55,0.046406,0.029655,0.003309,0.010568,70466.37
5.0,High,HRD1_major,0.89,0.123172,15.55,0.046406,0.029655,0.003309,0.010568,70466.37
5.0,High,HRD1_major,0.9,0.123172,15.55,0.046406,0.029655,0.003309,0.010568,70466.37
5.0,High,HRD1_major,0.91,0.123172,15.55,0.046406,0.029655,0.003309,0.010568,70466.37
5.0,High,HRD1_major,0.92,0.123172,15.55,0.046406,0.029655,0.003309,0.010568,70466.37
5.0,High,HRD1_major,0.93,0.123172,15.55,0.046406,0.029655,0.003309,0.010568,70466.37
5.0,High,HRD1_major,0.94,0.123172,15.55,0.046406,0.029655,0.003309,0.010568,70466.37
5.0,High,HRD1_major,0.95,0.123172,15.55,0.046406,0.029655,0.003309,0.010568,70466.37
5.0,High,HRD1_major,0.96,0.123172,15.55,0.046406,0.029655,0.003309,0.010568,70466.37
5.0,High,HRD1_major,0.97,0.123172,15.55,0.046406,0.029655,0.003309,0.010568,70466.37
5.0,High,HRD1_major,0.98,0.123172,15.55,0.046406,0.029655,0.003309,0.010568,70466.37
5.0,High,HRD1_major,0.99,0.123172,15.55,0.046406,0.029655,0.003309,0.010568,70466.37
5.0,High,HRD1_major,1.0,0.123172,15.55,0.046406,0.029655,0.003309,0.010568,70466.37
5.0,High,HRD1_major,1.01,0.123172,15.55,0.046406,0.029655,0.003309,0.010568,70466.37
5.0,High,HRD1_major,1.02,0.123172,15.55,0.046406,0.029655,0.003309,0.010568,70466.37
5.0,High,HRD1_major,1.03,0.123172,15.55,0.046406,0.029655,0.003309,0.010568,70466.37
5.0,High,HRD1_major,1.04,0.123172,15.55,0.046406,0.029655,0.003309,0.010568,70466.37
5.0,High,HRD1_major,1.05,0.123172,15.55,0.046406,0.029655,0.003309,0.010568,70466.37
5.0,High,HRD1_major,1.06,0.123172,15.55,0.046406,0.029655,0.003309,0.010568,70466.37
5.0,High,HRD1_major,1.07,0.123172,15.55,0.046406,0.029655,0.003309,0.010568,70466.37
5.0,High,HRD1_major,1.08,0.123172,15.55,0.046406,0.029655,0.003309,0.010568,70466.37
5.0,High,HRD1_major,1.09,0.123172,15.55,0.046406,0.029655,0.003309,0.010568,70466.37
5.0,High,HRD1_major,1.1,0.123172,15.55,0.046406,0.029655,0.003309,0.010568,70466.37
5.0,High,HRD1_major,1.11,0.123172,15.55,0.046406,0.029655,0.003309,0.010568,70466.37
5.0,High,HRD1_major,1.12,0.123172,15.55,0.046406,0.029655,0.003309,0.010568,70466.37
5.0,High,HRD1_major,1.13,0.123172,15.55,0.046406,0.029655,0.003309,0.010568,70466.37
5.0,High,HRD1_major,1.14,0.123172,15.55,0.046406,0.029655,0.003309,0.010568,70466.37
5.0,High,HRD1_major,1.15,0.123172,15.55,0.046406,0.029655,0.003309,0.010568,70466.37
5.0,High,HRD1_major,1.16,0.123172,15.55,0.046406,0.029655,0.003309,0.010568,70466.37
5.0,High,HRD1_major,1.17,0.123172,15.55,0.046406,0.029655,0.003309,0.010568,70466.37
5.0,High,HRD1_major,1.18,0.123172,15.55,0.046406,0.029655,0.003309,0.010568,70466.37
5.0,High,HRD1_major,1.19,0.123172,15.55,0.046406,0.029655,0.003309,0.010568,70466.37
5.0,High,HRD1_major,1.2,0.123172,15.55,0.046406,0.029655,0.003309,0.010568,70466.37
5.0,High,HRD1_major,1.21,0.123172,15.55,0.046406,0.029655,0.003309,0.010568,70466.37
5.0,High,HRD1_major,1.22,0.123172,15.55,0.046406,0.029655,0.003309,0.010568,70466.37
5.0,High,HRD1_major,1.23,0.123172,15.55,0.046406,0.029655,0.003309,0.010568,70466.37
5.0,High,HRD1_major,1.24,0.123172,15.55,0.046406,0.029655,0.003309,0.010568,70466.37
5.0,High,HRD1_major,1.25,0.123172,15.55,0.046406,0.029655,0.003309,0.010568,70466.37
5.0,High,HRD1_major,1.26,0.123172,15.55,0.046406,0.029655,0.003309,0.010568,70466.37
5.0,High,HRD1_major,1.27,0.123172,15.55,0.046406,0.029655,0.003309,0.010568,70466.37
5.0,High,HRD1_major,1.28,0.123172,15.55,0.046406,0.029655,0.003309,0.010568,70466.37
5.0,High,HRD1_major,1.29,0.123172,15.55,0.046406,0.029655,0.003309,0.010568,70466.37
5.0,High,HRD1_major,1.3,0.123172,15.55,0.046406,0.029655,0.003309,0.010568,70466.37
5.0,High,HRD1_major,1.31,0.123172,15.55,0.046406,0.029655,0.003309,0.010568,70466.37
5.0,High,HRD1_major,1.32,0.123172,15.55,0.046406,0.029655,0.003309,0.010568,70466.37
5.0,High,HRD1_major,1.33,0.123172,15.55,0.046406,0.029655,0.003309,0.010568,70466.37
5.0,High,HRD1_major,1.34,0.123172,15.55,0.046406,0.029655,0.003309,0.010568,70466.37
5.0,High,HRD1_major,1.35,0.123172,15.55,0.046406,0.029655,0.003309,0.010568,70466.37
5.0,High,HRD1_major,1.36,0.123172,15.55,0.046406,0.029655,0.003309,0.010568,70466.37
5.0,High,HRD1_major,1.37,0.123172,15.55,0.046406,0.029655,0.003309,0.010568,70466.37
5.0,High,HRD1_major,1.38,0.123172,15.55,0.046406,0.029655,0.003309,0.010568,70466.37
5.0,High,HRD1_major,1.39,0.123172,15.55,0.046406,0.029655,0.003309,0.010568,70466.37
5.0,High,HRD1_major,1.4,0.123172,15.55,0.046406,0.029655,0.003309,0.010568,70466.37
5.0,High,HRD1_major,1.41,0.123172,15.55,0.046406,0.029655,0.003309,0.010568,70466.37
5.0,High,HRD1_major,1.42,0.123172,15.55,0.046406,0.029655,0.003309,0.010568,70466.37
5.0,High,HRD1_major,1.43,0.123172,15.55,0.046406,0.029655,0.003309,0.010568,70466.37
5.0,High,HRD1_major,1.44,0.123172,15.55,0.046406,0.029655,0.003309,0.010568,70466.37
5.0,High,HRD1_major,1.45,0.123172,15.55,0.046406,0.029655,0.003309,0.010568,70466.37
5.0,High,HRD1_major,1.46,0.123172,15.55,0.046406,0.029655,0.003309,0.010568,70466.37
5.0,High,HRD1_major,1.47,0.123172,15.55,0.046406,0.029655,0.003309,0.010568,70466.37
5.0,High,HRD1_major,1.48,0.123172,15.55,0.046406,0.029655,0.003309,0.010568,70466.37
5.0,High,HRD1_major,1.49,0.123172,15.55,0.046406,0.029655,0.003309,0.010568,70466.37
5.0,High,HRD1_major,1.5,0.123172,15.55,0.046406,0.029655,0.003309,0.010568,70466.37
5.0,High,HRD2_urban,0.0,0.0,0.0,0.0,0.0,0.0,0.0,0.0
5.0,High,HRD2_urban,0.01,0.0,0.0,0.0,0.0,0.0,0.0,0.0
5.0,High,HRD2_urban,0.02,0.0,0.0,0.0,0.0,0.0,0.0,0.0
5.0,High,HRD2_urban,0.03,0.0,0.0,0.0,0.0,0.0,0.0,0.0
5.0,High,HRD2_urban,0.04,0.0,0.0,0.0,0.0,0.0,0.0,0.0
5.0,High,HRD2_urban,0.05,0.0,0.0,0.0,0.0,0.0,0.0,0.0
5.0,High,HRD2_urban,0.06,0.0,0.0,0.0,0.0,0.0,0.0,0.0
5.0,High,HRD2_urban,0.07,0.0,0.0,0.0,0.0,0.0,0.0,0.0
5.0,High,HRD2_urban,0.08,0.0,0.0,0.0,0.0,0.0,0.0,0.0
5.0,High,HRD2_urban,0.09,0.0,0.0,0.0,0.0,0.0,0.0,0.0
5.0,High,HRD2_urban,0.1,0.0,0.0,0.0,0.0,0.0,0.0,0.0
5.0,High,HRD2_urban,0.11,0.0,0.0,0.0,0.0,0.0,0.0,0.0
5.0,High,HRD2_urban,0.12,4.9e-05,6.0,1.7e-05,7e-06,1e-06,3e-06,10.03
5.0,High,HRD2_urban,0.13,0.009497,6.0,0.003219,0.001303,0.000226,0.00058,1933.54
5.0,High,HRD2_urban,0.14,0.018944,6.0,0.006421,0.002599,0.000451,0.001157,3857.06
5.0,High,HRD2_urban,0.15,0.028391,6.0,0.009624,0.003895,0.000677,0.001734,5780.57
5.0,High,HRD2_urban,0.16,0.037838,6.0,0.012826,0.005192,0.000902,0.002311,7704.08
5.0,High,HRD2_urban,0.17,0.047286,6.0,0.016028,0.006488,0.001127,0.002888,9627.6
5.0,High,HRD2_urban,0.18,0.056733,6.0,0.01923,0.007784,0.001352,0.003465,11551.11
5.0,High,HRD2_urban,0.19,0.06618,6.0,0.022433,0.00908,0.001577,0.004042,13474.62
5.0,High,HRD2_urban,0.2,0.075627,6.0,0.025635,0.010377,0.001802,0.004619,15398.13
5.0,High,HRD2_urban,0.21,0.085075,6.0,0.028837,0.011673,0.002027,0.005195,17321.65
5.0,High,HRD2_urban,0.22,0.094522,6.0,0.03204,0.012969,0.002252,0.005772,19245.16
5.0,High,HRD2_urban,0.23,0.103969,6.0,0.035242,0.014265,0.002477,0.006349,21168.67
5.0,High,HRD2_urban,0.24,0.113416,6.0,0.038444,0.015562,0.002703,0.006926,23092.19
5.0,High,HRD2_urban,0.25,0.122864,6.0,0.041646,0.016858,0.002928,0.007503,25015.7
5.0,High,HRD2_urban,0.26,0.123172,6.0,0.041751,0.0169,0.002935,0.007522,25078.39
5.0,High,HRD2_urban,0.27,0.123172,6.0,0.041751,0.0169,0.002935,0.007522,25078.39
5.0,High,HRD2_urban,0.28,0.123172,6.0,0.041751,0.0169,0.002935,0.007522,25078.39
5.0,High,HRD2_urban,0.29,0.123172,6.0,0.041751,0.0169,0.002935,0.007522,25078.39
5.0,High,HRD2_urban,0.3,0.123172,6.0,0.041751,0.0169,0.002935,0.007522,25078.39
5.0,High,HRD2_urban,0.31,0.123172,6.0,0.041751,0.0169,0.002935,0.007522,25078.39
5.0,High,HRD2_urban,0.32,0.123172,6.0,0.041751,0.0169,0.002935,0.007522,25078.39
5.0,High,HRD2_urban,0.33,0.123172,6.0,0.041751,0.0169,0.002935,0.007522,25078.39
5.0,High,HRD2_urban,0.34,0.123172,6.0,0.041751,0.0169,0.002935,0.007522,25078.39
5.0,High,HRD2_urban,0.35,0.123172,6.0,0.041751,0.0169,0.002935,0.007522,25078.39
5.0,High,HRD2_urban,0.36,0.123172,6.0,0.041751,0.0169,0.002935,0.007522,25078.39
5.0,High,HRD2_urban,0.37,0.123172,6.0,0.041751,0.0169,0.002935,0.007522,25078.39
5.0,High,HRD2_urban,0.38,0.123172,6.4792,0.043651,0.019536,0.003781,0.008736,29127.37
5.0,High,HRD2_urban,0.39,0.123172,7.3863,0.045903,0.024379,0.005683,0.011149,37171.83
5.0,High,HRD2_urban,0.4,0.123172,8.2933,0.046717,0.028861,0.007945,0.01367,45575.25
5.0,High,HRD2_urban,0.41,0.123172,9.2004,0.046454,0.032858,0.010517,0.016256,54198.76
5.0,High,HRD2_urban,0.42,0.123172,10.1075,0.045415,0.036313,0.013345,0.018875,62927.8
5.0,High,HRD2_urban,0.43,0.123172,11.0146,0.043844,0.039212,0.016374,0.021496,71668.75
5.0,High,HRD2_urban,0.44,0.123172,11.9217,0.041928,0.041571,0.019555,0.024099,80345.92
5.0,High,HRD2_urban,0.45,0.123172,12.8288,0.039806,0.043425,0.022842,0.026664,88899.03
5.0,High,HRD2_urban,0.46,0.123172,13.7358,0.037582,0.044817,0.026194,0.029178,97280.85
5.0,High,HRD2_urban,0.47,0.123172,14.6429,0.03533,0.045794,0.029578,0.03163,105455.12
5.0,High,HRD2_urban,0.48,0.123172,15.55,0.033104,0.046406,0.032965,0.034012,113394.79
5.0,High,HRD2_urban,0.49,0.123172,15.55,0.033104,0.046406,0.032965,0.034012,113394.79
5.0,High,HRD2_urban,0.5,0.123172,15.55,0.033104,0.046406,0.032965,0.034012,113394.79
5.0,High,HRD2_urban,0.51,0.123172,15.55,0.033104,0.046406,0.032965,0.034012,113394.79
5.0,High,HRD2_urban,0.52,0.123172,15.55,0.033104,0.046406,0.032965,0.034012,113394.79
5.0,High,HRD2_urban,0.53,0.123172,15.55,0.033104,0.046406,0.032965,0.034012,113394.79
5.0,High,HRD2_urban,0.54,0.123172,15.55,0.033104,0.046406,0.032965,0.034012,113394.79
5.0,High,HRD2_urban,0.55,0.123172,15.55,0.033104,0.046406,0.032965,0.034012,113394.79
5.0,High,HRD2_urban,0.56,0.123172,15.55,0.033104,0.046406,0.032965,0.034012,113394.79
5.0,High,HRD2_urban,0.57,0.123172,15.55,0.033104,0.046406,0.032965,0.034012,113394.79
5.0,High,HRD2_urban,0.58,0.123172,15.55,0.033104,0.046406,0.032965,0.034012,113394.79
5.0,High,HRD2_urban,0.59,0.123172,15.55,0.033104,0.046406,0.032965,0.034012,113394.79
5.0,High,HRD2_urban,0.6,0.123172,15.55,0.033104,0.046406,0.032965,0.034012,113394.79
5.0,High,HRD2_urban,0.61,0.123172,15.55,0.033104,0.046406,0.032965,0.034012,113394.79
5.0,High,HRD2_urban,0.62,0.123172,15.55,0.033104,0.046406,0.032965,0.034012,113394.79
5.0,High,HRD2_urban,0.63,0.123172,15.55,0.033104,0.046406,0.032965,0.034012,113394.79
5.0,High,HRD2_urban,0.64,0.123172,15.55,0.033104,0.046406,0.032965,0.034012,113394.79
5.0,High,HRD2_urban,0.65,0.123172,15.55,0.033104,0.046406,0.032965,0.034012,113394.79
5.0,High,HRD2_urban,0.66,0.123172,15.55,0.033104,0.046406,0.032965,0.034012,113394.79
5.0,High,HRD2_urban,0.67,0.123172,15.55,0.033104,0.046406,0.032965,0.034012,113394.79
5.0,High,HRD2_urban,0.68,0.123172,15.55,0.033104,0.046406,0.032965,0.034012,113394.79
5.0,High,HRD2_urban,0.69,0.123172,15.55,0.033104,0.046406,0.032965,0.034012,113394.79
5.0,High,HRD2_urban,0.7,0.123172,15.55,0.033104,0.046406,0.032965,0.034012,113394.79
5.0,High,HRD2_urban,0.71,0.123172,15.55,0.033104,0.046406,0.032965,0.034012,113394.79
5.0,High,HRD2_urban,0.72,0.123172,15.55,0.033104,0.046406,0.032965,0.034012,113394.79
5.0,High,HRD2_urban,0.73,0.123172,15.55,0.033104,0.046406,0.032965,0.034012,113394.79
5.0,High,HRD2_urban,0.74,0.123172,15.55,0.033104,0.046406,0.032965,0.034012,113394.79
5.0,High,HRD2_urban,0.75,0.123172,15.55,0.033104,0.046406,0.032965,0.034012,113394.79
5.0,High,HRD2_urban,0.76,0.123172,15.55,0.033104,0.046406,0.032965,0.034012,113394.79
5.0,High,HRD2_urban,0.77,0.123172,15.55,0.033104,0.046406,0.032965,0.034012,113394.79
5.0,High,HRD2_urban,0.78,0.123172,15.55,0.033104,0.046406,0.032965,0.034012,113394.79
5.0,High,HRD2_urban,0.79,0.123172,15.55,0.033104,0.046406,0.032965,0.034012,113394.79
5.0,High,HRD2_urban,0.8,0.123172,15.55,0.033104,0.046406,0.032965,0.034012,113394.79
5.0,High,HRD2_urban,0.81,0.123172,15.55,0.033104,0.046406,0.032965,0.034012,113394.79
5.0,High,HRD2_urban,0.82,0.123172,15.55,0.033104,0.046406,0.032965,0.034012,113394.79
5.0,High,HRD2_urban,0.83,0.123172,15.55,0.033104,0.046406,0.032965,0.034012,113394.79
5.0,High,HRD2_urban,0.84,0.123172,15.55,0.033104,0.046406,0.032965,0.034012,113394.79
5.0,High,HRD2_urban,0.85,0.123172,15.55,0.033104,0.046406,0.032965,0.034012,113394.79
5.0,High,HRD2_urban,0.86,0.123172,15.55,0.033104,0.046406,0.032965,0.034012,113394.79
5.0,High,HRD2_urban,0.87,0.123172,15.55,0.033104,0.046406,0.032965,0.034012,113394.79
5.0,High,HRD2_urban,0.88,0.123172,15.55,0.033104,0.046406,0.032965,0.034012,113394.79
5.0,High,HRD2_urban,0.89,0.123172,15.55,0.033104,0.046406,0.032965,0.034012,113394.79
5.0,High,HRD2_urban,0.9,0.123172,15.55,0.033104,0.046406,0.032965,0.034012,113394.79
5.0,High,HRD2_urban,0.91,0.123172,15.55,0.033104,0.046406,0.032965,0.034012,113394.79
5.0,High,HRD2_urban,0.92,0.123172,15.55,0.033104,0.046406,0.032965,0.034012,113394.79
5.0,High,HRD2_urban,0.93,0.123172,15.55,0.033104,0.046406,0.032965,0.034012,113394.79
5.0,High,HRD2_urban,0.94,0.123172,15.55,0.033104,0.046406,0.032965,0.034012,113394.79
5.0,High,HRD2_urban,0.95,0.123172,15.55,0.033104,0.046406,0.032965,0.034012,113394.79
5.0,High,HRD2_urban,0.96,0.123172,15.55,0.033104,0.046406,0.032965,0.034012,113394.79
5.0,High,HRD2_urban,0.97,0.123172,15.55,0.033104,0.046406,0.032965,0.034012,113394.79
5.0,High,HRD2_urban,0.98,0.123172,15.55,0.033104,0.046406,0.032965,0.034012,113394.79
5.0,High,HRD2_urban,0.99,0.123172,15.55,0.033104,0.046406,0.032965,0.034012,113394.79
5.0,High,HRD2_urban,1.0,0.123172,15.55,0.033104,0.046406,0.032965,0.034012,113394.79
5.0,High,HRD2_urban,1.01,0.123172,15.55,0.033104,0.046406,0.032965,0.034012,113394.79
5.0,High,HRD2_urban,1.02,0.123172,15.55,0.033104,0.046406,0.032965,0.034012,113394.79
5.0,High,HRD2_urban,1.03,0.123172,15.55,0.033104,0.046406,0.032965,0.034012,113394.79
5.0,High,HRD2_urban,1.04,0.123172,15.55,0.033104,0.046406,0.032965,0.034012,113394.79
5.0,High,HRD2_urban,1.05,0.123172,15.55,0.033104,0.046406,0.032965,0.034012,113394.79
5.0,High,HRD2_urban,1.06,0.123172,15.55,0.033104,0.046406,0.032965,0.034012,113394.79
5.0,High,HRD2_urban,1.07,0.123172,15.55,0.033104,0.046406,0.032965,0.034012,113394.79
5.0,High,HRD2_urban,1.08,0.123172,15.55,0.033104,0.046406,0.032965,0.034012,113394.79
5.0,High,HRD2_urban,1.09,0.123172,15.55,0.033104,0.046406,0.032965,0.034012,113394.79
5.0,High,HRD2_urban,1.1,0.123172,15.55,0.033104,0.046406,0.032965,0.034012,113394.79
5.0,High,HRD2_urban,1.11,0.123172,15.55,0.033104,0.046406,0.032965,0.034012,113394.79
5.0,High,HRD2_urban,1.12,0.123172,15.55,0.033104,0.046406,0.032965,0.034012,113394.79
5.0,High,HRD2_urban,1.13,0.123172,15.55,0.033104,0.046406,0.032965,0.034012,113394.79
5.0,High,HRD2_urban,1.14,0.123172,15.55,0.033104,0.046406,0.032965,0.034012,113394.79
5.0,High,HRD2_urban,1.15,0.123172,15.55,0.033104,0.046406,0.032965,0.034012,113394.79
5.0,High,HRD2_urban,1.16,0.123172,15.55,0.033104,0.046406,0.032965,0.034012,113394.79
5.0,High,HRD2_urban,1.17,0.123172,15.55,0.033104,0.046406,0.032965,0.034012,113394.79
5.0,High,HRD2_urban,1.18,0.123172,15.55,0.033104,0.046406,0.032965,0.034012,113394.79
5.0,High,HRD2_urban,1.19,0.123172,15.55,0.033104,0.046406,0.032965,0.034012,113394.79
5.0,High,HRD2_urban,1.2,0.123172,15.55,0.033104,0.046406,0.032965,0.034012,113394.79
5.0,High,HRD2_urban,1.21,0.123172,15.55,0.033104,0.046406,0.032965,0.034012,113394.79
5.0,High,HRD2_urban,1.22,0.123172,15.55,0.033104,0.046406,0.032965,0.034012,113394.79
5.0,High,HRD2_urban,1.23,0.123172,15.55,0.033104,0.046406,0.032965,0.034012,113394.79
5.0,High,HRD2_urban,1.24,0.123172,15.55,0.033104,0.046406,0.032965,0.034012,113394.79
5.0,High,HRD2_urban,1.25,0.123172,15.55,0.033104,0.046406,0.032965,0.034012,113394.79
5.0,High,HRD2_urban,1.26,0.123172,15.55,0.033104,0.046406,0.032965,0.034012,113394.79
5.0,High,HRD2_urban,1.27,0.123172,15.55,0.033104,0.046406,0.032965,0.034012,113394.79
5.0,High,HRD2_urban,1.28,0.123172,15.55,0.033104,0.046406,0.032965,0.034012,113394.79
5.0,High,HRD2_urban,1.29,0.123172,15.55,0.033104,0.046406,0.032965,0.034012,113394.79
5.0,High,HRD2_urban,1.3,0.123172,15.55,0.033104,0.046406,0.032965,0.034012,113394.79
5.0,High,HRD2_urban,1.31,0.123172,15.55,0.033104,0.046406,0.032965,0.034012,113394.79
5.0,High,HRD2_urban,1.32,0.123172,15.55,0.033104,0.046406,0.032965,0.034012,113394.79
5.0,High,HRD2_urban,1.33,0.123172,15.55,0.033104,0.046406,0.032965,0.034012,113394.79
5.0,High,HRD2_urban,1.34,0.123172,15.55,0.033104,0.046406,0.032965,0.034012,113394.79
5.0,High,HRD2_urban,1.35,0.123172,15.55,0.033104,0.046406,0.032965,0.034012,113394.79
5.0,High,HRD2_urban,1.36,0.123172,15.55,0.033104,0.046406,0.032965,0.034012,113394.79
5.0,High,HRD2_urban,1.37,0.123172,15.55,0.033104,0.046406,0.032965,0.034012,113394.79
5.0,High,HRD2_urban,1.38,0.123172,15.55,0.033104,0.046406,0.032965,0.034012,113394.79
5.0,High,HRD2_urban,1.39,0.123172,15.55,0.033104,0.046406,0.032965,0.034012,113394.79
5.0,High,HRD2_urban,1.4,0.123172,15.55,0.033104,0.046406,0.032965,0.034012,113394.79
5.0,High,HRD2_urban,1.41,0.123172,15.55,0.033104,0.046406,0.032965,0.034012,113394.79
5.0,High,HRD2_urban,1.42,0.123172,15.55,0.033104,0.046406,0.032965,0.034012,113394.79
5.0,High,HRD2_urban,1.43,0.123172,15.55,0.033104,0.046406,0.032965,0.034012,113394.79
5.0,High,HRD2_urban,1.44,0.123172,15.55,0.033104,0.046406,0.032965,0.034012,113394.79
5.0,High,HRD2_urban,1.45,0.123172,15.55,0.033104,0.046406,0.032965,0.034012,113394.79
5.0,High,HRD2_urban,1.46,0.123172,15.55,0.033104,0.046406,0.032965,0.034012,113394.79
5.0,High,HRD2_urban,1.47,0.123172,15.55,0.033104,0.046406,0.032965,0.034012,113394.79
5.0,High,HRD2_urban,1.48,0.123172,15.55,0.033104,0.046406,0.032965,0.034012,113394.79
5.0,High,HRD2_urban,1.49,0.123172,15.55,0.033104,0.046406,0.032965,0.034012,113394.79
5.0,High,HRD2_urban,1.5,0.123172,15.55,0.033104,0.046406,0.032965,0.034012,113394.79
5.0,Moderate,HRD1_major,0.0,0.0,0.0,0.0,0.0,0.0,0.0,0.0
5.0,Moderate,HRD1_major,0.01,0.0,0.0,0.0,0.0,0.0,0.0,0.0
5.0,Moderate,HRD1_major,0.02,0.0,0.0,0.0,0.0,0.0,0.0,0.0
5.0,Moderate,HRD1_major,0.03,0.0,0.0,0.0,0.0,0.0,0.0,0.0
5.0,Moderate,HRD1_major,0.04,0.0,0.0,0.0,0.0,0.0,0.0,0.0
5.0,Moderate,HRD1_major,0.05,0.0,0.0,0.0,0.0,0.0,0.0,0.0
5.0,Moderate,HRD1_major,0.06,0.0,0.0,0.0,0.0,0.0,0.0,0.0
5.0,Moderate,HRD1_major,0.07,0.0,0.0,0.0,0.0,0.0,0.0,0.0
5.0,Moderate,HRD1_major,0.08,0.0,0.0,0.0,0.0,0.0,0.0,0.0
5.0,Moderate,HRD1_major,0.09,0.0,0.0,0.0,0.0,0.0,0.0,0.0
5.0,Moderate,HRD1_major,0.1,0.0,0.0,0.0,0.0,0.0,0.0,0.0
5.0,Moderate,HRD1_major,0.11,0.0,0.0,0.0,0.0,0.0,0.0,0.0
5.0,Moderate,HRD1_major,0.12,0.0,0.0,0.0,0.0,0.0,0.0,0.0
5.0,Moderate,HRD1_major,0.13,0.0,0.0,0.0,0.0,0.0,0.0,0.0
5.0,Moderate,HRD1_major,0.14,0.0,0.0,0.0,0.0,0.0,0.0,0.0
5.0,Moderate,HRD1_major,0.15,3.1e-05,2.0,0.0,0.0,0.0,0.0,0.06
5.0,Moderate,HRD1_major,0.16,0.004139,2.0,2.1e-05,1e-06,0.0,1e-06,8.03
5.0,Moderate,HRD1_major,0.17,0.008246,2.0,4.2e-05,2e-06,0.0,2e-06,16.01
5.0,Moderate,HRD1_major,0.18,0.012354,2.0,6.2e-05,2e-06,0.0,4e-06,23.98
5.0,Moderate,HRD1_major,0.19,0.016462,2.0,8.3e-05,3e-06,0.0,5e-06,31.96
5.0,Moderate,HRD1_major,0.2,0.02057,2.0,0.000104,4e-06,0.0,6e-06,39.93
5.0,Moderate,HRD1_major,0.21,0.024677,2.0,0.000125,5e-06,0.0,7e-06,47.91
5.0,Moderate,HRD1_major,0.22,0.028785,2.0,0.000145,6e-06,0.0,8e-06,55.88
5.0,Moderate,HRD1_major,0.23,0.032893,2.0,0.000166,6e-06,0.0,1e-05,63.86
5.0,Moderate,HRD1_major,0.24,0.037001,2.0,0.000187,7e-06,0.0,1.1e-05,71.83
5.0,Moderate,HRD1_major,0.25,0.041108,2.0,0.000207,8e-06,0.0,1.2e-05,79.81
5.0,Moderate,HRD1_major,0.26,0.045216,2.0,0.000228,9e-06,0.0,1.3e-05,87.78
5.0,Moderate,HRD1_major,0.27,0.049324,2.0,0.000249,9e-06,0.0,1.4e-05,95.75
5.0,Moderate,HRD1_major,0.28,0.053432,2.0,0.00027,1e-05,0.0,1.6e-05,103.73
5.0,Moderate,HRD1_major,0.29,0.05754,2.0,0.00029,1.1e-05,0.0,1.7e-05,111.7
5.0,Moderate,HRD1_major,0.3,0.061586,2.0,0.000311,1.2e-05,0.0,1.8e-05,119.56
5.0,Moderate,HRD1_major,0.31,0.061586,2.0526,0.000345,1.4e-05,0.0,2e-05,133.41
5.0,Moderate,HRD1_major,0.32,0.061586,2.2392,0.000486,2.2e-05,0.0,2.9e-05,191.03
5.0,Moderate,HRD1_major,0.33,0.061586,2.4258,0.000656,3.2e-05,0.0,3.9e-05,262.83
5.0,Moderate,HRD1_major,0.34,0.061586,2.6124,0.000858,4.7e-05,0.0,5.2e-05,349.86
5.0,Moderate,HRD1_major,0.35,0.061586,2.799,0.001091,6.6e-05,0.0,6.8e-05,452.95
5.0,Moderate,HRD1_major,0.36,0.061586,2.9856,0.001354,8.9e-05,1e-06,8.6e-05,572.75
5.0,Moderate,HRD1_major,0.37,0.061586,3.1722,0.001647,0.000117,1e-06,0.000106,709.76
5.0,Moderate,HRD1_major,0.38,0.061586,3.3588,0.001969,0.000152,1e-06,0.00013,864.28
5.0,Moderate,HRD1_major,0.39,0.061586,3.5454,0.002317,0.000192,2e-06,0.000155,1036.51
5.0,Moderate,HRD1_major,0.4,0.061586,3.732,0.00269,0.000239,2e-06,0.000184,1226.52
5.0,Moderate,HRD1_major,0.41,0.061586,3.9186,0.003087,0.000293,3e-06,0.000215,1434.26
5.0,Moderate,HRD1_major,0.42,0.061586,4.1052,0.003504,0.000355,4e-06,0.000249,1659.63
5.0,Moderate,HRD1_major,0.43,0.061586,4.2918,0.00394,0.000424,5e-06,0.000285,1902.42
5.0,Moderate,HRD1_major,0.44,0.061586,4.4784,0.004392,0.000501,6e-06,0.000324,2162.37
5.0,Moderate,HRD1_major,0.45,0.061586,4.665,0.00486,0.000586,8e-06,0.000366,2439.19
5.0,Moderate,HRD1_major,0.46,0.061586,5.3907,0.006776,0.000995,1.8e-05,0.00055,3669.16
5.0,Moderate,HRD1_major,0.47,0.061586,6.1163,0.008771,0.001531,3.4e-05,0.000769,5124.82
5.0,Moderate,HRD1_major,0.48,0.061586,6.842,0.010753,0.002189,5.9e-05,0.001017,6780.31
5.0,Moderate,HRD1_major,0.49,0.061586,7.5677,0.012655,0.002959,9.5e-05,0.001291,8610.31
5.0,Moderate,HRD1_major,0.5,0.061586,8.2933,0.01443,0.003828,0.000145,0.001588,10591.51
5.0,Moderate,HRD1_major,0.51,0.061586,9.019,0.01605,0.004781,0.000209,0.001905,12703.04
5.0,Moderate,HRD1_major,0.52,0.061586,9.7447,0.017499,0.005803,0.00029,0.002239,14926.64
5.0,Moderate,HRD1_major,0.53,0.061586,10.4703,0.018769,0.006879,0.000389,0.002586,17246.44
5.0,Moderate,HRD1_major,0.54,0.061586,11.196,0.019863,0.007993,0.000507,0.002947,19648.74
5.0,Moderate,HRD1_major,0.55,0.061586,11.9217,0.020786,0.009132,0.000646,0.003318,22121.72
5.0,Moderate,HRD1_major,0.56,0.061586,12.6473,0.021546,0.010284,0.000805,0.003698,24655.18
5.0,Moderate,HRD1_major,0.57,0.061586,13.373,0.022156,0.011438,0.000985,0.004085,27240.28
5.0,Moderate,HRD1_major,0.58,0.061586,14.0987,0.022627,0.012586,0.001187,0.00448,29869.33
5.0,Moderate,HRD1_major,0.59,0.061586,14.8243,0.022972,0.013718,0.00141,0.004879,32535.6
5.0,Moderate,HRD1_major,0.6,0.061586,15.55,0.023203,0.014828,0.001655,0.005284,35233.19
5.0,Moderate,HRD1_major,0.61,0.061586,15.55,0.023203,0.014828,0.001655,0.005284,35233.19
5.0,Moderate,HRD1_major,0.62,0.061586,15.55,0.023203,0.014828,0.001655,0.005284,35233.19
5.0,Moderate,HRD1_major,0.63,0.061586,15.55,0.023203,0.014828,0.001655,0.005284,35233.19
5.0,Moderate,HRD1_major,0.64,0.061586,15.55,0.023203,0.014828,0.001655,0.005284,35233.19
5.0,Moderate,HRD1_major,0.65,0.061586,15.55,0.023203,0.014828,0.001655,0.005284,35233.19
5.0,Moderate,HRD1_major,0.66,0.061586,15.55,0.023203,0.014828,0.001655,0.005284,35233.19
5.0,Moderate,HRD1_major,0.67,0.061586,15.55,0.023203,0.014828,0.001655,0.005284,35233.19
5.0,Moderate,HRD1_major,0.68,0.061586,15.55,0.023203,0.014828,0.001655,0.005284,35233.19
5.0,Moderate,HRD1_major,0.69,0.061586,15.55,0.023203,0.014828,0.001655,0.005284,35233.19
5.0,Moderate,HRD1_major,0.7,0.061586,15.55,0.023203,0.014828,0.001655,0.005284,35233.19
5.0,Moderate,HRD1_major,0.71,0.061586,15.55,0.023203,0.014828,0.001655,0.005284,35233.19
5.0,Moderate,HRD1_major,0.72,0.061586,15.55,0.023203,0.014828,0.001655,0.005284,35233.19
5.0,Moderate,HRD1_major,0.73,0.061586,15.55,0.023203,0.014828,0.001655,0.005284,35233.19
5.0,Moderate,HRD1_major,0.74,0.061586,15.55,0.023203,0.014828,0.001655,0.005284,35233.19
5.0,Moderate,HRD1_major,0.75,0.061586,15.55,0.023203,0.014828,0.001655,0.005284,35233.19
5.0,Moderate,HRD1_major,0.76,0.061586,15.55,0.023203,0.014828,0.001655,0.005284,35233.19
5.0,Moderate,HRD1_major,0.77,0.061586,15.55,0.023203,0.014828,0.001655,0.005284,35233.19
5.0,Moderate,HRD1_major,0.78,0.061586,15.55,0.023203,0.014828,0.001655,0.005284,35233.19
5.0,Moderate,HRD1_major,0.79,0.061586,15.55,0.023203,0.014828,0.001655,0.005284,35233.19
5.0,Moderate,HRD1_major,0.8,0.061586,15.55,0.023203,0.014828,0.001655,0.005284,35233.19
5.0,Moderate,HRD1_major,0.81,0.061586,15.55,0.023203,0.014828,0.001655,0.005284,35233.19
5.0,Moderate,HRD1_major,0.82,0.061586,15.55,0.023203,0.014828,0.001655,0.005284,35233.19
5.0,Moderate,HRD1_major,0.83,0.061586,15.55,0.023203,0.014828,0.001655,0.005284,35233.19
5.0,Moderate,HRD1_major,0.84,0.061586,15.55,0.023203,0.014828,0.001655,0.005284,35233.19
5.0,Moderate,HRD1_major,0.85,0.061586,15.55,0.023203,0.014828,0.001655,0.005284,35233.19
5.0,Moderate,HRD1_major,0.86,0.061586,15.55,0.023203,0.014828,0.001655,0.005284,35233.19
5.0,Moderate,HRD1_major,0.87,0.061586,15.55,0.023203,0.014828,0.001655,0.005284,35233.19
5.0,Moderate,HRD1_major,0.88,0.061586,15.55,0.023203,0.014828,0.001655,0.005284,35233.19
5.0,Moderate,HRD1_major,0.89,0.061586,15.55,0.023203,0.014828,0.001655,0.005284,35233.19
5.0,Moderate,HRD1_major,0.9,0.061586,15.55,0.023203,0.014828,0.001655,0.005284,35233.19
5.0,Moderate,HRD1_major,0.91,0.061586,15.55,0.023203,0.014828,0.001655,0.005284,35233.19
5.0,Moderate,HRD1_major,0.92,0.061586,15.55,0.023203,0.014828,0.001655,0.005284,35233.19
5.0,Moderate,HRD1_major,0.93,0.061586,15.55,0.023203,0.014828,0.001655,0.005284,35233.19
5.0,Moderate,HRD1_major,0.94,0.061586,15.55,0.023203,0.014828,0.001655,0.005284,35233.19
5.0,Moderate,HRD1_major,0.95,0.061586,15.55,0.023203,0.014828,0.001655,0.005284,35233.19
5.0,Moderate,HRD1_major,0.96,0.061586,15.55,0.023203,0.014828,0.001655,0.005284,35233.19
5.0,Moderate,HRD1_major,0.97,0.061586,15.55,0.023203,0.014828,0.001655,0.005284,35233.19
5.0,Moderate,HRD1_major,0.98,0.061586,15.55,0.023203,0.014828,0.001655,0.005284,35233.19
5.0,Moderate,HRD1_major,0.99,0.061586,15.55,0.023203,0.014828,0.001655,0.005284,35233.19
5.0,Moderate,HRD1_major,1.0,0.061586,15.55,0.023203,0.014828,0.001655,0.005284,35233.19
5.0,Moderate,HRD1_major,1.01,0.061586,15.55,0.023203,0.014828,0.001655,0.005284,35233.19
5.0,Moderate,HRD1_major,1.02,0.061586,15.55,0.023203,0.014828,0.001655,0.005284,35233.19
5.0,Moderate,HRD1_major,1.03,0.061586,15.55,0.023203,0.014828,0.001655,0.005284,35233.19
5.0,Moderate,HRD1_major,1.04,0.061586,15.55,0.023203,0.014828,0.001655,0.005284,35233.19
5.0,Moderate,HRD1_major,1.05,0.061586,15.55,0.023203,0.014828,0.001655,0.005284,35233.19
5.0,Moderate,HRD1_major,1.06,0.061586,15.55,0.023203,0.014828,0.001655,0.005284,35233.19
5.0,Moderate,HRD1_major,1.07,0.061586,15.55,0.023203,0.014828,0.001655,0.005284,35233.19
5.0,Moderate,HRD1_major,1.08,0.061586,15.55,0.023203,0.014828,0.001655,0.005284,35233.19
5.0,Moderate,HRD1_major,1.09,0.061586,15.55,0.023203,0.014828,0.001655,0.005284,35233.19
5.0,Moderate,HRD1_major,1.1,0.061586,15.55,0.023203,0.014828,0.001655,0.005284,35233.19
5.0,Moderate,HRD1_major,1.11,0.061586,15.55,0.023203,0.014828,0.001655,0.005284,35233.19
5.0,Moderate,HRD1_major,1.12,0.061586,15.55,0.023203,0.014828,0.001655,0.005284,35233.19
5.0,Moderate,HRD1_major,1.13,0.061586,15.55,0.023203,0.014828,0.001655,0.005284,35233.19
5.0,Moderate,HRD1_major,1.14,0.061586,15.55,0.023203,0.014828,0.001655,0.005284,35233.19
5.0,Moderate,HRD1_major,1.15,0.061586,15.55,0.023203,0.014828,0.001655,0.005284,35233.19
5.0,Moderate,HRD1_major,1.16,0.061586,15.55,0.023203,0.014828,0.001655,0.005284,35233.19
5.0,Moderate,HRD1_major,1.17,0.061586,15.55,0.023203,0.014828,0.001655,0.005284,35233.19
5.0,Moderate,HRD1_major,1.18,0.061586,15.55,0.023203,0.014828,0.001655,0.005284,35233.19
5.0,Moderate,HRD1_major,1.19,0.061586,15.55,0.023203,0.014828,0.001655,0.005284,35233.19
5.0,Moderate,HRD1_major,1.2,0.061586,15.55,0.023203,0.014828,0.001655,0.005284,35233.19
5.0,Moderate,HRD1_major,1.21,0.061586,15.55,0.023203,0.014828,0.001655,0.005284,35233.19
5.0,Moderate,HRD1_major,1.22,0.061586,15.55,0.023203,0.014828,0.001655,0.005284,35233.19
5.0,Moderate,HRD1_major,1.23,0.061586,15.55,0.023203,0.014828,0.001655,0.005284,35233.19
5.0,Moderate,HRD1_major,1.24,0.061586,15.55,0.023203,0.014828,0.001655,0.005284,35233.19
5.0,Moderate,HRD1_major,1.25,0.061586,15.55,0.023203,0.014828,0.001655,0.005284,35233.19
5.0,Moderate,HRD1_major,1.26,0.061586,15.55,0.023203,0.014828,0.001655,0.005284,35233.19
5.0,Moderate,HRD1_major,1.27,0.061586,15.55,0.023203,0.014828,0.001655,0.005284,35233.19
5.0,Moderate,HRD1_major,1.28,0.061586,15.55,0.023203,0.014828,0.001655,0.005284,35233.19
5.0,Moderate,HRD1_major,1.29,0.061586,15.55,0.023203,0.014828,0.001655,0.005284,35233.19
5.0,Moderate,HRD1_major,1.3,0.061586,15.55,0.023203,0.014828,0.001655,0.005284,35233.19
5.0,Moderate,HRD1_major,1.31,0.061586,15.55,0.023203,0.014828,0.001655,0.005284,35233.19
5.0,Moderate,HRD1_major,1.32,0.061586,15.55,0.023203,0.014828,0.001655,0.005284,35233.19
5.0,Moderate,HRD1_major,1.33,0.061586,15.55,0.023203,0.014828,0.001655,0.005284,35233.19
5.0,Moderate,HRD1_major,1.34,0.061586,15.55,0.023203,0.014828,0.001655,0.005284,35233.19
5.0,Moderate,HRD1_major,1.35,0.061586,15.55,0.023203,0.014828,0.001655,0.005284,35233.19
5.0,Moderate,HRD1_major,1.36,0.061586,15.55,0.023203,0.014828,0.001655,0.005284,35233.19
5.0,Moderate,HRD1_major,1.37,0.061586,15.55,0.023203,0.014828,0.001655,0.005284,35233.19
5.0,Moderate,HRD1_major,1.38,0.061586,15.55,0.023203,0.014828,0.001655,0.005284,35233.19
5.0,Moderate,HRD1_major,1.39,0.061586,15.55,0.023203,0.014828,0.001655,0.005284,35233.19
5.0,Moderate,HRD1_major,1.4,0.061586,15.55,0.023203,0.014828,0.001655,0.005284,35233.19
5.0,Moderate,HRD1_major,1.41,0.061586,15.55,0.023203,0.014828,0.001655,0.005284,35233.19
5.0,Moderate,HRD1_major,1.42,0.061586,15.55,0.023203,0.014828,0.001655,0.005284,35233.19
5.0,Moderate,HRD1_major,1.43,0.061586,15.55,0.023203,0.014828,0.001655,0.005284,35233.19
5.0,Moderate,HRD1_major,1.44,0.061586,15.55,0.023203,0.014828,0.001655,0.005284,35233.19
5.0,Moderate,HRD1_major,1.45,0.061586,15.55,0.023203,0.014828,0.001655,0.005284,35233.19
5.0,Moderate,HRD1_major,1.46,0.061586,15.55,0.023203,0.014828,0.001655,0.005284,35233.19
5.0,Moderate,HRD1_major,1.47,0.061586,15.55,0.023203,0.014828,0.001655,0.005284,35233.19
5.0,Moderate,HRD1_major,1.48,0.061586,15.55,0.023203,0.014828,0.001655,0.005284,35233.19
5.0,Moderate,HRD1_major,1.49,0.061586,15.55,0.023203,0.014828,0.001655,0.005284,35233.19
5.0,Moderate,HRD1_major,1.5,0.061586,15.55,0.023203,0.014828,0.001655,0.005284,35233.19
5.0,Moderate,HRD2_urban,0.0,0.0,0.0,0.0,0.0,0.0,0.0,0.0
5.0,Moderate,HRD2_urban,0.01,0.0,0.0,0.0,0.0,0.0,0.0,0.0
5.0,Moderate,HRD2_urban,0.02,0.0,0.0,0.0,0.0,0.0,0.0,0.0
5.0,Moderate,HRD2_urban,0.03,0.0,0.0,0.0,0.0,0.0,0.0,0.0
5.0,Moderate,HRD2_urban,0.04,0.0,0.0,0.0,0.0,0.0,0.0,0.0
5.0,Moderate,HRD2_urban,0.05,0.0,0.0,0.0,0.0,0.0,0.0,0.0
5.0,Moderate,HRD2_urban,0.06,0.0,0.0,0.0,0.0,0.0,0.0,0.0
5.0,Moderate,HRD2_urban,0.07,0.0,0.0,0.0,0.0,0.0,0.0,0.0
5.0,Moderate,HRD2_urban,0.08,0.0,0.0,0.0,0.0,0.0,0.0,0.0
5.0,Moderate,HRD2_urban,0.09,0.0,0.0,0.0,0.0,0.0,0.0,0.0
5.0,Moderate,HRD2_urban,0.1,0.0,0.0,0.0,0.0,0.0,0.0,0.0
5.0,Moderate,HRD2_urban,0.11,0.0,0.0,0.0,0.0,0.0,0.0,0.0
5.0,Moderate,HRD2_urban,0.12,0.0,0.0,0.0,0.0,0.0,0.0,0.0
5.0,Moderate,HRD2_urban,0.13,0.0,0.0,0.0,0.0,0.0,0.0,0.0
5.0,Moderate,HRD2_urban,0.14,0.0,0.0,0.0,0.0,0.0,0.0,0.0
5.0,Moderate,HRD2_urban,0.15,3.1e-05,2.0,2e-06,0.0,0.0,0.0,0.39
5.0,Moderate,HRD2_urban,0.16,0.004139,2.0,0.000219,2.1e-05,1e-06,1.6e-05,52.37
5.0,Moderate,HRD2_urban,0.17,0.008246,2.0,0.000437,4.2e-05,2e-06,3.1e-05,104.36
5.0,Moderate,HRD2_urban,0.18,0.012354,2.0,0.000655,6.2e-05,2e-06,4.7e-05,156.34
5.0,Moderate,HRD2_urban,0.19,0.016462,2.0,0.000873,8.3e-05,3e-06,6.2e-05,208.33
5.0,Moderate,HRD2_urban,0.2,0.02057,2.0,0.001091,0.000104,4e-06,7.8e-05,260.31
5.0,Moderate,HRD2_urban,0.21,0.024677,2.0,0.001309,0.000125,5e-06,9.4e-05,312.3
5.0,Moderate,HRD2_urban,0.22,0.028785,2.0,0.001527,0.000145,6e-06,0.000109,364.28
5.0,Moderate,HRD2_urban,0.23,0.032893,2.0,0.001744,0.000166,6e-06,0.000125,416.26
5.0,Moderate,HRD2_urban,0.24,0.037001,2.0,0.001962,0.000187,7e-06,0.00014,468.25
5.0,Moderate,HRD2_urban,0.25,0.041108,2.0,0.00218,0.000207,8e-06,0.000156,520.23
5.0,Moderate,HRD2_urban,0.26,0.045216,2.0,0.002398,0.000228,9e-06,0.000172,572.22
5.0,Moderate,HRD2_urban,0.27,0.049324,2.0,0.002616,0.000249,1e-05,0.000187,624.2
5.0,Moderate,HRD2_urban,0.28,0.053432,2.0,0.002834,0.00027,1e-05,0.000203,676.19
5.0,Moderate,HRD2_urban,0.29,0.05754,2.0,0.003052,0.00029,1.1e-05,0.000218,728.17
5.0,Moderate,HRD2_urban,0.3,0.061586,2.0,0.003266,0.000311,1.2e-05,0.000234,779.37
5.0,Moderate,HRD2_urban,0.31,0.061586,2.0526,0.003504,0.000345,1.4e-05,0.000254,846.04
5.0,Moderate,HRD2_urban,0.32,0.061586,2.2392,0.004392,0.000486,2.2e-05,0.000332,1106.51
5.0,Moderate,HRD2_urban,0.33,0.061586,2.4258,0.005339,0.000656,3.3e-05,0.000421,1403.88
5.0,Moderate,HRD2_urban,0.34,0.061586,2.6124,0.006328,0.000858,4.7e-05,0.000521,1737.25
5.0,Moderate,HRD2_urban,0.35,0.061586,2.799,0.007343,0.001091,6.6e-05,0.000632,2105.49
5.0,Moderate,HRD2_urban,0.36,0.061586,2.9856,0.008371,0.001354,8.9e-05,0.000752,2507.32
5.0,Moderate,HRD2_urban,0.37,0.061586,3.1722,0.009399,0.001647,0.000118,0.000882,2941.38
5.0,Moderate,HRD2_urban,0.38,0.061586,3.3588,0.010417,0.001969,0.000153,0.001022,3406.28
5.0,Moderate,HRD2_urban,0.39,0.061586,3.5454,0.011417,0.002317,0.000194,0.00117,3900.62
5.0,Moderate,HRD2_urban,0.4,0.061586,3.732,0.01239,0.00269,0.000242,0.001327,4423.01
5.0,Moderate,HRD2_urban,0.41,0.061586,3.9186,0.013331,0.003087,0.000296,0.001491,4972.07
5.0,Moderate,HRD2_urban,0.42,0.061586,4.1052,0.014235,0.003504,0.000359,0.001664,5546.48
5.0,Moderate,HRD2_urban,0.43,0.061586,4.2918,0.015098,0.00394,0.000429,0.001843,6144.93
5.0,Moderate,HRD2_urban,0.44,0.061586,4.4784,0.015918,0.004392,0.000507,0.002029,6766.18
5.0,Moderate,HRD2_urban,0.45,0.061586,4.665,0.016693,0.00486,0.000594,0.002222,7409.0
5.0,Moderate,HRD2_urban,0.46,0.061586,5.3907,0.019259,0.006776,0.001013,0.003027,10092.81
5.0,Moderate,HRD2_urban,0.47,0.061586,6.1163,0.021131,0.008771,0.001565,0.003906,13023.25
5.0,Moderate,HRD2_urban,0.48,0.061586,6.842,0.022374,0.010753,0.002248,0.004843,16146.04
5.0,Moderate,HRD2_urban,0.49,0.061586,7.5677,0.023084,0.012655,0.003054,0.005823,19414.31
5.0,Moderate,HRD2_urban,0.5,0.061586,8.2933,0.023359,0.01443,0.003973,0.006835,22787.62
5.0,Moderate,HRD2_urban,0.51,0.061586,9.019,0.023289,0.01605,0.00499,0.007868,26231.13
5.0,Moderate,HRD2_urban,0.52,0.061586,9.7447,0.022953,0.017499,0.006093,0.008913,29714.97
5.0,Moderate,HRD2_urban,0.53,0.061586,10.4703,0.02242,0.018769,0.007268,0.009962,33213.68
5.0,Moderate,HRD2_urban,0.54,0.061586,11.196,0.021742,0.019863,0.0085,0.01101,36705.71
5.0,Moderate,HRD2_urban,0.55,0.061586,11.9217,0.020964,0.020786,0.009777,0.012049,40172.96
5.0,Moderate,HRD2_urban,0.56,0.061586,12.6473,0.020121,0.021546,0.011089,0.013078,43600.39
5.0,Moderate,HRD2_urban,0.57,0.061586,13.373,0.019239,0.022156,0.012424,0.01409,46975.61
5.0,Moderate,HRD2_urban,0.58,0.061586,14.0987,0.01834,0.022627,0.013773,0.015084,50288.58
5.0,Moderate,HRD2_urban,0.59,0.061586,14.8243,0.017441,0.022972,0.015128,0.016056,53531.27
5.0,Moderate,HRD2_urban,0.6,0.061586,15.55,0.016552,0.023203,0.016482,0.017006,56697.4
5.0,Moderate,HRD2_urban,0.61,0.061586,15.55,0.016552,0.023203,0.016482,0.017006,56697.4
5.0,Moderate,HRD2_urban,0.62,0.061586,15.55,0.016552,0.023203,0.016482,0.017006,56697.4
5.0,Moderate,HRD2_urban,0.63,0.061586,15.55,0.016552,0.023203,0.016482,0.017006,56697.4
5.0,Moderate,HRD2_urban,0.64,0.061586,15.55,0.016552,0.023203,0.016482,0.017006,56697.4
5.0,Moderate,HRD2_urban,0.65,0.061586,15.55,0.016552,0.023203,0.016482,0.017006,56697.4
5.0,Moderate,HRD2_urban,0.66,0.061586,15.55,0.016552,0.023203,0.016482,0.017006,56697.4
5.0,Moderate,HRD2_urban,0.67,0.061586,15.55,0.016552,0.023203,0.016482,0.017006,56697.4
5.0,Moderate,HRD2_urban,0.68,0.061586,15.55,0.016552,0.023203,0.016482,0.017006,56697.4
5.0,Moderate,HRD2_urban,0.69,0.061586,15.55,0.016552,0.023203,0.016482,0.017006,56697.4
5.0,Moderate,HRD2_urban,0.7,0.061586,15.55,0.016552,0.023203,0.016482,0.017006,56697.4
5.0,Moderate,HRD2_urban,0.71,0.061586,15.55,0.016552,0.023203,0.016482,0.017006,56697.4
5.0,Moderate,HRD2_urban,0.72,0.061586,15.55,0.016552,0.023203,0.016482,0.017006,56697.4
5.0,Moderate,HRD2_urban,0.73,0.061586,15.55,0.016552,0.023203,0.016482,0.017006,56697.4
5.0,Moderate,HRD2_urban,0.74,0.061586,15.55,0.016552,0.023203,0.016482,0.017006,56697.4
5.0,Moderate,HRD2_urban,0.75,0.061586,15.55,0.016552,0.023203,0.016482,0.017006,56697.4
5.0,Moderate,HRD2_urban,0.76,0.061586,15.55,0.016552,0.023203,0.016482,0.017006,56697.4
5.0,Moderate,HRD2_urban,0.77,0.061586,15.55,0.016552,0.023203,0.016482,0.017006,56697.4
5.0,Moderate,HRD2_urban,0.78,0.061586,15.55,0.016552,0.023203,0.016482,0.017006,56697.4
5.0,Moderate,HRD2_urban,0.79,0.061586,15.55,0.016552,0.023203,0.016482,0.017006,56697.4
5.0,Moderate,HRD2_urban,0.8,0.061586,15.55,0.016552,0.023203,0.016482,0.017006,56697.4
5.0,Moderate,HRD2_urban,0.81,0.061586,15.55,0.016552,0.023203,0.016482,0.017006,56697.4
5.0,Moderate,HRD2_urban,0.82,0.061586,15.55,0.016552,0.023203,0.016482,0.017006,56697.4
5.0,Moderate,HRD2_urban,0.83,0.061586,15.55,0.016552,0.023203,0.016482,0.017006,56697.4
5.0,Moderate,HRD2_urban,0.84,0.061586,15.55,0.016552,0.023203,0.016482,0.017006,56697.4
5.0,Moderate,HRD2_urban,0.85,0.061586,15.55,0.016552,0.023203,0.016482,0.017006,56697.4
5.0,Moderate,HRD2_urban,0.86,0.061586,15.55,0.016552,0.023203,0.016482,0.017006,56697.4
5.0,Moderate,HRD2_urban,0.87,0.061586,15.55,0.016552,0.023203,0.016482,0.017006,56697.4
5.0,Moderate,HRD2_urban,0.88,0.061586,15.55,0.016552,0.023203,0.016482,0.017006,56697.4
5.0,Moderate,HRD2_urban,0.89,0.061586,15.55,0.016552,0.023203,0.016482,0.017006,56697.4
5.0,Moderate,HRD2_urban,0.9,0.061586,15.55,0.016552,0.023203,0.016482,0.017006,56697.4
5.0,Moderate,HRD2_urban,0.91,0.061586,15.55,0.016552,0.023203,0.016482,0.017006,56697.4
5.0,Moderate,HRD2_urban,0.92,0.061586,15.55,0.016552,0.023203,0.016482,0.017006,56697.4
5.0,Moderate,HRD2_urban,0.93,0.061586,15.55,0.016552,0.023203,0.016482,0.017006,56697.4
5.0,Moderate,HRD2_urban,0.94,0.061586,15.55,0.016552,0.023203,0.016482,0.017006,56697.4
5.0,Moderate,HRD2_urban,0.95,0.061586,15.55,0.016552,0.023203,0.016482,0.017006,56697.4
5.0,Moderate,HRD2_urban,0.96,0.061586,15.55,0.016552,0.023203,0.016482,0.017006,56697.4
5.0,Moderate,HRD2_urban,0.97,0.061586,15.55,0.016552,0.023203,0.016482,0.017006,56697.4
5.0,Moderate,HRD2_urban,0.98,0.061586,15.55,0.016552,0.023203,0.016482,0.017006,56697.4
5.0,Moderate,HRD2_urban,0.99,0.061586,15.55,0.016552,0.023203,0.016482,0.017006,56697.4
5.0,Moderate,HRD2_urban,1.0,0.061586,15.55,0.016552,0.023203,0.016482,0.017006,56697.4
5.0,Moderate,HRD2_urban,1.01,0.061586,15.55,0.016552,0.023203,0.016482,0.017006,56697.4
5.0,Moderate,HRD2_urban,1.02,0.061586,15.55,0.016552,0.023203,0.016482,0.017006,56697.4
5.0,Moderate,HRD2_urban,1.03,0.061586,15.55,0.016552,0.023203,0.016482,0.017006,56697.4
5.0,Moderate,HRD2_urban,1.04,0.061586,15.55,0.016552,0.023203,0.016482,0.017006,56697.4
5.0,Moderate,HRD2_urban,1.05,0.061586,15.55,0.016552,0.023203,0.016482,0.017006,56697.4
5.0,Moderate,HRD2_urban,1.06,0.061586,15.55,0.016552,0.023203,0.016482,0.017006,56697.4
5.0,Moderate,HRD2_urban,1.07,0.061586,15.55,0.016552,0.023203,0.016482,0.017006,56697.4
5.0,Moderate,HRD2_urban,1.08,0.061586,15.55,0.016552,0.023203,0.016482,0.017006,56697.4
5.0,Moderate,HRD2_urban,1.09,0.061586,15.55,0.016552,0.023203,0.016482,0.017006,56697.4
5.0,Moderate,HRD2_urban,1.1,0.061586,15.55,0.016552,0.023203,0.016482,0.017006,56697.4
5.0,Moderate,HRD2_urban,1.11,0.061586,15.55,0.016552,0.023203,0.016482,0.017006,56697.4
5.0,Moderate,HRD2_urban,1.12,0.061586,15.55,0.016552,0.023203,0.016482,0.017006,56697.4
5.0,Moderate,HRD2_urban,1.13,0.061586,15.55,0.016552,0.023203,0.016482,0.017006,56697.4
5.0,Moderate,HRD2_urban,1.14,0.061586,15.55,0.016552,0.023203,0.016482,0.017006,56697.4
5.0,Moderate,HRD2_urban,1.15,0.061586,15.55,0.016552,0.023203,0.016482,0.017006,56697.4
5.0,Moderate,HRD2_urban,1.16,0.061586,15.55,0.016552,0.023203,0.016482,0.017006,56697.4
5.0,Moderate,HRD2_urban,1.17,0.061586,15.55,0.016552,0.023203,0.016482,0.017006,56697.4
5.0,Moderate,HRD2_urban,1.18,0.061586,15.55,0.016552,0.023203,0.016482,0.017006,56697.4
5.0,Moderate,HRD2_urban,1.19,0.061586,15.55,0.016552,0.023203,0.016482,0.017006,56697.4
5.0,Moderate,HRD2_urban,1.2,0.061586,15.55,0.016552,0.023203,0.016482,0.017006,56697.4
5.0,Moderate,HRD2_urban,1.21,0.061586,15.55,0.016552,0.023203,0.016482,0.017006,56697.4
5.0,Moderate,HRD2_urban,1.22,0.061586,15.55,0.016552,0.023203,0.016482,0.017006,56697.4
5.0,Moderate,HRD2_urban,1.23,0.061586,15.55,0.016552,0.023203,0.016482,0.017006,56697.4
5.0,Moderate,HRD2_urban,1.24,0.061586,15.55,0.016552,0.023203,0.016482,0.017006,56697.4
5.0,Moderate,HRD2_urban,1.25,0.061586,15.55,0.016552,0.023203,0.016482,0.017006,56697.4
5.0,Moderate,HRD2_urban,1.26,0.061586,15.55,0.016552,0.023203,0.016482,0.017006,56697.4
5.0,Moderate,HRD2_urban,1.27,0.061586,15.55,0.016552,0.023203,0.016482,0.017006,56697.4
5.0,Moderate,HRD2_urban,1.28,0.061586,15.55,0.016552,0.023203,0.016482,0.017006,56697.4
5.0,Moderate,HRD2_urban,1.29,0.061586,15.55,0.016552,0.023203,0.016482,0.017006,56697.4
5.0,Moderate,HRD2_urban,1.3,0.061586,15.55,0.016552,0.023203,0.016482,0.017006,56697.4
5.0,Moderate,HRD2_urban,1.31,0.061586,15.55,0.016552,0.023203,0.016482,0.017006,56697.4
5.0,Moderate,HRD2_urban,1.32,0.061586,15.55,0.016552,0.023203,0.016482,0.017006,56697.4
5.0,Moderate,HRD2_urban,1.33,0.061586,15.55,0.016552,0.023203,0.016482,0.017006,56697.4
5.0,Moderate,HRD2_urban,1.34,0.061586,15.55,0.016552,0.023203,0.016482,0.017006,56697.4
5.0,Moderate,HRD2_urban,1.35,0.061586,15.55,0.016552,0.023203,0.016482,0.017006,56697.4
5.0,Moderate,HRD2_urban,1.36,0.061586,15.55,0.016552,0.023203,0.016482,0.017006,56697.4
5.0,Moderate,HRD2_urban,1.37,0.061586,15.55,0.016552,0.023203,0.016482,0.017006,56697.4
5.0,Moderate,HRD2_urban,1.38,0.061586,15.55,0.016552,0.023203,0.016482,0.017006,56697.4
5.0,Moderate,HRD2_urban,1.39,0.061586,15.55,0.016552,0.023203,0.016482,0.017006,56697.4
5.0,Moderate,HRD2_urban,1.4,0.061586,15.55,0.016552,0.023203,0.016482,0.017006,56697.4
5.0,Moderate,HRD2_urban,1.41,0.061586,15.55,0.016552,0.023203,0.016482,0.017006,56697.4
5.0,Moderate,HRD2_urban,1.42,0.061586,15.55,0.016552,0.023203,0.016482,0.017006,56697.4
5.0,Moderate,HRD2_urban,1.43,0.061586,15.55,0.016552,0.023203,0.016482,0.017006,56697.4
5.0,Moderate,HRD2_urban,1.44,0.061586,15.55,0.016552,0.023203,0.016482,0.017006,56697.4
5.0,Moderate,HRD2_urban,1.45,0.061586,15.55,0.016552,0.023203,0.016482,0.017006,56697.4
5.0,Moderate,HRD2_urban,1.46,0.061586,15.55,0.016552,0.023203,0.016482,0.017006,56697.4
5.0,Moderate,HRD2_urban,1.47,0.061586,15.55,0.016552,0.023203,0.016482,0.017006,56697.4
5.0,Moderate,HRD2_urban,1.48,0.061586,15.55,0.016552,0.023203,0.016482,0.017006,56697.4
5.0,Moderate,HRD2_urban,1.49,0.061586,15.55,0.016552,0.023203,0.016482,0.017006,56697.4
5.0,Moderate,HRD2_urban,1.5,0.061586,15.55,0.016552,0.023203,0.016482,0.017006,56697.4
5.0,Low,HRD1_major,0.0,0.0,0.0,0.0,0.0,0.0,0.0,0.0
5.0,Low,HRD1_major,0.01,0.0,0.0,0.0,0.0,0.0,0.0,0.0
5.0,Low,HRD1_major,0.02,0.0,0.0,0.0,0.0,0.0,0.0,0.0
5.0,Low,HRD1_major,0.03,0.0,0.0,0.0,0.0,0.0,0.0,0.0
5.0,Low,HRD1_major,0.04,0.0,0.0,0.0,0.0,0.0,0.0,0.0
5.0,Low,HRD1_major,0.05,0.0,0.0,0.0,0.0,0.0,0.0,0.0
5.0,Low,HRD1_major,0.06,0.0,0.0,0.0,0.0,0.0,0.0,0.0
5.0,Low,HRD1_major,0.07,0.0,0.0,0.0,0.0,0.0,0.0,0.0
5.0,Low,HRD1_major,0.08,0.0,0.0,0.0,0.0,0.0,0.0,0.0
5.0,Low,HRD1_major,0.09,0.0,0.0,0.0,0.0,0.0,0.0,0.0
5.0,Low,HRD1_major,0.1,0.0,0.0,0.0,0.0,0.0,0.0,0.0
5.0,Low,HRD1_major,0.11,0.0,0.0,0.0,0.0,0.0,0.0,0.0
5.0,Low,HRD1_major,0.12,0.0,0.0,0.0,0.0,0.0,0.0,0.0
5.0,Low,HRD1_major,0.13,0.0,0.0,0.0,0.0,0.0,0.0,0.0
5.0,Low,HRD1_major,0.14,0.0,0.0,0.0,0.0,0.0,0.0,0.0
5.0,Low,HRD1_major,0.15,0.0,0.0,0.0,0.0,0.0,0.0,0.0
5.0,Low,HRD1_major,0.16,0.0,0.0,0.0,0.0,0.0,0.0,0.0
5.0,Low,HRD1_major,0.17,0.0,0.0,0.0,0.0,0.0,0.0,0.0
5.0,Low,HRD1_major,0.18,0.0,0.0,0.0,0.0,0.0,0.0,0.0
5.0,Low,HRD1_major,0.19,0.0,0.0,0.0,0.0,0.0,0.0,0.0
5.0,Low,HRD1_major,0.2,0.0,0.0,0.0,0.0,0.0,0.0,0.0
5.0,Low,HRD1_major,0.21,0.0,1.0,0.0,0.0,0.0,0.0,0.0
5.0,Low,HRD1_major,0.22,0.001398,1.0,0.0,0.0,0.0,0.0,0.09
5.0,Low,HRD1_major,0.23,0.003113,1.0,1e-06,0.0,0.0,0.0,0.21
5.0,Low,HRD1_major,0.24,0.004828,1.0,1e-06,0.0,0.0,0.0,0.32
5.0,Low,HRD1_major,0.25,0.006543,1.0,1e-06,0.0,0.0,0.0,0.44
5.0,Low,HRD1_major,0.26,0.008259,1.0,2e-06,0.0,0.0,0.0,0.55
5.0,Low,HRD1_major,0.27,0.009974,1.0,2e-06,0.0,0.0,0.0,0.67
5.0,Low,HRD1_major,0.28,0.011689,1.0,2e-06,0.0,0.0,0.0,0.78
5.0,Low,HRD1_major,0.29,0.013404,1.0,3e-06,0.0,0.0,0.0,0.9
5.0,Low,HRD1_major,0.3,0.015119,1.0,3e-06,0.0,0.0,0.0,1.01
5.0,Low,HRD1_major,0.31,0.016834,1.0,3e-06,0.0,0.0,0.0,1.13
5.0,Low,HRD1_major,0.32,0.01855,1.0,4e-06,0.0,0.0,0.0,1.24
5.0,Low,HRD1_major,0.33,0.020265,1.0663,5e-06,0.0,0.0,0.0,1.93
5.0,Low,HRD1_major,0.34,0.02198,1.1551,9e-06,0.0,0.0,0.0,3.19
5.0,Low,HRD1_major,0.35,0.023695,1.244,1.4e-05,0.0,0.0,1e-06,5.04
5.0,Low,HRD1_major,0.36,0.02541,1.3329,2.1e-05,0.0,0.0,1e-06,7.64
5.0,Low,HRD1_major,0.37,0.027125,1.4217,3.1e-05,1e-06,0.0,2e-06,11.18
5.0,Low,HRD1_major,0.38,0.028841,1.5106,4.3e-05,1e-06,0.0,2e-06,15.89
5.0,Low,HRD1_major,0.39,0.030556,1.5994,5.9e-05,2e-06,0.0,3e-06,22.0
5.0,Low,HRD1_major,0.4,0.030793,1.6883,7.6e-05,2e-06,0.0,4e-06,28.41
5.0,Low,HRD1_major,0.41,0.030793,1.7771,9.5e-05,3e-06,0.0,5e-06,35.78
5.0,Low,HRD1_major,0.42,0.030793,1.866,0.000117,4e-06,0.0,7e-06,44.35
5.0,Low,HRD1_major,0.43,0.030793,1.9993,0.000155,6e-06,0.0,9e-06,59.69
5.0,Low,HRD1_major,0.44,0.030793,2.1326,0.000201,8e-06,0.0,1.2e-05,78.22
5.0,Low,HRD1_major,0.45,0.030793,2.2659,0.000254,1.1e-05,0.0,1.5e-05,100.2
5.0,Low,HRD1_major,0.46,0.030793,2.3991,0.000315,1.5e-05,0.0,1.9e-05,125.83
5.0,Low,HRD1_major,0.47,0.030793,2.5324,0.000384,2e-05,0.0,2.3e-05,155.32
5.0,Low,HRD1_major,0.48,0.030793,2.6657,0.000461,2.6e-05,0.0,2.8e-05,188.82
5.0,Low,HRD1_major,0.49,0.030793,2.799,0.000545,3.3e-05,0.0,3.4e-05,226.47
5.0,Low,HRD1_major,0.5,0.030793,2.9323,0.000638,4.1e-05,0.0,4e-05,268.39
5.0,Low,HRD1_major,0.51,0.030793,3.0656,0.000738,5e-05,0.0,4.7e-05,314.67
5.0,Low,HRD1_major,0.52,0.030793,3.1989,0.000846,6.1e-05,0.0,5.5e-05,365.38
5.0,Low,HRD1_major,0.53,0.030793,3.3321,0.000961,7.3e-05,1e-06,6.3e-05,420.56
5.0,Low,HRD1_major,0.54,0.030793,3.4654,0.001082,8.7e-05,1e-06,7.2e-05,480.26
5.0,Low,HRD1_major,0.55,0.030793,3.5987,0.001211,0.000102,1e-06,8.2e-05,544.49
5.0,Low,HRD1_major,0.56,0.030793,3.732,0.001345,0.00012,1e-06,9.2e-05,613.26
5.0,Low,HRD1_major,0.57,0.030793,3.8653,0.001486,0.000139,1e-06,0.000103,686.55
5.0,Low,HRD1_major,0.58,0.030793,3.9986,0.001631,0.000159,2e-06,0.000115,764.35
5.0,Low,HRD1_major,0.59,0.030793,4.1319,0.001782,0.000182,2e-06,0.000127,846.63
5.0,Low,HRD1_major,0.6,0.030793,4.2651,0.001938,0.000207,2e-06,0.00014,933.34
5.0,Low,HRD1_major,0.61,0.030793,4.3984,0.002098,0.000233,3e-06,0.000154,1024.44
5.0,Low,HRD1_major,0.62,0.030793,4.5317,0.002262,0.000262,3e-06,0.000168,1119.88
5.0,Low,HRD1_major,0.63,0.030793,4.665,0.00243,0.000293,4e-06,0.000183,1219.6
5.0,Low,HRD1_major,0.64,0.030793,5.1833,0.003108,0.000433,7e-06,0.000247,1646.8
5.0,Low,HRD1_major,0.65,0.030793,5.7017,0.003814,0.000605,1.2e-05,0.00032,2133.44
5.0,Low,HRD1_major,0.66,0.030793,6.22,0.004528,0.000809,1.9e-05,0.000401,2674.85
5.0,Low,HRD1_major,0.67,0.030793,6.7383,0.005237,0.001044,2.8e-05,0.00049,3266.28
5.0,Low,HRD1_major,0.68,0.030793,7.2567,0.005926,0.001308,3.9e-05,0.000585,3903.1
5.0,Low,HRD1_major,0.69,0.030793,7.775,0.006588,0.001599,5.4e-05,0.000687,4580.95
5.0,Low,HRD1_major,0.7,0.030793,8.2933,0.007215,0.001914,7.2e-05,0.000794,5295.75
5.0,Low,HRD1_major,0.71,0.030793,8.8117,0.007802,0.002251,9.4e-05,0.000906,6043.78
5.0,Low,HRD1_major,0.72,0.030793,9.33,0.008346,0.002606,0.000121,0.001023,6821.63
5.0,Low,HRD1_major,0.73,0.030793,9.8483,0.008846,0.002977,0.000151,0.001144,7626.25
5.0,Low,HRD1_major,0.74,0.030793,10.3667,0.009299,0.003361,0.000187,0.001268,8454.85
5.0,Low,HRD1_major,0.75,0.030793,10.885,0.009708,0.003756,0.000227,0.001395,9304.94
5.0,Low,HRD1_major,0.76,0.030793,11.4033,0.010072,0.004158,0.000272,0.001526,10174.28
5.0,Low,HRD1_major,0.77,0.030793,11.9217,0.010393,0.004566,0.000323,0.001659,11060.86
5.0,Low,HRD1_major,0.78,0.030793,12.44,0.010672,0.004977,0.000379,0.001794,11962.85
5.0,Low,HRD1_major,0.79,0.030793,12.9583,0.010913,0.00539,0.00044,0.001931,12878.62
5.0,Low,HRD1_major,0.8,0.030793,13.4767,0.011116,0.005802,0.000506,0.002071,13806.67
5.0,Low,HRD1_major,0.81,0.030793,13.995,0.011284,0.006211,0.000578,0.002211,14745.66
5.0,Low,HRD1_major,0.82,0.030793,14.5133,0.01142,0.006618,0.000656,0.002354,15694.38
5.0,Low,HRD1_major,0.83,0.030793,15.0317,0.011525,0.007019,0.000739,0.002497,16651.69
5.0,Low,HRD1_major,0.84,0.030793,15.55,0.011601,0.007414,0.000827,0.002642,17616.59
5.0,Low,HRD1_major,0.85,0.030793,15.55,0.011601,0.007414,0.000827,0.002642,17616.59
5.0,Low,HRD1_major,0.86,0.030793,15.55,0.011601,0.007414,0.000827,0.002642,17616.59
5.0,Low,HRD1_major,0.87,0.030793,15.55,0.011601,0.007414,0.000827,0.002642,17616.59
5.0,Low,HRD1_major,0.88,0.030793,15.55,0.011601,0.007414,0.000827,0.002642,17616.59
5.0,Low,HRD1_major,0.89,0.030793,15.55,0.011601,0.007414,0.000827,0.002642,17616.59
5.0,Low,HRD1_major,0.9,0.030793,15.55,0.011601,0.007414,0.000827,0.002642,17616.59
5.0,Low,HRD1_major,0.91,0.030793,15.55,0.011601,0.007414,0.000827,0.002642,17616.59
5.0,Low,HRD1_major,0.92,0.030793,15.55,0.011601,0.007414,0.000827,0.002642,17616.59
5.0,Low,HRD1_major,0.93,0.030793,15.55,0.011601,0.007414,0.000827,0.002642,17616.59
5.0,Low,HRD1_major,0.94,0.030793,15.55,0.011601,0.007414,0.000827,0.002642,17616.59
5.0,Low,HRD1_major,0.95,0.030793,15.55,0.011601,0.007414,0.000827,0.002642,17616.59
5.0,Low,HRD1_major,0.96,0.030793,15.55,0.011601,0.007414,0.000827,0.002642,17616.59
5.0,Low,HRD1_major,0.97,0.030793,15.55,0.011601,0.007414,0.000827,0.002642,17616.59
5.0,Low,HRD1_major,0.98,0.030793,15.55,0.011601,0.007414,0.000827,0.002642,17616.59
5.0,Low,HRD1_major,0.99,0.030793,15.55,0.011601,0.007414,0.000827,0.002642,17616.59
5.0,Low,HRD1_major,1.0,0.030793,15.55,0.011601,0.007414,0.000827,0.002642,17616.59
5.0,Low,HRD1_major,1.01,0.030793,15.55,0.011601,0.007414,0.000827,0.002642,17616.59
5.0,Low,HRD1_major,1.02,0.030793,15.55,0.011601,0.007414,0.000827,0.002642,17616.59
5.0,Low,HRD1_major,1.03,0.030793,15.55,0.011601,0.007414,0.000827,0.002642,17616.59
5.0,Low,HRD1_major,1.04,0.030793,15.55,0.011601,0.007414,0.000827,0.002642,17616.59
5.0,Low,HRD1_major,1.05,0.030793,15.55,0.011601,0.007414,0.000827,0.002642,17616.59
5.0,Low,HRD1_major,1.06,0.030793,15.55,0.011601,0.007414,0.000827,0.002642,17616.59
5.0,Low,HRD1_major,1.07,0.030793,15.55,0.011601,0.007414,0.000827,0.002642,17616.59
5.0,Low,HRD1_major,1.08,0.030793,15.55,0.011601,0.007414,0.000827,0.002642,17616.59
5.0,Low,HRD1_major,1.09,0.030793,15.55,0.011601,0.007414,0.000827,0.002642,17616.59
5.0,Low,HRD1_major,1.1,0.030793,15.55,0.011601,0.007414,0.000827,0.002642,17616.59
5.0,Low,HRD1_major,1.11,0.030793,15.55,0.011601,0.007414,0.000827,0.002642,17616.59
5.0,Low,HRD1_major,1.12,0.030793,15.55,0.011601,0.007414,0.000827,0.002642,17616.59
5.0,Low,HRD1_major,1.13,0.030793,15.55,0.011601,0.007414,0.000827,0.002642,17616.59
5.0,Low,HRD1_major,1.14,0.030793,15.55,0.011601,0.007414,0.000827,0.002642,17616.59
5.0,Low,HRD1_major,1.15,0.030793,15.55,0.011601,0.007414,0.000827,0.002642,17616.59
5.0,Low,HRD1_major,1.16,0.030793,15.55,0.011601,0.007414,0.000827,0.002642,17616.59
5.0,Low,HRD1_major,1.17,0.030793,15.55,0.011601,0.007414,0.000827,0.002642,17616.59
5.0,Low,HRD1_major,1.18,0.030793,15.55,0.011601,0.007414,0.000827,0.002642,17616.59
5.0,Low,HRD1_major,1.19,0.030793,15.55,0.011601,0.007414,0.000827,0.002642,17616.59
5.0,Low,HRD1_major,1.2,0.030793,15.55,0.011601,0.007414,0.000827,0.002642,17616.59
5.0,Low,HRD1_major,1.21,0.030793,15.55,0.011601,0.007414,0.000827,0.002642,17616.59
5.0,Low,HRD1_major,1.22,0.030793,15.55,0.011601,0.007414,0.000827,0.002642,17616.59
5.0,Low,HRD1_major,1.23,0.030793,15.55,0.011601,0.007414,0.000827,0.002642,17616.59
5.0,Low,HRD1_major,1.24,0.030793,15.55,0.011601,0.007414,0.000827,0.002642,17616.59
5.0,Low,HRD1_major,1.25,0.030793,15.55,0.011601,0.007414,0.000827,0.002642,17616.59
5.0,Low,HRD1_major,1.26,0.030793,15.55,0.011601,0.007414,0.000827,0.002642,17616.59
5.0,Low,HRD1_major,1.27,0.030793,15.55,0.011601,0.007414,0.000827,0.002642,17616.59
5.0,Low,HRD1_major,1.28,0.030793,15.55,0.011601,0.007414,0.000827,0.002642,17616.59
5.0,Low,HRD1_major,1.29,0.030793,15.55,0.011601,0.007414,0.000827,0.002642,17616.59
5.0,Low,HRD1_major,1.3,0.030793,15.55,0.011601,0.007414,0.000827,0.002642,17616.59
5.0,Low,HRD1_major,1.31,0.030793,15.55,0.011601,0.007414,0.000827,0.002642,17616.59
5.0,Low,HRD1_major,1.32,0.030793,15.55,0.011601,0.007414,0.000827,0.002642,17616.59
5.0,Low,HRD1_major,1.33,0.030793,15.55,0.011601,0.007414,0.000827,0.002642,17616.59
5.0,Low,HRD1_major,1.34,0.030793,15.55,0.011601,0.007414,0.000827,0.002642,17616.59
5.0,Low,HRD1_major,1.35,0.030793,15.55,0.011601,0.007414,0.000827,0.002642,17616.59
5.0,Low,HRD1_major,1.36,0.030793,15.55,0.011601,0.007414,0.000827,0.002642,17616.59
5.0,Low,HRD1_major,1.37,0.030793,15.55,0.011601,0.007414,0.000827,0.002642,17616.59
5.0,Low,HRD1_major,1.38,0.030793,15.55,0.011601,0.007414,0.000827,0.002642,17616.59
5.0,Low,HRD1_major,1.39,0.030793,15.55,0.011601,0.007414,0.000827,0.002642,17616.59
5.0,Low,HRD1_major,1.4,0.030793,15.55,0.011601,0.007414,0.000827,0.002642,17616.59
5.0,Low,HRD1_major,1.41,0.030793,15.55,0.011601,0.007414,0.000827,0.002642,17616.59
5.0,Low,HRD1_major,1.42,0.030793,15.55,0.011601,0.007414,0.000827,0.002642,17616.59
5.0,Low,HRD1_major,1.43,0.030793,15.55,0.011601,0.007414,0.000827,0.002642,17616.59
5.0,Low,HRD1_major,1.44,0.030793,15.55,0.011601,0.007414,0.000827,0.002642,17616.59
5.0,Low,HRD1_major,1.45,0.030793,15.55,0.011601,0.007414,0.000827,0.002642,17616.59
5.0,Low,HRD1_major,1.46,0.030793,15.55,0.011601,0.007414,0.000827,0.002642,17616.59
5.0,Low,HRD1_major,1.47,0.030793,15.55,0.011601,0.007414,0.000827,0.002642,17616.59
5.0,Low,HRD1_major,1.48,0.030793,15.55,0.011601,0.007414,0.000827,0.002642,17616.59
5.0,Low,HRD1_major,1.49,0.030793,15.55,0.011601,0.007414,0.000827,0.002642,17616.59
5.0,Low,HRD1_major,1.5,0.030793,15.55,0.011601,0.007414,0.000827,0.002642,17616.59
5.0,Low,HRD2_urban,0.0,0.0,0.0,0.0,0.0,0.0,0.0,0.0
5.0,Low,HRD2_urban,0.01,0.0,0.0,0.0,0.0,0.0,0.0,0.0
5.0,Low,HRD2_urban,0.02,0.0,0.0,0.0,0.0,0.0,0.0,0.0
5.0,Low,HRD2_urban,0.03,0.0,0.0,0.0,0.0,0.0,0.0,0.0
5.0,Low,HRD2_urban,0.04,0.0,0.0,0.0,0.0,0.0,0.0,0.0
5.0,Low,HRD2_urban,0.05,0.0,0.0,0.0,0.0,0.0,0.0,0.0
5.0,Low,HRD2_urban,0.06,0.0,0.0,0.0,0.0,0.0,0.0,0.0
5.0,Low,HRD2_urban,0.07,0.0,0.0,0.0,0.0,0.0,0.0,0.0
5.0,Low,HRD2_urban,0.08,0.0,0.0,0.0,0.0,0.0,0.0,0.0
5.0,Low,HRD2_urban,0.09,0.0,0.0,0.0,0.0,0.0,0.0,0.0
5.0,Low,HRD2_urban,0.1,0.0,0.0,0.0,0.0,0.0,0.0,0.0
5.0,Low,HRD2_urban,0.11,0.0,0.0,0.0,0.0,0.0,0.0,0.0
5.0,Low,HRD2_urban,0.12,0.0,0.0,0.0,0.0,0.0,0.0,0.0
5.0,Low,HRD2_urban,0.13,0.0,0.0,0.0,0.0,0.0,0.0,0.0
5.0,Low,HRD2_urban,0.14,0.0,0.0,0.0,0.0,0.0,0.0,0.0
5.0,Low,HRD2_urban,0.15,0.0,0.0,0.0,0.0,0.0,0.0,0.0
5.0,Low,HRD2_urban,0.16,0.0,0.0,0.0,0.0,0.0,0.0,0.0
5.0,Low,HRD2_urban,0.17,0.0,0.0,0.0,0.0,0.0,0.0,0.0
5.0,Low,HRD2_urban,0.18,0.0,0.0,0.0,0.0,0.0,0.0,0.0
5.0,Low,HRD2_urban,0.19,0.0,0.0,0.0,0.0,0.0,0.0,0.0
5.0,Low,HRD2_urban,0.2,0.0,0.0,0.0,0.0,0.0,0.0,0.0
5.0,Low,HRD2_urban,0.21,0.0,1.0,0.0,0.0,0.0,0.0,0.0
5.0,Low,HRD2_urban,0.22,0.001398,1.0,7e-06,0.0,0.0,0.0,1.36
5.0,Low,HRD2_urban,0.23,0.003113,1.0,1.6e-05,1e-06,0.0,1e-06,3.03
5.0,Low,HRD2_urban,0.24,0.004828,1.0,2.4e-05,1e-06,0.0,1e-06,4.7
5.0,Low,HRD2_urban,0.25,0.006543,1.0,3.3e-05,1e-06,0.0,2e-06,6.38
5.0,Low,HRD2_urban,0.26,0.008259,1.0,4.2e-05,2e-06,0.0,2e-06,8.05
5.0,Low,HRD2_urban,0.27,0.009974,1.0,5e-05,2e-06,0.0,3e-06,9.72
5.0,Low,HRD2_urban,0.28,0.011689,1.0,5.9e-05,2e-06,0.0,3e-06,11.39
5.0,Low,HRD2_urban,0.29,0.013404,1.0,6.8e-05,3e-06,0.0,4e-06,13.06
5.0,Low,HRD2_urban,0.3,0.015119,1.0,7.6e-05,3e-06,0.0,4e-06,14.73
5.0,Low,HRD2_urban,0.31,0.016834,1.0,8.5e-05,3e-06,0.0,5e-06,16.4
5.0,Low,HRD2_urban,0.32,0.01855,1.0,9.4e-05,4e-06,0.0,5e-06,18.07
5.0,Low,HRD2_urban,0.33,0.020265,1.0663,0.000132,5e-06,0.0,8e-06,25.85
5.0,Low,HRD2_urban,0.34,0.02198,1.1551,0.000195,9e-06,0.0,1.2e-05,38.87
5.0,Low,HRD2_urban,0.35,0.023695,1.244,0.000277,1.4e-05,0.0,1.7e-05,56.17
5.0,Low,HRD2_urban,0.36,0.02541,1.3329,0.00038,2.1e-05,0.0,2.4e-05,78.49
5.0,Low,HRD2_urban,0.37,0.027125,1.4217,0.000507,3.1e-05,1e-06,3.2e-05,106.62
5.0,Low,HRD2_urban,0.38,0.028841,1.5106,0.000659,4.3e-05,1e-06,4.2e-05,141.31
5.0,Low,HRD2_urban,0.39,0.030556,1.5994,0.000839,5.9e-05,2e-06,5.5e-05,183.35
5.0,Low,HRD2_urban,0.4,0.030793,1.6883,0.001,7.6e-05,2e-06,6.7e-05,222.8
5.0,Low,HRD2_urban,0.41,0.030793,1.7771,0.001167,9.5e-05,3e-06,7.9e-05,265.04
5.0,Low,HRD2_urban,0.42,0.030793,1.866,0.001345,0.000117,4e-06,9.3e-05,311.52
5.0,Low,HRD2_urban,0.43,0.030793,1.9993,0.001631,0.000155,6e-06,0.000117,389.25
5.0,Low,HRD2_urban,0.44,0.030793,2.1326,0.001938,0.000201,8e-06,0.000143,476.55
5.0,Low,HRD2_urban,0.45,0.030793,2.2659,0.002262,0.000254,1.2e-05,0.000172,573.37
5.0,Low,HRD2_urban,0.46,0.030793,2.3991,0.0026,0.000315,1.5e-05,0.000204,679.59
5.0,Low,HRD2_urban,0.47,0.030793,2.5324,0.00295,0.000384,2e-05,0.000238,795.02
5.0,Low,HRD2_urban,0.48,0.030793,2.6657,0.003308,0.000461,2.6e-05,0.000276,919.48
5.0,Low,HRD2_urban,0.49,0.030793,2.799,0.003671,0.000545,3.3e-05,0.000316,1052.75
5.0,Low,HRD2_urban,0.5,0.030793,2.9323,0.004038,0.000638,4.1e-05,0.000358,1194.58
5.0,Low,HRD2_urban,0.51,0.030793,3.0656,0.004406,0.000738,5.1e-05,0.000403,1344.74
5.0,Low,HRD2_urban,0.52,0.030793,3.1989,0.004773,0.000846,6.1e-05,0.000451,1502.97
5.0,Low,HRD2_urban,0.53,0.030793,3.3321,0.005136,0.000961,7.4e-05,0.000501,1669.02
5.0,Low,HRD2_urban,0.54,0.030793,3.4654,0.005496,0.001082,8.8e-05,0.000553,1842.62
5.0,Low,HRD2_urban,0.55,0.030793,3.5987,0.005849,0.001211,0.000103,0.000607,2023.54
5.0,Low,HRD2_urban,0.56,0.030793,3.732,0.006195,0.001345,0.000121,0.000663,2211.5
5.0,Low,HRD2_urban,0.57,0.030793,3.8653,0.006533,0.001486,0.00014,0.000722,2406.28
5.0,Low,HRD2_urban,0.58,0.030793,3.9986,0.006862,0.001631,0.000161,0.000782,2607.61
5.0,Low,HRD2_urban,0.59,0.030793,4.1319,0.00718,0.001782,0.000184,0.000844,2815.26
5.0,Low,HRD2_urban,0.6,0.030793,4.2651,0.007489,0.001938,0.000209,0.000909,3029.01
5.0,Low,HRD2_urban,0.61,0.030793,4.3984,0.007786,0.002098,0.000236,0.000974,3248.61
5.0,Low,HRD2_urban,0.62,0.030793,4.5317,0.008072,0.002262,0.000266,0.001042,3473.85
5.0,Low,HRD2_urban,0.63,0.030793,4.665,0.008346,0.00243,0.000297,0.001111,3704.5
5.0,Low,HRD2_urban,0.64,0.030793,5.1833,0.009299,0.003108,0.00044,0.001394,4649.13
5.0,Low,HRD2_urban,0.65,0.030793,5.7017,0.010072,0.003814,0.000617,0.001698,5660.93
5.0,Low,HRD2_urban,0.66,0.030793,6.22,0.010672,0.004528,0.000827,0.002018,6729.38
5.0,Low,HRD2_urban,0.67,0.030793,6.7383,0.011116,0.005237,0.001071,0.002353,7845.0
5.0,Low,HRD2_urban,0.68,0.030793,7.2567,0.01142,0.005926,0.001347,0.002699,8999.27
5.0,Low,HRD2_urban,0.69,0.030793,7.775,0.011601,0.006588,0.001653,0.003055,10184.51
5.0,Low,HRD2_urban,0.7,0.030793,8.2933,0.011679,0.007215,0.001986,0.003417,11393.81
5.0,Low,HRD2_urban,0.71,0.030793,8.8117,0.011669,0.007802,0.002345,0.003786,12620.97
5.0,Low,HRD2_urban,0.72,0.030793,9.33,0.011587,0.008346,0.002727,0.004157,13860.42
5.0,Low,HRD2_urban,0.73,0.030793,9.8483,0.011444,0.008846,0.003128,0.004531,15107.21
5.0,Low,HRD2_urban,0.74,0.030793,10.3667,0.011253,0.009299,0.003548,0.004906,16356.91
5.0,Low,HRD2_urban,0.75,0.030793,10.885,0.011023,0.009708,0.003983,0.005281,17605.59
5.0,Low,HRD2_urban,0.76,0.030793,11.4033,0.010764,0.010072,0.00443,0.005654,18849.8
5.0,Low,HRD2_urban,0.77,0.030793,11.9217,0.010482,0.010393,0.004889,0.006025,20086.48
5.0,Low,HRD2_urban,0.78,0.030793,12.44,0.010183,0.010672,0.005356,0.006393,21312.98
5.0,Low,HRD2_urban,0.79,0.030793,12.9583,0.009873,0.010913,0.005829,0.006757,22526.97
5.0,Low,HRD2_urban,0.8,0.030793,13.4767,0.009556,0.011116,0.006308,0.007117,23726.46
5.0,Low,HRD2_urban,0.81,0.030793,13.995,0.009235,0.011284,0.00679,0.007471,24909.72
5.0,Low,HRD2_urban,0.82,0.030793,14.5133,0.008913,0.01142,0.007274,0.007821,26075.3
5.0,Low,HRD2_urban,0.83,0.030793,15.0317,0.008593,0.011525,0.007758,0.008165,27221.96
5.0,Low,HRD2_urban,0.84,0.030793,15.55,0.008276,0.011601,0.008241,0.008503,28348.7
5.0,Low,HRD2_urban,0.85,0.030793,15.55,0.008276,0.011601,0.008241,0.008503,28348.7
5.0,Low,HRD2_urban,0.86,0.030793,15.55,0.008276,0.011601,0.008241,0.008503,28348.7
5.0,Low,HRD2_urban,0.87,0.030793,15.55,0.008276,0.011601,0.008241,0.008503,28348.7
5.0,Low,HRD2_urban,0.88,0.030793,15.55,0.008276,0.011601,0.008241,0.008503,28348.7
5.0,Low,HRD2_urban,0.89,0.030793,15.55,0.008276,0.011601,0.008241,0.008503,28348.7
5.0,Low,HRD2_urban,0.9,0.030793,15.55,0.008276,0.011601,0.008241,0.008503,28348.7
5.0,Low,HRD2_urban,0.91,0.030793,15.55,0.008276,0.011601,0.008241,0.008503,28348.7
5.0,Low,HRD2_urban,0.92,0.030793,15.55,0.008276,0.011601,0.008241,0.008503,28348.7
5.0,Low,HRD2_urban,0.93,0.030793,15.55,0.008276,0.011601,0.008241,0.008503,28348.7
5.0,Low,HRD2_urban,0.94,0.030793,15.55,0.008276,0.011601,0.008241,0.008503,28348.7
5.0,Low,HRD2_urban,0.95,0.030793,15.55,0.008276,0.011601,0.008241,0.008503,28348.7
5.0,Low,HRD2_urban,0.96,0.030793,15.55,0.008276,0.011601,0.008241,0.008503,28348.7
5.0,Low,HRD2_urban,0.97,0.030793,15.55,0.008276,0.011601,0.008241,0.008503,28348.7
5.0,Low,HRD2_urban,0.98,0.030793,15.55,0.008276,0.011601,0.008241,0.008503,28348.7
5.0,Low,HRD2_urban,0.99,0.030793,15.55,0.008276,0.011601,0.008241,0.008503,28348.7
5.0,Low,HRD2_urban,1.0,0.030793,15.55,0.008276,0.011601,0.008241,0.008503,28348.7
5.0,Low,HRD2_urban,1.01,0.030793,15.55,0.008276,0.011601,0.008241,0.008503,28348.7
5.0,Low,HRD2_urban,1.02,0.030793,15.55,0.008276,0.011601,0.008241,0.008503,28348.7
5.0,Low,HRD2_urban,1.03,0.030793,15.55,0.008276,0.011601,0.008241,0.008503,28348.7
5.0,Low,HRD2_urban,1.04,0.030793,15.55,0.008276,0.011601,0.008241,0.008503,28348.7
5.0,Low,HRD2_urban,1.05,0.030793,15.55,0.008276,0.011601,0.008241,0.008503,28348.7
5.0,Low,HRD2_urban,1.06,0.030793,15.55,0.008276,0.011601,0.008241,0.008503,28348.7
5.0,Low,HRD2_urban,1.07,0.030793,15.55,0.008276,0.011601,0.008241,0.008503,28348.7
5.0,Low,HRD2_urban,1.08,0.030793,15.55,0.008276,0.011601,0.008241,0.008503,28348.7
5.0,Low,HRD2_urban,1.09,0.030793,15.55,0.008276,0.011601,0.008241,0.008503,28348.7
5.0,Low,HRD2_urban,1.1,0.030793,15.55,0.008276,0.011601,0.008241,0.008503,28348.7
5.0,Low,HRD2_urban,1.11,0.030793,15.55,0.008276,0.011601,0.008241,0.008503,28348.7
5.0,Low,HRD2_urban,1.12,0.030793,15.55,0.008276,0.011601,0.008241,0.008503,28348.7
5.0,Low,HRD2_urban,1.13,0.030793,15.55,0.008276,0.011601,0.008241,0.008503,28348.7
5.0,Low,HRD2_urban,1.14,0.030793,15.55,0.008276,0.011601,0.008241,0.008503,28348.7
5.0,Low,HRD2_urban,1.15,0.030793,15.55,0.008276,0.011601,0.008241,0.008503,28348.7
5.0,Low,HRD2_urban,1.16,0.030793,15.55,0.008276,0.011601,0.008241,0.008503,28348.7
5.0,Low,HRD2_urban,1.17,0.030793,15.55,0.008276,0.011601,0.008241,0.008503,28348.7
5.0,Low,HRD2_urban,1.18,0.030793,15.55,0.008276,0.011601,0.008241,0.008503,28348.7
5.0,Low,HRD2_urban,1.19,0.030793,15.55,0.008276,0.011601,0.008241,0.008503,28348.7
5.0,Low,HRD2_urban,1.2,0.030793,15.55,0.008276,0.011601,0.008241,0.008503,28348.7
5.0,Low,HRD2_urban,1.21,0.030793,15.55,0.008276,0.011601,0.008241,0.008503,28348.7
5.0,Low,HRD2_urban,1.22,0.030793,15.55,0.008276,0.011601,0.008241,0.008503,28348.7
5.0,Low,HRD2_urban,1.23,0.030793,15.55,0.008276,0.011601,0.008241,0.008503,28348.7
5.0,Low,HRD2_urban,1.24,0.030793,15.55,0.008276,0.011601,0.008241,0.008503,28348.7
5.0,Low,HRD2_urban,1.25,0.030793,15.55,0.008276,0.011601,0.008241,0.008503,28348.7
5.0,Low,HRD2_urban,1.26,0.030793,15.55,0.008276,0.011601,0.008241,0.008503,28348.7
5.0,Low,HRD2_urban,1.27,0.030793,15.55,0.008276,0.011601,0.008241,0.008503,28348.7
5.0,Low,HRD2_urban,1.28,0.030793,15.55,0.008276,0.011601,0.008241,0.008503,28348.7
5.0,Low,HRD2_urban,1.29,0.030793,15.55,0.008276,0.011601,0.008241,0.008503,28348.7
5.0,Low,HRD2_urban,1.3,0.030793,15.55,0.008276,0.011601,0.008241,0.008503,28348.7
5.0,Low,HRD2_urban,1.31,0.030793,15.55,0.008276,0.011601,0.008241,0.008503,28348.7
5.0,Low,HRD2_urban,1.32,0.030793,15.55,0.008276,0.011601,0.008241,0.008503,28348.7
5.0,Low,HRD2_urban,1.33,0.030793,15.55,0.008276,0.011601,0.008241,0.008503,28348.7
5.0,Low,HRD2_urban,1.34,0.030793,15.55,0.008276,0.011601,0.008241,0.008503,28348.7
5.0,Low,HRD2_urban,1.35,0.030793,15.55,0.008276,0.011601,0.008241,0.008503,28348.7
5.0,Low,HRD2_urban,1.36,0.030793,15.55,0.008276,0.011601,0.008241,0.008503,28348.7
5.0,Low,HRD2_urban,1.37,0.030793,15.55,0.008276,0.011601,0.008241,0.008503,28348.7
5.0,Low,HRD2_urban,1.38,0.030793,15.55,0.008276,0.011601,0.008241,0.008503,28348.7
5.0,Low,HRD2_urban,1.39,0.030793,15.55,0.008276,0.011601,0.008241,0.008503,28348.7
5.0,Low,HRD2_urban,1.4,0.030793,15.55,0.008276,0.011601,0.008241,0.008503,28348.7
5.0,Low,HRD2_urban,1.41,0.030793,15.55,0.008276,0.011601,0.008241,0.008503,28348.7
5.0,Low,HRD2_urban,1.42,0.030793,15.55,0.008276,0.011601,0.008241,0.008503,28348.7
5.0,Low,HRD2_urban,1.43,0.030793,15.55,0.008276,0.011601,0.008241,0.008503,28348.7
5.0,Low,HRD2_urban,1.44,0.030793,15.55,0.008276,0.011601,0.008241,0.008503,28348.7
5.0,Low,HRD2_urban,1.45,0.030793,15.55,0.008276,0.011601,0.008241,0.008503,28348.7
5.0,Low,HRD2_urban,1.46,0.030793,15.55,0.008276,0.011601,0.008241,0.008503,28348.7
5.0,Low,HRD2_urban,1.47,0.030793,15.55,0.008276,0.011601,0.008241,0.008503,28348.7
5.0,Low,HRD2_urban,1.48,0.030793,15.55,0.008276,0.011601,0.008241,0.008503,28348.7
5.0,Low,HRD2_urban,1.49,0.030793,15.55,0.008276,0.011601,0.008241,0.008503,28348.7
5.0,Low,HRD2_urban,1.5,0.030793,15.55,0.008276,0.011601,0.008241,0.008503,28348.7
5.0,VeryLow,HRD1_major,0.0,0.0,0.0,0.0,0.0,0.0,0.0,0.0
5.0,VeryLow,HRD1_major,0.01,0.0,0.0,0.0,0.0,0.0,0.0,0.0
5.0,VeryLow,HRD1_major,0.02,0.0,0.0,0.0,0.0,0.0,0.0,0.0
5.0,VeryLow,HRD1_major,0.03,0.0,0.0,0.0,0.0,0.0,0.0,0.0
5.0,VeryLow,HRD1_major,0.04,0.0,0.0,0.0,0.0,0.0,0.0,0.0
5.0,VeryLow,HRD1_major,0.05,0.0,0.0,0.0,0.0,0.0,0.0,0.0
5.0,VeryLow,HRD1_major,0.06,0.0,0.0,0.0,0.0,0.0,0.0,0.0
5.0,VeryLow,HRD1_major,0.07,0.0,0.0,0.0,0.0,0.0,0.0,0.0
5.0,VeryLow,HRD1_major,0.08,0.0,0.0,0.0,0.0,0.0,0.0,0.0
5.0,VeryLow,HRD1_major,0.09,0.0,0.0,0.0,0.0,0.0,0.0,0.0
5.0,VeryLow,HRD1_major,0.1,0.0,0.0,0.0,0.0,0.0,0.0,0.0
5.0,VeryLow,HRD1_major,0.11,0.0,0.0,0.0,0.0,0.0,0.0,0.0
5.0,VeryLow,HRD1_major,0.12,0.0,0.0,0.0,0.0,0.0,0.0,0.0
5.0,VeryLow,HRD1_major,0.13,0.0,0.0,0.0,0.0,0.0,0.0,0.0
5.0,VeryLow,HRD1_major,0.14,0.0,0.0,0.0,0.0,0.0,0.0,0.0
5.0,VeryLow,HRD1_major,0.15,0.0,0.0,0.0,0.0,0.0,0.0,0.0
5.0,VeryLow,HRD1_major,0.16,0.0,0.0,0.0,0.0,0.0,0.0,0.0
5.0,VeryLow,HRD1_major,0.17,0.0,0.0,0.0,0.0,0.0,0.0,0.0
5.0,VeryLow,HRD1_major,0.18,0.0,0.0,0.0,0.0,0.0,0.0,0.0
5.0,VeryLow,HRD1_major,0.19,0.0,0.0,0.0,0.0,0.0,0.0,0.0
5.0,VeryLow,HRD1_major,0.2,0.0,0.0,0.0,0.0,0.0,0.0,0.0
5.0,VeryLow,HRD1_major,0.21,0.0,0.0,0.0,0.0,0.0,0.0,0.0
5.0,VeryLow,HRD1_major,0.22,0.0,0.0,0.0,0.0,0.0,0.0,0.0
5.0,VeryLow,HRD1_major,0.23,0.0,0.0,0.0,0.0,0.0,0.0,0.0
5.0,VeryLow,HRD1_major,0.24,0.0,0.0,0.0,0.0,0.0,0.0,0.0
5.0,VeryLow,HRD1_major,0.25,0.0,0.0,0.0,0.0,0.0,0.0,0.0
5.0,VeryLow,HRD1_major,0.26,2e-05,0.0,0.0,0.0,0.0,0.0,0.0
5.0,VeryLow,HRD1_major,0.27,0.000532,0.0718,0.0,0.0,0.0,0.0,0.0
5.0,VeryLow,HRD1_major,0.28,0.001044,0.1435,0.0,0.0,0.0,0.0,0.0
5.0,VeryLow,HRD1_major,0.29,0.001557,0.2153,0.0,0.0,0.0,0.0,0.0
5.0,VeryLow,HRD1_major,0.3,0.002069,0.2871,0.0,0.0,0.0,0.0,0.0
5.0,VeryLow,HRD1_major,0.31,0.002582,0.3588,0.0,0.0,0.0,0.0,0.0
5.0,VeryLow,HRD1_major,0.32,0.003094,0.4306,0.0,0.0,0.0,0.0,0.0
5.0,VeryLow,HRD1_major,0.33,0.003606,0.5024,0.0,0.0,0.0,0.0,0.0
5.0,VeryLow,HRD1_major,0.34,0.004119,0.5742,0.0,0.0,0.0,0.0,0.01
5.0,VeryLow,HRD1_major,0.35,0.004631,0.6459,0.0,0.0,0.0,0.0,0.02
5.0,VeryLow,HRD1_major,0.36,0.005144,0.7177,0.0,0.0,0.0,0.0,0.05
5.0,VeryLow,HRD1_major,0.37,0.005656,0.7895,0.0,0.0,0.0,0.0,0.1
5.0,VeryLow,HRD1_major,0.38,0.006168,0.8612,1e-06,0.0,0.0,0.0,0.18
5.0,VeryLow,HRD1_major,0.39,0.006681,0.933,1e-06,0.0,0.0,0.0,0.3
5.0,VeryLow,HRD1_major,0.4,0.007193,1.0048,1e-06,0.0,0.0,0.0,0.5
5.0,VeryLow,HRD1_major,0.41,0.007706,1.0765,2e-06,0.0,0.0,0.0,0.77
5.0,VeryLow,HRD1_major,0.42,0.008218,1.1483,3e-06,0.0,0.0,0.0,1.16
5.0,VeryLow,HRD1_major,0.43,0.00873,1.2201,5e-06,0.0,0.0,0.0,1.68
5.0,VeryLow,HRD1_major,0.44,0.009243,1.2918,7e-06,0.0,0.0,0.0,2.38
5.0,VeryLow,HRD1_major,0.45,0.009755,1.3636,9e-06,0.0,0.0,0.0,3.28
5.0,VeryLow,HRD1_major,0.46,0.010268,1.4354,1.2e-05,0.0,0.0,1e-06,4.43
5.0,VeryLow,HRD1_major,0.47,0.01078,1.5072,1.6e-05,0.0,0.0,1e-06,5.88
5.0,VeryLow,HRD1_major,0.48,0.011292,1.5789,2.1e-05,1e-06,0.0,1e-06,7.66
5.0,VeryLow,HRD1_major,0.49,0.011805,1.6507,2.6e-05,1e-06,0.0,1e-06,9.83
5.0,VeryLow,HRD1_major,0.5,0.012317,1.7225,3.3e-05,1e-06,0.0,2e-06,12.44
5.0,VeryLow,HRD1_major,0.51,0.012317,1.7942,4e-05,1e-06,0.0,2e-06,14.93
5.0,VeryLow,HRD1_major,0.52,0.012317,1.866,4.7e-05,2e-06,0.0,3e-06,17.74
5.0,VeryLow,HRD1_major,0.53,0.012317,1.9737,5.9e-05,2e-06,0.0,3e-06,22.6
5.0,VeryLow,HRD1_major,0.54,0.012317,2.0813,7.3e-05,3e-06,0.0,4e-06,28.28
5.0,VeryLow,HRD1_major,0.55,0.012317,2.189,8.9e-05,4e-06,0.0,5e-06,34.83
5.0,VeryLow,HRD1_major,0.56,0.012317,2.2966,0.000107,5e-06,0.0,6e-06,42.31
5.0,VeryLow,HRD1_major,0.57,0.012317,2.4043,0.000127,6e-06,0.0,8e-06,50.76
5.0,VeryLow,HRD1_major,0.58,0.012317,2.5119,0.000149,8e-06,0.0,9e-06,60.21
5.0,VeryLow,HRD1_major,0.59,0.012317,2.6196,0.000173,1e-05,0.0,1.1e-05,70.7
5.0,VeryLow,HRD1_major,0.6,0.012317,2.7272,0.0002,1.2e-05,0.0,1.2e-05,82.27
5.0,VeryLow,HRD1_major,0.61,0.012317,2.8349,0.000228,1.4e-05,0.0,1.4e-05,94.93
5.0,VeryLow,HRD1_major,0.62,0.012317,2.9425,0.000258,1.7e-05,0.0,1.6e-05,108.72
5.0,VeryLow,HRD1_major,0.63,0.012317,3.0502,0.000291,2e-05,0.0,1.9e-05,123.64
5.0,VeryLow,HRD1_major,0.64,0.012317,3.1578,0.000325,2.3e-05,0.0,2.1e-05,139.72
5.0,VeryLow,HRD1_major,0.65,0.012317,3.2655,0.000361,2.7e-05,0.0,2.4e-05,156.96
5.0,VeryLow,HRD1_major,0.66,0.012317,3.3732,0.000399,3.1e-05,0.0,2.6e-05,175.38
5.0,VeryLow,HRD1_major,0.67,0.012317,3.4808,0.000439,3.5e-05,0.0,2.9e-05,194.98
5.0,VeryLow,HRD1_major,0.68,0.012317,3.5885,0.00048,4e-05,0.0,3.2e-05,215.76
5.0,VeryLow,HRD1_major,0.69,0.012317,3.6961,0.000523,4.6e-05,0.0,3.6e-05,237.72
5.0,VeryLow,HRD1_major,0.7,0.012317,3.8038,0.000568,5.2e-05,1e-06,3.9e-05,260.86
5.0,VeryLow,HRD1_major,0.71,0.012317,3.9114,0.000614,5.8e-05,1e-06,4.3e-05,285.19
5.0,VeryLow,HRD1_major,0.72,0.012317,4.0191,0.000662,6.5e-05,1e-06,4.7e-05,310.69
5.0,VeryLow,HRD1_major,0.73,0.012317,4.1267,0.000711,7.2e-05,1e-06,5.1e-05,337.35
5.0,VeryLow,HRD1_major,0.74,0.012317,4.2344,0.000761,8e-05,1e-06,5.5e-05,365.17
5.0,VeryLow,HRD1_major,0.75,0.012317,4.342,0.000812,8.9e-05,1e-06,5.9e-05,394.15
5.0,VeryLow,HRD1_major,0.76,0.012317,4.4497,0.000864,9.8e-05,1e-06,6.4e-05,424.25
5.0,VeryLow,HRD1_major,0.77,0.012317,4.5573,0.000918,0.000107,1e-06,6.8e-05,455.49
5.0,VeryLow,HRD1_major,0.78,0.012317,4.665,0.000972,0.000117,2e-06,7.3e-05,487.84
5.0,VeryLow,HRD1_major,0.79,0.012317,5.0837,0.00119,0.000161,3e-06,9.4e-05,623.96
5.0,VeryLow,HRD1_major,0.8,0.012317,5.5023,0.001416,0.000214,4e-06,0.000116,775.81
5.0,VeryLow,HRD1_major,0.81,0.012317,5.921,0.001646,0.000275,6e-06,0.000141,942.43
5.0,VeryLow,HRD1_major,0.82,0.012317,6.3396,0.001877,0.000344,8e-06,0.000168,1122.82
5.0,VeryLow,HRD1_major,0.83,0.012317,6.7583,0.002105,0.000421,1.1e-05,0.000197,1315.98
5.0,VeryLow,HRD1_major,0.84,0.012317,7.1769,0.002329,0.000506,1.5e-05,0.000228,1520.94
5.0,VeryLow,HRD1_major,0.85,0.012317,7.5956,0.002545,0.000598,1.9e-05,0.00026,1736.77
5.0,VeryLow,HRD1_major,0.86,0.012317,8.0142,0.002753,0.000697,2.5e-05,0.000294,1962.6
5.0,VeryLow,HRD1_major,0.87,0.012317,8.4329,0.002951,0.000801,3.1e-05,0.00033,2197.61
5.0,VeryLow,HRD1_major,0.88,0.012317,8.8515,0.003138,0.000911,3.9e-05,0.000366,2441.04
5.0,VeryLow,HRD1_major,0.89,0.012317,9.2702,0.003314,0.001026,4.7e-05,0.000404,2692.18
5.0,VeryLow,HRD1_major,0.9,0.012317,9.6888,0.003479,0.001145,5.7e-05,0.000442,2950.4
5.0,VeryLow,HRD1_major,0.91,0.012317,10.1075,0.003631,0.001267,6.7e-05,0.000482,3215.08
5.0,VeryLow,HRD1_major,0.92,0.012317,10.5262,0.003772,0.001393,7.9e-05,0.000523,3485.69
5.0,VeryLow,HRD1_major,0.93,0.012317,10.9448,0.003901,0.001521,9.3e-05,0.000564,3761.72
5.0,VeryLow,HRD1_major,0.94,0.012317,11.3635,0.004018,0.001651,0.000107,0.000606,4042.71
5.0,VeryLow,HRD1_major,0.95,0.012317,11.7821,0.004124,0.001782,0.000123,0.000649,4328.23
5.0,VeryLow,HRD1_major,0.96,0.012317,12.2008,0.004219,0.001915,0.000141,0.000693,4617.9
5.0,VeryLow,HRD1_major,0.97,0.012317,12.6194,0.004304,0.002048,0.00016,0.000737,4911.35
5.0,VeryLow,HRD1_major,0.98,0.012317,13.0381,0.004379,0.002181,0.00018,0.000781,5208.25
5.0,VeryLow,HRD1_major,0.99,0.012317,13.4567,0.004443,0.002314,0.000201,0.000826,5508.3
5.0,VeryLow,HRD1_major,1.0,0.012317,13.8754,0.004499,0.002447,0.000225,0.000872,5811.23
5.0,VeryLow,HRD1_major,1.01,0.012317,14.294,0.004546,0.002578,0.000249,0.000917,6116.75
5.0,VeryLow,HRD1_major,1.02,0.012317,14.7127,0.004585,0.002709,0.000275,0.000964,6424.65
5.0,VeryLow,HRD1_major,1.03,0.012317,15.1313,0.004617,0.002838,0.000302,0.00101,6734.68
5.0,VeryLow,HRD1_major,1.04,0.012317,15.55,0.004641,0.002966,0.000331,0.001057,7046.64
5.0,VeryLow,HRD1_major,1.05,0.012317,15.55,0.004641,0.002966,0.000331,0.001057,7046.64
5.0,VeryLow,HRD1_major,1.06,0.012317,15.55,0.004641,0.002966,0.000331,0.001057,7046.64
5.0,VeryLow,HRD1_major,1.07,0.012317,15.55,0.004641,0.002966,0.000331,0.001057,7046.64
5.0,VeryLow,HRD1_major,1.08,0.012317,15.55,0.004641,0.002966,0.000331,0.001057,7046.64
5.0,VeryLow,HRD1_major,1.09,0.012317,15.55,0.004641,0.002966,0.000331,0.001057,7046.64
5.0,VeryLow,HRD1_major,1.1,0.012317,15.55,0.004641,0.002966,0.000331,0.001057,7046.64
5.0,VeryLow,HRD1_major,1.11,0.012317,15.55,0.004641,0.002966,0.000331,0.001057,7046.64
5.0,VeryLow,HRD1_major,1.12,0.012317,15.55,0.004641,0.002966,0.000331,0.001057,7046.64
5.0,VeryLow,HRD1_major,1.13,0.012317,15.55,0.004641,0.002966,0.000331,0.001057,7046.64
5.0,VeryLow,HRD1_major,1.14,0.012317,15.55,0.004641,0.002966,0.000331,0.001057,7046.64
5.0,VeryLow,HRD1_major,1.15,0.012317,15.55,0.004641,0.002966,0.000331,0.001057,7046.64
5.0,VeryLow,HRD1_major,1.16,0.012317,15.55,0.004641,0.002966,0.000331,0.001057,7046.64
5.0,VeryLow,HRD1_major,1.17,0.012317,15.55,0.004641,0.002966,0.000331,0.001057,7046.64
5.0,VeryLow,HRD1_major,1.18,0.012317,15.55,0.004641,0.002966,0.000331,0.001057,7046.64
5.0,VeryLow,HRD1_major,1.19,0.012317,15.55,0.004641,0.002966,0.000331,0.001057,7046.64
5.0,VeryLow,HRD1_major,1.2,0.012317,15.55,0.004641,0.002966,0.000331,0.001057,7046.64
5.0,VeryLow,HRD1_major,1.21,0.012317,15.55,0.004641,0.002966,0.000331,0.001057,7046.64
5.0,VeryLow,HRD1_major,1.22,0.012317,15.55,0.004641,0.002966,0.000331,0.001057,7046.64
5.0,VeryLow,HRD1_major,1.23,0.012317,15.55,0.004641,0.002966,0.000331,0.001057,7046.64
5.0,VeryLow,HRD1_major,1.24,0.012317,15.55,0.004641,0.002966,0.000331,0.001057,7046.64
5.0,VeryLow,HRD1_major,1.25,0.012317,15.55,0.004641,0.002966,0.000331,0.001057,7046.64
5.0,VeryLow,HRD1_major,1.26,0.012317,15.55,0.004641,0.002966,0.000331,0.001057,7046.64
5.0,VeryLow,HRD1_major,1.27,0.012317,15.55,0.004641,0.002966,0.000331,0.001057,7046.64
5.0,VeryLow,HRD1_major,1.28,0.012317,15.55,0.004641,0.002966,0.000331,0.001057,7046.64
5.0,VeryLow,HRD1_major,1.29,0.012317,15.55,0.004641,0.002966,0.000331,0.001057,7046.64
5.0,VeryLow,HRD1_major,1.3,0.012317,15.55,0.004641,0.002966,0.000331,0.001057,7046.64
5.0,VeryLow,HRD1_major,1.31,0.012317,15.55,0.004641,0.002966,0.000331,0.001057,7046.64
5.0,VeryLow,HRD1_major,1.32,0.012317,15.55,0.004641,0.002966,0.000331,0.001057,7046.64
5.0,VeryLow,HRD1_major,1.33,0.012317,15.55,0.004641,0.002966,0.000331,0.001057,7046.64
5.0,VeryLow,HRD1_major,1.34,0.012317,15.55,0.004641,0.002966,0.000331,0.001057,7046.64
5.0,VeryLow,HRD1_major,1.35,0.012317,15.55,0.004641,0.002966,0.000331,0.001057,7046.64
5.0,VeryLow,HRD1_major,1.36,0.012317,15.55,0.004641,0.002966,0.000331,0.001057,7046.64
5.0,VeryLow,HRD1_major,1.37,0.012317,15.55,0.004641,0.002966,0.000331,0.001057,7046.64
5.0,VeryLow,HRD1_major,1.38,0.012317,15.55,0.004641,0.002966,0.000331,0.001057,7046.64
5.0,VeryLow,HRD1_major,1.39,0.012317,15.55,0.004641,0.002966,0.000331,0.001057,7046.64
5.0,VeryLow,HRD1_major,1.4,0.012317,15.55,0.004641,0.002966,0.000331,0.001057,7046.64
5.0,VeryLow,HRD1_major,1.41,0.012317,15.55,0.004641,0.002966,0.000331,0.001057,7046.64
5.0,VeryLow,HRD1_major,1.42,0.012317,15.55,0.004641,0.002966,0.000331,0.001057,7046.64
5.0,VeryLow,HRD1_major,1.43,0.012317,15.55,0.004641,0.002966,0.000331,0.001057,7046.64
5.0,VeryLow,HRD1_major,1.44,0.012317,15.55,0.004641,0.002966,0.000331,0.001057,7046.64
5.0,VeryLow,HRD1_major,1.45,0.012317,15.55,0.004641,0.002966,0.000331,0.001057,7046.64
5.0,VeryLow,HRD1_major,1.46,0.012317,15.55,0.004641,0.002966,0.000331,0.001057,7046.64
5.0,VeryLow,HRD1_major,1.47,0.012317,15.55,0.004641,0.002966,0.000331,0.001057,7046.64
5.0,VeryLow,HRD1_major,1.48,0.012317,15.55,0.004641,0.002966,0.000331,0.001057,7046.64
5.0,VeryLow,HRD1_major,1.49,0.012317,15.55,0.004641,0.002966,0.000331,0.001057,7046.64
5.0,VeryLow,HRD1_major,1.5,0.012317,15.55,0.004641,0.002966,0.000331,0.001057,7046.64
5.0,VeryLow,HRD2_urban,0.0,0.0,0.0,0.0,0.0,0.0,0.0,0.0
5.0,VeryLow,HRD2_urban,0.01,0.0,0.0,0.0,0.0,0.0,0.0,0.0
5.0,VeryLow,HRD2_urban,0.02,0.0,0.0,0.0,0.0,0.0,0.0,0.0
5.0,VeryLow,HRD2_urban,0.03,0.0,0.0,0.0,0.0,0.0,0.0,0.0
5.0,VeryLow,HRD2_urban,0.04,0.0,0.0,0.0,0.0,0.0,0.0,0.0
5.0,VeryLow,HRD2_urban,0.05,0.0,0.0,0.0,0.0,0.0,0.0,0.0
5.0,VeryLow,HRD2_urban,0.06,0.0,0.0,0.0,0.0,0.0,0.0,0.0
5.0,VeryLow,HRD2_urban,0.07,0.0,0.0,0.0,0.0,0.0,0.0,0.0
5.0,VeryLow,HRD2_urban,0.08,0.0,0.0,0.0,0.0,0.0,0.0,0.0
5.0,VeryLow,HRD2_urban,0.09,0.0,0.0,0.0,0.0,0.0,0.0,0.0
5.0,VeryLow,HRD2_urban,0.1,0.0,0.0,0.0,0.0,0.0,0.0,0.0
5.0,VeryLow,HRD2_urban,0.11,0.0,0.0,0.0,0.0,0.0,0.0,0.0
5.0,VeryLow,HRD2_urban,0.12,0.0,0.0,0.0,0.0,0.0,0.0,0.0
5.0,VeryLow,HRD2_urban,0.13,0.0,0.0,0.0,0.0,0.0,0.0,0.0
5.0,VeryLow,HRD2_urban,0.14,0.0,0.0,0.0,0.0,0.0,0.0,0.0
5.0,VeryLow,HRD2_urban,0.15,0.0,0.0,0.0,0.0,0.0,0.0,0.0
5.0,VeryLow,HRD2_urban,0.16,0.0,0.0,0.0,0.0,0.0,0.0,0.0
5.0,VeryLow,HRD2_urban,0.17,0.0,0.0,0.0,0.0,0.0,0.0,0.0
5.0,VeryLow,HRD2_urban,0.18,0.0,0.0,0.0,0.0,0.0,0.0,0.0
5.0,VeryLow,HRD2_urban,0.19,0.0,0.0,0.0,0.0,0.0,0.0,0.0
5.0,VeryLow,HRD2_urban,0.2,0.0,0.0,0.0,0.0,0.0,0.0,0.0
5.0,VeryLow,HRD2_urban,0.21,0.0,0.0,0.0,0.0,0.0,0.0,0.0
5.0,VeryLow,HRD2_urban,0.22,0.0,0.0,0.0,0.0,0.0,0.0,0.0
5.0,VeryLow,HRD2_urban,0.23,0.0,0.0,0.0,0.0,0.0,0.0,0.0
5.0,VeryLow,HRD2_urban,0.24,0.0,0.0,0.0,0.0,0.0,0.0,0.0
5.0,VeryLow,HRD2_urban,0.25,0.0,0.0,0.0,0.0,0.0,0.0,0.0
5.0,VeryLow,HRD2_urban,0.26,2e-05,0.0,0.0,0.0,0.0,0.0,0.0
5.0,VeryLow,HRD2_urban,0.27,0.000532,0.0718,0.0,0.0,0.0,0.0,0.0
5.0,VeryLow,HRD2_urban,0.28,0.001044,0.1435,0.0,0.0,0.0,0.0,0.0
5.0,VeryLow,HRD2_urban,0.29,0.001557,0.2153,0.0,0.0,0.0,0.0,0.0
5.0,VeryLow,HRD2_urban,0.3,0.002069,0.2871,0.0,0.0,0.0,0.0,0.0
5.0,VeryLow,HRD2_urban,0.31,0.002582,0.3588,0.0,0.0,0.0,0.0,0.01
5.0,VeryLow,HRD2_urban,0.32,0.003094,0.4306,0.0,0.0,0.0,0.0,0.04
5.0,VeryLow,HRD2_urban,0.33,0.003606,0.5024,1e-06,0.0,0.0,0.0,0.12
5.0,VeryLow,HRD2_urban,0.34,0.004119,0.5742,2e-06,0.0,0.0,0.0,0.29
5.0,VeryLow,HRD2_urban,0.35,0.004631,0.6459,3e-06,0.0,0.0,0.0,0.6
5.0,VeryLow,HRD2_urban,0.36,0.005144,0.7177,6e-06,0.0,0.0,0.0,1.11
5.0,VeryLow,HRD2_urban,0.37,0.005656,0.7895,1e-05,0.0,0.0,1e-06,1.92
5.0,VeryLow,HRD2_urban,0.38,0.006168,0.8612,1.7e-05,1e-06,0.0,1e-06,3.12
5.0,VeryLow,HRD2_urban,0.39,0.006681,0.933,2.5e-05,1e-06,0.0,1e-06,4.83
5.0,VeryLow,HRD2_urban,0.4,0.007193,1.0048,3.7e-05,1e-06,0.0,2e-06,7.15
5.0,VeryLow,HRD2_urban,0.41,0.007706,1.0765,5.2e-05,2e-06,0.0,3e-06,10.23
5.0,VeryLow,HRD2_urban,0.42,0.008218,1.1483,7.1e-05,3e-06,0.0,4e-06,14.19
5.0,VeryLow,HRD2_urban,0.43,0.00873,1.2201,9.5e-05,5e-06,0.0,6e-06,19.18
5.0,VeryLow,HRD2_urban,0.44,0.009243,1.2918,0.000124,7e-06,0.0,8e-06,25.35
5.0,VeryLow,HRD2_urban,0.45,0.009755,1.3636,0.000158,9e-06,0.0,1e-05,32.84
5.0,VeryLow,HRD2_urban,0.46,0.010268,1.4354,0.000198,1.2e-05,0.0,1.3e-05,41.8
5.0,VeryLow,HRD2_urban,0.47,0.01078,1.5072,0.000245,1.6e-05,0.0,1.6e-05,52.39
5.0,VeryLow,HRD2_urban,0.48,0.011292,1.5789,0.000298,2.1e-05,1e-06,1.9e-05,64.76
5.0,VeryLow,HRD2_urban,0.49,0.011805,1.6507,0.000358,2.6e-05,1e-06,2.4e-05,79.05
5.0,VeryLow,HRD2_urban,0.5,0.012317,1.7225,0.000425,3.3e-05,1e-06,2.9e-05,95.42
5.0,VeryLow,HRD2_urban,0.51,0.012317,1.7942,0.00048,4e-05,1e-06,3.3e-05,109.46
5.0,VeryLow,HRD2_urban,0.52,0.012317,1.866,0.000538,4.7e-05,2e-06,3.7e-05,124.61
5.0,VeryLow,HRD2_urban,0.53,0.012317,1.9737,0.00063,5.9e-05,2e-06,4.5e-05,149.42
5.0,VeryLow,HRD2_urban,0.54,0.012317,2.0813,0.000727,7.3e-05,3e-06,5.3e-05,176.74
5.0,VeryLow,HRD2_urban,0.55,0.012317,2.189,0.000829,8.9e-05,4e-06,6.2e-05,206.54
5.0,VeryLow,HRD2_urban,0.56,0.012317,2.2966,0.000936,0.000107,5e-06,7.2e-05,238.82
5.0,VeryLow,HRD2_urban,0.57,0.012317,2.4043,0.001045,0.000127,6e-06,8.2e-05,273.54
5.0,VeryLow,HRD2_urban,0.58,0.012317,2.5119,0.001158,0.000149,8e-06,9.3e-05,310.67
5.0,VeryLow,HRD2_urban,0.59,0.012317,2.6196,0.001273,0.000173,1e-05,0.000105,350.16
5.0,VeryLow,HRD2_urban,0.6,0.012317,2.7272,0.00139,0.0002,1.2e-05,0.000118,391.96
5.0,VeryLow,HRD2_urban,0.61,0.012317,2.8349,0.001508,0.000228,1.4e-05,0.000131,436.04
5.0,VeryLow,HRD2_urban,0.62,0.012317,2.9425,0.001627,0.000258,1.7e-05,0.000145,482.34
5.0,VeryLow,HRD2_urban,0.63,0.012317,3.0502,0.001745,0.000291,2e-05,0.000159,530.8
5.0,VeryLow,HRD2_urban,0.64,0.012317,3.1578,0.001864,0.000325,2.3e-05,0.000174,581.38
5.0,VeryLow,HRD2_urban,0.65,0.012317,3.2655,0.001982,0.000361,2.7e-05,0.00019,634.01
5.0,VeryLow,HRD2_urban,0.66,0.012317,3.3732,0.002099,0.000399,3.1e-05,0.000207,688.66
5.0,VeryLow,HRD2_urban,0.67,0.012317,3.4808,0.002215,0.000439,3.6e-05,0.000224,745.25
5.0,VeryLow,HRD2_urban,0.68,0.012317,3.5885,0.002329,0.00048,4.1e-05,0.000241,803.75
5.0,VeryLow,HRD2_urban,0.69,0.012317,3.6961,0.002441,0.000523,4.6e-05,0.000259,864.09
5.0,VeryLow,HRD2_urban,0.7,0.012317,3.8038,0.002551,0.000568,5.2e-05,0.000278,926.22
5.0,VeryLow,HRD2_urban,0.71,0.012317,3.9114,0.002659,0.000614,5.9e-05,0.000297,990.1
5.0,VeryLow,HRD2_urban,0.72,0.012317,4.0191,0.002765,0.000662,6.6e-05,0.000317,1055.66
5.0,VeryLow,HRD2_urban,0.73,0.012317,4.1267,0.002867,0.000711,7.3e-05,0.000337,1122.87
5.0,VeryLow,HRD2_urban,0.74,0.012317,4.2344,0.002967,0.000761,8.1e-05,0.000357,1191.66
5.0,VeryLow,HRD2_urban,0.75,0.012317,4.342,0.003065,0.000812,9e-05,0.000379,1262.0
5.0,VeryLow,HRD2_urban,0.76,0.012317,4.4497,0.003159,0.000864,9.9e-05,0.0004,1333.83
5.0,VeryLow,HRD2_urban,0.77,0.012317,4.5573,0.00325,0.000918,0.000109,0.000422,1407.12
5.0,VeryLow,HRD2_urban,0.78,0.012317,4.665,0.003339,0.000972,0.000119,0.000444,1481.8
5.0,VeryLow,HRD2_urban,0.79,0.012317,5.0837,0.003652,0.00119,0.000164,0.000535,1784.77
5.0,VeryLow,HRD2_urban,0.8,0.012317,5.5023,0.003918,0.001416,0.000218,0.000632,2105.81
5.0,VeryLow,HRD2_urban,0.81,0.012317,5.921,0.004138,0.001646,0.000281,0.000733,2442.65
5.0,VeryLow,HRD2_urban,0.82,0.012317,6.3396,0.004315,0.001877,0.000352,0.000838,2793.19
5.0,VeryLow,HRD2_urban,0.83,0.012317,6.7583,0.004452,0.002105,0.000433,0.000946,3155.49
5.0,VeryLow,HRD2_urban,0.84,0.012317,7.1769,0.004552,0.002329,0.000521,0.001058,3527.8
5.0,VeryLow,HRD2_urban,0.85,0.012317,7.5956,0.00462,0.002545,0.000618,0.001172,3908.47
5.0,VeryLow,HRD2_urban,0.86,0.012317,8.0142,0.00466,0.002753,0.000721,0.001289,4296.02
5.0,VeryLow,HRD2_urban,0.87,0.012317,8.4329,0.004674,0.002951,0.000832,0.001406,4689.07
5.0,VeryLow,HRD2_urban,0.88,0.012317,8.8515,0.004666,0.003138,0.000949,0.001526,5086.38
5.0,VeryLow,HRD2_urban,0.89,0.012317,9.2702,0.00464,0.003314,0.001073,0.001646,5486.78
5.0,VeryLow,HRD2_urban,0.9,0.012317,9.6888,0.004597,0.003479,0.001201,0.001766,5889.23
5.0,VeryLow,HRD2_urban,0.91,0.012317,10.1075,0.004542,0.003631,0.001334,0.001887,6292.78
5.0,VeryLow,HRD2_urban,0.92,0.012317,10.5262,0.004474,0.003772,0.001472,0.002009,6696.56
5.0,VeryLow,HRD2_urban,0.93,0.012317,10.9448,0.004398,0.003901,0.001613,0.00213,7099.78
5.0,VeryLow,HRD2_urban,0.94,0.012317,11.3635,0.004314,0.004018,0.001758,0.00225,7501.73
5.0,VeryLow,HRD2_urban,0.95,0.012317,11.7821,0.004224,0.004124,0.001906,0.00237,7901.77
5.0,VeryLow,HRD2_urban,0.96,0.012317,12.2008,0.004129,0.004219,0.002056,0.002489,8299.33
5.0,VeryLow,HRD2_urban,0.97,0.012317,12.6194,0.004031,0.004304,0.002208,0.002608,8693.89
5.0,VeryLow,HRD2_urban,0.98,0.012317,13.0381,0.00393,0.004379,0.002361,0.002725,9085.0
5.0,VeryLow,HRD2_urban,0.99,0.012317,13.4567,0.003827,0.004443,0.002516,0.002841,9472.24
5.0,VeryLow,HRD2_urban,1.0,0.012317,13.8754,0.003724,0.004499,0.002671,0.002956,9855.27
5.0,VeryLow,HRD2_urban,1.01,0.012317,14.294,0.00362,0.004546,0.002828,0.00307,10233.76
5.0,VeryLow,HRD2_urban,1.02,0.012317,14.7127,0.003516,0.004585,0.002984,0.003182,10607.45
5.0,VeryLow,HRD2_urban,1.03,0.012317,15.1313,0.003413,0.004617,0.00314,0.003292,10976.09
5.0,VeryLow,HRD2_urban,1.04,0.012317,15.55,0.00331,0.004641,0.003296,0.003401,11339.48
5.0,VeryLow,HRD2_urban,1.05,0.012317,15.55,0.00331,0.004641,0.003296,0.003401,11339.48
5.0,VeryLow,HRD2_urban,1.06,0.012317,15.55,0.00331,0.004641,0.003296,0.003401,11339.48
5.0,VeryLow,HRD2_urban,1.07,0.012317,15.55,0.00331,0.004641,0.003296,0.003401,11339.48
5.0,VeryLow,HRD2_urban,1.08,0.012317,15.55,0.00331,0.004641,0.003296,0.003401,11339.48
5.0,VeryLow,HRD2_urban,1.09,0.012317,15.55,0.00331,0.004641,0.003296,0.003401,11339.48
5.0,VeryLow,HRD2_urban,1.1,0.012317,15.55,0.00331,0.004641,0.003296,0.003401,11339.48
5.0,VeryLow,HRD2_urban,1.11,0.012317,15.55,0.00331,0.004641,0.003296,0.003401,11339.48
5.0,VeryLow,HRD2_urban,1.12,0.012317,15.55,0.00331,0.004641,0.003296,0.003401,11339.48
5.0,VeryLow,HRD2_urban,1.13,0.012317,15.55,0.00331,0.004641,0.003296,0.003401,11339.48
5.0,VeryLow,HRD2_urban,1.14,0.012317,15.55,0.00331,0.004641,0.003296,0.003401,11339.48
5.0,VeryLow,HRD2_urban,1.15,0.012317,15.55,0.00331,0.004641,0.003296,0.003401,11339.48
5.0,VeryLow,HRD2_urban,1.16,0.012317,15.55,0.00331,0.004641,0.003296,0.003401,11339.48
5.0,VeryLow,HRD2_urban,1.17,0.012317,15.55,0.00331,0.004641,0.003296,0.003401,11339.48
5.0,VeryLow,HRD2_urban,1.18,0.012317,15.55,0.00331,0.004641,0.003296,0.003401,11339.48
5.0,VeryLow,HRD2_urban,1.19,0.012317,15.55,0.00331,0.004641,0.003296,0.003401,11339.48
5.0,VeryLow,HRD2_urban,1.2,0.012317,15.55,0.00331,0.004641,0.003296,0.003401,11339.48
5.0,VeryLow,HRD2_urban,1.21,0.012317,15.55,0.00331,0.004641,0.003296,0.003401,11339.48
5.0,VeryLow,HRD2_urban,1.22,0.012317,15.55,0.00331,0.004641,0.003296,0.003401,11339.48
5.0,VeryLow,HRD2_urban,1.23,0.012317,15.55,0.00331,0.004641,0.003296,0.003401,11339.48
5.0,VeryLow,HRD2_urban,1.24,0.012317,15.55,0.00331,0.004641,0.003296,0.003401,11339.48
5.0,VeryLow,HRD2_urban,1.25,0.012317,15.55,0.00331,0.004641,0.003296,0.003401,11339.48
5.0,VeryLow,HRD2_urban,1.26,0.012317,15.55,0.00331,0.004641,0.003296,0.003401,11339.48
5.0,VeryLow,HRD2_urban,1.27,0.012317,15.55,0.00331,0.004641,0.003296,0.003401,11339.48
5.0,VeryLow,HRD2_urban,1.28,0.012317,15.55,0.00331,0.004641,0.003296,0.003401,11339.48
5.0,VeryLow,HRD2_urban,1.29,0.012317,15.55,0.00331,0.004641,0.003296,0.003401,11339.48
5.0,VeryLow,HRD2_urban,1.3,0.012317,15.55,0.00331,0.004641,0.003296,0.003401,11339.48
5.0,VeryLow,HRD2_urban,1.31,0.012317,15.55,0.00331,0.004641,0.003296,0.003401,11339.48
5.0,VeryLow,HRD2_urban,1.32,0.012317,15.55,0.00331,0.004641,0.003296,0.003401,11339.48
5.0,VeryLow,HRD2_urban,1.33,0.012317,15.55,0.00331,0.004641,0.003296,0.003401,11339.48
5.0,VeryLow,HRD2_urban,1.34,0.012317,15.55,0.00331,0.004641,0.003296,0.003401,11339.48
5.0,VeryLow,HRD2_urban,1.35,0.012317,15.55,0.00331,0.004641,0.003296,0.003401,11339.48
5.0,VeryLow,HRD2_urban,1.36,0.012317,15.55,0.00331,0.004641,0.003296,0.003401,11339.48
5.0,VeryLow,HRD2_urban,1.37,0.012317,15.55,0.00331,0.004641,0.003296,0.003401,11339.48
5.0,VeryLow,HRD2_urban,1.38,0.012317,15.55,0.00331,0.004641,0.003296,0.003401,11339.48
5.0,VeryLow,HRD2_urban,1.39,0.012317,15.55,0.00331,0.004641,0.003296,0.003401,11339.48
5.0,VeryLow,HRD2_urban,1.4,0.012317,15.55,0.00331,0.004641,0.003296,0.003401,11339.48
5.0,VeryLow,HRD2_urban,1.41,0.012317,15.55,0.00331,0.004641,0.003296,0.003401,11339.48
5.0,VeryLow,HRD2_urban,1.42,0.012317,15.55,0.00331,0.004641,0.003296,0.003401,11339.48
5.0,VeryLow,HRD2_urban,1.43,0.012317,15.55,0.00331,0.004641,0.003296,0.003401,11339.48
5.0,VeryLow,HRD2_urban,1.44,0.012317,15.55,0.00331,0.004641,0.003296,0.003401,11339.48
5.0,VeryLow,HRD2_urban,1.45,0.012317,15.55,0.00331,0.004641,0.003296,0.003401,11339.48
5.0,VeryLow,HRD2_urban,1.46,0.012317,15.55,0.00331,0.004641,0.003296,0.003401,11339.48
5.0,VeryLow,HRD2_urban,1.47,0.012317,15.55,0.00331,0.004641,0.003296,0.003401,11339.48
5.0,VeryLow,HRD2_urban,1.48,0.012317,15.55,0.00331,0.004641,0.003296,0.003401,11339.48
5.0,VeryLow,HRD2_urban,1.49,0.012317,15.55,0.00331,0.004641,0.003296,0.003401,11339.48
5.0,VeryLow,HRD2_urban,1.5,0.012317,15.55,0.00331,0.004641,0.003296,0.003401,11339.48
5.5,VeryHigh,HRD1_major,0.0,0.0,0.0,0.0,0.0,0.0,0.0,0.0
5.5,VeryHigh,HRD1_major,0.01,0.0,0.0,0.0,0.0,0.0,0.0,0.0
5.5,VeryHigh,HRD1_major,0.02,0.0,0.0,0.0,0.0,0.0,0.0,0.0
5.5,VeryHigh,HRD1_major,0.03,0.0,0.0,0.0,0.0,0.0,0.0,0.0
5.5,VeryHigh,HRD1_major,0.04,0.0,0.0,0.0,0.0,0.0,0.0,0.0
5.5,VeryHigh,HRD1_major,0.05,0.0,0.0,0.0,0.0,0.0,0.0,0.0
5.5,VeryHigh,HRD1_major,0.06,0.0,0.0,0.0,0.0,0.0,0.0,0.0
5.5,VeryHigh,HRD1_major,0.07,0.0,0.0,0.0,0.0,0.0,0.0,0.0
5.5,VeryHigh,HRD1_major,0.08,0.0,0.0,0.0,0.0,0.0,0.0,0.0
5.5,VeryHigh,HRD1_major,0.09,0.0,12.0,0.0,0.0,0.0,0.0,0.0
5.5,VeryHigh,HRD1_major,0.1,0.01496,12.0,0.005071,0.002248,0.000161,0.000816,5439.46
5.5,VeryHigh,HRD1_major,0.11,0.03024,12.0,0.01025,0.004545,0.000325,0.001649,10995.04
5.5,VeryHigh,HRD1_major,0.12,0.045519,12.0,0.015429,0.006841,0.000489,0.002482,16550.62
5.5,VeryHigh,HRD1_major,0.13,0.060798,12.0,0.020609,0.009137,0.000653,0.003315,22106.2
5.5,VeryHigh,HRD1_major,0.14,0.076078,12.0,0.025788,0.011434,0.000818,0.004148,27661.78
5.5,VeryHigh,HRD1_major,0.15,0.091357,12.0,0.030967,0.01373,0.000982,0.004982,33217.36
5.5,VeryHigh,HRD1_major,0.16,0.106637,12.0,0.036146,0.016026,0.001146,0.005815,38772.94
5.5,VeryHigh,HRD1_major,0.17,0.121916,12.0,0.041325,0.018323,0.00131,0.006648,44328.52
5.5,VeryHigh,HRD1_major,0.18,0.137196,12.0,0.046504,0.020619,0.001474,0.007481,49884.1
5.5,VeryHigh,HRD1_major,0.19,0.152475,12.0,0.051684,0.022915,0.001639,0.008314,55439.68
5.5,VeryHigh,HRD1_major,0.2,0.167755,12.0,0.056863,0.025212,0.001803,0.009147,60995.26
5.5,VeryHigh,HRD1_major,0.21,0.168091,12.0,0.056977,0.025262,0.001806,0.009166,61117.49
5.5,VeryHigh,HRD1_major,0.22,0.168091,12.0,0.056977,0.025262,0.001806,0.009166,61117.49
5.5,VeryHigh,HRD1_major,0.23,0.168091,12.0,0.056977,0.025262,0.001806,0.009166,61117.49
5.5,VeryHigh,HRD1_major,0.24,0.168091,12.0,0.056977,0.025262,0.001806,0.009166,61117.49
5.5,VeryHigh,HRD1_major,0.25,0.168091,12.0,0.056977,0.025262,0.001806,0.009166,61117.49
5.5,VeryHigh,HRD1_major,0.26,0.168091,12.0,0.056977,0.025262,0.001806,0.009166,61117.49
5.5,VeryHigh,HRD1_major,0.27,0.168091,12.0,0.056977,0.025262,0.001806,0.009166,61117.49
5.5,VeryHigh,HRD1_major,0.28,0.168091,12.0,0.056977,0.025262,0.001806,0.009166,61117.49
5.5,VeryHigh,HRD1_major,0.29,0.168091,12.1349,0.057386,0.025845,0.001884,0.009357,62394.07
5.5,VeryHigh,HRD1_major,0.3,0.168091,14.2067,0.06192,0.034815,0.003327,0.012388,82601.75
5.5,VeryHigh,HRD1_major,0.31,0.168091,16.2785,0.063682,0.043434,0.005243,0.015541,103627.46
5.5,VeryHigh,HRD1_major,0.32,0.168091,18.3503,0.063421,0.051337,0.007612,0.018767,125135.48
5.5,VeryHigh,HRD1_major,0.33,0.168091,20.4221,0.061764,0.058323,0.010393,0.022028,146881.09
5.5,VeryHigh,HRD1_major,0.34,0.168091,22.4939,0.0592,0.064311,0.013535,0.025297,168677.61
5.5,VeryHigh,HRD1_major,0.35,0.168091,24.5657,0.05609,0.069295,0.016982,0.028551,190377.75
5.5,VeryHigh,HRD1_major,0.36,0.168091,26.6375,0.052693,0.073319,0.020678,0.031773,211863.0
5.5,VeryHigh,HRD1_major,0.37,0.168091,26.6375,0.052693,0.073319,0.020678,0.031773,211863.0
5.5,VeryHigh,HRD1_major,0.38,0.168091,26.6375,0.052693,0.073319,0.020678,0.031773,211863.0
5.5,VeryHigh,HRD1_major,0.39,0.168091,26.6375,0.052693,0.073319,0.020678,0.031773,211863.0
5.5,VeryHigh,HRD1_major,0.4,0.168091,26.6375,0.052693,0.073319,0.020678,0.031773,211863.0
5.5,VeryHigh,HRD1_major,0.41,0.168091,26.6375,0.052693,0.073319,0.020678,0.031773,211863.0
5.5,VeryHigh,HRD1_major,0.42,0.168091,26.6375,0.052693,0.073319,0.020678,0.031773,211863.0
5.5,VeryHigh,HRD1_major,0.43,0.168091,26.6375,0.052693,0.073319,0.020678,0.031773,211863.0
5.5,VeryHigh,HRD1_major,0.44,0.168091,26.6375,0.052693,0.073319,0.020678,0.031773,211863.0
5.5,VeryHigh,HRD1_major,0.45,0.168091,26.6375,0.052693,0.073319,0.020678,0.031773,211863.0
5.5,VeryHigh,HRD1_major,0.46,0.168091,26.6375,0.052693,0.073319,0.020678,0.031773,211863.0
5.5,VeryHigh,HRD1_major,0.47,0.168091,26.6375,0.052693,0.073319,0.020678,0.031773,211863.0
5.5,VeryHigh,HRD1_major,0.48,0.168091,26.6375,0.052693,0.073319,0.020678,0.031773,211863.0
5.5,VeryHigh,HRD1_major,0.49,0.168091,26.6375,0.052693,0.073319,0.020678,0.031773,211863.0
5.5,VeryHigh,HRD1_major,0.5,0.168091,26.6375,0.052693,0.073319,0.020678,0.031773,211863.0
5.5,VeryHigh,HRD1_major,0.51,0.168091,26.6375,0.052693,0.073319,0.020678,0.031773,211863.0
5.5,VeryHigh,HRD1_major,0.52,0.168091,26.6375,0.052693,0.073319,0.020678,0.031773,211863.0
5.5,VeryHigh,HRD1_major,0.53,0.168091,26.6375,0.052693,0.073319,0.020678,0.031773,211863.0
5.5,VeryHigh,HRD1_major,0.54,0.168091,26.6375,0.052693,0.073319,0.020678,0.031773,211863.0
5.5,VeryHigh,HRD1_major,0.55,0.168091,26.6375,0.052693,0.073319,0.020678,0.031773,211863.0
5.5,VeryHigh,HRD1_major,0.56,0.168091,26.6375,0.052693,0.073319,0.020678,0.031773,211863.0
5.5,VeryHigh,HRD1_major,0.57,0.168091,26.6375,0.052693,0.073319,0.020678,0.031773,211863.0
5.5,VeryHigh,HRD1_major,0.58,0.168091,26.6375,0.052693,0.073319,0.020678,0.031773,211863.0
5.5,VeryHigh,HRD1_major,0.59,0.168091,26.6375,0.052693,0.073319,0.020678,0.031773,211863.0
5.5,VeryHigh,HRD1_major,0.6,0.168091,26.6375,0.052693,0.073319,0.020678,0.031773,211863.0
5.5,VeryHigh,HRD1_major,0.61,0.168091,26.6375,0.052693,0.073319,0.020678,0.031773,211863.0
5.5,VeryHigh,HRD1_major,0.62,0.168091,26.6375,0.052693,0.073319,0.020678,0.031773,211863.0
5.5,VeryHigh,HRD1_major,0.63,0.168091,26.6375,0.052693,0.073319,0.020678,0.031773,211863.0
5.5,VeryHigh,HRD1_major,0.64,0.168091,26.6375,0.052693,0.073319,0.020678,0.031773,211863.0
5.5,VeryHigh,HRD1_major,0.65,0.168091,26.6375,0.052693,0.073319,0.020678,0.031773,211863.0
5.5,VeryHigh,HRD1_major,0.66,0.168091,26.6375,0.052693,0.073319,0.020678,0.031773,211863.0
5.5,VeryHigh,HRD1_major,0.67,0.168091,26.6375,0.052693,0.073319,0.020678,0.031773,211863.0
5.5,VeryHigh,HRD1_major,0.68,0.168091,26.6375,0.052693,0.073319,0.020678,0.031773,211863.0
5.5,VeryHigh,HRD1_major,0.69,0.168091,26.6375,0.052693,0.073319,0.020678,0.031773,211863.0
5.5,VeryHigh,HRD1_major,0.7,0.168091,26.6375,0.052693,0.073319,0.020678,0.031773,211863.0
5.5,VeryHigh,HRD1_major,0.71,0.168091,26.6375,0.052693,0.073319,0.020678,0.031773,211863.0
5.5,VeryHigh,HRD1_major,0.72,0.168091,26.6375,0.052693,0.073319,0.020678,0.031773,211863.0
5.5,VeryHigh,HRD1_major,0.73,0.168091,26.6375,0.052693,0.073319,0.020678,0.031773,211863.0
5.5,VeryHigh,HRD1_major,0.74,0.168091,26.6375,0.052693,0.073319,0.020678,0.031773,211863.0
5.5,VeryHigh,HRD1_major,0.75,0.168091,26.6375,0.052693,0.073319,0.020678,0.031773,211863.0
5.5,VeryHigh,HRD1_major,0.76,0.168091,26.6375,0.052693,0.073319,0.020678,0.031773,211863.0
5.5,VeryHigh,HRD1_major,0.77,0.168091,26.6375,0.052693,0.073319,0.020678,0.031773,211863.0
5.5,VeryHigh,HRD1_major,0.78,0.168091,26.6375,0.052693,0.073319,0.020678,0.031773,211863.0
5.5,VeryHigh,HRD1_major,0.79,0.168091,26.6375,0.052693,0.073319,0.020678,0.031773,211863.0
5.5,VeryHigh,HRD1_major,0.8,0.168091,26.6375,0.052693,0.073319,0.020678,0.031773,211863.0
5.5,VeryHigh,HRD1_major,0.81,0.168091,26.6375,0.052693,0.073319,0.020678,0.031773,211863.0
5.5,VeryHigh,HRD1_major,0.82,0.168091,26.6375,0.052693,0.073319,0.020678,0.031773,211863.0
5.5,VeryHigh,HRD1_major,0.83,0.168091,26.6375,0.052693,0.073319,0.020678,0.031773,211863.0
5.5,VeryHigh,HRD1_major,0.84,0.168091,26.6375,0.052693,0.073319,0.020678,0.031773,211863.0
5.5,VeryHigh,HRD1_major,0.85,0.168091,26.6375,0.052693,0.073319,0.020678,0.031773,211863.0
5.5,VeryHigh,HRD1_major,0.86,0.168091,26.6375,0.052693,0.073319,0.020678,0.031773,211863.0
5.5,VeryHigh,HRD1_major,0.87,0.168091,26.6375,0.052693,0.073319,0.020678,0.031773,211863.0
5.5,VeryHigh,HRD1_major,0.88,0.168091,26.6375,0.052693,0.073319,0.020678,0.031773,211863.0
5.5,VeryHigh,HRD1_major,0.89,0.168091,26.6375,0.052693,0.073319,0.020678,0.031773,211863.0
5.5,VeryHigh,HRD1_major,0.9,0.168091,26.6375,0.052693,0.073319,0.020678,0.031773,211863.0
5.5,VeryHigh,HRD1_major,0.91,0.168091,26.6375,0.052693,0.073319,0.020678,0.031773,211863.0
5.5,VeryHigh,HRD1_major,0.92,0.168091,26.6375,0.052693,0.073319,0.020678,0.031773,211863.0
5.5,VeryHigh,HRD1_major,0.93,0.168091,26.6375,0.052693,0.073319,0.020678,0.031773,211863.0
5.5,VeryHigh,HRD1_major,0.94,0.168091,26.6375,0.052693,0.073319,0.020678,0.031773,211863.0
5.5,VeryHigh,HRD1_major,0.95,0.168091,26.6375,0.052693,0.073319,0.020678,0.031773,211863.0
5.5,VeryHigh,HRD1_major,0.96,0.168091,26.6375,0.052693,0.073319,0.020678,0.031773,211863.0
5.5,VeryHigh,HRD1_major,0.97,0.168091,26.6375,0.052693,0.073319,0.020678,0.031773,211863.0
5.5,VeryHigh,HRD1_major,0.98,0.168091,26.6375,0.052693,0.073319,0.020678,0.031773,211863.0
5.5,VeryHigh,HRD1_major,0.99,0.168091,26.6375,0.052693,0.073319,0.020678,0.031773,211863.0
5.5,VeryHigh,HRD1_major,1.0,0.168091,26.6375,0.052693,0.073319,0.020678,0.031773,211863.0
5.5,VeryHigh,HRD1_major,1.01,0.168091,26.6375,0.052693,0.073319,0.020678,0.031773,211863.0
5.5,VeryHigh,HRD1_major,1.02,0.168091,26.6375,0.052693,0.073319,0.020678,0.031773,211863.0
5.5,VeryHigh,HRD1_major,1.03,0.168091,26.6375,0.052693,0.073319,0.020678,0.031773,211863.0
5.5,VeryHigh,HRD1_major,1.04,0.168091,26.6375,0.052693,0.073319,0.020678,0.031773,211863.0
5.5,VeryHigh,HRD1_major,1.05,0.168091,26.6375,0.052693,0.073319,0.020678,0.031773,211863.0
5.5,VeryHigh,HRD1_major,1.06,0.168091,26.6375,0.052693,0.073319,0.020678,0.031773,211863.0
5.5,VeryHigh,HRD1_major,1.07,0.168091,26.6375,0.052693,0.073319,0.020678,0.031773,211863.0
5.5,VeryHigh,HRD1_major,1.08,0.168091,26.6375,0.052693,0.073319,0.020678,0.031773,211863.0
5.5,VeryHigh,HRD1_major,1.09,0.168091,26.6375,0.052693,0.073319,0.020678,0.031773,211863.0
5.5,VeryHigh,HRD1_major,1.1,0.168091,26.6375,0.052693,0.073319,0.020678,0.031773,211863.0
5.5,VeryHigh,HRD1_major,1.11,0.168091,26.6375,0.052693,0.073319,0.020678,0.031773,211863.0
5.5,VeryHigh,HRD1_major,1.12,0.168091,26.6375,0.052693,0.073319,0.020678,0.031773,211863.0
5.5,VeryHigh,HRD1_major,1.13,0.168091,26.6375,0.052693,0.073319,0.020678,0.031773,211863.0
5.5,VeryHigh,HRD1_major,1.14,0.168091,26.6375,0.052693,0.073319,0.020678,0.031773,211863.0
5.5,VeryHigh,HRD1_major,1.15,0.168091,26.6375,0.052693,0.073319,0.020678,0.031773,211863.0
5.5,VeryHigh,HRD1_major,1.16,0.168091,26.6375,0.052693,0.073319,0.020678,0.031773,211863.0
5.5,VeryHigh,HRD1_major,1.17,0.168091,26.6375,0.052693,0.073319,0.020678,0.031773,211863.0
5.5,VeryHigh,HRD1_major,1.18,0.168091,26.6375,0.052693,0.073319,0.020678,0.031773,211863.0
5.5,VeryHigh,HRD1_major,1.19,0.168091,26.6375,0.052693,0.073319,0.020678,0.031773,211863.0
5.5,VeryHigh,HRD1_major,1.2,0.168091,26.6375,0.052693,0.073319,0.020678,0.031773,211863.0
5.5,VeryHigh,HRD1_major,1.21,0.168091,26.6375,0.052693,0.073319,0.020678,0.031773,211863.0
5.5,VeryHigh,HRD1_major,1.22,0.168091,26.6375,0.052693,0.073319,0.020678,0.031773,211863.0
5.5,VeryHigh,HRD1_major,1.23,0.168091,26.6375,0.052693,0.073319,0.020678,0.031773,211863.0
5.5,VeryHigh,HRD1_major,1.24,0.168091,26.6375,0.052693,0.073319,0.020678,0.031773,211863.0
5.5,VeryHigh,HRD1_major,1.25,0.168091,26.6375,0.052693,0.073319,0.020678,0.031773,211863.0
5.5,VeryHigh,HRD1_major,1.26,0.168091,26.6375,0.052693,0.073319,0.020678,0.031773,211863.0
5.5,VeryHigh,HRD1_major,1.27,0.168091,26.6375,0.052693,0.073319,0.020678,0.031773,211863.0
5.5,VeryHigh,HRD1_major,1.28,0.168091,26.6375,0.052693,0.073319,0.020678,0.031773,211863.0
5.5,VeryHigh,HRD1_major,1.29,0.168091,26.6375,0.052693,0.073319,0.020678,0.031773,211863.0
5.5,VeryHigh,HRD1_major,1.3,0.168091,26.6375,0.052693,0.073319,0.020678,0.031773,211863.0
5.5,VeryHigh,HRD1_major,1.31,0.168091,26.6375,0.052693,0.073319,0.020678,0.031773,211863.0
5.5,VeryHigh,HRD1_major,1.32,0.168091,26.6375,0.052693,0.073319,0.020678,0.031773,211863.0
5.5,VeryHigh,HRD1_major,1.33,0.168091,26.6375,0.052693,0.073319,0.020678,0.031773,211863.0
5.5,VeryHigh,HRD1_major,1.34,0.168091,26.6375,0.052693,0.073319,0.020678,0.031773,211863.0
5.5,VeryHigh,HRD1_major,1.35,0.168091,26.6375,0.052693,0.073319,0.020678,0.031773,211863.0
5.5,VeryHigh,HRD1_major,1.36,0.168091,26.6375,0.052693,0.073319,0.020678,0.031773,211863.0
5.5,VeryHigh,HRD1_major,1.37,0.168091,26.6375,0.052693,0.073319,0.020678,0.031773,211863.0
5.5,VeryHigh,HRD1_major,1.38,0.168091,26.6375,0.052693,0.073319,0.020678,0.031773,211863.0
5.5,VeryHigh,HRD1_major,1.39,0.168091,26.6375,0.052693,0.073319,0.020678,0.031773,211863.0
5.5,VeryHigh,HRD1_major,1.4,0.168091,26.6375,0.052693,0.073319,0.020678,0.031773,211863.0
5.5,VeryHigh,HRD1_major,1.41,0.168091,26.6375,0.052693,0.073319,0.020678,0.031773,211863.0
5.5,VeryHigh,HRD1_major,1.42,0.168091,26.6375,0.052693,0.073319,0.020678,0.031773,211863.0
5.5,VeryHigh,HRD1_major,1.43,0.168091,26.6375,0.052693,0.073319,0.020678,0.031773,211863.0
5.5,VeryHigh,HRD1_major,1.44,0.168091,26.6375,0.052693,0.073319,0.020678,0.031773,211863.0
5.5,VeryHigh,HRD1_major,1.45,0.168091,26.6375,0.052693,0.073319,0.020678,0.031773,211863.0
5.5,VeryHigh,HRD1_major,1.46,0.168091,26.6375,0.052693,0.073319,0.020678,0.031773,211863.0
5.5,VeryHigh,HRD1_major,1.47,0.168091,26.6375,0.052693,0.073319,0.020678,0.031773,211863.0
5.5,VeryHigh,HRD1_major,1.48,0.168091,26.6375,0.052693,0.073319,0.020678,0.031773,211863.0
5.5,VeryHigh,HRD1_major,1.49,0.168091,26.6375,0.052693,0.073319,0.020678,0.031773,211863.0
5.5,VeryHigh,HRD1_major,1.5,0.168091,26.6375,0.052693,0.073319,0.020678,0.031773,211863.0
5.5,VeryHigh,HRD2_urban,0.0,0.0,0.0,0.0,0.0,0.0,0.0,0.0
5.5,VeryHigh,HRD2_urban,0.01,0.0,0.0,0.0,0.0,0.0,0.0,0.0
5.5,VeryHigh,HRD2_urban,0.02,0.0,0.0,0.0,0.0,0.0,0.0,0.0
5.5,VeryHigh,HRD2_urban,0.03,0.0,0.0,0.0,0.0,0.0,0.0,0.0
5.5,VeryHigh,HRD2_urban,0.04,0.0,0.0,0.0,0.0,0.0,0.0,0.0
5.5,VeryHigh,HRD2_urban,0.05,0.0,0.0,0.0,0.0,0.0,0.0,0.0
5.5,VeryHigh,HRD2_urban,0.06,0.0,0.0,0.0,0.0,0.0,0.0,0.0
5.5,VeryHigh,HRD2_urban,0.07,0.0,0.0,0.0,0.0,0.0,0.0,0.0
5.5,VeryHigh,HRD2_urban,0.08,0.0,0.0,0.0,0.0,0.0,0.0,0.0
5.5,VeryHigh,HRD2_urban,0.09,0.0,12.0,0.0,0.0,0.0,0.0,0.0
5.5,VeryHigh,HRD2_urban,0.1,0.01496,12.0,0.005071,0.005071,0.002409,0.002954,9849.0
5.5,VeryHigh,HRD2_urban,0.11,0.03024,12.0,0.01025,0.01025,0.00487,0.005971,19908.26
5.5,VeryHigh,HRD2_urban,0.12,0.045519,12.0,0.015429,0.015429,0.00733,0.008988,29967.52
5.5,VeryHigh,HRD2_urban,0.13,0.060798,12.0,0.020609,0.020609,0.009791,0.012006,40026.78
5.5,VeryHigh,HRD2_urban,0.14,0.076078,12.0,0.025788,0.025788,0.012251,0.015023,50086.04
5.5,VeryHigh,HRD2_urban,0.15,0.091357,12.0,0.030967,0.030967,0.014712,0.01804,60145.29
5.5,VeryHigh,HRD2_urban,0.16,0.106637,12.0,0.036146,0.036146,0.017172,0.021057,70204.55
5.5,VeryHigh,HRD2_urban,0.17,0.121916,12.0,0.041325,0.041325,0.019633,0.024074,80263.81
5.5,VeryHigh,HRD2_urban,0.18,0.137196,12.0,0.046504,0.046504,0.022093,0.027092,90323.07
5.5,VeryHigh,HRD2_urban,0.19,0.152475,12.0,0.051684,0.051684,0.024554,0.030109,100382.33
5.5,VeryHigh,HRD2_urban,0.2,0.167755,12.0,0.056863,0.056863,0.027014,0.033126,110441.59
5.5,VeryHigh,HRD2_urban,0.21,0.168091,12.0,0.056977,0.056977,0.027069,0.033192,110662.92
5.5,VeryHigh,HRD2_urban,0.22,0.168091,12.0,0.056977,0.056977,0.027069,0.033192,110662.92
5.5,VeryHigh,HRD2_urban,0.23,0.168091,12.0,0.056977,0.056977,0.027069,0.033192,110662.92
5.5,VeryHigh,HRD2_urban,0.24,0.168091,12.0,0.056977,0.056977,0.027069,0.033192,110662.92
5.5,VeryHigh,HRD2_urban,0.25,0.168091,12.0,0.056977,0.056977,0.027069,0.033192,110662.92
5.5,VeryHigh,HRD2_urban,0.26,0.168091,12.0,0.056977,0.056977,0.027069,0.033192,110662.92
5.5,VeryHigh,HRD2_urban,0.27,0.168091,12.0,0.056977,0.056977,0.027069,0.033192,110662.92
5.5,VeryHigh,HRD2_urban,0.28,0.168091,12.0,0.056977,0.056977,0.027069,0.033192,110662.92
5.5,VeryHigh,HRD2_urban,0.29,0.168091,12.1349,0.056557,0.057386,0.02773,0.033716,112408.47
5.5,VeryHigh,HRD2_urban,0.3,0.168091,14.2067,0.049692,0.06192,0.038142,0.041568,138586.4
5.5,VeryHigh,HRD2_urban,0.31,0.168091,16.2785,0.042795,0.063682,0.048677,0.04895,163200.28
5.5,VeryHigh,HRD2_urban,0.32,0.168091,18.3503,0.036453,0.063421,0.058949,0.055771,185940.61
5.5,VeryHigh,HRD2_urban,0.33,0.168091,20.4221,0.030874,0.061764,0.068716,0.061998,206700.72
5.5,VeryHigh,HRD2_urban,0.34,0.168091,22.4939,0.026082,0.0592,0.077846,0.067636,225498.61
5.5,VeryHigh,HRD2_urban,0.35,0.168091,24.5657,0.022023,0.05609,0.086277,0.072713,242424.72
5.5,VeryHigh,HRD2_urban,0.36,0.168091,26.6375,0.018609,0.052693,0.093997,0.077267,257608.03
5.5,VeryHigh,HRD2_urban,0.37,0.168091,26.6375,0.018609,0.052693,0.093997,0.077267,257608.03
5.5,VeryHigh,HRD2_urban,0.38,0.168091,26.6375,0.018609,0.052693,0.093997,0.077267,257608.03
5.5,VeryHigh,HRD2_urban,0.39,0.168091,26.6375,0.018609,0.052693,0.093997,0.077267,257608.03
5.5,VeryHigh,HRD2_urban,0.4,0.168091,26.6375,0.018609,0.052693,0.093997,0.077267,257608.03
5.5,VeryHigh,HRD2_urban,0.41,0.168091,26.6375,0.018609,0.052693,0.093997,0.077267,257608.03
5.5,VeryHigh,HRD2_urban,0.42,0.168091,26.6375,0.018609,0.052693,0.093997,0.077267,257608.03
5.5,VeryHigh,HRD2_urban,0.43,0.168091,26.6375,0.018609,0.052693,0.093997,0.077267,257608.03
5.5,VeryHigh,HRD2_urban,0.44,0.168091,26.6375,0.018609,0.052693,0.093997,0.077267,257608.03
5.5,VeryHigh,HRD2_urban,0.45,0.168091,26.6375,0.018609,0.052693,0.093997,0.077267,257608.03
5.5,VeryHigh,HRD2_urban,0.46,0.168091,26.6375,0.018609,0.052693,0.093997,0.077267,257608.03
5.5,VeryHigh,HRD2_urban,0.47,0.168091,26.6375,0.018609,0.052693,0.093997,0.077267,257608.03
5.5,VeryHigh,HRD2_urban,0.48,0.168091,26.6375,0.018609,0.052693,0.093997,0.077267,257608.03
5.5,VeryHigh,HRD2_urban,0.49,0.168091,26.6375,0.018609,0.052693,0.093997,0.077267,257608.03
5.5,VeryHigh,HRD2_urban,0.5,0.168091,26.6375,0.018609,0.052693,0.093997,0.077267,257608.03
5.5,VeryHigh,HRD2_urban,0.51,0.168091,26.6375,0.018609,0.052693,0.093997,0.077267,257608.03
5.5,VeryHigh,HRD2_urban,0.52,0.168091,26.6375,0.018609,0.052693,0.093997,0.077267,257608.03
5.5,VeryHigh,HRD2_urban,0.53,0.168091,26.6375,0.018609,0.052693,0.093997,0.077267,257608.03
5.5,VeryHigh,HRD2_urban,0.54,0.168091,26.6375,0.018609,0.052693,0.093997,0.077267,257608.03
5.5,VeryHigh,HRD2_urban,0.55,0.168091,26.6375,0.018609,0.052693,0.093997,0.077267,257608.03
5.5,VeryHigh,HRD2_urban,0.56,0.168091,26.6375,0.018609,0.052693,0.093997,0.077267,257608.03
5.5,VeryHigh,HRD2_urban,0.57,0.168091,26.6375,0.018609,0.052693,0.093997,0.077267,257608.03
5.5,VeryHigh,HRD2_urban,0.58,0.168091,26.6375,0.018609,0.052693,0.093997,0.077267,257608.03
5.5,VeryHigh,HRD2_urban,0.59,0.168091,26.6375,0.018609,0.052693,0.093997,0.077267,257608.03
5.5,VeryHigh,HRD2_urban,0.6,0.168091,26.6375,0.018609,0.052693,0.093997,0.077267,257608.03
5.5,VeryHigh,HRD2_urban,0.61,0.168091,26.6375,0.018609,0.052693,0.093997,0.077267,257608.03
5.5,VeryHigh,HRD2_urban,0.62,0.168091,26.6375,0.018609,0.052693,0.093997,0.077267,257608.03
5.5,VeryHigh,HRD2_urban,0.63,0.168091,26.6375,0.018609,0.052693,0.093997,0.077267,257608.03
5.5,VeryHigh,HRD2_urban,0.64,0.168091,26.6375,0.018609,0.052693,0.093997,0.077267,257608.03
5.5,VeryHigh,HRD2_urban,0.65,0.168091,26.6375,0.018609,0.052693,0.093997,0.077267,257608.03
5.5,VeryHigh,HRD2_urban,0.66,0.168091,26.6375,0.018609,0.052693,0.093997,0.077267,257608.03
5.5,VeryHigh,HRD2_urban,0.67,0.168091,26.6375,0.018609,0.052693,0.093997,0.077267,257608.03
5.5,VeryHigh,HRD2_urban,0.68,0.168091,26.6375,0.018609,0.052693,0.093997,0.077267,257608.03
5.5,VeryHigh,HRD2_urban,0.69,0.168091,26.6375,0.018609,0.052693,0.093997,0.077267,257608.03
5.5,VeryHigh,HRD2_urban,0.7,0.168091,26.6375,0.018609,0.052693,0.093997,0.077267,257608.03
5.5,VeryHigh,HRD2_urban,0.71,0.168091,26.6375,0.018609,0.052693,0.093997,0.077267,257608.03
5.5,VeryHigh,HRD2_urban,0.72,0.168091,26.6375,0.018609,0.052693,0.093997,0.077267,257608.03
5.5,VeryHigh,HRD2_urban,0.73,0.168091,26.6375,0.018609,0.052693,0.093997,0.077267,257608.03
5.5,VeryHigh,HRD2_urban,0.74,0.168091,26.6375,0.018609,0.052693,0.093997,0.077267,257608.03
5.5,VeryHigh,HRD2_urban,0.75,0.168091,26.6375,0.018609,0.052693,0.093997,0.077267,257608.03
5.5,VeryHigh,HRD2_urban,0.76,0.168091,26.6375,0.018609,0.052693,0.093997,0.077267,257608.03
5.5,VeryHigh,HRD2_urban,0.77,0.168091,26.6375,0.018609,0.052693,0.093997,0.077267,257608.03
5.5,VeryHigh,HRD2_urban,0.78,0.168091,26.6375,0.018609,0.052693,0.093997,0.077267,257608.03
5.5,VeryHigh,HRD2_urban,0.79,0.168091,26.6375,0.018609,0.052693,0.093997,0.077267,257608.03
5.5,VeryHigh,HRD2_urban,0.8,0.168091,26.6375,0.018609,0.052693,0.093997,0.077267,257608.03
5.5,VeryHigh,HRD2_urban,0.81,0.168091,26.6375,0.018609,0.052693,0.093997,0.077267,257608.03
5.5,VeryHigh,HRD2_urban,0.82,0.168091,26.6375,0.018609,0.052693,0.093997,0.077267,257608.03
5.5,VeryHigh,HRD2_urban,0.83,0.168091,26.6375,0.018609,0.052693,0.093997,0.077267,257608.03
5.5,VeryHigh,HRD2_urban,0.84,0.168091,26.6375,0.018609,0.052693,0.093997,0.077267,257608.03
5.5,VeryHigh,HRD2_urban,0.85,0.168091,26.6375,0.018609,0.052693,0.093997,0.077267,257608.03
5.5,VeryHigh,HRD2_urban,0.86,0.168091,26.6375,0.018609,0.052693,0.093997,0.077267,257608.03
5.5,VeryHigh,HRD2_urban,0.87,0.168091,26.6375,0.018609,0.052693,0.093997,0.077267,257608.03
5.5,VeryHigh,HRD2_urban,0.88,0.168091,26.6375,0.018609,0.052693,0.093997,0.077267,257608.03
5.5,VeryHigh,HRD2_urban,0.89,0.168091,26.6375,0.018609,0.052693,0.093997,0.077267,257608.03
5.5,VeryHigh,HRD2_urban,0.9,0.168091,26.6375,0.018609,0.052693,0.093997,0.077267,257608.03
5.5,VeryHigh,HRD2_urban,0.91,0.168091,26.6375,0.018609,0.052693,0.093997,0.077267,257608.03
5.5,VeryHigh,HRD2_urban,0.92,0.168091,26.6375,0.018609,0.052693,0.093997,0.077267,257608.03
5.5,VeryHigh,HRD2_urban,0.93,0.168091,26.6375,0.018609,0.052693,0.093997,0.077267,257608.03
5.5,VeryHigh,HRD2_urban,0.94,0.168091,26.6375,0.018609,0.052693,0.093997,0.077267,257608.03
5.5,VeryHigh,HRD2_urban,0.95,0.168091,26.6375,0.018609,0.052693,0.093997,0.077267,257608.03
5.5,VeryHigh,HRD2_urban,0.96,0.168091,26.6375,0.018609,0.052693,0.093997,0.077267,257608.03
5.5,VeryHigh,HRD2_urban,0.97,0.168091,26.6375,0.018609,0.052693,0.093997,0.077267,257608.03
5.5,VeryHigh,HRD2_urban,0.98,0.168091,26.6375,0.018609,0.052693,0.093997,0.077267,257608.03
5.5,VeryHigh,HRD2_urban,0.99,0.168091,26.6375,0.018609,0.052693,0.093997,0.077267,257608.03
5.5,VeryHigh,HRD2_urban,1.0,0.168091,26.6375,0.018609,0.052693,0.093997,0.077267,257608.03
5.5,VeryHigh,HRD2_urban,1.01,0.168091,26.6375,0.018609,0.052693,0.093997,0.077267,257608.03
5.5,VeryHigh,HRD2_urban,1.02,0.168091,26.6375,0.018609,0.052693,0.093997,0.077267,257608.03
5.5,VeryHigh,HRD2_urban,1.03,0.168091,26.6375,0.018609,0.052693,0.093997,0.077267,257608.03
5.5,VeryHigh,HRD2_urban,1.04,0.168091,26.6375,0.018609,0.052693,0.093997,0.077267,257608.03
5.5,VeryHigh,HRD2_urban,1.05,0.168091,26.6375,0.018609,0.052693,0.093997,0.077267,257608.03
5.5,VeryHigh,HRD2_urban,1.06,0.168091,26.6375,0.018609,0.052693,0.093997,0.077267,257608.03
5.5,VeryHigh,HRD2_urban,1.07,0.168091,26.6375,0.018609,0.052693,0.093997,0.077267,257608.03
5.5,VeryHigh,HRD2_urban,1.08,0.168091,26.6375,0.018609,0.052693,0.093997,0.077267,257608.03
5.5,VeryHigh,HRD2_urban,1.09,0.168091,26.6375,0.018609,0.052693,0.093997,0.077267,257608.03
5.5,VeryHigh,HRD2_urban,1.1,0.168091,26.6375,0.018609,0.052693,0.093997,0.077267,257608.03
5.5,VeryHigh,HRD2_urban,1.11,0.168091,26.6375,0.018609,0.052693,0.093997,0.077267,257608.03
5.5,VeryHigh,HRD2_urban,1.12,0.168091,26.6375,0.018609,0.052693,0.093997,0.077267,257608.03
5.5,VeryHigh,HRD2_urban,1.13,0.168091,26.6375,0.018609,0.052693,0.093997,0.077267,257608.03
5.5,VeryHigh,HRD2_urban,1.14,0.168091,26.6375,0.018609,0.052693,0.093997,0.077267,257608.03
5.5,VeryHigh,HRD2_urban,1.15,0.168091,26.6375,0.018609,0.052693,0.093997,0.077267,257608.03
5.5,VeryHigh,HRD2_urban,1.16,0.168091,26.6375,0.018609,0.052693,0.093997,0.077267,257608.03
5.5,VeryHigh,HRD2_urban,1.17,0.168091,26.6375,0.018609,0.052693,0.093997,0.077267,257608.03
5.5,VeryHigh,HRD2_urban,1.18,0.168091,26.6375,0.018609,0.052693,0.093997,0.077267,257608.03
5.5,VeryHigh,HRD2_urban,1.19,0.168091,26.6375,0.018609,0.052693,0.093997,0.077267,257608.03
5.5,VeryHigh,HRD2_urban,1.2,0.168091,26.6375,0.018609,0.052693,0.093997,0.077267,257608.03
5.5,VeryHigh,HRD2_urban,1.21,0.168091,26.6375,0.018609,0.052693,0.093997,0.077267,257608.03
5.5,VeryHigh,HRD2_urban,1.22,0.168091,26.6375,0.018609,0.052693,0.093997,0.077267,257608.03
5.5,VeryHigh,HRD2_urban,1.23,0.168091,26.6375,0.018609,0.052693,0.093997,0.077267,257608.03
5.5,VeryHigh,HRD2_urban,1.24,0.168091,26.6375,0.018609,0.052693,0.093997,0.077267,257608.03
5.5,VeryHigh,HRD2_urban,1.25,0.168091,26.6375,0.018609,0.052693,0.093997,0.077267,257608.03
5.5,VeryHigh,HRD2_urban,1.26,0.168091,26.6375,0.018609,0.052693,0.093997,0.077267,257608.03
5.5,VeryHigh,HRD2_urban,1.27,0.168091,26.6375,0.018609,0.052693,0.093997,0.077267,257608.03
5.5,VeryHigh,HRD2_urban,1.28,0.168091,26.6375,0.018609,0.052693,0.093997,0.077267,257608.03
5.5,VeryHigh,HRD2_urban,1.29,0.168091,26.6375,0.018609,0.052693,0.093997,0.077267,257608.03
5.5,VeryHigh,HRD2_urban,1.3,0.168091,26.6375,0.018609,0.052693,0.093997,0.077267,257608.03
5.5,VeryHigh,HRD2_urban,1.31,0.168091,26.6375,0.018609,0.052693,0.093997,0.077267,257608.03
5.5,VeryHigh,HRD2_urban,1.32,0.168091,26.6375,0.018609,0.052693,0.093997,0.077267,257608.03
5.5,VeryHigh,HRD2_urban,1.33,0.168091,26.6375,0.018609,0.052693,0.093997,0.077267,257608.03
5.5,VeryHigh,HRD2_urban,1.34,0.168091,26.6375,0.018609,0.052693,0.093997,0.077267,257608.03
5.5,VeryHigh,HRD2_urban,1.35,0.168091,26.6375,0.018609,0.052693,0.093997,0.077267,257608.03
5.5,VeryHigh,HRD2_urban,1.36,0.168091,26.6375,0.018609,0.052693,0.093997,0.077267,257608.03
5.5,VeryHigh,HRD2_urban,1.37,0.168091,26.6375,0.018609,0.052693,0.093997,0.077267,257608.03
5.5,VeryHigh,HRD2_urban,1.38,0.168091,26.6375,0.018609,0.052693,0.093997,0.077267,257608.03
5.5,VeryHigh,HRD2_urban,1.39,0.168091,26.6375,0.018609,0.052693,0.093997,0.077267,257608.03
5.5,VeryHigh,HRD2_urban,1.4,0.168091,26.6375,0.018609,0.052693,0.093997,0.077267,257608.03
5.5,VeryHigh,HRD2_urban,1.41,0.168091,26.6375,0.018609,0.052693,0.093997,0.077267,257608.03
5.5,VeryHigh,HRD2_urban,1.42,0.168091,26.6375,0.018609,0.052693,0.093997,0.077267,257608.03
5.5,VeryHigh,HRD2_urban,1.43,0.168091,26.6375,0.018609,0.052693,0.093997,0.077267,257608.03
5.5,VeryHigh,HRD2_urban,1.44,0.168091,26.6375,0.018609,0.052693,0.093997,0.077267,257608.03
5.5,VeryHigh,HRD2_urban,1.45,0.168091,26.6375,0.018609,0.052693,0.093997,0.077267,257608.03
5.5,VeryHigh,HRD2_urban,1.46,0.168091,26.6375,0.018609,0.052693,0.093997,0.077267,257608.03
5.5,VeryHigh,HRD2_urban,1.47,0.168091,26.6375,0.018609,0.052693,0.093997,0.077267,257608.03
5.5,VeryHigh,HRD2_urban,1.48,0.168091,26.6375,0.018609,0.052693,0.093997,0.077267,257608.03
5.5,VeryHigh,HRD2_urban,1.49,0.168091,26.6375,0.018609,0.052693,0.093997,0.077267,257608.03
5.5,VeryHigh,HRD2_urban,1.5,0.168091,26.6375,0.018609,0.052693,0.093997,0.077267,257608.03
5.5,High,HRD1_major,0.0,0.0,0.0,0.0,0.0,0.0,0.0,0.0
5.5,High,HRD1_major,0.01,0.0,0.0,0.0,0.0,0.0,0.0,0.0
5.5,High,HRD1_major,0.02,0.0,0.0,0.0,0.0,0.0,0.0,0.0
5.5,High,HRD1_major,0.03,0.0,0.0,0.0,0.0,0.0,0.0,0.0
5.5,High,HRD1_major,0.04,0.0,0.0,0.0,0.0,0.0,0.0,0.0
5.5,High,HRD1_major,0.05,0.0,0.0,0.0,0.0,0.0,0.0,0.0
5.5,High,HRD1_major,0.06,0.0,0.0,0.0,0.0,0.0,0.0,0.0
5.5,High,HRD1_major,0.07,0.0,0.0,0.0,0.0,0.0,0.0,0.0
5.5,High,HRD1_major,0.08,0.0,0.0,0.0,0.0,0.0,0.0,0.0
5.5,High,HRD1_major,0.09,0.0,0.0,0.0,0.0,0.0,0.0,0.0
5.5,High,HRD1_major,0.1,0.0,0.0,0.0,0.0,0.0,0.0,0.0
5.5,High,HRD1_major,0.11,0.0,0.0,0.0,0.0,0.0,0.0,0.0
5.5,High,HRD1_major,0.12,5.4e-05,6.0,7e-06,1e-06,0.0,1e-06,4.26
5.5,High,HRD1_major,0.13,0.010368,6.0,0.001423,0.000242,5e-06,0.000123,821.09
5.5,High,HRD1_major,0.14,0.020682,6.0,0.002838,0.000482,1e-05,0.000246,1637.92
5.5,High,HRD1_major,0.15,0.030996,6.0,0.004253,0.000723,1.6e-05,0.000368,2454.75
5.5,High,HRD1_major,0.16,0.04131,6.0,0.005668,0.000964,2.1e-05,0.000491,3271.58
5.5,High,HRD1_major,0.17,0.051624,6.0,0.007083,0.001204,2.6e-05,0.000613,4088.41
5.5,High,HRD1_major,0.18,0.061938,6.0,0.008498,0.001445,3.1e-05,0.000736,4905.24
5.5,High,HRD1_major,0.19,0.072252,6.0,0.009914,0.001685,3.6e-05,0.000858,5722.07
5.5,High,HRD1_major,0.2,0.082566,6.0,0.011329,0.001926,4.1e-05,0.000981,6538.9
5.5,High,HRD1_major,0.21,0.09288,6.0,0.012744,0.002167,4.7e-05,0.001103,7355.73
5.5,High,HRD1_major,0.22,0.103194,6.0,0.014159,0.002407,5.2e-05,0.001226,8172.56
5.5,High,HRD1_major,0.23,0.113508,6.0,0.015574,0.002648,5.7e-05,0.001348,8989.39
5.5,High,HRD1_major,0.24,0.123822,6.0,0.016989,0.002888,6.2e-05,0.001471,9806.22
5.5,High,HRD1_major,0.25,0.134136,6.0,0.018405,0.003129,6.7e-05,0.001593,10623.05
5.5,High,HRD1_major,0.26,0.134473,6.0,0.018451,0.003137,6.8e-05,0.001597,10649.68
5.5,High,HRD1_major,0.27,0.134473,6.0,0.018451,0.003137,6.8e-05,0.001597,10649.68
5.5,High,HRD1_major,0.28,0.134473,6.0,0.018451,0.003137,6.8e-05,0.001597,10649.68
5.5,High,HRD1_major,0.29,0.134473,6.0,0.018451,0.003137,6.8e-05,0.001597,10649.68
5.5,High,HRD1_major,0.3,0.134473,6.0,0.018451,0.003137,6.8e-05,0.001597,10649.68
5.5,High,HRD1_major,0.31,0.134473,6.0,0.018451,0.003137,6.8e-05,0.001597,10649.68
5.5,High,HRD1_major,0.32,0.134473,6.393,0.020814,0.00386,9.3e-05,0.001878,12519.83
5.5,High,HRD1_major,0.33,0.134473,6.7926,0.023188,0.004673,0.000125,0.002181,14545.86
5.5,High,HRD1_major,0.34,0.134473,7.1921,0.025512,0.005561,0.000164,0.002503,16688.44
5.5,High,HRD1_major,0.35,0.134473,7.5917,0.027765,0.00652,0.000211,0.00284,18938.83
5.5,High,HRD1_major,0.36,0.134473,7.9912,0.029933,0.007544,0.000267,0.003193,21288.71
5.5,High,HRD1_major,0.37,0.134473,9.5451,0.037378,0.012045,0.000581,0.004684,31234.83
5.5,High,HRD1_major,0.38,0.134473,11.099,0.043074,0.017123,0.001071,0.006328,42192.16
5.5,High,HRD1_major,0.39,0.134473,12.6528,0.047058,0.022474,0.00176,0.00808,53876.88
5.5,High,HRD1_major,0.4,0.134473,14.2067,0.049536,0.027852,0.002662,0.00991,66081.4
5.5,High,HRD1_major,0.41,0.134473,15.7605,0.050767,0.033068,0.003776,0.011795,78651.67
5.5,High,HRD1_major,0.42,0.134473,17.3144,0.05101,0.037993,0.005098,0.013718,91470.51
5.5,High,HRD1_major,0.43,0.134473,18.8682,0.050493,0.04254,0.006616,0.015664,104446.17
5.5,High,HRD1_major,0.44,0.134473,20.4221,0.049411,0.046659,0.008314,0.017622,117504.87
5.5,High,HRD1_major,0.45,0.134473,21.9759,0.047924,0.050327,0.010175,0.019584,130585.85
5.5,High,HRD1_major,0.46,0.134473,23.5298,0.046156,0.053541,0.012179,0.021541,143638.17
5.5,High,HRD1_major,0.47,0.134473,25.0836,0.044207,0.056311,0.014308,0.023488,156618.65
5.5,High,HRD1_major,0.48,0.134473,26.6375,0.042154,0.058655,0.016542,0.025418,169490.4
5.5,High,HRD1_major,0.49,0.134473,26.6375,0.042154,0.058655,0.016542,0.025418,169490.4
5.5,High,HRD1_major,0.5,0.134473,26.6375,0.042154,0.058655,0.016542,0.025418,169490.4
5.5,High,HRD1_major,0.51,0.134473,26.6375,0.042154,0.058655,0.016542,0.025418,169490.4
5.5,High,HRD1_major,0.52,0.134473,26.6375,0.042154,0.058655,0.016542,0.025418,169490.4
5.5,High,HRD1_major,0.53,0.134473,26.6375,0.042154,0.058655,0.016542,0.025418,169490.4
5.5,High,HRD1_major,0.54,0.134473,26.6375,0.042154,0.058655,0.016542,0.025418,169490.4
5.5,High,HRD1_major,0.55,0.134473,26.6375,0.042154,0.058655,0.016542,0.025418,169490.4
5.5,High,HRD1_major,0.56,0.134473,26.6375,0.042154,0.058655,0.016542,0.025418,169490.4
5.5,High,HRD1_major,0.57,0.134473,26.6375,0.042154,0.058655,0.016542,0.025418,169490.4
5.5,High,HRD1_major,0.58,0.134473,26.6375,0.042154,0.058655,0.016542,0.025418,169490.4
5.5,High,HRD1_major,0.59,0.134473,26.6375,0.042154,0.058655,0.016542,0.025418,169490.4
5.5,High,HRD1_major,0.6,0.134473,26.6375,0.042154,0.058655,0.016542,0.025418,169490.4
5.5,High,HRD1_major,0.61,0.134473,26.6375,0.042154,0.058655,0.016542,0.025418,169490.4
5.5,High,HRD1_major,0.62,0.134473,26.6375,0.042154,0.058655,0.016542,0.025418,169490.4
5.5,High,HRD1_major,0.63,0.134473,26.6375,0.042154,0.058655,0.016542,0.025418,169490.4
5.5,High,HRD1_major,0.64,0.134473,26.6375,0.042154,0.058655,0.016542,0.025418,169490.4
5.5,High,HRD1_major,0.65,0.134473,26.6375,0.042154,0.058655,0.016542,0.025418,169490.4
5.5,High,HRD1_major,0.66,0.134473,26.6375,0.042154,0.058655,0.016542,0.025418,169490.4
5.5,High,HRD1_major,0.67,0.134473,26.6375,0.042154,0.058655,0.016542,0.025418,169490.4
5.5,High,HRD1_major,0.68,0.134473,26.6375,0.042154,0.058655,0.016542,0.025418,169490.4
5.5,High,HRD1_major,0.69,0.134473,26.6375,0.042154,0.058655,0.016542,0.025418,169490.4
5.5,High,HRD1_major,0.7,0.134473,26.6375,0.042154,0.058655,0.016542,0.025418,169490.4
5.5,High,HRD1_major,0.71,0.134473,26.6375,0.042154,0.058655,0.016542,0.025418,169490.4
5.5,High,HRD1_major,0.72,0.134473,26.6375,0.042154,0.058655,0.016542,0.025418,169490.4
5.5,High,HRD1_major,0.73,0.134473,26.6375,0.042154,0.058655,0.016542,0.025418,169490.4
5.5,High,HRD1_major,0.74,0.134473,26.6375,0.042154,0.058655,0.016542,0.025418,169490.4
5.5,High,HRD1_major,0.75,0.134473,26.6375,0.042154,0.058655,0.016542,0.025418,169490.4
5.5,High,HRD1_major,0.76,0.134473,26.6375,0.042154,0.058655,0.016542,0.025418,169490.4
5.5,High,HRD1_major,0.77,0.134473,26.6375,0.042154,0.058655,0.016542,0.025418,169490.4
5.5,High,HRD1_major,0.78,0.134473,26.6375,0.042154,0.058655,0.016542,0.025418,169490.4
5.5,High,HRD1_major,0.79,0.134473,26.6375,0.042154,0.058655,0.016542,0.025418,169490.4
5.5,High,HRD1_major,0.8,0.134473,26.6375,0.042154,0.058655,0.016542,0.025418,169490.4
5.5,High,HRD1_major,0.81,0.134473,26.6375,0.042154,0.058655,0.016542,0.025418,169490.4
5.5,High,HRD1_major,0.82,0.134473,26.6375,0.042154,0.058655,0.016542,0.025418,169490.4
5.5,High,HRD1_major,0.83,0.134473,26.6375,0.042154,0.058655,0.016542,0.025418,169490.4
5.5,High,HRD1_major,0.84,0.134473,26.6375,0.042154,0.058655,0.016542,0.025418,169490.4
5.5,High,HRD1_major,0.85,0.134473,26.6375,0.042154,0.058655,0.016542,0.025418,169490.4
5.5,High,HRD1_major,0.86,0.134473,26.6375,0.042154,0.058655,0.016542,0.025418,169490.4
5.5,High,HRD1_major,0.87,0.134473,26.6375,0.042154,0.058655,0.016542,0.025418,169490.4
5.5,High,HRD1_major,0.88,0.134473,26.6375,0.042154,0.058655,0.016542,0.025418,169490.4
5.5,High,HRD1_major,0.89,0.134473,26.6375,0.042154,0.058655,0.016542,0.025418,169490.4
5.5,High,HRD1_major,0.9,0.134473,26.6375,0.042154,0.058655,0.016542,0.025418,169490.4
5.5,High,HRD1_major,0.91,0.134473,26.6375,0.042154,0.058655,0.016542,0.025418,169490.4
5.5,High,HRD1_major,0.92,0.134473,26.6375,0.042154,0.058655,0.016542,0.025418,169490.4
5.5,High,HRD1_major,0.93,0.134473,26.6375,0.042154,0.058655,0.016542,0.025418,169490.4
5.5,High,HRD1_major,0.94,0.134473,26.6375,0.042154,0.058655,0.016542,0.025418,169490.4
5.5,High,HRD1_major,0.95,0.134473,26.6375,0.042154,0.058655,0.016542,0.025418,169490.4
5.5,High,HRD1_major,0.96,0.134473,26.6375,0.042154,0.058655,0.016542,0.025418,169490.4
5.5,High,HRD1_major,0.97,0.134473,26.6375,0.042154,0.058655,0.016542,0.025418,169490.4
5.5,High,HRD1_major,0.98,0.134473,26.6375,0.042154,0.058655,0.016542,0.025418,169490.4
5.5,High,HRD1_major,0.99,0.134473,26.6375,0.042154,0.058655,0.016542,0.025418,169490.4
5.5,High,HRD1_major,1.0,0.134473,26.6375,0.042154,0.058655,0.016542,0.025418,169490.4
5.5,High,HRD1_major,1.01,0.134473,26.6375,0.042154,0.058655,0.016542,0.025418,169490.4
5.5,High,HRD1_major,1.02,0.134473,26.6375,0.042154,0.058655,0.016542,0.025418,169490.4
5.5,High,HRD1_major,1.03,0.134473,26.6375,0.042154,0.058655,0.016542,0.025418,169490.4
5.5,High,HRD1_major,1.04,0.134473,26.6375,0.042154,0.058655,0.016542,0.025418,169490.4
5.5,High,HRD1_major,1.05,0.134473,26.6375,0.042154,0.058655,0.016542,0.025418,169490.4
5.5,High,HRD1_major,1.06,0.134473,26.6375,0.042154,0.058655,0.016542,0.025418,169490.4
5.5,High,HRD1_major,1.07,0.134473,26.6375,0.042154,0.058655,0.016542,0.025418,169490.4
5.5,High,HRD1_major,1.08,0.134473,26.6375,0.042154,0.058655,0.016542,0.025418,169490.4
5.5,High,HRD1_major,1.09,0.134473,26.6375,0.042154,0.058655,0.016542,0.025418,169490.4
5.5,High,HRD1_major,1.1,0.134473,26.6375,0.042154,0.058655,0.016542,0.025418,169490.4
5.5,High,HRD1_major,1.11,0.134473,26.6375,0.042154,0.058655,0.016542,0.025418,169490.4
5.5,High,HRD1_major,1.12,0.134473,26.6375,0.042154,0.058655,0.016542,0.025418,169490.4
5.5,High,HRD1_major,1.13,0.134473,26.6375,0.042154,0.058655,0.016542,0.025418,169490.4
5.5,High,HRD1_major,1.14,0.134473,26.6375,0.042154,0.058655,0.016542,0.025418,169490.4
5.5,High,HRD1_major,1.15,0.134473,26.6375,0.042154,0.058655,0.016542,0.025418,169490.4
5.5,High,HRD1_major,1.16,0.134473,26.6375,0.042154,0.058655,0.016542,0.025418,169490.4
5.5,High,HRD1_major,1.17,0.134473,26.6375,0.042154,0.058655,0.016542,0.025418,169490.4
5.5,High,HRD1_major,1.18,0.134473,26.6375,0.042154,0.058655,0.016542,0.025418,169490.4
5.5,High,HRD1_major,1.19,0.134473,26.6375,0.042154,0.058655,0.016542,0.025418,169490.4
5.5,High,HRD1_major,1.2,0.134473,26.6375,0.042154,0.058655,0.016542,0.025418,169490.4
5.5,High,HRD1_major,1.21,0.134473,26.6375,0.042154,0.058655,0.016542,0.025418,169490.4
5.5,High,HRD1_major,1.22,0.134473,26.6375,0.042154,0.058655,0.016542,0.025418,169490.4
5.5,High,HRD1_major,1.23,0.134473,26.6375,0.042154,0.058655,0.016542,0.025418,169490.4
5.5,High,HRD1_major,1.24,0.134473,26.6375,0.042154,0.058655,0.016542,0.025418,169490.4
5.5,High,HRD1_major,1.25,0.134473,26.6375,0.042154,0.058655,0.016542,0.025418,169490.4
5.5,High,HRD1_major,1.26,0.134473,26.6375,0.042154,0.058655,0.016542,0.025418,169490.4
5.5,High,HRD1_major,1.27,0.134473,26.6375,0.042154,0.058655,0.016542,0.025418,169490.4
5.5,High,HRD1_major,1.28,0.134473,26.6375,0.042154,0.058655,0.016542,0.025418,169490.4
5.5,High,HRD1_major,1.29,0.134473,26.6375,0.042154,0.058655,0.016542,0.025418,169490.4
5.5,High,HRD1_major,1.3,0.134473,26.6375,0.042154,0.058655,0.016542,0.025418,169490.4
5.5,High,HRD1_major,1.31,0.134473,26.6375,0.042154,0.058655,0.016542,0.025418,169490.4
5.5,High,HRD1_major,1.32,0.134473,26.6375,0.042154,0.058655,0.016542,0.025418,169490.4
5.5,High,HRD1_major,1.33,0.134473,26.6375,0.042154,0.058655,0.016542,0.025418,169490.4
5.5,High,HRD1_major,1.34,0.134473,26.6375,0.042154,0.058655,0.016542,0.025418,169490.4
5.5,High,HRD1_major,1.35,0.134473,26.6375,0.042154,0.058655,0.016542,0.025418,169490.4
5.5,High,HRD1_major,1.36,0.134473,26.6375,0.042154,0.058655,0.016542,0.025418,169490.4
5.5,High,HRD1_major,1.37,0.134473,26.6375,0.042154,0.058655,0.016542,0.025418,169490.4
5.5,High,HRD1_major,1.38,0.134473,26.6375,0.042154,0.058655,0.016542,0.025418,169490.4
5.5,High,HRD1_major,1.39,0.134473,26.6375,0.042154,0.058655,0.016542,0.025418,169490.4
5.5,High,HRD1_major,1.4,0.134473,26.6375,0.042154,0.058655,0.016542,0.025418,169490.4
5.5,High,HRD1_major,1.41,0.134473,26.6375,0.042154,0.058655,0.016542,0.025418,169490.4
5.5,High,HRD1_major,1.42,0.134473,26.6375,0.042154,0.058655,0.016542,0.025418,169490.4
5.5,High,HRD1_major,1.43,0.134473,26.6375,0.042154,0.058655,0.016542,0.025418,169490.4
5.5,High,HRD1_major,1.44,0.134473,26.6375,0.042154,0.058655,0.016542,0.025418,169490.4
5.5,High,HRD1_major,1.45,0.134473,26.6375,0.042154,0.058655,0.016542,0.025418,169490.4
5.5,High,HRD1_major,1.46,0.134473,26.6375,0.042154,0.058655,0.016542,0.025418,169490.4
5.5,High,HRD1_major,1.47,0.134473,26.6375,0.042154,0.058655,0.016542,0.025418,169490.4
5.5,High,HRD1_major,1.48,0.134473,26.6375,0.042154,0.058655,0.016542,0.025418,169490.4
5.5,High,HRD1_major,1.49,0.134473,26.6375,0.042154,0.058655,0.016542,0.025418,169490.4
5.5,High,HRD1_major,1.5,0.134473,26.6375,0.042154,0.058655,0.016542,0.025418,169490.4
5.5,High,HRD2_urban,0.0,0.0,0.0,0.0,0.0,0.0,0.0,0.0
5.5,High,HRD2_urban,0.01,0.0,0.0,0.0,0.0,0.0,0.0,0.0
5.5,High,HRD2_urban,0.02,0.0,0.0,0.0,0.0,0.0,0.0,0.0
5.5,High,HRD2_urban,0.03,0.0,0.0,0.0,0.0,0.0,0.0,0.0
5.5,High,HRD2_urban,0.04,0.0,0.0,0.0,0.0,0.0,0.0,0.0
5.5,High,HRD2_urban,0.05,0.0,0.0,0.0,0.0,0.0,0.0,0.0
5.5,High,HRD2_urban,0.06,0.0,0.0,0.0,0.0,0.0,0.0,0.0
5.5,High,HRD2_urban,0.07,0.0,0.0,0.0,0.0,0.0,0.0,0.0
5.5,High,HRD2_urban,0.08,0.0,0.0,0.0,0.0,0.0,0.0,0.0
5.5,High,HRD2_urban,0.09,0.0,0.0,0.0,0.0,0.0,0.0,0.0
5.5,High,HRD2_urban,0.1,0.0,0.0,0.0,0.0,0.0,0.0,0.0
5.5,High,HRD2_urban,0.11,0.0,0.0,0.0,0.0,0.0,0.0,0.0
5.5,High,HRD2_urban,0.12,5.4e-05,6.0,1.8e-05,7e-06,1e-06,3e-06,10.95
5.5,High,HRD2_urban,0.13,0.010368,6.0,0.003514,0.001423,0.000247,0.000633,2110.95
5.5,High,HRD2_urban,0.14,0.020682,6.0,0.00701,0.002838,0.000493,0.001263,4210.95
5.5,High,HRD2_urban,0.15,0.030996,6.0,0.010507,0.004253,0.000739,0.001893,6310.95
5.5,High,HRD2_urban,0.16,0.04131,6.0,0.014003,0.005668,0.000984,0.002523,8410.94
5.5,High,HRD2_urban,0.17,0.051624,6.0,0.017499,0.007083,0.00123,0.003153,10510.94
5.5,High,HRD2_urban,0.18,0.061938,6.0,0.020995,0.008498,0.001476,0.003783,12610.94
5.5,High,HRD2_urban,0.19,0.072252,6.0,0.024491,0.009914,0.001722,0.004412,14710.94
5.5,High,HRD2_urban,0.2,0.082566,6.0,0.027987,0.011329,0.001967,0.005042,16810.93
5.5,High,HRD2_urban,0.21,0.09288,6.0,0.031483,0.012744,0.002213,0.005672,18910.93
5.5,High,HRD2_urban,0.22,0.103194,6.0,0.034979,0.014159,0.002459,0.006302,21010.93
5.5,High,HRD2_urban,0.23,0.113508,6.0,0.038475,0.015574,0.002705,0.006932,23110.93
5.5,High,HRD2_urban,0.24,0.123822,6.0,0.041971,0.016989,0.00295,0.007562,25210.93
5.5,High,HRD2_urban,0.25,0.134136,6.0,0.045467,0.018405,0.003196,0.008192,27310.92
5.5,High,HRD2_urban,0.26,0.134473,6.0,0.045581,0.018451,0.003204,0.008212,27379.37
5.5,High,HRD2_urban,0.27,0.134473,6.0,0.045581,0.018451,0.003204,0.008212,27379.37
5.5,High,HRD2_urban,0.28,0.134473,6.0,0.045581,0.018451,0.003204,0.008212,27379.37
5.5,High,HRD2_urban,0.29,0.134473,6.0,0.045581,0.018451,0.003204,0.008212,27379.37
5.5,High,HRD2_urban,0.3,0.134473,6.0,0.045581,0.018451,0.003204,0.008212,27379.37
5.5,High,HRD2_urban,0.31,0.134473,6.0,0.045581,0.018451,0.003204,0.008212,27379.37
5.5,High,HRD2_urban,0.32,0.134473,6.393,0.047326,0.020814,0.003953,0.009296,30992.3
5.5,High,HRD2_urban,0.33,0.134473,6.7926,0.048709,0.023188,0.004798,0.010432,34779.22
5.5,High,HRD2_urban,0.34,0.134473,7.1921,0.049735,0.025512,0.005726,0.011597,38664.18
5.5,High,HRD2_urban,0.35,0.134473,7.5917,0.050439,0.027765,0.006732,0.012787,42631.8
5.5,High,HRD2_urban,0.36,0.134473,7.9912,0.050857,0.029933,0.007812,0.013998,46667.92
5.5,High,HRD2_urban,0.37,0.134473,9.5451,0.050369,0.037378,0.012626,0.018832,62785.34
5.5,High,HRD2_urban,0.38,0.134473,11.099,0.047686,0.043074,0.018193,0.023734,79129.7
5.5,High,HRD2_urban,0.39,0.134473,12.6528,0.043919,0.047058,0.024234,0.028572,95257.67
5.5,High,HRD2_urban,0.4,0.134473,14.2067,0.039754,0.049536,0.030513,0.033254,110869.12
5.5,High,HRD2_urban,0.41,0.134473,15.7605,0.035586,0.050767,0.036845,0.037724,125771.65
5.5,High,HRD2_urban,0.42,0.134473,17.3144,0.031629,0.05101,0.043091,0.041947,139852.0
5.5,High,HRD2_urban,0.43,0.134473,18.8682,0.027987,0.050493,0.049156,0.045907,153053.79
5.5,High,HRD2_urban,0.44,0.134473,20.4221,0.024699,0.049411,0.054973,0.049598,165360.58
5.5,High,HRD2_urban,0.45,0.134473,21.9759,0.021767,0.047924,0.060502,0.053024,176783.21
5.5,High,HRD2_urban,0.46,0.134473,23.5298,0.019173,0.046156,0.06572,0.056194,187350.54
5.5,High,HRD2_urban,0.47,0.134473,25.0836,0.01689,0.044207,0.070619,0.059119,197102.72
5.5,High,HRD2_urban,0.48,0.134473,26.6375,0.014887,0.042154,0.075198,0.061814,206086.43
5.5,High,HRD2_urban,0.49,0.134473,26.6375,0.014887,0.042154,0.075198,0.061814,206086.43
5.5,High,HRD2_urban,0.5,0.134473,26.6375,0.014887,0.042154,0.075198,0.061814,206086.43
5.5,High,HRD2_urban,0.51,0.134473,26.6375,0.014887,0.042154,0.075198,0.061814,206086.43
5.5,High,HRD2_urban,0.52,0.134473,26.6375,0.014887,0.042154,0.075198,0.061814,206086.43
5.5,High,HRD2_urban,0.53,0.134473,26.6375,0.014887,0.042154,0.075198,0.061814,206086.43
5.5,High,HRD2_urban,0.54,0.134473,26.6375,0.014887,0.042154,0.075198,0.061814,206086.43
5.5,High,HRD2_urban,0.55,0.134473,26.6375,0.014887,0.042154,0.075198,0.061814,206086.43
5.5,High,HRD2_urban,0.56,0.134473,26.6375,0.014887,0.042154,0.075198,0.061814,206086.43
5.5,High,HRD2_urban,0.57,0.134473,26.6375,0.014887,0.042154,0.075198,0.061814,206086.43
5.5,High,HRD2_urban,0.58,0.134473,26.6375,0.014887,0.042154,0.075198,0.061814,206086.43
5.5,High,HRD2_urban,0.59,0.134473,26.6375,0.014887,0.042154,0.075198,0.061814,206086.43
5.5,High,HRD2_urban,0.6,0.134473,26.6375,0.014887,0.042154,0.075198,0.061814,206086.43
5.5,High,HRD2_urban,0.61,0.134473,26.6375,0.014887,0.042154,0.075198,0.061814,206086.43
5.5,High,HRD2_urban,0.62,0.134473,26.6375,0.014887,0.042154,0.075198,0.061814,206086.43
5.5,High,HRD2_urban,0.63,0.134473,26.6375,0.014887,0.042154,0.075198,0.061814,206086.43
5.5,High,HRD2_urban,0.64,0.134473,26.6375,0.014887,0.042154,0.075198,0.061814,206086.43
5.5,High,HRD2_urban,0.65,0.134473,26.6375,0.014887,0.042154,0.075198,0.061814,206086.43
5.5,High,HRD2_urban,0.66,0.134473,26.6375,0.014887,0.042154,0.075198,0.061814,206086.43
5.5,High,HRD2_urban,0.67,0.134473,26.6375,0.014887,0.042154,0.075198,0.061814,206086.43
5.5,High,HRD2_urban,0.68,0.134473,26.6375,0.014887,0.042154,0.075198,0.061814,206086.43
5.5,High,HRD2_urban,0.69,0.134473,26.6375,0.014887,0.042154,0.075198,0.061814,206086.43
5.5,High,HRD2_urban,0.7,0.134473,26.6375,0.014887,0.042154,0.075198,0.061814,206086.43
5.5,High,HRD2_urban,0.71,0.134473,26.6375,0.014887,0.042154,0.075198,0.061814,206086.43
5.5,High,HRD2_urban,0.72,0.134473,26.6375,0.014887,0.042154,0.075198,0.061814,206086.43
5.5,High,HRD2_urban,0.73,0.134473,26.6375,0.014887,0.042154,0.075198,0.061814,206086.43
5.5,High,HRD2_urban,0.74,0.134473,26.6375,0.014887,0.042154,0.075198,0.061814,206086.43
5.5,High,HRD2_urban,0.75,0.134473,26.6375,0.014887,0.042154,0.075198,0.061814,206086.43
5.5,High,HRD2_urban,0.76,0.134473,26.6375,0.014887,0.042154,0.075198,0.061814,206086.43
5.5,High,HRD2_urban,0.77,0.134473,26.6375,0.014887,0.042154,0.075198,0.061814,206086.43
5.5,High,HRD2_urban,0.78,0.134473,26.6375,0.014887,0.042154,0.075198,0.061814,206086.43
5.5,High,HRD2_urban,0.79,0.134473,26.6375,0.014887,0.042154,0.075198,0.061814,206086.43
5.5,High,HRD2_urban,0.8,0.134473,26.6375,0.014887,0.042154,0.075198,0.061814,206086.43
5.5,High,HRD2_urban,0.81,0.134473,26.6375,0.014887,0.042154,0.075198,0.061814,206086.43
5.5,High,HRD2_urban,0.82,0.134473,26.6375,0.014887,0.042154,0.075198,0.061814,206086.43
5.5,High,HRD2_urban,0.83,0.134473,26.6375,0.014887,0.042154,0.075198,0.061814,206086.43
5.5,High,HRD2_urban,0.84,0.134473,26.6375,0.014887,0.042154,0.075198,0.061814,206086.43
5.5,High,HRD2_urban,0.85,0.134473,26.6375,0.014887,0.042154,0.075198,0.061814,206086.43
5.5,High,HRD2_urban,0.86,0.134473,26.6375,0.014887,0.042154,0.075198,0.061814,206086.43
5.5,High,HRD2_urban,0.87,0.134473,26.6375,0.014887,0.042154,0.075198,0.061814,206086.43
5.5,High,HRD2_urban,0.88,0.134473,26.6375,0.014887,0.042154,0.075198,0.061814,206086.43
5.5,High,HRD2_urban,0.89,0.134473,26.6375,0.014887,0.042154,0.075198,0.061814,206086.43
5.5,High,HRD2_urban,0.9,0.134473,26.6375,0.014887,0.042154,0.075198,0.061814,206086.43
5.5,High,HRD2_urban,0.91,0.134473,26.6375,0.014887,0.042154,0.075198,0.061814,206086.43
5.5,High,HRD2_urban,0.92,0.134473,26.6375,0.014887,0.042154,0.075198,0.061814,206086.43
5.5,High,HRD2_urban,0.93,0.134473,26.6375,0.014887,0.042154,0.075198,0.061814,206086.43
5.5,High,HRD2_urban,0.94,0.134473,26.6375,0.014887,0.042154,0.075198,0.061814,206086.43
5.5,High,HRD2_urban,0.95,0.134473,26.6375,0.014887,0.042154,0.075198,0.061814,206086.43
5.5,High,HRD2_urban,0.96,0.134473,26.6375,0.014887,0.042154,0.075198,0.061814,206086.43
5.5,High,HRD2_urban,0.97,0.134473,26.6375,0.014887,0.042154,0.075198,0.061814,206086.43
5.5,High,HRD2_urban,0.98,0.134473,26.6375,0.014887,0.042154,0.075198,0.061814,206086.43
5.5,High,HRD2_urban,0.99,0.134473,26.6375,0.014887,0.042154,0.075198,0.061814,206086.43
5.5,High,HRD2_urban,1.0,0.134473,26.6375,0.014887,0.042154,0.075198,0.061814,206086.43
5.5,High,HRD2_urban,1.01,0.134473,26.6375,0.014887,0.042154,0.075198,0.061814,206086.43
5.5,High,HRD2_urban,1.02,0.134473,26.6375,0.014887,0.042154,0.075198,0.061814,206086.43
5.5,High,HRD2_urban,1.03,0.134473,26.6375,0.014887,0.042154,0.075198,0.061814,206086.43
5.5,High,HRD2_urban,1.04,0.134473,26.6375,0.014887,0.042154,0.075198,0.061814,206086.43
5.5,High,HRD2_urban,1.05,0.134473,26.6375,0.014887,0.042154,0.075198,0.061814,206086.43
5.5,High,HRD2_urban,1.06,0.134473,26.6375,0.014887,0.042154,0.075198,0.061814,206086.43
5.5,High,HRD2_urban,1.07,0.134473,26.6375,0.014887,0.042154,0.075198,0.061814,206086.43
5.5,High,HRD2_urban,1.08,0.134473,26.6375,0.014887,0.042154,0.075198,0.061814,206086.43
5.5,High,HRD2_urban,1.09,0.134473,26.6375,0.014887,0.042154,0.075198,0.061814,206086.43
5.5,High,HRD2_urban,1.1,0.134473,26.6375,0.014887,0.042154,0.075198,0.061814,206086.43
5.5,High,HRD2_urban,1.11,0.134473,26.6375,0.014887,0.042154,0.075198,0.061814,206086.43
5.5,High,HRD2_urban,1.12,0.134473,26.6375,0.014887,0.042154,0.075198,0.061814,206086.43
5.5,High,HRD2_urban,1.13,0.134473,26.6375,0.014887,0.042154,0.075198,0.061814,206086.43
5.5,High,HRD2_urban,1.14,0.134473,26.6375,0.014887,0.042154,0.075198,0.061814,206086.43
5.5,High,HRD2_urban,1.15,0.134473,26.6375,0.014887,0.042154,0.075198,0.061814,206086.43
5.5,High,HRD2_urban,1.16,0.134473,26.6375,0.014887,0.042154,0.075198,0.061814,206086.43
5.5,High,HRD2_urban,1.17,0.134473,26.6375,0.014887,0.042154,0.075198,0.061814,206086.43
5.5,High,HRD2_urban,1.18,0.134473,26.6375,0.014887,0.042154,0.075198,0.061814,206086.43
5.5,High,HRD2_urban,1.19,0.134473,26.6375,0.014887,0.042154,0.075198,0.061814,206086.43
5.5,High,HRD2_urban,1.2,0.134473,26.6375,0.014887,0.042154,0.075198,0.061814,206086.43
5.5,High,HRD2_urban,1.21,0.134473,26.6375,0.014887,0.042154,0.075198,0.061814,206086.43
5.5,High,HRD2_urban,1.22,0.134473,26.6375,0.014887,0.042154,0.075198,0.061814,206086.43
5.5,High,HRD2_urban,1.23,0.134473,26.6375,0.014887,0.042154,0.075198,0.061814,206086.43
5.5,High,HRD2_urban,1.24,0.134473,26.6375,0.014887,0.042154,0.075198,0.061814,206086.43
5.5,High,HRD2_urban,1.25,0.134473,26.6375,0.014887,0.042154,0.075198,0.061814,206086.43
5.5,High,HRD2_urban,1.26,0.134473,26.6375,0.014887,0.042154,0.075198,0.061814,206086.43
5.5,High,HRD2_urban,1.27,0.134473,26.6375,0.014887,0.042154,0.075198,0.061814,206086.43
5.5,High,HRD2_urban,1.28,0.134473,26.6375,0.014887,0.042154,0.075198,0.061814,206086.43
5.5,High,HRD2_urban,1.29,0.134473,26.6375,0.014887,0.042154,0.075198,0.061814,206086.43
5.5,High,HRD2_urban,1.3,0.134473,26.6375,0.014887,0.042154,0.075198,0.061814,206086.43
5.5,High,HRD2_urban,1.31,0.134473,26.6375,0.014887,0.042154,0.075198,0.061814,206086.43
5.5,High,HRD2_urban,1.32,0.134473,26.6375,0.014887,0.042154,0.075198,0.061814,206086.43
5.5,High,HRD2_urban,1.33,0.134473,26.6375,0.014887,0.042154,0.075198,0.061814,206086.43
5.5,High,HRD2_urban,1.34,0.134473,26.6375,0.014887,0.042154,0.075198,0.061814,206086.43
5.5,High,HRD2_urban,1.35,0.134473,26.6375,0.014887,0.042154,0.075198,0.061814,206086.43
5.5,High,HRD2_urban,1.36,0.134473,26.6375,0.014887,0.042154,0.075198,0.061814,206086.43
5.5,High,HRD2_urban,1.37,0.134473,26.6375,0.014887,0.042154,0.075198,0.061814,206086.43
5.5,High,HRD2_urban,1.38,0.134473,26.6375,0.014887,0.042154,0.075198,0.061814,206086.43
5.5,High,HRD2_urban,1.39,0.134473,26.6375,0.014887,0.042154,0.075198,0.061814,206086.43
5.5,High,HRD2_urban,1.4,0.134473,26.6375,0.014887,0.042154,0.075198,0.061814,206086.43
5.5,High,HRD2_urban,1.41,0.134473,26.6375,0.014887,0.042154,0.075198,0.061814,206086.43
5.5,High,HRD2_urban,1.42,0.134473,26.6375,0.014887,0.042154,0.075198,0.061814,206086.43
5.5,High,HRD2_urban,1.43,0.134473,26.6375,0.014887,0.042154,0.075198,0.061814,206086.43
5.5,High,HRD2_urban,1.44,0.134473,26.6375,0.014887,0.042154,0.075198,0.061814,206086.43
5.5,High,HRD2_urban,1.45,0.134473,26.6375,0.014887,0.042154,0.075198,0.061814,206086.43
5.5,High,HRD2_urban,1.46,0.134473,26.6375,0.014887,0.042154,0.075198,0.061814,206086.43
5.5,High,HRD2_urban,1.47,0.134473,26.6375,0.014887,0.042154,0.075198,0.061814,206086.43
5.5,High,HRD2_urban,1.48,0.134473,26.6375,0.014887,0.042154,0.075198,0.061814,206086.43
5.5,High,HRD2_urban,1.49,0.134473,26.6375,0.014887,0.042154,0.075198,0.061814,206086.43
5.5,High,HRD2_urban,1.5,0.134473,26.6375,0.014887,0.042154,0.075198,0.061814,206086.43
5.5,Moderate,HRD1_major,0.0,0.0,0.0,0.0,0.0,0.0,0.0,0.0
5.5,Moderate,HRD1_major,0.01,0.0,0.0,0.0,0.0,0.0,0.0,0.0
5.5,Moderate,HRD1_major,0.02,0.0,0.0,0.0,0.0,0.0,0.0,0.0
5.5,Moderate,HRD1_major,0.03,0.0,0.0,0.0,0.0,0.0,0.0,0.0
5.5,Moderate,HRD1_major,0.04,0.0,0.0,0.0,0.0,0.0,0.0,0.0
5.5,Moderate,HRD1_major,0.05,0.0,0.0,0.0,0.0,0.0,0.0,0.0
5.5,Moderate,HRD1_major,0.06,0.0,0.0,0.0,0.0,0.0,0.0,0.0
5.5,Moderate,HRD1_major,0.07,0.0,0.0,0.0,0.0,0.0,0.0,0.0
5.5,Moderate,HRD1_major,0.08,0.0,0.0,0.0,0.0,0.0,0.0,0.0
5.5,Moderate,HRD1_major,0.09,0.0,0.0,0.0,0.0,0.0,0.0,0.0
5.5,Moderate,HRD1_major,0.1,0.0,0.0,0.0,0.0,0.0,0.0,0.0
5.5,Moderate,HRD1_major,0.11,0.0,0.0,0.0,0.0,0.0,0.0,0.0
5.5,Moderate,HRD1_major,0.12,0.0,0.0,0.0,0.0,0.0,0.0,0.0
5.5,Moderate,HRD1_major,0.13,0.0,0.0,0.0,0.0,0.0,0.0,0.0
5.5,Moderate,HRD1_major,0.14,0.0,0.0,0.0,0.0,0.0,0.0,0.0
5.5,Moderate,HRD1_major,0.15,3.4e-05,2.0,0.0,0.0,0.0,0.0,0.07
5.5,Moderate,HRD1_major,0.16,0.004518,2.0,2.3e-05,1e-06,0.0,1e-06,8.77
5.5,Moderate,HRD1_major,0.17,0.009003,2.0,4.5e-05,2e-06,0.0,3e-06,17.48
5.5,Moderate,HRD1_major,0.18,0.013488,2.0,6.8e-05,3e-06,0.0,4e-06,26.18
5.5,Moderate,HRD1_major,0.19,0.017972,2.0,9.1e-05,3e-06,0.0,5e-06,34.89
5.5,Moderate,HRD1_major,0.2,0.022457,2.0,0.000113,4e-06,0.0,7e-06,43.6
5.5,Moderate,HRD1_major,0.21,0.026942,2.0,0.000136,5e-06,0.0,8e-06,52.3
5.5,Moderate,HRD1_major,0.22,0.031426,2.0,0.000159,6e-06,0.0,9e-06,61.01
5.5,Moderate,HRD1_major,0.23,0.035911,2.0,0.000181,7e-06,0.0,1e-05,69.71
5.5,Moderate,HRD1_major,0.24,0.040396,2.0,0.000204,8e-06,0.0,1.2e-05,78.42
5.5,Moderate,HRD1_major,0.25,0.04488,2.131,0.000292,1.2e-05,0.0,1.7e-05,113.66
5.5,Moderate,HRD1_major,0.26,0.049365,2.3441,0.000463,2.2e-05,0.0,2.8e-05,184.02
5.5,Moderate,HRD1_major,0.27,0.05385,2.5572,0.000695,3.7e-05,0.0,4.2e-05,281.97
5.5,Moderate,HRD1_major,0.28,0.058334,2.7703,0.000998,5.9e-05,0.0,6.2e-05,413.0
5.5,Moderate,HRD1_major,0.29,0.062819,2.9834,0.001378,9e-05,1e-06,8.7e-05,582.68
5.5,Moderate,HRD1_major,0.3,0.067236,3.1965,0.001843,0.000133,1e-06,0.000119,795.76
5.5,Moderate,HRD1_major,0.31,0.067236,3.5161,0.002468,0.000202,2e-06,0.000165,1100.85
5.5,Moderate,HRD1_major,0.32,0.067236,3.8358,0.003175,0.000293,3e-06,0.000219,1462.83
5.5,Moderate,HRD1_major,0.33,0.067236,4.1554,0.003951,0.000407,5e-06,0.000282,1881.42
5.5,Moderate,HRD1_major,0.34,0.067236,4.4751,0.004786,0.000545,7e-06,0.000353,2355.59
5.5,Moderate,HRD1_major,0.35,0.067236,4.7947,0.005668,0.000709,1e-05,0.000432,2883.79
5.5,Moderate,HRD1_major,0.36,0.067236,5.1144,0.006585,0.0009,1.5e-05,0.00052,3464.05
5.5,Moderate,HRD1_major,0.37,0.067236,5.434,0.007527,0.001117,2e-05,0.000614,4094.17
5.5,Moderate,HRD1_major,0.38,0.067236,5.7537,0.008484,0.001362,2.7e-05,0.000716,4771.81
5.5,Moderate,HRD1_major,0.39,0.067236,6.0733,0.009446,0.001633,3.6e-05,0.000824,5494.54
5.5,Moderate,HRD1_major,0.4,0.067236,6.393,0.010407,0.00193,4.6e-05,0.000939,6259.92
5.5,Moderate,HRD1_major,0.41,0.067236,6.7126,0.011358,0.002252,5.9e-05,0.00106,7065.52
5.5,Moderate,HRD1_major,0.42,0.067236,7.0323,0.012295,0.002599,7.4e-05,0.001186,7909.0
5.5,Moderate,HRD1_major,0.43,0.067236,7.3519,0.013211,0.002968,9.1e-05,0.001318,8788.07
5.5,Moderate,HRD1_major,0.44,0.067236,7.6716,0.014103,0.00336,0.000111,0.001455,9700.55
5.5,Moderate,HRD1_major,0.45,0.067236,7.9912,0.014967,0.003772,0.000134,0.001596,10644.35
5.5,Moderate,HRD1_major,0.46,0.067236,9.2343,0.018012,0.005544,0.000252,0.002186,14577.0
5.5,Moderate,HRD1_major,0.47,0.067236,10.4774,0.020504,0.007521,0.000426,0.002828,18854.01
5.5,Moderate,HRD1_major,0.48,0.067236,11.7205,0.022432,0.009623,0.000661,0.003509,23395.91
5.5,Moderate,HRD1_major,0.49,0.067236,12.9636,0.023833,0.011777,0.000962,0.00422,28140.89
5.5,Moderate,HRD1_major,0.5,0.067236,14.2067,0.024768,0.013926,0.001331,0.004955,33040.7
5.5,Moderate,HRD1_major,0.51,0.067236,15.4497,0.025304,0.016022,0.001768,0.005707,38057.2
5.5,Moderate,HRD1_major,0.52,0.067236,16.6928,0.025508,0.018032,0.002273,0.006473,43159.74
5.5,Moderate,HRD1_major,0.53,0.067236,17.9359,0.025441,0.01993,0.002841,0.007247,48323.21
5.5,Moderate,HRD1_major,0.54,0.067236,19.179,0.025158,0.021699,0.003471,0.008027,53526.69
5.5,Moderate,HRD1_major,0.55,0.067236,20.4221,0.024706,0.023329,0.004157,0.008811,58752.44
5.5,Moderate,HRD1_major,0.56,0.067236,21.6652,0.024124,0.024815,0.004895,0.009596,63985.22
5.5,Moderate,HRD1_major,0.57,0.067236,22.9082,0.023445,0.026155,0.005681,0.01038,69211.8
5.5,Moderate,HRD1_major,0.58,0.067236,24.1513,0.022697,0.027351,0.006508,0.011161,74420.59
5.5,Moderate,HRD1_major,0.59,0.067236,25.3944,0.021901,0.028406,0.007374,0.011938,79601.39
5.5,Moderate,HRD1_major,0.6,0.067236,26.6375,0.021077,0.029328,0.008271,0.012709,84745.2
5.5,Moderate,HRD1_major,0.61,0.067236,26.6375,0.021077,0.029328,0.008271,0.012709,84745.2
5.5,Moderate,HRD1_major,0.62,0.067236,26.6375,0.021077,0.029328,0.008271,0.012709,84745.2
5.5,Moderate,HRD1_major,0.63,0.067236,26.6375,0.021077,0.029328,0.008271,0.012709,84745.2
5.5,Moderate,HRD1_major,0.64,0.067236,26.6375,0.021077,0.029328,0.008271,0.012709,84745.2
5.5,Moderate,HRD1_major,0.65,0.067236,26.6375,0.021077,0.029328,0.008271,0.012709,84745.2
5.5,Moderate,HRD1_major,0.66,0.067236,26.6375,0.021077,0.029328,0.008271,0.012709,84745.2
5.5,Moderate,HRD1_major,0.67,0.067236,26.6375,0.021077,0.029328,0.008271,0.012709,84745.2
5.5,Moderate,HRD1_major,0.68,0.067236,26.6375,0.021077,0.029328,0.008271,0.012709,84745.2
5.5,Moderate,HRD1_major,0.69,0.067236,26.6375,0.021077,0.029328,0.008271,0.012709,84745.2
5.5,Moderate,HRD1_major,0.7,0.067236,26.6375,0.021077,0.029328,0.008271,0.012709,84745.2
5.5,Moderate,HRD1_major,0.71,0.067236,26.6375,0.021077,0.029328,0.008271,0.012709,84745.2
5.5,Moderate,HRD1_major,0.72,0.067236,26.6375,0.021077,0.029328,0.008271,0.012709,84745.2
5.5,Moderate,HRD1_major,0.73,0.067236,26.6375,0.021077,0.029328,0.008271,0.012709,84745.2
5.5,Moderate,HRD1_major,0.74,0.067236,26.6375,0.021077,0.029328,0.008271,0.012709,84745.2
5.5,Moderate,HRD1_major,0.75,0.067236,26.6375,0.021077,0.029328,0.008271,0.012709,84745.2
5.5,Moderate,HRD1_major,0.76,0.067236,26.6375,0.021077,0.029328,0.008271,0.012709,84745.2
5.5,Moderate,HRD1_major,0.77,0.067236,26.6375,0.021077,0.029328,0.008271,0.012709,84745.2
5.5,Moderate,HRD1_major,0.78,0.067236,26.6375,0.021077,0.029328,0.008271,0.012709,84745.2
5.5,Moderate,HRD1_major,0.79,0.067236,26.6375,0.021077,0.029328,0.008271,0.012709,84745.2
5.5,Moderate,HRD1_major,0.8,0.067236,26.6375,0.021077,0.029328,0.008271,0.012709,84745.2
5.5,Moderate,HRD1_major,0.81,0.067236,26.6375,0.021077,0.029328,0.008271,0.012709,84745.2
5.5,Moderate,HRD1_major,0.82,0.067236,26.6375,0.021077,0.029328,0.008271,0.012709,84745.2
5.5,Moderate,HRD1_major,0.83,0.067236,26.6375,0.021077,0.029328,0.008271,0.012709,84745.2
5.5,Moderate,HRD1_major,0.84,0.067236,26.6375,0.021077,0.029328,0.008271,0.012709,84745.2
5.5,Moderate,HRD1_major,0.85,0.067236,26.6375,0.021077,0.029328,0.008271,0.012709,84745.2
5.5,Moderate,HRD1_major,0.86,0.067236,26.6375,0.021077,0.029328,0.008271,0.012709,84745.2
5.5,Moderate,HRD1_major,0.87,0.067236,26.6375,0.021077,0.029328,0.008271,0.012709,84745.2
5.5,Moderate,HRD1_major,0.88,0.067236,26.6375,0.021077,0.029328,0.008271,0.012709,84745.2
5.5,Moderate,HRD1_major,0.89,0.067236,26.6375,0.021077,0.029328,0.008271,0.012709,84745.2
5.5,Moderate,HRD1_major,0.9,0.067236,26.6375,0.021077,0.029328,0.008271,0.012709,84745.2
5.5,Moderate,HRD1_major,0.91,0.067236,26.6375,0.021077,0.029328,0.008271,0.012709,84745.2
5.5,Moderate,HRD1_major,0.92,0.067236,26.6375,0.021077,0.029328,0.008271,0.012709,84745.2
5.5,Moderate,HRD1_major,0.93,0.067236,26.6375,0.021077,0.029328,0.008271,0.012709,84745.2
5.5,Moderate,HRD1_major,0.94,0.067236,26.6375,0.021077,0.029328,0.008271,0.012709,84745.2
5.5,Moderate,HRD1_major,0.95,0.067236,26.6375,0.021077,0.029328,0.008271,0.012709,84745.2
5.5,Moderate,HRD1_major,0.96,0.067236,26.6375,0.021077,0.029328,0.008271,0.012709,84745.2
5.5,Moderate,HRD1_major,0.97,0.067236,26.6375,0.021077,0.029328,0.008271,0.012709,84745.2
5.5,Moderate,HRD1_major,0.98,0.067236,26.6375,0.021077,0.029328,0.008271,0.012709,84745.2
5.5,Moderate,HRD1_major,0.99,0.067236,26.6375,0.021077,0.029328,0.008271,0.012709,84745.2
5.5,Moderate,HRD1_major,1.0,0.067236,26.6375,0.021077,0.029328,0.008271,0.012709,84745.2
5.5,Moderate,HRD1_major,1.01,0.067236,26.6375,0.021077,0.029328,0.008271,0.012709,84745.2
5.5,Moderate,HRD1_major,1.02,0.067236,26.6375,0.021077,0.029328,0.008271,0.012709,84745.2
5.5,Moderate,HRD1_major,1.03,0.067236,26.6375,0.021077,0.029328,0.008271,0.012709,84745.2
5.5,Moderate,HRD1_major,1.04,0.067236,26.6375,0.021077,0.029328,0.008271,0.012709,84745.2
5.5,Moderate,HRD1_major,1.05,0.067236,26.6375,0.021077,0.029328,0.008271,0.012709,84745.2
5.5,Moderate,HRD1_major,1.06,0.067236,26.6375,0.021077,0.029328,0.008271,0.012709,84745.2
5.5,Moderate,HRD1_major,1.07,0.067236,26.6375,0.021077,0.029328,0.008271,0.012709,84745.2
5.5,Moderate,HRD1_major,1.08,0.067236,26.6375,0.021077,0.029328,0.008271,0.012709,84745.2
5.5,Moderate,HRD1_major,1.09,0.067236,26.6375,0.021077,0.029328,0.008271,0.012709,84745.2
5.5,Moderate,HRD1_major,1.1,0.067236,26.6375,0.021077,0.029328,0.008271,0.012709,84745.2
5.5,Moderate,HRD1_major,1.11,0.067236,26.6375,0.021077,0.029328,0.008271,0.012709,84745.2
5.5,Moderate,HRD1_major,1.12,0.067236,26.6375,0.021077,0.029328,0.008271,0.012709,84745.2
5.5,Moderate,HRD1_major,1.13,0.067236,26.6375,0.021077,0.029328,0.008271,0.012709,84745.2
5.5,Moderate,HRD1_major,1.14,0.067236,26.6375,0.021077,0.029328,0.008271,0.012709,84745.2
5.5,Moderate,HRD1_major,1.15,0.067236,26.6375,0.021077,0.029328,0.008271,0.012709,84745.2
5.5,Moderate,HRD1_major,1.16,0.067236,26.6375,0.021077,0.029328,0.008271,0.012709,84745.2
5.5,Moderate,HRD1_major,1.17,0.067236,26.6375,0.021077,0.029328,0.008271,0.012709,84745.2
5.5,Moderate,HRD1_major,1.18,0.067236,26.6375,0.021077,0.029328,0.008271,0.012709,84745.2
5.5,Moderate,HRD1_major,1.19,0.067236,26.6375,0.021077,0.029328,0.008271,0.012709,84745.2
5.5,Moderate,HRD1_major,1.2,0.067236,26.6375,0.021077,0.029328,0.008271,0.012709,84745.2
5.5,Moderate,HRD1_major,1.21,0.067236,26.6375,0.021077,0.029328,0.008271,0.012709,84745.2
5.5,Moderate,HRD1_major,1.22,0.067236,26.6375,0.021077,0.029328,0.008271,0.012709,84745.2
5.5,Moderate,HRD1_major,1.23,0.067236,26.6375,0.021077,0.029328,0.008271,0.012709,84745.2
5.5,Moderate,HRD1_major,1.24,0.067236,26.6375,0.021077,0.029328,0.008271,0.012709,84745.2
5.5,Moderate,HRD1_major,1.25,0.067236,26.6375,0.021077,0.029328,0.008271,0.012709,84745.2
5.5,Moderate,HRD1_major,1.26,0.067236,26.6375,0.021077,0.029328,0.008271,0.012709,84745.2
5.5,Moderate,HRD1_major,1.27,0.067236,26.6375,0.021077,0.029328,0.008271,0.012709,84745.2
5.5,Moderate,HRD1_major,1.28,0.067236,26.6375,0.021077,0.029328,0.008271,0.012709,84745.2
5.5,Moderate,HRD1_major,1.29,0.067236,26.6375,0.021077,0.029328,0.008271,0.012709,84745.2
5.5,Moderate,HRD1_major,1.3,0.067236,26.6375,0.021077,0.029328,0.008271,0.012709,84745.2
5.5,Moderate,HRD1_major,1.31,0.067236,26.6375,0.021077,0.029328,0.008271,0.012709,84745.2
5.5,Moderate,HRD1_major,1.32,0.067236,26.6375,0.021077,0.029328,0.008271,0.012709,84745.2
5.5,Moderate,HRD1_major,1.33,0.067236,26.6375,0.021077,0.029328,0.008271,0.012709,84745.2
5.5,Moderate,HRD1_major,1.34,0.067236,26.6375,0.021077,0.029328,0.008271,0.012709,84745.2
5.5,Moderate,HRD1_major,1.35,0.067236,26.6375,0.021077,0.029328,0.008271,0.012709,84745.2
5.5,Moderate,HRD1_major,1.36,0.067236,26.6375,0.021077,0.029328,0.008271,0.012709,84745.2
5.5,Moderate,HRD1_major,1.37,0.067236,26.6375,0.021077,0.029328,0.008271,0.012709,84745.2
5.5,Moderate,HRD1_major,1.38,0.067236,26.6375,0.021077,0.029328,0.008271,0.012709,84745.2
5.5,Moderate,HRD1_major,1.39,0.067236,26.6375,0.021077,0.029328,0.008271,0.012709,84745.2
5.5,Moderate,HRD1_major,1.4,0.067236,26.6375,0.021077,0.029328,0.008271,0.012709,84745.2
5.5,Moderate,HRD1_major,1.41,0.067236,26.6375,0.021077,0.029328,0.008271,0.012709,84745.2
5.5,Moderate,HRD1_major,1.42,0.067236,26.6375,0.021077,0.029328,0.008271,0.012709,84745.2
5.5,Moderate,HRD1_major,1.43,0.067236,26.6375,0.021077,0.029328,0.008271,0.012709,84745.2
5.5,Moderate,HRD1_major,1.44,0.067236,26.6375,0.021077,0.029328,0.008271,0.012709,84745.2
5.5,Moderate,HRD1_major,1.45,0.067236,26.6375,0.021077,0.029328,0.008271,0.012709,84745.2
5.5,Moderate,HRD1_major,1.46,0.067236,26.6375,0.021077,0.029328,0.008271,0.012709,84745.2
5.5,Moderate,HRD1_major,1.47,0.067236,26.6375,0.021077,0.029328,0.008271,0.012709,84745.2
5.5,Moderate,HRD1_major,1.48,0.067236,26.6375,0.021077,0.029328,0.008271,0.012709,84745.2
5.5,Moderate,HRD1_major,1.49,0.067236,26.6375,0.021077,0.029328,0.008271,0.012709,84745.2
5.5,Moderate,HRD1_major,1.5,0.067236,26.6375,0.021077,0.029328,0.008271,0.012709,84745.2
5.5,Moderate,HRD2_urban,0.0,0.0,0.0,0.0,0.0,0.0,0.0,0.0
5.5,Moderate,HRD2_urban,0.01,0.0,0.0,0.0,0.0,0.0,0.0,0.0
5.5,Moderate,HRD2_urban,0.02,0.0,0.0,0.0,0.0,0.0,0.0,0.0
5.5,Moderate,HRD2_urban,0.03,0.0,0.0,0.0,0.0,0.0,0.0,0.0
5.5,Moderate,HRD2_urban,0.04,0.0,0.0,0.0,0.0,0.0,0.0,0.0
5.5,Moderate,HRD2_urban,0.05,0.0,0.0,0.0,0.0,0.0,0.0,0.0
5.5,Moderate,HRD2_urban,0.06,0.0,0.0,0.0,0.0,0.0,0.0,0.0
5.5,Moderate,HRD2_urban,0.07,0.0,0.0,0.0,0.0,0.0,0.0,0.0
5.5,Moderate,HRD2_urban,0.08,0.0,0.0,0.0,0.0,0.0,0.0,0.0
5.5,Moderate,HRD2_urban,0.09,0.0,0.0,0.0,0.0,0.0,0.0,0.0
5.5,Moderate,HRD2_urban,0.1,0.0,0.0,0.0,0.0,0.0,0.0,0.0
5.5,Moderate,HRD2_urban,0.11,0.0,0.0,0.0,0.0,0.0,0.0,0.0
5.5,Moderate,HRD2_urban,0.12,0.0,0.0,0.0,0.0,0.0,0.0,0.0
5.5,Moderate,HRD2_urban,0.13,0.0,0.0,0.0,0.0,0.0,0.0,0.0
5.5,Moderate,HRD2_urban,0.14,0.0,0.0,0.0,0.0,0.0,0.0,0.0
5.5,Moderate,HRD2_urban,0.15,3.4e-05,2.0,2e-06,0.0,0.0,0.0,0.43
5.5,Moderate,HRD2_urban,0.16,0.004518,2.0,0.00024,2.3e-05,1e-06,1.7e-05,57.18
5.5,Moderate,HRD2_urban,0.17,0.009003,2.0,0.000477,4.5e-05,2e-06,3.4e-05,113.93
5.5,Moderate,HRD2_urban,0.18,0.013488,2.0,0.000715,6.8e-05,3e-06,5.1e-05,170.69
5.5,Moderate,HRD2_urban,0.19,0.017972,2.0,0.000953,9.1e-05,3e-06,6.8e-05,227.44
5.5,Moderate,HRD2_urban,0.2,0.022457,2.0,0.001191,0.000113,4e-06,8.5e-05,284.2
5.5,Moderate,HRD2_urban,0.21,0.026942,2.0,0.001429,0.000136,5e-06,0.000102,340.95
5.5,Moderate,HRD2_urban,0.22,0.031426,2.0,0.001667,0.000159,6e-06,0.000119,397.7
5.5,Moderate,HRD2_urban,0.23,0.035911,2.0,0.001904,0.000181,7e-06,0.000136,454.46
5.5,Moderate,HRD2_urban,0.24,0.040396,2.0,0.002142,0.000204,8e-06,0.000153,511.21
5.5,Moderate,HRD2_urban,0.25,0.04488,2.131,0.002819,0.000292,1.2e-05,0.000208,692.99
5.5,Moderate,HRD2_urban,0.26,0.049365,2.3441,0.003942,0.000463,2.2e-05,0.000305,1017.34
5.5,Moderate,HRD2_urban,0.27,0.05385,2.5572,0.005274,0.000695,3.7e-05,0.000429,1429.57
5.5,Moderate,HRD2_urban,0.28,0.058334,2.7703,0.006806,0.000998,5.9e-05,0.000581,1938.58
5.5,Moderate,HRD2_urban,0.29,0.062819,2.9834,0.008526,0.001378,9.1e-05,0.000766,2552.5
5.5,Moderate,HRD2_urban,0.3,0.067236,3.1965,0.010407,0.001843,0.000134,0.000982,3275.48
5.5,Moderate,HRD2_urban,0.31,0.067236,3.5161,0.012295,0.002468,0.000204,0.001251,4171.85
5.5,Moderate,HRD2_urban,0.32,0.067236,3.8358,0.014103,0.003175,0.000296,0.001547,5158.78
5.5,Moderate,HRD2_urban,0.33,0.067236,4.1554,0.015799,0.003951,0.000411,0.001868,6228.8
5.5,Moderate,HRD2_urban,0.34,0.067236,4.4751,0.017363,0.004786,0.000552,0.002212,7374.78
5.5,Moderate,HRD2_urban,0.35,0.067236,4.7947,0.018783,0.005668,0.00072,0.002576,8589.99
5.5,Moderate,HRD2_urban,0.36,0.067236,5.1144,0.020051,0.006585,0.000915,0.00296,9868.11
5.5,Moderate,HRD2_urban,0.37,0.067236,5.434,0.02117,0.007527,0.001138,0.00336,11203.17
5.5,Moderate,HRD2_urban,0.38,0.067236,5.7537,0.02214,0.008484,0.001389,0.003776,12589.63
5.5,Moderate,HRD2_urban,0.39,0.067236,6.0733,0.022969,0.009446,0.001669,0.004206,14022.25
5.5,Moderate,HRD2_urban,0.4,0.067236,6.393,0.023663,0.010407,0.001976,0.004648,15496.15
5.5,Moderate,HRD2_urban,0.41,0.067236,6.7126,0.024231,0.011358,0.002311,0.005101,17006.74
5.5,Moderate,HRD2_urban,0.42,0.067236,7.0323,0.024682,0.012295,0.002672,0.005564,18549.72
5.5,Moderate,HRD2_urban,0.43,0.067236,7.3519,0.025026,0.013211,0.003059,0.006035,20121.06
5.5,Moderate,HRD2_urban,0.44,0.067236,7.6716,0.025272,0.014103,0.003471,0.006514,21716.99
5.5,Moderate,HRD2_urban,0.45,0.067236,7.9912,0.025428,0.014967,0.003906,0.006999,23333.96
5.5,Moderate,HRD2_urban,0.46,0.067236,9.2343,0.025343,0.018012,0.005796,0.008927,29763.26
5.5,Moderate,HRD2_urban,0.47,0.067236,10.4774,0.02447,0.020504,0.007947,0.010887,36298.37
5.5,Moderate,HRD2_urban,0.48,0.067236,11.7205,0.023131,0.022432,0.010284,0.012841,42813.23
5.5,Moderate,HRD2_urban,0.49,0.067236,12.9636,0.021551,0.023833,0.012739,0.014761,49214.39
5.5,Moderate,HRD2_urban,0.5,0.067236,14.2067,0.019877,0.024768,0.015257,0.016627,55434.56
5.5,Moderate,HRD2_urban,0.51,0.067236,15.4497,0.018204,0.025304,0.017791,0.018424,61427.12
5.5,Moderate,HRD2_urban,0.52,0.067236,16.6928,0.016589,0.025508,0.020305,0.020144,67161.59
5.5,Moderate,HRD2_urban,0.53,0.067236,17.9359,0.015066,0.025441,0.022772,0.021782,72619.9
5.5,Moderate,HRD2_urban,0.54,0.067236,19.179,0.01365,0.025158,0.02517,0.023333,77793.36
5.5,Moderate,HRD2_urban,0.55,0.067236,20.4221,0.01235,0.024706,0.027486,0.024799,82680.29
5.5,Moderate,HRD2_urban,0.56,0.067236,21.6652,0.011163,0.024124,0.02971,0.02618,87284.12
5.5,Moderate,HRD2_urban,0.57,0.067236,22.9082,0.010086,0.023445,0.031835,0.027478,91611.93
5.5,Moderate,HRD2_urban,0.58,0.067236,24.1513,0.009112,0.022697,0.033859,0.028696,95673.36
5.5,Moderate,HRD2_urban,0.59,0.067236,25.3944,0.008234,0.021901,0.03578,0.029838,99479.69
5.5,Moderate,HRD2_urban,0.6,0.067236,26.6375,0.007443,0.021077,0.037599,0.030907,103043.21
5.5,Moderate,HRD2_urban,0.61,0.067236,26.6375,0.007443,0.021077,0.037599,0.030907,103043.21
5.5,Moderate,HRD2_urban,0.62,0.067236,26.6375,0.007443,0.021077,0.037599,0.030907,103043.21
5.5,Moderate,HRD2_urban,0.63,0.067236,26.6375,0.007443,0.021077,0.037599,0.030907,103043.21
5.5,Moderate,HRD2_urban,0.64,0.067236,26.6375,0.007443,0.021077,0.037599,0.030907,103043.21
5.5,Moderate,HRD2_urban,0.65,0.067236,26.6375,0.007443,0.021077,0.037599,0.030907,103043.21
5.5,Moderate,HRD2_urban,0.66,0.067236,26.6375,0.007443,0.021077,0.037599,0.030907,103043.21
5.5,Moderate,HRD2_urban,0.67,0.067236,26.6375,0.007443,0.021077,0.037599,0.030907,103043.21
5.5,Moderate,HRD2_urban,0.68,0.067236,26.6375,0.007443,0.021077,0.037599,0.030907,103043.21
5.5,Moderate,HRD2_urban,0.69,0.067236,26.6375,0.007443,0.021077,0.037599,0.030907,103043.21
5.5,Moderate,HRD2_urban,0.7,0.067236,26.6375,0.007443,0.021077,0.037599,0.030907,103043.21
5.5,Moderate,HRD2_urban,0.71,0.067236,26.6375,0.007443,0.021077,0.037599,0.030907,103043.21
5.5,Moderate,HRD2_urban,0.72,0.067236,26.6375,0.007443,0.021077,0.037599,0.030907,103043.21
5.5,Moderate,HRD2_urban,0.73,0.067236,26.6375,0.007443,0.021077,0.037599,0.030907,103043.21
5.5,Moderate,HRD2_urban,0.74,0.067236,26.6375,0.007443,0.021077,0.037599,0.030907,103043.21
5.5,Moderate,HRD2_urban,0.75,0.067236,26.6375,0.007443,0.021077,0.037599,0.030907,103043.21
5.5,Moderate,HRD2_urban,0.76,0.067236,26.6375,0.007443,0.021077,0.037599,0.030907,103043.21
5.5,Moderate,HRD2_urban,0.77,0.067236,26.6375,0.007443,0.021077,0.037599,0.030907,103043.21
5.5,Moderate,HRD2_urban,0.78,0.067236,26.6375,0.007443,0.021077,0.037599,0.030907,103043.21
5.5,Moderate,HRD2_urban,0.79,0.067236,26.6375,0.007443,0.021077,0.037599,0.030907,103043.21
5.5,Moderate,HRD2_urban,0.8,0.067236,26.6375,0.007443,0.021077,0.037599,0.030907,103043.21
5.5,Moderate,HRD2_urban,0.81,0.067236,26.6375,0.007443,0.021077,0.037599,0.030907,103043.21
5.5,Moderate,HRD2_urban,0.82,0.067236,26.6375,0.007443,0.021077,0.037599,0.030907,103043.21
5.5,Moderate,HRD2_urban,0.83,0.067236,26.6375,0.007443,0.021077,0.037599,0.030907,103043.21
5.5,Moderate,HRD2_urban,0.84,0.067236,26.6375,0.007443,0.021077,0.037599,0.030907,103043.21
5.5,Moderate,HRD2_urban,0.85,0.067236,26.6375,0.007443,0.021077,0.037599,0.030907,103043.21
5.5,Moderate,HRD2_urban,0.86,0.067236,26.6375,0.007443,0.021077,0.037599,0.030907,103043.21
5.5,Moderate,HRD2_urban,0.87,0.067236,26.6375,0.007443,0.021077,0.037599,0.030907,103043.21
5.5,Moderate,HRD2_urban,0.88,0.067236,26.6375,0.007443,0.021077,0.037599,0.030907,103043.21
5.5,Moderate,HRD2_urban,0.89,0.067236,26.6375,0.007443,0.021077,0.037599,0.030907,103043.21
5.5,Moderate,HRD2_urban,0.9,0.067236,26.6375,0.007443,0.021077,0.037599,0.030907,103043.21
5.5,Moderate,HRD2_urban,0.91,0.067236,26.6375,0.007443,0.021077,0.037599,0.030907,103043.21
5.5,Moderate,HRD2_urban,0.92,0.067236,26.6375,0.007443,0.021077,0.037599,0.030907,103043.21
5.5,Moderate,HRD2_urban,0.93,0.067236,26.6375,0.007443,0.021077,0.037599,0.030907,103043.21
5.5,Moderate,HRD2_urban,0.94,0.067236,26.6375,0.007443,0.021077,0.037599,0.030907,103043.21
5.5,Moderate,HRD2_urban,0.95,0.067236,26.6375,0.007443,0.021077,0.037599,0.030907,103043.21
5.5,Moderate,HRD2_urban,0.96,0.067236,26.6375,0.007443,0.021077,0.037599,0.030907,103043.21
5.5,Moderate,HRD2_urban,0.97,0.067236,26.6375,0.007443,0.021077,0.037599,0.030907,103043.21
5.5,Moderate,HRD2_urban,0.98,0.067236,26.6375,0.007443,0.021077,0.037599,0.030907,103043.21
5.5,Moderate,HRD2_urban,0.99,0.067236,26.6375,0.007443,0.021077,0.037599,0.030907,103043.21
5.5,Moderate,HRD2_urban,1.0,0.067236,26.6375,0.007443,0.021077,0.037599,0.030907,103043.21
5.5,Moderate,HRD2_urban,1.01,0.067236,26.6375,0.007443,0.021077,0.037599,0.030907,103043.21
5.5,Moderate,HRD2_urban,1.02,0.067236,26.6375,0.007443,0.021077,0.037599,0.030907,103043.21
5.5,Moderate,HRD2_urban,1.03,0.067236,26.6375,0.007443,0.021077,0.037599,0.030907,103043.21
5.5,Moderate,HRD2_urban,1.04,0.067236,26.6375,0.007443,0.021077,0.037599,0.030907,103043.21
5.5,Moderate,HRD2_urban,1.05,0.067236,26.6375,0.007443,0.021077,0.037599,0.030907,103043.21
5.5,Moderate,HRD2_urban,1.06,0.067236,26.6375,0.007443,0.021077,0.037599,0.030907,103043.21
5.5,Moderate,HRD2_urban,1.07,0.067236,26.6375,0.007443,0.021077,0.037599,0.030907,103043.21
5.5,Moderate,HRD2_urban,1.08,0.067236,26.6375,0.007443,0.021077,0.037599,0.030907,103043.21
5.5,Moderate,HRD2_urban,1.09,0.067236,26.6375,0.007443,0.021077,0.037599,0.030907,103043.21
5.5,Moderate,HRD2_urban,1.1,0.067236,26.6375,0.007443,0.021077,0.037599,0.030907,103043.21
5.5,Moderate,HRD2_urban,1.11,0.067236,26.6375,0.007443,0.021077,0.037599,0.030907,103043.21
5.5,Moderate,HRD2_urban,1.12,0.067236,26.6375,0.007443,0.021077,0.037599,0.030907,103043.21
5.5,Moderate,HRD2_urban,1.13,0.067236,26.6375,0.007443,0.021077,0.037599,0.030907,103043.21
5.5,Moderate,HRD2_urban,1.14,0.067236,26.6375,0.007443,0.021077,0.037599,0.030907,103043.21
5.5,Moderate,HRD2_urban,1.15,0.067236,26.6375,0.007443,0.021077,0.037599,0.030907,103043.21
5.5,Moderate,HRD2_urban,1.16,0.067236,26.6375,0.007443,0.021077,0.037599,0.030907,103043.21
5.5,Moderate,HRD2_urban,1.17,0.067236,26.6375,0.007443,0.021077,0.037599,0.030907,103043.21
5.5,Moderate,HRD2_urban,1.18,0.067236,26.6375,0.007443,0.021077,0.037599,0.030907,103043.21
5.5,Moderate,HRD2_urban,1.19,0.067236,26.6375,0.007443,0.021077,0.037599,0.030907,103043.21
5.5,Moderate,HRD2_urban,1.2,0.067236,26.6375,0.007443,0.021077,0.037599,0.030907,103043.21
5.5,Moderate,HRD2_urban,1.21,0.067236,26.6375,0.007443,0.021077,0.037599,0.030907,103043.21
5.5,Moderate,HRD2_urban,1.22,0.067236,26.6375,0.007443,0.021077,0.037599,0.030907,103043.21
5.5,Moderate,HRD2_urban,1.23,0.067236,26.6375,0.007443,0.021077,0.037599,0.030907,103043.21
5.5,Moderate,HRD2_urban,1.24,0.067236,26.6375,0.007443,0.021077,0.037599,0.030907,103043.21
5.5,Moderate,HRD2_urban,1.25,0.067236,26.6375,0.007443,0.021077,0.037599,0.030907,103043.21
5.5,Moderate,HRD2_urban,1.26,0.067236,26.6375,0.007443,0.021077,0.037599,0.030907,103043.21
5.5,Moderate,HRD2_urban,1.27,0.067236,26.6375,0.007443,0.021077,0.037599,0.030907,103043.21
5.5,Moderate,HRD2_urban,1.28,0.067236,26.6375,0.007443,0.021077,0.037599,0.030907,103043.21
5.5,Moderate,HRD2_urban,1.29,0.067236,26.6375,0.007443,0.021077,0.037599,0.030907,103043.21
5.5,Moderate,HRD2_urban,1.3,0.067236,26.6375,0.007443,0.021077,0.037599,0.030907,103043.21
5.5,Moderate,HRD2_urban,1.31,0.067236,26.6375,0.007443,0.021077,0.037599,0.030907,103043.21
5.5,Moderate,HRD2_urban,1.32,0.067236,26.6375,0.007443,0.021077,0.037599,0.030907,103043.21
5.5,Moderate,HRD2_urban,1.33,0.067236,26.6375,0.007443,0.021077,0.037599,0.030907,103043.21
5.5,Moderate,HRD2_urban,1.34,0.067236,26.6375,0.007443,0.021077,0.037599,0.030907,103043.21
5.5,Moderate,HRD2_urban,1.35,0.067236,26.6375,0.007443,0.021077,0.037599,0.030907,103043.21
5.5,Moderate,HRD2_urban,1.36,0.067236,26.6375,0.007443,0.021077,0.037599,0.030907,103043.21
5.5,Moderate,HRD2_urban,1.37,0.067236,26.6375,0.007443,0.021077,0.037599,0.030907,103043.21
5.5,Moderate,HRD2_urban,1.38,0.067236,26.6375,0.007443,0.021077,0.037599,0.030907,103043.21
5.5,Moderate,HRD2_urban,1.39,0.067236,26.6375,0.007443,0.021077,0.037599,0.030907,103043.21
5.5,Moderate,HRD2_urban,1.4,0.067236,26.6375,0.007443,0.021077,0.037599,0.030907,103043.21
5.5,Moderate,HRD2_urban,1.41,0.067236,26.6375,0.007443,0.021077,0.037599,0.030907,103043.21
5.5,Moderate,HRD2_urban,1.42,0.067236,26.6375,0.007443,0.021077,0.037599,0.030907,103043.21
5.5,Moderate,HRD2_urban,1.43,0.067236,26.6375,0.007443,0.021077,0.037599,0.030907,103043.21
5.5,Moderate,HRD2_urban,1.44,0.067236,26.6375,0.007443,0.021077,0.037599,0.030907,103043.21
5.5,Moderate,HRD2_urban,1.45,0.067236,26.6375,0.007443,0.021077,0.037599,0.030907,103043.21
5.5,Moderate,HRD2_urban,1.46,0.067236,26.6375,0.007443,0.021077,0.037599,0.030907,103043.21
5.5,Moderate,HRD2_urban,1.47,0.067236,26.6375,0.007443,0.021077,0.037599,0.030907,103043.21
5.5,Moderate,HRD2_urban,1.48,0.067236,26.6375,0.007443,0.021077,0.037599,0.030907,103043.21
5.5,Moderate,HRD2_urban,1.49,0.067236,26.6375,0.007443,0.021077,0.037599,0.030907,103043.21
5.5,Moderate,HRD2_urban,1.5,0.067236,26.6375,0.007443,0.021077,0.037599,0.030907,103043.21
5.5,Low,HRD1_major,0.0,0.0,0.0,0.0,0.0,0.0,0.0,0.0
5.5,Low,HRD1_major,0.01,0.0,0.0,0.0,0.0,0.0,0.0,0.0
5.5,Low,HRD1_major,0.02,0.0,0.0,0.0,0.0,0.0,0.0,0.0
5.5,Low,HRD1_major,0.03,0.0,0.0,0.0,0.0,0.0,0.0,0.0
5.5,Low,HRD1_major,0.04,0.0,0.0,0.0,0.0,0.0,0.0,0.0
5.5,Low,HRD1_major,0.05,0.0,0.0,0.0,0.0,0.0,0.0,0.0
5.5,Low,HRD1_major,0.06,0.0,0.0,0.0,0.0,0.0,0.0,0.0
5.5,Low,HRD1_major,0.07,0.0,0.0,0.0,0.0,0.0,0.0,0.0
5.5,Low,HRD1_major,0.08,0.0,0.0,0.0,0.0,0.0,0.0,0.0
5.5,Low,HRD1_major,0.09,0.0,0.0,0.0,0.0,0.0,0.0,0.0
5.5,Low,HRD1_major,0.1,0.0,0.0,0.0,0.0,0.0,0.0,0.0
5.5,Low,HRD1_major,0.11,0.0,0.0,0.0,0.0,0.0,0.0,0.0
5.5,Low,HRD1_major,0.12,0.0,0.0,0.0,0.0,0.0,0.0,0.0
5.5,Low,HRD1_major,0.13,0.0,0.0,0.0,0.0,0.0,0.0,0.0
5.5,Low,HRD1_major,0.14,0.0,0.0,0.0,0.0,0.0,0.0,0.0
5.5,Low,HRD1_major,0.15,0.0,0.0,0.0,0.0,0.0,0.0,0.0
5.5,Low,HRD1_major,0.16,0.0,0.0,0.0,0.0,0.0,0.0,0.0
5.5,Low,HRD1_major,0.17,0.0,0.0,0.0,0.0,0.0,0.0,0.0
5.5,Low,HRD1_major,0.18,0.0,0.0,0.0,0.0,0.0,0.0,0.0
5.5,Low,HRD1_major,0.19,0.0,0.0,0.0,0.0,0.0,0.0,0.0
5.5,Low,HRD1_major,0.2,0.0,0.0,0.0,0.0,0.0,0.0,0.0
5.5,Low,HRD1_major,0.21,0.0,1.0,0.0,0.0,0.0,0.0,0.0
5.5,Low,HRD1_major,0.22,0.001526,1.0,0.0,0.0,0.0,0.0,0.1
5.5,Low,HRD1_major,0.23,0.003399,1.0,1e-06,0.0,0.0,0.0,0.23
5.5,Low,HRD1_major,0.24,0.005271,1.0,1e-06,0.0,0.0,0.0,0.35
5.5,Low,HRD1_major,0.25,0.007144,1.0,1e-06,0.0,0.0,0.0,0.48
5.5,Low,HRD1_major,0.26,0.009016,1.0,2e-06,0.0,0.0,0.0,0.6
5.5,Low,HRD1_major,0.27,0.010889,1.0,2e-06,0.0,0.0,0.0,0.73
5.5,Low,HRD1_major,0.28,0.012761,1.0655,3e-06,0.0,0.0,0.0,1.21
5.5,Low,HRD1_major,0.29,0.014634,1.2177,8e-06,0.0,0.0,0.0,2.79
5.5,Low,HRD1_major,0.3,0.016507,1.3699,1.6e-05,0.0,0.0,1e-06,5.68
5.5,Low,HRD1_major,0.31,0.018379,1.5221,2.8e-05,1e-06,0.0,2e-06,10.5
5.5,Low,HRD1_major,0.32,0.020252,1.6744,4.8e-05,1e-06,0.0,3e-06,18.0
5.5,Low,HRD1_major,0.33,0.022124,1.8266,7.7e-05,3e-06,0.0,4e-06,29.02
5.5,Low,HRD1_major,0.34,0.023997,1.9788,0.000116,4e-06,0.0,7e-06,44.52
5.5,Low,HRD1_major,0.35,0.025869,2.131,0.000168,7e-06,0.0,1e-05,65.51
5.5,Low,HRD1_major,0.36,0.027742,2.2832,0.000236,1.1e-05,0.0,1.4e-05,93.09
5.5,Low,HRD1_major,0.37,0.029614,2.4354,0.00032,1.6e-05,0.0,1.9e-05,128.36
5.5,Low,HRD1_major,0.38,0.031487,2.5876,0.000424,2.3e-05,0.0,2.6e-05,172.5
5.5,Low,HRD1_major,0.39,0.033359,2.7399,0.000549,3.2e-05,0.0,3.4e-05,226.69
5.5,Low,HRD1_major,0.4,0.033618,2.8921,0.000665,4.2e-05,0.0,4.2e-05,278.71
5.5,Low,HRD1_major,0.41,0.033618,3.0443,0.000788,5.3e-05,0.0,5e-05,335.15
5.5,Low,HRD1_major,0.42,0.033618,3.1965,0.000921,6.6e-05,0.0,6e-05,397.88
5.5,Low,HRD1_major,0.43,0.033618,3.4248,0.00114,9e-05,1e-06,7.6e-05,503.95
5.5,Low,HRD1_major,0.44,0.033618,3.6531,0.001381,0.000119,1e-06,9.4e-05,624.51
5.5,Low,HRD1_major,0.45,0.033618,3.8815,0.001641,0.000154,2e-06,0.000114,759.59
5.5,Low,HRD1_major,0.46,0.033618,4.1098,0.001918,0.000195,2e-06,0.000136,909.09
5.5,Low,HRD1_major,0.47,0.033618,4.3381,0.002211,0.000241,3e-06,0.000161,1072.83
5.5,Low,HRD1_major,0.48,0.033618,4.5664,0.002517,0.000295,4e-06,0.000188,1250.54
5.5,Low,HRD1_major,0.49,0.033618,4.7947,0.002834,0.000355,5e-06,0.000216,1441.89
5.5,Low,HRD1_major,0.5,0.033618,5.0231,0.00316,0.000421,7e-06,0.000247,1646.53
5.5,Low,HRD1_major,0.51,0.033618,5.2514,0.003493,0.000495,8e-06,0.00028,1864.06
5.5,Low,HRD1_major,0.52,0.033618,5.4797,0.003832,0.000575,1.1e-05,0.000314,2094.06
5.5,Low,HRD1_major,0.53,0.033618,5.708,0.004173,0.000663,1.3e-05,0.00035,2336.1
5.5,Low,HRD1_major,0.54,0.033618,5.9364,0.004517,0.000757,1.6e-05,0.000388,2589.72
5.5,Low,HRD1_major,0.55,0.033618,6.1647,0.004861,0.000858,1.9e-05,0.000428,2854.49
5.5,Low,HRD1_major,0.56,0.033618,6.393,0.005203,0.000965,2.3e-05,0.000469,3129.96
5.5,Low,HRD1_major,0.57,0.033618,6.6213,0.005544,0.001079,2.8e-05,0.000512,3415.69
5.5,Low,HRD1_major,0.58,0.033618,6.8496,0.005881,0.001199,3.3e-05,0.000557,3711.25
5.5,Low,HRD1_major,0.59,0.033618,7.078,0.006214,0.001325,3.8e-05,0.000602,4016.23
5.5,Low,HRD1_major,0.6,0.033618,7.3063,0.006541,0.001457,4.4e-05,0.000649,4330.2
5.5,Low,HRD1_major,0.61,0.033618,7.5346,0.006862,0.001595,5.1e-05,0.000698,4652.77
5.5,Low,HRD1_major,0.62,0.033618,7.7629,0.007176,0.001738,5.9e-05,0.000747,4983.55
5.5,Low,HRD1_major,0.63,0.033618,7.9912,0.007483,0.001886,6.7e-05,0.000798,5322.18
5.5,Low,HRD1_major,0.64,0.033618,8.8792,0.008598,0.002507,0.000107,0.001006,6707.13
5.5,Low,HRD1_major,0.65,0.033618,9.7671,0.009575,0.003186,0.00016,0.001228,8186.46
5.5,Low,HRD1_major,0.66,0.033618,10.655,0.010407,0.003908,0.000228,0.001461,9744.13
5.5,Low,HRD1_major,0.67,0.033618,11.5429,0.011095,0.004659,0.000312,0.001705,11366.68
5.5,Low,HRD1_major,0.68,0.033618,12.4308,0.011647,0.005426,0.000412,0.001956,13042.91
5.5,Low,HRD1_major,0.69,0.033618,13.3187,0.012072,0.006197,0.00053,0.002214,14763.43
5.5,Low,HRD1_major,0.7,0.033618,14.2067,0.012384,0.006963,0.000665,0.002478,16520.35
5.5,Low,HRD1_major,0.71,0.033618,15.0946,0.012594,0.007715,0.000818,0.002745,18306.96
5.5,Low,HRD1_major,0.72,0.033618,15.9825,0.012714,0.008448,0.000988,0.003017,20117.52
5.5,Low,HRD1_major,0.73,0.033618,16.8704,0.012757,0.009155,0.001175,0.003291,21947.09
5.5,Low,HRD1_major,0.74,0.033618,17.7583,0.012733,0.009833,0.001378,0.003568,23791.34
5.5,Low,HRD1_major,0.75,0.033618,18.6462,0.012651,0.010479,0.001597,0.003846,25646.47
5.5,Low,HRD1_major,0.76,0.033618,19.5342,0.012522,0.01109,0.001831,0.004126,27509.1
5.5,Low,HRD1_major,0.77,0.033618,20.4221,0.012353,0.011665,0.002079,0.004406,29376.22
5.5,Low,HRD1_major,0.78,0.033618,21.31,0.012151,0.012203,0.00234,0.004686,31245.11
5.5,Low,HRD1_major,0.79,0.033618,22.1979,0.011921,0.012703,0.002613,0.004966,33113.33
5.5,Low,HRD1_major,0.8,0.033618,23.0858,0.011671,0.013167,0.002898,0.005246,34978.63
5.5,Low,HRD1_major,0.81,0.033618,23.9737,0.011403,0.013594,0.003194,0.005525,36838.98
5.5,Low,HRD1_major,0.82,0.033618,24.8617,0.011123,0.013985,0.003499,0.005803,38692.54
5.5,Low,HRD1_major,0.83,0.033618,25.7496,0.010834,0.014342,0.003813,0.006079,40537.6
5.5,Low,HRD1_major,0.84,0.033618,26.6375,0.010539,0.014664,0.004136,0.006355,42372.6
5.5,Low,HRD1_major,0.85,0.033618,26.6375,0.010539,0.014664,0.004136,0.006355,42372.6
5.5,Low,HRD1_major,0.86,0.033618,26.6375,0.010539,0.014664,0.004136,0.006355,42372.6
5.5,Low,HRD1_major,0.87,0.033618,26.6375,0.010539,0.014664,0.004136,0.006355,42372.6
5.5,Low,HRD1_major,0.88,0.033618,26.6375,0.010539,0.014664,0.004136,0.006355,42372.6
5.5,Low,HRD1_major,0.89,0.033618,26.6375,0.010539,0.014664,0.004136,0.006355,42372.6
5.5,Low,HRD1_major,0.9,0.033618,26.6375,0.010539,0.014664,0.004136,0.006355,42372.6
5.5,Low,HRD1_major,0.91,0.033618,26.6375,0.010539,0.014664,0.004136,0.006355,42372.6
5.5,Low,HRD1_major,0.92,0.033618,26.6375,0.010539,0.014664,0.004136,0.006355,42372.6
5.5,Low,HRD1_major,0.93,0.033618,26.6375,0.010539,0.014664,0.004136,0.006355,42372.6
5.5,Low,HRD1_major,0.94,0.033618,26.6375,0.010539,0.014664,0.004136,0.006355,42372.6
5.5,Low,HRD1_major,0.95,0.033618,26.6375,0.010539,0.014664,0.004136,0.006355,42372.6
5.5,Low,HRD1_major,0.96,0.033618,26.6375,0.010539,0.014664,0.004136,0.006355,42372.6
5.5,Low,HRD1_major,0.97,0.033618,26.6375,0.010539,0.014664,0.004136,0.006355,42372.6
5.5,Low,HRD1_major,0.98,0.033618,26.6375,0.010539,0.014664,0.004136,0.006355,42372.6
5.5,Low,HRD1_major,0.99,0.033618,26.6375,0.010539,0.014664,0.004136,0.006355,42372.6
5.5,Low,HRD1_major,1.0,0.033618,26.6375,0.010539,0.014664,0.004136,0.006355,42372.6
5.5,Low,HRD1_major,1.01,0.033618,26.6375,0.010539,0.014664,0.004136,0.006355,42372.6
5.5,Low,HRD1_major,1.02,0.033618,26.6375,0.010539,0.014664,0.004136,0.006355,42372.6
5.5,Low,HRD1_major,1.03,0.033618,26.6375,0.010539,0.014664,0.004136,0.006355,42372.6
5.5,Low,HRD1_major,1.04,0.033618,26.6375,0.010539,0.014664,0.004136,0.006355,42372.6
5.5,Low,HRD1_major,1.05,0.033618,26.6375,0.010539,0.014664,0.004136,0.006355,42372.6
5.5,Low,HRD1_major,1.06,0.033618,26.6375,0.010539,0.014664,0.004136,0.006355,42372.6
5.5,Low,HRD1_major,1.07,0.033618,26.6375,0.010539,0.014664,0.004136,0.006355,42372.6
5.5,Low,HRD1_major,1.08,0.033618,26.6375,0.010539,0.014664,0.004136,0.006355,42372.6
5.5,Low,HRD1_major,1.09,0.033618,26.6375,0.010539,0.014664,0.004136,0.006355,42372.6
5.5,Low,HRD1_major,1.1,0.033618,26.6375,0.010539,0.014664,0.004136,0.006355,42372.6
5.5,Low,HRD1_major,1.11,0.033618,26.6375,0.010539,0.014664,0.004136,0.006355,42372.6
5.5,Low,HRD1_major,1.12,0.033618,26.6375,0.010539,0.014664,0.004136,0.006355,42372.6
5.5,Low,HRD1_major,1.13,0.033618,26.6375,0.010539,0.014664,0.004136,0.006355,42372.6
5.5,Low,HRD1_major,1.14,0.033618,26.6375,0.010539,0.014664,0.004136,0.006355,42372.6
5.5,Low,HRD1_major,1.15,0.033618,26.6375,0.010539,0.014664,0.004136,0.006355,42372.6
5.5,Low,HRD1_major,1.16,0.033618,26.6375,0.010539,0.014664,0.004136,0.006355,42372.6
5.5,Low,HRD1_major,1.17,0.033618,26.6375,0.010539,0.014664,0.004136,0.006355,42372.6
5.5,Low,HRD1_major,1.18,0.033618,26.6375,0.010539,0.014664,0.004136,0.006355,42372.6
5.5,Low,HRD1_major,1.19,0.033618,26.6375,0.010539,0.014664,0.004136,0.006355,42372.6
5.5,Low,HRD1_major,1.2,0.033618,26.6375,0.010539,0.014664,0.004136,0.006355,42372.6
5.5,Low,HRD1_major,1.21,0.033618,26.6375,0.010539,0.014664,0.004136,0.006355,42372.6
5.5,Low,HRD1_major,1.22,0.033618,26.6375,0.010539,0.014664,0.004136,0.006355,42372.6
5.5,Low,HRD1_major,1.23,0.033618,26.6375,0.010539,0.014664,0.004136,0.006355,42372.6
5.5,Low,HRD1_major,1.24,0.033618,26.6375,0.010539,0.014664,0.004136,0.006355,42372.6
5.5,Low,HRD1_major,1.25,0.033618,26.6375,0.010539,0.014664,0.004136,0.006355,42372.6
5.5,Low,HRD1_major,1.26,0.033618,26.6375,0.010539,0.014664,0.004136,0.006355,42372.6
5.5,Low,HRD1_major,1.27,0.033618,26.6375,0.010539,0.014664,0.004136,0.006355,42372.6
5.5,Low,HRD1_major,1.28,0.033618,26.6375,0.010539,0.014664,0.004136,0.006355,42372.6
5.5,Low,HRD1_major,1.29,0.033618,26.6375,0.010539,0.014664,0.004136,0.006355,42372.6
5.5,Low,HRD1_major,1.3,0.033618,26.6375,0.010539,0.014664,0.004136,0.006355,42372.6
5.5,Low,HRD1_major,1.31,0.033618,26.6375,0.010539,0.014664,0.004136,0.006355,42372.6
5.5,Low,HRD1_major,1.32,0.033618,26.6375,0.010539,0.014664,0.004136,0.006355,42372.6
5.5,Low,HRD1_major,1.33,0.033618,26.6375,0.010539,0.014664,0.004136,0.006355,42372.6
5.5,Low,HRD1_major,1.34,0.033618,26.6375,0.010539,0.014664,0.004136,0.006355,42372.6
5.5,Low,HRD1_major,1.35,0.033618,26.6375,0.010539,0.014664,0.004136,0.006355,42372.6
5.5,Low,HRD1_major,1.36,0.033618,26.6375,0.010539,0.014664,0.004136,0.006355,42372.6
5.5,Low,HRD1_major,1.37,0.033618,26.6375,0.010539,0.014664,0.004136,0.006355,42372.6
5.5,Low,HRD1_major,1.38,0.033618,26.6375,0.010539,0.014664,0.004136,0.006355,42372.6
5.5,Low,HRD1_major,1.39,0.033618,26.6375,0.010539,0.014664,0.004136,0.006355,42372.6
5.5,Low,HRD1_major,1.4,0.033618,26.6375,0.010539,0.014664,0.004136,0.006355,42372.6
5.5,Low,HRD1_major,1.41,0.033618,26.6375,0.010539,0.014664,0.004136,0.006355,42372.6
5.5,Low,HRD1_major,1.42,0.033618,26.6375,0.010539,0.014664,0.004136,0.006355,42372.6
5.5,Low,HRD1_major,1.43,0.033618,26.6375,0.010539,0.014664,0.004136,0.006355,42372.6
5.5,Low,HRD1_major,1.44,0.033618,26.6375,0.010539,0.014664,0.004136,0.006355,42372.6
5.5,Low,HRD1_major,1.45,0.033618,26.6375,0.010539,0.014664,0.004136,0.006355,42372.6
5.5,Low,HRD1_major,1.46,0.033618,26.6375,0.010539,0.014664,0.004136,0.006355,42372.6
5.5,Low,HRD1_major,1.47,0.033618,26.6375,0.010539,0.014664,0.004136,0.006355,42372.6
5.5,Low,HRD1_major,1.48,0.033618,26.6375,0.010539,0.014664,0.004136,0.006355,42372.6
5.5,Low,HRD1_major,1.49,0.033618,26.6375,0.010539,0.014664,0.004136,0.006355,42372.6
5.5,Low,HRD1_major,1.5,0.033618,26.6375,0.010539,0.014664,0.004136,0.006355,42372.6
5.5,Low,HRD2_urban,0.0,0.0,0.0,0.0,0.0,0.0,0.0,0.0
5.5,Low,HRD2_urban,0.01,0.0,0.0,0.0,0.0,0.0,0.0,0.0
5.5,Low,HRD2_urban,0.02,0.0,0.0,0.0,0.0,0.0,0.0,0.0
5.5,Low,HRD2_urban,0.03,0.0,0.0,0.0,0.0,0.0,0.0,0.0
5.5,Low,HRD2_urban,0.04,0.0,0.0,0.0,0.0,0.0,0.0,0.0
5.5,Low,HRD2_urban,0.05,0.0,0.0,0.0,0.0,0.0,0.0,0.0
5.5,Low,HRD2_urban,0.06,0.0,0.0,0.0,0.0,0.0,0.0,0.0
5.5,Low,HRD2_urban,0.07,0.0,0.0,0.0,0.0,0.0,0.0,0.0
5.5,Low,HRD2_urban,0.08,0.0,0.0,0.0,0.0,0.0,0.0,0.0
5.5,Low,HRD2_urban,0.09,0.0,0.0,0.0,0.0,0.0,0.0,0.0
5.5,Low,HRD2_urban,0.1,0.0,0.0,0.0,0.0,0.0,0.0,0.0
5.5,Low,HRD2_urban,0.11,0.0,0.0,0.0,0.0,0.0,0.0,0.0
5.5,Low,HRD2_urban,0.12,0.0,0.0,0.0,0.0,0.0,0.0,0.0
5.5,Low,HRD2_urban,0.13,0.0,0.0,0.0,0.0,0.0,0.0,0.0
5.5,Low,HRD2_urban,0.14,0.0,0.0,0.0,0.0,0.0,0.0,0.0
5.5,Low,HRD2_urban,0.15,0.0,0.0,0.0,0.0,0.0,0.0,0.0
5.5,Low,HRD2_urban,0.16,0.0,0.0,0.0,0.0,0.0,0.0,0.0
5.5,Low,HRD2_urban,0.17,0.0,0.0,0.0,0.0,0.0,0.0,0.0
5.5,Low,HRD2_urban,0.18,0.0,0.0,0.0,0.0,0.0,0.0,0.0
5.5,Low,HRD2_urban,0.19,0.0,0.0,0.0,0.0,0.0,0.0,0.0
5.5,Low,HRD2_urban,0.2,0.0,0.0,0.0,0.0,0.0,0.0,0.0
5.5,Low,HRD2_urban,0.21,0.0,1.0,0.0,0.0,0.0,0.0,0.0
5.5,Low,HRD2_urban,0.22,0.001526,1.0,8e-06,0.0,0.0,0.0,1.49
5.5,Low,HRD2_urban,0.23,0.003399,1.0,1.7e-05,1e-06,0.0,1e-06,3.31
5.5,Low,HRD2_urban,0.24,0.005271,1.0,2.7e-05,1e-06,0.0,2e-06,5.14
5.5,Low,HRD2_urban,0.25,0.007144,1.0,3.6e-05,1e-06,0.0,2e-06,6.96
5.5,Low,HRD2_urban,0.26,0.009016,1.0,4.5e-05,2e-06,0.0,3e-06,8.79
5.5,Low,HRD2_urban,0.27,0.010889,1.0,5.5e-05,2e-06,0.0,3e-06,10.61
5.5,Low,HRD2_urban,0.28,0.012761,1.0655,8.3e-05,3e-06,0.0,5e-06,16.23
5.5,Low,HRD2_urban,0.29,0.014634,1.2177,0.000158,8e-06,0.0,1e-05,31.91
5.5,Low,HRD2_urban,0.3,0.016507,1.3699,0.000272,1.6e-05,0.0,1.7e-05,56.53
5.5,Low,HRD2_urban,0.31,0.018379,1.5221,0.000431,2.8e-05,1e-06,2.8e-05,92.55
5.5,Low,HRD2_urban,0.32,0.020252,1.6744,0.000642,4.8e-05,1e-06,4.3e-05,142.43
5.5,Low,HRD2_urban,0.33,0.022124,1.8266,0.000909,7.7e-05,3e-06,6.3e-05,208.63
5.5,Low,HRD2_urban,0.34,0.023997,1.9788,0.001236,0.000116,4e-06,8.8e-05,293.53
5.5,Low,HRD2_urban,0.35,0.025869,2.131,0.001625,0.000168,7e-06,0.00012,399.44
5.5,Low,HRD2_urban,0.36,0.027742,2.2832,0.002077,0.000236,1.1e-05,0.000159,528.55
5.5,Low,HRD2_urban,0.37,0.029614,2.4354,0.002591,0.00032,1.6e-05,0.000205,682.93
5.5,Low,HRD2_urban,0.38,0.031487,2.5876,0.003167,0.000424,2.3e-05,0.000259,864.55
5.5,Low,HRD2_urban,0.39,0.033359,2.7399,0.003802,0.000549,3.2e-05,0.000323,1075.26
5.5,Low,HRD2_urban,0.4,0.033618,2.8921,0.004288,0.000665,4.2e-05,0.000377,1256.49
5.5,Low,HRD2_urban,0.41,0.033618,3.0443,0.004746,0.000788,5.3e-05,0.000432,1441.34
5.5,Low,HRD2_urban,0.42,0.033618,3.1965,0.005203,0.000921,6.7e-05,0.000491,1637.74
5.5,Low,HRD2_urban,0.43,0.033618,3.4248,0.005881,0.00114,9.1e-05,0.000586,1953.09
5.5,Low,HRD2_urban,0.44,0.033618,3.6531,0.006541,0.001381,0.00012,0.000687,2292.09
5.5,Low,HRD2_urban,0.45,0.033618,3.8815,0.007176,0.001641,0.000156,0.000796,2653.36
5.5,Low,HRD2_urban,0.46,0.033618,4.1098,0.007782,0.001918,0.000197,0.00091,3035.56
5.5,Low,HRD2_urban,0.47,0.033618,4.3381,0.008355,0.002211,0.000244,0.001031,3437.39
5.5,Low,HRD2_urban,0.48,0.033618,4.5664,0.008892,0.002517,0.000299,0.001157,3857.6
5.5,Low,HRD2_urban,0.49,0.033618,4.7947,0.009391,0.002834,0.00036,0.001288,4295.0
5.5,Low,HRD2_urban,0.5,0.033618,5.0231,0.009852,0.00316,0.000428,0.001424,4748.43
5.5,Low,HRD2_urban,0.51,0.033618,5.2514,0.010274,0.003493,0.000503,0.001565,5216.82
5.5,Low,HRD2_urban,0.52,0.033618,5.4797,0.010659,0.003832,0.000586,0.001709,5699.11
5.5,Low,HRD2_urban,0.53,0.033618,5.708,0.011005,0.004173,0.000676,0.001858,6194.31
5.5,Low,HRD2_urban,0.54,0.033618,5.9364,0.011315,0.004517,0.000773,0.00201,6701.47
5.5,Low,HRD2_urban,0.55,0.033618,6.1647,0.01159,0.004861,0.000877,0.002165,7219.68
5.5,Low,HRD2_urban,0.56,0.033618,6.393,0.011831,0.005203,0.000988,0.002324,7748.08
5.5,Low,HRD2_urban,0.57,0.033618,6.6213,0.012041,0.005544,0.001106,0.002485,8285.83
5.5,Low,HRD2_urban,0.58,0.033618,6.8496,0.012219,0.005881,0.001231,0.002649,8832.15
5.5,Low,HRD2_urban,0.59,0.033618,7.078,0.012369,0.006214,0.001363,0.002815,9386.28
5.5,Low,HRD2_urban,0.6,0.033618,7.3063,0.012492,0.006541,0.001501,0.002984,9947.5
5.5,Low,HRD2_urban,0.61,0.033618,7.5346,0.012589,0.006862,0.001646,0.003154,10515.12
5.5,Low,HRD2_urban,0.62,0.033618,7.7629,0.012663,0.007176,0.001796,0.003326,11088.49
5.5,Low,HRD2_urban,0.63,0.033618,7.9912,0.012714,0.007483,0.001953,0.003499,11666.98
5.5,Low,HRD2_urban,0.64,0.033618,8.8792,0.012733,0.008598,0.002613,0.004186,13954.54
5.5,Low,HRD2_urban,0.65,0.033618,9.7671,0.012522,0.009575,0.003345,0.004883,16279.62
5.5,Low,HRD2_urban,0.66,0.033618,10.655,0.012151,0.010407,0.004136,0.005584,18616.4
5.5,Low,HRD2_urban,0.67,0.033618,11.5429,0.011671,0.011095,0.004971,0.006282,20943.81
5.5,Low,HRD2_urban,0.68,0.033618,12.4308,0.011123,0.011647,0.005838,0.006972,23244.9
5.5,Low,HRD2_urban,0.69,0.033618,13.3187,0.010539,0.012072,0.006727,0.00765,25506.22
5.5,Low,HRD2_urban,0.7,0.033618,14.2067,0.009938,0.012384,0.007628,0.008314,27717.28
5.5,Low,HRD2_urban,0.71,0.033618,15.0946,0.009339,0.012594,0.008534,0.008959,29870.11
5.5,Low,HRD2_urban,0.72,0.033618,15.9825,0.008751,0.012714,0.009436,0.009586,31958.83
5.5,Low,HRD2_urban,0.73,0.033618,16.8704,0.008183,0.012757,0.01033,0.010192,33979.27
5.5,Low,HRD2_urban,0.74,0.033618,17.7583,0.007638,0.012733,0.011211,0.010776,35928.73
5.5,Low,HRD2_urban,0.75,0.033618,18.6462,0.007122,0.012651,0.012076,0.011339,37805.64
5.5,Low,HRD2_urban,0.76,0.033618,19.5342,0.006633,0.012522,0.01292,0.01188,39609.4
5.5,Low,HRD2_urban,0.77,0.033618,20.4221,0.006175,0.012353,0.013743,0.0124,41340.14
5.5,Low,HRD2_urban,0.78,0.033618,21.31,0.005745,0.012151,0.014542,0.012897,42998.63
5.5,Low,HRD2_urban,0.79,0.033618,22.1979,0.005344,0.011921,0.015317,0.013373,44586.09
5.5,Low,HRD2_urban,0.8,0.033618,23.0858,0.00497,0.011671,0.016065,0.013828,46104.1
5.5,Low,HRD2_urban,0.81,0.033618,23.9737,0.004623,0.011403,0.016788,0.014264,47554.53
5.5,Low,HRD2_urban,0.82,0.033618,24.8617,0.0043,0.011123,0.017485,0.014679,48939.43
5.5,Low,HRD2_urban,0.83,0.033618,25.7496,0.004,0.010834,0.018155,0.015075,50261.03
5.5,Low,HRD2_urban,0.84,0.033618,26.6375,0.003722,0.010539,0.018799,0.015453,51521.61
5.5,Low,HRD2_urban,0.85,0.033618,26.6375,0.003722,0.010539,0.018799,0.015453,51521.61
5.5,Low,HRD2_urban,0.86,0.033618,26.6375,0.003722,0.010539,0.018799,0.015453,51521.61
5.5,Low,HRD2_urban,0.87,0.033618,26.6375,0.003722,0.010539,0.018799,0.015453,51521.61
5.5,Low,HRD2_urban,0.88,0.033618,26.6375,0.003722,0.010539,0.018799,0.015453,51521.61
5.5,Low,HRD2_urban,0.89,0.033618,26.6375,0.003722,0.010539,0.018799,0.015453,51521.61
5.5,Low,HRD2_urban,0.9,0.033618,26.6375,0.003722,0.010539,0.018799,0.015453,51521.61
5.5,Low,HRD2_urban,0.91,0.033618,26.6375,0.003722,0.010539,0.018799,0.015453,51521.61
5.5,Low,HRD2_urban,0.92,0.033618,26.6375,0.003722,0.010539,0.018799,0.015453,51521.61
5.5,Low,HRD2_urban,0.93,0.033618,26.6375,0.003722,0.010539,0.018799,0.015453,51521.61
5.5,Low,HRD2_urban,0.94,0.033618,26.6375,0.003722,0.010539,0.018799,0.015453,51521.61
5.5,Low,HRD2_urban,0.95,0.033618,26.6375,0.003722,0.010539,0.018799,0.015453,51521.61
5.5,Low,HRD2_urban,0.96,0.033618,26.6375,0.003722,0.010539,0.018799,0.015453,51521.61
5.5,Low,HRD2_urban,0.97,0.033618,26.6375,0.003722,0.010539,0.018799,0.015453,51521.61
5.5,Low,HRD2_urban,0.98,0.033618,26.6375,0.003722,0.010539,0.018799,0.015453,51521.61
5.5,Low,HRD2_urban,0.99,0.033618,26.6375,0.003722,0.010539,0.018799,0.015453,51521.61
5.5,Low,HRD2_urban,1.0,0.033618,26.6375,0.003722,0.010539,0.018799,0.015453,51521.61
5.5,Low,HRD2_urban,1.01,0.033618,26.6375,0.003722,0.010539,0.018799,0.015453,51521.61
5.5,Low,HRD2_urban,1.02,0.033618,26.6375,0.003722,0.010539,0.018799,0.015453,51521.61
5.5,Low,HRD2_urban,1.03,0.033618,26.6375,0.003722,0.010539,0.018799,0.015453,51521.61
5.5,Low,HRD2_urban,1.04,0.033618,26.6375,0.003722,0.010539,0.018799,0.015453,51521.61
5.5,Low,HRD2_urban,1.05,0.033618,26.6375,0.003722,0.010539,0.018799,0.015453,51521.61
5.5,Low,HRD2_urban,1.06,0.033618,26.6375,0.003722,0.010539,0.018799,0.015453,51521.61
5.5,Low,HRD2_urban,1.07,0.033618,26.6375,0.003722,0.010539,0.018799,0.015453,51521.61
5.5,Low,HRD2_urban,1.08,0.033618,26.6375,0.003722,0.010539,0.018799,0.015453,51521.61
5.5,Low,HRD2_urban,1.09,0.033618,26.6375,0.003722,0.010539,0.018799,0.015453,51521.61
5.5,Low,HRD2_urban,1.1,0.033618,26.6375,0.003722,0.010539,0.018799,0.015453,51521.61
5.5,Low,HRD2_urban,1.11,0.033618,26.6375,0.003722,0.010539,0.018799,0.015453,51521.61
5.5,Low,HRD2_urban,1.12,0.033618,26.6375,0.003722,0.010539,0.018799,0.015453,51521.61
5.5,Low,HRD2_urban,1.13,0.033618,26.6375,0.003722,0.010539,0.018799,0.015453,51521.61
5.5,Low,HRD2_urban,1.14,0.033618,26.6375,0.003722,0.010539,0.018799,0.015453,51521.61
5.5,Low,HRD2_urban,1.15,0.033618,26.6375,0.003722,0.010539,0.018799,0.015453,51521.61
5.5,Low,HRD2_urban,1.16,0.033618,26.6375,0.003722,0.010539,0.018799,0.015453,51521.61
5.5,Low,HRD2_urban,1.17,0.033618,26.6375,0.003722,0.010539,0.018799,0.015453,51521.61
5.5,Low,HRD2_urban,1.18,0.033618,26.6375,0.003722,0.010539,0.018799,0.015453,51521.61
5.5,Low,HRD2_urban,1.19,0.033618,26.6375,0.003722,0.010539,0.018799,0.015453,51521.61
5.5,Low,HRD2_urban,1.2,0.033618,26.6375,0.003722,0.010539,0.018799,0.015453,51521.61
5.5,Low,HRD2_urban,1.21,0.033618,26.6375,0.003722,0.010539,0.018799,0.015453,51521.61
5.5,Low,HRD2_urban,1.22,0.033618,26.6375,0.003722,0.010539,0.018799,0.015453,51521.61
5.5,Low,HRD2_urban,1.23,0.033618,26.6375,0.003722,0.010539,0.018799,0.015453,51521.61
5.5,Low,HRD2_urban,1.24,0.033618,26.6375,0.003722,0.010539,0.018799,0.015453,51521.61
5.5,Low,HRD2_urban,1.25,0.033618,26.6375,0.003722,0.010539,0.018799,0.015453,51521.61
5.5,Low,HRD2_urban,1.26,0.033618,26.6375,0.003722,0.010539,0.018799,0.015453,51521.61
5.5,Low,HRD2_urban,1.27,0.033618,26.6375,0.003722,0.010539,0.018799,0.015453,51521.61
5.5,Low,HRD2_urban,1.28,0.033618,26.6375,0.003722,0.010539,0.018799,0.015453,51521.61
5.5,Low,HRD2_urban,1.29,0.033618,26.6375,0.003722,0.010539,0.018799,0.015453,51521.61
5.5,Low,HRD2_urban,1.3,0.033618,26.6375,0.003722,0.010539,0.018799,0.015453,51521.61
5.5,Low,HRD2_urban,1.31,0.033618,26.6375,0.003722,0.010539,0.018799,0.015453,51521.61
5.5,Low,HRD2_urban,1.32,0.033618,26.6375,0.003722,0.010539,0.018799,0.015453,51521.61
5.5,Low,HRD2_urban,1.33,0.033618,26.6375,0.003722,0.010539,0.018799,0.015453,51521.61
5.5,Low,HRD2_urban,1.34,0.033618,26.6375,0.003722,0.010539,0.018799,0.015453,51521.61
5.5,Low,HRD2_urban,1.35,0.033618,26.6375,0.003722,0.010539,0.018799,0.015453,51521.61
5.5,Low,HRD2_urban,1.36,0.033618,26.6375,0.003722,0.010539,0.018799,0.015453,51521.61
5.5,Low,HRD2_urban,1.37,0.033618,26.6375,0.003722,0.010539,0.018799,0.015453,51521.61
5.5,Low,HRD2_urban,1.38,0.033618,26.6375,0.003722,0.010539,0.018799,0.015453,51521.61
5.5,Low,HRD2_urban,1.39,0.033618,26.6375,0.003722,0.010539,0.018799,0.015453,51521.61
5.5,Low,HRD2_urban,1.4,0.033618,26.6375,0.003722,0.010539,0.018799,0.015453,51521.61
5.5,Low,HRD2_urban,1.41,0.033618,26.6375,0.003722,0.010539,0.018799,0.015453,51521.61
5.5,Low,HRD2_urban,1.42,0.033618,26.6375,0.003722,0.010539,0.018799,0.015453,51521.61
5.5,Low,HRD2_urban,1.43,0.033618,26.6375,0.003722,0.010539,0.018799,0.015453,51521.61
5.5,Low,HRD2_urban,1.44,0.033618,26.6375,0.003722,0.010539,0.018799,0.015453,51521.61
5.5,Low,HRD2_urban,1.45,0.033618,26.6375,0.003722,0.010539,0.018799,0.015453,51521.61
5.5,Low,HRD2_urban,1.46,0.033618,26.6375,0.003722,0.010539,0.018799,0.015453,51521.61
5.5,Low,HRD2_urban,1.47,0.033618,26.6375,0.003722,0.010539,0.018799,0.015453,51521.61
5.5,Low,HRD2_urban,1.48,0.033618,26.6375,0.003722,0.010539,0.018799,0.015453,51521.61
5.5,Low,HRD2_urban,1.49,0.033618,26.6375,0.003722,0.010539,0.018799,0.015453,51521.61
5.5,Low,HRD2_urban,1.5,0.033618,26.6375,0.003722,0.010539,0.018799,0.015453,51521.61
5.5,VeryLow,HRD1_major,0.0,0.0,0.0,0.0,0.0,0.0,0.0,0.0
5.5,VeryLow,HRD1_major,0.01,0.0,0.0,0.0,0.0,0.0,0.0,0.0
5.5,VeryLow,HRD1_major,0.02,0.0,0.0,0.0,0.0,0.0,0.0,0.0
5.5,VeryLow,HRD1_major,0.03,0.0,0.0,0.0,0.0,0.0,0.0,0.0
5.5,VeryLow,HRD1_major,0.04,0.0,0.0,0.0,0.0,0.0,0.0,0.0
5.5,VeryLow,HRD1_major,0.05,0.0,0.0,0.0,0.0,0.0,0.0,0.0
5.5,VeryLow,HRD1_major,0.06,0.0,0.0,0.0,0.0,0.0,0.0,0.0
5.5,VeryLow,HRD1_major,0.07,0.0,0.0,0.0,0.0,0.0,0.0,0.0
5.5,VeryLow,HRD1_major,0.08,0.0,0.0,0.0,0.0,0.0,0.0,0.0
5.5,VeryLow,HRD1_major,0.09,0.0,0.0,0.0,0.0,0.0,0.0,0.0
5.5,VeryLow,HRD1_major,0.1,0.0,0.0,0.0,0.0,0.0,0.0,0.0
5.5,VeryLow,HRD1_major,0.11,0.0,0.0,0.0,0.0,0.0,0.0,0.0
5.5,VeryLow,HRD1_major,0.12,0.0,0.0,0.0,0.0,0.0,0.0,0.0
5.5,VeryLow,HRD1_major,0.13,0.0,0.0,0.0,0.0,0.0,0.0,0.0
5.5,VeryLow,HRD1_major,0.14,0.0,0.0,0.0,0.0,0.0,0.0,0.0
5.5,VeryLow,HRD1_major,0.15,0.0,0.0,0.0,0.0,0.0,0.0,0.0
5.5,VeryLow,HRD1_major,0.16,0.0,0.0,0.0,0.0,0.0,0.0,0.0
5.5,VeryLow,HRD1_major,0.17,0.0,0.0,0.0,0.0,0.0,0.0,0.0
5.5,VeryLow,HRD1_major,0.18,0.0,0.0,0.0,0.0,0.0,0.0,0.0
5.5,VeryLow,HRD1_major,0.19,0.0,0.0,0.0,0.0,0.0,0.0,0.0
5.5,VeryLow,HRD1_major,0.2,0.0,0.0,0.0,0.0,0.0,0.0,0.0
5.5,VeryLow,HRD1_major,0.21,0.0,0.0,0.0,0.0,0.0,0.0,0.0
5.5,VeryLow,HRD1_major,0.22,0.0,0.0,0.0,0.0,0.0,0.0,0.0
5.5,VeryLow,HRD1_major,0.23,0.0,0.0,0.0,0.0,0.0,0.0,0.0
5.5,VeryLow,HRD1_major,0.24,0.0,0.0,0.0,0.0,0.0,0.0,0.0
5.5,VeryLow,HRD1_major,0.25,0.0,0.0,0.0,0.0,0.0,0.0,0.0
5.5,VeryLow,HRD1_major,0.26,2.2e-05,0.0,0.0,0.0,0.0,0.0,0.0
5.5,VeryLow,HRD1_major,0.27,0.000581,0.1229,0.0,0.0,0.0,0.0,0.0
5.5,VeryLow,HRD1_major,0.28,0.00114,0.2459,0.0,0.0,0.0,0.0,0.0
5.5,VeryLow,HRD1_major,0.29,0.0017,0.3688,0.0,0.0,0.0,0.0,0.0
5.5,VeryLow,HRD1_major,0.3,0.002259,0.4918,0.0,0.0,0.0,0.0,0.0
5.5,VeryLow,HRD1_major,0.31,0.002819,0.6147,0.0,0.0,0.0,0.0,0.01
5.5,VeryLow,HRD1_major,0.32,0.003378,0.7377,0.0,0.0,0.0,0.0,0.04
5.5,VeryLow,HRD1_major,0.33,0.003937,0.8606,0.0,0.0,0.0,0.0,0.11
5.5,VeryLow,HRD1_major,0.34,0.004497,0.9835,1e-06,0.0,0.0,0.0,0.28
5.5,VeryLow,HRD1_major,0.35,0.005056,1.1065,2e-06,0.0,0.0,0.0,0.59
5.5,VeryLow,HRD1_major,0.36,0.005616,1.2294,3e-06,0.0,0.0,0.0,1.12
5.5,VeryLow,HRD1_major,0.37,0.006175,1.3524,5e-06,0.0,0.0,0.0,1.99
5.5,VeryLow,HRD1_major,0.38,0.006734,1.4753,9e-06,0.0,0.0,0.0,3.32
5.5,VeryLow,HRD1_major,0.39,0.007294,1.5982,1.4e-05,0.0,0.0,1e-06,5.23
5.5,VeryLow,HRD1_major,0.4,0.007853,1.7212,2.1e-05,1e-06,0.0,1e-06,7.91
5.5,VeryLow,HRD1_major,0.41,0.008413,1.8441,3e-05,1e-06,0.0,2e-06,11.51
5.5,VeryLow,HRD1_major,0.42,0.008972,1.9671,4.2e-05,2e-06,0.0,2e-06,16.23
5.5,VeryLow,HRD1_major,0.43,0.009531,2.09,5.7e-05,2e-06,0.0,3e-06,22.27
5.5,VeryLow,HRD1_major,0.44,0.010091,2.213,7.6e-05,3e-06,0.0,4e-06,29.84
5.5,VeryLow,HRD1_major,0.45,0.01065,2.3359,9.9e-05,5e-06,0.0,6e-06,39.15
5.5,VeryLow,HRD1_major,0.46,0.01121,2.4588,0.000126,6e-06,0.0,8e-06,50.44
5.5,VeryLow,HRD1_major,0.47,0.011769,2.5818,0.000157,8e-06,0.0,1e-05,63.92
5.5,VeryLow,HRD1_major,0.48,0.012328,2.7047,0.000194,1.1e-05,0.0,1.2e-05,79.84
5.5,VeryLow,HRD1_major,0.49,0.012888,2.8277,0.000236,1.4e-05,0.0,1.5e-05,98.41
5.5,VeryLow,HRD1_major,0.5,0.013447,2.9506,0.000284,1.8e-05,0.0,1.8e-05,119.87
5.5,VeryLow,HRD1_major,0.51,0.013447,3.0736,0.000325,2.2e-05,0.0,2.1e-05,138.69
5.5,VeryLow,HRD1_major,0.52,0.013447,3.1965,0.000369,2.7e-05,0.0,2.4e-05,159.15
5.5,VeryLow,HRD1_major,0.53,0.013447,3.3809,0.000439,3.4e-05,0.0,2.9e-05,192.97
5.5,VeryLow,HRD1_major,0.54,0.013447,3.5653,0.000514,4.3e-05,0.0,3.5e-05,230.57
5.5,VeryLow,HRD1_major,0.55,0.013447,3.7497,0.000595,5.3e-05,1e-06,4.1e-05,271.96
5.5,VeryLow,HRD1_major,0.56,0.013447,3.9342,0.000681,6.5e-05,1e-06,4.8e-05,317.13
5.5,VeryLow,HRD1_major,0.57,0.013447,4.1186,0.000772,7.8e-05,1e-06,5.5e-05,366.05
5.5,VeryLow,HRD1_major,0.58,0.013447,4.303,0.000866,9.4e-05,1e-06,6.3e-05,418.69
5.5,VeryLow,HRD1_major,0.59,0.013447,4.4874,0.000964,0.00011,1e-06,7.1e-05,474.98
5.5,VeryLow,HRD1_major,0.6,0.013447,4.6718,0.001065,0.000129,2e-06,8e-05,534.87
5.5,VeryLow,HRD1_major,0.61,0.013447,4.8562,0.001168,0.000149,2e-06,9e-05,598.28
5.5,VeryLow,HRD1_major,0.62,0.013447,5.0406,0.001274,0.000171,3e-06,0.0001,665.13
5.5,VeryLow,HRD1_major,0.63,0.013447,5.225,0.001382,0.000194,3e-06,0.00011,735.33
5.5,VeryLow,HRD1_major,0.64,0.013447,5.4095,0.001491,0.00022,4e-06,0.000121,808.8
5.5,VeryLow,HRD1_major,0.65,0.013447,5.5939,0.001601,0.000247,5e-06,0.000133,885.44
5.5,VeryLow,HRD1_major,0.66,0.013447,5.7783,0.001712,0.000276,6e-06,0.000145,965.17
5.5,VeryLow,HRD1_major,0.67,0.013447,5.9627,0.001823,0.000307,7e-06,0.000157,1047.88
5.5,VeryLow,HRD1_major,0.68,0.013447,6.1471,0.001934,0.00034,8e-06,0.00017,1133.49
5.5,VeryLow,HRD1_major,0.69,0.013447,6.3315,0.002045,0.000374,9e-06,0.000183,1221.91
5.5,VeryLow,HRD1_major,0.7,0.013447,6.5159,0.002155,0.00041,1e-05,0.000197,1313.03
5.5,VeryLow,HRD1_major,0.71,0.013447,6.7004,0.002264,0.000448,1.2e-05,0.000211,1406.76
5.5,VeryLow,HRD1_major,0.72,0.013447,6.8848,0.002373,0.000487,1.3e-05,0.000225,1503.03
5.5,VeryLow,HRD1_major,0.73,0.013447,7.0692,0.00248,0.000528,1.5e-05,0.00024,1601.73
5.5,VeryLow,HRD1_major,0.74,0.013447,7.2536,0.002586,0.00057,1.7e-05,0.000255,1702.79
5.5,VeryLow,HRD1_major,0.75,0.013447,7.438,0.002691,0.000614,1.9e-05,0.000271,1806.11
5.5,VeryLow,HRD1_major,0.76,0.013447,7.6224,0.002793,0.00066,2.2e-05,0.000287,1911.62
5.5,VeryLow,HRD1_major,0.77,0.013447,7.8068,0.002894,0.000706,2.4e-05,0.000303,2019.23
5.5,VeryLow,HRD1_major,0.78,0.013447,7.9912,0.002993,0.000754,2.7e-05,0.000319,2128.87
5.5,VeryLow,HRD1_major,0.79,0.013447,8.7084,0.003358,0.000953,3.9e-05,0.000386,2573.17
5.5,VeryLow,HRD1_major,0.8,0.013447,9.4256,0.003687,0.001167,5.5e-05,0.000456,3042.96
5.5,VeryLow,HRD1_major,0.81,0.013447,10.1427,0.003978,0.001395,7.5e-05,0.00053,3534.7
5.5,VeryLow,HRD1_major,0.82,0.013447,10.8599,0.004231,0.001632,9.8e-05,0.000607,4045.3
5.5,VeryLow,HRD1_major,0.83,0.013447,11.5771,0.004447,0.001875,0.000126,0.000686,4572.09
5.5,VeryLow,HRD1_major,0.84,0.013447,12.2942,0.004628,0.002123,0.000158,0.000767,5112.77
5.5,VeryLow,HRD1_major,0.85,0.013447,13.0114,0.004775,0.002372,0.000195,0.00085,5665.35
5.5,VeryLow,HRD1_major,0.86,0.013447,13.7286,0.004892,0.002621,0.000236,0.000934,6228.09
5.5,VeryLow,HRD1_major,0.87,0.013447,14.4457,0.00498,0.002867,0.000282,0.00102,6799.48
5.5,VeryLow,HRD1_major,0.88,0.013447,15.1629,0.005042,0.003109,0.000332,0.001107,7378.18
5.5,VeryLow,HRD1_major,0.89,0.013447,15.88,0.005082,0.003346,0.000387,0.001194,7963.02
5.5,VeryLow,HRD1_major,0.9,0.013447,16.5972,0.005101,0.003576,0.000446,0.001283,8552.96
5.5,VeryLow,HRD1_major,0.91,0.013447,17.3144,0.005101,0.003799,0.00051,0.001372,9147.05
5.5,VeryLow,HRD1_major,0.92,0.013447,18.0315,0.005085,0.004014,0.000578,0.001461,9744.46
5.5,VeryLow,HRD1_major,0.93,0.013447,18.7487,0.005055,0.00422,0.000649,0.001551,10344.42
5.5,VeryLow,HRD1_major,0.94,0.013447,19.4659,0.005013,0.004418,0.000725,0.001642,10946.25
5.5,VeryLow,HRD1_major,0.95,0.013447,20.183,0.004961,0.004605,0.000804,0.001732,11549.3
5.5,VeryLow,HRD1_major,0.96,0.013447,20.9002,0.004899,0.004784,0.000887,0.001823,12153.0
5.5,VeryLow,HRD1_major,0.97,0.013447,21.6174,0.00483,0.004952,0.000973,0.001913,12756.8
5.5,VeryLow,HRD1_major,0.98,0.013447,22.3345,0.004754,0.005111,0.001063,0.002004,13360.22
5.5,VeryLow,HRD1_major,0.99,0.013447,23.0517,0.004672,0.00526,0.001155,0.002094,13962.79
5.5,VeryLow,HRD1_major,1.0,0.013447,23.7688,0.004587,0.0054,0.00125,0.002184,14564.08
5.5,VeryLow,HRD1_major,1.01,0.013447,24.486,0.004497,0.00553,0.001348,0.002274,15163.71
5.5,VeryLow,HRD1_major,1.02,0.013447,25.2032,0.004405,0.005651,0.001448,0.002364,15761.31
5.5,VeryLow,HRD1_major,1.03,0.013447,25.9203,0.004311,0.005762,0.00155,0.002453,16356.52
5.5,VeryLow,HRD1_major,1.04,0.013447,26.6375,0.004215,0.005866,0.001654,0.002542,16949.04
5.5,VeryLow,HRD1_major,1.05,0.013447,26.6375,0.004215,0.005866,0.001654,0.002542,16949.04
5.5,VeryLow,HRD1_major,1.06,0.013447,26.6375,0.004215,0.005866,0.001654,0.002542,16949.04
5.5,VeryLow,HRD1_major,1.07,0.013447,26.6375,0.004215,0.005866,0.001654,0.002542,16949.04
5.5,VeryLow,HRD1_major,1.08,0.013447,26.6375,0.004215,0.005866,0.001654,0.002542,16949.04
5.5,VeryLow,HRD1_major,1.09,0.013447,26.6375,0.004215,0.005866,0.001654,0.002542,16949.04
5.5,VeryLow,HRD1_major,1.1,0.013447,26.6375,0.004215,0.005866,0.001654,0.002542,16949.04
5.5,VeryLow,HRD1_major,1.11,0.013447,26.6375,0.004215,0.005866,0.001654,0.002542,16949.04
5.5,VeryLow,HRD1_major,1.12,0.013447,26.6375,0.004215,0.005866,0.001654,0.002542,16949.04
5.5,VeryLow,HRD1_major,1.13,0.013447,26.6375,0.004215,0.005866,0.001654,0.002542,16949.04
5.5,VeryLow,HRD1_major,1.14,0.013447,26.6375,0.004215,0.005866,0.001654,0.002542,16949.04
5.5,VeryLow,HRD1_major,1.15,0.013447,26.6375,0.004215,0.005866,0.001654,0.002542,16949.04
5.5,VeryLow,HRD1_major,1.16,0.013447,26.6375,0.004215,0.005866,0.001654,0.002542,16949.04
5.5,VeryLow,HRD1_major,1.17,0.013447,26.6375,0.004215,0.005866,0.001654,0.002542,16949.04
5.5,VeryLow,HRD1_major,1.18,0.013447,26.6375,0.004215,0.005866,0.001654,0.002542,16949.04
5.5,VeryLow,HRD1_major,1.19,0.013447,26.6375,0.004215,0.005866,0.001654,0.002542,16949.04
5.5,VeryLow,HRD1_major,1.2,0.013447,26.6375,0.004215,0.005866,0.001654,0.002542,16949.04
5.5,VeryLow,HRD1_major,1.21,0.013447,26.6375,0.004215,0.005866,0.001654,0.002542,16949.04
5.5,VeryLow,HRD1_major,1.22,0.013447,26.6375,0.004215,0.005866,0.001654,0.002542,16949.04
5.5,VeryLow,HRD1_major,1.23,0.013447,26.6375,0.004215,0.005866,0.001654,0.002542,16949.04
5.5,VeryLow,HRD1_major,1.24,0.013447,26.6375,0.004215,0.005866,0.001654,0.002542,16949.04
5.5,VeryLow,HRD1_major,1.25,0.013447,26.6375,0.004215,0.005866,0.001654,0.002542,16949.04
5.5,VeryLow,HRD1_major,1.26,0.013447,26.6375,0.004215,0.005866,0.001654,0.002542,16949.04
5.5,VeryLow,HRD1_major,1.27,0.013447,26.6375,0.004215,0.005866,0.001654,0.002542,16949.04
5.5,VeryLow,HRD1_major,1.28,0.013447,26.6375,0.004215,0.005866,0.001654,0.002542,16949.04
5.5,VeryLow,HRD1_major,1.29,0.013447,26.6375,0.004215,0.005866,0.001654,0.002542,16949.04
5.5,VeryLow,HRD1_major,1.3,0.013447,26.6375,0.004215,0.005866,0.001654,0.002542,16949.04
5.5,VeryLow,HRD1_major,1.31,0.013447,26.6375,0.004215,0.005866,0.001654,0.002542,16949.04
5.5,VeryLow,HRD1_major,1.32,0.013447,26.6375,0.004215,0.005866,0.001654,0.002542,16949.04
5.5,VeryLow,HRD1_major,1.33,0.013447,26.6375,0.004215,0.005866,0.001654,0.002542,16949.04
5.5,VeryLow,HRD1_major,1.34,0.013447,26.6375,0.004215,0.005866,0.001654,0.002542,16949.04
5.5,VeryLow,HRD1_major,1.35,0.013447,26.6375,0.004215,0.005866,0.001654,0.002542,16949.04
5.5,VeryLow,HRD1_major,1.36,0.013447,26.6375,0.004215,0.005866,0.001654,0.002542,16949.04
5.5,VeryLow,HRD1_major,1.37,0.013447,26.6375,0.004215,0.005866,0.001654,0.002542,16949.04
5.5,VeryLow,HRD1_major,1.38,0.013447,26.6375,0.004215,0.005866,0.001654,0.002542,16949.04
5.5,VeryLow,HRD1_major,1.39,0.013447,26.6375,0.004215,0.005866,0.001654,0.002542,16949.04
5.5,VeryLow,HRD1_major,1.4,0.013447,26.6375,0.004215,0.005866,0.001654,0.002542,16949.04
5.5,VeryLow,HRD1_major,1.41,0.013447,26.6375,0.004215,0.005866,0.001654,0.002542,16949.04
5.5,VeryLow,HRD1_major,1.42,0.013447,26.6375,0.004215,0.005866,0.001654,0.002542,16949.04
5.5,VeryLow,HRD1_major,1.43,0.013447,26.6375,0.004215,0.005866,0.001654,0.002542,16949.04
5.5,VeryLow,HRD1_major,1.44,0.013447,26.6375,0.004215,0.005866,0.001654,0.002542,16949.04
5.5,VeryLow,HRD1_major,1.45,0.013447,26.6375,0.004215,0.005866,0.001654,0.002542,16949.04
5.5,VeryLow,HRD1_major,1.46,0.013447,26.6375,0.004215,0.005866,0.001654,0.002542,16949.04
5.5,VeryLow,HRD1_major,1.47,0.013447,26.6375,0.004215,0.005866,0.001654,0.002542,16949.04
5.5,VeryLow,HRD1_major,1.48,0.013447,26.6375,0.004215,0.005866,0.001654,0.002542,16949.04
5.5,VeryLow,HRD1_major,1.49,0.013447,26.6375,0.004215,0.005866,0.001654,0.002542,16949.04
5.5,VeryLow,HRD1_major,1.5,0.013447,26.6375,0.004215,0.005866,0.001654,0.002542,16949.04
5.5,VeryLow,HRD2_urban,0.0,0.0,0.0,0.0,0.0,0.0,0.0,0.0
5.5,VeryLow,HRD2_urban,0.01,0.0,0.0,0.0,0.0,0.0,0.0,0.0
5.5,VeryLow,HRD2_urban,0.02,0.0,0.0,0.0,0.0,0.0,0.0,0.0
5.5,VeryLow,HRD2_urban,0.03,0.0,0.0,0.0,0.0,0.0,0.0,0.0
5.5,VeryLow,HRD2_urban,0.04,0.0,0.0,0.0,0.0,0.0,0.0,0.0
5.5,VeryLow,HRD2_urban,0.05,0.0,0.0,0.0,0.0,0.0,0.0,0.0
5.5,VeryLow,HRD2_urban,0.06,0.0,0.0,0.0,0.0,0.0,0.0,0.0
5.5,VeryLow,HRD2_urban,0.07,0.0,0.0,0.0,0.0,0.0,0.0,0.0
5.5,VeryLow,HRD2_urban,0.08,0.0,0.0,0.0,0.0,0.0,0.0,0.0
5.5,VeryLow,HRD2_urban,0.09,0.0,0.0,0.0,0.0,0.0,0.0,0.0
5.5,VeryLow,HRD2_urban,0.1,0.0,0.0,0.0,0.0,0.0,0.0,0.0
5.5,VeryLow,HRD2_urban,0.11,0.0,0.0,0.0,0.0,0.0,0.0,0.0
5.5,VeryLow,HRD2_urban,0.12,0.0,0.0,0.0,0.0,0.0,0.0,0.0
5.5,VeryLow,HRD2_urban,0.13,0.0,0.0,0.0,0.0,0.0,0.0,0.0
5.5,VeryLow,HRD2_urban,0.14,0.0,0.0,0.0,0.0,0.0,0.0,0.0
5.5,VeryLow,HRD2_urban,0.15,0.0,0.0,0.0,0.0,0.0,0.0,0.0
5.5,VeryLow,HRD2_urban,0.16,0.0,0.0,0.0,0.0,0.0,0.0,0.0
5.5,VeryLow,HRD2_urban,0.17,0.0,0.0,0.0,0.0,0.0,0.0,0.0
5.5,VeryLow,HRD2_urban,0.18,0.0,0.0,0.0,0.0,0.0,0.0,0.0
5.5,VeryLow,HRD2_urban,0.19,0.0,0.0,0.0,0.0,0.0,0.0,0.0
5.5,VeryLow,HRD2_urban,0.2,0.0,0.0,0.0,0.0,0.0,0.0,0.0
5.5,VeryLow,HRD2_urban,0.21,0.0,0.0,0.0,0.0,0.0,0.0,0.0
5.5,VeryLow,HRD2_urban,0.22,0.0,0.0,0.0,0.0,0.0,0.0,0.0
5.5,VeryLow,HRD2_urban,0.23,0.0,0.0,0.0,0.0,0.0,0.0,0.0
5.5,VeryLow,HRD2_urban,0.24,0.0,0.0,0.0,0.0,0.0,0.0,0.0
5.5,VeryLow,HRD2_urban,0.25,0.0,0.0,0.0,0.0,0.0,0.0,0.0
5.5,VeryLow,HRD2_urban,0.26,2.2e-05,0.0,0.0,0.0,0.0,0.0,0.0
5.5,VeryLow,HRD2_urban,0.27,0.000581,0.1229,0.0,0.0,0.0,0.0,0.0
5.5,VeryLow,HRD2_urban,0.28,0.00114,0.2459,0.0,0.0,0.0,0.0,0.0
5.5,VeryLow,HRD2_urban,0.29,0.0017,0.3688,0.0,0.0,0.0,0.0,0.01
5.5,VeryLow,HRD2_urban,0.3,0.002259,0.4918,0.0,0.0,0.0,0.0,0.07
5.5,VeryLow,HRD2_urban,0.31,0.002819,0.6147,2e-06,0.0,0.0,0.0,0.28
5.5,VeryLow,HRD2_urban,0.32,0.003378,0.7377,5e-06,0.0,0.0,0.0,0.83
5.5,VeryLow,HRD2_urban,0.33,0.003937,0.8606,1.1e-05,0.0,0.0,1e-06,1.99
5.5,VeryLow,HRD2_urban,0.34,0.004497,0.9835,2.1e-05,1e-06,0.0,1e-06,4.08
5.5,VeryLow,HRD2_urban,0.35,0.005056,1.1065,3.8e-05,2e-06,0.0,2e-06,7.51
5.5,VeryLow,HRD2_urban,0.36,0.005616,1.2294,6.3e-05,3e-06,0.0,4e-06,12.71
5.5,VeryLow,HRD2_urban,0.37,0.006175,1.3524,9.7e-05,5e-06,0.0,6e-06,20.15
5.5,VeryLow,HRD2_urban,0.38,0.006734,1.4753,0.000142,9e-06,0.0,9e-06,30.3
5.5,VeryLow,HRD2_urban,0.39,0.007294,1.5982,0.0002,1.4e-05,0.0,1.3e-05,43.65
5.5,VeryLow,HRD2_urban,0.4,0.007853,1.7212,0.000271,2.1e-05,1e-06,1.8e-05,60.69
5.5,VeryLow,HRD2_urban,0.41,0.008413,1.8441,0.000355,3e-05,1e-06,2.5e-05,81.88
5.5,VeryLow,HRD2_urban,0.42,0.008972,1.9671,0.000455,4.2e-05,2e-06,3.2e-05,107.68
5.5,VeryLow,HRD2_urban,0.43,0.009531,2.09,0.000569,5.7e-05,2e-06,4.2e-05,138.56
5.5,VeryLow,HRD2_urban,0.44,0.010091,2.213,0.000699,7.6e-05,3e-06,5.2e-05,174.93
5.5,VeryLow,HRD2_urban,0.45,0.01065,2.3359,0.000843,9.9e-05,5e-06,6.5e-05,217.22
5.5,VeryLow,HRD2_urban,0.46,0.01121,2.4588,0.001003,0.000126,6e-06,8e-05,265.8
5.5,VeryLow,HRD2_urban,0.47,0.011769,2.5818,0.001178,0.000157,9e-06,9.6e-05,321.08
5.5,VeryLow,HRD2_urban,0.48,0.012328,2.7047,0.001367,0.000194,1.1e-05,0.000115,383.39
5.5,VeryLow,HRD2_urban,0.49,0.012888,2.8277,0.00157,0.000236,1.4e-05,0.000136,453.08
5.5,VeryLow,HRD2_urban,0.5,0.013447,2.9506,0.001786,0.000284,1.8e-05,0.000159,530.48
5.5,VeryLow,HRD2_urban,0.51,0.013447,3.0736,0.001934,0.000325,2.2e-05,0.000177,591.29
5.5,VeryLow,HRD2_urban,0.52,0.013447,3.1965,0.002081,0.000369,2.7e-05,0.000196,655.1
5.5,VeryLow,HRD2_urban,0.53,0.013447,3.3809,0.002301,0.000439,3.4e-05,0.000227,756.22
5.5,VeryLow,HRD2_urban,0.54,0.013447,3.5653,0.002516,0.000514,4.3e-05,0.000259,863.6
5.5,VeryLow,HRD2_urban,0.55,0.013447,3.7497,0.002725,0.000595,5.4e-05,0.000293,976.92
5.5,VeryLow,HRD2_urban,0.56,0.013447,3.9342,0.002928,0.000681,6.6e-05,0.000329,1095.9
5.5,VeryLow,HRD2_urban,0.57,0.013447,4.1186,0.003122,0.000772,7.9e-05,0.000366,1220.26
5.5,VeryLow,HRD2_urban,0.58,0.013447,4.303,0.003308,0.000866,9.5e-05,0.000405,1349.74
5.5,VeryLow,HRD2_urban,0.59,0.013447,4.4874,0.003484,0.000964,0.000112,0.000445,1484.06
5.5,VeryLow,HRD2_urban,0.6,0.013447,4.6718,0.003651,0.001065,0.00013,0.000487,1622.96
5.5,VeryLow,HRD2_urban,0.61,0.013447,4.8562,0.003808,0.001168,0.000151,0.00053,1766.22
5.5,VeryLow,HRD2_urban,0.62,0.013447,5.0406,0.003954,0.001274,0.000173,0.000574,1913.58
5.5,VeryLow,HRD2_urban,0.63,0.013447,5.225,0.004091,0.001382,0.000198,0.000619,2064.82
5.5,VeryLow,HRD2_urban,0.64,0.013447,5.4095,0.004218,0.001491,0.000224,0.000666,2219.72
5.5,VeryLow,HRD2_urban,0.65,0.013447,5.5939,0.004335,0.001601,0.000252,0.000713,2378.06
5.5,VeryLow,HRD2_urban,0.66,0.013447,5.7783,0.004442,0.001712,0.000282,0.000762,2539.65
5.5,VeryLow,HRD2_urban,0.67,0.013447,5.9627,0.004539,0.001823,0.000314,0.000811,2704.29
5.5,VeryLow,HRD2_urban,0.68,0.013447,6.1471,0.004628,0.001934,0.000347,0.000861,2871.78
5.5,VeryLow,HRD2_urban,0.69,0.013447,6.3315,0.004708,0.002045,0.000383,0.000912,3041.94
5.5,VeryLow,HRD2_urban,0.7,0.013447,6.5159,0.004779,0.002155,0.00042,0.000964,3214.61
5.5,VeryLow,HRD2_urban,0.71,0.013447,6.7004,0.004842,0.002264,0.00046,0.001017,3389.6
5.5,VeryLow,HRD2_urban,0.72,0.013447,6.8848,0.004898,0.002373,0.0005,0.00107,3566.76
5.5,VeryLow,HRD2_urban,0.73,0.013447,7.0692,0.004945,0.00248,0.000543,0.001124,3745.93
5.5,VeryLow,HRD2_urban,0.74,0.013447,7.2536,0.004986,0.002586,0.000588,0.001178,3926.96
5.5,VeryLow,HRD2_urban,0.75,0.013447,7.438,0.00502,0.002691,0.000634,0.001233,4109.69
5.5,VeryLow,HRD2_urban,0.76,0.013447,7.6224,0.005048,0.002793,0.000681,0.001288,4294.0
5.5,VeryLow,HRD2_urban,0.77,0.013447,7.8068,0.00507,0.002894,0.00073,0.001344,4479.74
5.5,VeryLow,HRD2_urban,0.78,0.013447,7.9912,0.005086,0.002993,0.000781,0.0014,4666.79
5.5,VeryLow,HRD2_urban,0.79,0.013447,8.7084,0.0051,0.003358,0.000992,0.001621,5404.33
5.5,VeryLow,HRD2_urban,0.8,0.013447,9.4256,0.00505,0.003687,0.001222,0.001846,6153.07
5.5,VeryLow,HRD2_urban,0.81,0.013447,10.1427,0.004952,0.003978,0.001469,0.002072,6907.26
5.5,VeryLow,HRD2_urban,0.82,0.013447,10.8599,0.004819,0.004231,0.00173,0.002298,7662.0
5.5,VeryLow,HRD2_urban,0.83,0.013447,11.5771,0.00466,0.004447,0.002001,0.002523,8413.16
5.5,VeryLow,HRD2_urban,0.84,0.013447,12.2942,0.004484,0.004628,0.002281,0.002747,9157.27
5.5,VeryLow,HRD2_urban,0.85,0.013447,13.0114,0.004297,0.004775,0.002567,0.002967,9891.47
5.5,VeryLow,HRD2_urban,0.86,0.013447,13.7286,0.004105,0.004892,0.002857,0.003183,10613.4
5.5,VeryLow,HRD2_urban,0.87,0.013447,14.4457,0.003911,0.00498,0.003149,0.003396,11321.16
5.5,VeryLow,HRD2_urban,0.88,0.013447,15.1629,0.003717,0.005042,0.003441,0.003603,12013.25
5.5,VeryLow,HRD2_urban,0.89,0.013447,15.88,0.003527,0.005082,0.003733,0.003806,12688.5
5.5,VeryLow,HRD2_urban,0.9,0.013447,16.5972,0.003342,0.005101,0.004023,0.004003,13346.02
5.5,VeryLow,HRD2_urban,0.91,0.013447,17.3144,0.003163,0.005101,0.004309,0.004195,13985.2
5.5,VeryLow,HRD2_urban,0.92,0.013447,18.0315,0.002991,0.005085,0.004592,0.004381,14605.61
5.5,VeryLow,HRD2_urban,0.93,0.013447,18.7487,0.002825,0.005055,0.00487,0.004561,15207.0
5.5,VeryLow,HRD2_urban,0.94,0.013447,19.4659,0.002668,0.005013,0.005143,0.004736,15789.3
5.5,VeryLow,HRD2_urban,0.95,0.013447,20.183,0.002518,0.004961,0.00541,0.004905,16352.53
5.5,VeryLow,HRD2_urban,0.96,0.013447,20.9002,0.002376,0.004899,0.005671,0.005068,16896.83
5.5,VeryLow,HRD2_urban,0.97,0.013447,21.6174,0.002241,0.00483,0.005925,0.005226,17422.44
5.5,VeryLow,HRD2_urban,0.98,0.013447,22.3345,0.002114,0.004754,0.006173,0.005378,17929.64
5.5,VeryLow,HRD2_urban,0.99,0.013447,23.0517,0.001994,0.004672,0.006415,0.005525,18418.79
5.5,VeryLow,HRD2_urban,1.0,0.013447,23.7688,0.00188,0.004587,0.006649,0.005666,18890.28
5.5,VeryLow,HRD2_urban,1.01,0.013447,24.486,0.001773,0.004497,0.006877,0.005802,19344.55
5.5,VeryLow,HRD2_urban,1.02,0.013447,25.2032,0.001673,0.004405,0.007098,0.005933,19782.04
5.5,VeryLow,HRD2_urban,1.03,0.013447,25.9203,0.001578,0.004311,0.007312,0.00606,20203.25
5.5,VeryLow,HRD2_urban,1.04,0.013447,26.6375,0.001489,0.004215,0.00752,0.006181,20608.64
5.5,VeryLow,HRD2_urban,1.05,0.013447,26.6375,0.001489,0.004215,0.00752,0.006181,20608.64
5.5,VeryLow,HRD2_urban,1.06,0.013447,26.6375,0.001489,0.004215,0.00752,0.006181,20608.64
5.5,VeryLow,HRD2_urban,1.07,0.013447,26.6375,0.001489,0.004215,0.00752,0.006181,20608.64
5.5,VeryLow,HRD2_urban,1.08,0.013447,26.6375,0.001489,0.004215,0.00752,0.006181,20608.64
5.5,VeryLow,HRD2_urban,1.09,0.013447,26.6375,0.001489,0.004215,0.00752,0.006181,20608.64
5.5,VeryLow,HRD2_urban,1.1,0.013447,26.6375,0.001489,0.004215,0.00752,0.006181,20608.64
5.5,VeryLow,HRD2_urban,1.11,0.013447,26.6375,0.001489,0.004215,0.00752,0.006181,20608.64
5.5,VeryLow,HRD2_urban,1.12,0.013447,26.6375,0.001489,0.004215,0.00752,0.006181,20608.64
5.5,VeryLow,HRD2_urban,1.13,0.013447,26.6375,0.001489,0.004215,0.00752,0.006181,20608.64
5.5,VeryLow,HRD2_urban,1.14,0.013447,26.6375,0.001489,0.004215,0.00752,0.006181,20608.64
5.5,VeryLow,HRD2_urban,1.15,0.013447,26.6375,0.001489,0.004215,0.00752,0.006181,20608.64
5.5,VeryLow,HRD2_urban,1.16,0.013447,26.6375,0.001489,0.004215,0.00752,0.006181,20608.64
5.5,VeryLow,HRD2_urban,1.17,0.013447,26.6375,0.001489,0.004215,0.00752,0.006181,20608.64
5.5,VeryLow,HRD2_urban,1.18,0.013447,26.6375,0.001489,0.004215,0.00752,0.006181,20608.64
5.5,VeryLow,HRD2_urban,1.19,0.013447,26.6375,0.001489,0.004215,0.00752,0.006181,20608.64
5.5,VeryLow,HRD2_urban,1.2,0.013447,26.6375,0.001489,0.004215,0.00752,0.006181,20608.64
5.5,VeryLow,HRD2_urban,1.21,0.013447,26.6375,0.001489,0.004215,0.00752,0.006181,20608.64
5.5,VeryLow,HRD2_urban,1.22,0.013447,26.6375,0.001489,0.004215,0.00752,0.006181,20608.64
5.5,VeryLow,HRD2_urban,1.23,0.013447,26.6375,0.001489,0.004215,0.00752,0.006181,20608.64
5.5,VeryLow,HRD2_urban,1.24,0.013447,26.6375,0.001489,0.004215,0.00752,0.006181,20608.64
5.5,VeryLow,HRD2_urban,1.25,0.013447,26.6375,0.001489,0.004215,0.00752,0.006181,20608.64
5.5,VeryLow,HRD2_urban,1.26,0.013447,26.6375,0.001489,0.004215,0.00752,0.006181,20608.64
5.5,VeryLow,HRD2_urban,1.27,0.013447,26.6375,0.001489,0.004215,0.00752,0.006181,20608.64
5.5,VeryLow,HRD2_urban,1.28,0.013447,26.6375,0.001489,0.004215,0.00752,0.006181,20608.64
5.5,VeryLow,HRD2_urban,1.29,0.013447,26.6375,0.001489,0.004215,0.00752,0.006181,20608.64
5.5,VeryLow,HRD2_urban,1.3,0.013447,26.6375,0.001489,0.004215,0.00752,0.006181,20608.64
5.5,VeryLow,HRD2_urban,1.31,0.013447,26.6375,0.001489,0.004215,0.00752,0.006181,20608.64
5.5,VeryLow,HRD2_urban,1.32,0.013447,26.6375,0.001489,0.004215,0.00752,0.006181,20608.64
5.5,VeryLow,HRD2_urban,1.33,0.013447,26.6375,0.001489,0.004215,0.00752,0.006181,20608.64
5.5,VeryLow,HRD2_urban,1.34,0.013447,26.6375,0.001489,0.004215,0.00752,0.006181,20608.64
5.5,VeryLow,HRD2_urban,1.35,0.013447,26.6375,0.001489,0.004215,0.00752,0.006181,20608.64
5.5,VeryLow,HRD2_urban,1.36,0.013447,26.6375,0.001489,0.004215,0.00752,0.006181,20608.64
5.5,VeryLow,HRD2_urban,1.37,0.013447,26.6375,0.001489,0.004215,0.00752,0.006181,20608.64
5.5,VeryLow,HRD2_urban,1.38,0.013447,26.6375,0.001489,0.004215,0.00752,0.006181,20608.64
5.5,VeryLow,HRD2_urban,1.39,0.013447,26.6375,0.001489,0.004215,0.00752,0.006181,20608.64
5.5,VeryLow,HRD2_urban,1.4,0.013447,26.6375,0.001489,0.004215,0.00752,0.006181,20608.64
5.5,VeryLow,HRD2_urban,1.41,0.013447,26.6375,0.001489,0.004215,0.00752,0.006181,20608.64
5.5,VeryLow,HRD2_urban,1.42,0.013447,26.6375,0.001489,0.004215,0.00752,0.006181,20608.64
5.5,VeryLow,HRD2_urban,1.43,0.013447,26.6375,0.001489,0.004215,0.00752,0.006181,20608.64
5.5,VeryLow,HRD2_urban,1.44,0.013447,26.6375,0.001489,0.004215,0.00752,0.006181,20608.64
5.5,VeryLow,HRD2_urban,1.45,0.013447,26.6375,0.001489,0.004215,0.00752,0.006181,20608.64
5.5,VeryLow,HRD2_urban,1.46,0.013447,26.6375,0.001489,0.004215,0.00752,0.006181,20608.64
5.5,VeryLow,HRD2_urban,1.47,0.013447,26.6375,0.001489,0.004215,0.00752,0.006181,20608.64
5.5,VeryLow,HRD2_urban,1.48,0.013447,26.6375,0.001489,0.004215,0.00752,0.006181,20608.64
5.5,VeryLow,HRD2_urban,1.49,0.013447,26.6375,0.001489,0.004215,0.00752,0.006181,20608.64
5.5,VeryLow,HRD2_urban,1.5,0.013447,26.6375,0.001489,0.004215,0.00752,0.006181,20608.64
6.0,VeryHigh,HRD1_major,0.0,0.0,0.0,0.0,0.0,0.0,0.0,0.0
6.0,VeryHigh,HRD1_major,0.01,0.0,0.0,0.0,0.0,0.0,0.0,0.0
6.0,VeryHigh,HRD1_major,0.02,0.0,0.0,0.0,0.0,0.0,0.0,0.0
6.0,VeryHigh,HRD1_major,0.03,0.0,0.0,0.0,0.0,0.0,0.0,0.0
6.0,VeryHigh,HRD1_major,0.04,0.0,0.0,0.0,0.0,0.0,0.0,0.0
6.0,VeryHigh,HRD1_major,0.05,0.0,0.0,0.0,0.0,0.0,0.0,0.0
6.0,VeryHigh,HRD1_major,0.06,0.0,0.0,0.0,0.0,0.0,0.0,0.0
6.0,VeryHigh,HRD1_major,0.07,0.0,0.0,0.0,0.0,0.0,0.0,0.0
6.0,VeryHigh,HRD1_major,0.08,0.0,0.0,0.0,0.0,0.0,0.0,0.0
6.0,VeryHigh,HRD1_major,0.09,0.0,12.0,0.0,0.0,0.0,0.0,0.0
6.0,VeryHigh,HRD1_major,0.1,0.016359,12.0,0.005545,0.002459,0.000176,0.000892,5948.08
6.0,VeryHigh,HRD1_major,0.11,0.033067,12.0,0.011209,0.00497,0.000355,0.001803,12023.14
6.0,VeryHigh,HRD1_major,0.12,0.049775,12.0,0.016872,0.007481,0.000535,0.002714,18098.2
6.0,VeryHigh,HRD1_major,0.13,0.066483,12.0,0.022536,0.009992,0.000714,0.003625,24173.26
6.0,VeryHigh,HRD1_major,0.14,0.083192,12.0,0.028199,0.012503,0.000894,0.004536,30248.33
6.0,VeryHigh,HRD1_major,0.15,0.0999,12.0,0.033862,0.015014,0.001074,0.005447,36323.39
6.0,VeryHigh,HRD1_major,0.16,0.116608,12.0,0.039526,0.017525,0.001253,0.006358,42398.45
6.0,VeryHigh,HRD1_major,0.17,0.133316,12.0,0.045189,0.020036,0.001433,0.00727,48473.51
6.0,VeryHigh,HRD1_major,0.18,0.150024,12.0,0.050853,0.022547,0.001612,0.008181,54548.57
6.0,VeryHigh,HRD1_major,0.19,0.166733,12.0,0.056516,0.025058,0.001792,0.009092,60623.63
6.0,VeryHigh,HRD1_major,0.2,0.183441,12.0,0.06218,0.027569,0.001971,0.010003,66698.69
6.0,VeryHigh,HRD1_major,0.21,0.183808,12.0,0.062304,0.027624,0.001975,0.010023,66832.36
6.0,VeryHigh,HRD1_major,0.22,0.183808,12.0,0.062304,0.027624,0.001975,0.010023,66832.36
6.0,VeryHigh,HRD1_major,0.23,0.183808,12.0,0.062304,0.027624,0.001975,0.010023,66832.36
6.0,VeryHigh,HRD1_major,0.24,0.183808,12.0,0.062304,0.027624,0.001975,0.010023,66832.36
6.0,VeryHigh,HRD1_major,0.25,0.183808,12.0,0.062304,0.027624,0.001975,0.010023,66832.36
6.0,VeryHigh,HRD1_major,0.26,0.183808,12.0,0.062304,0.027624,0.001975,0.010023,66832.36
6.0,VeryHigh,HRD1_major,0.27,0.183808,12.075,0.062556,0.027979,0.002022,0.010139,67607.94
6.0,VeryHigh,HRD1_major,0.28,0.183808,15.2056,0.068964,0.042692,0.004584,0.015196,101324.51
6.0,VeryHigh,HRD1_major,0.29,0.183808,18.3361,0.069359,0.056082,0.008304,0.020497,136674.47
6.0,VeryHigh,HRD1_major,0.3,0.183808,21.4667,0.066222,0.067216,0.013051,0.02589,172636.55
6.0,VeryHigh,HRD1_major,0.31,0.183808,24.5972,0.06128,0.075849,0.01863,0.031275,208538.85
6.0,VeryHigh,HRD1_major,0.32,0.183808,27.7278,0.055609,0.082095,0.024827,0.036579,243906.47
6.0,VeryHigh,HRD1_major,0.33,0.183808,30.8583,0.049839,0.086234,0.031446,0.041751,278394.09
6.0,VeryHigh,HRD1_major,0.34,0.183808,33.9889,0.044314,0.088598,0.038312,0.046753,311752.1
6.0,VeryHigh,HRD1_major,0.35,0.183808,37.1194,0.039206,0.089514,0.045282,0.051561,343805.93
6.0,VeryHigh,HRD1_major,0.36,0.183808,40.25,0.034582,0.089279,0.052243,0.056155,374440.95
6.0,VeryHigh,HRD1_major,0.37,0.183808,40.25,0.034582,0.089279,0.052243,0.056155,374440.95
6.0,VeryHigh,HRD1_major,0.38,0.183808,40.25,0.034582,0.089279,0.052243,0.056155,374440.95
6.0,VeryHigh,HRD1_major,0.39,0.183808,40.25,0.034582,0.089279,0.052243,0.056155,374440.95
6.0,VeryHigh,HRD1_major,0.4,0.183808,40.25,0.034582,0.089279,0.052243,0.056155,374440.95
6.0,VeryHigh,HRD1_major,0.41,0.183808,40.25,0.034582,0.089279,0.052243,0.056155,374440.95
6.0,VeryHigh,HRD1_major,0.42,0.183808,40.25,0.034582,0.089279,0.052243,0.056155,374440.95
6.0,VeryHigh,HRD1_major,0.43,0.183808,40.25,0.034582,0.089279,0.052243,0.056155,374440.95
6.0,VeryHigh,HRD1_major,0.44,0.183808,40.25,0.034582,0.089279,0.052243,0.056155,374440.95
6.0,VeryHigh,HRD1_major,0.45,0.183808,40.25,0.034582,0.089279,0.052243,0.056155,374440.95
6.0,VeryHigh,HRD1_major,0.46,0.183808,40.25,0.034582,0.089279,0.052243,0.056155,374440.95
6.0,VeryHigh,HRD1_major,0.47,0.183808,40.25,0.034582,0.089279,0.052243,0.056155,374440.95
6.0,VeryHigh,HRD1_major,0.48,0.183808,40.25,0.034582,0.089279,0.052243,0.056155,374440.95
6.0,VeryHigh,HRD1_major,0.49,0.183808,40.25,0.034582,0.089279,0.052243,0.056155,374440.95
6.0,VeryHigh,HRD1_major,0.5,0.183808,40.25,0.034582,0.089279,0.052243,0.056155,374440.95
6.0,VeryHigh,HRD1_major,0.51,0.183808,40.25,0.034582,0.089279,0.052243,0.056155,374440.95
6.0,VeryHigh,HRD1_major,0.52,0.183808,40.25,0.034582,0.089279,0.052243,0.056155,374440.95
6.0,VeryHigh,HRD1_major,0.53,0.183808,40.25,0.034582,0.089279,0.052243,0.056155,374440.95
6.0,VeryHigh,HRD1_major,0.54,0.183808,40.25,0.034582,0.089279,0.052243,0.056155,374440.95
6.0,VeryHigh,HRD1_major,0.55,0.183808,40.25,0.034582,0.089279,0.052243,0.056155,374440.95
6.0,VeryHigh,HRD1_major,0.56,0.183808,40.25,0.034582,0.089279,0.052243,0.056155,374440.95
6.0,VeryHigh,HRD1_major,0.57,0.183808,40.25,0.034582,0.089279,0.052243,0.056155,374440.95
6.0,VeryHigh,HRD1_major,0.58,0.183808,40.25,0.034582,0.089279,0.052243,0.056155,374440.95
6.0,VeryHigh,HRD1_major,0.59,0.183808,40.25,0.034582,0.089279,0.052243,0.056155,374440.95
6.0,VeryHigh,HRD1_major,0.6,0.183808,40.25,0.034582,0.089279,0.052243,0.056155,374440.95
6.0,VeryHigh,HRD1_major,0.61,0.183808,40.25,0.034582,0.089279,0.052243,0.056155,374440.95
6.0,VeryHigh,HRD1_major,0.62,0.183808,40.25,0.034582,0.089279,0.052243,0.056155,374440.95
6.0,VeryHigh,HRD1_major,0.63,0.183808,40.25,0.034582,0.089279,0.052243,0.056155,374440.95
6.0,VeryHigh,HRD1_major,0.64,0.183808,40.25,0.034582,0.089279,0.052243,0.056155,374440.95
6.0,VeryHigh,HRD1_major,0.65,0.183808,40.25,0.034582,0.089279,0.052243,0.056155,374440.95
6.0,VeryHigh,HRD1_major,0.66,0.183808,40.25,0.034582,0.089279,0.052243,0.056155,374440.95
6.0,VeryHigh,HRD1_major,0.67,0.183808,40.25,0.034582,0.089279,0.052243,0.056155,374440.95
6.0,VeryHigh,HRD1_major,0.68,0.183808,40.25,0.034582,0.089279,0.052243,0.056155,374440.95
6.0,VeryHigh,HRD1_major,0.69,0.183808,40.25,0.034582,0.089279,0.052243,0.056155,374440.95
6.0,VeryHigh,HRD1_major,0.7,0.183808,40.25,0.034582,0.089279,0.052243,0.056155,374440.95
6.0,VeryHigh,HRD1_major,0.71,0.183808,40.25,0.034582,0.089279,0.052243,0.056155,374440.95
6.0,VeryHigh,HRD1_major,0.72,0.183808,40.25,0.034582,0.089279,0.052243,0.056155,374440.95
6.0,VeryHigh,HRD1_major,0.73,0.183808,40.25,0.034582,0.089279,0.052243,0.056155,374440.95
6.0,VeryHigh,HRD1_major,0.74,0.183808,40.25,0.034582,0.089279,0.052243,0.056155,374440.95
6.0,VeryHigh,HRD1_major,0.75,0.183808,40.25,0.034582,0.089279,0.052243,0.056155,374440.95
6.0,VeryHigh,HRD1_major,0.76,0.183808,40.25,0.034582,0.089279,0.052243,0.056155,374440.95
6.0,VeryHigh,HRD1_major,0.77,0.183808,40.25,0.034582,0.089279,0.052243,0.056155,374440.95
6.0,VeryHigh,HRD1_major,0.78,0.183808,40.25,0.034582,0.089279,0.052243,0.056155,374440.95
6.0,VeryHigh,HRD1_major,0.79,0.183808,40.25,0.034582,0.089279,0.052243,0.056155,374440.95
6.0,VeryHigh,HRD1_major,0.8,0.183808,40.25,0.034582,0.089279,0.052243,0.056155,374440.95
6.0,VeryHigh,HRD1_major,0.81,0.183808,40.25,0.034582,0.089279,0.052243,0.056155,374440.95
6.0,VeryHigh,HRD1_major,0.82,0.183808,40.25,0.034582,0.089279,0.052243,0.056155,374440.95
6.0,VeryHigh,HRD1_major,0.83,0.183808,40.25,0.034582,0.089279,0.052243,0.056155,374440.95
6.0,VeryHigh,HRD1_major,0.84,0.183808,40.25,0.034582,0.089279,0.052243,0.056155,374440.95
6.0,VeryHigh,HRD1_major,0.85,0.183808,40.25,0.034582,0.089279,0.052243,0.056155,374440.95
6.0,VeryHigh,HRD1_major,0.86,0.183808,40.25,0.034582,0.089279,0.052243,0.056155,374440.95
6.0,VeryHigh,HRD1_major,0.87,0.183808,40.25,0.034582,0.089279,0.052243,0.056155,374440.95
6.0,VeryHigh,HRD1_major,0.88,0.183808,40.25,0.034582,0.089279,0.052243,0.056155,374440.95
6.0,VeryHigh,HRD1_major,0.89,0.183808,40.25,0.034582,0.089279,0.052243,0.056155,374440.95
6.0,VeryHigh,HRD1_major,0.9,0.183808,40.25,0.034582,0.089279,0.052243,0.056155,374440.95
6.0,VeryHigh,HRD1_major,0.91,0.183808,40.25,0.034582,0.089279,0.052243,0.056155,374440.95
6.0,VeryHigh,HRD1_major,0.92,0.183808,40.25,0.034582,0.089279,0.052243,0.056155,374440.95
6.0,VeryHigh,HRD1_major,0.93,0.183808,40.25,0.034582,0.089279,0.052243,0.056155,374440.95
6.0,VeryHigh,HRD1_major,0.94,0.183808,40.25,0.034582,0.089279,0.052243,0.056155,374440.95
6.0,VeryHigh,HRD1_major,0.95,0.183808,40.25,0.034582,0.089279,0.052243,0.056155,374440.95
6.0,VeryHigh,HRD1_major,0.96,0.183808,40.25,0.034582,0.089279,0.052243,0.056155,374440.95
6.0,VeryHigh,HRD1_major,0.97,0.183808,40.25,0.034582,0.089279,0.052243,0.056155,374440.95
6.0,VeryHigh,HRD1_major,0.98,0.183808,40.25,0.034582,0.089279,0.052243,0.056155,374440.95
6.0,VeryHigh,HRD1_major,0.99,0.183808,40.25,0.034582,0.089279,0.052243,0.056155,374440.95
6.0,VeryHigh,HRD1_major,1.0,0.183808,40.25,0.034582,0.089279,0.052243,0.056155,374440.95
6.0,VeryHigh,HRD1_major,1.01,0.183808,40.25,0.034582,0.089279,0.052243,0.056155,374440.95
6.0,VeryHigh,HRD1_major,1.02,0.183808,40.25,0.034582,0.089279,0.052243,0.056155,374440.95
6.0,VeryHigh,HRD1_major,1.03,0.183808,40.25,0.034582,0.089279,0.052243,0.056155,374440.95
6.0,VeryHigh,HRD1_major,1.04,0.183808,40.25,0.034582,0.089279,0.052243,0.056155,374440.95
6.0,VeryHigh,HRD1_major,1.05,0.183808,40.25,0.034582,0.089279,0.052243,0.056155,374440.95
6.0,VeryHigh,HRD1_major,1.06,0.183808,40.25,0.034582,0.089279,0.052243,0.056155,374440.95
6.0,VeryHigh,HRD1_major,1.07,0.183808,40.25,0.034582,0.089279,0.052243,0.056155,374440.95
6.0,VeryHigh,HRD1_major,1.08,0.183808,40.25,0.034582,0.089279,0.052243,0.056155,374440.95
6.0,VeryHigh,HRD1_major,1.09,0.183808,40.25,0.034582,0.089279,0.052243,0.056155,374440.95
6.0,VeryHigh,HRD1_major,1.1,0.183808,40.25,0.034582,0.089279,0.052243,0.056155,374440.95
6.0,VeryHigh,HRD1_major,1.11,0.183808,40.25,0.034582,0.089279,0.052243,0.056155,374440.95
6.0,VeryHigh,HRD1_major,1.12,0.183808,40.25,0.034582,0.089279,0.052243,0.056155,374440.95
6.0,VeryHigh,HRD1_major,1.13,0.183808,40.25,0.034582,0.089279,0.052243,0.056155,374440.95
6.0,VeryHigh,HRD1_major,1.14,0.183808,40.25,0.034582,0.089279,0.052243,0.056155,374440.95
6.0,VeryHigh,HRD1_major,1.15,0.183808,40.25,0.034582,0.089279,0.052243,0.056155,374440.95
6.0,VeryHigh,HRD1_major,1.16,0.183808,40.25,0.034582,0.089279,0.052243,0.056155,374440.95
6.0,VeryHigh,HRD1_major,1.17,0.183808,40.25,0.034582,0.089279,0.052243,0.056155,374440.95
6.0,VeryHigh,HRD1_major,1.18,0.183808,40.25,0.034582,0.089279,0.052243,0.056155,374440.95
6.0,VeryHigh,HRD1_major,1.19,0.183808,40.25,0.034582,0.089279,0.052243,0.056155,374440.95
6.0,VeryHigh,HRD1_major,1.2,0.183808,40.25,0.034582,0.089279,0.052243,0.056155,374440.95
6.0,VeryHigh,HRD1_major,1.21,0.183808,40.25,0.034582,0.089279,0.052243,0.056155,374440.95
6.0,VeryHigh,HRD1_major,1.22,0.183808,40.25,0.034582,0.089279,0.052243,0.056155,374440.95
6.0,VeryHigh,HRD1_major,1.23,0.183808,40.25,0.034582,0.089279,0.052243,0.056155,374440.95
6.0,VeryHigh,HRD1_major,1.24,0.183808,40.25,0.034582,0.089279,0.052243,0.056155,374440.95
6.0,VeryHigh,HRD1_major,1.25,0.183808,40.25,0.034582,0.089279,0.052243,0.056155,374440.95
6.0,VeryHigh,HRD1_major,1.26,0.183808,40.25,0.034582,0.089279,0.052243,0.056155,374440.95
6.0,VeryHigh,HRD1_major,1.27,0.183808,40.25,0.034582,0.089279,0.052243,0.056155,374440.95
6.0,VeryHigh,HRD1_major,1.28,0.183808,40.25,0.034582,0.089279,0.052243,0.056155,374440.95
6.0,VeryHigh,HRD1_major,1.29,0.183808,40.25,0.034582,0.089279,0.052243,0.056155,374440.95
6.0,VeryHigh,HRD1_major,1.3,0.183808,40.25,0.034582,0.089279,0.052243,0.056155,374440.95
6.0,VeryHigh,HRD1_major,1.31,0.183808,40.25,0.034582,0.089279,0.052243,0.056155,374440.95
6.0,VeryHigh,HRD1_major,1.32,0.183808,40.25,0.034582,0.089279,0.052243,0.056155,374440.95
6.0,VeryHigh,HRD1_major,1.33,0.183808,40.25,0.034582,0.089279,0.052243,0.056155,374440.95
6.0,VeryHigh,HRD1_major,1.34,0.183808,40.25,0.034582,0.089279,0.052243,0.056155,374440.95
6.0,VeryHigh,HRD1_major,1.35,0.183808,40.25,0.034582,0.089279,0.052243,0.056155,374440.95
6.0,VeryHigh,HRD1_major,1.36,0.183808,40.25,0.034582,0.089279,0.052243,0.056155,374440.95
6.0,VeryHigh,HRD1_major,1.37,0.183808,40.25,0.034582,0.089279,0.052243,0.056155,374440.95
6.0,VeryHigh,HRD1_major,1.38,0.183808,40.25,0.034582,0.089279,0.052243,0.056155,374440.95
6.0,VeryHigh,HRD1_major,1.39,0.183808,40.25,0.034582,0.089279,0.052243,0.056155,374440.95
6.0,VeryHigh,HRD1_major,1.4,0.183808,40.25,0.034582,0.089279,0.052243,0.056155,374440.95
6.0,VeryHigh,HRD1_major,1.41,0.183808,40.25,0.034582,0.089279,0.052243,0.056155,374440.95
6.0,VeryHigh,HRD1_major,1.42,0.183808,40.25,0.034582,0.089279,0.052243,0.056155,374440.95
6.0,VeryHigh,HRD1_major,1.43,0.183808,40.25,0.034582,0.089279,0.052243,0.056155,374440.95
6.0,VeryHigh,HRD1_major,1.44,0.183808,40.25,0.034582,0.089279,0.052243,0.056155,374440.95
6.0,VeryHigh,HRD1_major,1.45,0.183808,40.25,0.034582,0.089279,0.052243,0.056155,374440.95
6.0,VeryHigh,HRD1_major,1.46,0.183808,40.25,0.034582,0.089279,0.052243,0.056155,374440.95
6.0,VeryHigh,HRD1_major,1.47,0.183808,40.25,0.034582,0.089279,0.052243,0.056155,374440.95
6.0,VeryHigh,HRD1_major,1.48,0.183808,40.25,0.034582,0.089279,0.052243,0.056155,374440.95
6.0,VeryHigh,HRD1_major,1.49,0.183808,40.25,0.034582,0.089279,0.052243,0.056155,374440.95
6.0,VeryHigh,HRD1_major,1.5,0.183808,40.25,0.034582,0.089279,0.052243,0.056155,374440.95
6.0,VeryHigh,HRD2_urban,0.0,0.0,0.0,0.0,0.0,0.0,0.0,0.0
6.0,VeryHigh,HRD2_urban,0.01,0.0,0.0,0.0,0.0,0.0,0.0,0.0
6.0,VeryHigh,HRD2_urban,0.02,0.0,0.0,0.0,0.0,0.0,0.0,0.0
6.0,VeryHigh,HRD2_urban,0.03,0.0,0.0,0.0,0.0,0.0,0.0,0.0
6.0,VeryHigh,HRD2_urban,0.04,0.0,0.0,0.0,0.0,0.0,0.0,0.0
6.0,VeryHigh,HRD2_urban,0.05,0.0,0.0,0.0,0.0,0.0,0.0,0.0
6.0,VeryHigh,HRD2_urban,0.06,0.0,0.0,0.0,0.0,0.0,0.0,0.0
6.0,VeryHigh,HRD2_urban,0.07,0.0,0.0,0.0,0.0,0.0,0.0,0.0
6.0,VeryHigh,HRD2_urban,0.08,0.0,0.0,0.0,0.0,0.0,0.0,0.0
6.0,VeryHigh,HRD2_urban,0.09,0.0,12.0,0.0,0.0,0.0,0.0,0.0
6.0,VeryHigh,HRD2_urban,0.1,0.016359,12.0,0.005545,0.005545,0.002634,0.00323,10769.94
6.0,VeryHigh,HRD2_urban,0.11,0.033067,12.0,0.011209,0.011209,0.005325,0.00653,21769.81
6.0,VeryHigh,HRD2_urban,0.12,0.049775,12.0,0.016872,0.016872,0.008016,0.009829,32769.67
6.0,VeryHigh,HRD2_urban,0.13,0.066483,12.0,0.022536,0.022536,0.010706,0.013128,43769.53
6.0,VeryHigh,HRD2_urban,0.14,0.083192,12.0,0.028199,0.028199,0.013397,0.016428,54769.39
6.0,VeryHigh,HRD2_urban,0.15,0.0999,12.0,0.033862,0.033862,0.016087,0.019727,65769.26
6.0,VeryHigh,HRD2_urban,0.16,0.116608,12.0,0.039526,0.039526,0.018778,0.023026,76769.12
6.0,VeryHigh,HRD2_urban,0.17,0.133316,12.0,0.045189,0.045189,0.021469,0.026325,87768.98
6.0,VeryHigh,HRD2_urban,0.18,0.150024,12.0,0.050853,0.050853,0.024159,0.029625,98768.84
6.0,VeryHigh,HRD2_urban,0.19,0.166733,12.0,0.056516,0.056516,0.02685,0.032924,109768.71
6.0,VeryHigh,HRD2_urban,0.2,0.183441,12.0,0.06218,0.06218,0.029541,0.036223,120768.57
6.0,VeryHigh,HRD2_urban,0.21,0.183808,12.0,0.062304,0.062304,0.0296,0.036296,121010.59
6.0,VeryHigh,HRD2_urban,0.22,0.183808,12.0,0.062304,0.062304,0.0296,0.036296,121010.59
6.0,VeryHigh,HRD2_urban,0.23,0.183808,12.0,0.062304,0.062304,0.0296,0.036296,121010.59
6.0,VeryHigh,HRD2_urban,0.24,0.183808,12.0,0.062304,0.062304,0.0296,0.036296,121010.59
6.0,VeryHigh,HRD2_urban,0.25,0.183808,12.0,0.062304,0.062304,0.0296,0.036296,121010.59
6.0,VeryHigh,HRD2_urban,0.26,0.183808,12.0,0.062304,0.062304,0.0296,0.036296,121010.59
6.0,VeryHigh,HRD2_urban,0.27,0.183808,12.075,0.06205,0.062556,0.030001,0.036614,122072.66
6.0,VeryHigh,HRD2_urban,0.28,0.183808,15.2056,0.050654,0.068964,0.047276,0.049419,164762.78
6.0,VeryHigh,HRD2_urban,0.29,0.183808,18.3361,0.039907,0.069359,0.064386,0.060937,203164.5
6.0,VeryHigh,HRD2_urban,0.3,0.183808,21.4667,0.031014,0.066222,0.080268,0.070983,236655.8
6.0,VeryHigh,HRD2_urban,0.31,0.183808,24.5972,0.02402,0.06128,0.094479,0.079592,265359.5
6.0,VeryHigh,HRD2_urban,0.32,0.183808,27.7278,0.018633,0.055609,0.106922,0.086899,289721.61
6.0,VeryHigh,HRD2_urban,0.33,0.183808,30.8583,0.014515,0.049839,0.11768,0.093069,310293.4
6.0,VeryHigh,HRD2_urban,0.34,0.183808,33.9889,0.011369,0.044314,0.12691,0.098268,327625.81
6.0,VeryHigh,HRD2_urban,0.35,0.183808,37.1194,0.008958,0.039206,0.134796,0.102646,342223.08
6.0,VeryHigh,HRD2_urban,0.36,0.183808,40.25,0.007103,0.034582,0.141522,0.106337,354526.48
6.0,VeryHigh,HRD2_urban,0.37,0.183808,40.25,0.007103,0.034582,0.141522,0.106337,354526.48
6.0,VeryHigh,HRD2_urban,0.38,0.183808,40.25,0.007103,0.034582,0.141522,0.106337,354526.48
6.0,VeryHigh,HRD2_urban,0.39,0.183808,40.25,0.007103,0.034582,0.141522,0.106337,354526.48
6.0,VeryHigh,HRD2_urban,0.4,0.183808,40.25,0.007103,0.034582,0.141522,0.106337,354526.48
6.0,VeryHigh,HRD2_urban,0.41,0.183808,40.25,0.007103,0.034582,0.141522,0.106337,354526.48
6.0,VeryHigh,HRD2_urban,0.42,0.183808,40.25,0.007103,0.034582,0.141522,0.106337,354526.48
6.0,VeryHigh,HRD2_urban,0.43,0.183808,40.25,0.007103,0.034582,0.141522,0.106337,354526.48
6.0,VeryHigh,HRD2_urban,0.44,0.183808,40.25,0.007103,0.034582,0.141522,0.106337,354526.48
6.0,VeryHigh,HRD2_urban,0.45,0.183808,40.25,0.007103,0.034582,0.141522,0.106337,354526.48
6.0,VeryHigh,HRD2_urban,0.46,0.183808,40.25,0.007103,0.034582,0.141522,0.106337,354526.48
6.0,VeryHigh,HRD2_urban,0.47,0.183808,40.25,0.007103,0.034582,0.141522,0.106337,354526.48
6.0,VeryHigh,HRD2_urban,0.48,0.183808,40.25,0.007103,0.034582,0.141522,0.106337,354526.48
6.0,VeryHigh,HRD2_urban,0.49,0.183808,40.25,0.007103,0.034582,0.141522,0.106337,354526.48
6.0,VeryHigh,HRD2_urban,0.5,0.183808,40.25,0.007103,0.034582,0.141522,0.106337,354526.48
6.0,VeryHigh,HRD2_urban,0.51,0.183808,40.25,0.007103,0.034582,0.141522,0.106337,354526.48
6.0,VeryHigh,HRD2_urban,0.52,0.183808,40.25,0.007103,0.034582,0.141522,0.106337,354526.48
6.0,VeryHigh,HRD2_urban,0.53,0.183808,40.25,0.007103,0.034582,0.141522,0.106337,354526.48
6.0,VeryHigh,HRD2_urban,0.54,0.183808,40.25,0.007103,0.034582,0.141522,0.106337,354526.48
6.0,VeryHigh,HRD2_urban,0.55,0.183808,40.25,0.007103,0.034582,0.141522,0.106337,354526.48
6.0,VeryHigh,HRD2_urban,0.56,0.183808,40.25,0.007103,0.034582,0.141522,0.106337,354526.48
6.0,VeryHigh,HRD2_urban,0.57,0.183808,40.25,0.007103,0.034582,0.141522,0.106337,354526.48
6.0,VeryHigh,HRD2_urban,0.58,0.183808,40.25,0.007103,0.034582,0.141522,0.106337,354526.48
6.0,VeryHigh,HRD2_urban,0.59,0.183808,40.25,0.007103,0.034582,0.141522,0.106337,354526.48
6.0,VeryHigh,HRD2_urban,0.6,0.183808,40.25,0.007103,0.034582,0.141522,0.106337,354526.48
6.0,VeryHigh,HRD2_urban,0.61,0.183808,40.25,0.007103,0.034582,0.141522,0.106337,354526.48
6.0,VeryHigh,HRD2_urban,0.62,0.183808,40.25,0.007103,0.034582,0.141522,0.106337,354526.48
6.0,VeryHigh,HRD2_urban,0.63,0.183808,40.25,0.007103,0.034582,0.141522,0.106337,354526.48
6.0,VeryHigh,HRD2_urban,0.64,0.183808,40.25,0.007103,0.034582,0.141522,0.106337,354526.48
6.0,VeryHigh,HRD2_urban,0.65,0.183808,40.25,0.007103,0.034582,0.141522,0.106337,354526.48
6.0,VeryHigh,HRD2_urban,0.66,0.183808,40.25,0.007103,0.034582,0.141522,0.106337,354526.48
6.0,VeryHigh,HRD2_urban,0.67,0.183808,40.25,0.007103,0.034582,0.141522,0.106337,354526.48
6.0,VeryHigh,HRD2_urban,0.68,0.183808,40.25,0.007103,0.034582,0.141522,0.106337,354526.48
6.0,VeryHigh,HRD2_urban,0.69,0.183808,40.25,0.007103,0.034582,0.141522,0.106337,354526.48
6.0,VeryHigh,HRD2_urban,0.7,0.183808,40.25,0.007103,0.034582,0.141522,0.106337,354526.48
6.0,VeryHigh,HRD2_urban,0.71,0.183808,40.25,0.007103,0.034582,0.141522,0.106337,354526.48
6.0,VeryHigh,HRD2_urban,0.72,0.183808,40.25,0.007103,0.034582,0.141522,0.106337,354526.48
6.0,VeryHigh,HRD2_urban,0.73,0.183808,40.25,0.007103,0.034582,0.141522,0.106337,354526.48
6.0,VeryHigh,HRD2_urban,0.74,0.183808,40.25,0.007103,0.034582,0.141522,0.106337,354526.48
6.0,VeryHigh,HRD2_urban,0.75,0.183808,40.25,0.007103,0.034582,0.141522,0.106337,354526.48
6.0,VeryHigh,HRD2_urban,0.76,0.183808,40.25,0.007103,0.034582,0.141522,0.106337,354526.48
6.0,VeryHigh,HRD2_urban,0.77,0.183808,40.25,0.007103,0.034582,0.141522,0.106337,354526.48
6.0,VeryHigh,HRD2_urban,0.78,0.183808,40.25,0.007103,0.034582,0.141522,0.106337,354526.48
6.0,VeryHigh,HRD2_urban,0.79,0.183808,40.25,0.007103,0.034582,0.141522,0.106337,354526.48
6.0,VeryHigh,HRD2_urban,0.8,0.183808,40.25,0.007103,0.034582,0.141522,0.106337,354526.48
6.0,VeryHigh,HRD2_urban,0.81,0.183808,40.25,0.007103,0.034582,0.141522,0.106337,354526.48
6.0,VeryHigh,HRD2_urban,0.82,0.183808,40.25,0.007103,0.034582,0.141522,0.106337,354526.48
6.0,VeryHigh,HRD2_urban,0.83,0.183808,40.25,0.007103,0.034582,0.141522,0.106337,354526.48
6.0,VeryHigh,HRD2_urban,0.84,0.183808,40.25,0.007103,0.034582,0.141522,0.106337,354526.48
6.0,VeryHigh,HRD2_urban,0.85,0.183808,40.25,0.007103,0.034582,0.141522,0.106337,354526.48
6.0,VeryHigh,HRD2_urban,0.86,0.183808,40.25,0.007103,0.034582,0.141522,0.106337,354526.48
6.0,VeryHigh,HRD2_urban,0.87,0.183808,40.25,0.007103,0.034582,0.141522,0.106337,354526.48
6.0,VeryHigh,HRD2_urban,0.88,0.183808,40.25,0.007103,0.034582,0.141522,0.106337,354526.48
6.0,VeryHigh,HRD2_urban,0.89,0.183808,40.25,0.007103,0.034582,0.141522,0.106337,354526.48
6.0,VeryHigh,HRD2_urban,0.9,0.183808,40.25,0.007103,0.034582,0.141522,0.106337,354526.48
6.0,VeryHigh,HRD2_urban,0.91,0.183808,40.25,0.007103,0.034582,0.141522,0.106337,354526.48
6.0,VeryHigh,HRD2_urban,0.92,0.183808,40.25,0.007103,0.034582,0.141522,0.106337,354526.48
6.0,VeryHigh,HRD2_urban,0.93,0.183808,40.25,0.007103,0.034582,0.141522,0.106337,354526.48
6.0,VeryHigh,HRD2_urban,0.94,0.183808,40.25,0.007103,0.034582,0.141522,0.106337,354526.48
6.0,VeryHigh,HRD2_urban,0.95,0.183808,40.25,0.007103,0.034582,0.141522,0.106337,354526.48
6.0,VeryHigh,HRD2_urban,0.96,0.183808,40.25,0.007103,0.034582,0.141522,0.106337,354526.48
6.0,VeryHigh,HRD2_urban,0.97,0.183808,40.25,0.007103,0.034582,0.141522,0.106337,354526.48
6.0,VeryHigh,HRD2_urban,0.98,0.183808,40.25,0.007103,0.034582,0.141522,0.106337,354526.48
6.0,VeryHigh,HRD2_urban,0.99,0.183808,40.25,0.007103,0.034582,0.141522,0.106337,354526.48
6.0,VeryHigh,HRD2_urban,1.0,0.183808,40.25,0.007103,0.034582,0.141522,0.106337,354526.48
6.0,VeryHigh,HRD2_urban,1.01,0.183808,40.25,0.007103,0.034582,0.141522,0.106337,354526.48
6.0,VeryHigh,HRD2_urban,1.02,0.183808,40.25,0.007103,0.034582,0.141522,0.106337,354526.48
6.0,VeryHigh,HRD2_urban,1.03,0.183808,40.25,0.007103,0.034582,0.141522,0.106337,354526.48
6.0,VeryHigh,HRD2_urban,1.04,0.183808,40.25,0.007103,0.034582,0.141522,0.106337,354526.48
6.0,VeryHigh,HRD2_urban,1.05,0.183808,40.25,0.007103,0.034582,0.141522,0.106337,354526.48
6.0,VeryHigh,HRD2_urban,1.06,0.183808,40.25,0.007103,0.034582,0.141522,0.106337,354526.48
6.0,VeryHigh,HRD2_urban,1.07,0.183808,40.25,0.007103,0.034582,0.141522,0.106337,354526.48
6.0,VeryHigh,HRD2_urban,1.08,0.183808,40.25,0.007103,0.034582,0.141522,0.106337,354526.48
6.0,VeryHigh,HRD2_urban,1.09,0.183808,40.25,0.007103,0.034582,0.141522,0.106337,354526.48
6.0,VeryHigh,HRD2_urban,1.1,0.183808,40.25,0.007103,0.034582,0.141522,0.106337,354526.48
6.0,VeryHigh,HRD2_urban,1.11,0.183808,40.25,0.007103,0.034582,0.141522,0.106337,354526.48
6.0,VeryHigh,HRD2_urban,1.12,0.183808,40.25,0.007103,0.034582,0.141522,0.106337,354526.48
6.0,VeryHigh,HRD2_urban,1.13,0.183808,40.25,0.007103,0.034582,0.141522,0.106337,354526.48
6.0,VeryHigh,HRD2_urban,1.14,0.183808,40.25,0.007103,0.034582,0.141522,0.106337,354526.48
6.0,VeryHigh,HRD2_urban,1.15,0.183808,40.25,0.007103,0.034582,0.141522,0.106337,354526.48
6.0,VeryHigh,HRD2_urban,1.16,0.183808,40.25,0.007103,0.034582,0.141522,0.106337,354526.48
6.0,VeryHigh,HRD2_urban,1.17,0.183808,40.25,0.007103,0.034582,0.141522,0.106337,354526.48
6.0,VeryHigh,HRD2_urban,1.18,0.183808,40.25,0.007103,0.034582,0.141522,0.106337,354526.48
6.0,VeryHigh,HRD2_urban,1.19,0.183808,40.25,0.007103,0.034582,0.141522,0.106337,354526.48
6.0,VeryHigh,HRD2_urban,1.2,0.183808,40.25,0.007103,0.034582,0.141522,0.106337,354526.48
6.0,VeryHigh,HRD2_urban,1.21,0.183808,40.25,0.007103,0.034582,0.141522,0.106337,354526.48
6.0,VeryHigh,HRD2_urban,1.22,0.183808,40.25,0.007103,0.034582,0.141522,0.106337,354526.48
6.0,VeryHigh,HRD2_urban,1.23,0.183808,40.25,0.007103,0.034582,0.141522,0.106337,354526.48
6.0,VeryHigh,HRD2_urban,1.24,0.183808,40.25,0.007103,0.034582,0.141522,0.106337,354526.48
6.0,VeryHigh,HRD2_urban,1.25,0.183808,40.25,0.007103,0.034582,0.141522,0.106337,354526.48
6.0,VeryHigh,HRD2_urban,1.26,0.183808,40.25,0.007103,0.034582,0.141522,0.106337,354526.48
6.0,VeryHigh,HRD2_urban,1.27,0.183808,40.25,0.007103,0.034582,0.141522,0.106337,354526.48
6.0,VeryHigh,HRD2_urban,1.28,0.183808,40.25,0.007103,0.034582,0.141522,0.106337,354526.48
6.0,VeryHigh,HRD2_urban,1.29,0.183808,40.25,0.007103,0.034582,0.141522,0.106337,354526.48
6.0,VeryHigh,HRD2_urban,1.3,0.183808,40.25,0.007103,0.034582,0.141522,0.106337,354526.48
6.0,VeryHigh,HRD2_urban,1.31,0.183808,40.25,0.007103,0.034582,0.141522,0.106337,354526.48
6.0,VeryHigh,HRD2_urban,1.32,0.183808,40.25,0.007103,0.034582,0.141522,0.106337,354526.48
6.0,VeryHigh,HRD2_urban,1.33,0.183808,40.25,0.007103,0.034582,0.141522,0.106337,354526.48
6.0,VeryHigh,HRD2_urban,1.34,0.183808,40.25,0.007103,0.034582,0.141522,0.106337,354526.48
6.0,VeryHigh,HRD2_urban,1.35,0.183808,40.25,0.007103,0.034582,0.141522,0.106337,354526.48
6.0,VeryHigh,HRD2_urban,1.36,0.183808,40.25,0.007103,0.034582,0.141522,0.106337,354526.48
6.0,VeryHigh,HRD2_urban,1.37,0.183808,40.25,0.007103,0.034582,0.141522,0.106337,354526.48
6.0,VeryHigh,HRD2_urban,1.38,0.183808,40.25,0.007103,0.034582,0.141522,0.106337,354526.48
6.0,VeryHigh,HRD2_urban,1.39,0.183808,40.25,0.007103,0.034582,0.141522,0.106337,354526.48
6.0,VeryHigh,HRD2_urban,1.4,0.183808,40.25,0.007103,0.034582,0.141522,0.106337,354526.48
6.0,VeryHigh,HRD2_urban,1.41,0.183808,40.25,0.007103,0.034582,0.141522,0.106337,354526.48
6.0,VeryHigh,HRD2_urban,1.42,0.183808,40.25,0.007103,0.034582,0.141522,0.106337,354526.48
6.0,VeryHigh,HRD2_urban,1.43,0.183808,40.25,0.007103,0.034582,0.141522,0.106337,354526.48
6.0,VeryHigh,HRD2_urban,1.44,0.183808,40.25,0.007103,0.034582,0.141522,0.106337,354526.48
6.0,VeryHigh,HRD2_urban,1.45,0.183808,40.25,0.007103,0.034582,0.141522,0.106337,354526.48
6.0,VeryHigh,HRD2_urban,1.46,0.183808,40.25,0.007103,0.034582,0.141522,0.106337,354526.48
6.0,VeryHigh,HRD2_urban,1.47,0.183808,40.25,0.007103,0.034582,0.141522,0.106337,354526.48
6.0,VeryHigh,HRD2_urban,1.48,0.183808,40.25,0.007103,0.034582,0.141522,0.106337,354526.48
6.0,VeryHigh,HRD2_urban,1.49,0.183808,40.25,0.007103,0.034582,0.141522,0.106337,354526.48
6.0,VeryHigh,HRD2_urban,1.5,0.183808,40.25,0.007103,0.034582,0.141522,0.106337,354526.48
6.0,High,HRD1_major,0.0,0.0,0.0,0.0,0.0,0.0,0.0,0.0
6.0,High,HRD1_major,0.01,0.0,0.0,0.0,0.0,0.0,0.0,0.0
6.0,High,HRD1_major,0.02,0.0,0.0,0.0,0.0,0.0,0.0,0.0
6.0,High,HRD1_major,0.03,0.0,0.0,0.0,0.0,0.0,0.0,0.0
6.0,High,HRD1_major,0.04,0.0,0.0,0.0,0.0,0.0,0.0,0.0
6.0,High,HRD1_major,0.05,0.0,0.0,0.0,0.0,0.0,0.0,0.0
6.0,High,HRD1_major,0.06,0.0,0.0,0.0,0.0,0.0,0.0,0.0
6.0,High,HRD1_major,0.07,0.0,0.0,0.0,0.0,0.0,0.0,0.0
6.0,High,HRD1_major,0.08,0.0,0.0,0.0,0.0,0.0,0.0,0.0
6.0,High,HRD1_major,0.09,0.0,0.0,0.0,0.0,0.0,0.0,0.0
6.0,High,HRD1_major,0.1,0.0,0.0,0.0,0.0,0.0,0.0,0.0
6.0,High,HRD1_major,0.11,0.0,0.0,0.0,0.0,0.0,0.0,0.0
6.0,High,HRD1_major,0.12,5.9e-05,6.0,8e-06,1e-06,0.0,1e-06,4.66
6.0,High,HRD1_major,0.13,0.011337,6.0,0.001556,0.000264,6e-06,0.000135,897.87
6.0,High,HRD1_major,0.14,0.022616,6.0,0.003103,0.000528,1.1e-05,0.000269,1791.08
6.0,High,HRD1_major,0.15,0.033894,6.0,0.004651,0.000791,1.7e-05,0.000403,2684.29
6.0,High,HRD1_major,0.16,0.045173,6.0,0.006198,0.001054,2.3e-05,0.000537,3577.49
6.0,High,HRD1_major,0.17,0.056451,6.0,0.007746,0.001317,2.8e-05,0.00067,4470.7
6.0,High,HRD1_major,0.18,0.06773,6.0,0.009293,0.00158,3.4e-05,0.000804,5363.91
6.0,High,HRD1_major,0.19,0.079008,6.0,0.010841,0.001843,4e-05,0.000938,6257.12
6.0,High,HRD1_major,0.2,0.090287,6.0,0.012388,0.002106,4.5e-05,0.001072,7150.33
6.0,High,HRD1_major,0.21,0.101565,6.0,0.013936,0.002369,5.1e-05,0.001206,8043.54
6.0,High,HRD1_major,0.22,0.112844,6.0,0.015483,0.002632,5.7e-05,0.00134,8936.75
6.0,High,HRD1_major,0.23,0.124122,6.0,0.01703,0.002895,6.2e-05,0.001474,9829.96
6.0,High,HRD1_major,0.24,0.135401,6.0,0.018578,0.003158,6.8e-05,0.001608,10723.17
6.0,High,HRD1_major,0.25,0.146679,6.0,0.020125,0.003421,7.4e-05,0.001742,11616.38
6.0,High,HRD1_major,0.26,0.147047,6.0375,0.020423,0.003502,7.6e-05,0.001775,11834.62
6.0,High,HRD1_major,0.27,0.147047,6.6413,0.024378,0.004763,0.000122,0.002257,15051.47
6.0,High,HRD1_major,0.28,0.147047,7.245,0.028228,0.006216,0.000186,0.002785,18568.0
6.0,High,HRD1_major,0.29,0.147047,7.8487,0.031898,0.007842,0.000269,0.003352,22350.97
6.0,High,HRD1_major,0.3,0.147047,8.4525,0.035337,0.009623,0.000376,0.003955,26369.86
6.0,High,HRD1_major,0.31,0.147047,9.0562,0.038511,0.011538,0.000508,0.004589,30597.09
6.0,High,HRD1_major,0.32,0.147047,9.66,0.0414,0.013565,0.000668,0.00525,35007.99
6.0,High,HRD1_major,0.33,0.147047,10.2637,0.043995,0.015682,0.000857,0.005936,39580.66
6.0,High,HRD1_major,0.34,0.147047,10.8675,0.046296,0.01787,0.001077,0.006643,44295.71
6.0,High,HRD1_major,0.35,0.147047,11.4712,0.048309,0.02011,0.001331,0.007369,49136.0
6.0,High,HRD1_major,0.36,0.147047,12.075,0.050045,0.022383,0.001618,0.008111,54086.35
6.0,High,HRD1_major,0.37,0.147047,14.4229,0.05443,0.031264,0.003066,0.011121,74152.72
6.0,High,HRD1_major,0.38,0.147047,16.7708,0.055793,0.039705,0.005044,0.014262,95096.07
6.0,High,HRD1_major,0.39,0.147047,19.1188,0.05506,0.047276,0.007521,0.017473,116510.56
6.0,High,HRD1_major,0.4,0.147047,21.4667,0.052978,0.053773,0.010441,0.020712,138109.24
6.0,High,HRD1_major,0.41,0.147047,23.8146,0.050093,0.059138,0.013735,0.023947,159677.93
6.0,High,HRD1_major,0.42,0.147047,26.1625,0.04679,0.063404,0.017331,0.027152,181050.9
6.0,High,HRD1_major,0.43,0.147047,28.5104,0.043327,0.066652,0.02116,0.030309,202097.65
6.0,High,HRD1_major,0.44,0.147047,30.8583,0.039871,0.068987,0.025157,0.033401,222715.27
6.0,High,HRD1_major,0.45,0.147047,33.2063,0.036529,0.070524,0.029264,0.036416,242823.34
6.0,High,HRD1_major,0.46,0.147047,35.5542,0.033362,0.071374,0.033433,0.039346,262360.37
6.0,High,HRD1_major,0.47,0.147047,37.9021,0.030403,0.071642,0.037622,0.042184,281280.84
6.0,High,HRD1_major,0.48,0.147047,40.25,0.027666,0.071423,0.041794,0.044924,299552.76
6.0,High,HRD1_major,0.49,0.147047,40.25,0.027666,0.071423,0.041794,0.044924,299552.76
6.0,High,HRD1_major,0.5,0.147047,40.25,0.027666,0.071423,0.041794,0.044924,299552.76
6.0,High,HRD1_major,0.51,0.147047,40.25,0.027666,0.071423,0.041794,0.044924,299552.76
6.0,High,HRD1_major,0.52,0.147047,40.25,0.027666,0.071423,0.041794,0.044924,299552.76
6.0,High,HRD1_major,0.53,0.147047,40.25,0.027666,0.071423,0.041794,0.044924,299552.76
6.0,High,HRD1_major,0.54,0.147047,40.25,0.027666,0.071423,0.041794,0.044924,299552.76
6.0,High,HRD1_major,0.55,0.147047,40.25,0.027666,0.071423,0.041794,0.044924,299552.76
6.0,High,HRD1_major,0.56,0.147047,40.25,0.027666,0.071423,0.041794,0.044924,299552.76
6.0,High,HRD1_major,0.57,0.147047,40.25,0.027666,0.071423,0.041794,0.044924,299552.76
6.0,High,HRD1_major,0.58,0.147047,40.25,0.027666,0.071423,0.041794,0.044924,299552.76
6.0,High,HRD1_major,0.59,0.147047,40.25,0.027666,0.071423,0.041794,0.044924,299552.76
6.0,High,HRD1_major,0.6,0.147047,40.25,0.027666,0.071423,0.041794,0.044924,299552.76
6.0,High,HRD1_major,0.61,0.147047,40.25,0.027666,0.071423,0.041794,0.044924,299552.76
6.0,High,HRD1_major,0.62,0.147047,40.25,0.027666,0.071423,0.041794,0.044924,299552.76
6.0,High,HRD1_major,0.63,0.147047,40.25,0.027666,0.071423,0.041794,0.044924,299552.76
6.0,High,HRD1_major,0.64,0.147047,40.25,0.027666,0.071423,0.041794,0.044924,299552.76
6.0,High,HRD1_major,0.65,0.147047,40.25,0.027666,0.071423,0.041794,0.044924,299552.76
6.0,High,HRD1_major,0.66,0.147047,40.25,0.027666,0.071423,0.041794,0.044924,299552.76
6.0,High,HRD1_major,0.67,0.147047,40.25,0.027666,0.071423,0.041794,0.044924,299552.76
6.0,High,HRD1_major,0.68,0.147047,40.25,0.027666,0.071423,0.041794,0.044924,299552.76
6.0,High,HRD1_major,0.69,0.147047,40.25,0.027666,0.071423,0.041794,0.044924,299552.76
6.0,High,HRD1_major,0.7,0.147047,40.25,0.027666,0.071423,0.041794,0.044924,299552.76
6.0,High,HRD1_major,0.71,0.147047,40.25,0.027666,0.071423,0.041794,0.044924,299552.76
6.0,High,HRD1_major,0.72,0.147047,40.25,0.027666,0.071423,0.041794,0.044924,299552.76
6.0,High,HRD1_major,0.73,0.147047,40.25,0.027666,0.071423,0.041794,0.044924,299552.76
6.0,High,HRD1_major,0.74,0.147047,40.25,0.027666,0.071423,0.041794,0.044924,299552.76
6.0,High,HRD1_major,0.75,0.147047,40.25,0.027666,0.071423,0.041794,0.044924,299552.76
6.0,High,HRD1_major,0.76,0.147047,40.25,0.027666,0.071423,0.041794,0.044924,299552.76
6.0,High,HRD1_major,0.77,0.147047,40.25,0.027666,0.071423,0.041794,0.044924,299552.76
6.0,High,HRD1_major,0.78,0.147047,40.25,0.027666,0.071423,0.041794,0.044924,299552.76
6.0,High,HRD1_major,0.79,0.147047,40.25,0.027666,0.071423,0.041794,0.044924,299552.76
6.0,High,HRD1_major,0.8,0.147047,40.25,0.027666,0.071423,0.041794,0.044924,299552.76
6.0,High,HRD1_major,0.81,0.147047,40.25,0.027666,0.071423,0.041794,0.044924,299552.76
6.0,High,HRD1_major,0.82,0.147047,40.25,0.027666,0.071423,0.041794,0.044924,299552.76
6.0,High,HRD1_major,0.83,0.147047,40.25,0.027666,0.071423,0.041794,0.044924,299552.76
6.0,High,HRD1_major,0.84,0.147047,40.25,0.027666,0.071423,0.041794,0.044924,299552.76
6.0,High,HRD1_major,0.85,0.147047,40.25,0.027666,0.071423,0.041794,0.044924,299552.76
6.0,High,HRD1_major,0.86,0.147047,40.25,0.027666,0.071423,0.041794,0.044924,299552.76
6.0,High,HRD1_major,0.87,0.147047,40.25,0.027666,0.071423,0.041794,0.044924,299552.76
6.0,High,HRD1_major,0.88,0.147047,40.25,0.027666,0.071423,0.041794,0.044924,299552.76
6.0,High,HRD1_major,0.89,0.147047,40.25,0.027666,0.071423,0.041794,0.044924,299552.76
6.0,High,HRD1_major,0.9,0.147047,40.25,0.027666,0.071423,0.041794,0.044924,299552.76
6.0,High,HRD1_major,0.91,0.147047,40.25,0.027666,0.071423,0.041794,0.044924,299552.76
6.0,High,HRD1_major,0.92,0.147047,40.25,0.027666,0.071423,0.041794,0.044924,299552.76
6.0,High,HRD1_major,0.93,0.147047,40.25,0.027666,0.071423,0.041794,0.044924,299552.76
6.0,High,HRD1_major,0.94,0.147047,40.25,0.027666,0.071423,0.041794,0.044924,299552.76
6.0,High,HRD1_major,0.95,0.147047,40.25,0.027666,0.071423,0.041794,0.044924,299552.76
6.0,High,HRD1_major,0.96,0.147047,40.25,0.027666,0.071423,0.041794,0.044924,299552.76
6.0,High,HRD1_major,0.97,0.147047,40.25,0.027666,0.071423,0.041794,0.044924,299552.76
6.0,High,HRD1_major,0.98,0.147047,40.25,0.027666,0.071423,0.041794,0.044924,299552.76
6.0,High,HRD1_major,0.99,0.147047,40.25,0.027666,0.071423,0.041794,0.044924,299552.76
6.0,High,HRD1_major,1.0,0.147047,40.25,0.027666,0.071423,0.041794,0.044924,299552.76
6.0,High,HRD1_major,1.01,0.147047,40.25,0.027666,0.071423,0.041794,0.044924,299552.76
6.0,High,HRD1_major,1.02,0.147047,40.25,0.027666,0.071423,0.041794,0.044924,299552.76
6.0,High,HRD1_major,1.03,0.147047,40.25,0.027666,0.071423,0.041794,0.044924,299552.76
6.0,High,HRD1_major,1.04,0.147047,40.25,0.027666,0.071423,0.041794,0.044924,299552.76
6.0,High,HRD1_major,1.05,0.147047,40.25,0.027666,0.071423,0.041794,0.044924,299552.76
6.0,High,HRD1_major,1.06,0.147047,40.25,0.027666,0.071423,0.041794,0.044924,299552.76
6.0,High,HRD1_major,1.07,0.147047,40.25,0.027666,0.071423,0.041794,0.044924,299552.76
6.0,High,HRD1_major,1.08,0.147047,40.25,0.027666,0.071423,0.041794,0.044924,299552.76
6.0,High,HRD1_major,1.09,0.147047,40.25,0.027666,0.071423,0.041794,0.044924,299552.76
6.0,High,HRD1_major,1.1,0.147047,40.25,0.027666,0.071423,0.041794,0.044924,299552.76
6.0,High,HRD1_major,1.11,0.147047,40.25,0.027666,0.071423,0.041794,0.044924,299552.76
6.0,High,HRD1_major,1.12,0.147047,40.25,0.027666,0.071423,0.041794,0.044924,299552.76
6.0,High,HRD1_major,1.13,0.147047,40.25,0.027666,0.071423,0.041794,0.044924,299552.76
6.0,High,HRD1_major,1.14,0.147047,40.25,0.027666,0.071423,0.041794,0.044924,299552.76
6.0,High,HRD1_major,1.15,0.147047,40.25,0.027666,0.071423,0.041794,0.044924,299552.76
6.0,High,HRD1_major,1.16,0.147047,40.25,0.027666,0.071423,0.041794,0.044924,299552.76
6.0,High,HRD1_major,1.17,0.147047,40.25,0.027666,0.071423,0.041794,0.044924,299552.76
6.0,High,HRD1_major,1.18,0.147047,40.25,0.027666,0.071423,0.041794,0.044924,299552.76
6.0,High,HRD1_major,1.19,0.147047,40.25,0.027666,0.071423,0.041794,0.044924,299552.76
6.0,High,HRD1_major,1.2,0.147047,40.25,0.027666,0.071423,0.041794,0.044924,299552.76
6.0,High,HRD1_major,1.21,0.147047,40.25,0.027666,0.071423,0.041794,0.044924,299552.76
6.0,High,HRD1_major,1.22,0.147047,40.25,0.027666,0.071423,0.041794,0.044924,299552.76
6.0,High,HRD1_major,1.23,0.147047,40.25,0.027666,0.071423,0.041794,0.044924,299552.76
6.0,High,HRD1_major,1.24,0.147047,40.25,0.027666,0.071423,0.041794,0.044924,299552.76
6.0,High,HRD1_major,1.25,0.147047,40.25,0.027666,0.071423,0.041794,0.044924,299552.76
6.0,High,HRD1_major,1.26,0.147047,40.25,0.027666,0.071423,0.041794,0.044924,299552.76
6.0,High,HRD1_major,1.27,0.147047,40.25,0.027666,0.071423,0.041794,0.044924,299552.76
6.0,High,HRD1_major,1.28,0.147047,40.25,0.027666,0.071423,0.041794,0.044924,299552.76
6.0,High,HRD1_major,1.29,0.147047,40.25,0.027666,0.071423,0.041794,0.044924,299552.76
6.0,High,HRD1_major,1.3,0.147047,40.25,0.027666,0.071423,0.041794,0.044924,299552.76
6.0,High,HRD1_major,1.31,0.147047,40.25,0.027666,0.071423,0.041794,0.044924,299552.76
6.0,High,HRD1_major,1.32,0.147047,40.25,0.027666,0.071423,0.041794,0.044924,299552.76
6.0,High,HRD1_major,1.33,0.147047,40.25,0.027666,0.071423,0.041794,0.044924,299552.76
6.0,High,HRD1_major,1.34,0.147047,40.25,0.027666,0.071423,0.041794,0.044924,299552.76
6.0,High,HRD1_major,1.35,0.147047,40.25,0.027666,0.071423,0.041794,0.044924,299552.76
6.0,High,HRD1_major,1.36,0.147047,40.25,0.027666,0.071423,0.041794,0.044924,299552.76
6.0,High,HRD1_major,1.37,0.147047,40.25,0.027666,0.071423,0.041794,0.044924,299552.76
6.0,High,HRD1_major,1.38,0.147047,40.25,0.027666,0.071423,0.041794,0.044924,299552.76
6.0,High,HRD1_major,1.39,0.147047,40.25,0.027666,0.071423,0.041794,0.044924,299552.76
6.0,High,HRD1_major,1.4,0.147047,40.25,0.027666,0.071423,0.041794,0.044924,299552.76
6.0,High,HRD1_major,1.41,0.147047,40.25,0.027666,0.071423,0.041794,0.044924,299552.76
6.0,High,HRD1_major,1.42,0.147047,40.25,0.027666,0.071423,0.041794,0.044924,299552.76
6.0,High,HRD1_major,1.43,0.147047,40.25,0.027666,0.071423,0.041794,0.044924,299552.76
6.0,High,HRD1_major,1.44,0.147047,40.25,0.027666,0.071423,0.041794,0.044924,299552.76
6.0,High,HRD1_major,1.45,0.147047,40.25,0.027666,0.071423,0.041794,0.044924,299552.76
6.0,High,HRD1_major,1.46,0.147047,40.25,0.027666,0.071423,0.041794,0.044924,299552.76
6.0,High,HRD1_major,1.47,0.147047,40.25,0.027666,0.071423,0.041794,0.044924,299552.76
6.0,High,HRD1_major,1.48,0.147047,40.25,0.027666,0.071423,0.041794,0.044924,299552.76
6.0,High,HRD1_major,1.49,0.147047,40.25,0.027666,0.071423,0.041794,0.044924,299552.76
6.0,High,HRD1_major,1.5,0.147047,40.25,0.027666,0.071423,0.041794,0.044924,299552.76
6.0,High,HRD2_urban,0.0,0.0,0.0,0.0,0.0,0.0,0.0,0.0
6.0,High,HRD2_urban,0.01,0.0,0.0,0.0,0.0,0.0,0.0,0.0
6.0,High,HRD2_urban,0.02,0.0,0.0,0.0,0.0,0.0,0.0,0.0
6.0,High,HRD2_urban,0.03,0.0,0.0,0.0,0.0,0.0,0.0,0.0
6.0,High,HRD2_urban,0.04,0.0,0.0,0.0,0.0,0.0,0.0,0.0
6.0,High,HRD2_urban,0.05,0.0,0.0,0.0,0.0,0.0,0.0,0.0
6.0,High,HRD2_urban,0.06,0.0,0.0,0.0,0.0,0.0,0.0,0.0
6.0,High,HRD2_urban,0.07,0.0,0.0,0.0,0.0,0.0,0.0,0.0
6.0,High,HRD2_urban,0.08,0.0,0.0,0.0,0.0,0.0,0.0,0.0
6.0,High,HRD2_urban,0.09,0.0,0.0,0.0,0.0,0.0,0.0,0.0
6.0,High,HRD2_urban,0.1,0.0,0.0,0.0,0.0,0.0,0.0,0.0
6.0,High,HRD2_urban,0.11,0.0,0.0,0.0,0.0,0.0,0.0,0.0
6.0,High,HRD2_urban,0.12,5.9e-05,6.0,2e-05,8e-06,1e-06,4e-06,11.98
6.0,High,HRD2_urban,0.13,0.011337,6.0,0.003843,0.001556,0.00027,0.000692,2308.34
6.0,High,HRD2_urban,0.14,0.022616,6.0,0.007666,0.003103,0.000539,0.001381,4604.7
6.0,High,HRD2_urban,0.15,0.033894,6.0,0.011489,0.004651,0.000808,0.00207,6901.06
6.0,High,HRD2_urban,0.16,0.045173,6.0,0.015312,0.006198,0.001076,0.002759,9197.42
6.0,High,HRD2_urban,0.17,0.056451,6.0,0.019135,0.007746,0.001345,0.003447,11493.78
6.0,High,HRD2_urban,0.18,0.06773,6.0,0.022958,0.009293,0.001614,0.004136,13790.14
6.0,High,HRD2_urban,0.19,0.079008,6.0,0.026781,0.010841,0.001883,0.004825,16086.5
6.0,High,HRD2_urban,0.2,0.090287,6.0,0.030604,0.012388,0.002151,0.005514,18382.86
6.0,High,HRD2_urban,0.21,0.101565,6.0,0.034427,0.013936,0.00242,0.006203,20679.22
6.0,High,HRD2_urban,0.22,0.112844,6.0,0.03825,0.015483,0.002689,0.006891,22975.58
6.0,High,HRD2_urban,0.23,0.124122,6.0,0.042073,0.01703,0.002958,0.00758,25271.94
6.0,High,HRD2_urban,0.24,0.135401,6.0,0.045896,0.018578,0.003226,0.008269,27568.31
6.0,High,HRD2_urban,0.25,0.146679,6.0,0.049719,0.020125,0.003495,0.008958,29864.67
6.0,High,HRD2_urban,0.26,0.147047,6.0375,0.050045,0.020423,0.003578,0.009091,30310.76
6.0,High,HRD2_urban,0.27,0.147047,6.6413,0.052739,0.024378,0.004886,0.010933,36449.55
6.0,High,HRD2_urban,0.28,0.147047,7.245,0.054506,0.028228,0.006402,0.012852,42848.82
6.0,High,HRD2_urban,0.29,0.147047,7.8487,0.055482,0.031898,0.008112,0.014832,49449.95
6.0,High,HRD2_urban,0.3,0.147047,8.4525,0.0558,0.035337,0.009999,0.016857,56201.12
6.0,High,HRD2_urban,0.31,0.147047,9.0562,0.055578,0.038511,0.012046,0.018913,63056.6
6.0,High,HRD2_urban,0.32,0.147047,9.66,0.054926,0.0414,0.014232,0.020989,69976.23
6.0,High,HRD2_urban,0.33,0.147047,10.2637,0.053934,0.043995,0.016539,0.023073,76924.83
6.0,High,HRD2_urban,0.34,0.147047,10.8675,0.05268,0.046296,0.018948,0.025156,83871.76
6.0,High,HRD2_urban,0.35,0.147047,11.4712,0.051231,0.048309,0.021441,0.027232,90790.47
6.0,High,HRD2_urban,0.36,0.147047,12.075,0.04964,0.050045,0.024001,0.029292,97658.13
6.0,High,HRD2_urban,0.37,0.147047,14.4229,0.04283,0.05443,0.03433,0.037059,123554.04
6.0,High,HRD2_urban,0.38,0.147047,16.7708,0.036065,0.055793,0.044749,0.044286,147650.33
6.0,High,HRD2_urban,0.39,0.147047,19.1188,0.029998,0.05506,0.054797,0.05087,169601.14
6.0,High,HRD2_urban,0.4,0.147047,21.4667,0.024811,0.052978,0.064214,0.056786,189324.64
6.0,High,HRD2_urban,0.41,0.147047,23.8146,0.020484,0.050093,0.072873,0.062054,206888.79
6.0,High,HRD2_urban,0.42,0.147047,26.1625,0.016918,0.04679,0.080735,0.066719,222439.72
6.0,High,HRD2_urban,0.43,0.147047,28.5104,0.013998,0.043327,0.087812,0.070833,236158.3
6.0,High,HRD2_urban,0.44,0.147047,30.8583,0.011612,0.039871,0.094144,0.074456,248234.72
6.0,High,HRD2_urban,0.45,0.147047,33.2063,0.009662,0.036529,0.099788,0.077641,258854.24
6.0,High,HRD2_urban,0.46,0.147047,35.5542,0.008067,0.033362,0.104807,0.080441,268189.77
6.0,High,HRD2_urban,0.47,0.147047,37.9021,0.006759,0.030403,0.109264,0.082903,276398.55
6.0,High,HRD2_urban,0.48,0.147047,40.25,0.005682,0.027666,0.113217,0.085069,283621.19
6.0,High,HRD2_urban,0.49,0.147047,40.25,0.005682,0.027666,0.113217,0.085069,283621.19
6.0,High,HRD2_urban,0.5,0.147047,40.25,0.005682,0.027666,0.113217,0.085069,283621.19
6.0,High,HRD2_urban,0.51,0.147047,40.25,0.005682,0.027666,0.113217,0.085069,283621.19
6.0,High,HRD2_urban,0.52,0.147047,40.25,0.005682,0.027666,0.113217,0.085069,283621.19
6.0,High,HRD2_urban,0.53,0.147047,40.25,0.005682,0.027666,0.113217,0.085069,283621.19
6.0,High,HRD2_urban,0.54,0.147047,40.25,0.005682,0.027666,0.113217,0.085069,283621.19
6.0,High,HRD2_urban,0.55,0.147047,40.25,0.005682,0.027666,0.113217,0.085069,283621.19
6.0,High,HRD2_urban,0.56,0.147047,40.25,0.005682,0.027666,0.113217,0.085069,283621.19
6.0,High,HRD2_urban,0.57,0.147047,40.25,0.005682,0.027666,0.113217,0.085069,283621.19
6.0,High,HRD2_urban,0.58,0.147047,40.25,0.005682,0.027666,0.113217,0.085069,283621.19
6.0,High,HRD2_urban,0.59,0.147047,40.25,0.005682,0.027666,0.113217,0.085069,283621.19
6.0,High,HRD2_urban,0.6,0.147047,40.25,0.005682,0.027666,0.113217,0.085069,283621.19
6.0,High,HRD2_urban,0.61,0.147047,40.25,0.005682,0.027666,0.113217,0.085069,283621.19
6.0,High,HRD2_urban,0.62,0.147047,40.25,0.005682,0.027666,0.113217,0.085069,283621.19
6.0,High,HRD2_urban,0.63,0.147047,40.25,0.005682,0.027666,0.113217,0.085069,283621.19
6.0,High,HRD2_urban,0.64,0.147047,40.25,0.005682,0.027666,0.113217,0.085069,283621.19
6.0,High,HRD2_urban,0.65,0.147047,40.25,0.005682,0.027666,0.113217,0.085069,283621.19
6.0,High,HRD2_urban,0.66,0.147047,40.25,0.005682,0.027666,0.113217,0.085069,283621.19
6.0,High,HRD2_urban,0.67,0.147047,40.25,0.005682,0.027666,0.113217,0.085069,283621.19
6.0,High,HRD2_urban,0.68,0.147047,40.25,0.005682,0.027666,0.113217,0.085069,283621.19
6.0,High,HRD2_urban,0.69,0.147047,40.25,0.005682,0.027666,0.113217,0.085069,283621.19
6.0,High,HRD2_urban,0.7,0.147047,40.25,0.005682,0.027666,0.113217,0.085069,283621.19
6.0,High,HRD2_urban,0.71,0.147047,40.25,0.005682,0.027666,0.113217,0.085069,283621.19
6.0,High,HRD2_urban,0.72,0.147047,40.25,0.005682,0.027666,0.113217,0.085069,283621.19
6.0,High,HRD2_urban,0.73,0.147047,40.25,0.005682,0.027666,0.113217,0.085069,283621.19
6.0,High,HRD2_urban,0.74,0.147047,40.25,0.005682,0.027666,0.113217,0.085069,283621.19
6.0,High,HRD2_urban,0.75,0.147047,40.25,0.005682,0.027666,0.113217,0.085069,283621.19
6.0,High,HRD2_urban,0.76,0.147047,40.25,0.005682,0.027666,0.113217,0.085069,283621.19
6.0,High,HRD2_urban,0.77,0.147047,40.25,0.005682,0.027666,0.113217,0.085069,283621.19
6.0,High,HRD2_urban,0.78,0.147047,40.25,0.005682,0.027666,0.113217,0.085069,283621.19
6.0,High,HRD2_urban,0.79,0.147047,40.25,0.005682,0.027666,0.113217,0.085069,283621.19
6.0,High,HRD2_urban,0.8,0.147047,40.25,0.005682,0.027666,0.113217,0.085069,283621.19
6.0,High,HRD2_urban,0.81,0.147047,40.25,0.005682,0.027666,0.113217,0.085069,283621.19
6.0,High,HRD2_urban,0.82,0.147047,40.25,0.005682,0.027666,0.113217,0.085069,283621.19
6.0,High,HRD2_urban,0.83,0.147047,40.25,0.005682,0.027666,0.113217,0.085069,283621.19
6.0,High,HRD2_urban,0.84,0.147047,40.25,0.005682,0.027666,0.113217,0.085069,283621.19
6.0,High,HRD2_urban,0.85,0.147047,40.25,0.005682,0.027666,0.113217,0.085069,283621.19
6.0,High,HRD2_urban,0.86,0.147047,40.25,0.005682,0.027666,0.113217,0.085069,283621.19
6.0,High,HRD2_urban,0.87,0.147047,40.25,0.005682,0.027666,0.113217,0.085069,283621.19
6.0,High,HRD2_urban,0.88,0.147047,40.25,0.005682,0.027666,0.113217,0.085069,283621.19
6.0,High,HRD2_urban,0.89,0.147047,40.25,0.005682,0.027666,0.113217,0.085069,283621.19
6.0,High,HRD2_urban,0.9,0.147047,40.25,0.005682,0.027666,0.113217,0.085069,283621.19
6.0,High,HRD2_urban,0.91,0.147047,40.25,0.005682,0.027666,0.113217,0.085069,283621.19
6.0,High,HRD2_urban,0.92,0.147047,40.25,0.005682,0.027666,0.113217,0.085069,283621.19
6.0,High,HRD2_urban,0.93,0.147047,40.25,0.005682,0.027666,0.113217,0.085069,283621.19
6.0,High,HRD2_urban,0.94,0.147047,40.25,0.005682,0.027666,0.113217,0.085069,283621.19
6.0,High,HRD2_urban,0.95,0.147047,40.25,0.005682,0.027666,0.113217,0.085069,283621.19
6.0,High,HRD2_urban,0.96,0.147047,40.25,0.005682,0.027666,0.113217,0.085069,283621.19
6.0,High,HRD2_urban,0.97,0.147047,40.25,0.005682,0.027666,0.113217,0.085069,283621.19
6.0,High,HRD2_urban,0.98,0.147047,40.25,0.005682,0.027666,0.113217,0.085069,283621.19
6.0,High,HRD2_urban,0.99,0.147047,40.25,0.005682,0.027666,0.113217,0.085069,283621.19
6.0,High,HRD2_urban,1.0,0.147047,40.25,0.005682,0.027666,0.113217,0.085069,283621.19
6.0,High,HRD2_urban,1.01,0.147047,40.25,0.005682,0.027666,0.113217,0.085069,283621.19
6.0,High,HRD2_urban,1.02,0.147047,40.25,0.005682,0.027666,0.113217,0.085069,283621.19
6.0,High,HRD2_urban,1.03,0.147047,40.25,0.005682,0.027666,0.113217,0.085069,283621.19
6.0,High,HRD2_urban,1.04,0.147047,40.25,0.005682,0.027666,0.113217,0.085069,283621.19
6.0,High,HRD2_urban,1.05,0.147047,40.25,0.005682,0.027666,0.113217,0.085069,283621.19
6.0,High,HRD2_urban,1.06,0.147047,40.25,0.005682,0.027666,0.113217,0.085069,283621.19
6.0,High,HRD2_urban,1.07,0.147047,40.25,0.005682,0.027666,0.113217,0.085069,283621.19
6.0,High,HRD2_urban,1.08,0.147047,40.25,0.005682,0.027666,0.113217,0.085069,283621.19
6.0,High,HRD2_urban,1.09,0.147047,40.25,0.005682,0.027666,0.113217,0.085069,283621.19
6.0,High,HRD2_urban,1.1,0.147047,40.25,0.005682,0.027666,0.113217,0.085069,283621.19
6.0,High,HRD2_urban,1.11,0.147047,40.25,0.005682,0.027666,0.113217,0.085069,283621.19
6.0,High,HRD2_urban,1.12,0.147047,40.25,0.005682,0.027666,0.113217,0.085069,283621.19
6.0,High,HRD2_urban,1.13,0.147047,40.25,0.005682,0.027666,0.113217,0.085069,283621.19
6.0,High,HRD2_urban,1.14,0.147047,40.25,0.005682,0.027666,0.113217,0.085069,283621.19
6.0,High,HRD2_urban,1.15,0.147047,40.25,0.005682,0.027666,0.113217,0.085069,283621.19
6.0,High,HRD2_urban,1.16,0.147047,40.25,0.005682,0.027666,0.113217,0.085069,283621.19
6.0,High,HRD2_urban,1.17,0.147047,40.25,0.005682,0.027666,0.113217,0.085069,283621.19
6.0,High,HRD2_urban,1.18,0.147047,40.25,0.005682,0.027666,0.113217,0.085069,283621.19
6.0,High,HRD2_urban,1.19,0.147047,40.25,0.005682,0.027666,0.113217,0.085069,283621.19
6.0,High,HRD2_urban,1.2,0.147047,40.25,0.005682,0.027666,0.113217,0.085069,283621.19
6.0,High,HRD2_urban,1.21,0.147047,40.25,0.005682,0.027666,0.113217,0.085069,283621.19
6.0,High,HRD2_urban,1.22,0.147047,40.25,0.005682,0.027666,0.113217,0.085069,283621.19
6.0,High,HRD2_urban,1.23,0.147047,40.25,0.005682,0.027666,0.113217,0.085069,283621.19
6.0,High,HRD2_urban,1.24,0.147047,40.25,0.005682,0.027666,0.113217,0.085069,283621.19
6.0,High,HRD2_urban,1.25,0.147047,40.25,0.005682,0.027666,0.113217,0.085069,283621.19
6.0,High,HRD2_urban,1.26,0.147047,40.25,0.005682,0.027666,0.113217,0.085069,283621.19
6.0,High,HRD2_urban,1.27,0.147047,40.25,0.005682,0.027666,0.113217,0.085069,283621.19
6.0,High,HRD2_urban,1.28,0.147047,40.25,0.005682,0.027666,0.113217,0.085069,283621.19
6.0,High,HRD2_urban,1.29,0.147047,40.25,0.005682,0.027666,0.113217,0.085069,283621.19
6.0,High,HRD2_urban,1.3,0.147047,40.25,0.005682,0.027666,0.113217,0.085069,283621.19
6.0,High,HRD2_urban,1.31,0.147047,40.25,0.005682,0.027666,0.113217,0.085069,283621.19
6.0,High,HRD2_urban,1.32,0.147047,40.25,0.005682,0.027666,0.113217,0.085069,283621.19
6.0,High,HRD2_urban,1.33,0.147047,40.25,0.005682,0.027666,0.113217,0.085069,283621.19
6.0,High,HRD2_urban,1.34,0.147047,40.25,0.005682,0.027666,0.113217,0.085069,283621.19
6.0,High,HRD2_urban,1.35,0.147047,40.25,0.005682,0.027666,0.113217,0.085069,283621.19
6.0,High,HRD2_urban,1.36,0.147047,40.25,0.005682,0.027666,0.113217,0.085069,283621.19
6.0,High,HRD2_urban,1.37,0.147047,40.25,0.005682,0.027666,0.113217,0.085069,283621.19
6.0,High,HRD2_urban,1.38,0.147047,40.25,0.005682,0.027666,0.113217,0.085069,283621.19
6.0,High,HRD2_urban,1.39,0.147047,40.25,0.005682,0.027666,0.113217,0.085069,283621.19
6.0,High,HRD2_urban,1.4,0.147047,40.25,0.005682,0.027666,0.113217,0.085069,283621.19
6.0,High,HRD2_urban,1.41,0.147047,40.25,0.005682,0.027666,0.113217,0.085069,283621.19
6.0,High,HRD2_urban,1.42,0.147047,40.25,0.005682,0.027666,0.113217,0.085069,283621.19
6.0,High,HRD2_urban,1.43,0.147047,40.25,0.005682,0.027666,0.113217,0.085069,283621.19
6.0,High,HRD2_urban,1.44,0.147047,40.25,0.005682,0.027666,0.113217,0.085069,283621.19
6.0,High,HRD2_urban,1.45,0.147047,40.25,0.005682,0.027666,0.113217,0.085069,283621.19
6.0,High,HRD2_urban,1.46,0.147047,40.25,0.005682,0.027666,0.113217,0.085069,283621.19
6.0,High,HRD2_urban,1.47,0.147047,40.25,0.005682,0.027666,0.113217,0.085069,283621.19
6.0,High,HRD2_urban,1.48,0.147047,40.25,0.005682,0.027666,0.113217,0.085069,283621.19
6.0,High,HRD2_urban,1.49,0.147047,40.25,0.005682,0.027666,0.113217,0.085069,283621.19
6.0,High,HRD2_urban,1.5,0.147047,40.25,0.005682,0.027666,0.113217,0.085069,283621.19
6.0,Moderate,HRD1_major,0.0,0.0,0.0,0.0,0.0,0.0,0.0,0.0
6.0,Moderate,HRD1_major,0.01,0.0,0.0,0.0,0.0,0.0,0.0,0.0
6.0,Moderate,HRD1_major,0.02,0.0,0.0,0.0,0.0,0.0,0.0,0.0
6.0,Moderate,HRD1_major,0.03,0.0,0.0,0.0,0.0,0.0,0.0,0.0
6.0,Moderate,HRD1_major,0.04,0.0,0.0,0.0,0.0,0.0,0.0,0.0
6.0,Moderate,HRD1_major,0.05,0.0,0.0,0.0,0.0,0.0,0.0,0.0
6.0,Moderate,HRD1_major,0.06,0.0,0.0,0.0,0.0,0.0,0.0,0.0
6.0,Moderate,HRD1_major,0.07,0.0,0.0,0.0,0.0,0.0,0.0,0.0
6.0,Moderate,HRD1_major,0.08,0.0,0.0,0.0,0.0,0.0,0.0,0.0
6.0,Moderate,HRD1_major,0.09,0.0,0.0,0.0,0.0,0.0,0.0,0.0
6.0,Moderate,HRD1_major,0.1,0.0,0.0,0.0,0.0,0.0,0.0,0.0
6.0,Moderate,HRD1_major,0.11,0.0,0.0,0.0,0.0,0.0,0.0,0.0
6.0,Moderate,HRD1_major,0.12,0.0,0.0,0.0,0.0,0.0,0.0,0.0
6.0,Moderate,HRD1_major,0.13,0.0,0.0,0.0,0.0,0.0,0.0,0.0
6.0,Moderate,HRD1_major,0.14,0.0,0.0,0.0,0.0,0.0,0.0,0.0
6.0,Moderate,HRD1_major,0.15,3.7e-05,2.0,0.0,0.0,0.0,0.0,0.07
6.0,Moderate,HRD1_major,0.16,0.004941,2.0,2.5e-05,1e-06,0.0,1e-06,9.59
6.0,Moderate,HRD1_major,0.17,0.009845,2.0,5e-05,2e-06,0.0,3e-06,19.11
6.0,Moderate,HRD1_major,0.18,0.014749,2.0,7.4e-05,3e-06,0.0,4e-06,28.63
6.0,Moderate,HRD1_major,0.19,0.019653,2.0,9.9e-05,4e-06,0.0,6e-06,38.15
6.0,Moderate,HRD1_major,0.2,0.024557,2.0,0.000124,5e-06,0.0,7e-06,47.67
6.0,Moderate,HRD1_major,0.21,0.029461,2.0,0.000149,6e-06,0.0,9e-06,57.19
6.0,Moderate,HRD1_major,0.22,0.034365,2.254,0.000278,1.2e-05,0.0,1.6e-05,109.48
6.0,Moderate,HRD1_major,0.23,0.039269,2.576,0.000521,2.8e-05,0.0,3.2e-05,211.47
6.0,Moderate,HRD1_major,0.24,0.044173,2.898,0.00088,5.5e-05,0.0,5.5e-05,368.95
6.0,Moderate,HRD1_major,0.25,0.049077,3.22,0.001376,0.0001,1e-06,8.9e-05,595.8
6.0,Moderate,HRD1_major,0.26,0.053981,3.542,0.002025,0.000168,1e-06,0.000136,905.63
6.0,Moderate,HRD1_major,0.27,0.058885,3.864,0.002838,0.000265,3e-06,0.000197,1311.49
6.0,Moderate,HRD1_major,0.28,0.063789,4.186,0.003822,0.000397,5e-06,0.000274,1825.69
6.0,Moderate,HRD1_major,0.29,0.068693,4.508,0.004981,0.000573,7e-06,0.000369,2459.65
6.0,Moderate,HRD1_major,0.3,0.073523,4.83,0.006307,0.000797,1.2e-05,0.000483,3220.66
6.0,Moderate,HRD1_major,0.31,0.073523,5.313,0.007838,0.001128,2e-05,0.000631,4209.81
6.0,Moderate,HRD1_major,0.32,0.073523,5.796,0.009416,0.001527,3.1e-05,0.000798,5319.82
6.0,Moderate,HRD1_major,0.33,0.073523,6.279,0.011006,0.001991,4.6e-05,0.000981,6541.59
6.0,Moderate,HRD1_major,0.34,0.073523,6.762,0.01258,0.00252,6.7e-05,0.00118,7865.95
6.0,Moderate,HRD1_major,0.35,0.073523,7.245,0.014114,0.003108,9.3e-05,0.001392,9284.0
6.0,Moderate,HRD1_major,0.36,0.073523,7.728,0.015591,0.003752,0.000125,0.001618,10787.28
6.0,Moderate,HRD1_major,0.37,0.073523,8.211,0.016996,0.004447,0.000165,0.001855,12367.91
6.0,Moderate,HRD1_major,0.38,0.073523,8.694,0.01832,0.005187,0.000213,0.002102,14018.6
6.0,Moderate,HRD1_major,0.39,0.073523,9.177,0.019556,0.005967,0.000269,0.002359,15732.66
6.0,Moderate,HRD1_major,0.4,0.073523,9.66,0.0207,0.006782,0.000334,0.002625,17503.99
6.0,Moderate,HRD1_major,0.41,0.073523,10.143,0.02175,0.007626,0.000408,0.002898,19327.07
6.0,Moderate,HRD1_major,0.42,0.073523,10.626,0.022705,0.008494,0.000493,0.003179,21196.88
6.0,Moderate,HRD1_major,0.43,0.073523,11.109,0.023568,0.00938,0.000587,0.003466,23108.85
6.0,Moderate,HRD1_major,0.44,0.073523,11.592,0.024339,0.010281,0.000693,0.003758,25058.86
6.0,Moderate,HRD1_major,0.45,0.073523,12.075,0.025022,0.011192,0.000809,0.004056,27043.18
6.0,Moderate,HRD1_major,0.46,0.073523,13.9533,0.026913,0.014752,0.001367,0.005253,35026.71
6.0,Moderate,HRD1_major,0.47,0.073523,15.8317,0.027774,0.018207,0.002095,0.006497,43321.41
6.0,Moderate,HRD1_major,0.48,0.073523,17.71,0.027853,0.021427,0.002989,0.00777,51811.71
6.0,Moderate,HRD1_major,0.49,0.073523,19.5883,0.027366,0.024333,0.004036,0.00906,60411.63
6.0,Moderate,HRD1_major,0.5,0.073523,21.4667,0.026489,0.026887,0.005221,0.010356,69054.62
6.0,Moderate,HRD1_major,0.51,0.073523,23.345,0.025357,0.029078,0.006525,0.011651,77687.56
6.0,Moderate,HRD1_major,0.52,0.073523,25.2233,0.024071,0.030913,0.007931,0.012937,86267.12
6.0,Moderate,HRD1_major,0.53,0.073523,27.1017,0.022706,0.03241,0.009419,0.014211,94757.53
6.0,Moderate,HRD1_major,0.54,0.073523,28.98,0.021315,0.033594,0.010974,0.015466,103129.19
6.0,Moderate,HRD1_major,0.55,0.073523,30.8583,0.019936,0.034494,0.012578,0.0167,111357.63
6.0,Moderate,HRD1_major,0.56,0.073523,32.7367,0.018592,0.035138,0.014218,0.01791,119422.84
6.0,Moderate,HRD1_major,0.57,0.073523,34.615,0.017302,0.035555,0.015881,0.019092,127308.66
6.0,Moderate,HRD1_major,0.58,0.073523,36.4933,0.016076,0.035773,0.017554,0.020246,135002.31
6.0,Moderate,HRD1_major,0.59,0.073523,38.3717,0.014919,0.035817,0.019229,0.02137,142493.96
6.0,Moderate,HRD1_major,0.6,0.073523,40.25,0.013833,0.035711,0.020897,0.022462,149776.38
6.0,Moderate,HRD1_major,0.61,0.073523,40.25,0.013833,0.035711,0.020897,0.022462,149776.38
6.0,Moderate,HRD1_major,0.62,0.073523,40.25,0.013833,0.035711,0.020897,0.022462,149776.38
6.0,Moderate,HRD1_major,0.63,0.073523,40.25,0.013833,0.035711,0.020897,0.022462,149776.38
6.0,Moderate,HRD1_major,0.64,0.073523,40.25,0.013833,0.035711,0.020897,0.022462,149776.38
6.0,Moderate,HRD1_major,0.65,0.073523,40.25,0.013833,0.035711,0.020897,0.022462,149776.38
6.0,Moderate,HRD1_major,0.66,0.073523,40.25,0.013833,0.035711,0.020897,0.022462,149776.38
6.0,Moderate,HRD1_major,0.67,0.073523,40.25,0.013833,0.035711,0.020897,0.022462,149776.38
6.0,Moderate,HRD1_major,0.68,0.073523,40.25,0.013833,0.035711,0.020897,0.022462,149776.38
6.0,Moderate,HRD1_major,0.69,0.073523,40.25,0.013833,0.035711,0.020897,0.022462,149776.38
6.0,Moderate,HRD1_major,0.7,0.073523,40.25,0.013833,0.035711,0.020897,0.022462,149776.38
6.0,Moderate,HRD1_major,0.71,0.073523,40.25,0.013833,0.035711,0.020897,0.022462,149776.38
6.0,Moderate,HRD1_major,0.72,0.073523,40.25,0.013833,0.035711,0.020897,0.022462,149776.38
6.0,Moderate,HRD1_major,0.73,0.073523,40.25,0.013833,0.035711,0.020897,0.022462,149776.38
6.0,Moderate,HRD1_major,0.74,0.073523,40.25,0.013833,0.035711,0.020897,0.022462,149776.38
6.0,Moderate,HRD1_major,0.75,0.073523,40.25,0.013833,0.035711,0.020897,0.022462,149776.38
6.0,Moderate,HRD1_major,0.76,0.073523,40.25,0.013833,0.035711,0.020897,0.022462,149776.38
6.0,Moderate,HRD1_major,0.77,0.073523,40.25,0.013833,0.035711,0.020897,0.022462,149776.38
6.0,Moderate,HRD1_major,0.78,0.073523,40.25,0.013833,0.035711,0.020897,0.022462,149776.38
6.0,Moderate,HRD1_major,0.79,0.073523,40.25,0.013833,0.035711,0.020897,0.022462,149776.38
6.0,Moderate,HRD1_major,0.8,0.073523,40.25,0.013833,0.035711,0.020897,0.022462,149776.38
6.0,Moderate,HRD1_major,0.81,0.073523,40.25,0.013833,0.035711,0.020897,0.022462,149776.38
6.0,Moderate,HRD1_major,0.82,0.073523,40.25,0.013833,0.035711,0.020897,0.022462,149776.38
6.0,Moderate,HRD1_major,0.83,0.073523,40.25,0.013833,0.035711,0.020897,0.022462,149776.38
6.0,Moderate,HRD1_major,0.84,0.073523,40.25,0.013833,0.035711,0.020897,0.022462,149776.38
6.0,Moderate,HRD1_major,0.85,0.073523,40.25,0.013833,0.035711,0.020897,0.022462,149776.38
6.0,Moderate,HRD1_major,0.86,0.073523,40.25,0.013833,0.035711,0.020897,0.022462,149776.38
6.0,Moderate,HRD1_major,0.87,0.073523,40.25,0.013833,0.035711,0.020897,0.022462,149776.38
6.0,Moderate,HRD1_major,0.88,0.073523,40.25,0.013833,0.035711,0.020897,0.022462,149776.38
6.0,Moderate,HRD1_major,0.89,0.073523,40.25,0.013833,0.035711,0.020897,0.022462,149776.38
6.0,Moderate,HRD1_major,0.9,0.073523,40.25,0.013833,0.035711,0.020897,0.022462,149776.38
6.0,Moderate,HRD1_major,0.91,0.073523,40.25,0.013833,0.035711,0.020897,0.022462,149776.38
6.0,Moderate,HRD1_major,0.92,0.073523,40.25,0.013833,0.035711,0.020897,0.022462,149776.38
6.0,Moderate,HRD1_major,0.93,0.073523,40.25,0.013833,0.035711,0.020897,0.022462,149776.38
6.0,Moderate,HRD1_major,0.94,0.073523,40.25,0.013833,0.035711,0.020897,0.022462,149776.38
6.0,Moderate,HRD1_major,0.95,0.073523,40.25,0.013833,0.035711,0.020897,0.022462,149776.38
6.0,Moderate,HRD1_major,0.96,0.073523,40.25,0.013833,0.035711,0.020897,0.022462,149776.38
6.0,Moderate,HRD1_major,0.97,0.073523,40.25,0.013833,0.035711,0.020897,0.022462,149776.38
6.0,Moderate,HRD1_major,0.98,0.073523,40.25,0.013833,0.035711,0.020897,0.022462,149776.38
6.0,Moderate,HRD1_major,0.99,0.073523,40.25,0.013833,0.035711,0.020897,0.022462,149776.38
6.0,Moderate,HRD1_major,1.0,0.073523,40.25,0.013833,0.035711,0.020897,0.022462,149776.38
6.0,Moderate,HRD1_major,1.01,0.073523,40.25,0.013833,0.035711,0.020897,0.022462,149776.38
6.0,Moderate,HRD1_major,1.02,0.073523,40.25,0.013833,0.035711,0.020897,0.022462,149776.38
6.0,Moderate,HRD1_major,1.03,0.073523,40.25,0.013833,0.035711,0.020897,0.022462,149776.38
6.0,Moderate,HRD1_major,1.04,0.073523,40.25,0.013833,0.035711,0.020897,0.022462,149776.38
6.0,Moderate,HRD1_major,1.05,0.073523,40.25,0.013833,0.035711,0.020897,0.022462,149776.38
6.0,Moderate,HRD1_major,1.06,0.073523,40.25,0.013833,0.035711,0.020897,0.022462,149776.38
6.0,Moderate,HRD1_major,1.07,0.073523,40.25,0.013833,0.035711,0.020897,0.022462,149776.38
6.0,Moderate,HRD1_major,1.08,0.073523,40.25,0.013833,0.035711,0.020897,0.022462,149776.38
6.0,Moderate,HRD1_major,1.09,0.073523,40.25,0.013833,0.035711,0.020897,0.022462,149776.38
6.0,Moderate,HRD1_major,1.1,0.073523,40.25,0.013833,0.035711,0.020897,0.022462,149776.38
6.0,Moderate,HRD1_major,1.11,0.073523,40.25,0.013833,0.035711,0.020897,0.022462,149776.38
6.0,Moderate,HRD1_major,1.12,0.073523,40.25,0.013833,0.035711,0.020897,0.022462,149776.38
6.0,Moderate,HRD1_major,1.13,0.073523,40.25,0.013833,0.035711,0.020897,0.022462,149776.38
6.0,Moderate,HRD1_major,1.14,0.073523,40.25,0.013833,0.035711,0.020897,0.022462,149776.38
6.0,Moderate,HRD1_major,1.15,0.073523,40.25,0.013833,0.035711,0.020897,0.022462,149776.38
6.0,Moderate,HRD1_major,1.16,0.073523,40.25,0.013833,0.035711,0.020897,0.022462,149776.38
6.0,Moderate,HRD1_major,1.17,0.073523,40.25,0.013833,0.035711,0.020897,0.022462,149776.38
6.0,Moderate,HRD1_major,1.18,0.073523,40.25,0.013833,0.035711,0.020897,0.022462,149776.38
6.0,Moderate,HRD1_major,1.19,0.073523,40.25,0.013833,0.035711,0.020897,0.022462,149776.38
6.0,Moderate,HRD1_major,1.2,0.073523,40.25,0.013833,0.035711,0.020897,0.022462,149776.38
6.0,Moderate,HRD1_major,1.21,0.073523,40.25,0.013833,0.035711,0.020897,0.022462,149776.38
6.0,Moderate,HRD1_major,1.22,0.073523,40.25,0.013833,0.035711,0.020897,0.022462,149776.38
6.0,Moderate,HRD1_major,1.23,0.073523,40.25,0.013833,0.035711,0.020897,0.022462,149776.38
6.0,Moderate,HRD1_major,1.24,0.073523,40.25,0.013833,0.035711,0.020897,0.022462,149776.38
6.0,Moderate,HRD1_major,1.25,0.073523,40.25,0.013833,0.035711,0.020897,0.022462,149776.38
6.0,Moderate,HRD1_major,1.26,0.073523,40.25,0.013833,0.035711,0.020897,0.022462,149776.38
6.0,Moderate,HRD1_major,1.27,0.073523,40.25,0.013833,0.035711,0.020897,0.022462,149776.38
6.0,Moderate,HRD1_major,1.28,0.073523,40.25,0.013833,0.035711,0.020897,0.022462,149776.38
6.0,Moderate,HRD1_major,1.29,0.073523,40.25,0.013833,0.035711,0.020897,0.022462,149776.38
6.0,Moderate,HRD1_major,1.3,0.073523,40.25,0.013833,0.035711,0.020897,0.022462,149776.38
6.0,Moderate,HRD1_major,1.31,0.073523,40.25,0.013833,0.035711,0.020897,0.022462,149776.38
6.0,Moderate,HRD1_major,1.32,0.073523,40.25,0.013833,0.035711,0.020897,0.022462,149776.38
6.0,Moderate,HRD1_major,1.33,0.073523,40.25,0.013833,0.035711,0.020897,0.022462,149776.38
6.0,Moderate,HRD1_major,1.34,0.073523,40.25,0.013833,0.035711,0.020897,0.022462,149776.38
6.0,Moderate,HRD1_major,1.35,0.073523,40.25,0.013833,0.035711,0.020897,0.022462,149776.38
6.0,Moderate,HRD1_major,1.36,0.073523,40.25,0.013833,0.035711,0.020897,0.022462,149776.38
6.0,Moderate,HRD1_major,1.37,0.073523,40.25,0.013833,0.035711,0.020897,0.022462,149776.38
6.0,Moderate,HRD1_major,1.38,0.073523,40.25,0.013833,0.035711,0.020897,0.022462,149776.38
6.0,Moderate,HRD1_major,1.39,0.073523,40.25,0.013833,0.035711,0.020897,0.022462,149776.38
6.0,Moderate,HRD1_major,1.4,0.073523,40.25,0.013833,0.035711,0.020897,0.022462,149776.38
6.0,Moderate,HRD1_major,1.41,0.073523,40.25,0.013833,0.035711,0.020897,0.022462,149776.38
6.0,Moderate,HRD1_major,1.42,0.073523,40.25,0.013833,0.035711,0.020897,0.022462,149776.38
6.0,Moderate,HRD1_major,1.43,0.073523,40.25,0.013833,0.035711,0.020897,0.022462,149776.38
6.0,Moderate,HRD1_major,1.44,0.073523,40.25,0.013833,0.035711,0.020897,0.022462,149776.38
6.0,Moderate,HRD1_major,1.45,0.073523,40.25,0.013833,0.035711,0.020897,0.022462,149776.38
6.0,Moderate,HRD1_major,1.46,0.073523,40.25,0.013833,0.035711,0.020897,0.022462,149776.38
6.0,Moderate,HRD1_major,1.47,0.073523,40.25,0.013833,0.035711,0.020897,0.022462,149776.38
6.0,Moderate,HRD1_major,1.48,0.073523,40.25,0.013833,0.035711,0.020897,0.022462,149776.38
6.0,Moderate,HRD1_major,1.49,0.073523,40.25,0.013833,0.035711,0.020897,0.022462,149776.38
6.0,Moderate,HRD1_major,1.5,0.073523,40.25,0.013833,0.035711,0.020897,0.022462,149776.38
6.0,Moderate,HRD2_urban,0.0,0.0,0.0,0.0,0.0,0.0,0.0,0.0
6.0,Moderate,HRD2_urban,0.01,0.0,0.0,0.0,0.0,0.0,0.0,0.0
6.0,Moderate,HRD2_urban,0.02,0.0,0.0,0.0,0.0,0.0,0.0,0.0
6.0,Moderate,HRD2_urban,0.03,0.0,0.0,0.0,0.0,0.0,0.0,0.0
6.0,Moderate,HRD2_urban,0.04,0.0,0.0,0.0,0.0,0.0,0.0,0.0
6.0,Moderate,HRD2_urban,0.05,0.0,0.0,0.0,0.0,0.0,0.0,0.0
6.0,Moderate,HRD2_urban,0.06,0.0,0.0,0.0,0.0,0.0,0.0,0.0
6.0,Moderate,HRD2_urban,0.07,0.0,0.0,0.0,0.0,0.0,0.0,0.0
6.0,Moderate,HRD2_urban,0.08,0.0,0.0,0.0,0.0,0.0,0.0,0.0
6.0,Moderate,HRD2_urban,0.09,0.0,0.0,0.0,0.0,0.0,0.0,0.0
6.0,Moderate,HRD2_urban,0.1,0.0,0.0,0.0,0.0,0.0,0.0,0.0
6.0,Moderate,HRD2_urban,0.11,0.0,0.0,0.0,0.0,0.0,0.0,0.0
6.0,Moderate,HRD2_urban,0.12,0.0,0.0,0.0,0.0,0.0,0.0,0.0
6.0,Moderate,HRD2_urban,0.13,0.0,0.0,0.0,0.0,0.0,0.0,0.0
6.0,Moderate,HRD2_urban,0.14,0.0,0.0,0.0,0.0,0.0,0.0,0.0
6.0,Moderate,HRD2_urban,0.15,3.7e-05,2.0,2e-06,0.0,0.0,0.0,0.47
6.0,Moderate,HRD2_urban,0.16,0.004941,2.0,0.000262,2.5e-05,1e-06,1.9e-05,62.53
6.0,Moderate,HRD2_urban,0.17,0.009845,2.0,0.000522,5e-05,2e-06,3.7e-05,124.59
6.0,Moderate,HRD2_urban,0.18,0.014749,2.0,0.000782,7.4e-05,3e-06,5.6e-05,186.65
6.0,Moderate,HRD2_urban,0.19,0.019653,2.0,0.001042,9.9e-05,4e-06,7.5e-05,248.71
6.0,Moderate,HRD2_urban,0.2,0.024557,2.0,0.001302,0.000124,5e-06,9.3e-05,310.77
6.0,Moderate,HRD2_urban,0.21,0.029461,2.0,0.001562,0.000149,6e-06,0.000112,372.83
6.0,Moderate,HRD2_urban,0.22,0.034365,2.254,0.002492,0.000278,1.2e-05,0.000189,629.85
6.0,Moderate,HRD2_urban,0.23,0.039269,2.576,0.00391,0.000521,2.8e-05,0.000319,1064.49
6.0,Moderate,HRD2_urban,0.24,0.044173,2.898,0.005657,0.00088,5.6e-05,0.000498,1660.15
6.0,Moderate,HRD2_urban,0.25,0.049077,3.22,0.007699,0.001376,0.000101,0.000731,2436.55
6.0,Moderate,HRD2_urban,0.26,0.053981,3.542,0.009991,0.002025,0.000169,0.001023,3410.84
6.0,Moderate,HRD2_urban,0.27,0.058885,3.864,0.012487,0.002838,0.000267,0.001379,4597.84
6.0,Moderate,HRD2_urban,0.28,0.063789,4.186,0.015137,0.003822,0.000402,0.001803,6010.32
6.0,Moderate,HRD2_urban,0.29,0.068693,4.508,0.017896,0.004981,0.00058,0.002297,7659.17
6.0,Moderate,HRD2_urban,0.3,0.073523,4.83,0.0207,0.006307,0.000809,0.002863,9544.09
6.0,Moderate,HRD2_urban,0.31,0.073523,5.313,0.022705,0.007838,0.001148,0.003507,11690.95
6.0,Moderate,HRD2_urban,0.32,0.073523,5.796,0.024339,0.009416,0.001558,0.004191,13971.37
6.0,Moderate,HRD2_urban,0.33,0.073523,6.279,0.025621,0.011006,0.002038,0.004909,16365.48
6.0,Moderate,HRD2_urban,0.34,0.073523,6.762,0.026581,0.01258,0.002586,0.005655,18855.27
6.0,Moderate,HRD2_urban,0.35,0.073523,7.245,0.027253,0.014114,0.003201,0.006426,21424.41
6.0,Moderate,HRD2_urban,0.36,0.073523,7.728,0.027672,0.015591,0.003878,0.007216,24058.08
6.0,Moderate,HRD2_urban,0.37,0.073523,8.211,0.027872,0.016996,0.004612,0.008021,26742.85
6.0,Moderate,HRD2_urban,0.38,0.073523,8.694,0.027885,0.01832,0.0054,0.008838,29466.58
6.0,Moderate,HRD2_urban,0.39,0.073523,9.177,0.02774,0.019556,0.006236,0.009664,32218.3
6.0,Moderate,HRD2_urban,0.4,0.073523,9.66,0.027463,0.0207,0.007116,0.010494,34988.12
6.0,Moderate,HRD2_urban,0.41,0.073523,10.143,0.027078,0.02175,0.008034,0.011328,37767.16
6.0,Moderate,HRD2_urban,0.42,0.073523,10.626,0.026604,0.022705,0.008987,0.012162,40547.49
6.0,Moderate,HRD2_urban,0.43,0.073523,11.109,0.02606,0.023568,0.009968,0.012994,43321.99
6.0,Moderate,HRD2_urban,0.44,0.073523,11.592,0.025461,0.024339,0.010974,0.013823,46084.38
6.0,Moderate,HRD2_urban,0.45,0.073523,12.075,0.02482,0.025022,0.012,0.014646,48829.06
6.0,Moderate,HRD2_urban,0.46,0.073523,13.9533,0.022111,0.026913,0.016119,0.017772,59250.69
6.0,Moderate,HRD2_urban,0.47,0.073523,15.8317,0.019354,0.027774,0.020303,0.020734,69128.69
6.0,Moderate,HRD2_urban,0.48,0.073523,17.71,0.016769,0.027853,0.024416,0.0235,78348.57
6.0,Moderate,HRD2_urban,0.49,0.073523,19.5883,0.014444,0.027366,0.028368,0.026053,86861.72
6.0,Moderate,HRD2_urban,0.5,0.073523,21.4667,0.012406,0.026489,0.032107,0.028393,94662.32
6.0,Moderate,HRD2_urban,0.51,0.073523,23.345,0.010642,0.025357,0.035603,0.030525,101771.2
6.0,Moderate,HRD2_urban,0.52,0.073523,25.2233,0.00913,0.024071,0.038843,0.032461,108224.89
6.0,Moderate,HRD2_urban,0.53,0.073523,27.1017,0.00784,0.022706,0.041829,0.034214,114068.2
6.0,Moderate,HRD2_urban,0.54,0.073523,28.98,0.006741,0.021315,0.044568,0.035798,119349.45
6.0,Moderate,HRD2_urban,0.55,0.073523,30.8583,0.005806,0.019936,0.047072,0.037228,124117.36
6.0,Moderate,HRD2_urban,0.56,0.073523,32.7367,0.005011,0.018592,0.049356,0.038518,128419.19
6.0,Moderate,HRD2_urban,0.57,0.073523,34.615,0.004334,0.017302,0.051435,0.039682,132299.6
6.0,Moderate,HRD2_urban,0.58,0.073523,36.4933,0.003756,0.016076,0.053327,0.040732,135800.12
6.0,Moderate,HRD2_urban,0.59,0.073523,38.3717,0.003263,0.014919,0.055046,0.041679,138958.88
6.0,Moderate,HRD2_urban,0.6,0.073523,40.25,0.002841,0.013833,0.056609,0.042535,141810.59
6.0,Moderate,HRD2_urban,0.61,0.073523,40.25,0.002841,0.013833,0.056609,0.042535,141810.59
6.0,Moderate,HRD2_urban,0.62,0.073523,40.25,0.002841,0.013833,0.056609,0.042535,141810.59
6.0,Moderate,HRD2_urban,0.63,0.073523,40.25,0.002841,0.013833,0.056609,0.042535,141810.59
6.0,Moderate,HRD2_urban,0.64,0.073523,40.25,0.002841,0.013833,0.056609,0.042535,141810.59
6.0,Moderate,HRD2_urban,0.65,0.073523,40.25,0.002841,0.013833,0.056609,0.042535,141810.59
6.0,Moderate,HRD2_urban,0.66,0.073523,40.25,0.002841,0.013833,0.056609,0.042535,141810.59
6.0,Moderate,HRD2_urban,0.67,0.073523,40.25,0.002841,0.013833,0.056609,0.042535,141810.59
6.0,Moderate,HRD2_urban,0.68,0.073523,40.25,0.002841,0.013833,0.056609,0.042535,141810.59
6.0,Moderate,HRD2_urban,0.69,0.073523,40.25,0.002841,0.013833,0.056609,0.042535,141810.59
6.0,Moderate,HRD2_urban,0.7,0.073523,40.25,0.002841,0.013833,0.056609,0.042535,141810.59
6.0,Moderate,HRD2_urban,0.71,0.073523,40.25,0.002841,0.013833,0.056609,0.042535,141810.59
6.0,Moderate,HRD2_urban,0.72,0.073523,40.25,0.002841,0.013833,0.056609,0.042535,141810.59
6.0,Moderate,HRD2_urban,0.73,0.073523,40.25,0.002841,0.013833,0.056609,0.042535,141810.59
6.0,Moderate,HRD2_urban,0.74,0.073523,40.25,0.002841,0.013833,0.056609,0.042535,141810.59
6.0,Moderate,HRD2_urban,0.75,0.073523,40.25,0.002841,0.013833,0.056609,0.042535,141810.59
6.0,Moderate,HRD2_urban,0.76,0.073523,40.25,0.002841,0.013833,0.056609,0.042535,141810.59
6.0,Moderate,HRD2_urban,0.77,0.073523,40.25,0.002841,0.013833,0.056609,0.042535,141810.59
6.0,Moderate,HRD2_urban,0.78,0.073523,40.25,0.002841,0.013833,0.056609,0.042535,141810.59
6.0,Moderate,HRD2_urban,0.79,0.073523,40.25,0.002841,0.013833,0.056609,0.042535,141810.59
6.0,Moderate,HRD2_urban,0.8,0.073523,40.25,0.002841,0.013833,0.056609,0.042535,141810.59
6.0,Moderate,HRD2_urban,0.81,0.073523,40.25,0.002841,0.013833,0.056609,0.042535,141810.59
6.0,Moderate,HRD2_urban,0.82,0.073523,40.25,0.002841,0.013833,0.056609,0.042535,141810.59
6.0,Moderate,HRD2_urban,0.83,0.073523,40.25,0.002841,0.013833,0.056609,0.042535,141810.59
6.0,Moderate,HRD2_urban,0.84,0.073523,40.25,0.002841,0.013833,0.056609,0.042535,141810.59
6.0,Moderate,HRD2_urban,0.85,0.073523,40.25,0.002841,0.013833,0.056609,0.042535,141810.59
6.0,Moderate,HRD2_urban,0.86,0.073523,40.25,0.002841,0.013833,0.056609,0.042535,141810.59
6.0,Moderate,HRD2_urban,0.87,0.073523,40.25,0.002841,0.013833,0.056609,0.042535,141810.59
6.0,Moderate,HRD2_urban,0.88,0.073523,40.25,0.002841,0.013833,0.056609,0.042535,141810.59
6.0,Moderate,HRD2_urban,0.89,0.073523,40.25,0.002841,0.013833,0.056609,0.042535,141810.59
6.0,Moderate,HRD2_urban,0.9,0.073523,40.25,0.002841,0.013833,0.056609,0.042535,141810.59
6.0,Moderate,HRD2_urban,0.91,0.073523,40.25,0.002841,0.013833,0.056609,0.042535,141810.59
6.0,Moderate,HRD2_urban,0.92,0.073523,40.25,0.002841,0.013833,0.056609,0.042535,141810.59
6.0,Moderate,HRD2_urban,0.93,0.073523,40.25,0.002841,0.013833,0.056609,0.042535,141810.59
6.0,Moderate,HRD2_urban,0.94,0.073523,40.25,0.002841,0.013833,0.056609,0.042535,141810.59
6.0,Moderate,HRD2_urban,0.95,0.073523,40.25,0.002841,0.013833,0.056609,0.042535,141810.59
6.0,Moderate,HRD2_urban,0.96,0.073523,40.25,0.002841,0.013833,0.056609,0.042535,141810.59
6.0,Moderate,HRD2_urban,0.97,0.073523,40.25,0.002841,0.013833,0.056609,0.042535,141810.59
6.0,Moderate,HRD2_urban,0.98,0.073523,40.25,0.002841,0.013833,0.056609,0.042535,141810.59
6.0,Moderate,HRD2_urban,0.99,0.073523,40.25,0.002841,0.013833,0.056609,0.042535,141810.59
6.0,Moderate,HRD2_urban,1.0,0.073523,40.25,0.002841,0.013833,0.056609,0.042535,141810.59
6.0,Moderate,HRD2_urban,1.01,0.073523,40.25,0.002841,0.013833,0.056609,0.042535,141810.59
6.0,Moderate,HRD2_urban,1.02,0.073523,40.25,0.002841,0.013833,0.056609,0.042535,141810.59
6.0,Moderate,HRD2_urban,1.03,0.073523,40.25,0.002841,0.013833,0.056609,0.042535,141810.59
6.0,Moderate,HRD2_urban,1.04,0.073523,40.25,0.002841,0.013833,0.056609,0.042535,141810.59
6.0,Moderate,HRD2_urban,1.05,0.073523,40.25,0.002841,0.013833,0.056609,0.042535,141810.59
6.0,Moderate,HRD2_urban,1.06,0.073523,40.25,0.002841,0.013833,0.056609,0.042535,141810.59
6.0,Moderate,HRD2_urban,1.07,0.073523,40.25,0.002841,0.013833,0.056609,0.042535,141810.59
6.0,Moderate,HRD2_urban,1.08,0.073523,40.25,0.002841,0.013833,0.056609,0.042535,141810.59
6.0,Moderate,HRD2_urban,1.09,0.073523,40.25,0.002841,0.013833,0.056609,0.042535,141810.59
6.0,Moderate,HRD2_urban,1.1,0.073523,40.25,0.002841,0.013833,0.056609,0.042535,141810.59
6.0,Moderate,HRD2_urban,1.11,0.073523,40.25,0.002841,0.013833,0.056609,0.042535,141810.59
6.0,Moderate,HRD2_urban,1.12,0.073523,40.25,0.002841,0.013833,0.056609,0.042535,141810.59
6.0,Moderate,HRD2_urban,1.13,0.073523,40.25,0.002841,0.013833,0.056609,0.042535,141810.59
6.0,Moderate,HRD2_urban,1.14,0.073523,40.25,0.002841,0.013833,0.056609,0.042535,141810.59
6.0,Moderate,HRD2_urban,1.15,0.073523,40.25,0.002841,0.013833,0.056609,0.042535,141810.59
6.0,Moderate,HRD2_urban,1.16,0.073523,40.25,0.002841,0.013833,0.056609,0.042535,141810.59
6.0,Moderate,HRD2_urban,1.17,0.073523,40.25,0.002841,0.013833,0.056609,0.042535,141810.59
6.0,Moderate,HRD2_urban,1.18,0.073523,40.25,0.002841,0.013833,0.056609,0.042535,141810.59
6.0,Moderate,HRD2_urban,1.19,0.073523,40.25,0.002841,0.013833,0.056609,0.042535,141810.59
6.0,Moderate,HRD2_urban,1.2,0.073523,40.25,0.002841,0.013833,0.056609,0.042535,141810.59
6.0,Moderate,HRD2_urban,1.21,0.073523,40.25,0.002841,0.013833,0.056609,0.042535,141810.59
6.0,Moderate,HRD2_urban,1.22,0.073523,40.25,0.002841,0.013833,0.056609,0.042535,141810.59
6.0,Moderate,HRD2_urban,1.23,0.073523,40.25,0.002841,0.013833,0.056609,0.042535,141810.59
6.0,Moderate,HRD2_urban,1.24,0.073523,40.25,0.002841,0.013833,0.056609,0.042535,141810.59
6.0,Moderate,HRD2_urban,1.25,0.073523,40.25,0.002841,0.013833,0.056609,0.042535,141810.59
6.0,Moderate,HRD2_urban,1.26,0.073523,40.25,0.002841,0.013833,0.056609,0.042535,141810.59
6.0,Moderate,HRD2_urban,1.27,0.073523,40.25,0.002841,0.013833,0.056609,0.042535,141810.59
6.0,Moderate,HRD2_urban,1.28,0.073523,40.25,0.002841,0.013833,0.056609,0.042535,141810.59
6.0,Moderate,HRD2_urban,1.29,0.073523,40.25,0.002841,0.013833,0.056609,0.042535,141810.59
6.0,Moderate,HRD2_urban,1.3,0.073523,40.25,0.002841,0.013833,0.056609,0.042535,141810.59
6.0,Moderate,HRD2_urban,1.31,0.073523,40.25,0.002841,0.013833,0.056609,0.042535,141810.59
6.0,Moderate,HRD2_urban,1.32,0.073523,40.25,0.002841,0.013833,0.056609,0.042535,141810.59
6.0,Moderate,HRD2_urban,1.33,0.073523,40.25,0.002841,0.013833,0.056609,0.042535,141810.59
6.0,Moderate,HRD2_urban,1.34,0.073523,40.25,0.002841,0.013833,0.056609,0.042535,141810.59
6.0,Moderate,HRD2_urban,1.35,0.073523,40.25,0.002841,0.013833,0.056609,0.042535,141810.59
6.0,Moderate,HRD2_urban,1.36,0.073523,40.25,0.002841,0.013833,0.056609,0.042535,141810.59
6.0,Moderate,HRD2_urban,1.37,0.073523,40.25,0.002841,0.013833,0.056609,0.042535,141810.59
6.0,Moderate,HRD2_urban,1.38,0.073523,40.25,0.002841,0.013833,0.056609,0.042535,141810.59
6.0,Moderate,HRD2_urban,1.39,0.073523,40.25,0.002841,0.013833,0.056609,0.042535,141810.59
6.0,Moderate,HRD2_urban,1.4,0.073523,40.25,0.002841,0.013833,0.056609,0.042535,141810.59
6.0,Moderate,HRD2_urban,1.41,0.073523,40.25,0.002841,0.013833,0.056609,0.042535,141810.59
6.0,Moderate,HRD2_urban,1.42,0.073523,40.25,0.002841,0.013833,0.056609,0.042535,141810.59
6.0,Moderate,HRD2_urban,1.43,0.073523,40.25,0.002841,0.013833,0.056609,0.042535,141810.59
6.0,Moderate,HRD2_urban,1.44,0.073523,40.25,0.002841,0.013833,0.056609,0.042535,141810.59
6.0,Moderate,HRD2_urban,1.45,0.073523,40.25,0.002841,0.013833,0.056609,0.042535,141810.59
6.0,Moderate,HRD2_urban,1.46,0.073523,40.25,0.002841,0.013833,0.056609,0.042535,141810.59
6.0,Moderate,HRD2_urban,1.47,0.073523,40.25,0.002841,0.013833,0.056609,0.042535,141810.59
6.0,Moderate,HRD2_urban,1.48,0.073523,40.25,0.002841,0.013833,0.056609,0.042535,141810.59
6.0,Moderate,HRD2_urban,1.49,0.073523,40.25,0.002841,0.013833,0.056609,0.042535,141810.59
6.0,Moderate,HRD2_urban,1.5,0.073523,40.25,0.002841,0.013833,0.056609,0.042535,141810.59
6.0,Low,HRD1_major,0.0,0.0,0.0,0.0,0.0,0.0,0.0,0.0
6.0,Low,HRD1_major,0.01,0.0,0.0,0.0,0.0,0.0,0.0,0.0
6.0,Low,HRD1_major,0.02,0.0,0.0,0.0,0.0,0.0,0.0,0.0
6.0,Low,HRD1_major,0.03,0.0,0.0,0.0,0.0,0.0,0.0,0.0
6.0,Low,HRD1_major,0.04,0.0,0.0,0.0,0.0,0.0,0.0,0.0
6.0,Low,HRD1_major,0.05,0.0,0.0,0.0,0.0,0.0,0.0,0.0
6.0,Low,HRD1_major,0.06,0.0,0.0,0.0,0.0,0.0,0.0,0.0
6.0,Low,HRD1_major,0.07,0.0,0.0,0.0,0.0,0.0,0.0,0.0
6.0,Low,HRD1_major,0.08,0.0,0.0,0.0,0.0,0.0,0.0,0.0
6.0,Low,HRD1_major,0.09,0.0,0.0,0.0,0.0,0.0,0.0,0.0
6.0,Low,HRD1_major,0.1,0.0,0.0,0.0,0.0,0.0,0.0,0.0
6.0,Low,HRD1_major,0.11,0.0,0.0,0.0,0.0,0.0,0.0,0.0
6.0,Low,HRD1_major,0.12,0.0,0.0,0.0,0.0,0.0,0.0,0.0
6.0,Low,HRD1_major,0.13,0.0,0.0,0.0,0.0,0.0,0.0,0.0
6.0,Low,HRD1_major,0.14,0.0,0.0,0.0,0.0,0.0,0.0,0.0
6.0,Low,HRD1_major,0.15,0.0,0.0,0.0,0.0,0.0,0.0,0.0
6.0,Low,HRD1_major,0.16,0.0,0.0,0.0,0.0,0.0,0.0,0.0
6.0,Low,HRD1_major,0.17,0.0,0.0,0.0,0.0,0.0,0.0,0.0
6.0,Low,HRD1_major,0.18,0.0,0.0,0.0,0.0,0.0,0.0,0.0
6.0,Low,HRD1_major,0.19,0.0,0.0,0.0,0.0,0.0,0.0,0.0
6.0,Low,HRD1_major,0.2,0.0,0.0,0.0,0.0,0.0,0.0,0.0
6.0,Low,HRD1_major,0.21,0.0,1.0,0.0,0.0,0.0,0.0,0.0
6.0,Low,HRD1_major,0.22,0.001669,1.0,0.0,0.0,0.0,0.0,0.11
6.0,Low,HRD1_major,0.23,0.003717,1.0,1e-06,0.0,0.0,0.0,0.25
6.0,Low,HRD1_major,0.24,0.005764,1.0,1e-06,0.0,0.0,0.0,0.39
6.0,Low,HRD1_major,0.25,0.007812,1.0,1e-06,0.0,0.0,0.0,0.52
6.0,Low,HRD1_major,0.26,0.009859,1.15,4e-06,0.0,0.0,0.0,1.4
6.0,Low,HRD1_major,0.27,0.011907,1.38,1.2e-05,0.0,0.0,1e-06,4.25
6.0,Low,HRD1_major,0.28,0.013955,1.61,2.8e-05,1e-06,0.0,2e-06,10.36
6.0,Low,HRD1_major,0.29,0.016002,1.84,5.7e-05,2e-06,0.0,3e-06,21.68
6.0,Low,HRD1_major,0.3,0.01805,2.07,0.000105,4e-06,0.0,6e-06,40.51
6.0,Low,HRD1_major,0.31,0.020098,2.3,0.000176,8e-06,0.0,1e-05,69.45
6.0,Low,HRD1_major,0.32,0.022145,2.53,0.000275,1.4e-05,0.0,1.7e-05,111.29
6.0,Low,HRD1_major,0.33,0.024193,2.76,0.000408,2.4e-05,0.0,2.5e-05,168.93
6.0,Low,HRD1_major,0.34,0.02624,2.99,0.00058,3.8e-05,0.0,3.7e-05,245.33
6.0,Low,HRD1_major,0.35,0.028288,3.22,0.000793,5.8e-05,0.0,5.2e-05,343.42
6.0,Low,HRD1_major,0.36,0.030336,3.45,0.001052,8.4e-05,1e-06,7e-05,466.09
6.0,Low,HRD1_major,0.37,0.032383,3.68,0.001359,0.000119,1e-06,9.2e-05,616.15
6.0,Low,HRD1_major,0.38,0.034431,3.91,0.001715,0.000163,2e-06,0.000119,796.29
6.0,Low,HRD1_major,0.39,0.036479,4.14,0.002123,0.000217,2e-06,0.000151,1009.08
6.0,Low,HRD1_major,0.4,0.036762,4.37,0.002464,0.000272,3e-06,0.00018,1199.38
6.0,Low,HRD1_major,0.41,0.036762,4.6,0.002803,0.000331,4e-06,0.00021,1397.31
6.0,Low,HRD1_major,0.42,0.036762,4.83,0.003154,0.000399,6e-06,0.000242,1610.33
6.0,Low,HRD1_major,0.43,0.036762,5.175,0.003697,0.000513,9e-06,0.000294,1957.24
6.0,Low,HRD1_major,0.44,0.036762,5.52,0.004256,0.000645,1.2e-05,0.00035,2335.63
6.0,Low,HRD1_major,0.45,0.036762,5.865,0.004822,0.000795,1.6e-05,0.000411,2743.86
6.0,Low,HRD1_major,0.46,0.036762,6.21,0.00539,0.00096,2.2e-05,0.000477,3180.28
6.0,Low,HRD1_major,0.47,0.036762,6.555,0.005954,0.001143,2.9e-05,0.000546,3643.19
6.0,Low,HRD1_major,0.48,0.036762,6.9,0.006512,0.001341,3.7e-05,0.00062,4130.96
6.0,Low,HRD1_major,0.49,0.036762,7.245,0.007057,0.001554,4.6e-05,0.000696,4642.0
6.0,Low,HRD1_major,0.5,0.036762,7.59,0.007588,0.001781,5.8e-05,0.000776,5174.77
6.0,Low,HRD1_major,0.51,0.036762,7.935,0.008101,0.002022,7.1e-05,0.000859,5727.83
6.0,Low,HRD1_major,0.52,0.036762,8.28,0.008595,0.002275,8.6e-05,0.000945,6299.8
6.0,Low,HRD1_major,0.53,0.036762,8.625,0.009068,0.002539,0.000103,0.001033,6889.38
6.0,Low,HRD1_major,0.54,0.036762,8.97,0.009519,0.002814,0.000122,0.001124,7495.35
6.0,Low,HRD1_major,0.55,0.036762,9.315,0.009946,0.003099,0.000143,0.001217,8116.58
6.0,Low,HRD1_major,0.56,0.036762,9.66,0.01035,0.003391,0.000167,0.001313,8752.0
6.0,Low,HRD1_major,0.57,0.036762,10.005,0.01073,0.003691,0.000193,0.00141,9400.61
6.0,Low,HRD1_major,0.58,0.036762,10.35,0.011085,0.003998,0.000222,0.001509,10061.49
6.0,Low,HRD1_major,0.59,0.036762,10.695,0.011417,0.00431,0.000253,0.00161,10733.77
6.0,Low,HRD1_major,0.6,0.036762,11.04,0.011725,0.004626,0.000287,0.001712,11416.64
6.0,Low,HRD1_major,0.61,0.036762,11.385,0.01201,0.004947,0.000323,0.001816,12109.36
6.0,Low,HRD1_major,0.62,0.036762,11.73,0.012272,0.00527,0.000362,0.001921,12811.23
6.0,Low,HRD1_major,0.63,0.036762,12.075,0.012511,0.005596,0.000404,0.002028,13521.59
6.0,Low,HRD1_major,0.64,0.036762,13.4167,0.013245,0.006869,0.000595,0.002453,16353.96
6.0,Low,HRD1_major,0.65,0.036762,14.7583,0.013697,0.008128,0.000829,0.002891,19275.53
6.0,Low,HRD1_major,0.66,0.036762,16.1,0.013914,0.009342,0.001107,0.003339,22262.3
6.0,Low,HRD1_major,0.67,0.036762,17.4417,0.01394,0.010492,0.001426,0.003794,25295.17
6.0,Low,HRD1_major,0.68,0.036762,18.7833,0.013816,0.011564,0.001785,0.004253,28358.58
6.0,Low,HRD1_major,0.69,0.036762,20.125,0.013574,0.01255,0.002181,0.004715,31439.6
6.0,Low,HRD1_major,0.7,0.036762,21.4667,0.013244,0.013443,0.00261,0.005178,34527.31
6.0,Low,HRD1_major,0.71,0.036762,22.8083,0.01285,0.014244,0.003071,0.005641,37612.36
6.0,Low,HRD1_major,0.72,0.036762,24.15,0.01241,0.014953,0.003558,0.006102,40686.64
6.0,Low,HRD1_major,0.73,0.036762,25.4917,0.01194,0.015573,0.004069,0.00656,43743.12
6.0,Low,HRD1_major,0.74,0.036762,26.8333,0.011452,0.016108,0.004601,0.007015,46775.63
6.0,Low,HRD1_major,0.75,0.036762,28.175,0.010956,0.016562,0.00515,0.007465,49778.78
6.0,Low,HRD1_major,0.76,0.036762,29.5167,0.010459,0.016939,0.005714,0.007911,52747.87
6.0,Low,HRD1_major,0.77,0.036762,30.8583,0.009968,0.017247,0.006289,0.00835,55678.82
6.0,Low,HRD1_major,0.78,0.036762,32.2,0.009486,0.017489,0.006873,0.008783,58568.08
6.0,Low,HRD1_major,0.79,0.036762,33.5417,0.009016,0.017671,0.007464,0.00921,61412.63
6.0,Low,HRD1_major,0.8,0.036762,34.8833,0.008562,0.017799,0.00806,0.00963,64209.89
6.0,Low,HRD1_major,0.81,0.036762,36.225,0.008123,0.017876,0.008657,0.010042,66957.69
6.0,Low,HRD1_major,0.82,0.036762,37.5667,0.007703,0.017909,0.009256,0.010446,69654.25
6.0,Low,HRD1_major,0.83,0.036762,38.9083,0.007301,0.017901,0.009853,0.010843,72298.13
6.0,Low,HRD1_major,0.84,0.036762,40.25,0.006916,0.017856,0.010449,0.011231,74888.19
6.0,Low,HRD1_major,0.85,0.036762,40.25,0.006916,0.017856,0.010449,0.011231,74888.19
6.0,Low,HRD1_major,0.86,0.036762,40.25,0.006916,0.017856,0.010449,0.011231,74888.19
6.0,Low,HRD1_major,0.87,0.036762,40.25,0.006916,0.017856,0.010449,0.011231,74888.19
6.0,Low,HRD1_major,0.88,0.036762,40.25,0.006916,0.017856,0.010449,0.011231,74888.19
6.0,Low,HRD1_major,0.89,0.036762,40.25,0.006916,0.017856,0.010449,0.011231,74888.19
6.0,Low,HRD1_major,0.9,0.036762,40.25,0.006916,0.017856,0.010449,0.011231,74888.19
6.0,Low,HRD1_major,0.91,0.036762,40.25,0.006916,0.017856,0.010449,0.011231,74888.19
6.0,Low,HRD1_major,0.92,0.036762,40.25,0.006916,0.017856,0.010449,0.011231,74888.19
6.0,Low,HRD1_major,0.93,0.036762,40.25,0.006916,0.017856,0.010449,0.011231,74888.19
6.0,Low,HRD1_major,0.94,0.036762,40.25,0.006916,0.017856,0.010449,0.011231,74888.19
6.0,Low,HRD1_major,0.95,0.036762,40.25,0.006916,0.017856,0.010449,0.011231,74888.19
6.0,Low,HRD1_major,0.96,0.036762,40.25,0.006916,0.017856,0.010449,0.011231,74888.19
6.0,Low,HRD1_major,0.97,0.036762,40.25,0.006916,0.017856,0.010449,0.011231,74888.19
6.0,Low,HRD1_major,0.98,0.036762,40.25,0.006916,0.017856,0.010449,0.011231,74888.19
6.0,Low,HRD1_major,0.99,0.036762,40.25,0.006916,0.017856,0.010449,0.011231,74888.19
6.0,Low,HRD1_major,1.0,0.036762,40.25,0.006916,0.017856,0.010449,0.011231,74888.19
6.0,Low,HRD1_major,1.01,0.036762,40.25,0.006916,0.017856,0.010449,0.011231,74888.19
6.0,Low,HRD1_major,1.02,0.036762,40.25,0.006916,0.017856,0.010449,0.011231,74888.19
6.0,Low,HRD1_major,1.03,0.036762,40.25,0.006916,0.017856,0.010449,0.011231,74888.19
6.0,Low,HRD1_major,1.04,0.036762,40.25,0.006916,0.017856,0.010449,0.011231,74888.19
6.0,Low,HRD1_major,1.05,0.036762,40.25,0.006916,0.017856,0.010449,0.011231,74888.19
6.0,Low,HRD1_major,1.06,0.036762,40.25,0.006916,0.017856,0.010449,0.011231,74888.19
6.0,Low,HRD1_major,1.07,0.036762,40.25,0.006916,0.017856,0.010449,0.011231,74888.19
6.0,Low,HRD1_major,1.08,0.036762,40.25,0.006916,0.017856,0.010449,0.011231,74888.19
6.0,Low,HRD1_major,1.09,0.036762,40.25,0.006916,0.017856,0.010449,0.011231,74888.19
6.0,Low,HRD1_major,1.1,0.036762,40.25,0.006916,0.017856,0.010449,0.011231,74888.19
6.0,Low,HRD1_major,1.11,0.036762,40.25,0.006916,0.017856,0.010449,0.011231,74888.19
6.0,Low,HRD1_major,1.12,0.036762,40.25,0.006916,0.017856,0.010449,0.011231,74888.19
6.0,Low,HRD1_major,1.13,0.036762,40.25,0.006916,0.017856,0.010449,0.011231,74888.19
6.0,Low,HRD1_major,1.14,0.036762,40.25,0.006916,0.017856,0.010449,0.011231,74888.19
6.0,Low,HRD1_major,1.15,0.036762,40.25,0.006916,0.017856,0.010449,0.011231,74888.19
6.0,Low,HRD1_major,1.16,0.036762,40.25,0.006916,0.017856,0.010449,0.011231,74888.19
6.0,Low,HRD1_major,1.17,0.036762,40.25,0.006916,0.017856,0.010449,0.011231,74888.19
6.0,Low,HRD1_major,1.18,0.036762,40.25,0.006916,0.017856,0.010449,0.011231,74888.19
6.0,Low,HRD1_major,1.19,0.036762,40.25,0.006916,0.017856,0.010449,0.011231,74888.19
6.0,Low,HRD1_major,1.2,0.036762,40.25,0.006916,0.017856,0.010449,0.011231,74888.19
6.0,Low,HRD1_major,1.21,0.036762,40.25,0.006916,0.017856,0.010449,0.011231,74888.19
6.0,Low,HRD1_major,1.22,0.036762,40.25,0.006916,0.017856,0.010449,0.011231,74888.19
6.0,Low,HRD1_major,1.23,0.036762,40.25,0.006916,0.017856,0.010449,0.011231,74888.19
6.0,Low,HRD1_major,1.24,0.036762,40.25,0.006916,0.017856,0.010449,0.011231,74888.19
6.0,Low,HRD1_major,1.25,0.036762,40.25,0.006916,0.017856,0.010449,0.011231,74888.19
6.0,Low,HRD1_major,1.26,0.036762,40.25,0.006916,0.017856,0.010449,0.011231,74888.19
6.0,Low,HRD1_major,1.27,0.036762,40.25,0.006916,0.017856,0.010449,0.011231,74888.19
6.0,Low,HRD1_major,1.28,0.036762,40.25,0.006916,0.017856,0.010449,0.011231,74888.19
6.0,Low,HRD1_major,1.29,0.036762,40.25,0.006916,0.017856,0.010449,0.011231,74888.19
6.0,Low,HRD1_major,1.3,0.036762,40.25,0.006916,0.017856,0.010449,0.011231,74888.19
6.0,Low,HRD1_major,1.31,0.036762,40.25,0.006916,0.017856,0.010449,0.011231,74888.19
6.0,Low,HRD1_major,1.32,0.036762,40.25,0.006916,0.017856,0.010449,0.011231,74888.19
6.0,Low,HRD1_major,1.33,0.036762,40.25,0.006916,0.017856,0.010449,0.011231,74888.19
6.0,Low,HRD1_major,1.34,0.036762,40.25,0.006916,0.017856,0.010449,0.011231,74888.19
6.0,Low,HRD1_major,1.35,0.036762,40.25,0.006916,0.017856,0.010449,0.011231,74888.19
6.0,Low,HRD1_major,1.36,0.036762,40.25,0.006916,0.017856,0.010449,0.011231,74888.19
6.0,Low,HRD1_major,1.37,0.036762,40.25,0.006916,0.017856,0.010449,0.011231,74888.19
6.0,Low,HRD1_major,1.38,0.036762,40.25,0.006916,0.017856,0.010449,0.011231,74888.19
6.0,Low,HRD1_major,1.39,0.036762,40.25,0.006916,0.017856,0.010449,0.011231,74888.19
6.0,Low,HRD1_major,1.4,0.036762,40.25,0.006916,0.017856,0.010449,0.011231,74888.19
6.0,Low,HRD1_major,1.41,0.036762,40.25,0.006916,0.017856,0.010449,0.011231,74888.19
6.0,Low,HRD1_major,1.42,0.036762,40.25,0.006916,0.017856,0.010449,0.011231,74888.19
6.0,Low,HRD1_major,1.43,0.036762,40.25,0.006916,0.017856,0.010449,0.011231,74888.19
6.0,Low,HRD1_major,1.44,0.036762,40.25,0.006916,0.017856,0.010449,0.011231,74888.19
6.0,Low,HRD1_major,1.45,0.036762,40.25,0.006916,0.017856,0.010449,0.011231,74888.19
6.0,Low,HRD1_major,1.46,0.036762,40.25,0.006916,0.017856,0.010449,0.011231,74888.19
6.0,Low,HRD1_major,1.47,0.036762,40.25,0.006916,0.017856,0.010449,0.011231,74888.19
6.0,Low,HRD1_major,1.48,0.036762,40.25,0.006916,0.017856,0.010449,0.011231,74888.19
6.0,Low,HRD1_major,1.49,0.036762,40.25,0.006916,0.017856,0.010449,0.011231,74888.19
6.0,Low,HRD1_major,1.5,0.036762,40.25,0.006916,0.017856,0.010449,0.011231,74888.19
6.0,Low,HRD2_urban,0.0,0.0,0.0,0.0,0.0,0.0,0.0,0.0
6.0,Low,HRD2_urban,0.01,0.0,0.0,0.0,0.0,0.0,0.0,0.0
6.0,Low,HRD2_urban,0.02,0.0,0.0,0.0,0.0,0.0,0.0,0.0
6.0,Low,HRD2_urban,0.03,0.0,0.0,0.0,0.0,0.0,0.0,0.0
6.0,Low,HRD2_urban,0.04,0.0,0.0,0.0,0.0,0.0,0.0,0.0
6.0,Low,HRD2_urban,0.05,0.0,0.0,0.0,0.0,0.0,0.0,0.0
6.0,Low,HRD2_urban,0.06,0.0,0.0,0.0,0.0,0.0,0.0,0.0
6.0,Low,HRD2_urban,0.07,0.0,0.0,0.0,0.0,0.0,0.0,0.0
6.0,Low,HRD2_urban,0.08,0.0,0.0,0.0,0.0,0.0,0.0,0.0
6.0,Low,HRD2_urban,0.09,0.0,0.0,0.0,0.0,0.0,0.0,0.0
6.0,Low,HRD2_urban,0.1,0.0,0.0,0.0,0.0,0.0,0.0,0.0
6.0,Low,HRD2_urban,0.11,0.0,0.0,0.0,0.0,0.0,0.0,0.0
6.0,Low,HRD2_urban,0.12,0.0,0.0,0.0,0.0,0.0,0.0,0.0
6.0,Low,HRD2_urban,0.13,0.0,0.0,0.0,0.0,0.0,0.0,0.0
6.0,Low,HRD2_urban,0.14,0.0,0.0,0.0,0.0,0.0,0.0,0.0
6.0,Low,HRD2_urban,0.15,0.0,0.0,0.0,0.0,0.0,0.0,0.0
6.0,Low,HRD2_urban,0.16,0.0,0.0,0.0,0.0,0.0,0.0,0.0
6.0,Low,HRD2_urban,0.17,0.0,0.0,0.0,0.0,0.0,0.0,0.0
6.0,Low,HRD2_urban,0.18,0.0,0.0,0.0,0.0,0.0,0.0,0.0
6.0,Low,HRD2_urban,0.19,0.0,0.0,0.0,0.0,0.0,0.0,0.0
6.0,Low,HRD2_urban,0.2,0.0,0.0,0.0,0.0,0.0,0.0,0.0
6.0,Low,HRD2_urban,0.21,0.0,1.0,0.0,0.0,0.0,0.0,0.0
6.0,Low,HRD2_urban,0.22,0.001669,1.0,8e-06,0.0,0.0,0.0,1.63
6.0,Low,HRD2_urban,0.23,0.003717,1.0,1.9e-05,1e-06,0.0,1e-06,3.62
6.0,Low,HRD2_urban,0.24,0.005764,1.0,2.9e-05,1e-06,0.0,2e-06,5.62
6.0,Low,HRD2_urban,0.25,0.007812,1.0,3.9e-05,1e-06,0.0,2e-06,7.61
6.0,Low,HRD2_urban,0.26,0.009859,1.15,8.6e-05,4e-06,0.0,5e-06,17.13
6.0,Low,HRD2_urban,0.27,0.011907,1.38,0.000201,1.2e-05,0.0,1.3e-05,41.91
6.0,Low,HRD2_urban,0.28,0.013955,1.61,0.000391,2.8e-05,1e-06,2.6e-05,85.69
6.0,Low,HRD2_urban,0.29,0.016002,1.84,0.000671,5.7e-05,2e-06,4.6e-05,154.6
6.0,Low,HRD2_urban,0.3,0.01805,2.07,0.00105,0.000105,4e-06,7.6e-05,254.62
6.0,Low,HRD2_urban,0.31,0.020098,2.3,0.001532,0.000176,8e-06,0.000117,391.4
6.0,Low,HRD2_urban,0.32,0.022145,2.53,0.002117,0.000275,1.4e-05,0.000171,570.18
6.0,Low,HRD2_urban,0.33,0.024193,2.76,0.002801,0.000408,2.4e-05,0.000239,795.76
6.0,Low,HRD2_urban,0.34,0.02624,2.99,0.003577,0.00058,3.8e-05,0.000322,1072.52
6.0,Low,HRD2_urban,0.35,0.028288,3.22,0.004438,0.000793,5.8e-05,0.000421,1404.44
6.0,Low,HRD2_urban,0.36,0.030336,3.45,0.005373,0.001052,8.5e-05,0.000538,1795.1
6.0,Low,HRD2_urban,0.37,0.032383,3.68,0.006374,0.001359,0.00012,0.000674,2247.74
6.0,Low,HRD2_urban,0.38,0.034431,3.91,0.007429,0.001715,0.000164,0.000829,2765.29
6.0,Low,HRD2_urban,0.39,0.036479,4.14,0.008529,0.002123,0.00022,0.001005,3350.35
6.0,Low,HRD2_urban,0.4,0.036762,4.37,0.009221,0.002464,0.000275,0.001146,3821.82
6.0,Low,HRD2_urban,0.41,0.036762,4.6,0.009806,0.002803,0.000336,0.001286,4287.49
6.0,Low,HRD2_urban,0.42,0.036762,4.83,0.01035,0.003154,0.000404,0.001431,4772.04
6.0,Low,HRD2_urban,0.43,0.036762,5.175,0.011085,0.003697,0.000522,0.001659,5531.51
6.0,Low,HRD2_urban,0.44,0.036762,5.52,0.011725,0.004256,0.000657,0.001898,6326.56
6.0,Low,HRD2_urban,0.45,0.036762,5.865,0.012272,0.004822,0.000811,0.002146,7153.43
6.0,Low,HRD2_urban,0.46,0.036762,6.21,0.012729,0.00539,0.000982,0.002402,8008.6
6.0,Low,HRD2_urban,0.47,0.036762,6.555,0.013103,0.005954,0.001171,0.002666,8888.79
6.0,Low,HRD2_urban,0.48,0.036762,6.9,0.0134,0.006512,0.001378,0.002937,9790.94
6.0,Low,HRD2_urban,0.49,0.036762,7.245,0.013627,0.007057,0.0016,0.003213,10712.2
6.0,Low,HRD2_urban,0.5,0.036762,7.59,0.013788,0.007588,0.001839,0.003494,11649.91
6.0,Low,HRD2_urban,0.51,0.036762,7.935,0.013891,0.008101,0.002093,0.00378,12601.59
6.0,Low,HRD2_urban,0.52,0.036762,8.28,0.013942,0.008595,0.002361,0.004069,13564.92
6.0,Low,HRD2_urban,0.53,0.036762,8.625,0.013947,0.009068,0.002642,0.00436,14537.76
6.0,Low,HRD2_urban,0.54,0.036762,8.97,0.01391,0.009519,0.002936,0.004655,15518.11
6.0,Low,HRD2_urban,0.55,0.036762,9.315,0.013836,0.009946,0.003242,0.00495,16504.12
6.0,Low,HRD2_urban,0.56,0.036762,9.66,0.013731,0.01035,0.003558,0.005247,17494.06
6.0,Low,HRD2_urban,0.57,0.036762,10.005,0.013599,0.01073,0.003884,0.005545,18486.34
6.0,Low,HRD2_urban,0.58,0.036762,10.35,0.013442,0.011085,0.004219,0.005843,19479.5
6.0,Low,HRD2_urban,0.59,0.036762,10.695,0.013265,0.011417,0.004563,0.00614,20472.18
6.0,Low,HRD2_urban,0.6,0.036762,11.04,0.013071,0.011725,0.004913,0.006438,21463.12
6.0,Low,HRD2_urban,0.61,0.036762,11.385,0.012862,0.01201,0.00527,0.006734,22451.18
6.0,Low,HRD2_urban,0.62,0.036762,11.73,0.012641,0.012272,0.005633,0.007029,23435.3
6.0,Low,HRD2_urban,0.63,0.036762,12.075,0.01241,0.012511,0.006,0.007323,24414.53
6.0,Low,HRD2_urban,0.64,0.036762,13.4167,0.011452,0.013245,0.007464,0.008447,28160.71
6.0,Low,HRD2_urban,0.65,0.036762,14.7583,0.010459,0.013697,0.008957,0.009532,31779.6
6.0,Low,HRD2_urban,0.66,0.036762,16.1,0.009486,0.013914,0.010449,0.010571,35243.91
6.0,Low,HRD2_urban,0.67,0.036762,17.4417,0.008562,0.01394,0.011918,0.011559,38537.07
6.0,Low,HRD2_urban,0.68,0.036762,18.7833,0.007703,0.013816,0.013349,0.012493,41650.45
6.0,Low,HRD2_urban,0.69,0.036762,20.125,0.006916,0.013574,0.01473,0.013372,44581.33
6.0,Low,HRD2_urban,0.7,0.036762,21.4667,0.006203,0.013244,0.016054,0.014197,47331.16
6.0,Low,HRD2_urban,0.71,0.036762,22.8083,0.00556,0.01285,0.017315,0.014968,49904.38
6.0,Low,HRD2_urban,0.72,0.036762,24.15,0.004983,0.01241,0.018511,0.015689,52307.4
6.0,Low,HRD2_urban,0.73,0.036762,25.4917,0.004466,0.01194,0.019643,0.016361,54547.95
6.0,Low,HRD2_urban,0.74,0.036762,26.8333,0.004006,0.011452,0.020709,0.016987,56634.5
6.0,Low,HRD2_urban,0.75,0.036762,28.175,0.003595,0.010956,0.021712,0.017569,58575.87
6.0,Low,HRD2_urban,0.76,0.036762,29.5167,0.003229,0.010459,0.022653,0.018111,60380.99
6.0,Low,HRD2_urban,0.77,0.036762,30.8583,0.002903,0.009968,0.023536,0.018614,62058.68
6.0,Low,HRD2_urban,0.78,0.036762,32.2,0.002613,0.009486,0.024362,0.019081,63617.5
6.0,Low,HRD2_urban,0.79,0.036762,33.5417,0.002354,0.009016,0.025136,0.019516,65065.66
6.0,Low,HRD2_urban,0.8,0.036762,34.8833,0.002123,0.008562,0.025858,0.019919,66411.0
6.0,Low,HRD2_urban,0.81,0.036762,36.225,0.001917,0.008123,0.026534,0.020294,67660.91
6.0,Low,HRD2_urban,0.82,0.036762,37.5667,0.001733,0.007703,0.027165,0.020643,68822.34
6.0,Low,HRD2_urban,0.83,0.036762,38.9083,0.001568,0.007301,0.027754,0.020966,69901.78
6.0,Low,HRD2_urban,0.84,0.036762,40.25,0.001421,0.006916,0.028304,0.021267,70905.3
6.0,Low,HRD2_urban,0.85,0.036762,40.25,0.001421,0.006916,0.028304,0.021267,70905.3
6.0,Low,HRD2_urban,0.86,0.036762,40.25,0.001421,0.006916,0.028304,0.021267,70905.3
6.0,Low,HRD2_urban,0.87,0.036762,40.25,0.001421,0.006916,0.028304,0.021267,70905.3
6.0,Low,HRD2_urban,0.88,0.036762,40.25,0.001421,0.006916,0.028304,0.021267,70905.3
6.0,Low,HRD2_urban,0.89,0.036762,40.25,0.001421,0.006916,0.028304,0.021267,70905.3
6.0,Low,HRD2_urban,0.9,0.036762,40.25,0.001421,0.006916,0.028304,0.021267,70905.3
6.0,Low,HRD2_urban,0.91,0.036762,40.25,0.001421,0.006916,0.028304,0.021267,70905.3
6.0,Low,HRD2_urban,0.92,0.036762,40.25,0.001421,0.006916,0.028304,0.021267,70905.3
6.0,Low,HRD2_urban,0.93,0.036762,40.25,0.001421,0.006916,0.028304,0.021267,70905.3
6.0,Low,HRD2_urban,0.94,0.036762,40.25,0.001421,0.006916,0.028304,0.021267,70905.3
6.0,Low,HRD2_urban,0.95,0.036762,40.25,0.001421,0.006916,0.028304,0.021267,70905.3
6.0,Low,HRD2_urban,0.96,0.036762,40.25,0.001421,0.006916,0.028304,0.021267,70905.3
6.0,Low,HRD2_urban,0.97,0.036762,40.25,0.001421,0.006916,0.028304,0.021267,70905.3
6.0,Low,HRD2_urban,0.98,0.036762,40.25,0.001421,0.006916,0.028304,0.021267,70905.3
6.0,Low,HRD2_urban,0.99,0.036762,40.25,0.001421,0.006916,0.028304,0.021267,70905.3
6.0,Low,HRD2_urban,1.0,0.036762,40.25,0.001421,0.006916,0.028304,0.021267,70905.3
6.0,Low,HRD2_urban,1.01,0.036762,40.25,0.001421,0.006916,0.028304,0.021267,70905.3
6.0,Low,HRD2_urban,1.02,0.036762,40.25,0.001421,0.006916,0.028304,0.021267,70905.3
6.0,Low,HRD2_urban,1.03,0.036762,40.25,0.001421,0.006916,0.028304,0.021267,70905.3
6.0,Low,HRD2_urban,1.04,0.036762,40.25,0.001421,0.006916,0.028304,0.021267,70905.3
6.0,Low,HRD2_urban,1.05,0.036762,40.25,0.001421,0.006916,0.028304,0.021267,70905.3
6.0,Low,HRD2_urban,1.06,0.036762,40.25,0.001421,0.006916,0.028304,0.021267,70905.3
6.0,Low,HRD2_urban,1.07,0.036762,40.25,0.001421,0.006916,0.028304,0.021267,70905.3
6.0,Low,HRD2_urban,1.08,0.036762,40.25,0.001421,0.006916,0.028304,0.021267,70905.3
6.0,Low,HRD2_urban,1.09,0.036762,40.25,0.001421,0.006916,0.028304,0.021267,70905.3
6.0,Low,HRD2_urban,1.1,0.036762,40.25,0.001421,0.006916,0.028304,0.021267,70905.3
6.0,Low,HRD2_urban,1.11,0.036762,40.25,0.001421,0.006916,0.028304,0.021267,70905.3
6.0,Low,HRD2_urban,1.12,0.036762,40.25,0.001421,0.006916,0.028304,0.021267,70905.3
6.0,Low,HRD2_urban,1.13,0.036762,40.25,0.001421,0.006916,0.028304,0.021267,70905.3
6.0,Low,HRD2_urban,1.14,0.036762,40.25,0.001421,0.006916,0.028304,0.021267,70905.3
6.0,Low,HRD2_urban,1.15,0.036762,40.25,0.001421,0.006916,0.028304,0.021267,70905.3
6.0,Low,HRD2_urban,1.16,0.036762,40.25,0.001421,0.006916,0.028304,0.021267,70905.3
6.0,Low,HRD2_urban,1.17,0.036762,40.25,0.001421,0.006916,0.028304,0.021267,70905.3
6.0,Low,HRD2_urban,1.18,0.036762,40.25,0.001421,0.006916,0.028304,0.021267,70905.3
6.0,Low,HRD2_urban,1.19,0.036762,40.25,0.001421,0.006916,0.028304,0.021267,70905.3
6.0,Low,HRD2_urban,1.2,0.036762,40.25,0.001421,0.006916,0.028304,0.021267,70905.3
6.0,Low,HRD2_urban,1.21,0.036762,40.25,0.001421,0.006916,0.028304,0.021267,70905.3
6.0,Low,HRD2_urban,1.22,0.036762,40.25,0.001421,0.006916,0.028304,0.021267,70905.3
6.0,Low,HRD2_urban,1.23,0.036762,40.25,0.001421,0.006916,0.028304,0.021267,70905.3
6.0,Low,HRD2_urban,1.24,0.036762,40.25,0.001421,0.006916,0.028304,0.021267,70905.3
6.0,Low,HRD2_urban,1.25,0.036762,40.25,0.001421,0.006916,0.028304,0.021267,70905.3
6.0,Low,HRD2_urban,1.26,0.036762,40.25,0.001421,0.006916,0.028304,0.021267,70905.3
6.0,Low,HRD2_urban,1.27,0.036762,40.25,0.001421,0.006916,0.028304,0.021267,70905.3
6.0,Low,HRD2_urban,1.28,0.036762,40.25,0.001421,0.006916,0.028304,0.021267,70905.3
6.0,Low,HRD2_urban,1.29,0.036762,40.25,0.001421,0.006916,0.028304,0.021267,70905.3
6.0,Low,HRD2_urban,1.3,0.036762,40.25,0.001421,0.006916,0.028304,0.021267,70905.3
6.0,Low,HRD2_urban,1.31,0.036762,40.25,0.001421,0.006916,0.028304,0.021267,70905.3
6.0,Low,HRD2_urban,1.32,0.036762,40.25,0.001421,0.006916,0.028304,0.021267,70905.3
6.0,Low,HRD2_urban,1.33,0.036762,40.25,0.001421,0.006916,0.028304,0.021267,70905.3
6.0,Low,HRD2_urban,1.34,0.036762,40.25,0.001421,0.006916,0.028304,0.021267,70905.3
6.0,Low,HRD2_urban,1.35,0.036762,40.25,0.001421,0.006916,0.028304,0.021267,70905.3
6.0,Low,HRD2_urban,1.36,0.036762,40.25,0.001421,0.006916,0.028304,0.021267,70905.3
6.0,Low,HRD2_urban,1.37,0.036762,40.25,0.001421,0.006916,0.028304,0.021267,70905.3
6.0,Low,HRD2_urban,1.38,0.036762,40.25,0.001421,0.006916,0.028304,0.021267,70905.3
6.0,Low,HRD2_urban,1.39,0.036762,40.25,0.001421,0.006916,0.028304,0.021267,70905.3
6.0,Low,HRD2_urban,1.4,0.036762,40.25,0.001421,0.006916,0.028304,0.021267,70905.3
6.0,Low,HRD2_urban,1.41,0.036762,40.25,0.001421,0.006916,0.028304,0.021267,70905.3
6.0,Low,HRD2_urban,1.42,0.036762,40.25,0.001421,0.006916,0.028304,0.021267,70905.3
6.0,Low,HRD2_urban,1.43,0.036762,40.25,0.001421,0.006916,0.028304,0.021267,70905.3
6.0,Low,HRD2_urban,1.44,0.036762,40.25,0.001421,0.006916,0.028304,0.021267,70905.3
6.0,Low,HRD2_urban,1.45,0.036762,40.25,0.001421,0.006916,0.028304,0.021267,70905.3
6.0,Low,HRD2_urban,1.46,0.036762,40.25,0.001421,0.006916,0.028304,0.021267,70905.3
6.0,Low,HRD2_urban,1.47,0.036762,40.25,0.001421,0.006916,0.028304,0.021267,70905.3
6.0,Low,HRD2_urban,1.48,0.036762,40.25,0.001421,0.006916,0.028304,0.021267,70905.3
6.0,Low,HRD2_urban,1.49,0.036762,40.25,0.001421,0.006916,0.028304,0.021267,70905.3
6.0,Low,HRD2_urban,1.5,0.036762,40.25,0.001421,0.006916,0.028304,0.021267,70905.3
6.0,VeryLow,HRD1_major,0.0,0.0,0.0,0.0,0.0,0.0,0.0,0.0
6.0,VeryLow,HRD1_major,0.01,0.0,0.0,0.0,0.0,0.0,0.0,0.0
6.0,VeryLow,HRD1_major,0.02,0.0,0.0,0.0,0.0,0.0,0.0,0.0
6.0,VeryLow,HRD1_major,0.03,0.0,0.0,0.0,0.0,0.0,0.0,0.0
6.0,VeryLow,HRD1_major,0.04,0.0,0.0,0.0,0.0,0.0,0.0,0.0
6.0,VeryLow,HRD1_major,0.05,0.0,0.0,0.0,0.0,0.0,0.0,0.0
6.0,VeryLow,HRD1_major,0.06,0.0,0.0,0.0,0.0,0.0,0.0,0.0
6.0,VeryLow,HRD1_major,0.07,0.0,0.0,0.0,0.0,0.0,0.0,0.0
6.0,VeryLow,HRD1_major,0.08,0.0,0.0,0.0,0.0,0.0,0.0,0.0
6.0,VeryLow,HRD1_major,0.09,0.0,0.0,0.0,0.0,0.0,0.0,0.0
6.0,VeryLow,HRD1_major,0.1,0.0,0.0,0.0,0.0,0.0,0.0,0.0
6.0,VeryLow,HRD1_major,0.11,0.0,0.0,0.0,0.0,0.0,0.0,0.0
6.0,VeryLow,HRD1_major,0.12,0.0,0.0,0.0,0.0,0.0,0.0,0.0
6.0,VeryLow,HRD1_major,0.13,0.0,0.0,0.0,0.0,0.0,0.0,0.0
6.0,VeryLow,HRD1_major,0.14,0.0,0.0,0.0,0.0,0.0,0.0,0.0
6.0,VeryLow,HRD1_major,0.15,0.0,0.0,0.0,0.0,0.0,0.0,0.0
6.0,VeryLow,HRD1_major,0.16,0.0,0.0,0.0,0.0,0.0,0.0,0.0
6.0,VeryLow,HRD1_major,0.17,0.0,0.0,0.0,0.0,0.0,0.0,0.0
6.0,VeryLow,HRD1_major,0.18,0.0,0.0,0.0,0.0,0.0,0.0,0.0
6.0,VeryLow,HRD1_major,0.19,0.0,0.0,0.0,0.0,0.0,0.0,0.0
6.0,VeryLow,HRD1_major,0.2,0.0,0.0,0.0,0.0,0.0,0.0,0.0
6.0,VeryLow,HRD1_major,0.21,0.0,0.0,0.0,0.0,0.0,0.0,0.0
6.0,VeryLow,HRD1_major,0.22,0.0,0.0,0.0,0.0,0.0,0.0,0.0
6.0,VeryLow,HRD1_major,0.23,0.0,0.0,0.0,0.0,0.0,0.0,0.0
6.0,VeryLow,HRD1_major,0.24,0.0,0.0,0.0,0.0,0.0,0.0,0.0
6.0,VeryLow,HRD1_major,0.25,0.0,0.0,0.0,0.0,0.0,0.0,0.0
6.0,VeryLow,HRD1_major,0.26,2.4e-05,0.0,0.0,0.0,0.0,0.0,0.0
6.0,VeryLow,HRD1_major,0.27,0.000635,0.1858,0.0,0.0,0.0,0.0,0.0
6.0,VeryLow,HRD1_major,0.28,0.001247,0.3715,0.0,0.0,0.0,0.0,0.0
6.0,VeryLow,HRD1_major,0.29,0.001859,0.5573,0.0,0.0,0.0,0.0,0.0
6.0,VeryLow,HRD1_major,0.3,0.00247,0.7431,0.0,0.0,0.0,0.0,0.03
6.0,VeryLow,HRD1_major,0.31,0.003082,0.9288,0.0,0.0,0.0,0.0,0.14
6.0,VeryLow,HRD1_major,0.32,0.003694,1.1146,1e-06,0.0,0.0,0.0,0.44
6.0,VeryLow,HRD1_major,0.33,0.004306,1.3004,3e-06,0.0,0.0,0.0,1.14
6.0,VeryLow,HRD1_major,0.34,0.004917,1.4862,7e-06,0.0,0.0,0.0,2.51
6.0,VeryLow,HRD1_major,0.35,0.005529,1.6719,1.3e-05,0.0,0.0,1e-06,4.88
6.0,VeryLow,HRD1_major,0.36,0.006141,1.8577,2.3e-05,1e-06,0.0,1e-06,8.67
6.0,VeryLow,HRD1_major,0.37,0.006752,2.0435,3.7e-05,1e-06,0.0,2e-06,14.36
6.0,VeryLow,HRD1_major,0.38,0.007364,2.2292,5.7e-05,3e-06,0.0,3e-06,22.43
6.0,VeryLow,HRD1_major,0.39,0.007976,2.415,8.4e-05,4e-06,0.0,5e-06,33.45
6.0,VeryLow,HRD1_major,0.4,0.008588,2.6008,0.000118,6e-06,0.0,7e-06,47.96
6.0,VeryLow,HRD1_major,0.41,0.009199,2.7865,0.00016,1e-05,0.0,1e-05,66.55
6.0,VeryLow,HRD1_major,0.42,0.009811,2.9723,0.000213,1.4e-05,0.0,1.3e-05,89.79
6.0,VeryLow,HRD1_major,0.43,0.010423,3.1581,0.000275,1.9e-05,0.0,1.8e-05,118.26
6.0,VeryLow,HRD1_major,0.44,0.011034,3.3438,0.000348,2.7e-05,0.0,2.3e-05,152.52
6.0,VeryLow,HRD1_major,0.45,0.011646,3.5296,0.000432,3.6e-05,0.0,2.9e-05,193.12
6.0,VeryLow,HRD1_major,0.46,0.012258,3.7154,0.000529,4.7e-05,0.0,3.6e-05,240.61
6.0,VeryLow,HRD1_major,0.47,0.01287,3.9012,0.000637,6e-05,1e-06,4.4e-05,295.5
6.0,VeryLow,HRD1_major,0.48,0.013481,4.0869,0.000758,7.6e-05,1e-06,5.4e-05,358.29
6.0,VeryLow,HRD1_major,0.49,0.014093,4.2727,0.000891,9.5e-05,1e-06,6.4e-05,429.47
6.0,VeryLow,HRD1_major,0.5,0.014705,4.4585,0.001037,0.000118,2e-06,7.6e-05,509.48
6.0,VeryLow,HRD1_major,0.51,0.014705,4.6442,0.001148,0.000138,2e-06,8.6e-05,574.85
6.0,VeryLow,HRD1_major,0.52,0.014705,4.83,0.001261,0.000159,2e-06,9.7e-05,644.13
6.0,VeryLow,HRD1_major,0.53,0.014705,5.1087,0.001437,0.000196,3e-06,0.000113,755.21
6.0,VeryLow,HRD1_major,0.54,0.014705,5.3873,0.001616,0.000237,4e-06,0.000131,874.59
6.0,VeryLow,HRD1_major,0.55,0.014705,5.666,0.001798,0.000283,6e-06,0.00015,1001.92
6.0,VeryLow,HRD1_major,0.56,0.014705,5.9446,0.001981,0.000333,7e-06,0.00017,1136.85
6.0,VeryLow,HRD1_major,0.57,0.014705,6.2233,0.002165,0.000387,9e-06,0.000192,1279.04
6.0,VeryLow,HRD1_major,0.58,0.014705,6.5019,0.002347,0.000445,1.1e-05,0.000214,1428.13
6.0,VeryLow,HRD1_major,0.59,0.014705,6.7806,0.002528,0.000508,1.4e-05,0.000238,1583.76
6.0,VeryLow,HRD1_major,0.6,0.014705,7.0592,0.002706,0.000575,1.6e-05,0.000262,1745.61
6.0,VeryLow,HRD1_major,0.61,0.014705,7.3379,0.002881,0.000646,2e-05,0.000287,1913.34
6.0,VeryLow,HRD1_major,0.62,0.014705,7.6165,0.003051,0.00072,2.3e-05,0.000313,2086.65
6.0,VeryLow,HRD1_major,0.63,0.014705,7.8952,0.003217,0.000797,2.8e-05,0.00034,2265.21
6.0,VeryLow,HRD1_major,0.64,0.014705,8.1738,0.003378,0.000878,3.2e-05,0.000367,2448.75
6.0,VeryLow,HRD1_major,0.65,0.014705,8.4525,0.003534,0.000962,3.8e-05,0.000395,2636.99
6.0,VeryLow,HRD1_major,0.66,0.014705,8.7312,0.003684,0.001049,4.3e-05,0.000424,2829.66
6.0,VeryLow,HRD1_major,0.67,0.014705,9.0098,0.003828,0.001139,5e-05,0.000454,3026.51
6.0,VeryLow,HRD1_major,0.68,0.014705,9.2885,0.003966,0.001231,5.7e-05,0.000484,3227.31
6.0,VeryLow,HRD1_major,0.69,0.014705,9.5671,0.004097,0.001325,6.4e-05,0.000515,3431.83
6.0,VeryLow,HRD1_major,0.7,0.014705,9.8458,0.004223,0.001421,7.2e-05,0.000546,3639.87
6.0,VeryLow,HRD1_major,0.71,0.014705,10.1244,0.004342,0.001519,8.1e-05,0.000578,3851.21
6.0,VeryLow,HRD1_major,0.72,0.014705,10.4031,0.004455,0.001618,9e-05,0.00061,4065.68
6.0,VeryLow,HRD1_major,0.73,0.014705,10.6817,0.004562,0.001719,0.000101,0.000642,4283.08
6.0,VeryLow,HRD1_major,0.74,0.014705,10.9604,0.004662,0.001821,0.000111,0.000675,4503.26
6.0,VeryLow,HRD1_major,0.75,0.014705,11.239,0.004757,0.001924,0.000123,0.000709,4726.05
6.0,VeryLow,HRD1_major,0.76,0.014705,11.5177,0.004845,0.002028,0.000135,0.000743,4951.31
6.0,VeryLow,HRD1_major,0.77,0.014705,11.7963,0.004928,0.002133,0.000148,0.000777,5178.88
6.0,VeryLow,HRD1_major,0.78,0.014705,12.075,0.005004,0.002238,0.000162,0.000811,5408.64
6.0,VeryLow,HRD1_major,0.79,0.014705,13.1587,0.005251,0.00265,0.000222,0.000948,6320.6
6.0,VeryLow,HRD1_major,0.8,0.014705,14.2423,0.005421,0.003059,0.000294,0.001088,7257.18
6.0,VeryLow,HRD1_major,0.81,0.014705,15.326,0.005526,0.003459,0.000377,0.001232,8212.96
6.0,VeryLow,HRD1_major,0.82,0.014705,16.4096,0.005574,0.003846,0.000471,0.001377,9183.49
6.0,VeryLow,HRD1_major,0.83,0.014705,17.4933,0.005575,0.004214,0.000576,0.001524,10165.01
6.0,VeryLow,HRD1_major,0.84,0.014705,18.5769,0.005537,0.004562,0.000691,0.001673,11154.34
6.0,VeryLow,HRD1_major,0.85,0.014705,19.6606,0.005468,0.004887,0.000816,0.001822,12148.73
6.0,VeryLow,HRD1_major,0.86,0.014705,20.7442,0.005373,0.005189,0.00095,0.001971,13145.79
6.0,VeryLow,HRD1_major,0.87,0.014705,21.8279,0.005257,0.005467,0.001093,0.002121,14143.41
6.0,VeryLow,HRD1_major,0.88,0.014705,22.9115,0.005127,0.005721,0.001243,0.002271,15139.73
6.0,VeryLow,HRD1_major,0.89,0.014705,23.9952,0.004985,0.00595,0.0014,0.002419,16133.08
6.0,VeryLow,HRD1_major,0.9,0.014705,25.0788,0.004835,0.006157,0.001564,0.002568,17121.98
6.0,VeryLow,HRD1_major,0.91,0.014705,26.1625,0.004679,0.00634,0.001733,0.002715,18105.09
6.0,VeryLow,HRD1_major,0.92,0.014705,27.2462,0.00452,0.006502,0.001907,0.002862,19081.21
6.0,VeryLow,HRD1_major,0.93,0.014705,28.3298,0.004359,0.006644,0.002086,0.003007,20049.27
6.0,VeryLow,HRD1_major,0.94,0.014705,29.4135,0.004199,0.006765,0.002268,0.003151,21008.31
6.0,VeryLow,HRD1_major,0.95,0.014705,30.4971,0.00404,0.006868,0.002453,0.003293,21957.47
6.0,VeryLow,HRD1_major,0.96,0.014705,31.5808,0.003883,0.006954,0.002641,0.003434,22895.98
6.0,VeryLow,HRD1_major,0.97,0.014705,32.6644,0.003729,0.007023,0.002831,0.003573,23823.17
6.0,VeryLow,HRD1_major,0.98,0.014705,33.7481,0.003578,0.007078,0.003022,0.00371,24738.45
6.0,VeryLow,HRD1_major,0.99,0.014705,34.8317,0.003431,0.007118,0.003215,0.003845,25641.28
6.0,VeryLow,HRD1_major,1.0,0.014705,35.9154,0.003289,0.007145,0.003408,0.003979,26531.23
6.0,VeryLow,HRD1_major,1.01,0.014705,36.999,0.003151,0.00716,0.003601,0.00411,27407.9
6.0,VeryLow,HRD1_major,1.02,0.014705,38.0827,0.003018,0.007164,0.003794,0.00424,28270.97
6.0,VeryLow,HRD1_major,1.03,0.014705,39.1663,0.00289,0.007158,0.003987,0.004367,29120.17
6.0,VeryLow,HRD1_major,1.04,0.014705,40.25,0.002767,0.007142,0.004179,0.004492,29955.28
6.0,VeryLow,HRD1_major,1.05,0.014705,40.25,0.002767,0.007142,0.004179,0.004492,29955.28
6.0,VeryLow,HRD1_major,1.06,0.014705,40.25,0.002767,0.007142,0.004179,0.004492,29955.28
6.0,VeryLow,HRD1_major,1.07,0.014705,40.25,0.002767,0.007142,0.004179,0.004492,29955.28
6.0,VeryLow,HRD1_major,1.08,0.014705,40.25,0.002767,0.007142,0.004179,0.004492,29955.28
6.0,VeryLow,HRD1_major,1.09,0.014705,40.25,0.002767,0.007142,0.004179,0.004492,29955.28
6.0,VeryLow,HRD1_major,1.1,0.014705,40.25,0.002767,0.007142,0.004179,0.004492,29955.28
6.0,VeryLow,HRD1_major,1.11,0.014705,40.25,0.002767,0.007142,0.004179,0.004492,29955.28
6.0,VeryLow,HRD1_major,1.12,0.014705,40.25,0.002767,0.007142,0.004179,0.004492,29955.28
6.0,VeryLow,HRD1_major,1.13,0.014705,40.25,0.002767,0.007142,0.004179,0.004492,29955.28
6.0,VeryLow,HRD1_major,1.14,0.014705,40.25,0.002767,0.007142,0.004179,0.004492,29955.28
6.0,VeryLow,HRD1_major,1.15,0.014705,40.25,0.002767,0.007142,0.004179,0.004492,29955.28
6.0,VeryLow,HRD1_major,1.16,0.014705,40.25,0.002767,0.007142,0.004179,0.004492,29955.28
6.0,VeryLow,HRD1_major,1.17,0.014705,40.25,0.002767,0.007142,0.004179,0.004492,29955.28
6.0,VeryLow,HRD1_major,1.18,0.014705,40.25,0.002767,0.007142,0.004179,0.004492,29955.28
6.0,VeryLow,HRD1_major,1.19,0.014705,40.25,0.002767,0.007142,0.004179,0.004492,29955.28
6.0,VeryLow,HRD1_major,1.2,0.014705,40.25,0.002767,0.007142,0.004179,0.004492,29955.28
6.0,VeryLow,HRD1_major,1.21,0.014705,40.25,0.002767,0.007142,0.004179,0.004492,29955.28
6.0,VeryLow,HRD1_major,1.22,0.014705,40.25,0.002767,0.007142,0.004179,0.004492,29955.28
6.0,VeryLow,HRD1_major,1.23,0.014705,40.25,0.002767,0.007142,0.004179,0.004492,29955.28
6.0,VeryLow,HRD1_major,1.24,0.014705,40.25,0.002767,0.007142,0.004179,0.004492,29955.28
6.0,VeryLow,HRD1_major,1.25,0.014705,40.25,0.002767,0.007142,0.004179,0.004492,29955.28
6.0,VeryLow,HRD1_major,1.26,0.014705,40.25,0.002767,0.007142,0.004179,0.004492,29955.28
6.0,VeryLow,HRD1_major,1.27,0.014705,40.25,0.002767,0.007142,0.004179,0.004492,29955.28
6.0,VeryLow,HRD1_major,1.28,0.014705,40.25,0.002767,0.007142,0.004179,0.004492,29955.28
6.0,VeryLow,HRD1_major,1.29,0.014705,40.25,0.002767,0.007142,0.004179,0.004492,29955.28
6.0,VeryLow,HRD1_major,1.3,0.014705,40.25,0.002767,0.007142,0.004179,0.004492,29955.28
6.0,VeryLow,HRD1_major,1.31,0.014705,40.25,0.002767,0.007142,0.004179,0.004492,29955.28
6.0,VeryLow,HRD1_major,1.32,0.014705,40.25,0.002767,0.007142,0.004179,0.004492,29955.28
6.0,VeryLow,HRD1_major,1.33,0.014705,40.25,0.002767,0.007142,0.004179,0.004492,29955.28
6.0,VeryLow,HRD1_major,1.34,0.014705,40.25,0.002767,0.007142,0.004179,0.004492,29955.28
6.0,VeryLow,HRD1_major,1.35,0.014705,40.25,0.002767,0.007142,0.004179,0.004492,29955.28
6.0,VeryLow,HRD1_major,1.36,0.014705,40.25,0.002767,0.007142,0.004179,0.004492,29955.28
6.0,VeryLow,HRD1_major,1.37,0.014705,40.25,0.002767,0.007142,0.004179,0.004492,29955.28
6.0,VeryLow,HRD1_major,1.38,0.014705,40.25,0.002767,0.007142,0.004179,0.004492,29955.28
6.0,VeryLow,HRD1_major,1.39,0.014705,40.25,0.002767,0.007142,0.004179,0.004492,29955.28
6.0,VeryLow,HRD1_major,1.4,0.014705,40.25,0.002767,0.007142,0.004179,0.004492,29955.28
6.0,VeryLow,HRD1_major,1.41,0.014705,40.25,0.002767,0.007142,0.004179,0.004492,29955.28
6.0,VeryLow,HRD1_major,1.42,0.014705,40.25,0.002767,0.007142,0.004179,0.004492,29955.28
6.0,VeryLow,HRD1_major,1.43,0.014705,40.25,0.002767,0.007142,0.004179,0.004492,29955.28
6.0,VeryLow,HRD1_major,1.44,0.014705,40.25,0.002767,0.007142,0.004179,0.004492,29955.28
6.0,VeryLow,HRD1_major,1.45,0.014705,40.25,0.002767,0.007142,0.004179,0.004492,29955.28
6.0,VeryLow,HRD1_major,1.46,0.014705,40.25,0.002767,0.007142,0.004179,0.004492,29955.28
6.0,VeryLow,HRD1_major,1.47,0.014705,40.25,0.002767,0.007142,0.004179,0.004492,29955.28
6.0,VeryLow,HRD1_major,1.48,0.014705,40.25,0.002767,0.007142,0.004179,0.004492,29955.28
6.0,VeryLow,HRD1_major,1.49,0.014705,40.25,0.002767,0.007142,0.004179,0.004492,29955.28
6.0,VeryLow,HRD1_major,1.5,0.014705,40.25,0.002767,0.007142,0.004179,0.004492,29955.28
6.0,VeryLow,HRD2_urban,0.0,0.0,0.0,0.0,0.0,0.0,0.0,0.0
6.0,VeryLow,HRD2_urban,0.01,0.0,0.0,0.0,0.0,0.0,0.0,0.0
6.0,VeryLow,HRD2_urban,0.02,0.0,0.0,0.0,0.0,0.0,0.0,0.0
6.0,VeryLow,HRD2_urban,0.03,0.0,0.0,0.0,0.0,0.0,0.0,0.0
6.0,VeryLow,HRD2_urban,0.04,0.0,0.0,0.0,0.0,0.0,0.0,0.0
6.0,VeryLow,HRD2_urban,0.05,0.0,0.0,0.0,0.0,0.0,0.0,0.0
6.0,VeryLow,HRD2_urban,0.06,0.0,0.0,0.0,0.0,0.0,0.0,0.0
6.0,VeryLow,HRD2_urban,0.07,0.0,0.0,0.0,0.0,0.0,0.0,0.0
6.0,VeryLow,HRD2_urban,0.08,0.0,0.0,0.0,0.0,0.0,0.0,0.0
6.0,VeryLow,HRD2_urban,0.09,0.0,0.0,0.0,0.0,0.0,0.0,0.0
6.0,VeryLow,HRD2_urban,0.1,0.0,0.0,0.0,0.0,0.0,0.0,0.0
6.0,VeryLow,HRD2_urban,0.11,0.0,0.0,0.0,0.0,0.0,0.0,0.0
6.0,VeryLow,HRD2_urban,0.12,0.0,0.0,0.0,0.0,0.0,0.0,0.0
6.0,VeryLow,HRD2_urban,0.13,0.0,0.0,0.0,0.0,0.0,0.0,0.0
6.0,VeryLow,HRD2_urban,0.14,0.0,0.0,0.0,0.0,0.0,0.0,0.0
6.0,VeryLow,HRD2_urban,0.15,0.0,0.0,0.0,0.0,0.0,0.0,0.0
6.0,VeryLow,HRD2_urban,0.16,0.0,0.0,0.0,0.0,0.0,0.0,0.0
6.0,VeryLow,HRD2_urban,0.17,0.0,0.0,0.0,0.0,0.0,0.0,0.0
6.0,VeryLow,HRD2_urban,0.18,0.0,0.0,0.0,0.0,0.0,0.0,0.0
6.0,VeryLow,HRD2_urban,0.19,0.0,0.0,0.0,0.0,0.0,0.0,0.0
6.0,VeryLow,HRD2_urban,0.2,0.0,0.0,0.0,0.0,0.0,0.0,0.0
6.0,VeryLow,HRD2_urban,0.21,0.0,0.0,0.0,0.0,0.0,0.0,0.0
6.0,VeryLow,HRD2_urban,0.22,0.0,0.0,0.0,0.0,0.0,0.0,0.0
6.0,VeryLow,HRD2_urban,0.23,0.0,0.0,0.0,0.0,0.0,0.0,0.0
6.0,VeryLow,HRD2_urban,0.24,0.0,0.0,0.0,0.0,0.0,0.0,0.0
6.0,VeryLow,HRD2_urban,0.25,0.0,0.0,0.0,0.0,0.0,0.0,0.0
6.0,VeryLow,HRD2_urban,0.26,2.4e-05,0.0,0.0,0.0,0.0,0.0,0.0
6.0,VeryLow,HRD2_urban,0.27,0.000635,0.1858,0.0,0.0,0.0,0.0,0.0
6.0,VeryLow,HRD2_urban,0.28,0.001247,0.3715,0.0,0.0,0.0,0.0,0.01
6.0,VeryLow,HRD2_urban,0.29,0.001859,0.5573,1e-06,0.0,0.0,0.0,0.11
6.0,VeryLow,HRD2_urban,0.3,0.00247,0.7431,3e-06,0.0,0.0,0.0,0.63
6.0,VeryLow,HRD2_urban,0.31,0.003082,0.9288,1.1e-05,0.0,0.0,1e-06,2.18
6.0,VeryLow,HRD2_urban,0.32,0.003694,1.1146,2.9e-05,1e-06,0.0,2e-06,5.65
6.0,VeryLow,HRD2_urban,0.33,0.004306,1.3004,5.9e-05,3e-06,0.0,4e-06,12.11
6.0,VeryLow,HRD2_urban,0.34,0.004917,1.4862,0.000107,7e-06,0.0,7e-06,22.72
6.0,VeryLow,HRD2_urban,0.35,0.005529,1.6719,0.000174,1.3e-05,0.0,1.2e-05,38.69
6.0,VeryLow,HRD2_urban,0.36,0.006141,1.8577,0.000265,2.3e-05,1e-06,1.8e-05,61.22
6.0,VeryLow,HRD2_urban,0.37,0.006752,2.0435,0.00038,3.7e-05,1e-06,2.7e-05,91.47
6.0,VeryLow,HRD2_urban,0.38,0.007364,2.2292,0.000519,5.7e-05,3e-06,3.9e-05,130.53
6.0,VeryLow,HRD2_urban,0.39,0.007976,2.415,0.000684,8.4e-05,4e-06,5.4e-05,179.46
6.0,VeryLow,HRD2_urban,0.4,0.008588,2.6008,0.000874,0.000118,6e-06,7.2e-05,239.2
6.0,VeryLow,HRD2_urban,0.41,0.009199,2.7865,0.001087,0.00016,1e-05,9.3e-05,310.67
6.0,VeryLow,HRD2_urban,0.42,0.009811,2.9723,0.001322,0.000213,1.4e-05,0.000118,394.7
6.0,VeryLow,HRD2_urban,0.43,0.010423,3.1581,0.001578,0.000275,2e-05,0.000148,492.05
6.0,VeryLow,HRD2_urban,0.44,0.011034,3.3438,0.001852,0.000348,2.7e-05,0.000181,603.43
6.0,VeryLow,HRD2_urban,0.45,0.011646,3.5296,0.002143,0.000432,3.6e-05,0.000219,729.51
6.0,VeryLow,HRD2_urban,0.46,0.012258,3.7154,0.002449,0.000529,4.7e-05,0.000261,870.86
6.0,VeryLow,HRD2_urban,0.47,0.01287,3.9012,0.002768,0.000637,6.1e-05,0.000308,1028.05
6.0,VeryLow,HRD2_urban,0.48,0.013481,4.0869,0.003097,0.000758,7.7e-05,0.00036,1201.58
6.0,VeryLow,HRD2_urban,0.49,0.014093,4.2727,0.003435,0.000891,9.6e-05,0.000417,1391.91
6.0,VeryLow,HRD2_urban,0.5,0.014705,4.4585,0.00378,0.001037,0.000119,0.00048,1599.44
6.0,VeryLow,HRD2_urban,0.51,0.014705,4.6442,0.003966,0.001148,0.000139,0.000525,1751.7
6.0,VeryLow,HRD2_urban,0.52,0.014705,4.83,0.00414,0.001261,0.000162,0.000573,1908.82
6.0,VeryLow,HRD2_urban,0.53,0.014705,5.1087,0.004381,0.001437,0.000199,0.000646,2153.03
6.0,VeryLow,HRD2_urban,0.54,0.014705,5.3873,0.004596,0.001616,0.000241,0.000722,2406.72
6.0,VeryLow,HRD2_urban,0.55,0.014705,5.666,0.004787,0.001798,0.000288,0.000801,2669.09
6.0,VeryLow,HRD2_urban,0.56,0.014705,5.9446,0.004954,0.001981,0.00034,0.000882,2939.36
6.0,VeryLow,HRD2_urban,0.57,0.014705,6.2233,0.005098,0.002165,0.000396,0.000965,3216.81
6.0,VeryLow,HRD2_urban,0.58,0.014705,6.5019,0.00522,0.002347,0.000457,0.00105,3500.75
6.0,VeryLow,HRD2_urban,0.59,0.014705,6.7806,0.005322,0.002528,0.000522,0.001137,3790.54
6.0,VeryLow,HRD2_urban,0.6,0.014705,7.0592,0.005405,0.002706,0.000591,0.001225,4085.57
6.0,VeryLow,HRD2_urban,0.61,0.014705,7.3379,0.00547,0.002881,0.000665,0.001315,4385.26
6.0,VeryLow,HRD2_urban,0.62,0.014705,7.6165,0.005519,0.003051,0.000743,0.001406,4689.06
6.0,VeryLow,HRD2_urban,0.63,0.014705,7.8952,0.005553,0.003217,0.000825,0.001499,4996.46
6.0,VeryLow,HRD2_urban,0.64,0.014705,8.1738,0.005573,0.003378,0.000911,0.001592,5306.96
6.0,VeryLow,HRD2_urban,0.65,0.014705,8.4525,0.00558,0.003534,0.001,0.001686,5620.11
6.0,VeryLow,HRD2_urban,0.66,0.014705,8.7312,0.005576,0.003684,0.001093,0.00178,5935.48
6.0,VeryLow,HRD2_urban,0.67,0.014705,9.0098,0.005561,0.003828,0.001188,0.001875,6252.65
6.0,VeryLow,HRD2_urban,0.68,0.014705,9.2885,0.005537,0.003966,0.001287,0.001971,6571.24
6.0,VeryLow,HRD2_urban,0.69,0.014705,9.5671,0.005505,0.004097,0.001389,0.002067,6890.9
6.0,VeryLow,HRD2_urban,0.7,0.014705,9.8458,0.005465,0.004223,0.001493,0.002163,7211.27
6.0,VeryLow,HRD2_urban,0.71,0.014705,10.1244,0.005419,0.004342,0.0016,0.002259,7532.04
6.0,VeryLow,HRD2_urban,0.72,0.014705,10.4031,0.005366,0.004455,0.001709,0.002355,7852.91
6.0,VeryLow,HRD2_urban,0.73,0.014705,10.6817,0.005309,0.004562,0.00182,0.002452,8173.61
6.0,VeryLow,HRD2_urban,0.74,0.014705,10.9604,0.005247,0.004662,0.001933,0.002548,8493.86
6.0,VeryLow,HRD2_urban,0.75,0.014705,11.239,0.005181,0.004757,0.002047,0.002644,8813.43
6.0,VeryLow,HRD2_urban,0.76,0.014705,11.5177,0.005111,0.004845,0.002164,0.002739,9132.08
6.0,VeryLow,HRD2_urban,0.77,0.014705,11.7963,0.005039,0.004928,0.002281,0.002834,9449.61
6.0,VeryLow,HRD2_urban,0.78,0.014705,12.075,0.004964,0.005004,0.0024,0.002929,9765.81
6.0,VeryLow,HRD2_urban,0.79,0.014705,13.1587,0.004656,0.005251,0.002872,0.003293,10979.65
6.0,VeryLow,HRD2_urban,0.8,0.014705,14.2423,0.004337,0.005421,0.003353,0.003648,12161.92
6.0,VeryLow,HRD2_urban,0.81,0.014705,15.326,0.004017,0.005526,0.003836,0.003991,13306.12
6.0,VeryLow,HRD2_urban,0.82,0.014705,16.4096,0.003707,0.005574,0.004316,0.004321,14407.8
6.0,VeryLow,HRD2_urban,0.83,0.014705,17.4933,0.003411,0.005575,0.00479,0.004638,15464.07
6.0,VeryLow,HRD2_urban,0.84,0.014705,18.5769,0.003132,0.005537,0.005253,0.004941,16473.33
6.0,VeryLow,HRD2_urban,0.85,0.014705,19.6606,0.002872,0.005468,0.005703,0.005229,17434.97
6.0,VeryLow,HRD2_urban,0.86,0.014705,20.7442,0.002631,0.005373,0.006139,0.005504,18349.11
6.0,VeryLow,HRD2_urban,0.87,0.014705,21.8279,0.002409,0.005257,0.00656,0.005764,19216.43
6.0,VeryLow,HRD2_urban,0.88,0.014705,22.9115,0.002205,0.005127,0.006964,0.00601,20038.07
6.0,VeryLow,HRD2_urban,0.89,0.014705,23.9952,0.002018,0.004985,0.007351,0.006243,20815.43
6.0,VeryLow,HRD2_urban,0.9,0.014705,25.0788,0.001848,0.004835,0.007721,0.006464,21550.14
6.0,VeryLow,HRD2_urban,0.91,0.014705,26.1625,0.001692,0.004679,0.008074,0.006672,22243.97
6.0,VeryLow,HRD2_urban,0.92,0.014705,27.2462,0.00155,0.00452,0.00841,0.006868,22898.76
6.0,VeryLow,HRD2_urban,0.93,0.014705,28.3298,0.00142,0.004359,0.008729,0.007054,23516.37
6.0,VeryLow,HRD2_urban,0.94,0.014705,29.4135,0.001302,0.004199,0.009033,0.007228,24098.71
6.0,VeryLow,HRD2_urban,0.95,0.014705,30.4971,0.001195,0.00404,0.009322,0.007393,24647.62
6.0,VeryLow,HRD2_urban,0.96,0.014705,31.5808,0.001097,0.003883,0.009595,0.007548,25164.91
6.0,VeryLow,HRD2_urban,0.97,0.014705,32.6644,0.001008,0.003729,0.009854,0.007694,25652.36
6.0,VeryLow,HRD2_urban,0.98,0.014705,33.7481,0.000927,0.003578,0.0101,0.007832,26111.66
6.0,VeryLow,HRD2_urban,0.99,0.014705,34.8317,0.000852,0.003431,0.010333,0.007962,26544.43
6.0,VeryLow,HRD2_urban,1.0,0.014705,35.9154,0.000785,0.003289,0.010553,0.008084,26952.23
6.0,VeryLow,HRD2_urban,1.01,0.014705,36.999,0.000723,0.003151,0.010761,0.008199,27336.53
6.0,VeryLow,HRD2_urban,1.02,0.014705,38.0827,0.000667,0.003018,0.010958,0.008308,27698.75
6.0,VeryLow,HRD2_urban,1.03,0.014705,39.1663,0.000615,0.00289,0.011145,0.00841,28040.19
6.0,VeryLow,HRD2_urban,1.04,0.014705,40.25,0.000568,0.002767,0.011322,0.008507,28362.12
6.0,VeryLow,HRD2_urban,1.05,0.014705,40.25,0.000568,0.002767,0.011322,0.008507,28362.12
6.0,VeryLow,HRD2_urban,1.06,0.014705,40.25,0.000568,0.002767,0.011322,0.008507,28362.12
6.0,VeryLow,HRD2_urban,1.07,0.014705,40.25,0.000568,0.002767,0.011322,0.008507,28362.12
6.0,VeryLow,HRD2_urban,1.08,0.014705,40.25,0.000568,0.002767,0.011322,0.008507,28362.12
6.0,VeryLow,HRD2_urban,1.09,0.014705,40.25,0.000568,0.002767,0.011322,0.008507,28362.12
6.0,VeryLow,HRD2_urban,1.1,0.014705,40.25,0.000568,0.002767,0.011322,0.008507,28362.12
6.0,VeryLow,HRD2_urban,1.11,0.014705,40.25,0.000568,0.002767,0.011322,0.008507,28362.12
6.0,VeryLow,HRD2_urban,1.12,0.014705,40.25,0.000568,0.002767,0.011322,0.008507,28362.12
6.0,VeryLow,HRD2_urban,1.13,0.014705,40.25,0.000568,0.002767,0.011322,0.008507,28362.12
6.0,VeryLow,HRD2_urban,1.14,0.014705,40.25,0.000568,0.002767,0.011322,0.008507,28362.12
6.0,VeryLow,HRD2_urban,1.15,0.014705,40.25,0.000568,0.002767,0.011322,0.008507,28362.12
6.0,VeryLow,HRD2_urban,1.16,0.014705,40.25,0.000568,0.002767,0.011322,0.008507,28362.12
6.0,VeryLow,HRD2_urban,1.17,0.014705,40.25,0.000568,0.002767,0.011322,0.008507,28362.12
6.0,VeryLow,HRD2_urban,1.18,0.014705,40.25,0.000568,0.002767,0.011322,0.008507,28362.12
6.0,VeryLow,HRD2_urban,1.19,0.014705,40.25,0.000568,0.002767,0.011322,0.008507,28362.12
6.0,VeryLow,HRD2_urban,1.2,0.014705,40.25,0.000568,0.002767,0.011322,0.008507,28362.12
6.0,VeryLow,HRD2_urban,1.21,0.014705,40.25,0.000568,0.002767,0.011322,0.008507,28362.12
6.0,VeryLow,HRD2_urban,1.22,0.014705,40.25,0.000568,0.002767,0.011322,0.008507,28362.12
6.0,VeryLow,HRD2_urban,1.23,0.014705,40.25,0.000568,0.002767,0.011322,0.008507,28362.12
6.0,VeryLow,HRD2_urban,1.24,0.014705,40.25,0.000568,0.002767,0.011322,0.008507,28362.12
6.0,VeryLow,HRD2_urban,1.25,0.014705,40.25,0.000568,0.002767,0.011322,0.008507,28362.12
6.0,VeryLow,HRD2_urban,1.26,0.014705,40.25,0.000568,0.002767,0.011322,0.008507,28362.12
6.0,VeryLow,HRD2_urban,1.27,0.014705,40.25,0.000568,0.002767,0.011322,0.008507,28362.12
6.0,VeryLow,HRD2_urban,1.28,0.014705,40.25,0.000568,0.002767,0.011322,0.008507,28362.12
6.0,VeryLow,HRD2_urban,1.29,0.014705,40.25,0.000568,0.002767,0.011322,0.008507,28362.12
6.0,VeryLow,HRD2_urban,1.3,0.014705,40.25,0.000568,0.002767,0.011322,0.008507,28362.12
6.0,VeryLow,HRD2_urban,1.31,0.014705,40.25,0.000568,0.002767,0.011322,0.008507,28362.12
6.0,VeryLow,HRD2_urban,1.32,0.014705,40.25,0.000568,0.002767,0.011322,0.008507,28362.12
6.0,VeryLow,HRD2_urban,1.33,0.014705,40.25,0.000568,0.002767,0.011322,0.008507,28362.12
6.0,VeryLow,HRD2_urban,1.34,0.014705,40.25,0.000568,0.002767,0.011322,0.008507,28362.12
6.0,VeryLow,HRD2_urban,1.35,0.014705,40.25,0.000568,0.002767,0.011322,0.008507,28362.12
6.0,VeryLow,HRD2_urban,1.36,0.014705,40.25,0.000568,0.002767,0.011322,0.008507,28362.12
6.0,VeryLow,HRD2_urban,1.37,0.014705,40.25,0.000568,0.002767,0.011322,0.008507,28362.12
6.0,VeryLow,HRD2_urban,1.38,0.014705,40.25,0.000568,0.002767,0.011322,0.008507,28362.12
6.0,VeryLow,HRD2_urban,1.39,0.014705,40.25,0.000568,0.002767,0.011322,0.008507,28362.12
6.0,VeryLow,HRD2_urban,1.4,0.014705,40.25,0.000568,0.002767,0.011322,0.008507,28362.12
6.0,VeryLow,HRD2_urban,1.41,0.014705,40.25,0.000568,0.002767,0.011322,0.008507,28362.12
6.0,VeryLow,HRD2_urban,1.42,0.014705,40.25,0.000568,0.002767,0.011322,0.008507,28362.12
6.0,VeryLow,HRD2_urban,1.43,0.014705,40.25,0.000568,0.002767,0.011322,0.008507,28362.12
6.0,VeryLow,HRD2_urban,1.44,0.014705,40.25,0.000568,0.002767,0.011322,0.008507,28362.12
6.0,VeryLow,HRD2_urban,1.45,0.014705,40.25,0.000568,0.002767,0.011322,0.008507,28362.12
6.0,VeryLow,HRD2_urban,1.46,0.014705,40.25,0.000568,0.002767,0.011322,0.008507,28362.12
6.0,VeryLow,HRD2_urban,1.47,0.014705,40.25,0.000568,0.002767,0.011322,0.008507,28362.12
6.0,VeryLow,HRD2_urban,1.48,0.014705,40.25,0.000568,0.002767,0.011322,0.008507,28362.12
6.0,VeryLow,HRD2_urban,1.49,0.014705,40.25,0.000568,0.002767,0.011322,0.008507,28362.12
6.0,VeryLow,HRD2_urban,1.5,0.014705,40.25,0.000568,0.002767,0.011322,0.008507,28362.12
6.5,VeryHigh,HRD1_major,0.0,0.0,0.0,0.0,0.0,0.0,0.0,0.0
6.5,VeryHigh,HRD1_major,0.01,0.0,0.0,0.0,0.0,0.0,0.0,0.0
6.5,VeryHigh,HRD1_major,0.02,0.0,0.0,0.0,0.0,0.0,0.0,0.0
6.5,VeryHigh,HRD1_major,0.03,0.0,0.0,0.0,0.0,0.0,0.0,0.0
6.5,VeryHigh,HRD1_major,0.04,0.0,0.0,0.0,0.0,0.0,0.0,0.0
6.5,VeryHigh,HRD1_major,0.05,0.0,0.0,0.0,0.0,0.0,0.0,0.0
6.5,VeryHigh,HRD1_major,0.06,0.0,0.0,0.0,0.0,0.0,0.0,0.0
6.5,VeryHigh,HRD1_major,0.07,0.0,0.0,0.0,0.0,0.0,0.0,0.0
6.5,VeryHigh,HRD1_major,0.08,0.0,0.0,0.0,0.0,0.0,0.0,0.0
6.5,VeryHigh,HRD1_major,0.09,0.0,12.0,0.0,0.0,0.0,0.0,0.0
6.5,VeryHigh,HRD1_major,0.1,0.017881,12.0,0.006061,0.002687,0.000192,0.000975,6501.58
6.5,VeryHigh,HRD1_major,0.11,0.036144,12.0,0.012252,0.005432,0.000388,0.001971,13141.96
6.5,VeryHigh,HRD1_major,0.12,0.054407,12.0,0.018442,0.008177,0.000585,0.002967,19782.34
6.5,VeryHigh,HRD1_major,0.13,0.07267,12.0,0.024633,0.010922,0.000781,0.003963,26422.72
6.5,VeryHigh,HRD1_major,0.14,0.090933,12.0,0.030823,0.013666,0.000977,0.004958,33063.1
6.5,VeryHigh,HRD1_major,0.15,0.109196,12.0,0.037014,0.016411,0.001174,0.005954,39703.48
6.5,VeryHigh,HRD1_major,0.16,0.127459,12.0,0.043204,0.019156,0.00137,0.00695,46343.86
6.5,VeryHigh,HRD1_major,0.17,0.145722,12.0,0.049395,0.0219,0.001566,0.007946,52984.24
6.5,VeryHigh,HRD1_major,0.18,0.163985,12.0,0.055585,0.024645,0.001762,0.008942,59624.62
6.5,VeryHigh,HRD1_major,0.19,0.182248,12.0,0.061776,0.02739,0.001959,0.009938,66265.0
6.5,VeryHigh,HRD1_major,0.2,0.200511,12.0,0.067966,0.030135,0.002155,0.010934,72905.38
6.5,VeryHigh,HRD1_major,0.21,0.200913,12.0,0.068102,0.030195,0.002159,0.010956,73051.48
6.5,VeryHigh,HRD1_major,0.22,0.200913,12.0,0.068102,0.030195,0.002159,0.010956,73051.48
6.5,VeryHigh,HRD1_major,0.23,0.200913,12.5472,0.069979,0.033029,0.00255,0.01189,79281.56
6.5,VeryHigh,HRD1_major,0.24,0.200913,13.6878,0.073001,0.038944,0.003491,0.013883,92571.09
6.5,VeryHigh,HRD1_major,0.25,0.200913,14.8285,0.074948,0.044773,0.004605,0.015926,106191.38
6.5,VeryHigh,HRD1_major,0.26,0.200913,15.9691,0.075977,0.050423,0.005889,0.018006,120064.45
6.5,VeryHigh,HRD1_major,0.27,0.200913,17.1098,0.076236,0.055826,0.00734,0.020115,134125.96
6.5,VeryHigh,HRD1_major,0.28,0.200913,21.5456,0.072266,0.073743,0.014409,0.028448,189694.3
6.5,VeryHigh,HRD1_major,0.29,0.200913,25.9815,0.06429,0.086232,0.023289,0.036763,245135.66
6.5,VeryHigh,HRD1_major,0.3,0.200913,30.4173,0.055355,0.093747,0.033332,0.04485,299059.26
6.5,VeryHigh,HRD1_major,0.31,0.200913,34.8532,0.046846,0.097263,0.043975,0.052577,350584.39
6.5,VeryHigh,HRD1_major,0.32,0.200913,39.2891,0.039294,0.097782,0.054776,0.059864,399176.33
6.5,VeryHigh,HRD1_major,0.33,0.200913,43.7249,0.032824,0.096165,0.065421,0.066669,444550.65
6.5,VeryHigh,HRD1_major,0.34,0.200913,48.1608,0.027386,0.093097,0.075696,0.072976,486603.09
6.5,VeryHigh,HRD1_major,0.35,0.200913,52.5966,0.022862,0.089092,0.085466,0.078788,525355.26
6.5,VeryHigh,HRD1_major,0.36,0.200913,57.0325,0.019117,0.084534,0.094653,0.08412,560912.93
6.5,VeryHigh,HRD1_major,0.37,0.200913,57.0325,0.019117,0.084534,0.094653,0.08412,560912.93
6.5,VeryHigh,HRD1_major,0.38,0.200913,57.0325,0.019117,0.084534,0.094653,0.08412,560912.93
6.5,VeryHigh,HRD1_major,0.39,0.200913,57.0325,0.019117,0.084534,0.094653,0.08412,560912.93
6.5,VeryHigh,HRD1_major,0.4,0.200913,57.0325,0.019117,0.084534,0.094653,0.08412,560912.93
6.5,VeryHigh,HRD1_major,0.41,0.200913,57.0325,0.019117,0.084534,0.094653,0.08412,560912.93
6.5,VeryHigh,HRD1_major,0.42,0.200913,57.0325,0.019117,0.084534,0.094653,0.08412,560912.93
6.5,VeryHigh,HRD1_major,0.43,0.200913,57.0325,0.019117,0.084534,0.094653,0.08412,560912.93
6.5,VeryHigh,HRD1_major,0.44,0.200913,57.0325,0.019117,0.084534,0.094653,0.08412,560912.93
6.5,VeryHigh,HRD1_major,0.45,0.200913,57.0325,0.019117,0.084534,0.094653,0.08412,560912.93
6.5,VeryHigh,HRD1_major,0.46,0.200913,57.0325,0.019117,0.084534,0.094653,0.08412,560912.93
6.5,VeryHigh,HRD1_major,0.47,0.200913,57.0325,0.019117,0.084534,0.094653,0.08412,560912.93
6.5,VeryHigh,HRD1_major,0.48,0.200913,57.0325,0.019117,0.084534,0.094653,0.08412,560912.93
6.5,VeryHigh,HRD1_major,0.49,0.200913,57.0325,0.019117,0.084534,0.094653,0.08412,560912.93
6.5,VeryHigh,HRD1_major,0.5,0.200913,57.0325,0.019117,0.084534,0.094653,0.08412,560912.93
6.5,VeryHigh,HRD1_major,0.51,0.200913,57.0325,0.019117,0.084534,0.094653,0.08412,560912.93
6.5,VeryHigh,HRD1_major,0.52,0.200913,57.0325,0.019117,0.084534,0.094653,0.08412,560912.93
6.5,VeryHigh,HRD1_major,0.53,0.200913,57.0325,0.019117,0.084534,0.094653,0.08412,560912.93
6.5,VeryHigh,HRD1_major,0.54,0.200913,57.0325,0.019117,0.084534,0.094653,0.08412,560912.93
6.5,VeryHigh,HRD1_major,0.55,0.200913,57.0325,0.019117,0.084534,0.094653,0.08412,560912.93
6.5,VeryHigh,HRD1_major,0.56,0.200913,57.0325,0.019117,0.084534,0.094653,0.08412,560912.93
6.5,VeryHigh,HRD1_major,0.57,0.200913,57.0325,0.019117,0.084534,0.094653,0.08412,560912.93
6.5,VeryHigh,HRD1_major,0.58,0.200913,57.0325,0.019117,0.084534,0.094653,0.08412,560912.93
6.5,VeryHigh,HRD1_major,0.59,0.200913,57.0325,0.019117,0.084534,0.094653,0.08412,560912.93
6.5,VeryHigh,HRD1_major,0.6,0.200913,57.0325,0.019117,0.084534,0.094653,0.08412,560912.93
6.5,VeryHigh,HRD1_major,0.61,0.200913,57.0325,0.019117,0.084534,0.094653,0.08412,560912.93
6.5,VeryHigh,HRD1_major,0.62,0.200913,57.0325,0.019117,0.084534,0.094653,0.08412,560912.93
6.5,VeryHigh,HRD1_major,0.63,0.200913,57.0325,0.019117,0.084534,0.094653,0.08412,560912.93
6.5,VeryHigh,HRD1_major,0.64,0.200913,57.0325,0.019117,0.084534,0.094653,0.08412,560912.93
6.5,VeryHigh,HRD1_major,0.65,0.200913,57.0325,0.019117,0.084534,0.094653,0.08412,560912.93
6.5,VeryHigh,HRD1_major,0.66,0.200913,57.0325,0.019117,0.084534,0.094653,0.08412,560912.93
6.5,VeryHigh,HRD1_major,0.67,0.200913,57.0325,0.019117,0.084534,0.094653,0.08412,560912.93
6.5,VeryHigh,HRD1_major,0.68,0.200913,57.0325,0.019117,0.084534,0.094653,0.08412,560912.93
6.5,VeryHigh,HRD1_major,0.69,0.200913,57.0325,0.019117,0.084534,0.094653,0.08412,560912.93
6.5,VeryHigh,HRD1_major,0.7,0.200913,57.0325,0.019117,0.084534,0.094653,0.08412,560912.93
6.5,VeryHigh,HRD1_major,0.71,0.200913,57.0325,0.019117,0.084534,0.094653,0.08412,560912.93
6.5,VeryHigh,HRD1_major,0.72,0.200913,57.0325,0.019117,0.084534,0.094653,0.08412,560912.93
6.5,VeryHigh,HRD1_major,0.73,0.200913,57.0325,0.019117,0.084534,0.094653,0.08412,560912.93
6.5,VeryHigh,HRD1_major,0.74,0.200913,57.0325,0.019117,0.084534,0.094653,0.08412,560912.93
6.5,VeryHigh,HRD1_major,0.75,0.200913,57.0325,0.019117,0.084534,0.094653,0.08412,560912.93
6.5,VeryHigh,HRD1_major,0.76,0.200913,57.0325,0.019117,0.084534,0.094653,0.08412,560912.93
6.5,VeryHigh,HRD1_major,0.77,0.200913,57.0325,0.019117,0.084534,0.094653,0.08412,560912.93
6.5,VeryHigh,HRD1_major,0.78,0.200913,57.0325,0.019117,0.084534,0.094653,0.08412,560912.93
6.5,VeryHigh,HRD1_major,0.79,0.200913,57.0325,0.019117,0.084534,0.094653,0.08412,560912.93
6.5,VeryHigh,HRD1_major,0.8,0.200913,57.0325,0.019117,0.084534,0.094653,0.08412,560912.93
6.5,VeryHigh,HRD1_major,0.81,0.200913,57.0325,0.019117,0.084534,0.094653,0.08412,560912.93
6.5,VeryHigh,HRD1_major,0.82,0.200913,57.0325,0.019117,0.084534,0.094653,0.08412,560912.93
6.5,VeryHigh,HRD1_major,0.83,0.200913,57.0325,0.019117,0.084534,0.094653,0.08412,560912.93
6.5,VeryHigh,HRD1_major,0.84,0.200913,57.0325,0.019117,0.084534,0.094653,0.08412,560912.93
6.5,VeryHigh,HRD1_major,0.85,0.200913,57.0325,0.019117,0.084534,0.094653,0.08412,560912.93
6.5,VeryHigh,HRD1_major,0.86,0.200913,57.0325,0.019117,0.084534,0.094653,0.08412,560912.93
6.5,VeryHigh,HRD1_major,0.87,0.200913,57.0325,0.019117,0.084534,0.094653,0.08412,560912.93
6.5,VeryHigh,HRD1_major,0.88,0.200913,57.0325,0.019117,0.084534,0.094653,0.08412,560912.93
6.5,VeryHigh,HRD1_major,0.89,0.200913,57.0325,0.019117,0.084534,0.094653,0.08412,560912.93
6.5,VeryHigh,HRD1_major,0.9,0.200913,57.0325,0.019117,0.084534,0.094653,0.08412,560912.93
6.5,VeryHigh,HRD1_major,0.91,0.200913,57.0325,0.019117,0.084534,0.094653,0.08412,560912.93
6.5,VeryHigh,HRD1_major,0.92,0.200913,57.0325,0.019117,0.084534,0.094653,0.08412,560912.93
6.5,VeryHigh,HRD1_major,0.93,0.200913,57.0325,0.019117,0.084534,0.094653,0.08412,560912.93
6.5,VeryHigh,HRD1_major,0.94,0.200913,57.0325,0.019117,0.084534,0.094653,0.08412,560912.93
6.5,VeryHigh,HRD1_major,0.95,0.200913,57.0325,0.019117,0.084534,0.094653,0.08412,560912.93
6.5,VeryHigh,HRD1_major,0.96,0.200913,57.0325,0.019117,0.084534,0.094653,0.08412,560912.93
6.5,VeryHigh,HRD1_major,0.97,0.200913,57.0325,0.019117,0.084534,0.094653,0.08412,560912.93
6.5,VeryHigh,HRD1_major,0.98,0.200913,57.0325,0.019117,0.084534,0.094653,0.08412,560912.93
6.5,VeryHigh,HRD1_major,0.99,0.200913,57.0325,0.019117,0.084534,0.094653,0.08412,560912.93
6.5,VeryHigh,HRD1_major,1.0,0.200913,57.0325,0.019117,0.084534,0.094653,0.08412,560912.93
6.5,VeryHigh,HRD1_major,1.01,0.200913,57.0325,0.019117,0.084534,0.094653,0.08412,560912.93
6.5,VeryHigh,HRD1_major,1.02,0.200913,57.0325,0.019117,0.084534,0.094653,0.08412,560912.93
6.5,VeryHigh,HRD1_major,1.03,0.200913,57.0325,0.019117,0.084534,0.094653,0.08412,560912.93
6.5,VeryHigh,HRD1_major,1.04,0.200913,57.0325,0.019117,0.084534,0.094653,0.08412,560912.93
6.5,VeryHigh,HRD1_major,1.05,0.200913,57.0325,0.019117,0.084534,0.094653,0.08412,560912.93
6.5,VeryHigh,HRD1_major,1.06,0.200913,57.0325,0.019117,0.084534,0.094653,0.08412,560912.93
6.5,VeryHigh,HRD1_major,1.07,0.200913,57.0325,0.019117,0.084534,0.094653,0.08412,560912.93
6.5,VeryHigh,HRD1_major,1.08,0.200913,57.0325,0.019117,0.084534,0.094653,0.08412,560912.93
6.5,VeryHigh,HRD1_major,1.09,0.200913,57.0325,0.019117,0.084534,0.094653,0.08412,560912.93
6.5,VeryHigh,HRD1_major,1.1,0.200913,57.0325,0.019117,0.084534,0.094653,0.08412,560912.93
6.5,VeryHigh,HRD1_major,1.11,0.200913,57.0325,0.019117,0.084534,0.094653,0.08412,560912.93
6.5,VeryHigh,HRD1_major,1.12,0.200913,57.0325,0.019117,0.084534,0.094653,0.08412,560912.93
6.5,VeryHigh,HRD1_major,1.13,0.200913,57.0325,0.019117,0.084534,0.094653,0.08412,560912.93
6.5,VeryHigh,HRD1_major,1.14,0.200913,57.0325,0.019117,0.084534,0.094653,0.08412,560912.93
6.5,VeryHigh,HRD1_major,1.15,0.200913,57.0325,0.019117,0.084534,0.094653,0.08412,560912.93
6.5,VeryHigh,HRD1_major,1.16,0.200913,57.0325,0.019117,0.084534,0.094653,0.08412,560912.93
6.5,VeryHigh,HRD1_major,1.17,0.200913,57.0325,0.019117,0.084534,0.094653,0.08412,560912.93
6.5,VeryHigh,HRD1_major,1.18,0.200913,57.0325,0.019117,0.084534,0.094653,0.08412,560912.93
6.5,VeryHigh,HRD1_major,1.19,0.200913,57.0325,0.019117,0.084534,0.094653,0.08412,560912.93
6.5,VeryHigh,HRD1_major,1.2,0.200913,57.0325,0.019117,0.084534,0.094653,0.08412,560912.93
6.5,VeryHigh,HRD1_major,1.21,0.200913,57.0325,0.019117,0.084534,0.094653,0.08412,560912.93
6.5,VeryHigh,HRD1_major,1.22,0.200913,57.0325,0.019117,0.084534,0.094653,0.08412,560912.93
6.5,VeryHigh,HRD1_major,1.23,0.200913,57.0325,0.019117,0.084534,0.094653,0.08412,560912.93
6.5,VeryHigh,HRD1_major,1.24,0.200913,57.0325,0.019117,0.084534,0.094653,0.08412,560912.93
6.5,VeryHigh,HRD1_major,1.25,0.200913,57.0325,0.019117,0.084534,0.094653,0.08412,560912.93
6.5,VeryHigh,HRD1_major,1.26,0.200913,57.0325,0.019117,0.084534,0.094653,0.08412,560912.93
6.5,VeryHigh,HRD1_major,1.27,0.200913,57.0325,0.019117,0.084534,0.094653,0.08412,560912.93
6.5,VeryHigh,HRD1_major,1.28,0.200913,57.0325,0.019117,0.084534,0.094653,0.08412,560912.93
6.5,VeryHigh,HRD1_major,1.29,0.200913,57.0325,0.019117,0.084534,0.094653,0.08412,560912.93
6.5,VeryHigh,HRD1_major,1.3,0.200913,57.0325,0.019117,0.084534,0.094653,0.08412,560912.93
6.5,VeryHigh,HRD1_major,1.31,0.200913,57.0325,0.019117,0.084534,0.094653,0.08412,560912.93
6.5,VeryHigh,HRD1_major,1.32,0.200913,57.0325,0.019117,0.084534,0.094653,0.08412,560912.93
6.5,VeryHigh,HRD1_major,1.33,0.200913,57.0325,0.019117,0.084534,0.094653,0.08412,560912.93
6.5,VeryHigh,HRD1_major,1.34,0.200913,57.0325,0.019117,0.084534,0.094653,0.08412,560912.93
6.5,VeryHigh,HRD1_major,1.35,0.200913,57.0325,0.019117,0.084534,0.094653,0.08412,560912.93
6.5,VeryHigh,HRD1_major,1.36,0.200913,57.0325,0.019117,0.084534,0.094653,0.08412,560912.93
6.5,VeryHigh,HRD1_major,1.37,0.200913,57.0325,0.019117,0.084534,0.094653,0.08412,560912.93
6.5,VeryHigh,HRD1_major,1.38,0.200913,57.0325,0.019117,0.084534,0.094653,0.08412,560912.93
6.5,VeryHigh,HRD1_major,1.39,0.200913,57.0325,0.019117,0.084534,0.094653,0.08412,560912.93
6.5,VeryHigh,HRD1_major,1.4,0.200913,57.0325,0.019117,0.084534,0.094653,0.08412,560912.93
6.5,VeryHigh,HRD1_major,1.41,0.200913,57.0325,0.019117,0.084534,0.094653,0.08412,560912.93
6.5,VeryHigh,HRD1_major,1.42,0.200913,57.0325,0.019117,0.084534,0.094653,0.08412,560912.93
6.5,VeryHigh,HRD1_major,1.43,0.200913,57.0325,0.019117,0.084534,0.094653,0.08412,560912.93
6.5,VeryHigh,HRD1_major,1.44,0.200913,57.0325,0.019117,0.084534,0.094653,0.08412,560912.93
6.5,VeryHigh,HRD1_major,1.45,0.200913,57.0325,0.019117,0.084534,0.094653,0.08412,560912.93
6.5,VeryHigh,HRD1_major,1.46,0.200913,57.0325,0.019117,0.084534,0.094653,0.08412,560912.93
6.5,VeryHigh,HRD1_major,1.47,0.200913,57.0325,0.019117,0.084534,0.094653,0.08412,560912.93
6.5,VeryHigh,HRD1_major,1.48,0.200913,57.0325,0.019117,0.084534,0.094653,0.08412,560912.93
6.5,VeryHigh,HRD1_major,1.49,0.200913,57.0325,0.019117,0.084534,0.094653,0.08412,560912.93
6.5,VeryHigh,HRD1_major,1.5,0.200913,57.0325,0.019117,0.084534,0.094653,0.08412,560912.93
6.5,VeryHigh,HRD2_urban,0.0,0.0,0.0,0.0,0.0,0.0,0.0,0.0
6.5,VeryHigh,HRD2_urban,0.01,0.0,0.0,0.0,0.0,0.0,0.0,0.0
6.5,VeryHigh,HRD2_urban,0.02,0.0,0.0,0.0,0.0,0.0,0.0,0.0
6.5,VeryHigh,HRD2_urban,0.03,0.0,0.0,0.0,0.0,0.0,0.0,0.0
6.5,VeryHigh,HRD2_urban,0.04,0.0,0.0,0.0,0.0,0.0,0.0,0.0
6.5,VeryHigh,HRD2_urban,0.05,0.0,0.0,0.0,0.0,0.0,0.0,0.0
6.5,VeryHigh,HRD2_urban,0.06,0.0,0.0,0.0,0.0,0.0,0.0,0.0
6.5,VeryHigh,HRD2_urban,0.07,0.0,0.0,0.0,0.0,0.0,0.0,0.0
6.5,VeryHigh,HRD2_urban,0.08,0.0,0.0,0.0,0.0,0.0,0.0,0.0
6.5,VeryHigh,HRD2_urban,0.09,0.0,12.0,0.0,0.0,0.0,0.0,0.0
6.5,VeryHigh,HRD2_urban,0.1,0.017881,12.0,0.006061,0.006061,0.00288,0.003531,11772.15
6.5,VeryHigh,HRD2_urban,0.11,0.036144,12.0,0.012252,0.012252,0.005821,0.007137,23795.61
6.5,VeryHigh,HRD2_urban,0.12,0.054407,12.0,0.018442,0.018442,0.008761,0.010744,35819.07
6.5,VeryHigh,HRD2_urban,0.13,0.07267,12.0,0.024633,0.024633,0.011702,0.01435,47842.53
6.5,VeryHigh,HRD2_urban,0.14,0.090933,12.0,0.030823,0.030823,0.014643,0.017956,59865.99
6.5,VeryHigh,HRD2_urban,0.15,0.109196,12.0,0.037014,0.037014,0.017584,0.021563,71889.45
6.5,VeryHigh,HRD2_urban,0.16,0.127459,12.0,0.043204,0.043204,0.020525,0.025169,83912.91
6.5,VeryHigh,HRD2_urban,0.17,0.145722,12.0,0.049395,0.049395,0.023466,0.028775,95936.37
6.5,VeryHigh,HRD2_urban,0.18,0.163985,12.0,0.055585,0.055585,0.026407,0.032381,107959.84
6.5,VeryHigh,HRD2_urban,0.19,0.182248,12.0,0.061776,0.061776,0.029348,0.035988,119983.3
6.5,VeryHigh,HRD2_urban,0.2,0.200511,12.0,0.067966,0.067966,0.032289,0.039594,132006.76
6.5,VeryHigh,HRD2_urban,0.21,0.200913,12.0,0.068102,0.068102,0.032354,0.039673,132271.3
6.5,VeryHigh,HRD2_urban,0.22,0.200913,12.0,0.068102,0.068102,0.032354,0.039673,132271.3
6.5,VeryHigh,HRD2_urban,0.23,0.200913,12.5472,0.066029,0.069979,0.03558,0.042203,140704.28
6.5,VeryHigh,HRD2_urban,0.24,0.200913,13.6878,0.061496,0.073001,0.042436,0.04738,157964.94
6.5,VeryHigh,HRD2_urban,0.25,0.200913,14.8285,0.056881,0.074948,0.049378,0.052398,174695.74
6.5,VeryHigh,HRD2_urban,0.26,0.200913,15.9691,0.052351,0.075977,0.056313,0.057232,190810.63
6.5,VeryHigh,HRD2_urban,0.27,0.200913,17.1098,0.04801,0.076236,0.063166,0.061864,206253.49
6.5,VeryHigh,HRD2_urban,0.28,0.200913,21.5456,0.033683,0.072266,0.088152,0.077844,259531.86
6.5,VeryHigh,HRD2_urban,0.29,0.200913,25.9815,0.023458,0.06429,0.109521,0.090695,302377.87
6.5,VeryHigh,HRD2_urban,0.3,0.200913,30.4173,0.016429,0.055355,0.12708,0.100848,336228.03
6.5,VeryHigh,HRD2_urban,0.31,0.200913,34.8532,0.011628,0.046846,0.141237,0.108817,362795.3
6.5,VeryHigh,HRD2_urban,0.32,0.200913,39.2891,0.008332,0.039294,0.152558,0.115066,383629.74
6.5,VeryHigh,HRD2_urban,0.33,0.200913,43.7249,0.006045,0.032824,0.161587,0.119978,400006.07
6.5,VeryHigh,HRD2_urban,0.34,0.200913,48.1608,0.00444,0.027386,0.168793,0.123854,412929.59
6.5,VeryHigh,HRD2_urban,0.35,0.200913,52.5966,0.003299,0.022862,0.174558,0.126928,423178.09
6.5,VeryHigh,HRD2_urban,0.36,0.200913,57.0325,0.002478,0.019117,0.179188,0.129379,431348.47
6.5,VeryHigh,HRD2_urban,0.37,0.200913,57.0325,0.002478,0.019117,0.179188,0.129379,431348.47
6.5,VeryHigh,HRD2_urban,0.38,0.200913,57.0325,0.002478,0.019117,0.179188,0.129379,431348.47
6.5,VeryHigh,HRD2_urban,0.39,0.200913,57.0325,0.002478,0.019117,0.179188,0.129379,431348.47
6.5,VeryHigh,HRD2_urban,0.4,0.200913,57.0325,0.002478,0.019117,0.179188,0.129379,431348.47
6.5,VeryHigh,HRD2_urban,0.41,0.200913,57.0325,0.002478,0.019117,0.179188,0.129379,431348.47
6.5,VeryHigh,HRD2_urban,0.42,0.200913,57.0325,0.002478,0.019117,0.179188,0.129379,431348.47
6.5,VeryHigh,HRD2_urban,0.43,0.200913,57.0325,0.002478,0.019117,0.179188,0.129379,431348.47
6.5,VeryHigh,HRD2_urban,0.44,0.200913,57.0325,0.002478,0.019117,0.179188,0.129379,431348.47
6.5,VeryHigh,HRD2_urban,0.45,0.200913,57.0325,0.002478,0.019117,0.179188,0.129379,431348.47
6.5,VeryHigh,HRD2_urban,0.46,0.200913,57.0325,0.002478,0.019117,0.179188,0.129379,431348.47
6.5,VeryHigh,HRD2_urban,0.47,0.200913,57.0325,0.002478,0.019117,0.179188,0.129379,431348.47
6.5,VeryHigh,HRD2_urban,0.48,0.200913,57.0325,0.002478,0.019117,0.179188,0.129379,431348.47
6.5,VeryHigh,HRD2_urban,0.49,0.200913,57.0325,0.002478,0.019117,0.179188,0.129379,431348.47
6.5,VeryHigh,HRD2_urban,0.5,0.200913,57.0325,0.002478,0.019117,0.179188,0.129379,431348.47
6.5,VeryHigh,HRD2_urban,0.51,0.200913,57.0325,0.002478,0.019117,0.179188,0.129379,431348.47
6.5,VeryHigh,HRD2_urban,0.52,0.200913,57.0325,0.002478,0.019117,0.179188,0.129379,431348.47
6.5,VeryHigh,HRD2_urban,0.53,0.200913,57.0325,0.002478,0.019117,0.179188,0.129379,431348.47
6.5,VeryHigh,HRD2_urban,0.54,0.200913,57.0325,0.002478,0.019117,0.179188,0.129379,431348.47
6.5,VeryHigh,HRD2_urban,0.55,0.200913,57.0325,0.002478,0.019117,0.179188,0.129379,431348.47
6.5,VeryHigh,HRD2_urban,0.56,0.200913,57.0325,0.002478,0.019117,0.179188,0.129379,431348.47
6.5,VeryHigh,HRD2_urban,0.57,0.200913,57.0325,0.002478,0.019117,0.179188,0.129379,431348.47
6.5,VeryHigh,HRD2_urban,0.58,0.200913,57.0325,0.002478,0.019117,0.179188,0.129379,431348.47
6.5,VeryHigh,HRD2_urban,0.59,0.200913,57.0325,0.002478,0.019117,0.179188,0.129379,431348.47
6.5,VeryHigh,HRD2_urban,0.6,0.200913,57.0325,0.002478,0.019117,0.179188,0.129379,431348.47
6.5,VeryHigh,HRD2_urban,0.61,0.200913,57.0325,0.002478,0.019117,0.179188,0.129379,431348.47
6.5,VeryHigh,HRD2_urban,0.62,0.200913,57.0325,0.002478,0.019117,0.179188,0.129379,431348.47
6.5,VeryHigh,HRD2_urban,0.63,0.200913,57.0325,0.002478,0.019117,0.179188,0.129379,431348.47
6.5,VeryHigh,HRD2_urban,0.64,0.200913,57.0325,0.002478,0.019117,0.179188,0.129379,431348.47
6.5,VeryHigh,HRD2_urban,0.65,0.200913,57.0325,0.002478,0.019117,0.179188,0.129379,431348.47
6.5,VeryHigh,HRD2_urban,0.66,0.200913,57.0325,0.002478,0.019117,0.179188,0.129379,431348.47
6.5,VeryHigh,HRD2_urban,0.67,0.200913,57.0325,0.002478,0.019117,0.179188,0.129379,431348.47
6.5,VeryHigh,HRD2_urban,0.68,0.200913,57.0325,0.002478,0.019117,0.179188,0.129379,431348.47
6.5,VeryHigh,HRD2_urban,0.69,0.200913,57.0325,0.002478,0.019117,0.179188,0.129379,431348.47
6.5,VeryHigh,HRD2_urban,0.7,0.200913,57.0325,0.002478,0.019117,0.179188,0.129379,431348.47
6.5,VeryHigh,HRD2_urban,0.71,0.200913,57.0325,0.002478,0.019117,0.179188,0.129379,431348.47
6.5,VeryHigh,HRD2_urban,0.72,0.200913,57.0325,0.002478,0.019117,0.179188,0.129379,431348.47
6.5,VeryHigh,HRD2_urban,0.73,0.200913,57.0325,0.002478,0.019117,0.179188,0.129379,431348.47
6.5,VeryHigh,HRD2_urban,0.74,0.200913,57.0325,0.002478,0.019117,0.179188,0.129379,431348.47
6.5,VeryHigh,HRD2_urban,0.75,0.200913,57.0325,0.002478,0.019117,0.179188,0.129379,431348.47
6.5,VeryHigh,HRD2_urban,0.76,0.200913,57.0325,0.002478,0.019117,0.179188,0.129379,431348.47
6.5,VeryHigh,HRD2_urban,0.77,0.200913,57.0325,0.002478,0.019117,0.179188,0.129379,431348.47
6.5,VeryHigh,HRD2_urban,0.78,0.200913,57.0325,0.002478,0.019117,0.179188,0.129379,431348.47
6.5,VeryHigh,HRD2_urban,0.79,0.200913,57.0325,0.002478,0.019117,0.179188,0.129379,431348.47
6.5,VeryHigh,HRD2_urban,0.8,0.200913,57.0325,0.002478,0.019117,0.179188,0.129379,431348.47
6.5,VeryHigh,HRD2_urban,0.81,0.200913,57.0325,0.002478,0.019117,0.179188,0.129379,431348.47
6.5,VeryHigh,HRD2_urban,0.82,0.200913,57.0325,0.002478,0.019117,0.179188,0.129379,431348.47
6.5,VeryHigh,HRD2_urban,0.83,0.200913,57.0325,0.002478,0.019117,0.179188,0.129379,431348.47
6.5,VeryHigh,HRD2_urban,0.84,0.200913,57.0325,0.002478,0.019117,0.179188,0.129379,431348.47
6.5,VeryHigh,HRD2_urban,0.85,0.200913,57.0325,0.002478,0.019117,0.179188,0.129379,431348.47
6.5,VeryHigh,HRD2_urban,0.86,0.200913,57.0325,0.002478,0.019117,0.179188,0.129379,431348.47
6.5,VeryHigh,HRD2_urban,0.87,0.200913,57.0325,0.002478,0.019117,0.179188,0.129379,431348.47
6.5,VeryHigh,HRD2_urban,0.88,0.200913,57.0325,0.002478,0.019117,0.179188,0.129379,431348.47
6.5,VeryHigh,HRD2_urban,0.89,0.200913,57.0325,0.002478,0.019117,0.179188,0.129379,431348.47
6.5,VeryHigh,HRD2_urban,0.9,0.200913,57.0325,0.002478,0.019117,0.179188,0.129379,431348.47
6.5,VeryHigh,HRD2_urban,0.91,0.200913,57.0325,0.002478,0.019117,0.179188,0.129379,431348.47
6.5,VeryHigh,HRD2_urban,0.92,0.200913,57.0325,0.002478,0.019117,0.179188,0.129379,431348.47
6.5,VeryHigh,HRD2_urban,0.93,0.200913,57.0325,0.002478,0.019117,0.179188,0.129379,431348.47
6.5,VeryHigh,HRD2_urban,0.94,0.200913,57.0325,0.002478,0.019117,0.179188,0.129379,431348.47
6.5,VeryHigh,HRD2_urban,0.95,0.200913,57.0325,0.002478,0.019117,0.179188,0.129379,431348.47
6.5,VeryHigh,HRD2_urban,0.96,0.200913,57.0325,0.002478,0.019117,0.179188,0.129379,431348.47
6.5,VeryHigh,HRD2_urban,0.97,0.200913,57.0325,0.002478,0.019117,0.179188,0.129379,431348.47
6.5,VeryHigh,HRD2_urban,0.98,0.200913,57.0325,0.002478,0.019117,0.179188,0.129379,431348.47
6.5,VeryHigh,HRD2_urban,0.99,0.200913,57.0325,0.002478,0.019117,0.179188,0.129379,431348.47
6.5,VeryHigh,HRD2_urban,1.0,0.200913,57.0325,0.002478,0.019117,0.179188,0.129379,431348.47
6.5,VeryHigh,HRD2_urban,1.01,0.200913,57.0325,0.002478,0.019117,0.179188,0.129379,431348.47
6.5,VeryHigh,HRD2_urban,1.02,0.200913,57.0325,0.002478,0.019117,0.179188,0.129379,431348.47
6.5,VeryHigh,HRD2_urban,1.03,0.200913,57.0325,0.002478,0.019117,0.179188,0.129379,431348.47
6.5,VeryHigh,HRD2_urban,1.04,0.200913,57.0325,0.002478,0.019117,0.179188,0.129379,431348.47
6.5,VeryHigh,HRD2_urban,1.05,0.200913,57.0325,0.002478,0.019117,0.179188,0.129379,431348.47
6.5,VeryHigh,HRD2_urban,1.06,0.200913,57.0325,0.002478,0.019117,0.179188,0.129379,431348.47
6.5,VeryHigh,HRD2_urban,1.07,0.200913,57.0325,0.002478,0.019117,0.179188,0.129379,431348.47
6.5,VeryHigh,HRD2_urban,1.08,0.200913,57.0325,0.002478,0.019117,0.179188,0.129379,431348.47
6.5,VeryHigh,HRD2_urban,1.09,0.200913,57.0325,0.002478,0.019117,0.179188,0.129379,431348.47
6.5,VeryHigh,HRD2_urban,1.1,0.200913,57.0325,0.002478,0.019117,0.179188,0.129379,431348.47
6.5,VeryHigh,HRD2_urban,1.11,0.200913,57.0325,0.002478,0.019117,0.179188,0.129379,431348.47
6.5,VeryHigh,HRD2_urban,1.12,0.200913,57.0325,0.002478,0.019117,0.179188,0.129379,431348.47
6.5,VeryHigh,HRD2_urban,1.13,0.200913,57.0325,0.002478,0.019117,0.179188,0.129379,431348.47
6.5,VeryHigh,HRD2_urban,1.14,0.200913,57.0325,0.002478,0.019117,0.179188,0.129379,431348.47
6.5,VeryHigh,HRD2_urban,1.15,0.200913,57.0325,0.002478,0.019117,0.179188,0.129379,431348.47
6.5,VeryHigh,HRD2_urban,1.16,0.200913,57.0325,0.002478,0.019117,0.179188,0.129379,431348.47
6.5,VeryHigh,HRD2_urban,1.17,0.200913,57.0325,0.002478,0.019117,0.179188,0.129379,431348.47
6.5,VeryHigh,HRD2_urban,1.18,0.200913,57.0325,0.002478,0.019117,0.179188,0.129379,431348.47
6.5,VeryHigh,HRD2_urban,1.19,0.200913,57.0325,0.002478,0.019117,0.179188,0.129379,431348.47
6.5,VeryHigh,HRD2_urban,1.2,0.200913,57.0325,0.002478,0.019117,0.179188,0.129379,431348.47
6.5,VeryHigh,HRD2_urban,1.21,0.200913,57.0325,0.002478,0.019117,0.179188,0.129379,431348.47
6.5,VeryHigh,HRD2_urban,1.22,0.200913,57.0325,0.002478,0.019117,0.179188,0.129379,431348.47
6.5,VeryHigh,HRD2_urban,1.23,0.200913,57.0325,0.002478,0.019117,0.179188,0.129379,431348.47
6.5,VeryHigh,HRD2_urban,1.24,0.200913,57.0325,0.002478,0.019117,0.179188,0.129379,431348.47
6.5,VeryHigh,HRD2_urban,1.25,0.200913,57.0325,0.002478,0.019117,0.179188,0.129379,431348.47
6.5,VeryHigh,HRD2_urban,1.26,0.200913,57.0325,0.002478,0.019117,0.179188,0.129379,431348.47
6.5,VeryHigh,HRD2_urban,1.27,0.200913,57.0325,0.002478,0.019117,0.179188,0.129379,431348.47
6.5,VeryHigh,HRD2_urban,1.28,0.200913,57.0325,0.002478,0.019117,0.179188,0.129379,431348.47
6.5,VeryHigh,HRD2_urban,1.29,0.200913,57.0325,0.002478,0.019117,0.179188,0.129379,431348.47
6.5,VeryHigh,HRD2_urban,1.3,0.200913,57.0325,0.002478,0.019117,0.179188,0.129379,431348.47
6.5,VeryHigh,HRD2_urban,1.31,0.200913,57.0325,0.002478,0.019117,0.179188,0.129379,431348.47
6.5,VeryHigh,HRD2_urban,1.32,0.200913,57.0325,0.002478,0.019117,0.179188,0.129379,431348.47
6.5,VeryHigh,HRD2_urban,1.33,0.200913,57.0325,0.002478,0.019117,0.179188,0.129379,431348.47
6.5,VeryHigh,HRD2_urban,1.34,0.200913,57.0325,0.002478,0.019117,0.179188,0.129379,431348.47
6.5,VeryHigh,HRD2_urban,1.35,0.200913,57.0325,0.002478,0.019117,0.179188,0.129379,431348.47
6.5,VeryHigh,HRD2_urban,1.36,0.200913,57.0325,0.002478,0.019117,0.179188,0.129379,431348.47
6.5,VeryHigh,HRD2_urban,1.37,0.200913,57.0325,0.002478,0.019117,0.179188,0.129379,431348.47
6.5,VeryHigh,HRD2_urban,1.38,0.200913,57.0325,0.002478,0.019117,0.179188,0.129379,431348.47
6.5,VeryHigh,HRD2_urban,1.39,0.200913,57.0325,0.002478,0.019117,0.179188,0.129379,431348.47
6.5,VeryHigh,HRD2_urban,1.4,0.200913,57.0325,0.002478,0.019117,0.179188,0.129379,431348.47
6.5,VeryHigh,HRD2_urban,1.41,0.200913,57.0325,0.002478,0.019117,0.179188,0.129379,431348.47
6.5,VeryHigh,HRD2_urban,1.42,0.200913,57.0325,0.002478,0.019117,0.179188,0.129379,431348.47
6.5,VeryHigh,HRD2_urban,1.43,0.200913,57.0325,0.002478,0.019117,0.179188,0.129379,431348.47
6.5,VeryHigh,HRD2_urban,1.44,0.200913,57.0325,0.002478,0.019117,0.179188,0.129379,431348.47
6.5,VeryHigh,HRD2_urban,1.45,0.200913,57.0325,0.002478,0.019117,0.179188,0.129379,431348.47
6.5,VeryHigh,HRD2_urban,1.46,0.200913,57.0325,0.002478,0.019117,0.179188,0.129379,431348.47
6.5,VeryHigh,HRD2_urban,1.47,0.200913,57.0325,0.002478,0.019117,0.179188,0.129379,431348.47
6.5,VeryHigh,HRD2_urban,1.48,0.200913,57.0325,0.002478,0.019117,0.179188,0.129379,431348.47
6.5,VeryHigh,HRD2_urban,1.49,0.200913,57.0325,0.002478,0.019117,0.179188,0.129379,431348.47
6.5,VeryHigh,HRD2_urban,1.5,0.200913,57.0325,0.002478,0.019117,0.179188,0.129379,431348.47
6.5,High,HRD1_major,0.0,0.0,0.0,0.0,0.0,0.0,0.0,0.0
6.5,High,HRD1_major,0.01,0.0,0.0,0.0,0.0,0.0,0.0,0.0
6.5,High,HRD1_major,0.02,0.0,0.0,0.0,0.0,0.0,0.0,0.0
6.5,High,HRD1_major,0.03,0.0,0.0,0.0,0.0,0.0,0.0,0.0
6.5,High,HRD1_major,0.04,0.0,0.0,0.0,0.0,0.0,0.0,0.0
6.5,High,HRD1_major,0.05,0.0,0.0,0.0,0.0,0.0,0.0,0.0
6.5,High,HRD1_major,0.06,0.0,0.0,0.0,0.0,0.0,0.0,0.0
6.5,High,HRD1_major,0.07,0.0,0.0,0.0,0.0,0.0,0.0,0.0
6.5,High,HRD1_major,0.08,0.0,0.0,0.0,0.0,0.0,0.0,0.0
6.5,High,HRD1_major,0.09,0.0,0.0,0.0,0.0,0.0,0.0,0.0
6.5,High,HRD1_major,0.1,0.0,0.0,0.0,0.0,0.0,0.0,0.0
6.5,High,HRD1_major,0.11,0.0,0.0,0.0,0.0,0.0,0.0,0.0
6.5,High,HRD1_major,0.12,6.4e-05,6.0,9e-06,1e-06,0.0,1e-06,5.09
6.5,High,HRD1_major,0.13,0.012392,6.0,0.0017,0.000289,6e-06,0.000147,981.42
6.5,High,HRD1_major,0.14,0.02472,6.0,0.003392,0.000577,1.2e-05,0.000294,1957.75
6.5,High,HRD1_major,0.15,0.037048,6.0,0.005083,0.000864,1.9e-05,0.00044,2934.07
6.5,High,HRD1_major,0.16,0.049376,6.0,0.006775,0.001152,2.5e-05,0.000586,3910.4
6.5,High,HRD1_major,0.17,0.061704,6.0,0.008466,0.001439,3.1e-05,0.000733,4886.73
6.5,High,HRD1_major,0.18,0.074032,6.0,0.010158,0.001727,3.7e-05,0.000879,5863.05
6.5,High,HRD1_major,0.19,0.08636,6.0,0.011849,0.002014,4.3e-05,0.001026,6839.38
6.5,High,HRD1_major,0.2,0.098688,6.0,0.013541,0.002302,5e-05,0.001172,7815.71
6.5,High,HRD1_major,0.21,0.111016,6.0,0.015232,0.00259,5.6e-05,0.001319,8792.04
6.5,High,HRD1_major,0.22,0.123344,6.0,0.016924,0.002877,6.2e-05,0.001465,9768.36
6.5,High,HRD1_major,0.23,0.135672,6.2736,0.020277,0.003664,8.5e-05,0.001806,12044.76
6.5,High,HRD1_major,0.24,0.148,6.8439,0.025853,0.005264,0.000143,0.002445,16305.15
6.5,High,HRD1_major,0.25,0.160328,7.6994,0.033811,0.008095,0.000269,0.003498,23324.19
6.5,High,HRD1_major,0.26,0.16073,8.5549,0.039235,0.010864,0.000433,0.004438,29591.96
6.5,High,HRD1_major,0.27,0.16073,9.4104,0.043985,0.013898,0.000654,0.005436,36249.41
6.5,High,HRD1_major,0.28,0.16073,10.2659,0.048098,0.01715,0.000937,0.006491,43281.53
6.5,High,HRD1_major,0.29,0.16073,11.1213,0.051567,0.020557,0.00129,0.007592,50626.4
6.5,High,HRD1_major,0.3,0.16073,11.9768,0.054413,0.02406,0.001715,0.008733,58231.95
6.5,High,HRD1_major,0.31,0.16073,12.8323,0.056675,0.027608,0.002215,0.009906,66054.43
6.5,High,HRD1_major,0.32,0.16073,13.6878,0.058401,0.031156,0.002793,0.011106,74056.87
6.5,High,HRD1_major,0.33,0.16073,14.5433,0.059643,0.034664,0.003448,0.012329,82207.86
6.5,High,HRD1_major,0.34,0.16073,15.3988,0.060454,0.0381,0.004181,0.013569,90480.49
6.5,High,HRD1_major,0.35,0.16073,16.2543,0.060886,0.04144,0.004989,0.014825,98851.54
6.5,High,HRD1_major,0.36,0.16073,17.1098,0.060989,0.044661,0.005872,0.016092,107300.77
6.5,High,HRD1_major,0.37,0.16073,20.4366,0.059045,0.055813,0.009958,0.021085,140595.75
6.5,High,HRD1_major,0.38,0.16073,23.7635,0.054829,0.064527,0.014931,0.026099,174026.03
6.5,High,HRD1_major,0.39,0.16073,27.0904,0.049657,0.070834,0.020572,0.03105,207040.25
6.5,High,HRD1_major,0.4,0.16073,30.4173,0.044284,0.074998,0.026666,0.03588,239247.41
6.5,High,HRD1_major,0.41,0.16073,33.7442,0.039116,0.077362,0.033027,0.040547,270369.68
6.5,High,HRD1_major,0.42,0.16073,37.0711,0.034349,0.078271,0.039502,0.045023,300215.8
6.5,High,HRD1_major,0.43,0.16073,40.398,0.03006,0.078038,0.04597,0.04929,328662.6
6.5,High,HRD1_major,0.44,0.16073,43.7249,0.026259,0.076932,0.052337,0.053335,355640.52
6.5,High,HRD1_major,0.45,0.16073,47.0518,0.022924,0.075175,0.058536,0.057157,381121.55
6.5,High,HRD1_major,0.46,0.16073,50.3787,0.020015,0.072948,0.06452,0.060754,405109.33
6.5,High,HRD1_major,0.47,0.16073,53.7056,0.017486,0.070394,0.070255,0.064132,427630.93
6.5,High,HRD1_major,0.48,0.16073,57.0325,0.015293,0.067627,0.075723,0.067296,448730.35
6.5,High,HRD1_major,0.49,0.16073,57.0325,0.015293,0.067627,0.075723,0.067296,448730.35
6.5,High,HRD1_major,0.5,0.16073,57.0325,0.015293,0.067627,0.075723,0.067296,448730.35
6.5,High,HRD1_major,0.51,0.16073,57.0325,0.015293,0.067627,0.075723,0.067296,448730.35
6.5,High,HRD1_major,0.52,0.16073,57.0325,0.015293,0.067627,0.075723,0.067296,448730.35
6.5,High,HRD1_major,0.53,0.16073,57.0325,0.015293,0.067627,0.075723,0.067296,448730.35
6.5,High,HRD1_major,0.54,0.16073,57.0325,0.015293,0.067627,0.075723,0.067296,448730.35
6.5,High,HRD1_major,0.55,0.16073,57.0325,0.015293,0.067627,0.075723,0.067296,448730.35
6.5,High,HRD1_major,0.56,0.16073,57.0325,0.015293,0.067627,0.075723,0.067296,448730.35
6.5,High,HRD1_major,0.57,0.16073,57.0325,0.015293,0.067627,0.075723,0.067296,448730.35
6.5,High,HRD1_major,0.58,0.16073,57.0325,0.015293,0.067627,0.075723,0.067296,448730.35
6.5,High,HRD1_major,0.59,0.16073,57.0325,0.015293,0.067627,0.075723,0.067296,448730.35
6.5,High,HRD1_major,0.6,0.16073,57.0325,0.015293,0.067627,0.075723,0.067296,448730.35
6.5,High,HRD1_major,0.61,0.16073,57.0325,0.015293,0.067627,0.075723,0.067296,448730.35
6.5,High,HRD1_major,0.62,0.16073,57.0325,0.015293,0.067627,0.075723,0.067296,448730.35
6.5,High,HRD1_major,0.63,0.16073,57.0325,0.015293,0.067627,0.075723,0.067296,448730.35
6.5,High,HRD1_major,0.64,0.16073,57.0325,0.015293,0.067627,0.075723,0.067296,448730.35
6.5,High,HRD1_major,0.65,0.16073,57.0325,0.015293,0.067627,0.075723,0.067296,448730.35
6.5,High,HRD1_major,0.66,0.16073,57.0325,0.015293,0.067627,0.075723,0.067296,448730.35
6.5,High,HRD1_major,0.67,0.16073,57.0325,0.015293,0.067627,0.075723,0.067296,448730.35
6.5,High,HRD1_major,0.68,0.16073,57.0325,0.015293,0.067627,0.075723,0.067296,448730.35
6.5,High,HRD1_major,0.69,0.16073,57.0325,0.015293,0.067627,0.075723,0.067296,448730.35
6.5,High,HRD1_major,0.7,0.16073,57.0325,0.015293,0.067627,0.075723,0.067296,448730.35
6.5,High,HRD1_major,0.71,0.16073,57.0325,0.015293,0.067627,0.075723,0.067296,448730.35
6.5,High,HRD1_major,0.72,0.16073,57.0325,0.015293,0.067627,0.075723,0.067296,448730.35
6.5,High,HRD1_major,0.73,0.16073,57.0325,0.015293,0.067627,0.075723,0.067296,448730.35
6.5,High,HRD1_major,0.74,0.16073,57.0325,0.015293,0.067627,0.075723,0.067296,448730.35
6.5,High,HRD1_major,0.75,0.16073,57.0325,0.015293,0.067627,0.075723,0.067296,448730.35
6.5,High,HRD1_major,0.76,0.16073,57.0325,0.015293,0.067627,0.075723,0.067296,448730.35
6.5,High,HRD1_major,0.77,0.16073,57.0325,0.015293,0.067627,0.075723,0.067296,448730.35
6.5,High,HRD1_major,0.78,0.16073,57.0325,0.015293,0.067627,0.075723,0.067296,448730.35
6.5,High,HRD1_major,0.79,0.16073,57.0325,0.015293,0.067627,0.075723,0.067296,448730.35
6.5,High,HRD1_major,0.8,0.16073,57.0325,0.015293,0.067627,0.075723,0.067296,448730.35
6.5,High,HRD1_major,0.81,0.16073,57.0325,0.015293,0.067627,0.075723,0.067296,448730.35
6.5,High,HRD1_major,0.82,0.16073,57.0325,0.015293,0.067627,0.075723,0.067296,448730.35
6.5,High,HRD1_major,0.83,0.16073,57.0325,0.015293,0.067627,0.075723,0.067296,448730.35
6.5,High,HRD1_major,0.84,0.16073,57.0325,0.015293,0.067627,0.075723,0.067296,448730.35
6.5,High,HRD1_major,0.85,0.16073,57.0325,0.015293,0.067627,0.075723,0.067296,448730.35
6.5,High,HRD1_major,0.86,0.16073,57.0325,0.015293,0.067627,0.075723,0.067296,448730.35
6.5,High,HRD1_major,0.87,0.16073,57.0325,0.015293,0.067627,0.075723,0.067296,448730.35
6.5,High,HRD1_major,0.88,0.16073,57.0325,0.015293,0.067627,0.075723,0.067296,448730.35
6.5,High,HRD1_major,0.89,0.16073,57.0325,0.015293,0.067627,0.075723,0.067296,448730.35
6.5,High,HRD1_major,0.9,0.16073,57.0325,0.015293,0.067627,0.075723,0.067296,448730.35
6.5,High,HRD1_major,0.91,0.16073,57.0325,0.015293,0.067627,0.075723,0.067296,448730.35
6.5,High,HRD1_major,0.92,0.16073,57.0325,0.015293,0.067627,0.075723,0.067296,448730.35
6.5,High,HRD1_major,0.93,0.16073,57.0325,0.015293,0.067627,0.075723,0.067296,448730.35
6.5,High,HRD1_major,0.94,0.16073,57.0325,0.015293,0.067627,0.075723,0.067296,448730.35
6.5,High,HRD1_major,0.95,0.16073,57.0325,0.015293,0.067627,0.075723,0.067296,448730.35
6.5,High,HRD1_major,0.96,0.16073,57.0325,0.015293,0.067627,0.075723,0.067296,448730.35
6.5,High,HRD1_major,0.97,0.16073,57.0325,0.015293,0.067627,0.075723,0.067296,448730.35
6.5,High,HRD1_major,0.98,0.16073,57.0325,0.015293,0.067627,0.075723,0.067296,448730.35
6.5,High,HRD1_major,0.99,0.16073,57.0325,0.015293,0.067627,0.075723,0.067296,448730.35
6.5,High,HRD1_major,1.0,0.16073,57.0325,0.015293,0.067627,0.075723,0.067296,448730.35
6.5,High,HRD1_major,1.01,0.16073,57.0325,0.015293,0.067627,0.075723,0.067296,448730.35
6.5,High,HRD1_major,1.02,0.16073,57.0325,0.015293,0.067627,0.075723,0.067296,448730.35
6.5,High,HRD1_major,1.03,0.16073,57.0325,0.015293,0.067627,0.075723,0.067296,448730.35
6.5,High,HRD1_major,1.04,0.16073,57.0325,0.015293,0.067627,0.075723,0.067296,448730.35
6.5,High,HRD1_major,1.05,0.16073,57.0325,0.015293,0.067627,0.075723,0.067296,448730.35
6.5,High,HRD1_major,1.06,0.16073,57.0325,0.015293,0.067627,0.075723,0.067296,448730.35
6.5,High,HRD1_major,1.07,0.16073,57.0325,0.015293,0.067627,0.075723,0.067296,448730.35
6.5,High,HRD1_major,1.08,0.16073,57.0325,0.015293,0.067627,0.075723,0.067296,448730.35
6.5,High,HRD1_major,1.09,0.16073,57.0325,0.015293,0.067627,0.075723,0.067296,448730.35
6.5,High,HRD1_major,1.1,0.16073,57.0325,0.015293,0.067627,0.075723,0.067296,448730.35
6.5,High,HRD1_major,1.11,0.16073,57.0325,0.015293,0.067627,0.075723,0.067296,448730.35
6.5,High,HRD1_major,1.12,0.16073,57.0325,0.015293,0.067627,0.075723,0.067296,448730.35
6.5,High,HRD1_major,1.13,0.16073,57.0325,0.015293,0.067627,0.075723,0.067296,448730.35
6.5,High,HRD1_major,1.14,0.16073,57.0325,0.015293,0.067627,0.075723,0.067296,448730.35
6.5,High,HRD1_major,1.15,0.16073,57.0325,0.015293,0.067627,0.075723,0.067296,448730.35
6.5,High,HRD1_major,1.16,0.16073,57.0325,0.015293,0.067627,0.075723,0.067296,448730.35
6.5,High,HRD1_major,1.17,0.16073,57.0325,0.015293,0.067627,0.075723,0.067296,448730.35
6.5,High,HRD1_major,1.18,0.16073,57.0325,0.015293,0.067627,0.075723,0.067296,448730.35
6.5,High,HRD1_major,1.19,0.16073,57.0325,0.015293,0.067627,0.075723,0.067296,448730.35
6.5,High,HRD1_major,1.2,0.16073,57.0325,0.015293,0.067627,0.075723,0.067296,448730.35
6.5,High,HRD1_major,1.21,0.16073,57.0325,0.015293,0.067627,0.075723,0.067296,448730.35
6.5,High,HRD1_major,1.22,0.16073,57.0325,0.015293,0.067627,0.075723,0.067296,448730.35
6.5,High,HRD1_major,1.23,0.16073,57.0325,0.015293,0.067627,0.075723,0.067296,448730.35
6.5,High,HRD1_major,1.24,0.16073,57.0325,0.015293,0.067627,0.075723,0.067296,448730.35
6.5,High,HRD1_major,1.25,0.16073,57.0325,0.015293,0.067627,0.075723,0.067296,448730.35
6.5,High,HRD1_major,1.26,0.16073,57.0325,0.015293,0.067627,0.075723,0.067296,448730.35
6.5,High,HRD1_major,1.27,0.16073,57.0325,0.015293,0.067627,0.075723,0.067296,448730.35
6.5,High,HRD1_major,1.28,0.16073,57.0325,0.015293,0.067627,0.075723,0.067296,448730.35
6.5,High,HRD1_major,1.29,0.16073,57.0325,0.015293,0.067627,0.075723,0.067296,448730.35
6.5,High,HRD1_major,1.3,0.16073,57.0325,0.015293,0.067627,0.075723,0.067296,448730.35
6.5,High,HRD1_major,1.31,0.16073,57.0325,0.015293,0.067627,0.075723,0.067296,448730.35
6.5,High,HRD1_major,1.32,0.16073,57.0325,0.015293,0.067627,0.075723,0.067296,448730.35
6.5,High,HRD1_major,1.33,0.16073,57.0325,0.015293,0.067627,0.075723,0.067296,448730.35
6.5,High,HRD1_major,1.34,0.16073,57.0325,0.015293,0.067627,0.075723,0.067296,448730.35
6.5,High,HRD1_major,1.35,0.16073,57.0325,0.015293,0.067627,0.075723,0.067296,448730.35
6.5,High,HRD1_major,1.36,0.16073,57.0325,0.015293,0.067627,0.075723,0.067296,448730.35
6.5,High,HRD1_major,1.37,0.16073,57.0325,0.015293,0.067627,0.075723,0.067296,448730.35
6.5,High,HRD1_major,1.38,0.16073,57.0325,0.015293,0.067627,0.075723,0.067296,448730.35
6.5,High,HRD1_major,1.39,0.16073,57.0325,0.015293,0.067627,0.075723,0.067296,448730.35
6.5,High,HRD1_major,1.4,0.16073,57.0325,0.015293,0.067627,0.075723,0.067296,448730.35
6.5,High,HRD1_major,1.41,0.16073,57.0325,0.015293,0.067627,0.075723,0.067296,448730.35
6.5,High,HRD1_major,1.42,0.16073,57.0325,0.015293,0.067627,0.075723,0.067296,448730.35
6.5,High,HRD1_major,1.43,0.16073,57.0325,0.015293,0.067627,0.075723,0.067296,448730.35
6.5,High,HRD1_major,1.44,0.16073,57.0325,0.015293,0.067627,0.075723,0.067296,448730.35
6.5,High,HRD1_major,1.45,0.16073,57.0325,0.015293,0.067627,0.075723,0.067296,448730.35
6.5,High,HRD1_major,1.46,0.16073,57.0325,0.015293,0.067627,0.075723,0.067296,448730.35
6.5,High,HRD1_major,1.47,0.16073,57.0325,0.015293,0.067627,0.075723,0.067296,448730.35
6.5,High,HRD1_major,1.48,0.16073,57.0325,0.015293,0.067627,0.075723,0.067296,448730.35
6.5,High,HRD1_major,1.49,0.16073,57.0325,0.015293,0.067627,0.075723,0.067296,448730.35
6.5,High,HRD1_major,1.5,0.16073,57.0325,0.015293,0.067627,0.075723,0.067296,448730.35
6.5,High,HRD2_urban,0.0,0.0,0.0,0.0,0.0,0.0,0.0,0.0
6.5,High,HRD2_urban,0.01,0.0,0.0,0.0,0.0,0.0,0.0,0.0
6.5,High,HRD2_urban,0.02,0.0,0.0,0.0,0.0,0.0,0.0,0.0
6.5,High,HRD2_urban,0.03,0.0,0.0,0.0,0.0,0.0,0.0,0.0
6.5,High,HRD2_urban,0.04,0.0,0.0,0.0,0.0,0.0,0.0,0.0
6.5,High,HRD2_urban,0.05,0.0,0.0,0.0,0.0,0.0,0.0,0.0
6.5,High,HRD2_urban,0.06,0.0,0.0,0.0,0.0,0.0,0.0,0.0
6.5,High,HRD2_urban,0.07,0.0,0.0,0.0,0.0,0.0,0.0,0.0
6.5,High,HRD2_urban,0.08,0.0,0.0,0.0,0.0,0.0,0.0,0.0
6.5,High,HRD2_urban,0.09,0.0,0.0,0.0,0.0,0.0,0.0,0.0
6.5,High,HRD2_urban,0.1,0.0,0.0,0.0,0.0,0.0,0.0,0.0
6.5,High,HRD2_urban,0.11,0.0,0.0,0.0,0.0,0.0,0.0,0.0
6.5,High,HRD2_urban,0.12,6.4e-05,6.0,2.2e-05,9e-06,2e-06,4e-06,13.09
6.5,High,HRD2_urban,0.13,0.012392,6.0,0.004201,0.0017,0.000295,0.000757,2523.14
6.5,High,HRD2_urban,0.14,0.02472,6.0,0.008379,0.003392,0.000589,0.00151,5033.19
6.5,High,HRD2_urban,0.15,0.037048,6.0,0.012558,0.005083,0.000883,0.002263,7543.24
6.5,High,HRD2_urban,0.16,0.049376,6.0,0.016737,0.006775,0.001177,0.003015,10053.29
6.5,High,HRD2_urban,0.17,0.061704,6.0,0.020916,0.008466,0.00147,0.003768,12563.34
6.5,High,HRD2_urban,0.18,0.074032,6.0,0.025094,0.010158,0.001764,0.004521,15073.39
6.5,High,HRD2_urban,0.19,0.08636,6.0,0.029273,0.011849,0.002058,0.005274,17583.44
6.5,High,HRD2_urban,0.2,0.098688,6.0,0.033452,0.013541,0.002352,0.006027,20093.49
6.5,High,HRD2_urban,0.21,0.111016,6.0,0.037631,0.015232,0.002645,0.00678,22603.54
6.5,High,HRD2_urban,0.22,0.123344,6.0,0.041809,0.016924,0.002939,0.007533,25113.59
6.5,High,HRD2_urban,0.23,0.135672,6.2736,0.047255,0.020277,0.00375,0.009043,30148.5
6.5,High,HRD2_urban,0.24,0.148,6.8439,0.053775,0.025853,0.005407,0.011644,38821.65
6.5,High,HRD2_urban,0.25,0.160328,7.6994,0.060303,0.033811,0.008364,0.015632,52118.55
6.5,High,HRD2_urban,0.26,0.16073,8.5549,0.060989,0.039235,0.011297,0.018805,62694.82
6.5,High,HRD2_urban,0.27,0.16073,9.4104,0.060382,0.043985,0.014551,0.022002,73354.63
6.5,High,HRD2_urban,0.28,0.16073,10.2659,0.058948,0.048098,0.018087,0.025228,84109.54
6.5,High,HRD2_urban,0.29,0.16073,11.1213,0.056939,0.051567,0.021846,0.028453,94861.33
6.5,High,HRD2_urban,0.3,0.16073,11.9768,0.05455,0.054413,0.025775,0.031653,105529.83
6.5,High,HRD2_urban,0.31,0.16073,12.8323,0.051932,0.056675,0.029824,0.034808,116050.46
6.5,High,HRD2_urban,0.32,0.16073,13.6878,0.049197,0.058401,0.033949,0.037904,126371.95
6.5,High,HRD2_urban,0.33,0.16073,14.5433,0.046426,0.059643,0.038112,0.040928,136454.39
6.5,High,HRD2_urban,0.34,0.16073,15.3988,0.043678,0.060454,0.042281,0.043871,146267.44
6.5,High,HRD2_urban,0.35,0.16073,16.2543,0.040996,0.060886,0.046429,0.046727,155788.78
6.5,High,HRD2_urban,0.36,0.16073,17.1098,0.038408,0.060989,0.050532,0.049491,165002.79
6.5,High,HRD2_urban,0.37,0.16073,20.4366,0.029487,0.059045,0.065771,0.059323,197782.22
6.5,High,HRD2_urban,0.38,0.16073,23.7635,0.022483,0.054829,0.079458,0.067711,225747.66
6.5,High,HRD2_urban,0.39,0.16073,27.0904,0.017154,0.049657,0.091406,0.074773,249293.15
6.5,High,HRD2_urban,0.4,0.16073,30.4173,0.013143,0.044284,0.101664,0.080679,268982.43
6.5,High,HRD2_urban,0.41,0.16073,33.7442,0.010131,0.039116,0.110389,0.085602,285397.61
6.5,High,HRD2_urban,0.42,0.16073,37.0711,0.007862,0.034349,0.117773,0.089704,299074.22
6.5,High,HRD2_urban,0.43,0.16073,40.398,0.006144,0.03006,0.124008,0.093125,310478.54
6.5,High,HRD2_urban,0.44,0.16073,43.7249,0.004836,0.026259,0.129269,0.095982,320004.85
6.5,High,HRD2_urban,0.45,0.16073,47.0518,0.003832,0.022924,0.133712,0.098375,327981.15
6.5,High,HRD2_urban,0.46,0.16073,50.3787,0.003057,0.020015,0.137468,0.100383,334677.75
6.5,High,HRD2_urban,0.47,0.16073,53.7056,0.002455,0.017486,0.140649,0.102075,340316.44
6.5,High,HRD2_urban,0.48,0.16073,57.0325,0.001983,0.015293,0.14335,0.103503,345078.78
6.5,High,HRD2_urban,0.49,0.16073,57.0325,0.001983,0.015293,0.14335,0.103503,345078.78
6.5,High,HRD2_urban,0.5,0.16073,57.0325,0.001983,0.015293,0.14335,0.103503,345078.78
6.5,High,HRD2_urban,0.51,0.16073,57.0325,0.001983,0.015293,0.14335,0.103503,345078.78
6.5,High,HRD2_urban,0.52,0.16073,57.0325,0.001983,0.015293,0.14335,0.103503,345078.78
6.5,High,HRD2_urban,0.53,0.16073,57.0325,0.001983,0.015293,0.14335,0.103503,345078.78
6.5,High,HRD2_urban,0.54,0.16073,57.0325,0.001983,0.015293,0.14335,0.103503,345078.78
6.5,High,HRD2_urban,0.55,0.16073,57.0325,0.001983,0.015293,0.14335,0.103503,345078.78
6.5,High,HRD2_urban,0.56,0.16073,57.0325,0.001983,0.015293,0.14335,0.103503,345078.78
6.5,High,HRD2_urban,0.57,0.16073,57.0325,0.001983,0.015293,0.14335,0.103503,345078.78
6.5,High,HRD2_urban,0.58,0.16073,57.0325,0.001983,0.015293,0.14335,0.103503,345078.78
6.5,High,HRD2_urban,0.59,0.16073,57.0325,0.001983,0.015293,0.14335,0.103503,345078.78
6.5,High,HRD2_urban,0.6,0.16073,57.0325,0.001983,0.015293,0.14335,0.103503,345078.78
6.5,High,HRD2_urban,0.61,0.16073,57.0325,0.001983,0.015293,0.14335,0.103503,345078.78
6.5,High,HRD2_urban,0.62,0.16073,57.0325,0.001983,0.015293,0.14335,0.103503,345078.78
6.5,High,HRD2_urban,0.63,0.16073,57.0325,0.001983,0.015293,0.14335,0.103503,345078.78
6.5,High,HRD2_urban,0.64,0.16073,57.0325,0.001983,0.015293,0.14335,0.103503,345078.78
6.5,High,HRD2_urban,0.65,0.16073,57.0325,0.001983,0.015293,0.14335,0.103503,345078.78
6.5,High,HRD2_urban,0.66,0.16073,57.0325,0.001983,0.015293,0.14335,0.103503,345078.78
6.5,High,HRD2_urban,0.67,0.16073,57.0325,0.001983,0.015293,0.14335,0.103503,345078.78
6.5,High,HRD2_urban,0.68,0.16073,57.0325,0.001983,0.015293,0.14335,0.103503,345078.78
6.5,High,HRD2_urban,0.69,0.16073,57.0325,0.001983,0.015293,0.14335,0.103503,345078.78
6.5,High,HRD2_urban,0.7,0.16073,57.0325,0.001983,0.015293,0.14335,0.103503,345078.78
6.5,High,HRD2_urban,0.71,0.16073,57.0325,0.001983,0.015293,0.14335,0.103503,345078.78
6.5,High,HRD2_urban,0.72,0.16073,57.0325,0.001983,0.015293,0.14335,0.103503,345078.78
6.5,High,HRD2_urban,0.73,0.16073,57.0325,0.001983,0.015293,0.14335,0.103503,345078.78
6.5,High,HRD2_urban,0.74,0.16073,57.0325,0.001983,0.015293,0.14335,0.103503,345078.78
6.5,High,HRD2_urban,0.75,0.16073,57.0325,0.001983,0.015293,0.14335,0.103503,345078.78
6.5,High,HRD2_urban,0.76,0.16073,57.0325,0.001983,0.015293,0.14335,0.103503,345078.78
6.5,High,HRD2_urban,0.77,0.16073,57.0325,0.001983,0.015293,0.14335,0.103503,345078.78
6.5,High,HRD2_urban,0.78,0.16073,57.0325,0.001983,0.015293,0.14335,0.103503,345078.78
6.5,High,HRD2_urban,0.79,0.16073,57.0325,0.001983,0.015293,0.14335,0.103503,345078.78
6.5,High,HRD2_urban,0.8,0.16073,57.0325,0.001983,0.015293,0.14335,0.103503,345078.78
6.5,High,HRD2_urban,0.81,0.16073,57.0325,0.001983,0.015293,0.14335,0.103503,345078.78
6.5,High,HRD2_urban,0.82,0.16073,57.0325,0.001983,0.015293,0.14335,0.103503,345078.78
6.5,High,HRD2_urban,0.83,0.16073,57.0325,0.001983,0.015293,0.14335,0.103503,345078.78
6.5,High,HRD2_urban,0.84,0.16073,57.0325,0.001983,0.015293,0.14335,0.103503,345078.78
6.5,High,HRD2_urban,0.85,0.16073,57.0325,0.001983,0.015293,0.14335,0.103503,345078.78
6.5,High,HRD2_urban,0.86,0.16073,57.0325,0.001983,0.015293,0.14335,0.103503,345078.78
6.5,High,HRD2_urban,0.87,0.16073,57.0325,0.001983,0.015293,0.14335,0.103503,345078.78
6.5,High,HRD2_urban,0.88,0.16073,57.0325,0.001983,0.015293,0.14335,0.103503,345078.78
6.5,High,HRD2_urban,0.89,0.16073,57.0325,0.001983,0.015293,0.14335,0.103503,345078.78
6.5,High,HRD2_urban,0.9,0.16073,57.0325,0.001983,0.015293,0.14335,0.103503,345078.78
6.5,High,HRD2_urban,0.91,0.16073,57.0325,0.001983,0.015293,0.14335,0.103503,345078.78
6.5,High,HRD2_urban,0.92,0.16073,57.0325,0.001983,0.015293,0.14335,0.103503,345078.78
6.5,High,HRD2_urban,0.93,0.16073,57.0325,0.001983,0.015293,0.14335,0.103503,345078.78
6.5,High,HRD2_urban,0.94,0.16073,57.0325,0.001983,0.015293,0.14335,0.103503,345078.78
6.5,High,HRD2_urban,0.95,0.16073,57.0325,0.001983,0.015293,0.14335,0.103503,345078.78
6.5,High,HRD2_urban,0.96,0.16073,57.0325,0.001983,0.015293,0.14335,0.103503,345078.78
6.5,High,HRD2_urban,0.97,0.16073,57.0325,0.001983,0.015293,0.14335,0.103503,345078.78
6.5,High,HRD2_urban,0.98,0.16073,57.0325,0.001983,0.015293,0.14335,0.103503,345078.78
6.5,High,HRD2_urban,0.99,0.16073,57.0325,0.001983,0.015293,0.14335,0.103503,345078.78
6.5,High,HRD2_urban,1.0,0.16073,57.0325,0.001983,0.015293,0.14335,0.103503,345078.78
6.5,High,HRD2_urban,1.01,0.16073,57.0325,0.001983,0.015293,0.14335,0.103503,345078.78
6.5,High,HRD2_urban,1.02,0.16073,57.0325,0.001983,0.015293,0.14335,0.103503,345078.78
6.5,High,HRD2_urban,1.03,0.16073,57.0325,0.001983,0.015293,0.14335,0.103503,345078.78
6.5,High,HRD2_urban,1.04,0.16073,57.0325,0.001983,0.015293,0.14335,0.103503,345078.78
6.5,High,HRD2_urban,1.05,0.16073,57.0325,0.001983,0.015293,0.14335,0.103503,345078.78
6.5,High,HRD2_urban,1.06,0.16073,57.0325,0.001983,0.015293,0.14335,0.103503,345078.78
6.5,High,HRD2_urban,1.07,0.16073,57.0325,0.001983,0.015293,0.14335,0.103503,345078.78
6.5,High,HRD2_urban,1.08,0.16073,57.0325,0.001983,0.015293,0.14335,0.103503,345078.78
6.5,High,HRD2_urban,1.09,0.16073,57.0325,0.001983,0.015293,0.14335,0.103503,345078.78
6.5,High,HRD2_urban,1.1,0.16073,57.0325,0.001983,0.015293,0.14335,0.103503,345078.78
6.5,High,HRD2_urban,1.11,0.16073,57.0325,0.001983,0.015293,0.14335,0.103503,345078.78
6.5,High,HRD2_urban,1.12,0.16073,57.0325,0.001983,0.015293,0.14335,0.103503,345078.78
6.5,High,HRD2_urban,1.13,0.16073,57.0325,0.001983,0.015293,0.14335,0.103503,345078.78
6.5,High,HRD2_urban,1.14,0.16073,57.0325,0.001983,0.015293,0.14335,0.103503,345078.78
6.5,High,HRD2_urban,1.15,0.16073,57.0325,0.001983,0.015293,0.14335,0.103503,345078.78
6.5,High,HRD2_urban,1.16,0.16073,57.0325,0.001983,0.015293,0.14335,0.103503,345078.78
6.5,High,HRD2_urban,1.17,0.16073,57.0325,0.001983,0.015293,0.14335,0.103503,345078.78
6.5,High,HRD2_urban,1.18,0.16073,57.0325,0.001983,0.015293,0.14335,0.103503,345078.78
6.5,High,HRD2_urban,1.19,0.16073,57.0325,0.001983,0.015293,0.14335,0.103503,345078.78
6.5,High,HRD2_urban,1.2,0.16073,57.0325,0.001983,0.015293,0.14335,0.103503,345078.78
6.5,High,HRD2_urban,1.21,0.16073,57.0325,0.001983,0.015293,0.14335,0.103503,345078.78
6.5,High,HRD2_urban,1.22,0.16073,57.0325,0.001983,0.015293,0.14335,0.103503,345078.78
6.5,High,HRD2_urban,1.23,0.16073,57.0325,0.001983,0.015293,0.14335,0.103503,345078.78
6.5,High,HRD2_urban,1.24,0.16073,57.0325,0.001983,0.015293,0.14335,0.103503,345078.78
6.5,High,HRD2_urban,1.25,0.16073,57.0325,0.001983,0.015293,0.14335,0.103503,345078.78
6.5,High,HRD2_urban,1.26,0.16073,57.0325,0.001983,0.015293,0.14335,0.103503,345078.78
6.5,High,HRD2_urban,1.27,0.16073,57.0325,0.001983,0.015293,0.14335,0.103503,345078.78
6.5,High,HRD2_urban,1.28,0.16073,57.0325,0.001983,0.015293,0.14335,0.103503,345078.78
6.5,High,HRD2_urban,1.29,0.16073,57.0325,0.001983,0.015293,0.14335,0.103503,345078.78
6.5,High,HRD2_urban,1.3,0.16073,57.0325,0.001983,0.015293,0.14335,0.103503,345078.78
6.5,High,HRD2_urban,1.31,0.16073,57.0325,0.001983,0.015293,0.14335,0.103503,345078.78
6.5,High,HRD2_urban,1.32,0.16073,57.0325,0.001983,0.015293,0.14335,0.103503,345078.78
6.5,High,HRD2_urban,1.33,0.16073,57.0325,0.001983,0.015293,0.14335,0.103503,345078.78
6.5,High,HRD2_urban,1.34,0.16073,57.0325,0.001983,0.015293,0.14335,0.103503,345078.78
6.5,High,HRD2_urban,1.35,0.16073,57.0325,0.001983,0.015293,0.14335,0.103503,345078.78
6.5,High,HRD2_urban,1.36,0.16073,57.0325,0.001983,0.015293,0.14335,0.103503,345078.78
6.5,High,HRD2_urban,1.37,0.16073,57.0325,0.001983,0.015293,0.14335,0.103503,345078.78
6.5,High,HRD2_urban,1.38,0.16073,57.0325,0.001983,0.015293,0.14335,0.103503,345078.78
6.5,High,HRD2_urban,1.39,0.16073,57.0325,0.001983,0.015293,0.14335,0.103503,345078.78
6.5,High,HRD2_urban,1.4,0.16073,57.0325,0.001983,0.015293,0.14335,0.103503,345078.78
6.5,High,HRD2_urban,1.41,0.16073,57.0325,0.001983,0.015293,0.14335,0.103503,345078.78
6.5,High,HRD2_urban,1.42,0.16073,57.0325,0.001983,0.015293,0.14335,0.103503,345078.78
6.5,High,HRD2_urban,1.43,0.16073,57.0325,0.001983,0.015293,0.14335,0.103503,345078.78
6.5,High,HRD2_urban,1.44,0.16073,57.0325,0.001983,0.015293,0.14335,0.103503,345078.78
6.5,High,HRD2_urban,1.45,0.16073,57.0325,0.001983,0.015293,0.14335,0.103503,345078.78
6.5,High,HRD2_urban,1.46,0.16073,57.0325,0.001983,0.015293,0.14335,0.103503,345078.78
6.5,High,HRD2_urban,1.47,0.16073,57.0325,0.001983,0.015293,0.14335,0.103503,345078.78
6.5,High,HRD2_urban,1.48,0.16073,57.0325,0.001983,0.015293,0.14335,0.103503,345078.78
6.5,High,HRD2_urban,1.49,0.16073,57.0325,0.001983,0.015293,0.14335,0.103503,345078.78
6.5,High,HRD2_urban,1.5,0.16073,57.0325,0.001983,0.015293,0.14335,0.103503,345078.78
6.5,Moderate,HRD1_major,0.0,0.0,0.0,0.0,0.0,0.0,0.0,0.0
6.5,Moderate,HRD1_major,0.01,0.0,0.0,0.0,0.0,0.0,0.0,0.0
6.5,Moderate,HRD1_major,0.02,0.0,0.0,0.0,0.0,0.0,0.0,0.0
6.5,Moderate,HRD1_major,0.03,0.0,0.0,0.0,0.0,0.0,0.0,0.0
6.5,Moderate,HRD1_major,0.04,0.0,0.0,0.0,0.0,0.0,0.0,0.0
6.5,Moderate,HRD1_major,0.05,0.0,0.0,0.0,0.0,0.0,0.0,0.0
6.5,Moderate,HRD1_major,0.06,0.0,0.0,0.0,0.0,0.0,0.0,0.0
6.5,Moderate,HRD1_major,0.07,0.0,0.0,0.0,0.0,0.0,0.0,0.0
6.5,Moderate,HRD1_major,0.08,0.0,0.0,0.0,0.0,0.0,0.0,0.0
6.5,Moderate,HRD1_major,0.09,0.0,0.0,0.0,0.0,0.0,0.0,0.0
6.5,Moderate,HRD1_major,0.1,0.0,0.0,0.0,0.0,0.0,0.0,0.0
6.5,Moderate,HRD1_major,0.11,0.0,0.0,0.0,0.0,0.0,0.0,0.0
6.5,Moderate,HRD1_major,0.12,0.0,0.0,0.0,0.0,0.0,0.0,0.0
6.5,Moderate,HRD1_major,0.13,0.0,0.0,0.0,0.0,0.0,0.0,0.0
6.5,Moderate,HRD1_major,0.14,0.0,0.0,0.0,0.0,0.0,0.0,0.0
6.5,Moderate,HRD1_major,0.15,4e-05,2.0,0.0,0.0,0.0,0.0,0.08
6.5,Moderate,HRD1_major,0.16,0.005401,2.0,2.7e-05,1e-06,0.0,2e-06,10.48
6.5,Moderate,HRD1_major,0.17,0.010761,2.0,5.4e-05,2e-06,0.0,3e-06,20.89
6.5,Moderate,HRD1_major,0.18,0.016121,2.0,8.1e-05,3e-06,0.0,5e-06,31.3
6.5,Moderate,HRD1_major,0.19,0.021482,2.0,0.000108,4e-06,0.0,6e-06,41.7
6.5,Moderate,HRD1_major,0.2,0.026842,2.2813,0.000227,1e-05,0.0,1.3e-05,89.76
6.5,Moderate,HRD1_major,0.21,0.032202,2.7376,0.000529,3.1e-05,0.0,3.3e-05,218.14
6.5,Moderate,HRD1_major,0.22,0.037563,3.1938,0.001027,7.4e-05,1e-06,6.6e-05,443.27
6.5,Moderate,HRD1_major,0.23,0.042923,3.6501,0.001759,0.000152,1e-06,0.000119,795.17
6.5,Moderate,HRD1_major,0.24,0.048283,4.1063,0.002749,0.000278,3e-06,0.000195,1302.27
6.5,Moderate,HRD1_major,0.25,0.053644,4.5626,0.004008,0.000469,6e-06,0.000299,1990.52
6.5,Moderate,HRD1_major,0.26,0.059004,5.0189,0.005536,0.000737,1.2e-05,0.000432,2883.04
6.5,Moderate,HRD1_major,0.27,0.064364,5.4751,0.007323,0.001098,2e-05,0.0006,4000.15
6.5,Moderate,HRD1_major,0.28,0.069725,5.9314,0.009352,0.001565,3.3e-05,0.000804,5359.41
6.5,Moderate,HRD1_major,0.29,0.075085,6.3876,0.011604,0.002149,5.2e-05,0.001046,6975.95
6.5,Moderate,HRD1_major,0.3,0.080365,6.8439,0.014038,0.002859,7.7e-05,0.001328,8853.8
6.5,Moderate,HRD1_major,0.31,0.080365,7.5283,0.016383,0.003803,0.000122,0.001665,11100.95
6.5,Moderate,HRD1_major,0.32,0.080365,8.2127,0.018583,0.004863,0.000181,0.002028,13524.97
6.5,Moderate,HRD1_major,0.33,0.080365,8.8971,0.020605,0.006024,0.000257,0.002415,16102.78
6.5,Moderate,HRD1_major,0.34,0.080365,9.5815,0.02243,0.007266,0.000353,0.002822,18814.0
6.5,Moderate,HRD1_major,0.35,0.080365,10.2659,0.024049,0.008575,0.000469,0.003245,21640.77
6.5,Moderate,HRD1_major,0.36,0.080365,10.9502,0.025462,0.009933,0.000607,0.003684,24567.52
6.5,Moderate,HRD1_major,0.37,0.080365,11.6346,0.026674,0.011325,0.000768,0.004136,27580.71
6.5,Moderate,HRD1_major,0.38,0.080365,12.319,0.027693,0.012738,0.000953,0.004599,30668.56
6.5,Moderate,HRD1_major,0.39,0.080365,13.0034,0.028531,0.01416,0.001162,0.005072,33820.8
6.5,Moderate,HRD1_major,0.4,0.080365,13.6878,0.0292,0.015578,0.001397,0.005553,37028.44
6.5,Moderate,HRD1_major,0.41,0.080365,14.3722,0.029715,0.016983,0.001656,0.006041,40283.56
6.5,Moderate,HRD1_major,0.42,0.080365,15.0566,0.030089,0.018368,0.001939,0.006536,43579.2
6.5,Moderate,HRD1_major,0.43,0.080365,15.741,0.030335,0.019724,0.002248,0.007035,46909.15
6.5,Moderate,HRD1_major,0.44,0.080365,16.4254,0.030466,0.021047,0.00258,0.007539,50267.87
6.5,Moderate,HRD1_major,0.45,0.080365,17.1098,0.030495,0.02233,0.002936,0.008046,53650.38
6.5,Moderate,HRD1_major,0.46,0.080365,19.7713,0.029835,0.026886,0.004531,0.010041,66952.31
6.5,Moderate,HRD1_major,0.47,0.080365,22.4328,0.028344,0.03067,0.006425,0.012048,80338.64
6.5,Moderate,HRD1_major,0.48,0.080365,25.0943,0.026411,0.033663,0.00856,0.014045,93653.24
6.5,Moderate,HRD1_major,0.49,0.080365,27.7558,0.024291,0.035914,0.01088,0.016014,106778.28
6.5,Moderate,HRD1_major,0.5,0.080365,30.4173,0.022142,0.037499,0.013333,0.01794,119623.71
6.5,Moderate,HRD1_major,0.51,0.080365,33.0789,0.020061,0.038508,0.015871,0.019814,132121.14
6.5,Moderate,HRD1_major,0.52,0.080365,35.7404,0.0181,0.03903,0.018454,0.021629,144219.86
6.5,Moderate,HRD1_major,0.53,0.080365,38.4019,0.016287,0.039149,0.021048,0.023378,155883.7
6.5,Moderate,HRD1_major,0.54,0.080365,41.0634,0.01463,0.03894,0.023627,0.025058,167088.56
6.5,Moderate,HRD1_major,0.55,0.080365,43.7249,0.01313,0.038466,0.026169,0.026668,177820.26
6.5,Moderate,HRD1_major,0.56,0.080365,46.3864,0.011778,0.037785,0.028656,0.028205,188072.65
6.5,Moderate,HRD1_major,0.57,0.080365,49.048,0.010565,0.036943,0.031077,0.029671,197846.06
6.5,Moderate,HRD1_major,0.58,0.080365,51.7095,0.00948,0.035979,0.033423,0.031066,207145.88
6.5,Moderate,HRD1_major,0.59,0.080365,54.371,0.008511,0.034927,0.035685,0.032391,215981.47
6.5,Moderate,HRD1_major,0.6,0.080365,57.0325,0.007647,0.033814,0.037861,0.033648,224365.17
6.5,Moderate,HRD1_major,0.61,0.080365,57.0325,0.007647,0.033814,0.037861,0.033648,224365.17
6.5,Moderate,HRD1_major,0.62,0.080365,57.0325,0.007647,0.033814,0.037861,0.033648,224365.17
6.5,Moderate,HRD1_major,0.63,0.080365,57.0325,0.007647,0.033814,0.037861,0.033648,224365.17
6.5,Moderate,HRD1_major,0.64,0.080365,57.0325,0.007647,0.033814,0.037861,0.033648,224365.17
6.5,Moderate,HRD1_major,0.65,0.080365,57.0325,0.007647,0.033814,0.037861,0.033648,224365.17
6.5,Moderate,HRD1_major,0.66,0.080365,57.0325,0.007647,0.033814,0.037861,0.033648,224365.17
6.5,Moderate,HRD1_major,0.67,0.080365,57.0325,0.007647,0.033814,0.037861,0.033648,224365.17
6.5,Moderate,HRD1_major,0.68,0.080365,57.0325,0.007647,0.033814,0.037861,0.033648,224365.17
6.5,Moderate,HRD1_major,0.69,0.080365,57.0325,0.007647,0.033814,0.037861,0.033648,224365.17
6.5,Moderate,HRD1_major,0.7,0.080365,57.0325,0.007647,0.033814,0.037861,0.033648,224365.17
6.5,Moderate,HRD1_major,0.71,0.080365,57.0325,0.007647,0.033814,0.037861,0.033648,224365.17
6.5,Moderate,HRD1_major,0.72,0.080365,57.0325,0.007647,0.033814,0.037861,0.033648,224365.17
6.5,Moderate,HRD1_major,0.73,0.080365,57.0325,0.007647,0.033814,0.037861,0.033648,224365.17
6.5,Moderate,HRD1_major,0.74,0.080365,57.0325,0.007647,0.033814,0.037861,0.033648,224365.17
6.5,Moderate,HRD1_major,0.75,0.080365,57.0325,0.007647,0.033814,0.037861,0.033648,224365.17
6.5,Moderate,HRD1_major,0.76,0.080365,57.0325,0.007647,0.033814,0.037861,0.033648,224365.17
6.5,Moderate,HRD1_major,0.77,0.080365,57.0325,0.007647,0.033814,0.037861,0.033648,224365.17
6.5,Moderate,HRD1_major,0.78,0.080365,57.0325,0.007647,0.033814,0.037861,0.033648,224365.17
6.5,Moderate,HRD1_major,0.79,0.080365,57.0325,0.007647,0.033814,0.037861,0.033648,224365.17
6.5,Moderate,HRD1_major,0.8,0.080365,57.0325,0.007647,0.033814,0.037861,0.033648,224365.17
6.5,Moderate,HRD1_major,0.81,0.080365,57.0325,0.007647,0.033814,0.037861,0.033648,224365.17
6.5,Moderate,HRD1_major,0.82,0.080365,57.0325,0.007647,0.033814,0.037861,0.033648,224365.17
6.5,Moderate,HRD1_major,0.83,0.080365,57.0325,0.007647,0.033814,0.037861,0.033648,224365.17
6.5,Moderate,HRD1_major,0.84,0.080365,57.0325,0.007647,0.033814,0.037861,0.033648,224365.17
6.5,Moderate,HRD1_major,0.85,0.080365,57.0325,0.007647,0.033814,0.037861,0.033648,224365.17
6.5,Moderate,HRD1_major,0.86,0.080365,57.0325,0.007647,0.033814,0.037861,0.033648,224365.17
6.5,Moderate,HRD1_major,0.87,0.080365,57.0325,0.007647,0.033814,0.037861,0.033648,224365.17
6.5,Moderate,HRD1_major,0.88,0.080365,57.0325,0.007647,0.033814,0.037861,0.033648,224365.17
6.5,Moderate,HRD1_major,0.89,0.080365,57.0325,0.007647,0.033814,0.037861,0.033648,224365.17
6.5,Moderate,HRD1_major,0.9,0.080365,57.0325,0.007647,0.033814,0.037861,0.033648,224365.17
6.5,Moderate,HRD1_major,0.91,0.080365,57.0325,0.007647,0.033814,0.037861,0.033648,224365.17
6.5,Moderate,HRD1_major,0.92,0.080365,57.0325,0.007647,0.033814,0.037861,0.033648,224365.17
6.5,Moderate,HRD1_major,0.93,0.080365,57.0325,0.007647,0.033814,0.037861,0.033648,224365.17
6.5,Moderate,HRD1_major,0.94,0.080365,57.0325,0.007647,0.033814,0.037861,0.033648,224365.17
6.5,Moderate,HRD1_major,0.95,0.080365,57.0325,0.007647,0.033814,0.037861,0.033648,224365.17
6.5,Moderate,HRD1_major,0.96,0.080365,57.0325,0.007647,0.033814,0.037861,0.033648,224365.17
6.5,Moderate,HRD1_major,0.97,0.080365,57.0325,0.007647,0.033814,0.037861,0.033648,224365.17
6.5,Moderate,HRD1_major,0.98,0.080365,57.0325,0.007647,0.033814,0.037861,0.033648,224365.17
6.5,Moderate,HRD1_major,0.99,0.080365,57.0325,0.007647,0.033814,0.037861,0.033648,224365.17
6.5,Moderate,HRD1_major,1.0,0.080365,57.0325,0.007647,0.033814,0.037861,0.033648,224365.17
6.5,Moderate,HRD1_major,1.01,0.080365,57.0325,0.007647,0.033814,0.037861,0.033648,224365.17
6.5,Moderate,HRD1_major,1.02,0.080365,57.0325,0.007647,0.033814,0.037861,0.033648,224365.17
6.5,Moderate,HRD1_major,1.03,0.080365,57.0325,0.007647,0.033814,0.037861,0.033648,224365.17
6.5,Moderate,HRD1_major,1.04,0.080365,57.0325,0.007647,0.033814,0.037861,0.033648,224365.17
6.5,Moderate,HRD1_major,1.05,0.080365,57.0325,0.007647,0.033814,0.037861,0.033648,224365.17
6.5,Moderate,HRD1_major,1.06,0.080365,57.0325,0.007647,0.033814,0.037861,0.033648,224365.17
6.5,Moderate,HRD1_major,1.07,0.080365,57.0325,0.007647,0.033814,0.037861,0.033648,224365.17
6.5,Moderate,HRD1_major,1.08,0.080365,57.0325,0.007647,0.033814,0.037861,0.033648,224365.17
6.5,Moderate,HRD1_major,1.09,0.080365,57.0325,0.007647,0.033814,0.037861,0.033648,224365.17
6.5,Moderate,HRD1_major,1.1,0.080365,57.0325,0.007647,0.033814,0.037861,0.033648,224365.17
6.5,Moderate,HRD1_major,1.11,0.080365,57.0325,0.007647,0.033814,0.037861,0.033648,224365.17
6.5,Moderate,HRD1_major,1.12,0.080365,57.0325,0.007647,0.033814,0.037861,0.033648,224365.17
6.5,Moderate,HRD1_major,1.13,0.080365,57.0325,0.007647,0.033814,0.037861,0.033648,224365.17
6.5,Moderate,HRD1_major,1.14,0.080365,57.0325,0.007647,0.033814,0.037861,0.033648,224365.17
6.5,Moderate,HRD1_major,1.15,0.080365,57.0325,0.007647,0.033814,0.037861,0.033648,224365.17
6.5,Moderate,HRD1_major,1.16,0.080365,57.0325,0.007647,0.033814,0.037861,0.033648,224365.17
6.5,Moderate,HRD1_major,1.17,0.080365,57.0325,0.007647,0.033814,0.037861,0.033648,224365.17
6.5,Moderate,HRD1_major,1.18,0.080365,57.0325,0.007647,0.033814,0.037861,0.033648,224365.17
6.5,Moderate,HRD1_major,1.19,0.080365,57.0325,0.007647,0.033814,0.037861,0.033648,224365.17
6.5,Moderate,HRD1_major,1.2,0.080365,57.0325,0.007647,0.033814,0.037861,0.033648,224365.17
6.5,Moderate,HRD1_major,1.21,0.080365,57.0325,0.007647,0.033814,0.037861,0.033648,224365.17
6.5,Moderate,HRD1_major,1.22,0.080365,57.0325,0.007647,0.033814,0.037861,0.033648,224365.17
6.5,Moderate,HRD1_major,1.23,0.080365,57.0325,0.007647,0.033814,0.037861,0.033648,224365.17
6.5,Moderate,HRD1_major,1.24,0.080365,57.0325,0.007647,0.033814,0.037861,0.033648,224365.17
6.5,Moderate,HRD1_major,1.25,0.080365,57.0325,0.007647,0.033814,0.037861,0.033648,224365.17
6.5,Moderate,HRD1_major,1.26,0.080365,57.0325,0.007647,0.033814,0.037861,0.033648,224365.17
6.5,Moderate,HRD1_major,1.27,0.080365,57.0325,0.007647,0.033814,0.037861,0.033648,224365.17
6.5,Moderate,HRD1_major,1.28,0.080365,57.0325,0.007647,0.033814,0.037861,0.033648,224365.17
6.5,Moderate,HRD1_major,1.29,0.080365,57.0325,0.007647,0.033814,0.037861,0.033648,224365.17
6.5,Moderate,HRD1_major,1.3,0.080365,57.0325,0.007647,0.033814,0.037861,0.033648,224365.17
6.5,Moderate,HRD1_major,1.31,0.080365,57.0325,0.007647,0.033814,0.037861,0.033648,224365.17
6.5,Moderate,HRD1_major,1.32,0.080365,57.0325,0.007647,0.033814,0.037861,0.033648,224365.17
6.5,Moderate,HRD1_major,1.33,0.080365,57.0325,0.007647,0.033814,0.037861,0.033648,224365.17
6.5,Moderate,HRD1_major,1.34,0.080365,57.0325,0.007647,0.033814,0.037861,0.033648,224365.17
6.5,Moderate,HRD1_major,1.35,0.080365,57.0325,0.007647,0.033814,0.037861,0.033648,224365.17
6.5,Moderate,HRD1_major,1.36,0.080365,57.0325,0.007647,0.033814,0.037861,0.033648,224365.17
6.5,Moderate,HRD1_major,1.37,0.080365,57.0325,0.007647,0.033814,0.037861,0.033648,224365.17
6.5,Moderate,HRD1_major,1.38,0.080365,57.0325,0.007647,0.033814,0.037861,0.033648,224365.17
6.5,Moderate,HRD1_major,1.39,0.080365,57.0325,0.007647,0.033814,0.037861,0.033648,224365.17
6.5,Moderate,HRD1_major,1.4,0.080365,57.0325,0.007647,0.033814,0.037861,0.033648,224365.17
6.5,Moderate,HRD1_major,1.41,0.080365,57.0325,0.007647,0.033814,0.037861,0.033648,224365.17
6.5,Moderate,HRD1_major,1.42,0.080365,57.0325,0.007647,0.033814,0.037861,0.033648,224365.17
6.5,Moderate,HRD1_major,1.43,0.080365,57.0325,0.007647,0.033814,0.037861,0.033648,224365.17
6.5,Moderate,HRD1_major,1.44,0.080365,57.0325,0.007647,0.033814,0.037861,0.033648,224365.17
6.5,Moderate,HRD1_major,1.45,0.080365,57.0325,0.007647,0.033814,0.037861,0.033648,224365.17
6.5,Moderate,HRD1_major,1.46,0.080365,57.0325,0.007647,0.033814,0.037861,0.033648,224365.17
6.5,Moderate,HRD1_major,1.47,0.080365,57.0325,0.007647,0.033814,0.037861,0.033648,224365.17
6.5,Moderate,HRD1_major,1.48,0.080365,57.0325,0.007647,0.033814,0.037861,0.033648,224365.17
6.5,Moderate,HRD1_major,1.49,0.080365,57.0325,0.007647,0.033814,0.037861,0.033648,224365.17
6.5,Moderate,HRD1_major,1.5,0.080365,57.0325,0.007647,0.033814,0.037861,0.033648,224365.17
6.5,Moderate,HRD2_urban,0.0,0.0,0.0,0.0,0.0,0.0,0.0,0.0
6.5,Moderate,HRD2_urban,0.01,0.0,0.0,0.0,0.0,0.0,0.0,0.0
6.5,Moderate,HRD2_urban,0.02,0.0,0.0,0.0,0.0,0.0,0.0,0.0
6.5,Moderate,HRD2_urban,0.03,0.0,0.0,0.0,0.0,0.0,0.0,0.0
6.5,Moderate,HRD2_urban,0.04,0.0,0.0,0.0,0.0,0.0,0.0,0.0
6.5,Moderate,HRD2_urban,0.05,0.0,0.0,0.0,0.0,0.0,0.0,0.0
6.5,Moderate,HRD2_urban,0.06,0.0,0.0,0.0,0.0,0.0,0.0,0.0
6.5,Moderate,HRD2_urban,0.07,0.0,0.0,0.0,0.0,0.0,0.0,0.0
6.5,Moderate,HRD2_urban,0.08,0.0,0.0,0.0,0.0,0.0,0.0,0.0
6.5,Moderate,HRD2_urban,0.09,0.0,0.0,0.0,0.0,0.0,0.0,0.0
6.5,Moderate,HRD2_urban,0.1,0.0,0.0,0.0,0.0,0.0,0.0,0.0
6.5,Moderate,HRD2_urban,0.11,0.0,0.0,0.0,0.0,0.0,0.0,0.0
6.5,Moderate,HRD2_urban,0.12,0.0,0.0,0.0,0.0,0.0,0.0,0.0
6.5,Moderate,HRD2_urban,0.13,0.0,0.0,0.0,0.0,0.0,0.0,0.0
6.5,Moderate,HRD2_urban,0.14,0.0,0.0,0.0,0.0,0.0,0.0,0.0
6.5,Moderate,HRD2_urban,0.15,4e-05,2.0,2e-06,0.0,0.0,0.0,0.51
6.5,Moderate,HRD2_urban,0.16,0.005401,2.0,0.000286,2.7e-05,1e-06,2e-05,68.34
6.5,Moderate,HRD2_urban,0.17,0.010761,2.0,0.000571,5.4e-05,2e-06,4.1e-05,136.18
6.5,Moderate,HRD2_urban,0.18,0.016121,2.0,0.000855,8.1e-05,3e-06,6.1e-05,204.02
6.5,Moderate,HRD2_urban,0.19,0.021482,2.0,0.001139,0.000108,4e-06,8.2e-05,271.85
6.5,Moderate,HRD2_urban,0.2,0.026842,2.2813,0.002006,0.000227,1e-05,0.000153,510.12
6.5,Moderate,HRD2_urban,0.21,0.032202,2.7376,0.003664,0.000529,3.1e-05,0.000311,1035.56
6.5,Moderate,HRD2_urban,0.22,0.037563,3.1938,0.005805,0.001027,7.4e-05,0.000548,1825.93
6.5,Moderate,HRD2_urban,0.23,0.042923,3.6501,0.00834,0.001759,0.000153,0.000876,2920.49
6.5,Moderate,HRD2_urban,0.24,0.048283,4.1063,0.011164,0.002749,0.000282,0.001305,4351.26
6.5,Moderate,HRD2_urban,0.25,0.053644,4.5626,0.014175,0.004008,0.000475,0.001843,6144.01
6.5,Moderate,HRD2_urban,0.26,0.059004,5.0189,0.017277,0.005536,0.000749,0.002495,8319.17
6.5,Moderate,HRD2_urban,0.27,0.064364,5.4751,0.020393,0.007323,0.001118,0.003267,10892.53
6.5,Moderate,HRD2_urban,0.28,0.069725,5.9314,0.023455,0.009352,0.001598,0.004162,13875.8
6.5,Moderate,HRD2_urban,0.29,0.075085,6.3876,0.026413,0.011604,0.002201,0.005182,17277.13
6.5,Moderate,HRD2_urban,0.3,0.080365,6.8439,0.0292,0.014038,0.002936,0.006323,21080.39
6.5,Moderate,HRD2_urban,0.31,0.080365,7.5283,0.030089,0.016383,0.003925,0.007528,25098.94
6.5,Moderate,HRD2_urban,0.32,0.080365,8.2127,0.030466,0.018583,0.005044,0.008771,29241.71
6.5,Moderate,HRD2_urban,0.33,0.080365,8.8971,0.030432,0.020605,0.006281,0.010039,33470.11
6.5,Moderate,HRD2_urban,0.34,0.080365,9.5815,0.030076,0.02243,0.007619,0.011323,37750.72
6.5,Moderate,HRD2_urban,0.35,0.080365,10.2659,0.029474,0.024049,0.009043,0.012614,42054.77
6.5,Moderate,HRD2_urban,0.36,0.080365,10.9502,0.028688,0.025462,0.01054,0.013905,46357.66
6.5,Moderate,HRD2_urban,0.37,0.080365,11.6346,0.02777,0.026674,0.012093,0.015188,50638.44
6.5,Moderate,HRD2_urban,0.38,0.080365,12.319,0.026762,0.027693,0.013691,0.016461,54879.49
6.5,Moderate,HRD2_urban,0.39,0.080365,13.0034,0.025696,0.028531,0.015322,0.017716,59066.06
6.5,Moderate,HRD2_urban,0.4,0.080365,13.6878,0.024598,0.0292,0.016974,0.018952,63185.97
6.5,Moderate,HRD2_urban,0.41,0.080365,14.3722,0.02349,0.029715,0.018639,0.020165,67229.3
6.5,Moderate,HRD2_urban,0.42,0.080365,15.0566,0.022386,0.030089,0.020307,0.021352,71188.07
6.5,Moderate,HRD2_urban,0.43,0.080365,15.741,0.021298,0.030335,0.021972,0.022512,75056.0
6.5,Moderate,HRD2_urban,0.44,0.080365,16.4254,0.020235,0.030466,0.023627,0.023644,78828.28
6.5,Moderate,HRD2_urban,0.45,0.080365,17.1098,0.019204,0.030495,0.025266,0.024745,82501.39
6.5,Moderate,HRD2_urban,0.46,0.080365,19.7713,0.015558,0.029835,0.031417,0.028737,95809.14
6.5,Moderate,HRD2_urban,0.47,0.080365,22.4328,0.012533,0.028344,0.037094,0.032262,107560.07
6.5,Moderate,HRD2_urban,0.48,0.080365,25.0943,0.010085,0.026411,0.042223,0.035343,117833.15
6.5,Moderate,HRD2_urban,0.49,0.080365,27.7558,0.008129,0.024291,0.046794,0.03802,126760.27
6.5,Moderate,HRD2_urban,0.5,0.080365,30.4173,0.006571,0.022142,0.050832,0.040339,134491.21
6.5,Moderate,HRD2_urban,0.51,0.080365,33.0789,0.005333,0.020061,0.054379,0.042344,141174.93
6.5,Moderate,HRD2_urban,0.52,0.080365,35.7404,0.004347,0.0181,0.057484,0.044076,146950.36
6.5,Moderate,HRD2_urban,0.53,0.080365,38.4019,0.003559,0.016287,0.060198,0.045574,151942.48
6.5,Moderate,HRD2_urban,0.54,0.080365,41.0634,0.002927,0.01463,0.062567,0.046869,156261.32
6.5,Moderate,HRD2_urban,0.55,0.080365,43.7249,0.002418,0.01313,0.064635,0.047991,160002.43
6.5,Moderate,HRD2_urban,0.56,0.080365,46.3864,0.002006,0.011778,0.066441,0.048965,163248.08
6.5,Moderate,HRD2_urban,0.57,0.080365,49.048,0.001672,0.010565,0.06802,0.049811,166068.75
6.5,Moderate,HRD2_urban,0.58,0.080365,51.7095,0.001399,0.00948,0.069402,0.050547,168524.6
6.5,Moderate,HRD2_urban,0.59,0.080365,54.371,0.001175,0.008511,0.070613,0.05119,170666.91
6.5,Moderate,HRD2_urban,0.6,0.080365,57.0325,0.000991,0.007647,0.071675,0.051751,172539.39
6.5,Moderate,HRD2_urban,0.61,0.080365,57.0325,0.000991,0.007647,0.071675,0.051751,172539.39
6.5,Moderate,HRD2_urban,0.62,0.080365,57.0325,0.000991,0.007647,0.071675,0.051751,172539.39
6.5,Moderate,HRD2_urban,0.63,0.080365,57.0325,0.000991,0.007647,0.071675,0.051751,172539.39
6.5,Moderate,HRD2_urban,0.64,0.080365,57.0325,0.000991,0.007647,0.071675,0.051751,172539.39
6.5,Moderate,HRD2_urban,0.65,0.080365,57.0325,0.000991,0.007647,0.071675,0.051751,172539.39
6.5,Moderate,HRD2_urban,0.66,0.080365,57.0325,0.000991,0.007647,0.071675,0.051751,172539.39
6.5,Moderate,HRD2_urban,0.67,0.080365,57.0325,0.000991,0.007647,0.071675,0.051751,172539.39
6.5,Moderate,HRD2_urban,0.68,0.080365,57.0325,0.000991,0.007647,0.071675,0.051751,172539.39
6.5,Moderate,HRD2_urban,0.69,0.080365,57.0325,0.000991,0.007647,0.071675,0.051751,172539.39
6.5,Moderate,HRD2_urban,0.7,0.080365,57.0325,0.000991,0.007647,0.071675,0.051751,172539.39
6.5,Moderate,HRD2_urban,0.71,0.080365,57.0325,0.000991,0.007647,0.071675,0.051751,172539.39
6.5,Moderate,HRD2_urban,0.72,0.080365,57.0325,0.000991,0.007647,0.071675,0.051751,172539.39
6.5,Moderate,HRD2_urban,0.73,0.080365,57.0325,0.000991,0.007647,0.071675,0.051751,172539.39
6.5,Moderate,HRD2_urban,0.74,0.080365,57.0325,0.000991,0.007647,0.071675,0.051751,172539.39
6.5,Moderate,HRD2_urban,0.75,0.080365,57.0325,0.000991,0.007647,0.071675,0.051751,172539.39
6.5,Moderate,HRD2_urban,0.76,0.080365,57.0325,0.000991,0.007647,0.071675,0.051751,172539.39
6.5,Moderate,HRD2_urban,0.77,0.080365,57.0325,0.000991,0.007647,0.071675,0.051751,172539.39
6.5,Moderate,HRD2_urban,0.78,0.080365,57.0325,0.000991,0.007647,0.071675,0.051751,172539.39
6.5,Moderate,HRD2_urban,0.79,0.080365,57.0325,0.000991,0.007647,0.071675,0.051751,172539.39
6.5,Moderate,HRD2_urban,0.8,0.080365,57.0325,0.000991,0.007647,0.071675,0.051751,172539.39
6.5,Moderate,HRD2_urban,0.81,0.080365,57.0325,0.000991,0.007647,0.071675,0.051751,172539.39
6.5,Moderate,HRD2_urban,0.82,0.080365,57.0325,0.000991,0.007647,0.071675,0.051751,172539.39
6.5,Moderate,HRD2_urban,0.83,0.080365,57.0325,0.000991,0.007647,0.071675,0.051751,172539.39
6.5,Moderate,HRD2_urban,0.84,0.080365,57.0325,0.000991,0.007647,0.071675,0.051751,172539.39
6.5,Moderate,HRD2_urban,0.85,0.080365,57.0325,0.000991,0.007647,0.071675,0.051751,172539.39
6.5,Moderate,HRD2_urban,0.86,0.080365,57.0325,0.000991,0.007647,0.071675,0.051751,172539.39
6.5,Moderate,HRD2_urban,0.87,0.080365,57.0325,0.000991,0.007647,0.071675,0.051751,172539.39
6.5,Moderate,HRD2_urban,0.88,0.080365,57.0325,0.000991,0.007647,0.071675,0.051751,172539.39
6.5,Moderate,HRD2_urban,0.89,0.080365,57.0325,0.000991,0.007647,0.071675,0.051751,172539.39
6.5,Moderate,HRD2_urban,0.9,0.080365,57.0325,0.000991,0.007647,0.071675,0.051751,172539.39
6.5,Moderate,HRD2_urban,0.91,0.080365,57.0325,0.000991,0.007647,0.071675,0.051751,172539.39
6.5,Moderate,HRD2_urban,0.92,0.080365,57.0325,0.000991,0.007647,0.071675,0.051751,172539.39
6.5,Moderate,HRD2_urban,0.93,0.080365,57.0325,0.000991,0.007647,0.071675,0.051751,172539.39
6.5,Moderate,HRD2_urban,0.94,0.080365,57.0325,0.000991,0.007647,0.071675,0.051751,172539.39
6.5,Moderate,HRD2_urban,0.95,0.080365,57.0325,0.000991,0.007647,0.071675,0.051751,172539.39
6.5,Moderate,HRD2_urban,0.96,0.080365,57.0325,0.000991,0.007647,0.071675,0.051751,172539.39
6.5,Moderate,HRD2_urban,0.97,0.080365,57.0325,0.000991,0.007647,0.071675,0.051751,172539.39
6.5,Moderate,HRD2_urban,0.98,0.080365,57.0325,0.000991,0.007647,0.071675,0.051751,172539.39
6.5,Moderate,HRD2_urban,0.99,0.080365,57.0325,0.000991,0.007647,0.071675,0.051751,172539.39
6.5,Moderate,HRD2_urban,1.0,0.080365,57.0325,0.000991,0.007647,0.071675,0.051751,172539.39
6.5,Moderate,HRD2_urban,1.01,0.080365,57.0325,0.000991,0.007647,0.071675,0.051751,172539.39
6.5,Moderate,HRD2_urban,1.02,0.080365,57.0325,0.000991,0.007647,0.071675,0.051751,172539.39
6.5,Moderate,HRD2_urban,1.03,0.080365,57.0325,0.000991,0.007647,0.071675,0.051751,172539.39
6.5,Moderate,HRD2_urban,1.04,0.080365,57.0325,0.000991,0.007647,0.071675,0.051751,172539.39
6.5,Moderate,HRD2_urban,1.05,0.080365,57.0325,0.000991,0.007647,0.071675,0.051751,172539.39
6.5,Moderate,HRD2_urban,1.06,0.080365,57.0325,0.000991,0.007647,0.071675,0.051751,172539.39
6.5,Moderate,HRD2_urban,1.07,0.080365,57.0325,0.000991,0.007647,0.071675,0.051751,172539.39
6.5,Moderate,HRD2_urban,1.08,0.080365,57.0325,0.000991,0.007647,0.071675,0.051751,172539.39
6.5,Moderate,HRD2_urban,1.09,0.080365,57.0325,0.000991,0.007647,0.071675,0.051751,172539.39
6.5,Moderate,HRD2_urban,1.1,0.080365,57.0325,0.000991,0.007647,0.071675,0.051751,172539.39
6.5,Moderate,HRD2_urban,1.11,0.080365,57.0325,0.000991,0.007647,0.071675,0.051751,172539.39
6.5,Moderate,HRD2_urban,1.12,0.080365,57.0325,0.000991,0.007647,0.071675,0.051751,172539.39
6.5,Moderate,HRD2_urban,1.13,0.080365,57.0325,0.000991,0.007647,0.071675,0.051751,172539.39
6.5,Moderate,HRD2_urban,1.14,0.080365,57.0325,0.000991,0.007647,0.071675,0.051751,172539.39
6.5,Moderate,HRD2_urban,1.15,0.080365,57.0325,0.000991,0.007647,0.071675,0.051751,172539.39
6.5,Moderate,HRD2_urban,1.16,0.080365,57.0325,0.000991,0.007647,0.071675,0.051751,172539.39
6.5,Moderate,HRD2_urban,1.17,0.080365,57.0325,0.000991,0.007647,0.071675,0.051751,172539.39
6.5,Moderate,HRD2_urban,1.18,0.080365,57.0325,0.000991,0.007647,0.071675,0.051751,172539.39
6.5,Moderate,HRD2_urban,1.19,0.080365,57.0325,0.000991,0.007647,0.071675,0.051751,172539.39
6.5,Moderate,HRD2_urban,1.2,0.080365,57.0325,0.000991,0.007647,0.071675,0.051751,172539.39
6.5,Moderate,HRD2_urban,1.21,0.080365,57.0325,0.000991,0.007647,0.071675,0.051751,172539.39
6.5,Moderate,HRD2_urban,1.22,0.080365,57.0325,0.000991,0.007647,0.071675,0.051751,172539.39
6.5,Moderate,HRD2_urban,1.23,0.080365,57.0325,0.000991,0.007647,0.071675,0.051751,172539.39
6.5,Moderate,HRD2_urban,1.24,0.080365,57.0325,0.000991,0.007647,0.071675,0.051751,172539.39
6.5,Moderate,HRD2_urban,1.25,0.080365,57.0325,0.000991,0.007647,0.071675,0.051751,172539.39
6.5,Moderate,HRD2_urban,1.26,0.080365,57.0325,0.000991,0.007647,0.071675,0.051751,172539.39
6.5,Moderate,HRD2_urban,1.27,0.080365,57.0325,0.000991,0.007647,0.071675,0.051751,172539.39
6.5,Moderate,HRD2_urban,1.28,0.080365,57.0325,0.000991,0.007647,0.071675,0.051751,172539.39
6.5,Moderate,HRD2_urban,1.29,0.080365,57.0325,0.000991,0.007647,0.071675,0.051751,172539.39
6.5,Moderate,HRD2_urban,1.3,0.080365,57.0325,0.000991,0.007647,0.071675,0.051751,172539.39
6.5,Moderate,HRD2_urban,1.31,0.080365,57.0325,0.000991,0.007647,0.071675,0.051751,172539.39
6.5,Moderate,HRD2_urban,1.32,0.080365,57.0325,0.000991,0.007647,0.071675,0.051751,172539.39
6.5,Moderate,HRD2_urban,1.33,0.080365,57.0325,0.000991,0.007647,0.071675,0.051751,172539.39
6.5,Moderate,HRD2_urban,1.34,0.080365,57.0325,0.000991,0.007647,0.071675,0.051751,172539.39
6.5,Moderate,HRD2_urban,1.35,0.080365,57.0325,0.000991,0.007647,0.071675,0.051751,172539.39
6.5,Moderate,HRD2_urban,1.36,0.080365,57.0325,0.000991,0.007647,0.071675,0.051751,172539.39
6.5,Moderate,HRD2_urban,1.37,0.080365,57.0325,0.000991,0.007647,0.071675,0.051751,172539.39
6.5,Moderate,HRD2_urban,1.38,0.080365,57.0325,0.000991,0.007647,0.071675,0.051751,172539.39
6.5,Moderate,HRD2_urban,1.39,0.080365,57.0325,0.000991,0.007647,0.071675,0.051751,172539.39
6.5,Moderate,HRD2_urban,1.4,0.080365,57.0325,0.000991,0.007647,0.071675,0.051751,172539.39
6.5,Moderate,HRD2_urban,1.41,0.080365,57.0325,0.000991,0.007647,0.071675,0.051751,172539.39
6.5,Moderate,HRD2_urban,1.42,0.080365,57.0325,0.000991,0.007647,0.071675,0.051751,172539.39
6.5,Moderate,HRD2_urban,1.43,0.080365,57.0325,0.000991,0.007647,0.071675,0.051751,172539.39
6.5,Moderate,HRD2_urban,1.44,0.080365,57.0325,0.000991,0.007647,0.071675,0.051751,172539.39
6.5,Moderate,HRD2_urban,1.45,0.080365,57.0325,0.000991,0.007647,0.071675,0.051751,172539.39
6.5,Moderate,HRD2_urban,1.46,0.080365,57.0325,0.000991,0.007647,0.071675,0.051751,172539.39
6.5,Moderate,HRD2_urban,1.47,0.080365,57.0325,0.000991,0.007647,0.071675,0.051751,172539.39
6.5,Moderate,HRD2_urban,1.48,0.080365,57.0325,0.000991,0.007647,0.071675,0.051751,172539.39
6.5,Moderate,HRD2_urban,1.49,0.080365,57.0325,0.000991,0.007647,0.071675,0.051751,172539.39
6.5,Moderate,HRD2_urban,1.5,0.080365,57.0325,0.000991,0.007647,0.071675,0.051751,172539.39
6.5,Low,HRD1_major,0.0,0.0,0.0,0.0,0.0,0.0,0.0,0.0
6.5,Low,HRD1_major,0.01,0.0,0.0,0.0,0.0,0.0,0.0,0.0
6.5,Low,HRD1_major,0.02,0.0,0.0,0.0,0.0,0.0,0.0,0.0
6.5,Low,HRD1_major,0.03,0.0,0.0,0.0,0.0,0.0,0.0,0.0
6.5,Low,HRD1_major,0.04,0.0,0.0,0.0,0.0,0.0,0.0,0.0
6.5,Low,HRD1_major,0.05,0.0,0.0,0.0,0.0,0.0,0.0,0.0
6.5,Low,HRD1_major,0.06,0.0,0.0,0.0,0.0,0.0,0.0,0.0
6.5,Low,HRD1_major,0.07,0.0,0.0,0.0,0.0,0.0,0.0,0.0
6.5,Low,HRD1_major,0.08,0.0,0.0,0.0,0.0,0.0,0.0,0.0
6.5,Low,HRD1_major,0.09,0.0,0.0,0.0,0.0,0.0,0.0,0.0
6.5,Low,HRD1_major,0.1,0.0,0.0,0.0,0.0,0.0,0.0,0.0
6.5,Low,HRD1_major,0.11,0.0,0.0,0.0,0.0,0.0,0.0,0.0
6.5,Low,HRD1_major,0.12,0.0,0.0,0.0,0.0,0.0,0.0,0.0
6.5,Low,HRD1_major,0.13,0.0,0.0,0.0,0.0,0.0,0.0,0.0
6.5,Low,HRD1_major,0.14,0.0,0.0,0.0,0.0,0.0,0.0,0.0
6.5,Low,HRD1_major,0.15,0.0,0.0,0.0,0.0,0.0,0.0,0.0
6.5,Low,HRD1_major,0.16,0.0,0.0,0.0,0.0,0.0,0.0,0.0
6.5,Low,HRD1_major,0.17,0.0,0.0,0.0,0.0,0.0,0.0,0.0
6.5,Low,HRD1_major,0.18,0.0,0.0,0.0,0.0,0.0,0.0,0.0
6.5,Low,HRD1_major,0.19,0.0,0.0,0.0,0.0,0.0,0.0,0.0
6.5,Low,HRD1_major,0.2,0.0,0.0,0.0,0.0,0.0,0.0,0.0
6.5,Low,HRD1_major,0.21,0.0,1.0,0.0,0.0,0.0,0.0,0.0
6.5,Low,HRD1_major,0.22,0.001824,1.0,0.0,0.0,0.0,0.0,0.12
6.5,Low,HRD1_major,0.23,0.004062,1.0,1e-06,0.0,0.0,0.0,0.27
6.5,Low,HRD1_major,0.24,0.006301,1.0,1e-06,0.0,0.0,0.0,0.42
6.5,Low,HRD1_major,0.25,0.008539,1.3036,6e-06,0.0,0.0,0.0,2.3
6.5,Low,HRD1_major,0.26,0.010777,1.6295,2.3e-05,1e-06,0.0,1e-06,8.46
6.5,Low,HRD1_major,0.27,0.013015,1.9554,6e-05,2e-06,0.0,3e-06,22.95
6.5,Low,HRD1_major,0.28,0.015253,2.2813,0.000129,6e-06,0.0,8e-06,51.01
6.5,Low,HRD1_major,0.29,0.017491,2.6072,0.000242,1.3e-05,0.0,1.5e-05,98.62
6.5,Low,HRD1_major,0.3,0.01973,2.9331,0.000409,2.6e-05,0.0,2.6e-05,172.14
6.5,Low,HRD1_major,0.31,0.021968,3.259,0.00064,4.7e-05,0.0,4.2e-05,278.03
6.5,Low,HRD1_major,0.32,0.024206,3.5849,0.000941,7.9e-05,1e-06,6.3e-05,422.62
6.5,Low,HRD1_major,0.33,0.026444,3.9108,0.001318,0.000125,1e-06,9.2e-05,611.97
6.5,Low,HRD1_major,0.34,0.028682,4.2367,0.001774,0.000188,2e-06,0.000128,851.78
6.5,Low,HRD1_major,0.35,0.03092,4.5626,0.00231,0.00027,4e-06,0.000172,1147.34
6.5,Low,HRD1_major,0.36,0.033159,4.8885,0.002926,0.000376,6e-06,0.000225,1503.5
6.5,Low,HRD1_major,0.37,0.035397,5.2144,0.003621,0.000508,9e-06,0.000289,1924.68
6.5,Low,HRD1_major,0.38,0.037635,5.5403,0.004391,0.000669,1.3e-05,0.000362,2414.87
6.5,Low,HRD1_major,0.39,0.039873,5.8662,0.005232,0.000862,1.8e-05,0.000447,2977.7
6.5,Low,HRD1_major,0.4,0.040183,6.1921,0.005859,0.00104,2.4e-05,0.000518,3450.74
6.5,Low,HRD1_major,0.41,0.040183,6.518,0.006443,0.001227,3.1e-05,0.000589,3926.61
6.5,Low,HRD1_major,0.42,0.040183,6.8439,0.007019,0.001429,3.9e-05,0.000664,4426.9
6.5,Low,HRD1_major,0.43,0.040183,7.3328,0.007863,0.00176,5.4e-05,0.000783,5219.89
6.5,Low,HRD1_major,0.44,0.040183,7.8216,0.008673,0.002122,7.2e-05,0.000909,6059.78
6.5,Low,HRD1_major,0.45,0.040183,8.3105,0.009442,0.002512,9.5e-05,0.001041,6942.16
6.5,Low,HRD1_major,0.46,0.040183,8.7993,0.010164,0.002926,0.000123,0.001179,7862.95
6.5,Low,HRD1_major,0.47,0.040183,9.2882,0.010836,0.003362,0.000155,0.001323,8818.46
6.5,Low,HRD1_major,0.48,0.040183,9.777,0.011457,0.003817,0.000192,0.00147,9805.29
6.5,Low,HRD1_major,0.49,0.040183,10.2659,0.012025,0.004287,0.000234,0.001623,10820.38
6.5,Low,HRD1_major,0.5,0.040183,10.7547,0.01254,0.00477,0.000282,0.001779,11860.96
6.5,Low,HRD1_major,0.51,0.040183,11.2436,0.013003,0.005263,0.000336,0.001938,12924.51
6.5,Low,HRD1_major,0.52,0.040183,11.7324,0.013415,0.005763,0.000396,0.002101,14008.76
6.5,Low,HRD1_major,0.53,0.040183,12.2213,0.013779,0.006268,0.000463,0.002266,15111.64
6.5,Low,HRD1_major,0.54,0.040183,12.7101,0.014096,0.006775,0.000535,0.002434,16231.28
6.5,Low,HRD1_major,0.55,0.040183,13.199,0.014369,0.007283,0.000613,0.002604,17365.99
6.5,Low,HRD1_major,0.56,0.040183,13.6878,0.0146,0.007789,0.000698,0.002777,18514.22
6.5,Low,HRD1_major,0.57,0.040183,14.1767,0.014792,0.008292,0.00079,0.002951,19674.55
6.5,Low,HRD1_major,0.58,0.040183,14.6655,0.014946,0.00879,0.000887,0.003126,20845.7
6.5,Low,HRD1_major,0.59,0.040183,15.1544,0.015066,0.009282,0.000991,0.003303,22026.47
6.5,Low,HRD1_major,0.6,0.040183,15.6432,0.015153,0.009766,0.001101,0.003482,23215.78
6.5,Low,HRD1_major,0.61,0.040183,16.1321,0.015211,0.010242,0.001217,0.003661,24412.61
6.5,Low,HRD1_major,0.62,0.040183,16.6209,0.015242,0.010709,0.00134,0.003842,25616.04
6.5,Low,HRD1_major,0.63,0.040183,17.1098,0.015247,0.011165,0.001468,0.004023,26825.19
6.5,Low,HRD1_major,0.64,0.040183,19.0108,0.015065,0.01283,0.002021,0.004734,31567.55
6.5,Low,HRD1_major,0.65,0.040183,20.9119,0.014636,0.014303,0.002655,0.005451,36344.57
6.5,Low,HRD1_major,0.66,0.040183,22.813,0.014044,0.015573,0.003358,0.006167,41124.11
6.5,Low,HRD1_major,0.67,0.040183,24.7141,0.013352,0.016641,0.004121,0.006881,45880.17
6.5,Low,HRD1_major,0.68,0.040183,26.6152,0.012605,0.017518,0.004933,0.007587,50591.4
6.5,Low,HRD1_major,0.69,0.040183,28.5163,0.011837,0.018215,0.005785,0.008284,55240.15
6.5,Low,HRD1_major,0.7,0.040183,30.4173,0.011071,0.018749,0.006666,0.00897,59811.85
6.5,Low,HRD1_major,0.71,0.040183,32.3184,0.010322,0.019137,0.00757,0.009642,64294.6
6.5,Low,HRD1_major,0.72,0.040183,34.2195,0.009602,0.019393,0.008487,0.0103,68678.77
6.5,Low,HRD1_major,0.73,0.040183,36.1206,0.008916,0.019535,0.009412,0.010941,72956.71
6.5,Low,HRD1_major,0.74,0.040183,38.0217,0.008268,0.019577,0.010339,0.011566,77122.54
6.5,Low,HRD1_major,0.75,0.040183,39.9228,0.007661,0.019533,0.011263,0.012173,81171.9
6.5,Low,HRD1_major,0.76,0.040183,41.8238,0.007093,0.019414,0.012179,0.012763,85101.72
6.5,Low,HRD1_major,0.77,0.040183,43.7249,0.006565,0.019233,0.013084,0.013334,88910.13
6.5,Low,HRD1_major,0.78,0.040183,45.626,0.006075,0.018999,0.013976,0.013887,92596.2
6.5,Low,HRD1_major,0.79,0.040183,47.5271,0.005621,0.018721,0.014851,0.014421,96159.85
6.5,Low,HRD1_major,0.8,0.040183,49.4282,0.005201,0.018406,0.015709,0.014937,99601.71
6.5,Low,HRD1_major,0.81,0.040183,51.3293,0.004814,0.018061,0.016546,0.015435,102923.01
6.5,Low,HRD1_major,0.82,0.040183,53.2303,0.004457,0.017694,0.017363,0.015916,106125.45
6.5,Low,HRD1_major,0.83,0.040183,55.1314,0.004127,0.017307,0.018158,0.016378,109211.16
6.5,Low,HRD1_major,0.84,0.040183,57.0325,0.003823,0.016907,0.018931,0.016824,112182.59
6.5,Low,HRD1_major,0.85,0.040183,57.0325,0.003823,0.016907,0.018931,0.016824,112182.59
6.5,Low,HRD1_major,0.86,0.040183,57.0325,0.003823,0.016907,0.018931,0.016824,112182.59
6.5,Low,HRD1_major,0.87,0.040183,57.0325,0.003823,0.016907,0.018931,0.016824,112182.59
6.5,Low,HRD1_major,0.88,0.040183,57.0325,0.003823,0.016907,0.018931,0.016824,112182.59
6.5,Low,HRD1_major,0.89,0.040183,57.0325,0.003823,0.016907,0.018931,0.016824,112182.59
6.5,Low,HRD1_major,0.9,0.040183,57.0325,0.003823,0.016907,0.018931,0.016824,112182.59
6.5,Low,HRD1_major,0.91,0.040183,57.0325,0.003823,0.016907,0.018931,0.016824,112182.59
6.5,Low,HRD1_major,0.92,0.040183,57.0325,0.003823,0.016907,0.018931,0.016824,112182.59
6.5,Low,HRD1_major,0.93,0.040183,57.0325,0.003823,0.016907,0.018931,0.016824,112182.59
6.5,Low,HRD1_major,0.94,0.040183,57.0325,0.003823,0.016907,0.018931,0.016824,112182.59
6.5,Low,HRD1_major,0.95,0.040183,57.0325,0.003823,0.016907,0.018931,0.016824,112182.59
6.5,Low,HRD1_major,0.96,0.040183,57.0325,0.003823,0.016907,0.018931,0.016824,112182.59
6.5,Low,HRD1_major,0.97,0.040183,57.0325,0.003823,0.016907,0.018931,0.016824,112182.59
6.5,Low,HRD1_major,0.98,0.040183,57.0325,0.003823,0.016907,0.018931,0.016824,112182.59
6.5,Low,HRD1_major,0.99,0.040183,57.0325,0.003823,0.016907,0.018931,0.016824,112182.59
6.5,Low,HRD1_major,1.0,0.040183,57.0325,0.003823,0.016907,0.018931,0.016824,112182.59
6.5,Low,HRD1_major,1.01,0.040183,57.0325,0.003823,0.016907,0.018931,0.016824,112182.59
6.5,Low,HRD1_major,1.02,0.040183,57.0325,0.003823,0.016907,0.018931,0.016824,112182.59
6.5,Low,HRD1_major,1.03,0.040183,57.0325,0.003823,0.016907,0.018931,0.016824,112182.59
6.5,Low,HRD1_major,1.04,0.040183,57.0325,0.003823,0.016907,0.018931,0.016824,112182.59
6.5,Low,HRD1_major,1.05,0.040183,57.0325,0.003823,0.016907,0.018931,0.016824,112182.59
6.5,Low,HRD1_major,1.06,0.040183,57.0325,0.003823,0.016907,0.018931,0.016824,112182.59
6.5,Low,HRD1_major,1.07,0.040183,57.0325,0.003823,0.016907,0.018931,0.016824,112182.59
6.5,Low,HRD1_major,1.08,0.040183,57.0325,0.003823,0.016907,0.018931,0.016824,112182.59
6.5,Low,HRD1_major,1.09,0.040183,57.0325,0.003823,0.016907,0.018931,0.016824,112182.59
6.5,Low,HRD1_major,1.1,0.040183,57.0325,0.003823,0.016907,0.018931,0.016824,112182.59
6.5,Low,HRD1_major,1.11,0.040183,57.0325,0.003823,0.016907,0.018931,0.016824,112182.59
6.5,Low,HRD1_major,1.12,0.040183,57.0325,0.003823,0.016907,0.018931,0.016824,112182.59
6.5,Low,HRD1_major,1.13,0.040183,57.0325,0.003823,0.016907,0.018931,0.016824,112182.59
6.5,Low,HRD1_major,1.14,0.040183,57.0325,0.003823,0.016907,0.018931,0.016824,112182.59
6.5,Low,HRD1_major,1.15,0.040183,57.0325,0.003823,0.016907,0.018931,0.016824,112182.59
6.5,Low,HRD1_major,1.16,0.040183,57.0325,0.003823,0.016907,0.018931,0.016824,112182.59
6.5,Low,HRD1_major,1.17,0.040183,57.0325,0.003823,0.016907,0.018931,0.016824,112182.59
6.5,Low,HRD1_major,1.18,0.040183,57.0325,0.003823,0.016907,0.018931,0.016824,112182.59
6.5,Low,HRD1_major,1.19,0.040183,57.0325,0.003823,0.016907,0.018931,0.016824,112182.59
6.5,Low,HRD1_major,1.2,0.040183,57.0325,0.003823,0.016907,0.018931,0.016824,112182.59
6.5,Low,HRD1_major,1.21,0.040183,57.0325,0.003823,0.016907,0.018931,0.016824,112182.59
6.5,Low,HRD1_major,1.22,0.040183,57.0325,0.003823,0.016907,0.018931,0.016824,112182.59
6.5,Low,HRD1_major,1.23,0.040183,57.0325,0.003823,0.016907,0.018931,0.016824,112182.59
6.5,Low,HRD1_major,1.24,0.040183,57.0325,0.003823,0.016907,0.018931,0.016824,112182.59
6.5,Low,HRD1_major,1.25,0.040183,57.0325,0.003823,0.016907,0.018931,0.016824,112182.59
6.5,Low,HRD1_major,1.26,0.040183,57.0325,0.003823,0.016907,0.018931,0.016824,112182.59
6.5,Low,HRD1_major,1.27,0.040183,57.0325,0.003823,0.016907,0.018931,0.016824,112182.59
6.5,Low,HRD1_major,1.28,0.040183,57.0325,0.003823,0.016907,0.018931,0.016824,112182.59
6.5,Low,HRD1_major,1.29,0.040183,57.0325,0.003823,0.016907,0.018931,0.016824,112182.59
6.5,Low,HRD1_major,1.3,0.040183,57.0325,0.003823,0.016907,0.018931,0.016824,112182.59
6.5,Low,HRD1_major,1.31,0.040183,57.0325,0.003823,0.016907,0.018931,0.016824,112182.59
6.5,Low,HRD1_major,1.32,0.040183,57.0325,0.003823,0.016907,0.018931,0.016824,112182.59
6.5,Low,HRD1_major,1.33,0.040183,57.0325,0.003823,0.016907,0.018931,0.016824,112182.59
6.5,Low,HRD1_major,1.34,0.040183,57.0325,0.003823,0.016907,0.018931,0.016824,112182.59
6.5,Low,HRD1_major,1.35,0.040183,57.0325,0.003823,0.016907,0.018931,0.016824,112182.59
6.5,Low,HRD1_major,1.36,0.040183,57.0325,0.003823,0.016907,0.018931,0.016824,112182.59
6.5,Low,HRD1_major,1.37,0.040183,57.0325,0.003823,0.016907,0.018931,0.016824,112182.59
6.5,Low,HRD1_major,1.38,0.040183,57.0325,0.003823,0.016907,0.018931,0.016824,112182.59
6.5,Low,HRD1_major,1.39,0.040183,57.0325,0.003823,0.016907,0.018931,0.016824,112182.59
6.5,Low,HRD1_major,1.4,0.040183,57.0325,0.003823,0.016907,0.018931,0.016824,112182.59
6.5,Low,HRD1_major,1.41,0.040183,57.0325,0.003823,0.016907,0.018931,0.016824,112182.59
6.5,Low,HRD1_major,1.42,0.040183,57.0325,0.003823,0.016907,0.018931,0.016824,112182.59
6.5,Low,HRD1_major,1.43,0.040183,57.0325,0.003823,0.016907,0.018931,0.016824,112182.59
6.5,Low,HRD1_major,1.44,0.040183,57.0325,0.003823,0.016907,0.018931,0.016824,112182.59
6.5,Low,HRD1_major,1.45,0.040183,57.0325,0.003823,0.016907,0.018931,0.016824,112182.59
6.5,Low,HRD1_major,1.46,0.040183,57.0325,0.003823,0.016907,0.018931,0.016824,112182.59
6.5,Low,HRD1_major,1.47,0.040183,57.0325,0.003823,0.016907,0.018931,0.016824,112182.59
6.5,Low,HRD1_major,1.48,0.040183,57.0325,0.003823,0.016907,0.018931,0.016824,112182.59
6.5,Low,HRD1_major,1.49,0.040183,57.0325,0.003823,0.016907,0.018931,0.016824,112182.59
6.5,Low,HRD1_major,1.5,0.040183,57.0325,0.003823,0.016907,0.018931,0.016824,112182.59
6.5,Low,HRD2_urban,0.0,0.0,0.0,0.0,0.0,0.0,0.0,0.0
6.5,Low,HRD2_urban,0.01,0.0,0.0,0.0,0.0,0.0,0.0,0.0
6.5,Low,HRD2_urban,0.02,0.0,0.0,0.0,0.0,0.0,0.0,0.0
6.5,Low,HRD2_urban,0.03,0.0,0.0,0.0,0.0,0.0,0.0,0.0
6.5,Low,HRD2_urban,0.04,0.0,0.0,0.0,0.0,0.0,0.0,0.0
6.5,Low,HRD2_urban,0.05,0.0,0.0,0.0,0.0,0.0,0.0,0.0
6.5,Low,HRD2_urban,0.06,0.0,0.0,0.0,0.0,0.0,0.0,0.0
6.5,Low,HRD2_urban,0.07,0.0,0.0,0.0,0.0,0.0,0.0,0.0
6.5,Low,HRD2_urban,0.08,0.0,0.0,0.0,0.0,0.0,0.0,0.0
6.5,Low,HRD2_urban,0.09,0.0,0.0,0.0,0.0,0.0,0.0,0.0
6.5,Low,HRD2_urban,0.1,0.0,0.0,0.0,0.0,0.0,0.0,0.0
6.5,Low,HRD2_urban,0.11,0.0,0.0,0.0,0.0,0.0,0.0,0.0
6.5,Low,HRD2_urban,0.12,0.0,0.0,0.0,0.0,0.0,0.0,0.0
6.5,Low,HRD2_urban,0.13,0.0,0.0,0.0,0.0,0.0,0.0,0.0
6.5,Low,HRD2_urban,0.14,0.0,0.0,0.0,0.0,0.0,0.0,0.0
6.5,Low,HRD2_urban,0.15,0.0,0.0,0.0,0.0,0.0,0.0,0.0
6.5,Low,HRD2_urban,0.16,0.0,0.0,0.0,0.0,0.0,0.0,0.0
6.5,Low,HRD2_urban,0.17,0.0,0.0,0.0,0.0,0.0,0.0,0.0
6.5,Low,HRD2_urban,0.18,0.0,0.0,0.0,0.0,0.0,0.0,0.0
6.5,Low,HRD2_urban,0.19,0.0,0.0,0.0,0.0,0.0,0.0,0.0
6.5,Low,HRD2_urban,0.2,0.0,0.0,0.0,0.0,0.0,0.0,0.0
6.5,Low,HRD2_urban,0.21,0.0,1.0,0.0,0.0,0.0,0.0,0.0
6.5,Low,HRD2_urban,0.22,0.001824,1.0,9e-06,0.0,0.0,1e-06,1.78
6.5,Low,HRD2_urban,0.23,0.004062,1.0,2e-05,1e-06,0.0,1e-06,3.96
6.5,Low,HRD2_urban,0.24,0.006301,1.0,3.2e-05,1e-06,0.0,2e-06,6.14
6.5,Low,HRD2_urban,0.25,0.008539,1.3036,0.000118,6e-06,0.0,7e-06,24.24
6.5,Low,HRD2_urban,0.26,0.010777,1.6295,0.000314,2.3e-05,1e-06,2.1e-05,69.01
6.5,Low,HRD2_urban,0.27,0.013015,1.9554,0.000649,6e-05,2e-06,4.6e-05,153.26
6.5,Low,HRD2_urban,0.28,0.015253,2.2813,0.00114,0.000129,6e-06,8.7e-05,289.88
6.5,Low,HRD2_urban,0.29,0.017491,2.6072,0.001789,0.000242,1.3e-05,0.000147,490.64
6.5,Low,HRD2_urban,0.3,0.01973,2.9331,0.002589,0.000409,2.6e-05,0.00023,765.96
6.5,Low,HRD2_urban,0.31,0.021968,3.259,0.003522,0.00064,4.8e-05,0.000337,1125.0
6.5,Low,HRD2_urban,0.32,0.024206,3.5849,0.004569,0.000941,8e-05,0.000473,1575.68
6.5,Low,HRD2_urban,0.33,0.026444,3.9108,0.005708,0.001318,0.000126,0.000637,2124.87
6.5,Low,HRD2_urban,0.34,0.028682,4.2367,0.006915,0.001774,0.00019,0.000833,2778.44
6.5,Low,HRD2_urban,0.35,0.03092,4.5626,0.00817,0.00231,0.000274,0.001062,3541.43
6.5,Low,HRD2_urban,0.36,0.033159,4.8885,0.009454,0.002926,0.000382,0.001325,4418.08
6.5,Low,HRD2_urban,0.37,0.035397,5.2144,0.010749,0.003621,0.000517,0.001623,5411.9
6.5,Low,HRD2_urban,0.38,0.037635,5.5403,0.012039,0.004391,0.000682,0.001957,6525.8
6.5,Low,HRD2_urban,0.39,0.039873,5.8662,0.013312,0.005232,0.00088,0.002328,7762.07
6.5,Low,HRD2_urban,0.4,0.040183,6.1921,0.01389,0.005859,0.001064,0.002611,8704.65
6.5,Low,HRD2_urban,0.41,0.040183,6.518,0.014283,0.006443,0.001257,0.002883,9611.56
6.5,Low,HRD2_urban,0.42,0.040183,6.8439,0.0146,0.007019,0.001468,0.003161,10540.2
6.5,Low,HRD2_urban,0.43,0.040183,7.3328,0.014946,0.007863,0.001814,0.00359,11968.14
6.5,Low,HRD2_urban,0.44,0.040183,7.8216,0.015153,0.008673,0.002195,0.004028,13430.79
6.5,Low,HRD2_urban,0.45,0.040183,8.3105,0.015242,0.009442,0.002607,0.004475,14920.68
6.5,Low,HRD2_urban,0.46,0.040183,8.7993,0.015229,0.010164,0.003049,0.004928,16431.06
6.5,Low,HRD2_urban,0.47,0.040183,9.2882,0.015132,0.010836,0.003517,0.005386,17955.86
6.5,Low,HRD2_urban,0.48,0.040183,9.777,0.014963,0.011457,0.004009,0.005846,19489.6
6.5,Low,HRD2_urban,0.49,0.040183,10.2659,0.014737,0.012025,0.004522,0.006307,21027.39
6.5,Low,HRD2_urban,0.5,0.040183,10.7547,0.014464,0.01254,0.005053,0.006768,22564.83
6.5,Low,HRD2_urban,0.51,0.040183,11.2436,0.014154,0.013003,0.0056,0.007228,24098.04
6.5,Low,HRD2_urban,0.52,0.040183,11.7324,0.013815,0.013415,0.00616,0.007686,25623.56
6.5,Low,HRD2_urban,0.53,0.040183,12.2213,0.013455,0.013779,0.00673,0.00814,27138.32
6.5,Low,HRD2_urban,0.54,0.040183,12.7101,0.013079,0.014096,0.00731,0.00859,28639.66
6.5,Low,HRD2_urban,0.55,0.040183,13.199,0.012692,0.014369,0.007896,0.009036,30125.23
6.5,Low,HRD2_urban,0.56,0.040183,13.6878,0.012299,0.0146,0.008487,0.009476,31592.99
6.5,Low,HRD2_urban,0.57,0.040183,14.1767,0.011903,0.014792,0.009081,0.00991,33041.19
6.5,Low,HRD2_urban,0.58,0.040183,14.6655,0.011508,0.014946,0.009677,0.010338,34468.34
6.5,Low,HRD2_urban,0.59,0.040183,15.1544,0.011114,0.015066,0.010273,0.01076,35873.16
6.5,Low,HRD2_urban,0.6,0.040183,15.6432,0.010726,0.015153,0.010867,0.011174,37254.6
6.5,Low,HRD2_urban,0.61,0.040183,16.1321,0.010343,0.015211,0.01146,0.011581,38611.78
6.5,Low,HRD2_urban,0.62,0.040183,16.6209,0.009969,0.015242,0.012049,0.011981,39943.99
6.5,Low,HRD2_urban,0.63,0.040183,17.1098,0.009602,0.015247,0.012633,0.012373,41250.7
6.5,Low,HRD2_urban,0.64,0.040183,19.0108,0.008268,0.015065,0.014851,0.013822,46083.53
6.5,Low,HRD2_urban,0.65,0.040183,20.9119,0.007093,0.014636,0.016957,0.015152,50516.53
6.5,Low,HRD2_urban,0.66,0.040183,22.813,0.006075,0.014044,0.018931,0.016364,54557.71
6.5,Low,HRD2_urban,0.67,0.040183,24.7141,0.005201,0.013352,0.020763,0.017464,58225.68
6.5,Low,HRD2_urban,0.68,0.040183,26.6152,0.004457,0.012605,0.022451,0.01846,61544.85
6.5,Low,HRD2_urban,0.69,0.040183,28.5163,0.003823,0.011837,0.024,0.019359,64542.27
6.5,Low,HRD2_urban,0.7,0.040183,30.4173,0.003286,0.011071,0.025416,0.02017,67245.61
6.5,Low,HRD2_urban,0.71,0.040183,32.3184,0.002829,0.010322,0.026706,0.0209,69681.91
6.5,Low,HRD2_urban,0.72,0.040183,34.2195,0.002442,0.009602,0.02788,0.021559,71876.85
6.5,Low,HRD2_urban,0.73,0.040183,36.1206,0.002112,0.008916,0.028947,0.022152,73854.38
6.5,Low,HRD2_urban,0.74,0.040183,38.0217,0.00183,0.008268,0.029916,0.022686,75636.47
6.5,Low,HRD2_urban,0.75,0.040183,39.9228,0.00159,0.007661,0.030795,0.023168,77243.19
6.5,Low,HRD2_urban,0.76,0.040183,41.8238,0.001385,0.007093,0.031593,0.023603,78692.66
6.5,Low,HRD2_urban,0.77,0.040183,43.7249,0.001209,0.006565,0.032317,0.023996,80001.21
6.5,Low,HRD2_urban,0.78,0.040183,45.626,0.001058,0.006075,0.032975,0.02435,81183.5
6.5,Low,HRD2_urban,0.79,0.040183,47.5271,0.000927,0.005621,0.033572,0.024671,82252.62
6.5,Low,HRD2_urban,0.8,0.040183,49.4282,0.000815,0.005201,0.034114,0.024961,83220.32
6.5,Low,HRD2_urban,0.81,0.040183,51.3293,0.000717,0.004814,0.034608,0.025224,84097.03
6.5,Low,HRD2_urban,0.82,0.040183,53.2303,0.000633,0.004457,0.035057,0.025463,84892.1
6.5,Low,HRD2_urban,0.83,0.040183,55.1314,0.00056,0.004127,0.035465,0.025679,85613.85
6.5,Low,HRD2_urban,0.84,0.040183,57.0325,0.000496,0.003823,0.035838,0.025876,86269.69
6.5,Low,HRD2_urban,0.85,0.040183,57.0325,0.000496,0.003823,0.035838,0.025876,86269.69
6.5,Low,HRD2_urban,0.86,0.040183,57.0325,0.000496,0.003823,0.035838,0.025876,86269.69
6.5,Low,HRD2_urban,0.87,0.040183,57.0325,0.000496,0.003823,0.035838,0.025876,86269.69
6.5,Low,HRD2_urban,0.88,0.040183,57.0325,0.000496,0.003823,0.035838,0.025876,86269.69
6.5,Low,HRD2_urban,0.89,0.040183,57.0325,0.000496,0.003823,0.035838,0.025876,86269.69
6.5,Low,HRD2_urban,0.9,0.040183,57.0325,0.000496,0.003823,0.035838,0.025876,86269.69
6.5,Low,HRD2_urban,0.91,0.040183,57.0325,0.000496,0.003823,0.035838,0.025876,86269.69
6.5,Low,HRD2_urban,0.92,0.040183,57.0325,0.000496,0.003823,0.035838,0.025876,86269.69
6.5,Low,HRD2_urban,0.93,0.040183,57.0325,0.000496,0.003823,0.035838,0.025876,86269.69
6.5,Low,HRD2_urban,0.94,0.040183,57.0325,0.000496,0.003823,0.035838,0.025876,86269.69
6.5,Low,HRD2_urban,0.95,0.040183,57.0325,0.000496,0.003823,0.035838,0.025876,86269.69
6.5,Low,HRD2_urban,0.96,0.040183,57.0325,0.000496,0.003823,0.035838,0.025876,86269.69
6.5,Low,HRD2_urban,0.97,0.040183,57.0325,0.000496,0.003823,0.035838,0.025876,86269.69
6.5,Low,HRD2_urban,0.98,0.040183,57.0325,0.000496,0.003823,0.035838,0.025876,86269.69
6.5,Low,HRD2_urban,0.99,0.040183,57.0325,0.000496,0.003823,0.035838,0.025876,86269.69
6.5,Low,HRD2_urban,1.0,0.040183,57.0325,0.000496,0.003823,0.035838,0.025876,86269.69
6.5,Low,HRD2_urban,1.01,0.040183,57.0325,0.000496,0.003823,0.035838,0.025876,86269.69
6.5,Low,HRD2_urban,1.02,0.040183,57.0325,0.000496,0.003823,0.035838,0.025876,86269.69
6.5,Low,HRD2_urban,1.03,0.040183,57.0325,0.000496,0.003823,0.035838,0.025876,86269.69
6.5,Low,HRD2_urban,1.04,0.040183,57.0325,0.000496,0.003823,0.035838,0.025876,86269.69
6.5,Low,HRD2_urban,1.05,0.040183,57.0325,0.000496,0.003823,0.035838,0.025876,86269.69
6.5,Low,HRD2_urban,1.06,0.040183,57.0325,0.000496,0.003823,0.035838,0.025876,86269.69
6.5,Low,HRD2_urban,1.07,0.040183,57.0325,0.000496,0.003823,0.035838,0.025876,86269.69
6.5,Low,HRD2_urban,1.08,0.040183,57.0325,0.000496,0.003823,0.035838,0.025876,86269.69
6.5,Low,HRD2_urban,1.09,0.040183,57.0325,0.000496,0.003823,0.035838,0.025876,86269.69
6.5,Low,HRD2_urban,1.1,0.040183,57.0325,0.000496,0.003823,0.035838,0.025876,86269.69
6.5,Low,HRD2_urban,1.11,0.040183,57.0325,0.000496,0.003823,0.035838,0.025876,86269.69
6.5,Low,HRD2_urban,1.12,0.040183,57.0325,0.000496,0.003823,0.035838,0.025876,86269.69
6.5,Low,HRD2_urban,1.13,0.040183,57.0325,0.000496,0.003823,0.035838,0.025876,86269.69
6.5,Low,HRD2_urban,1.14,0.040183,57.0325,0.000496,0.003823,0.035838,0.025876,86269.69
6.5,Low,HRD2_urban,1.15,0.040183,57.0325,0.000496,0.003823,0.035838,0.025876,86269.69
6.5,Low,HRD2_urban,1.16,0.040183,57.0325,0.000496,0.003823,0.035838,0.025876,86269.69
6.5,Low,HRD2_urban,1.17,0.040183,57.0325,0.000496,0.003823,0.035838,0.025876,86269.69
6.5,Low,HRD2_urban,1.18,0.040183,57.0325,0.000496,0.003823,0.035838,0.025876,86269.69
6.5,Low,HRD2_urban,1.19,0.040183,57.0325,0.000496,0.003823,0.035838,0.025876,86269.69
6.5,Low,HRD2_urban,1.2,0.040183,57.0325,0.000496,0.003823,0.035838,0.025876,86269.69
6.5,Low,HRD2_urban,1.21,0.040183,57.0325,0.000496,0.003823,0.035838,0.025876,86269.69
6.5,Low,HRD2_urban,1.22,0.040183,57.0325,0.000496,0.003823,0.035838,0.025876,86269.69
6.5,Low,HRD2_urban,1.23,0.040183,57.0325,0.000496,0.003823,0.035838,0.025876,86269.69
6.5,Low,HRD2_urban,1.24,0.040183,57.0325,0.000496,0.003823,0.035838,0.025876,86269.69
6.5,Low,HRD2_urban,1.25,0.040183,57.0325,0.000496,0.003823,0.035838,0.025876,86269.69
6.5,Low,HRD2_urban,1.26,0.040183,57.0325,0.000496,0.003823,0.035838,0.025876,86269.69
6.5,Low,HRD2_urban,1.27,0.040183,57.0325,0.000496,0.003823,0.035838,0.025876,86269.69
6.5,Low,HRD2_urban,1.28,0.040183,57.0325,0.000496,0.003823,0.035838,0.025876,86269.69
6.5,Low,HRD2_urban,1.29,0.040183,57.0325,0.000496,0.003823,0.035838,0.025876,86269.69
6.5,Low,HRD2_urban,1.3,0.040183,57.0325,0.000496,0.003823,0.035838,0.025876,86269.69
6.5,Low,HRD2_urban,1.31,0.040183,57.0325,0.000496,0.003823,0.035838,0.025876,86269.69
6.5,Low,HRD2_urban,1.32,0.040183,57.0325,0.000496,0.003823,0.035838,0.025876,86269.69
6.5,Low,HRD2_urban,1.33,0.040183,57.0325,0.000496,0.003823,0.035838,0.025876,86269.69
6.5,Low,HRD2_urban,1.34,0.040183,57.0325,0.000496,0.003823,0.035838,0.025876,86269.69
6.5,Low,HRD2_urban,1.35,0.040183,57.0325,0.000496,0.003823,0.035838,0.025876,86269.69
6.5,Low,HRD2_urban,1.36,0.040183,57.0325,0.000496,0.003823,0.035838,0.025876,86269.69
6.5,Low,HRD2_urban,1.37,0.040183,57.0325,0.000496,0.003823,0.035838,0.025876,86269.69
6.5,Low,HRD2_urban,1.38,0.040183,57.0325,0.000496,0.003823,0.035838,0.025876,86269.69
6.5,Low,HRD2_urban,1.39,0.040183,57.0325,0.000496,0.003823,0.035838,0.025876,86269.69
6.5,Low,HRD2_urban,1.4,0.040183,57.0325,0.000496,0.003823,0.035838,0.025876,86269.69
6.5,Low,HRD2_urban,1.41,0.040183,57.0325,0.000496,0.003823,0.035838,0.025876,86269.69
6.5,Low,HRD2_urban,1.42,0.040183,57.0325,0.000496,0.003823,0.035838,0.025876,86269.69
6.5,Low,HRD2_urban,1.43,0.040183,57.0325,0.000496,0.003823,0.035838,0.025876,86269.69
6.5,Low,HRD2_urban,1.44,0.040183,57.0325,0.000496,0.003823,0.035838,0.025876,86269.69
6.5,Low,HRD2_urban,1.45,0.040183,57.0325,0.000496,0.003823,0.035838,0.025876,86269.69
6.5,Low,HRD2_urban,1.46,0.040183,57.0325,0.000496,0.003823,0.035838,0.025876,86269.69
6.5,Low,HRD2_urban,1.47,0.040183,57.0325,0.000496,0.003823,0.035838,0.025876,86269.69
6.5,Low,HRD2_urban,1.48,0.040183,57.0325,0.000496,0.003823,0.035838,0.025876,86269.69
6.5,Low,HRD2_urban,1.49,0.040183,57.0325,0.000496,0.003823,0.035838,0.025876,86269.69
6.5,Low,HRD2_urban,1.5,0.040183,57.0325,0.000496,0.003823,0.035838,0.025876,86269.69
6.5,VeryLow,HRD1_major,0.0,0.0,0.0,0.0,0.0,0.0,0.0,0.0
6.5,VeryLow,HRD1_major,0.01,0.0,0.0,0.0,0.0,0.0,0.0,0.0
6.5,VeryLow,HRD1_major,0.02,0.0,0.0,0.0,0.0,0.0,0.0,0.0
6.5,VeryLow,HRD1_major,0.03,0.0,0.0,0.0,0.0,0.0,0.0,0.0
6.5,VeryLow,HRD1_major,0.04,0.0,0.0,0.0,0.0,0.0,0.0,0.0
6.5,VeryLow,HRD1_major,0.05,0.0,0.0,0.0,0.0,0.0,0.0,0.0
6.5,VeryLow,HRD1_major,0.06,0.0,0.0,0.0,0.0,0.0,0.0,0.0
6.5,VeryLow,HRD1_major,0.07,0.0,0.0,0.0,0.0,0.0,0.0,0.0
6.5,VeryLow,HRD1_major,0.08,0.0,0.0,0.0,0.0,0.0,0.0,0.0
6.5,VeryLow,HRD1_major,0.09,0.0,0.0,0.0,0.0,0.0,0.0,0.0
6.5,VeryLow,HRD1_major,0.1,0.0,0.0,0.0,0.0,0.0,0.0,0.0
6.5,VeryLow,HRD1_major,0.11,0.0,0.0,0.0,0.0,0.0,0.0,0.0
6.5,VeryLow,HRD1_major,0.12,0.0,0.0,0.0,0.0,0.0,0.0,0.0
6.5,VeryLow,HRD1_major,0.13,0.0,0.0,0.0,0.0,0.0,0.0,0.0
6.5,VeryLow,HRD1_major,0.14,0.0,0.0,0.0,0.0,0.0,0.0,0.0
6.5,VeryLow,HRD1_major,0.15,0.0,0.0,0.0,0.0,0.0,0.0,0.0
6.5,VeryLow,HRD1_major,0.16,0.0,0.0,0.0,0.0,0.0,0.0,0.0
6.5,VeryLow,HRD1_major,0.17,0.0,0.0,0.0,0.0,0.0,0.0,0.0
6.5,VeryLow,HRD1_major,0.18,0.0,0.0,0.0,0.0,0.0,0.0,0.0
6.5,VeryLow,HRD1_major,0.19,0.0,0.0,0.0,0.0,0.0,0.0,0.0
6.5,VeryLow,HRD1_major,0.2,0.0,0.0,0.0,0.0,0.0,0.0,0.0
6.5,VeryLow,HRD1_major,0.21,0.0,0.0,0.0,0.0,0.0,0.0,0.0
6.5,VeryLow,HRD1_major,0.22,0.0,0.0,0.0,0.0,0.0,0.0,0.0
6.5,VeryLow,HRD1_major,0.23,0.0,0.0,0.0,0.0,0.0,0.0,0.0
6.5,VeryLow,HRD1_major,0.24,0.0,0.0,0.0,0.0,0.0,0.0,0.0
6.5,VeryLow,HRD1_major,0.25,0.0,0.0,0.0,0.0,0.0,0.0,0.0
6.5,VeryLow,HRD1_major,0.26,2.6e-05,0.0,0.0,0.0,0.0,0.0,0.0
6.5,VeryLow,HRD1_major,0.27,0.000694,0.2632,0.0,0.0,0.0,0.0,0.0
6.5,VeryLow,HRD1_major,0.28,0.001363,0.5265,0.0,0.0,0.0,0.0,0.0
6.5,VeryLow,HRD1_major,0.29,0.002032,0.7897,0.0,0.0,0.0,0.0,0.04
6.5,VeryLow,HRD1_major,0.3,0.0027,1.0529,1e-06,0.0,0.0,0.0,0.24
6.5,VeryLow,HRD1_major,0.31,0.003369,1.3161,3e-06,0.0,0.0,0.0,0.95
6.5,VeryLow,HRD1_major,0.32,0.004038,1.5794,7e-06,0.0,0.0,0.0,2.74
6.5,VeryLow,HRD1_major,0.33,0.004706,1.8426,1.7e-05,1e-06,0.0,1e-06,6.41
6.5,VeryLow,HRD1_major,0.34,0.005375,2.1058,3.3e-05,1e-06,0.0,2e-06,12.96
6.5,VeryLow,HRD1_major,0.35,0.006043,2.369,5.9e-05,3e-06,0.0,4e-06,23.5
6.5,VeryLow,HRD1_major,0.36,0.006712,2.6323,9.6e-05,5e-06,0.0,6e-06,39.24
6.5,VeryLow,HRD1_major,0.37,0.007381,2.8955,0.000147,9e-06,0.0,9e-06,61.45
6.5,VeryLow,HRD1_major,0.38,0.008049,3.1587,0.000212,1.5e-05,0.0,1.4e-05,91.4
6.5,VeryLow,HRD1_major,0.39,0.008718,3.422,0.000295,2.3e-05,0.0,2e-05,130.32
6.5,VeryLow,HRD1_major,0.4,0.009387,3.6852,0.000395,3.5e-05,0.0,2.7e-05,179.42
6.5,VeryLow,HRD1_major,0.41,0.010055,3.9484,0.000515,4.9e-05,1e-06,3.6e-05,239.86
6.5,VeryLow,HRD1_major,0.42,0.010724,4.2116,0.000653,6.8e-05,1e-06,4.7e-05,312.74
6.5,VeryLow,HRD1_major,0.43,0.011393,4.4749,0.000811,9.2e-05,1e-06,6e-05,399.07
6.5,VeryLow,HRD1_major,0.44,0.012061,4.7381,0.000988,0.000122,2e-06,7.5e-05,499.82
6.5,VeryLow,HRD1_major,0.45,0.01273,5.0013,0.001185,0.000157,2e-06,9.2e-05,615.88
6.5,VeryLow,HRD1_major,0.46,0.013398,5.2645,0.0014,0.000199,3e-06,0.000112,748.06
6.5,VeryLow,HRD1_major,0.47,0.014067,5.5278,0.001633,0.000248,5e-06,0.000135,897.14
6.5,VeryLow,HRD1_major,0.48,0.014736,5.791,0.001884,0.000305,6e-06,0.00016,1063.79
6.5,VeryLow,HRD1_major,0.49,0.015404,6.0542,0.002151,0.00037,8e-06,0.000187,1248.65
6.5,VeryLow,HRD1_major,0.5,0.016073,6.3174,0.002434,0.000444,1e-05,0.000218,1452.31
6.5,VeryLow,HRD1_major,0.51,0.016073,6.5807,0.002622,0.000506,1.3e-05,0.000241,1608.39
6.5,VeryLow,HRD1_major,0.52,0.016073,6.8439,0.002808,0.000572,1.5e-05,0.000266,1770.76
6.5,VeryLow,HRD1_major,0.53,0.016073,7.2387,0.003081,0.000678,2e-05,0.000304,2025.44
6.5,VeryLow,HRD1_major,0.54,0.016073,7.6336,0.003346,0.000792,2.6e-05,0.000344,2292.6
6.5,VeryLow,HRD1_major,0.55,0.016073,8.0284,0.003601,0.000913,3.3e-05,0.000386,2571.26
6.5,VeryLow,HRD1_major,0.56,0.016073,8.4233,0.003845,0.001042,4e-05,0.000429,2860.55
6.5,VeryLow,HRD1_major,0.57,0.016073,8.8181,0.004076,0.001177,4.9e-05,0.000474,3159.63
6.5,VeryLow,HRD1_major,0.58,0.016073,9.2129,0.004294,0.001318,6e-05,0.00052,3467.73
6.5,VeryLow,HRD1_major,0.59,0.016073,9.6078,0.004499,0.001463,7.1e-05,0.000568,3784.14
6.5,VeryLow,HRD1_major,0.6,0.016073,10.0026,0.00469,0.001613,8.4e-05,0.000616,4108.18
6.5,VeryLow,HRD1_major,0.61,0.016073,10.3975,0.004867,0.001767,9.9e-05,0.000666,4439.26
6.5,VeryLow,HRD1_major,0.62,0.016073,10.7923,0.005031,0.001923,0.000115,0.000716,4776.8
6.5,VeryLow,HRD1_major,0.63,0.016073,11.1871,0.005181,0.002082,0.000132,0.000768,5120.28
6.5,VeryLow,HRD1_major,0.64,0.016073,11.582,0.005317,0.002243,0.000151,0.00082,5469.23
6.5,VeryLow,HRD1_major,0.65,0.016073,11.9768,0.005441,0.002406,0.000171,0.000873,5823.2
6.5,VeryLow,HRD1_major,0.66,0.016073,12.3717,0.005553,0.00257,0.000194,0.000927,6181.78
6.5,VeryLow,HRD1_major,0.67,0.016073,12.7665,0.005652,0.002733,0.000217,0.000981,6544.59
6.5,VeryLow,HRD1_major,0.68,0.016073,13.1613,0.00574,0.002897,0.000243,0.001036,6911.28
6.5,VeryLow,HRD1_major,0.69,0.016073,13.5562,0.005817,0.003061,0.00027,0.001092,7281.53
6.5,VeryLow,HRD1_major,0.7,0.016073,13.951,0.005883,0.003224,0.000299,0.001148,7655.04
6.5,VeryLow,HRD1_major,0.71,0.016073,14.3459,0.00594,0.003386,0.000329,0.001204,8031.51
6.5,VeryLow,HRD1_major,0.72,0.016073,14.7407,0.005987,0.003546,0.000361,0.001261,8410.7
6.5,VeryLow,HRD1_major,0.73,0.016073,15.1355,0.006025,0.003705,0.000395,0.001319,8792.36
6.5,VeryLow,HRD1_major,0.74,0.016073,15.5304,0.006054,0.003862,0.00043,0.001376,9176.25
6.5,VeryLow,HRD1_major,0.75,0.016073,15.9252,0.006076,0.004017,0.000467,0.001434,9562.16
6.5,VeryLow,HRD1_major,0.76,0.016073,16.3201,0.006091,0.004169,0.000505,0.001492,9949.89
6.5,VeryLow,HRD1_major,0.77,0.016073,16.7149,0.006098,0.004319,0.000546,0.001551,10339.26
6.5,VeryLow,HRD1_major,0.78,0.016073,17.1098,0.006099,0.004466,0.000587,0.001609,10730.08
6.5,VeryLow,HRD1_major,0.79,0.016073,18.6452,0.006049,0.00501,0.000763,0.001839,12260.7
6.5,VeryLow,HRD1_major,0.8,0.016073,20.1807,0.00593,0.005504,0.000961,0.00207,13802.14
6.5,VeryLow,HRD1_major,0.81,0.016073,21.7162,0.005761,0.005946,0.001178,0.002302,15347.2
6.5,VeryLow,HRD1_major,0.82,0.016073,23.2517,0.005557,0.006335,0.001412,0.002533,16889.84
6.5,VeryLow,HRD1_major,0.83,0.016073,24.7872,0.00533,0.006671,0.001661,0.002763,18424.93
6.5,VeryLow,HRD1_major,0.84,0.016073,26.3227,0.005089,0.006958,0.001922,0.002992,19948.1
6.5,VeryLow,HRD1_major,0.85,0.016073,27.8582,0.004842,0.007197,0.002195,0.003218,21455.6
6.5,VeryLow,HRD1_major,0.86,0.016073,29.3937,0.004593,0.007392,0.002475,0.003441,22944.21
6.5,VeryLow,HRD1_major,0.87,0.016073,30.9292,0.004347,0.007547,0.002763,0.003661,24411.18
6.5,VeryLow,HRD1_major,0.88,0.016073,32.4647,0.004106,0.007664,0.003056,0.003877,25854.18
6.5,VeryLow,HRD1_major,0.89,0.016073,34.0001,0.003873,0.007748,0.003352,0.00409,27271.28
6.5,VeryLow,HRD1_major,0.9,0.016073,35.5356,0.003649,0.007801,0.003651,0.004298,28660.85
6.5,VeryLow,HRD1_major,0.91,0.016073,37.0711,0.003435,0.007827,0.00395,0.004502,30021.58
6.5,VeryLow,HRD1_major,0.92,0.016073,38.6066,0.003231,0.007829,0.004249,0.004702,31352.43
6.5,VeryLow,HRD1_major,0.93,0.016073,40.1421,0.003037,0.007809,0.004547,0.004897,32652.59
6.5,VeryLow,HRD1_major,0.94,0.016073,41.6776,0.002854,0.00777,0.004843,0.005087,33921.49
6.5,VeryLow,HRD1_major,0.95,0.016073,43.2131,0.002681,0.007715,0.005137,0.005273,35158.72
6.5,VeryLow,HRD1_major,0.96,0.016073,44.7486,0.002519,0.007645,0.005427,0.005454,36364.06
6.5,VeryLow,HRD1_major,0.97,0.016073,46.2841,0.002365,0.007563,0.005712,0.005629,37537.44
6.5,VeryLow,HRD1_major,0.98,0.016073,47.8196,0.002222,0.00747,0.005994,0.005801,38678.91
6.5,VeryLow,HRD1_major,0.99,0.016073,49.355,0.002087,0.007367,0.00627,0.005967,39788.63
6.5,VeryLow,HRD1_major,1.0,0.016073,50.8905,0.00196,0.007257,0.006542,0.006129,40866.87
6.5,VeryLow,HRD1_major,1.01,0.016073,52.426,0.001842,0.007141,0.006808,0.006286,41913.98
6.5,VeryLow,HRD1_major,1.02,0.016073,53.9615,0.001731,0.007019,0.007069,0.006438,42930.38
6.5,VeryLow,HRD1_major,1.03,0.016073,55.497,0.001627,0.006892,0.007323,0.006586,43916.55
6.5,VeryLow,HRD1_major,1.04,0.016073,57.0325,0.001529,0.006763,0.007572,0.00673,44873.03
6.5,VeryLow,HRD1_major,1.05,0.016073,57.0325,0.001529,0.006763,0.007572,0.00673,44873.03
6.5,VeryLow,HRD1_major,1.06,0.016073,57.0325,0.001529,0.006763,0.007572,0.00673,44873.03
6.5,VeryLow,HRD1_major,1.07,0.016073,57.0325,0.001529,0.006763,0.007572,0.00673,44873.03
6.5,VeryLow,HRD1_major,1.08,0.016073,57.0325,0.001529,0.006763,0.007572,0.00673,44873.03
6.5,VeryLow,HRD1_major,1.09,0.016073,57.0325,0.001529,0.006763,0.007572,0.00673,44873.03
6.5,VeryLow,HRD1_major,1.1,0.016073,57.0325,0.001529,0.006763,0.007572,0.00673,44873.03
6.5,VeryLow,HRD1_major,1.11,0.016073,57.0325,0.001529,0.006763,0.007572,0.00673,44873.03
6.5,VeryLow,HRD1_major,1.12,0.016073,57.0325,0.001529,0.006763,0.007572,0.00673,44873.03
6.5,VeryLow,HRD1_major,1.13,0.016073,57.0325,0.001529,0.006763,0.007572,0.00673,44873.03
6.5,VeryLow,HRD1_major,1.14,0.016073,57.0325,0.001529,0.006763,0.007572,0.00673,44873.03
6.5,VeryLow,HRD1_major,1.15,0.016073,57.0325,0.001529,0.006763,0.007572,0.00673,44873.03
6.5,VeryLow,HRD1_major,1.16,0.016073,57.0325,0.001529,0.006763,0.007572,0.00673,44873.03
6.5,VeryLow,HRD1_major,1.17,0.016073,57.0325,0.001529,0.006763,0.007572,0.00673,44873.03
6.5,VeryLow,HRD1_major,1.18,0.016073,57.0325,0.001529,0.006763,0.007572,0.00673,44873.03
6.5,VeryLow,HRD1_major,1.19,0.016073,57.0325,0.001529,0.006763,0.007572,0.00673,44873.03
6.5,VeryLow,HRD1_major,1.2,0.016073,57.0325,0.001529,0.006763,0.007572,0.00673,44873.03
6.5,VeryLow,HRD1_major,1.21,0.016073,57.0325,0.001529,0.006763,0.007572,0.00673,44873.03
6.5,VeryLow,HRD1_major,1.22,0.016073,57.0325,0.001529,0.006763,0.007572,0.00673,44873.03
6.5,VeryLow,HRD1_major,1.23,0.016073,57.0325,0.001529,0.006763,0.007572,0.00673,44873.03
6.5,VeryLow,HRD1_major,1.24,0.016073,57.0325,0.001529,0.006763,0.007572,0.00673,44873.03
6.5,VeryLow,HRD1_major,1.25,0.016073,57.0325,0.001529,0.006763,0.007572,0.00673,44873.03
6.5,VeryLow,HRD1_major,1.26,0.016073,57.0325,0.001529,0.006763,0.007572,0.00673,44873.03
6.5,VeryLow,HRD1_major,1.27,0.016073,57.0325,0.001529,0.006763,0.007572,0.00673,44873.03
6.5,VeryLow,HRD1_major,1.28,0.016073,57.0325,0.001529,0.006763,0.007572,0.00673,44873.03
6.5,VeryLow,HRD1_major,1.29,0.016073,57.0325,0.001529,0.006763,0.007572,0.00673,44873.03
6.5,VeryLow,HRD1_major,1.3,0.016073,57.0325,0.001529,0.006763,0.007572,0.00673,44873.03
6.5,VeryLow,HRD1_major,1.31,0.016073,57.0325,0.001529,0.006763,0.007572,0.00673,44873.03
6.5,VeryLow,HRD1_major,1.32,0.016073,57.0325,0.001529,0.006763,0.007572,0.00673,44873.03
6.5,VeryLow,HRD1_major,1.33,0.016073,57.0325,0.001529,0.006763,0.007572,0.00673,44873.03
6.5,VeryLow,HRD1_major,1.34,0.016073,57.0325,0.001529,0.006763,0.007572,0.00673,44873.03
6.5,VeryLow,HRD1_major,1.35,0.016073,57.0325,0.001529,0.006763,0.007572,0.00673,44873.03
6.5,VeryLow,HRD1_major,1.36,0.016073,57.0325,0.001529,0.006763,0.007572,0.00673,44873.03
6.5,VeryLow,HRD1_major,1.37,0.016073,57.0325,0.001529,0.006763,0.007572,0.00673,44873.03
6.5,VeryLow,HRD1_major,1.38,0.016073,57.0325,0.001529,0.006763,0.007572,0.00673,44873.03
6.5,VeryLow,HRD1_major,1.39,0.016073,57.0325,0.001529,0.006763,0.007572,0.00673,44873.03
6.5,VeryLow,HRD1_major,1.4,0.016073,57.0325,0.001529,0.006763,0.007572,0.00673,44873.03
6.5,VeryLow,HRD1_major,1.41,0.016073,57.0325,0.001529,0.006763,0.007572,0.00673,44873.03
6.5,VeryLow,HRD1_major,1.42,0.016073,57.0325,0.001529,0.006763,0.007572,0.00673,44873.03
6.5,VeryLow,HRD1_major,1.43,0.016073,57.0325,0.001529,0.006763,0.007572,0.00673,44873.03
6.5,VeryLow,HRD1_major,1.44,0.016073,57.0325,0.001529,0.006763,0.007572,0.00673,44873.03
6.5,VeryLow,HRD1_major,1.45,0.016073,57.0325,0.001529,0.006763,0.007572,0.00673,44873.03
6.5,VeryLow,HRD1_major,1.46,0.016073,57.0325,0.001529,0.006763,0.007572,0.00673,44873.03
6.5,VeryLow,HRD1_major,1.47,0.016073,57.0325,0.001529,0.006763,0.007572,0.00673,44873.03
6.5,VeryLow,HRD1_major,1.48,0.016073,57.0325,0.001529,0.006763,0.007572,0.00673,44873.03
6.5,VeryLow,HRD1_major,1.49,0.016073,57.0325,0.001529,0.006763,0.007572,0.00673,44873.03
6.5,VeryLow,HRD1_major,1.5,0.016073,57.0325,0.001529,0.006763,0.007572,0.00673,44873.03
6.5,VeryLow,HRD2_urban,0.0,0.0,0.0,0.0,0.0,0.0,0.0,0.0
6.5,VeryLow,HRD2_urban,0.01,0.0,0.0,0.0,0.0,0.0,0.0,0.0
6.5,VeryLow,HRD2_urban,0.02,0.0,0.0,0.0,0.0,0.0,0.0,0.0
6.5,VeryLow,HRD2_urban,0.03,0.0,0.0,0.0,0.0,0.0,0.0,0.0
6.5,VeryLow,HRD2_urban,0.04,0.0,0.0,0.0,0.0,0.0,0.0,0.0
6.5,VeryLow,HRD2_urban,0.05,0.0,0.0,0.0,0.0,0.0,0.0,0.0
6.5,VeryLow,HRD2_urban,0.06,0.0,0.0,0.0,0.0,0.0,0.0,0.0
6.5,VeryLow,HRD2_urban,0.07,0.0,0.0,0.0,0.0,0.0,0.0,0.0
6.5,VeryLow,HRD2_urban,0.08,0.0,0.0,0.0,0.0,0.0,0.0,0.0
6.5,VeryLow,HRD2_urban,0.09,0.0,0.0,0.0,0.0,0.0,0.0,0.0
6.5,VeryLow,HRD2_urban,0.1,0.0,0.0,0.0,0.0,0.0,0.0,0.0
6.5,VeryLow,HRD2_urban,0.11,0.0,0.0,0.0,0.0,0.0,0.0,0.0
6.5,VeryLow,HRD2_urban,0.12,0.0,0.0,0.0,0.0,0.0,0.0,0.0
6.5,VeryLow,HRD2_urban,0.13,0.0,0.0,0.0,0.0,0.0,0.0,0.0
6.5,VeryLow,HRD2_urban,0.14,0.0,0.0,0.0,0.0,0.0,0.0,0.0
6.5,VeryLow,HRD2_urban,0.15,0.0,0.0,0.0,0.0,0.0,0.0,0.0
6.5,VeryLow,HRD2_urban,0.16,0.0,0.0,0.0,0.0,0.0,0.0,0.0
6.5,VeryLow,HRD2_urban,0.17,0.0,0.0,0.0,0.0,0.0,0.0,0.0
6.5,VeryLow,HRD2_urban,0.18,0.0,0.0,0.0,0.0,0.0,0.0,0.0
6.5,VeryLow,HRD2_urban,0.19,0.0,0.0,0.0,0.0,0.0,0.0,0.0
6.5,VeryLow,HRD2_urban,0.2,0.0,0.0,0.0,0.0,0.0,0.0,0.0
6.5,VeryLow,HRD2_urban,0.21,0.0,0.0,0.0,0.0,0.0,0.0,0.0
6.5,VeryLow,HRD2_urban,0.22,0.0,0.0,0.0,0.0,0.0,0.0,0.0
6.5,VeryLow,HRD2_urban,0.23,0.0,0.0,0.0,0.0,0.0,0.0,0.0
6.5,VeryLow,HRD2_urban,0.24,0.0,0.0,0.0,0.0,0.0,0.0,0.0
6.5,VeryLow,HRD2_urban,0.25,0.0,0.0,0.0,0.0,0.0,0.0,0.0
6.5,VeryLow,HRD2_urban,0.26,2.6e-05,0.0,0.0,0.0,0.0,0.0,0.0
6.5,VeryLow,HRD2_urban,0.27,0.000694,0.2632,0.0,0.0,0.0,0.0,0.0
6.5,VeryLow,HRD2_urban,0.28,0.001363,0.5265,0.0,0.0,0.0,0.0,0.06
6.5,VeryLow,HRD2_urban,0.29,0.002032,0.7897,4e-06,0.0,0.0,0.0,0.69
6.5,VeryLow,HRD2_urban,0.3,0.0027,1.0529,1.7e-05,1e-06,0.0,1e-06,3.27
6.5,VeryLow,HRD2_urban,0.31,0.003369,1.3161,4.8e-05,3e-06,0.0,3e-06,9.92
6.5,VeryLow,HRD2_urban,0.32,0.004038,1.5794,0.000107,7e-06,0.0,7e-06,23.18
6.5,VeryLow,HRD2_urban,0.33,0.004706,1.8426,0.000198,1.7e-05,1e-06,1.4e-05,45.68
6.5,VeryLow,HRD2_urban,0.34,0.005375,2.1058,0.000327,3.3e-05,1e-06,2.4e-05,79.99
6.5,VeryLow,HRD2_urban,0.35,0.006043,2.369,0.000495,5.9e-05,3e-06,3.9e-05,128.51
6.5,VeryLow,HRD2_urban,0.36,0.006712,2.6323,0.000701,9.6e-05,5e-06,5.8e-05,193.43
6.5,VeryLow,HRD2_urban,0.37,0.007381,2.8955,0.000944,0.000147,9e-06,8.3e-05,276.74
6.5,VeryLow,HRD2_urban,0.38,0.008049,3.1587,0.001219,0.000212,1.5e-05,0.000114,380.21
6.5,VeryLow,HRD2_urban,0.39,0.008718,3.422,0.001523,0.000295,2.4e-05,0.000152,505.42
6.5,VeryLow,HRD2_urban,0.4,0.009387,3.6852,0.001852,0.000395,3.5e-05,0.000196,653.77
6.5,VeryLow,HRD2_urban,0.41,0.010055,3.9484,0.002201,0.000515,5e-05,0.000248,826.51
6.5,VeryLow,HRD2_urban,0.42,0.010724,4.2116,0.002565,0.000653,6.9e-05,0.000307,1024.75
6.5,VeryLow,HRD2_urban,0.43,0.011393,4.4749,0.002942,0.000811,9.4e-05,0.000375,1249.43
6.5,VeryLow,HRD2_urban,0.44,0.012061,4.7381,0.003326,0.000988,0.000123,0.00045,1501.42
6.5,VeryLow,HRD2_urban,0.45,0.01273,5.0013,0.003715,0.001185,0.000159,0.000534,1781.42
6.5,VeryLow,HRD2_urban,0.46,0.013398,5.2645,0.004104,0.0014,0.000202,0.000627,2090.08
6.5,VeryLow,HRD2_urban,0.47,0.014067,5.5278,0.004492,0.001633,0.000253,0.000728,2427.9
6.5,VeryLow,HRD2_urban,0.48,0.014736,5.791,0.004875,0.001884,0.000311,0.000838,2795.32
6.5,VeryLow,HRD2_urban,0.49,0.015404,6.0542,0.005252,0.002151,0.000378,0.000958,3192.69
6.5,VeryLow,HRD2_urban,0.5,0.016073,6.3174,0.00562,0.002434,0.000454,0.001086,3620.28
6.5,VeryLow,HRD2_urban,0.51,0.016073,6.5807,0.00574,0.002622,0.000519,0.001174,3915.42
6.5,VeryLow,HRD2_urban,0.52,0.016073,6.8439,0.00584,0.002808,0.000587,0.001265,4216.08
6.5,VeryLow,HRD2_urban,0.53,0.016073,7.2387,0.005956,0.003081,0.000698,0.001403,4676.24
6.5,VeryLow,HRD2_urban,0.54,0.016073,7.6336,0.006036,0.003346,0.000818,0.001543,5145.85
6.5,VeryLow,HRD2_urban,0.55,0.016073,8.0284,0.006082,0.003601,0.000946,0.001687,5623.28
6.5,VeryLow,HRD2_urban,0.56,0.016073,8.4233,0.006099,0.003845,0.001083,0.001832,6107.06
6.5,VeryLow,HRD2_urban,0.57,0.016073,8.8181,0.006091,0.004076,0.001226,0.001978,6595.79
6.5,VeryLow,HRD2_urban,0.58,0.016073,9.2129,0.006061,0.004294,0.001377,0.002126,7088.23
6.5,VeryLow,HRD2_urban,0.59,0.016073,9.6078,0.006011,0.004499,0.001534,0.002275,7583.2
6.5,VeryLow,HRD2_urban,0.6,0.016073,10.0026,0.005946,0.00469,0.001697,0.002423,8079.65
6.5,VeryLow,HRD2_urban,0.61,0.016073,10.3975,0.005867,0.004867,0.001865,0.002572,8576.61
6.5,VeryLow,HRD2_urban,0.62,0.016073,10.7923,0.005777,0.005031,0.002038,0.002721,9073.19
6.5,VeryLow,HRD2_urban,0.63,0.016073,11.1871,0.005677,0.005181,0.002214,0.00287,9568.59
6.5,VeryLow,HRD2_urban,0.64,0.016073,11.582,0.005569,0.005317,0.002394,0.003018,10062.07
6.5,VeryLow,HRD2_urban,0.65,0.016073,11.9768,0.005455,0.005441,0.002577,0.003165,10552.98
6.5,VeryLow,HRD2_urban,0.66,0.016073,12.3717,0.005336,0.005553,0.002763,0.003312,11040.73
6.5,VeryLow,HRD2_urban,0.67,0.016073,12.7665,0.005214,0.005652,0.002951,0.003457,11524.77
6.5,VeryLow,HRD2_urban,0.68,0.016073,13.1613,0.005089,0.00574,0.00314,0.003601,12004.62
6.5,VeryLow,HRD2_urban,0.69,0.016073,13.5562,0.004962,0.005817,0.003331,0.003743,12479.87
6.5,VeryLow,HRD2_urban,0.7,0.016073,13.951,0.004834,0.005883,0.003523,0.003884,12950.13
6.5,VeryLow,HRD2_urban,0.71,0.016073,14.3459,0.004706,0.00594,0.003715,0.004024,13415.06
6.5,VeryLow,HRD2_urban,0.72,0.016073,14.7407,0.004579,0.005987,0.003907,0.004161,13874.38
6.5,VeryLow,HRD2_urban,0.73,0.016073,15.1355,0.004452,0.006025,0.0041,0.004297,14327.82
6.5,VeryLow,HRD2_urban,0.74,0.016073,15.5304,0.004326,0.006054,0.004292,0.004432,14775.17
6.5,VeryLow,HRD2_urban,0.75,0.016073,15.9252,0.004202,0.006076,0.004484,0.004564,15216.24
6.5,VeryLow,HRD2_urban,0.76,0.016073,16.3201,0.004079,0.006091,0.004675,0.004694,15650.86
6.5,VeryLow,HRD2_urban,0.77,0.016073,16.7149,0.003959,0.006098,0.004865,0.004823,16078.91
6.5,VeryLow,HRD2_urban,0.78,0.016073,17.1098,0.003841,0.006099,0.005053,0.004949,16500.28
6.5,VeryLow,HRD2_urban,0.79,0.016073,18.6452,0.003405,0.006049,0.005773,0.005421,18074.08
6.5,VeryLow,HRD2_urban,0.8,0.016073,20.1807,0.00301,0.00593,0.006465,0.005862,19543.45
6.5,VeryLow,HRD2_urban,0.81,0.016073,21.7162,0.002657,0.005761,0.007124,0.006272,20909.27
6.5,VeryLow,HRD2_urban,0.82,0.016073,23.2517,0.002344,0.005557,0.007746,0.006651,22174.59
6.5,VeryLow,HRD2_urban,0.83,0.016073,24.7872,0.002068,0.00533,0.008332,0.007002,23343.85
6.5,VeryLow,HRD2_urban,0.84,0.016073,26.3227,0.001825,0.005089,0.00888,0.007325,24422.34
6.5,VeryLow,HRD2_urban,0.85,0.016073,27.8582,0.001612,0.004842,0.009392,0.007623,25415.75
6.5,VeryLow,HRD2_urban,0.86,0.016073,29.3937,0.001426,0.004593,0.009868,0.007897,26329.94
6.5,VeryLow,HRD2_urban,0.87,0.016073,30.9292,0.001262,0.004347,0.01031,0.00815,27170.68
6.5,VeryLow,HRD2_urban,0.88,0.016073,32.4647,0.001119,0.004106,0.01072,0.008381,27943.6
6.5,VeryLow,HRD2_urban,0.89,0.016073,34.0001,0.000993,0.003873,0.0111,0.008594,28654.05
6.5,VeryLow,HRD2_urban,0.9,0.016073,35.5356,0.000883,0.003649,0.011452,0.00879,29307.08
6.5,VeryLow,HRD2_urban,0.91,0.016073,37.0711,0.000786,0.003435,0.011777,0.00897,29907.42
6.5,VeryLow,HRD2_urban,0.92,0.016073,38.6066,0.000701,0.003231,0.012078,0.009136,30459.46
6.5,VeryLow,HRD2_urban,0.93,0.016073,40.1421,0.000626,0.003037,0.012357,0.009288,30967.26
6.5,VeryLow,HRD2_urban,0.94,0.016073,41.6776,0.00056,0.002854,0.012614,0.009428,31434.55
6.5,VeryLow,HRD2_urban,0.95,0.016073,43.2131,0.000502,0.002681,0.012852,0.009558,31864.77
6.5,VeryLow,HRD2_urban,0.96,0.016073,44.7486,0.00045,0.002519,0.013072,0.009676,32261.06
6.5,VeryLow,HRD2_urban,0.97,0.016073,46.2841,0.000404,0.002365,0.013275,0.009786,32626.3
6.5,VeryLow,HRD2_urban,0.98,0.016073,47.8196,0.000364,0.002222,0.013464,0.009887,32963.13
6.5,VeryLow,HRD2_urban,0.99,0.016073,49.355,0.000328,0.002087,0.013638,0.00998,33273.94
6.5,VeryLow,HRD2_urban,1.0,0.016073,50.8905,0.000295,0.00196,0.013799,0.010066,33560.91
6.5,VeryLow,HRD2_urban,1.01,0.016073,52.426,0.000267,0.001842,0.013949,0.010146,33826.05
6.5,VeryLow,HRD2_urban,1.02,0.016073,53.9615,0.000241,0.001731,0.014087,0.010219,34071.18
6.5,VeryLow,HRD2_urban,1.03,0.016073,55.497,0.000219,0.001627,0.014216,0.010287,34297.95
6.5,VeryLow,HRD2_urban,1.04,0.016073,57.0325,0.000198,0.001529,0.014335,0.01035,34507.88
6.5,VeryLow,HRD2_urban,1.05,0.016073,57.0325,0.000198,0.001529,0.014335,0.01035,34507.88
6.5,VeryLow,HRD2_urban,1.06,0.016073,57.0325,0.000198,0.001529,0.014335,0.01035,34507.88
6.5,VeryLow,HRD2_urban,1.07,0.016073,57.0325,0.000198,0.001529,0.014335,0.01035,34507.88
6.5,VeryLow,HRD2_urban,1.08,0.016073,57.0325,0.000198,0.001529,0.014335,0.01035,34507.88
6.5,VeryLow,HRD2_urban,1.09,0.016073,57.0325,0.000198,0.001529,0.014335,0.01035,34507.88
6.5,VeryLow,HRD2_urban,1.1,0.016073,57.0325,0.000198,0.001529,0.014335,0.01035,34507.88
6.5,VeryLow,HRD2_urban,1.11,0.016073,57.0325,0.000198,0.001529,0.014335,0.01035,34507.88
6.5,VeryLow,HRD2_urban,1.12,0.016073,57.0325,0.000198,0.001529,0.014335,0.01035,34507.88
6.5,VeryLow,HRD2_urban,1.13,0.016073,57.0325,0.000198,0.001529,0.014335,0.01035,34507.88
6.5,VeryLow,HRD2_urban,1.14,0.016073,57.0325,0.000198,0.001529,0.014335,0.01035,34507.88
6.5,VeryLow,HRD2_urban,1.15,0.016073,57.0325,0.000198,0.001529,0.014335,0.01035,34507.88
6.5,VeryLow,HRD2_urban,1.16,0.016073,57.0325,0.000198,0.001529,0.014335,0.01035,34507.88
6.5,VeryLow,HRD2_urban,1.17,0.016073,57.0325,0.000198,0.001529,0.014335,0.01035,34507.88
6.5,VeryLow,HRD2_urban,1.18,0.016073,57.0325,0.000198,0.001529,0.014335,0.01035,34507.88
6.5,VeryLow,HRD2_urban,1.19,0.016073,57.0325,0.000198,0.001529,0.014335,0.01035,34507.88
6.5,VeryLow,HRD2_urban,1.2,0.016073,57.0325,0.000198,0.001529,0.014335,0.01035,34507.88
6.5,VeryLow,HRD2_urban,1.21,0.016073,57.0325,0.000198,0.001529,0.014335,0.01035,34507.88
6.5,VeryLow,HRD2_urban,1.22,0.016073,57.0325,0.000198,0.001529,0.014335,0.01035,34507.88
6.5,VeryLow,HRD2_urban,1.23,0.016073,57.0325,0.000198,0.001529,0.014335,0.01035,34507.88
6.5,VeryLow,HRD2_urban,1.24,0.016073,57.0325,0.000198,0.001529,0.014335,0.01035,34507.88
6.5,VeryLow,HRD2_urban,1.25,0.016073,57.0325,0.000198,0.001529,0.014335,0.01035,34507.88
6.5,VeryLow,HRD2_urban,1.26,0.016073,57.0325,0.000198,0.001529,0.014335,0.01035,34507.88
6.5,VeryLow,HRD2_urban,1.27,0.016073,57.0325,0.000198,0.001529,0.014335,0.01035,34507.88
6.5,VeryLow,HRD2_urban,1.28,0.016073,57.0325,0.000198,0.001529,0.014335,0.01035,34507.88
6.5,VeryLow,HRD2_urban,1.29,0.016073,57.0325,0.000198,0.001529,0.014335,0.01035,34507.88
6.5,VeryLow,HRD2_urban,1.3,0.016073,57.0325,0.000198,0.001529,0.014335,0.01035,34507.88
6.5,VeryLow,HRD2_urban,1.31,0.016073,57.0325,0.000198,0.001529,0.014335,0.01035,34507.88
6.5,VeryLow,HRD2_urban,1.32,0.016073,57.0325,0.000198,0.001529,0.014335,0.01035,34507.88
6.5,VeryLow,HRD2_urban,1.33,0.016073,57.0325,0.000198,0.001529,0.014335,0.01035,34507.88
6.5,VeryLow,HRD2_urban,1.34,0.016073,57.0325,0.000198,0.001529,0.014335,0.01035,34507.88
6.5,VeryLow,HRD2_urban,1.35,0.016073,57.0325,0.000198,0.001529,0.014335,0.01035,34507.88
6.5,VeryLow,HRD2_urban,1.36,0.016073,57.0325,0.000198,0.001529,0.014335,0.01035,34507.88
6.5,VeryLow,HRD2_urban,1.37,0.016073,57.0325,0.000198,0.001529,0.014335,0.01035,34507.88
6.5,VeryLow,HRD2_urban,1.38,0.016073,57.0325,0.000198,0.001529,0.014335,0.01035,34507.88
6.5,VeryLow,HRD2_urban,1.39,0.016073,57.0325,0.000198,0.001529,0.014335,0.01035,34507.88
6.5,VeryLow,HRD2_urban,1.4,0.016073,57.0325,0.000198,0.001529,0.014335,0.01035,34507.88
6.5,VeryLow,HRD2_urban,1.41,0.016073,57.0325,0.000198,0.001529,0.014335,0.01035,34507.88
6.5,VeryLow,HRD2_urban,1.42,0.016073,57.0325,0.000198,0.001529,0.014335,0.01035,34507.88
6.5,VeryLow,HRD2_urban,1.43,0.016073,57.0325,0.000198,0.001529,0.014335,0.01035,34507.88
6.5,VeryLow,HRD2_urban,1.44,0.016073,57.0325,0.000198,0.001529,0.014335,0.01035,34507.88
6.5,VeryLow,HRD2_urban,1.45,0.016073,57.0325,0.000198,0.001529,0.014335,0.01035,34507.88
6.5,VeryLow,HRD2_urban,1.46,0.016073,57.0325,0.000198,0.001529,0.014335,0.01035,34507.88
6.5,VeryLow,HRD2_urban,1.47,0.016073,57.0325,0.000198,0.001529,0.014335,0.01035,34507.88
6.5,VeryLow,HRD2_urban,1.48,0.016073,57.0325,0.000198,0.001529,0.014335,0.01035,34507.88
6.5,VeryLow,HRD2_urban,1.49,0.016073,57.0325,0.000198,0.001529,0.014335,0.01035,34507.88
6.5,VeryLow,HRD2_urban,1.5,0.016073,57.0325,0.000198,0.001529,0.014335,0.01035,34507.88
7.0,VeryHigh,HRD1_major,0.0,0.0,0.0,0.0,0.0,0.0,0.0,0.0
7.0,VeryHigh,HRD1_major,0.01,0.0,0.0,0.0,0.0,0.0,0.0,0.0
7.0,VeryHigh,HRD1_major,0.02,0.0,0.0,0.0,0.0,0.0,0.0,0.0
7.0,VeryHigh,HRD1_major,0.03,0.0,0.0,0.0,0.0,0.0,0.0,0.0
7.0,VeryHigh,HRD1_major,0.04,0.0,0.0,0.0,0.0,0.0,0.0,0.0
7.0,VeryHigh,HRD1_major,0.05,0.0,0.0,0.0,0.0,0.0,0.0,0.0
7.0,VeryHigh,HRD1_major,0.06,0.0,0.0,0.0,0.0,0.0,0.0,0.0
7.0,VeryHigh,HRD1_major,0.07,0.0,0.0,0.0,0.0,0.0,0.0,0.0
7.0,VeryHigh,HRD1_major,0.08,0.0,0.0,0.0,0.0,0.0,0.0,0.0
7.0,VeryHigh,HRD1_major,0.09,0.0,12.0,0.0,0.0,0.0,0.0,0.0
7.0,VeryHigh,HRD1_major,0.1,0.019483,12.0,0.006604,0.002928,0.000209,0.001062,7083.96
7.0,VeryHigh,HRD1_major,0.11,0.039382,12.0,0.013349,0.005919,0.000423,0.002147,14319.16
7.0,VeryHigh,HRD1_major,0.12,0.059281,12.0,0.020094,0.008909,0.000637,0.003233,21554.35
7.0,VeryHigh,HRD1_major,0.13,0.07918,12.0,0.026839,0.0119,0.000851,0.004318,28789.54
7.0,VeryHigh,HRD1_major,0.14,0.099078,12.0,0.033584,0.01489,0.001065,0.005403,36024.73
7.0,VeryHigh,HRD1_major,0.15,0.118977,12.0,0.040329,0.017881,0.001279,0.006488,43259.93
7.0,VeryHigh,HRD1_major,0.16,0.138876,12.0,0.047074,0.020872,0.001492,0.007573,50495.12
7.0,VeryHigh,HRD1_major,0.17,0.158775,12.0,0.053819,0.023862,0.001706,0.008658,57730.31
7.0,VeryHigh,HRD1_major,0.18,0.178674,12.0,0.060564,0.026853,0.00192,0.009743,64965.51
7.0,VeryHigh,HRD1_major,0.19,0.198573,12.0,0.067309,0.029843,0.002134,0.010828,72200.7
7.0,VeryHigh,HRD1_major,0.2,0.218472,12.4208,0.075651,0.035203,0.002671,0.012693,84636.13
7.0,VeryHigh,HRD1_major,0.21,0.21891,13.9734,0.080174,0.044036,0.00409,0.015679,104548.73
7.0,VeryHigh,HRD1_major,0.22,0.21891,15.526,0.082455,0.052577,0.005851,0.018734,124919.38
7.0,VeryHigh,HRD1_major,0.23,0.21891,17.0786,0.083067,0.06067,0.007952,0.021854,145719.72
7.0,VeryHigh,HRD1_major,0.24,0.21891,18.6312,0.082393,0.068165,0.010374,0.025014,166795.46
7.0,VeryHigh,HRD1_major,0.25,0.21891,20.1838,0.080756,0.074975,0.013093,0.028198,188022.92
7.0,VeryHigh,HRD1_major,0.26,0.21891,21.7364,0.078423,0.081056,0.016081,0.031389,209300.58
7.0,VeryHigh,HRD1_major,0.27,0.21891,23.289,0.075607,0.086397,0.019307,0.034575,230543.54
7.0,VeryHigh,HRD1_major,0.28,0.21891,29.3269,0.062701,0.100579,0.033546,0.046733,311617.04
7.0,VeryHigh,HRD1_major,0.29,0.21891,35.3648,0.050035,0.106187,0.04927,0.058228,388265.12
7.0,VeryHigh,HRD1_major,0.3,0.21891,41.4027,0.039308,0.105941,0.065247,0.068827,458937.39
7.0,VeryHigh,HRD1_major,0.31,0.21891,47.4406,0.03073,0.102061,0.080693,0.078434,522997.72
7.0,VeryHigh,HRD1_major,0.32,0.21891,53.4784,0.024036,0.096123,0.095164,0.087041,580388.05
7.0,VeryHigh,HRD1_major,0.33,0.21891,59.5163,0.018862,0.089177,0.108445,0.09469,631393.33
7.0,VeryHigh,HRD1_major,0.34,0.21891,65.5542,0.014872,0.081894,0.120471,0.101452,676482.01
7.0,VeryHigh,HRD1_major,0.35,0.21891,71.5921,0.011791,0.074684,0.131261,0.107409,716203.05
7.0,VeryHigh,HRD1_major,0.36,0.21891,77.63,0.009402,0.067788,0.140883,0.112646,751122.88
7.0,VeryHigh,HRD1_major,0.37,0.21891,77.63,0.009402,0.067788,0.140883,0.112646,751122.88
7.0,VeryHigh,HRD1_major,0.38,0.21891,77.63,0.009402,0.067788,0.140883,0.112646,751122.88
7.0,VeryHigh,HRD1_major,0.39,0.21891,77.63,0.009402,0.067788,0.140883,0.112646,751122.88
7.0,VeryHigh,HRD1_major,0.4,0.21891,77.63,0.009402,0.067788,0.140883,0.112646,751122.88
7.0,VeryHigh,HRD1_major,0.41,0.21891,77.63,0.009402,0.067788,0.140883,0.112646,751122.88
7.0,VeryHigh,HRD1_major,0.42,0.21891,77.63,0.009402,0.067788,0.140883,0.112646,751122.88
7.0,VeryHigh,HRD1_major,0.43,0.21891,77.63,0.009402,0.067788,0.140883,0.112646,751122.88
7.0,VeryHigh,HRD1_major,0.44,0.21891,77.63,0.009402,0.067788,0.140883,0.112646,751122.88
7.0,VeryHigh,HRD1_major,0.45,0.21891,77.63,0.009402,0.067788,0.140883,0.112646,751122.88
7.0,VeryHigh,HRD1_major,0.46,0.21891,77.63,0.009402,0.067788,0.140883,0.112646,751122.88
7.0,VeryHigh,HRD1_major,0.47,0.21891,77.63,0.009402,0.067788,0.140883,0.112646,751122.88
7.0,VeryHigh,HRD1_major,0.48,0.21891,77.63,0.009402,0.067788,0.140883,0.112646,751122.88
7.0,VeryHigh,HRD1_major,0.49,0.21891,77.63,0.009402,0.067788,0.140883,0.112646,751122.88
7.0,VeryHigh,HRD1_major,0.5,0.21891,77.63,0.009402,0.067788,0.140883,0.112646,751122.88
7.0,VeryHigh,HRD1_major,0.51,0.21891,77.63,0.009402,0.067788,0.140883,0.112646,751122.88
7.0,VeryHigh,HRD1_major,0.52,0.21891,77.63,0.009402,0.067788,0.140883,0.112646,751122.88
7.0,VeryHigh,HRD1_major,0.53,0.21891,77.63,0.009402,0.067788,0.140883,0.112646,751122.88
7.0,VeryHigh,HRD1_major,0.54,0.21891,77.63,0.009402,0.067788,0.140883,0.112646,751122.88
7.0,VeryHigh,HRD1_major,0.55,0.21891,77.63,0.009402,0.067788,0.140883,0.112646,751122.88
7.0,VeryHigh,HRD1_major,0.56,0.21891,77.63,0.009402,0.067788,0.140883,0.112646,751122.88
7.0,VeryHigh,HRD1_major,0.57,0.21891,77.63,0.009402,0.067788,0.140883,0.112646,751122.88
7.0,VeryHigh,HRD1_major,0.58,0.21891,77.63,0.009402,0.067788,0.140883,0.112646,751122.88
7.0,VeryHigh,HRD1_major,0.59,0.21891,77.63,0.009402,0.067788,0.140883,0.112646,751122.88
7.0,VeryHigh,HRD1_major,0.6,0.21891,77.63,0.009402,0.067788,0.140883,0.112646,751122.88
7.0,VeryHigh,HRD1_major,0.61,0.21891,77.63,0.009402,0.067788,0.140883,0.112646,751122.88
7.0,VeryHigh,HRD1_major,0.62,0.21891,77.63,0.009402,0.067788,0.140883,0.112646,751122.88
7.0,VeryHigh,HRD1_major,0.63,0.21891,77.63,0.009402,0.067788,0.140883,0.112646,751122.88
7.0,VeryHigh,HRD1_major,0.64,0.21891,77.63,0.009402,0.067788,0.140883,0.112646,751122.88
7.0,VeryHigh,HRD1_major,0.65,0.21891,77.63,0.009402,0.067788,0.140883,0.112646,751122.88
7.0,VeryHigh,HRD1_major,0.66,0.21891,77.63,0.009402,0.067788,0.140883,0.112646,751122.88
7.0,VeryHigh,HRD1_major,0.67,0.21891,77.63,0.009402,0.067788,0.140883,0.112646,751122.88
7.0,VeryHigh,HRD1_major,0.68,0.21891,77.63,0.009402,0.067788,0.140883,0.112646,751122.88
7.0,VeryHigh,HRD1_major,0.69,0.21891,77.63,0.009402,0.067788,0.140883,0.112646,751122.88
7.0,VeryHigh,HRD1_major,0.7,0.21891,77.63,0.009402,0.067788,0.140883,0.112646,751122.88
7.0,VeryHigh,HRD1_major,0.71,0.21891,77.63,0.009402,0.067788,0.140883,0.112646,751122.88
7.0,VeryHigh,HRD1_major,0.72,0.21891,77.63,0.009402,0.067788,0.140883,0.112646,751122.88
7.0,VeryHigh,HRD1_major,0.73,0.21891,77.63,0.009402,0.067788,0.140883,0.112646,751122.88
7.0,VeryHigh,HRD1_major,0.74,0.21891,77.63,0.009402,0.067788,0.140883,0.112646,751122.88
7.0,VeryHigh,HRD1_major,0.75,0.21891,77.63,0.009402,0.067788,0.140883,0.112646,751122.88
7.0,VeryHigh,HRD1_major,0.76,0.21891,77.63,0.009402,0.067788,0.140883,0.112646,751122.88
7.0,VeryHigh,HRD1_major,0.77,0.21891,77.63,0.009402,0.067788,0.140883,0.112646,751122.88
7.0,VeryHigh,HRD1_major,0.78,0.21891,77.63,0.009402,0.067788,0.140883,0.112646,751122.88
7.0,VeryHigh,HRD1_major,0.79,0.21891,77.63,0.009402,0.067788,0.140883,0.112646,751122.88
7.0,VeryHigh,HRD1_major,0.8,0.21891,77.63,0.009402,0.067788,0.140883,0.112646,751122.88
7.0,VeryHigh,HRD1_major,0.81,0.21891,77.63,0.009402,0.067788,0.140883,0.112646,751122.88
7.0,VeryHigh,HRD1_major,0.82,0.21891,77.63,0.009402,0.067788,0.140883,0.112646,751122.88
7.0,VeryHigh,HRD1_major,0.83,0.21891,77.63,0.009402,0.067788,0.140883,0.112646,751122.88
7.0,VeryHigh,HRD1_major,0.84,0.21891,77.63,0.009402,0.067788,0.140883,0.112646,751122.88
7.0,VeryHigh,HRD1_major,0.85,0.21891,77.63,0.009402,0.067788,0.140883,0.112646,751122.88
7.0,VeryHigh,HRD1_major,0.86,0.21891,77.63,0.009402,0.067788,0.140883,0.112646,751122.88
7.0,VeryHigh,HRD1_major,0.87,0.21891,77.63,0.009402,0.067788,0.140883,0.112646,751122.88
7.0,VeryHigh,HRD1_major,0.88,0.21891,77.63,0.009402,0.067788,0.140883,0.112646,751122.88
7.0,VeryHigh,HRD1_major,0.89,0.21891,77.63,0.009402,0.067788,0.140883,0.112646,751122.88
7.0,VeryHigh,HRD1_major,0.9,0.21891,77.63,0.009402,0.067788,0.140883,0.112646,751122.88
7.0,VeryHigh,HRD1_major,0.91,0.21891,77.63,0.009402,0.067788,0.140883,0.112646,751122.88
7.0,VeryHigh,HRD1_major,0.92,0.21891,77.63,0.009402,0.067788,0.140883,0.112646,751122.88
7.0,VeryHigh,HRD1_major,0.93,0.21891,77.63,0.009402,0.067788,0.140883,0.112646,751122.88
7.0,VeryHigh,HRD1_major,0.94,0.21891,77.63,0.009402,0.067788,0.140883,0.112646,751122.88
7.0,VeryHigh,HRD1_major,0.95,0.21891,77.63,0.009402,0.067788,0.140883,0.112646,751122.88
7.0,VeryHigh,HRD1_major,0.96,0.21891,77.63,0.009402,0.067788,0.140883,0.112646,751122.88
7.0,VeryHigh,HRD1_major,0.97,0.21891,77.63,0.009402,0.067788,0.140883,0.112646,751122.88
7.0,VeryHigh,HRD1_major,0.98,0.21891,77.63,0.009402,0.067788,0.140883,0.112646,751122.88
7.0,VeryHigh,HRD1_major,0.99,0.21891,77.63,0.009402,0.067788,0.140883,0.112646,751122.88
7.0,VeryHigh,HRD1_major,1.0,0.21891,77.63,0.009402,0.067788,0.140883,0.112646,751122.88
7.0,VeryHigh,HRD1_major,1.01,0.21891,77.63,0.009402,0.067788,0.140883,0.112646,751122.88
7.0,VeryHigh,HRD1_major,1.02,0.21891,77.63,0.009402,0.067788,0.140883,0.112646,751122.88
7.0,VeryHigh,HRD1_major,1.03,0.21891,77.63,0.009402,0.067788,0.140883,0.112646,751122.88
7.0,VeryHigh,HRD1_major,1.04,0.21891,77.63,0.009402,0.067788,0.140883,0.112646,751122.88
7.0,VeryHigh,HRD1_major,1.05,0.21891,77.63,0.009402,0.067788,0.140883,0.112646,751122.88
7.0,VeryHigh,HRD1_major,1.06,0.21891,77.63,0.009402,0.067788,0.140883,0.112646,751122.88
7.0,VeryHigh,HRD1_major,1.07,0.21891,77.63,0.009402,0.067788,0.140883,0.112646,751122.88
7.0,VeryHigh,HRD1_major,1.08,0.21891,77.63,0.009402,0.067788,0.140883,0.112646,751122.88
7.0,VeryHigh,HRD1_major,1.09,0.21891,77.63,0.009402,0.067788,0.140883,0.112646,751122.88
7.0,VeryHigh,HRD1_major,1.1,0.21891,77.63,0.009402,0.067788,0.140883,0.112646,751122.88
7.0,VeryHigh,HRD1_major,1.11,0.21891,77.63,0.009402,0.067788,0.140883,0.112646,751122.88
7.0,VeryHigh,HRD1_major,1.12,0.21891,77.63,0.009402,0.067788,0.140883,0.112646,751122.88
7.0,VeryHigh,HRD1_major,1.13,0.21891,77.63,0.009402,0.067788,0.140883,0.112646,751122.88
7.0,VeryHigh,HRD1_major,1.14,0.21891,77.63,0.009402,0.067788,0.140883,0.112646,751122.88
7.0,VeryHigh,HRD1_major,1.15,0.21891,77.63,0.009402,0.067788,0.140883,0.112646,751122.88
7.0,VeryHigh,HRD1_major,1.16,0.21891,77.63,0.009402,0.067788,0.140883,0.112646,751122.88
7.0,VeryHigh,HRD1_major,1.17,0.21891,77.63,0.009402,0.067788,0.140883,0.112646,751122.88
7.0,VeryHigh,HRD1_major,1.18,0.21891,77.63,0.009402,0.067788,0.140883,0.112646,751122.88
7.0,VeryHigh,HRD1_major,1.19,0.21891,77.63,0.009402,0.067788,0.140883,0.112646,751122.88
7.0,VeryHigh,HRD1_major,1.2,0.21891,77.63,0.009402,0.067788,0.140883,0.112646,751122.88
7.0,VeryHigh,HRD1_major,1.21,0.21891,77.63,0.009402,0.067788,0.140883,0.112646,751122.88
7.0,VeryHigh,HRD1_major,1.22,0.21891,77.63,0.009402,0.067788,0.140883,0.112646,751122.88
7.0,VeryHigh,HRD1_major,1.23,0.21891,77.63,0.009402,0.067788,0.140883,0.112646,751122.88
7.0,VeryHigh,HRD1_major,1.24,0.21891,77.63,0.009402,0.067788,0.140883,0.112646,751122.88
7.0,VeryHigh,HRD1_major,1.25,0.21891,77.63,0.009402,0.067788,0.140883,0.112646,751122.88
7.0,VeryHigh,HRD1_major,1.26,0.21891,77.63,0.009402,0.067788,0.140883,0.112646,751122.88
7.0,VeryHigh,HRD1_major,1.27,0.21891,77.63,0.009402,0.067788,0.140883,0.112646,751122.88
7.0,VeryHigh,HRD1_major,1.28,0.21891,77.63,0.009402,0.067788,0.140883,0.112646,751122.88
7.0,VeryHigh,HRD1_major,1.29,0.21891,77.63,0.009402,0.067788,0.140883,0.112646,751122.88
7.0,VeryHigh,HRD1_major,1.3,0.21891,77.63,0.009402,0.067788,0.140883,0.112646,751122.88
7.0,VeryHigh,HRD1_major,1.31,0.21891,77.63,0.009402,0.067788,0.140883,0.112646,751122.88
7.0,VeryHigh,HRD1_major,1.32,0.21891,77.63,0.009402,0.067788,0.140883,0.112646,751122.88
7.0,VeryHigh,HRD1_major,1.33,0.21891,77.63,0.009402,0.067788,0.140883,0.112646,751122.88
7.0,VeryHigh,HRD1_major,1.34,0.21891,77.63,0.009402,0.067788,0.140883,0.112646,751122.88
7.0,VeryHigh,HRD1_major,1.35,0.21891,77.63,0.009402,0.067788,0.140883,0.112646,751122.88
7.0,VeryHigh,HRD1_major,1.36,0.21891,77.63,0.009402,0.067788,0.140883,0.112646,751122.88
7.0,VeryHigh,HRD1_major,1.37,0.21891,77.63,0.009402,0.067788,0.140883,0.112646,751122.88
7.0,VeryHigh,HRD1_major,1.38,0.21891,77.63,0.009402,0.067788,0.140883,0.112646,751122.88
7.0,VeryHigh,HRD1_major,1.39,0.21891,77.63,0.009402,0.067788,0.140883,0.112646,751122.88
7.0,VeryHigh,HRD1_major,1.4,0.21891,77.63,0.009402,0.067788,0.140883,0.112646,751122.88
7.0,VeryHigh,HRD1_major,1.41,0.21891,77.63,0.009402,0.067788,0.140883,0.112646,751122.88
7.0,VeryHigh,HRD1_major,1.42,0.21891,77.63,0.009402,0.067788,0.140883,0.112646,751122.88
7.0,VeryHigh,HRD1_major,1.43,0.21891,77.63,0.009402,0.067788,0.140883,0.112646,751122.88
7.0,VeryHigh,HRD1_major,1.44,0.21891,77.63,0.009402,0.067788,0.140883,0.112646,751122.88
7.0,VeryHigh,HRD1_major,1.45,0.21891,77.63,0.009402,0.067788,0.140883,0.112646,751122.88
7.0,VeryHigh,HRD1_major,1.46,0.21891,77.63,0.009402,0.067788,0.140883,0.112646,751122.88
7.0,VeryHigh,HRD1_major,1.47,0.21891,77.63,0.009402,0.067788,0.140883,0.112646,751122.88
7.0,VeryHigh,HRD1_major,1.48,0.21891,77.63,0.009402,0.067788,0.140883,0.112646,751122.88
7.0,VeryHigh,HRD1_major,1.49,0.21891,77.63,0.009402,0.067788,0.140883,0.112646,751122.88
7.0,VeryHigh,HRD1_major,1.5,0.21891,77.63,0.009402,0.067788,0.140883,0.112646,751122.88
7.0,VeryHigh,HRD2_urban,0.0,0.0,0.0,0.0,0.0,0.0,0.0,0.0
7.0,VeryHigh,HRD2_urban,0.01,0.0,0.0,0.0,0.0,0.0,0.0,0.0
7.0,VeryHigh,HRD2_urban,0.02,0.0,0.0,0.0,0.0,0.0,0.0,0.0
7.0,VeryHigh,HRD2_urban,0.03,0.0,0.0,0.0,0.0,0.0,0.0,0.0
7.0,VeryHigh,HRD2_urban,0.04,0.0,0.0,0.0,0.0,0.0,0.0,0.0
7.0,VeryHigh,HRD2_urban,0.05,0.0,0.0,0.0,0.0,0.0,0.0,0.0
7.0,VeryHigh,HRD2_urban,0.06,0.0,0.0,0.0,0.0,0.0,0.0,0.0
7.0,VeryHigh,HRD2_urban,0.07,0.0,0.0,0.0,0.0,0.0,0.0,0.0
7.0,VeryHigh,HRD2_urban,0.08,0.0,0.0,0.0,0.0,0.0,0.0,0.0
7.0,VeryHigh,HRD2_urban,0.09,0.0,12.0,0.0,0.0,0.0,0.0,0.0
7.0,VeryHigh,HRD2_urban,0.1,0.019483,12.0,0.006604,0.006604,0.003137,0.003847,12826.64
7.0,VeryHigh,HRD2_urban,0.11,0.039382,12.0,0.013349,0.013349,0.006342,0.007777,25927.1
7.0,VeryHigh,HRD2_urban,0.12,0.059281,12.0,0.020094,0.020094,0.009546,0.011706,39027.57
7.0,VeryHigh,HRD2_urban,0.13,0.07918,12.0,0.026839,0.026839,0.012751,0.015635,52128.03
7.0,VeryHigh,HRD2_urban,0.14,0.099078,12.0,0.033584,0.033584,0.015955,0.019565,65228.5
7.0,VeryHigh,HRD2_urban,0.15,0.118977,12.0,0.040329,0.040329,0.01916,0.023494,78328.96
7.0,VeryHigh,HRD2_urban,0.16,0.138876,12.0,0.047074,0.047074,0.022364,0.027423,91429.43
7.0,VeryHigh,HRD2_urban,0.17,0.158775,12.0,0.053819,0.053819,0.025568,0.031353,104529.89
7.0,VeryHigh,HRD2_urban,0.18,0.178674,12.0,0.060564,0.060564,0.028773,0.035282,117630.36
7.0,VeryHigh,HRD2_urban,0.19,0.198573,12.0,0.067309,0.067309,0.031977,0.039211,130730.82
7.0,VeryHigh,HRD2_urban,0.2,0.218472,12.4208,0.072329,0.075651,0.037874,0.045259,150892.15
7.0,VeryHigh,HRD2_urban,0.21,0.21891,13.9734,0.065745,0.080174,0.048126,0.053011,176737.52
7.0,VeryHigh,HRD2_urban,0.22,0.21891,15.526,0.058938,0.082455,0.058428,0.060338,201166.0
7.0,VeryHigh,HRD2_urban,0.23,0.21891,17.0786,0.052436,0.083067,0.068621,0.06727,224279.26
7.0,VeryHigh,HRD2_urban,0.24,0.21891,18.6312,0.046428,0.082393,0.078539,0.073777,245973.74
7.0,VeryHigh,HRD2_urban,0.25,0.21891,20.1838,0.040991,0.080756,0.088068,0.079848,266214.36
7.0,VeryHigh,HRD2_urban,0.26,0.21891,21.7364,0.036134,0.078423,0.097136,0.085487,285013.04
7.0,VeryHigh,HRD2_urban,0.27,0.21891,23.289,0.031832,0.075607,0.105704,0.090706,302412.95
7.0,VeryHigh,HRD2_urban,0.28,0.21891,29.3269,0.019521,0.062701,0.134126,0.107404,358085.41
7.0,VeryHigh,HRD2_urban,0.29,0.21891,35.3648,0.012184,0.050035,0.155457,0.119436,398200.32
7.0,VeryHigh,HRD2_urban,0.3,0.21891,41.4027,0.007779,0.039308,0.171189,0.128083,427027.63
7.0,VeryHigh,HRD2_urban,0.31,0.21891,47.4406,0.005082,0.03073,0.182754,0.134328,447849.44
7.0,VeryHigh,HRD2_urban,0.32,0.21891,53.4784,0.003393,0.024036,0.191286,0.138877,463016.56
7.0,VeryHigh,HRD2_urban,0.33,0.21891,59.5163,0.002311,0.018862,0.197622,0.142224,474173.16
7.0,VeryHigh,HRD2_urban,0.34,0.21891,65.5542,0.001603,0.014872,0.202365,0.14471,482463.21
7.0,VeryHigh,HRD2_urban,0.35,0.21891,71.5921,0.00113,0.011791,0.205945,0.146576,488685.11
7.0,VeryHigh,HRD2_urban,0.36,0.21891,77.63,0.000809,0.009402,0.208671,0.14799,493400.02
7.0,VeryHigh,HRD2_urban,0.37,0.21891,77.63,0.000809,0.009402,0.208671,0.14799,493400.02
7.0,VeryHigh,HRD2_urban,0.38,0.21891,77.63,0.000809,0.009402,0.208671,0.14799,493400.02
7.0,VeryHigh,HRD2_urban,0.39,0.21891,77.63,0.000809,0.009402,0.208671,0.14799,493400.02
7.0,VeryHigh,HRD2_urban,0.4,0.21891,77.63,0.000809,0.009402,0.208671,0.14799,493400.02
7.0,VeryHigh,HRD2_urban,0.41,0.21891,77.63,0.000809,0.009402,0.208671,0.14799,493400.02
7.0,VeryHigh,HRD2_urban,0.42,0.21891,77.63,0.000809,0.009402,0.208671,0.14799,493400.02
7.0,VeryHigh,HRD2_urban,0.43,0.21891,77.63,0.000809,0.009402,0.208671,0.14799,493400.02
7.0,VeryHigh,HRD2_urban,0.44,0.21891,77.63,0.000809,0.009402,0.208671,0.14799,493400.02
7.0,VeryHigh,HRD2_urban,0.45,0.21891,77.63,0.000809,0.009402,0.208671,0.14799,493400.02
7.0,VeryHigh,HRD2_urban,0.46,0.21891,77.63,0.000809,0.009402,0.208671,0.14799,493400.02
7.0,VeryHigh,HRD2_urban,0.47,0.21891,77.63,0.000809,0.009402,0.208671,0.14799,493400.02
7.0,VeryHigh,HRD2_urban,0.48,0.21891,77.63,0.000809,0.009402,0.208671,0.14799,493400.02
7.0,VeryHigh,HRD2_urban,0.49,0.21891,77.63,0.000809,0.009402,0.208671,0.14799,493400.02
7.0,VeryHigh,HRD2_urban,0.5,0.21891,77.63,0.000809,0.009402,0.208671,0.14799,493400.02
7.0,VeryHigh,HRD2_urban,0.51,0.21891,77.63,0.000809,0.009402,0.208671,0.14799,493400.02
7.0,VeryHigh,HRD2_urban,0.52,0.21891,77.63,0.000809,0.009402,0.208671,0.14799,493400.02
7.0,VeryHigh,HRD2_urban,0.53,0.21891,77.63,0.000809,0.009402,0.208671,0.14799,493400.02
7.0,VeryHigh,HRD2_urban,0.54,0.21891,77.63,0.000809,0.009402,0.208671,0.14799,493400.02
7.0,VeryHigh,HRD2_urban,0.55,0.21891,77.63,0.000809,0.009402,0.208671,0.14799,493400.02
7.0,VeryHigh,HRD2_urban,0.56,0.21891,77.63,0.000809,0.009402,0.208671,0.14799,493400.02
7.0,VeryHigh,HRD2_urban,0.57,0.21891,77.63,0.000809,0.009402,0.208671,0.14799,493400.02
7.0,VeryHigh,HRD2_urban,0.58,0.21891,77.63,0.000809,0.009402,0.208671,0.14799,493400.02
7.0,VeryHigh,HRD2_urban,0.59,0.21891,77.63,0.000809,0.009402,0.208671,0.14799,493400.02
7.0,VeryHigh,HRD2_urban,0.6,0.21891,77.63,0.000809,0.009402,0.208671,0.14799,493400.02
7.0,VeryHigh,HRD2_urban,0.61,0.21891,77.63,0.000809,0.009402,0.208671,0.14799,493400.02
7.0,VeryHigh,HRD2_urban,0.62,0.21891,77.63,0.000809,0.009402,0.208671,0.14799,493400.02
7.0,VeryHigh,HRD2_urban,0.63,0.21891,77.63,0.000809,0.009402,0.208671,0.14799,493400.02
7.0,VeryHigh,HRD2_urban,0.64,0.21891,77.63,0.000809,0.009402,0.208671,0.14799,493400.02
7.0,VeryHigh,HRD2_urban,0.65,0.21891,77.63,0.000809,0.009402,0.208671,0.14799,493400.02
7.0,VeryHigh,HRD2_urban,0.66,0.21891,77.63,0.000809,0.009402,0.208671,0.14799,493400.02
7.0,VeryHigh,HRD2_urban,0.67,0.21891,77.63,0.000809,0.009402,0.208671,0.14799,493400.02
7.0,VeryHigh,HRD2_urban,0.68,0.21891,77.63,0.000809,0.009402,0.208671,0.14799,493400.02
7.0,VeryHigh,HRD2_urban,0.69,0.21891,77.63,0.000809,0.009402,0.208671,0.14799,493400.02
7.0,VeryHigh,HRD2_urban,0.7,0.21891,77.63,0.000809,0.009402,0.208671,0.14799,493400.02
7.0,VeryHigh,HRD2_urban,0.71,0.21891,77.63,0.000809,0.009402,0.208671,0.14799,493400.02
7.0,VeryHigh,HRD2_urban,0.72,0.21891,77.63,0.000809,0.009402,0.208671,0.14799,493400.02
7.0,VeryHigh,HRD2_urban,0.73,0.21891,77.63,0.000809,0.009402,0.208671,0.14799,493400.02
7.0,VeryHigh,HRD2_urban,0.74,0.21891,77.63,0.000809,0.009402,0.208671,0.14799,493400.02
7.0,VeryHigh,HRD2_urban,0.75,0.21891,77.63,0.000809,0.009402,0.208671,0.14799,493400.02
7.0,VeryHigh,HRD2_urban,0.76,0.21891,77.63,0.000809,0.009402,0.208671,0.14799,493400.02
7.0,VeryHigh,HRD2_urban,0.77,0.21891,77.63,0.000809,0.009402,0.208671,0.14799,493400.02
7.0,VeryHigh,HRD2_urban,0.78,0.21891,77.63,0.000809,0.009402,0.208671,0.14799,493400.02
7.0,VeryHigh,HRD2_urban,0.79,0.21891,77.63,0.000809,0.009402,0.208671,0.14799,493400.02
7.0,VeryHigh,HRD2_urban,0.8,0.21891,77.63,0.000809,0.009402,0.208671,0.14799,493400.02
7.0,VeryHigh,HRD2_urban,0.81,0.21891,77.63,0.000809,0.009402,0.208671,0.14799,493400.02
7.0,VeryHigh,HRD2_urban,0.82,0.21891,77.63,0.000809,0.009402,0.208671,0.14799,493400.02
7.0,VeryHigh,HRD2_urban,0.83,0.21891,77.63,0.000809,0.009402,0.208671,0.14799,493400.02
7.0,VeryHigh,HRD2_urban,0.84,0.21891,77.63,0.000809,0.009402,0.208671,0.14799,493400.02
7.0,VeryHigh,HRD2_urban,0.85,0.21891,77.63,0.000809,0.009402,0.208671,0.14799,493400.02
7.0,VeryHigh,HRD2_urban,0.86,0.21891,77.63,0.000809,0.009402,0.208671,0.14799,493400.02
7.0,VeryHigh,HRD2_urban,0.87,0.21891,77.63,0.000809,0.009402,0.208671,0.14799,493400.02
7.0,VeryHigh,HRD2_urban,0.88,0.21891,77.63,0.000809,0.009402,0.208671,0.14799,493400.02
7.0,VeryHigh,HRD2_urban,0.89,0.21891,77.63,0.000809,0.009402,0.208671,0.14799,493400.02
7.0,VeryHigh,HRD2_urban,0.9,0.21891,77.63,0.000809,0.009402,0.208671,0.14799,493400.02
7.0,VeryHigh,HRD2_urban,0.91,0.21891,77.63,0.000809,0.009402,0.208671,0.14799,493400.02
7.0,VeryHigh,HRD2_urban,0.92,0.21891,77.63,0.000809,0.009402,0.208671,0.14799,493400.02
7.0,VeryHigh,HRD2_urban,0.93,0.21891,77.63,0.000809,0.009402,0.208671,0.14799,493400.02
7.0,VeryHigh,HRD2_urban,0.94,0.21891,77.63,0.000809,0.009402,0.208671,0.14799,493400.02
7.0,VeryHigh,HRD2_urban,0.95,0.21891,77.63,0.000809,0.009402,0.208671,0.14799,493400.02
7.0,VeryHigh,HRD2_urban,0.96,0.21891,77.63,0.000809,0.009402,0.208671,0.14799,493400.02
7.0,VeryHigh,HRD2_urban,0.97,0.21891,77.63,0.000809,0.009402,0.208671,0.14799,493400.02
7.0,VeryHigh,HRD2_urban,0.98,0.21891,77.63,0.000809,0.009402,0.208671,0.14799,493400.02
7.0,VeryHigh,HRD2_urban,0.99,0.21891,77.63,0.000809,0.009402,0.208671,0.14799,493400.02
7.0,VeryHigh,HRD2_urban,1.0,0.21891,77.63,0.000809,0.009402,0.208671,0.14799,493400.02
7.0,VeryHigh,HRD2_urban,1.01,0.21891,77.63,0.000809,0.009402,0.208671,0.14799,493400.02
7.0,VeryHigh,HRD2_urban,1.02,0.21891,77.63,0.000809,0.009402,0.208671,0.14799,493400.02
7.0,VeryHigh,HRD2_urban,1.03,0.21891,77.63,0.000809,0.009402,0.208671,0.14799,493400.02
7.0,VeryHigh,HRD2_urban,1.04,0.21891,77.63,0.000809,0.009402,0.208671,0.14799,493400.02
7.0,VeryHigh,HRD2_urban,1.05,0.21891,77.63,0.000809,0.009402,0.208671,0.14799,493400.02
7.0,VeryHigh,HRD2_urban,1.06,0.21891,77.63,0.000809,0.009402,0.208671,0.14799,493400.02
7.0,VeryHigh,HRD2_urban,1.07,0.21891,77.63,0.000809,0.009402,0.208671,0.14799,493400.02
7.0,VeryHigh,HRD2_urban,1.08,0.21891,77.63,0.000809,0.009402,0.208671,0.14799,493400.02
7.0,VeryHigh,HRD2_urban,1.09,0.21891,77.63,0.000809,0.009402,0.208671,0.14799,493400.02
7.0,VeryHigh,HRD2_urban,1.1,0.21891,77.63,0.000809,0.009402,0.208671,0.14799,493400.02
7.0,VeryHigh,HRD2_urban,1.11,0.21891,77.63,0.000809,0.009402,0.208671,0.14799,493400.02
7.0,VeryHigh,HRD2_urban,1.12,0.21891,77.63,0.000809,0.009402,0.208671,0.14799,493400.02
7.0,VeryHigh,HRD2_urban,1.13,0.21891,77.63,0.000809,0.009402,0.208671,0.14799,493400.02
7.0,VeryHigh,HRD2_urban,1.14,0.21891,77.63,0.000809,0.009402,0.208671,0.14799,493400.02
7.0,VeryHigh,HRD2_urban,1.15,0.21891,77.63,0.000809,0.009402,0.208671,0.14799,493400.02
7.0,VeryHigh,HRD2_urban,1.16,0.21891,77.63,0.000809,0.009402,0.208671,0.14799,493400.02
7.0,VeryHigh,HRD2_urban,1.17,0.21891,77.63,0.000809,0.009402,0.208671,0.14799,493400.02
7.0,VeryHigh,HRD2_urban,1.18,0.21891,77.63,0.000809,0.009402,0.208671,0.14799,493400.02
7.0,VeryHigh,HRD2_urban,1.19,0.21891,77.63,0.000809,0.009402,0.208671,0.14799,493400.02
7.0,VeryHigh,HRD2_urban,1.2,0.21891,77.63,0.000809,0.009402,0.208671,0.14799,493400.02
7.0,VeryHigh,HRD2_urban,1.21,0.21891,77.63,0.000809,0.009402,0.208671,0.14799,493400.02
7.0,VeryHigh,HRD2_urban,1.22,0.21891,77.63,0.000809,0.009402,0.208671,0.14799,493400.02
7.0,VeryHigh,HRD2_urban,1.23,0.21891,77.63,0.000809,0.009402,0.208671,0.14799,493400.02
7.0,VeryHigh,HRD2_urban,1.24,0.21891,77.63,0.000809,0.009402,0.208671,0.14799,493400.02
7.0,VeryHigh,HRD2_urban,1.25,0.21891,77.63,0.000809,0.009402,0.208671,0.14799,493400.02
7.0,VeryHigh,HRD2_urban,1.26,0.21891,77.63,0.000809,0.009402,0.208671,0.14799,493400.02
7.0,VeryHigh,HRD2_urban,1.27,0.21891,77.63,0.000809,0.009402,0.208671,0.14799,493400.02
7.0,VeryHigh,HRD2_urban,1.28,0.21891,77.63,0.000809,0.009402,0.208671,0.14799,493400.02
7.0,VeryHigh,HRD2_urban,1.29,0.21891,77.63,0.000809,0.009402,0.208671,0.14799,493400.02
7.0,VeryHigh,HRD2_urban,1.3,0.21891,77.63,0.000809,0.009402,0.208671,0.14799,493400.02
7.0,VeryHigh,HRD2_urban,1.31,0.21891,77.63,0.000809,0.009402,0.208671,0.14799,493400.02
7.0,VeryHigh,HRD2_urban,1.32,0.21891,77.63,0.000809,0.009402,0.208671,0.14799,493400.02
7.0,VeryHigh,HRD2_urban,1.33,0.21891,77.63,0.000809,0.009402,0.208671,0.14799,493400.02
7.0,VeryHigh,HRD2_urban,1.34,0.21891,77.63,0.000809,0.009402,0.208671,0.14799,493400.02
7.0,VeryHigh,HRD2_urban,1.35,0.21891,77.63,0.000809,0.009402,0.208671,0.14799,493400.02
7.0,VeryHigh,HRD2_urban,1.36,0.21891,77.63,0.000809,0.009402,0.208671,0.14799,493400.02
7.0,VeryHigh,HRD2_urban,1.37,0.21891,77.63,0.000809,0.009402,0.208671,0.14799,493400.02
7.0,VeryHigh,HRD2_urban,1.38,0.21891,77.63,0.000809,0.009402,0.208671,0.14799,493400.02
7.0,VeryHigh,HRD2_urban,1.39,0.21891,77.63,0.000809,0.009402,0.208671,0.14799,493400.02
7.0,VeryHigh,HRD2_urban,1.4,0.21891,77.63,0.000809,0.009402,0.208671,0.14799,493400.02
7.0,VeryHigh,HRD2_urban,1.41,0.21891,77.63,0.000809,0.009402,0.208671,0.14799,493400.02
7.0,VeryHigh,HRD2_urban,1.42,0.21891,77.63,0.000809,0.009402,0.208671,0.14799,493400.02
7.0,VeryHigh,HRD2_urban,1.43,0.21891,77.63,0.000809,0.009402,0.208671,0.14799,493400.02
7.0,VeryHigh,HRD2_urban,1.44,0.21891,77.63,0.000809,0.009402,0.208671,0.14799,493400.02
7.0,VeryHigh,HRD2_urban,1.45,0.21891,77.63,0.000809,0.009402,0.208671,0.14799,493400.02
7.0,VeryHigh,HRD2_urban,1.46,0.21891,77.63,0.000809,0.009402,0.208671,0.14799,493400.02
7.0,VeryHigh,HRD2_urban,1.47,0.21891,77.63,0.000809,0.009402,0.208671,0.14799,493400.02
7.0,VeryHigh,HRD2_urban,1.48,0.21891,77.63,0.000809,0.009402,0.208671,0.14799,493400.02
7.0,VeryHigh,HRD2_urban,1.49,0.21891,77.63,0.000809,0.009402,0.208671,0.14799,493400.02
7.0,VeryHigh,HRD2_urban,1.5,0.21891,77.63,0.000809,0.009402,0.208671,0.14799,493400.02
7.0,High,HRD1_major,0.0,0.0,0.0,0.0,0.0,0.0,0.0,0.0
7.0,High,HRD1_major,0.01,0.0,0.0,0.0,0.0,0.0,0.0,0.0
7.0,High,HRD1_major,0.02,0.0,0.0,0.0,0.0,0.0,0.0,0.0
7.0,High,HRD1_major,0.03,0.0,0.0,0.0,0.0,0.0,0.0,0.0
7.0,High,HRD1_major,0.04,0.0,0.0,0.0,0.0,0.0,0.0,0.0
7.0,High,HRD1_major,0.05,0.0,0.0,0.0,0.0,0.0,0.0,0.0
7.0,High,HRD1_major,0.06,0.0,0.0,0.0,0.0,0.0,0.0,0.0
7.0,High,HRD1_major,0.07,0.0,0.0,0.0,0.0,0.0,0.0,0.0
7.0,High,HRD1_major,0.08,0.0,0.0,0.0,0.0,0.0,0.0,0.0
7.0,High,HRD1_major,0.09,0.0,0.0,0.0,0.0,0.0,0.0,0.0
7.0,High,HRD1_major,0.1,0.0,0.0,0.0,0.0,0.0,0.0,0.0
7.0,High,HRD1_major,0.11,0.0,0.0,0.0,0.0,0.0,0.0,0.0
7.0,High,HRD1_major,0.12,7e-05,6.0,1e-05,2e-06,0.0,1e-06,5.55
7.0,High,HRD1_major,0.13,0.013502,6.0,0.001853,0.000315,7e-06,0.00016,1069.33
7.0,High,HRD1_major,0.14,0.026935,6.0,0.003696,0.000628,1.4e-05,0.00032,2133.11
7.0,High,HRD1_major,0.15,0.040367,6.0,0.005539,0.000942,2e-05,0.000479,3196.89
7.0,High,HRD1_major,0.16,0.053799,6.0,0.007382,0.001255,2.7e-05,0.000639,4260.68
7.0,High,HRD1_major,0.17,0.067232,6.0,0.009225,0.001568,3.4e-05,0.000799,5324.46
7.0,High,HRD1_major,0.18,0.080664,6.0,0.011068,0.001882,4e-05,0.000958,6388.24
7.0,High,HRD1_major,0.19,0.094096,6.0,0.012911,0.002195,4.7e-05,0.001118,7452.02
7.0,High,HRD1_major,0.2,0.107528,6.2104,0.015767,0.00281,6.4e-05,0.001395,9303.88
7.0,High,HRD1_major,0.21,0.120961,6.9867,0.021881,0.004584,0.000129,0.002101,14008.1
7.0,High,HRD1_major,0.22,0.134393,7.763,0.028689,0.006947,0.000234,0.002988,19922.8
7.0,High,HRD1_major,0.23,0.147825,8.5393,0.036,0.009943,0.000395,0.004065,27108.16
7.0,High,HRD1_major,0.24,0.161258,9.3156,0.043633,0.013594,0.000628,0.00534,35608.72
7.0,High,HRD1_major,0.25,0.17469,10.48,0.053285,0.019553,0.001107,0.00735,49009.82
7.0,High,HRD1_major,0.26,0.175128,11.6445,0.058161,0.024724,0.001679,0.009028,60198.45
7.0,High,HRD1_major,0.27,0.175128,12.809,0.061692,0.029976,0.002398,0.010758,71735.74
7.0,High,HRD1_major,0.28,0.175128,13.9734,0.064139,0.035229,0.003272,0.012543,83638.99
7.0,High,HRD1_major,0.29,0.175128,15.1378,0.065646,0.040381,0.004303,0.014371,95823.65
7.0,High,HRD1_major,0.3,0.175128,16.3023,0.066356,0.045352,0.005488,0.01623,108221.06
7.0,High,HRD1_major,0.31,0.175128,17.4667,0.066405,0.050083,0.006822,0.018113,120774.49
7.0,High,HRD1_major,0.32,0.175128,18.6312,0.065914,0.054532,0.008299,0.020011,133436.37
7.0,High,HRD1_major,0.33,0.175128,19.7956,0.064992,0.058672,0.009909,0.021921,146166.16
7.0,High,HRD1_major,0.34,0.175128,20.9601,0.06373,0.062486,0.011644,0.023835,158928.9
7.0,High,HRD1_major,0.35,0.175128,22.1245,0.062206,0.065968,0.013493,0.025749,171694.06
7.0,High,HRD1_major,0.36,0.175128,23.289,0.060485,0.069118,0.015446,0.02766,184434.83
7.0,High,HRD1_major,0.37,0.175128,27.8174,0.052825,0.078357,0.023831,0.034994,233341.34
7.0,High,HRD1_major,0.38,0.175128,32.3458,0.044942,0.083423,0.033049,0.042066,280493.93
7.0,High,HRD1_major,0.39,0.175128,36.8743,0.037719,0.085261,0.042622,0.048774,325224.7
7.0,High,HRD1_major,0.4,0.175128,41.4027,0.031446,0.084753,0.052198,0.055061,367149.91
7.0,High,HRD1_major,0.41,0.175128,45.9311,0.026147,0.08262,0.061529,0.060901,406090.44
7.0,High,HRD1_major,0.42,0.175128,50.4595,0.021736,0.079418,0.070454,0.066289,442011.74
7.0,High,HRD1_major,0.43,0.175128,54.9879,0.018091,0.075559,0.07888,0.071232,474977.48
7.0,High,HRD1_major,0.44,0.175128,59.5163,0.01509,0.071342,0.086756,0.075752,505114.67
7.0,High,HRD1_major,0.45,0.175128,64.0448,0.01262,0.066976,0.094066,0.079872,532588.13
7.0,High,HRD1_major,0.46,0.175128,68.5732,0.010586,0.062609,0.100813,0.083621,557582.37
7.0,High,HRD1_major,0.47,0.175128,73.1016,0.008908,0.058339,0.107018,0.087026,580288.97
7.0,High,HRD1_major,0.48,0.175128,77.63,0.007521,0.05423,0.112707,0.090117,600898.3
7.0,High,HRD1_major,0.49,0.175128,77.63,0.007521,0.05423,0.112707,0.090117,600898.3
7.0,High,HRD1_major,0.5,0.175128,77.63,0.007521,0.05423,0.112707,0.090117,600898.3
7.0,High,HRD1_major,0.51,0.175128,77.63,0.007521,0.05423,0.112707,0.090117,600898.3
7.0,High,HRD1_major,0.52,0.175128,77.63,0.007521,0.05423,0.112707,0.090117,600898.3
7.0,High,HRD1_major,0.53,0.175128,77.63,0.007521,0.05423,0.112707,0.090117,600898.3
7.0,High,HRD1_major,0.54,0.175128,77.63,0.007521,0.05423,0.112707,0.090117,600898.3
7.0,High,HRD1_major,0.55,0.175128,77.63,0.007521,0.05423,0.112707,0.090117,600898.3
7.0,High,HRD1_major,0.56,0.175128,77.63,0.007521,0.05423,0.112707,0.090117,600898.3
7.0,High,HRD1_major,0.57,0.175128,77.63,0.007521,0.05423,0.112707,0.090117,600898.3
7.0,High,HRD1_major,0.58,0.175128,77.63,0.007521,0.05423,0.112707,0.090117,600898.3
7.0,High,HRD1_major,0.59,0.175128,77.63,0.007521,0.05423,0.112707,0.090117,600898.3
7.0,High,HRD1_major,0.6,0.175128,77.63,0.007521,0.05423,0.112707,0.090117,600898.3
7.0,High,HRD1_major,0.61,0.175128,77.63,0.007521,0.05423,0.112707,0.090117,600898.3
7.0,High,HRD1_major,0.62,0.175128,77.63,0.007521,0.05423,0.112707,0.090117,600898.3
7.0,High,HRD1_major,0.63,0.175128,77.63,0.007521,0.05423,0.112707,0.090117,600898.3
7.0,High,HRD1_major,0.64,0.175128,77.63,0.007521,0.05423,0.112707,0.090117,600898.3
7.0,High,HRD1_major,0.65,0.175128,77.63,0.007521,0.05423,0.112707,0.090117,600898.3
7.0,High,HRD1_major,0.66,0.175128,77.63,0.007521,0.05423,0.112707,0.090117,600898.3
7.0,High,HRD1_major,0.67,0.175128,77.63,0.007521,0.05423,0.112707,0.090117,600898.3
7.0,High,HRD1_major,0.68,0.175128,77.63,0.007521,0.05423,0.112707,0.090117,600898.3
7.0,High,HRD1_major,0.69,0.175128,77.63,0.007521,0.05423,0.112707,0.090117,600898.3
7.0,High,HRD1_major,0.7,0.175128,77.63,0.007521,0.05423,0.112707,0.090117,600898.3
7.0,High,HRD1_major,0.71,0.175128,77.63,0.007521,0.05423,0.112707,0.090117,600898.3
7.0,High,HRD1_major,0.72,0.175128,77.63,0.007521,0.05423,0.112707,0.090117,600898.3
7.0,High,HRD1_major,0.73,0.175128,77.63,0.007521,0.05423,0.112707,0.090117,600898.3
7.0,High,HRD1_major,0.74,0.175128,77.63,0.007521,0.05423,0.112707,0.090117,600898.3
7.0,High,HRD1_major,0.75,0.175128,77.63,0.007521,0.05423,0.112707,0.090117,600898.3
7.0,High,HRD1_major,0.76,0.175128,77.63,0.007521,0.05423,0.112707,0.090117,600898.3
7.0,High,HRD1_major,0.77,0.175128,77.63,0.007521,0.05423,0.112707,0.090117,600898.3
7.0,High,HRD1_major,0.78,0.175128,77.63,0.007521,0.05423,0.112707,0.090117,600898.3
7.0,High,HRD1_major,0.79,0.175128,77.63,0.007521,0.05423,0.112707,0.090117,600898.3
7.0,High,HRD1_major,0.8,0.175128,77.63,0.007521,0.05423,0.112707,0.090117,600898.3
7.0,High,HRD1_major,0.81,0.175128,77.63,0.007521,0.05423,0.112707,0.090117,600898.3
7.0,High,HRD1_major,0.82,0.175128,77.63,0.007521,0.05423,0.112707,0.090117,600898.3
7.0,High,HRD1_major,0.83,0.175128,77.63,0.007521,0.05423,0.112707,0.090117,600898.3
7.0,High,HRD1_major,0.84,0.175128,77.63,0.007521,0.05423,0.112707,0.090117,600898.3
7.0,High,HRD1_major,0.85,0.175128,77.63,0.007521,0.05423,0.112707,0.090117,600898.3
7.0,High,HRD1_major,0.86,0.175128,77.63,0.007521,0.05423,0.112707,0.090117,600898.3
7.0,High,HRD1_major,0.87,0.175128,77.63,0.007521,0.05423,0.112707,0.090117,600898.3
7.0,High,HRD1_major,0.88,0.175128,77.63,0.007521,0.05423,0.112707,0.090117,600898.3
7.0,High,HRD1_major,0.89,0.175128,77.63,0.007521,0.05423,0.112707,0.090117,600898.3
7.0,High,HRD1_major,0.9,0.175128,77.63,0.007521,0.05423,0.112707,0.090117,600898.3
7.0,High,HRD1_major,0.91,0.175128,77.63,0.007521,0.05423,0.112707,0.090117,600898.3
7.0,High,HRD1_major,0.92,0.175128,77.63,0.007521,0.05423,0.112707,0.090117,600898.3
7.0,High,HRD1_major,0.93,0.175128,77.63,0.007521,0.05423,0.112707,0.090117,600898.3
7.0,High,HRD1_major,0.94,0.175128,77.63,0.007521,0.05423,0.112707,0.090117,600898.3
7.0,High,HRD1_major,0.95,0.175128,77.63,0.007521,0.05423,0.112707,0.090117,600898.3
7.0,High,HRD1_major,0.96,0.175128,77.63,0.007521,0.05423,0.112707,0.090117,600898.3
7.0,High,HRD1_major,0.97,0.175128,77.63,0.007521,0.05423,0.112707,0.090117,600898.3
7.0,High,HRD1_major,0.98,0.175128,77.63,0.007521,0.05423,0.112707,0.090117,600898.3
7.0,High,HRD1_major,0.99,0.175128,77.63,0.007521,0.05423,0.112707,0.090117,600898.3
7.0,High,HRD1_major,1.0,0.175128,77.63,0.007521,0.05423,0.112707,0.090117,600898.3
7.0,High,HRD1_major,1.01,0.175128,77.63,0.007521,0.05423,0.112707,0.090117,600898.3
7.0,High,HRD1_major,1.02,0.175128,77.63,0.007521,0.05423,0.112707,0.090117,600898.3
7.0,High,HRD1_major,1.03,0.175128,77.63,0.007521,0.05423,0.112707,0.090117,600898.3
7.0,High,HRD1_major,1.04,0.175128,77.63,0.007521,0.05423,0.112707,0.090117,600898.3
7.0,High,HRD1_major,1.05,0.175128,77.63,0.007521,0.05423,0.112707,0.090117,600898.3
7.0,High,HRD1_major,1.06,0.175128,77.63,0.007521,0.05423,0.112707,0.090117,600898.3
7.0,High,HRD1_major,1.07,0.175128,77.63,0.007521,0.05423,0.112707,0.090117,600898.3
7.0,High,HRD1_major,1.08,0.175128,77.63,0.007521,0.05423,0.112707,0.090117,600898.3
7.0,High,HRD1_major,1.09,0.175128,77.63,0.007521,0.05423,0.112707,0.090117,600898.3
7.0,High,HRD1_major,1.1,0.175128,77.63,0.007521,0.05423,0.112707,0.090117,600898.3
7.0,High,HRD1_major,1.11,0.175128,77.63,0.007521,0.05423,0.112707,0.090117,600898.3
7.0,High,HRD1_major,1.12,0.175128,77.63,0.007521,0.05423,0.112707,0.090117,600898.3
7.0,High,HRD1_major,1.13,0.175128,77.63,0.007521,0.05423,0.112707,0.090117,600898.3
7.0,High,HRD1_major,1.14,0.175128,77.63,0.007521,0.05423,0.112707,0.090117,600898.3
7.0,High,HRD1_major,1.15,0.175128,77.63,0.007521,0.05423,0.112707,0.090117,600898.3
7.0,High,HRD1_major,1.16,0.175128,77.63,0.007521,0.05423,0.112707,0.090117,600898.3
7.0,High,HRD1_major,1.17,0.175128,77.63,0.007521,0.05423,0.112707,0.090117,600898.3
7.0,High,HRD1_major,1.18,0.175128,77.63,0.007521,0.05423,0.112707,0.090117,600898.3
7.0,High,HRD1_major,1.19,0.175128,77.63,0.007521,0.05423,0.112707,0.090117,600898.3
7.0,High,HRD1_major,1.2,0.175128,77.63,0.007521,0.05423,0.112707,0.090117,600898.3
7.0,High,HRD1_major,1.21,0.175128,77.63,0.007521,0.05423,0.112707,0.090117,600898.3
7.0,High,HRD1_major,1.22,0.175128,77.63,0.007521,0.05423,0.112707,0.090117,600898.3
7.0,High,HRD1_major,1.23,0.175128,77.63,0.007521,0.05423,0.112707,0.090117,600898.3
7.0,High,HRD1_major,1.24,0.175128,77.63,0.007521,0.05423,0.112707,0.090117,600898.3
7.0,High,HRD1_major,1.25,0.175128,77.63,0.007521,0.05423,0.112707,0.090117,600898.3
7.0,High,HRD1_major,1.26,0.175128,77.63,0.007521,0.05423,0.112707,0.090117,600898.3
7.0,High,HRD1_major,1.27,0.175128,77.63,0.007521,0.05423,0.112707,0.090117,600898.3
7.0,High,HRD1_major,1.28,0.175128,77.63,0.007521,0.05423,0.112707,0.090117,600898.3
7.0,High,HRD1_major,1.29,0.175128,77.63,0.007521,0.05423,0.112707,0.090117,600898.3
7.0,High,HRD1_major,1.3,0.175128,77.63,0.007521,0.05423,0.112707,0.090117,600898.3
7.0,High,HRD1_major,1.31,0.175128,77.63,0.007521,0.05423,0.112707,0.090117,600898.3
7.0,High,HRD1_major,1.32,0.175128,77.63,0.007521,0.05423,0.112707,0.090117,600898.3
7.0,High,HRD1_major,1.33,0.175128,77.63,0.007521,0.05423,0.112707,0.090117,600898.3
7.0,High,HRD1_major,1.34,0.175128,77.63,0.007521,0.05423,0.112707,0.090117,600898.3
7.0,High,HRD1_major,1.35,0.175128,77.63,0.007521,0.05423,0.112707,0.090117,600898.3
7.0,High,HRD1_major,1.36,0.175128,77.63,0.007521,0.05423,0.112707,0.090117,600898.3
7.0,High,HRD1_major,1.37,0.175128,77.63,0.007521,0.05423,0.112707,0.090117,600898.3
7.0,High,HRD1_major,1.38,0.175128,77.63,0.007521,0.05423,0.112707,0.090117,600898.3
7.0,High,HRD1_major,1.39,0.175128,77.63,0.007521,0.05423,0.112707,0.090117,600898.3
7.0,High,HRD1_major,1.4,0.175128,77.63,0.007521,0.05423,0.112707,0.090117,600898.3
7.0,High,HRD1_major,1.41,0.175128,77.63,0.007521,0.05423,0.112707,0.090117,600898.3
7.0,High,HRD1_major,1.42,0.175128,77.63,0.007521,0.05423,0.112707,0.090117,600898.3
7.0,High,HRD1_major,1.43,0.175128,77.63,0.007521,0.05423,0.112707,0.090117,600898.3
7.0,High,HRD1_major,1.44,0.175128,77.63,0.007521,0.05423,0.112707,0.090117,600898.3
7.0,High,HRD1_major,1.45,0.175128,77.63,0.007521,0.05423,0.112707,0.090117,600898.3
7.0,High,HRD1_major,1.46,0.175128,77.63,0.007521,0.05423,0.112707,0.090117,600898.3
7.0,High,HRD1_major,1.47,0.175128,77.63,0.007521,0.05423,0.112707,0.090117,600898.3
7.0,High,HRD1_major,1.48,0.175128,77.63,0.007521,0.05423,0.112707,0.090117,600898.3
7.0,High,HRD1_major,1.49,0.175128,77.63,0.007521,0.05423,0.112707,0.090117,600898.3
7.0,High,HRD1_major,1.5,0.175128,77.63,0.007521,0.05423,0.112707,0.090117,600898.3
7.0,High,HRD2_urban,0.0,0.0,0.0,0.0,0.0,0.0,0.0,0.0
7.0,High,HRD2_urban,0.01,0.0,0.0,0.0,0.0,0.0,0.0,0.0
7.0,High,HRD2_urban,0.02,0.0,0.0,0.0,0.0,0.0,0.0,0.0
7.0,High,HRD2_urban,0.03,0.0,0.0,0.0,0.0,0.0,0.0,0.0
7.0,High,HRD2_urban,0.04,0.0,0.0,0.0,0.0,0.0,0.0,0.0
7.0,High,HRD2_urban,0.05,0.0,0.0,0.0,0.0,0.0,0.0,0.0
7.0,High,HRD2_urban,0.06,0.0,0.0,0.0,0.0,0.0,0.0,0.0
7.0,High,HRD2_urban,0.07,0.0,0.0,0.0,0.0,0.0,0.0,0.0
7.0,High,HRD2_urban,0.08,0.0,0.0,0.0,0.0,0.0,0.0,0.0
7.0,High,HRD2_urban,0.09,0.0,0.0,0.0,0.0,0.0,0.0,0.0
7.0,High,HRD2_urban,0.1,0.0,0.0,0.0,0.0,0.0,0.0,0.0
7.0,High,HRD2_urban,0.11,0.0,0.0,0.0,0.0,0.0,0.0,0.0
7.0,High,HRD2_urban,0.12,7e-05,6.0,2.4e-05,1e-05,2e-06,4e-06,14.26
7.0,High,HRD2_urban,0.13,0.013502,6.0,0.004577,0.001853,0.000322,0.000825,2749.15
7.0,High,HRD2_urban,0.14,0.026935,6.0,0.00913,0.003696,0.000642,0.001645,5484.04
7.0,High,HRD2_urban,0.15,0.040367,6.0,0.013683,0.005539,0.000962,0.002465,8218.93
7.0,High,HRD2_urban,0.16,0.053799,6.0,0.018236,0.007382,0.001282,0.003285,10953.82
7.0,High,HRD2_urban,0.17,0.067232,6.0,0.022789,0.009225,0.001602,0.004106,13688.7
7.0,High,HRD2_urban,0.18,0.080664,6.0,0.027342,0.011068,0.001922,0.004926,16423.59
7.0,High,HRD2_urban,0.19,0.094096,6.0,0.031895,0.012911,0.002242,0.005746,19158.48
7.0,High,HRD2_urban,0.2,0.107528,6.2104,0.037234,0.015767,0.002874,0.007027,23428.21
7.0,High,HRD2_urban,0.21,0.120961,6.9867,0.044301,0.021881,0.004712,0.00989,32972.36
7.0,High,HRD2_urban,0.22,0.134393,7.763,0.050621,0.028689,0.007182,0.013296,44328.39
7.0,High,HRD2_urban,0.23,0.147825,8.5393,0.056094,0.036,0.010339,0.017242,57484.05
7.0,High,HRD2_urban,0.24,0.161258,9.3156,0.060694,0.043633,0.014222,0.021717,72403.95
7.0,High,HRD2_urban,0.25,0.17469,10.48,0.06357,0.053285,0.02066,0.028298,94344.48
7.0,High,HRD2_urban,0.26,0.175128,11.6445,0.060485,0.058161,0.026403,0.033138,110482.76
7.0,High,HRD2_urban,0.27,0.175128,12.809,0.056664,0.061692,0.032373,0.037833,126135.31
7.0,High,HRD2_urban,0.28,0.175128,13.9734,0.052596,0.064139,0.038501,0.042409,141390.01
7.0,High,HRD2_urban,0.29,0.175128,15.1378,0.048498,0.065646,0.044684,0.046833,156141.0
7.0,High,HRD2_urban,0.3,0.175128,16.3023,0.044507,0.066356,0.05084,0.051085,170316.32
7.0,High,HRD2_urban,0.31,0.175128,17.4667,0.040707,0.066405,0.056906,0.05515,183870.6
7.0,High,HRD2_urban,0.32,0.175128,18.6312,0.037143,0.065914,0.062831,0.059022,196778.99
7.0,High,HRD2_urban,0.33,0.175128,19.7956,0.033836,0.064992,0.068581,0.062697,209032.39
7.0,High,HRD2_urban,0.34,0.175128,20.9601,0.030793,0.06373,0.07413,0.066177,220633.46
7.0,High,HRD2_urban,0.35,0.175128,22.1245,0.028006,0.062206,0.079461,0.069464,231593.57
7.0,High,HRD2_urban,0.36,0.175128,23.289,0.025466,0.060485,0.084563,0.072565,241930.36
7.0,High,HRD2_urban,0.37,0.175128,27.8174,0.017626,0.052825,0.102188,0.082978,276647.8
7.0,High,HRD2_urban,0.38,0.175128,32.3458,0.012305,0.044942,0.116472,0.091134,303839.88
7.0,High,HRD2_urban,0.39,0.175128,36.8743,0.008694,0.037719,0.127884,0.097497,325055.54
7.0,High,HRD2_urban,0.4,0.175128,41.4027,0.006223,0.031446,0.136951,0.102466,341622.11
7.0,High,HRD2_urban,0.41,0.175128,45.9311,0.004513,0.026147,0.144149,0.106359,354601.67
7.0,High,HRD2_urban,0.42,0.175128,50.4595,0.003313,0.021736,0.149873,0.109424,364818.54
7.0,High,HRD2_urban,0.43,0.175128,54.9879,0.002461,0.018091,0.154439,0.111849,372903.87
7.0,High,HRD2_urban,0.44,0.175128,59.5163,0.001849,0.01509,0.158098,0.113779,379338.53
7.0,High,HRD2_urban,0.45,0.175128,64.0448,0.001403,0.01262,0.161042,0.115324,384488.82
7.0,High,HRD2_urban,0.46,0.175128,68.5732,0.001075,0.010586,0.163423,0.116567,388634.44
7.0,High,HRD2_urban,0.47,0.175128,73.1016,0.000831,0.008908,0.165357,0.117573,391989.79
7.0,High,HRD2_urban,0.48,0.175128,77.63,0.000647,0.007521,0.166937,0.118392,394720.02
7.0,High,HRD2_urban,0.49,0.175128,77.63,0.000647,0.007521,0.166937,0.118392,394720.02
7.0,High,HRD2_urban,0.5,0.175128,77.63,0.000647,0.007521,0.166937,0.118392,394720.02
7.0,High,HRD2_urban,0.51,0.175128,77.63,0.000647,0.007521,0.166937,0.118392,394720.02
7.0,High,HRD2_urban,0.52,0.175128,77.63,0.000647,0.007521,0.166937,0.118392,394720.02
7.0,High,HRD2_urban,0.53,0.175128,77.63,0.000647,0.007521,0.166937,0.118392,394720.02
7.0,High,HRD2_urban,0.54,0.175128,77.63,0.000647,0.007521,0.166937,0.118392,394720.02
7.0,High,HRD2_urban,0.55,0.175128,77.63,0.000647,0.007521,0.166937,0.118392,394720.02
7.0,High,HRD2_urban,0.56,0.175128,77.63,0.000647,0.007521,0.166937,0.118392,394720.02
7.0,High,HRD2_urban,0.57,0.175128,77.63,0.000647,0.007521,0.166937,0.118392,394720.02
7.0,High,HRD2_urban,0.58,0.175128,77.63,0.000647,0.007521,0.166937,0.118392,394720.02
7.0,High,HRD2_urban,0.59,0.175128,77.63,0.000647,0.007521,0.166937,0.118392,394720.02
7.0,High,HRD2_urban,0.6,0.175128,77.63,0.000647,0.007521,0.166937,0.118392,394720.02
7.0,High,HRD2_urban,0.61,0.175128,77.63,0.000647,0.007521,0.166937,0.118392,394720.02
7.0,High,HRD2_urban,0.62,0.175128,77.63,0.000647,0.007521,0.166937,0.118392,394720.02
7.0,High,HRD2_urban,0.63,0.175128,77.63,0.000647,0.007521,0.166937,0.118392,394720.02
7.0,High,HRD2_urban,0.64,0.175128,77.63,0.000647,0.007521,0.166937,0.118392,394720.02
7.0,High,HRD2_urban,0.65,0.175128,77.63,0.000647,0.007521,0.166937,0.118392,394720.02
7.0,High,HRD2_urban,0.66,0.175128,77.63,0.000647,0.007521,0.166937,0.118392,394720.02
7.0,High,HRD2_urban,0.67,0.175128,77.63,0.000647,0.007521,0.166937,0.118392,394720.02
7.0,High,HRD2_urban,0.68,0.175128,77.63,0.000647,0.007521,0.166937,0.118392,394720.02
7.0,High,HRD2_urban,0.69,0.175128,77.63,0.000647,0.007521,0.166937,0.118392,394720.02
7.0,High,HRD2_urban,0.7,0.175128,77.63,0.000647,0.007521,0.166937,0.118392,394720.02
7.0,High,HRD2_urban,0.71,0.175128,77.63,0.000647,0.007521,0.166937,0.118392,394720.02
7.0,High,HRD2_urban,0.72,0.175128,77.63,0.000647,0.007521,0.166937,0.118392,394720.02
7.0,High,HRD2_urban,0.73,0.175128,77.63,0.000647,0.007521,0.166937,0.118392,394720.02
7.0,High,HRD2_urban,0.74,0.175128,77.63,0.000647,0.007521,0.166937,0.118392,394720.02
7.0,High,HRD2_urban,0.75,0.175128,77.63,0.000647,0.007521,0.166937,0.118392,394720.02
7.0,High,HRD2_urban,0.76,0.175128,77.63,0.000647,0.007521,0.166937,0.118392,394720.02
7.0,High,HRD2_urban,0.77,0.175128,77.63,0.000647,0.007521,0.166937,0.118392,394720.02
7.0,High,HRD2_urban,0.78,0.175128,77.63,0.000647,0.007521,0.166937,0.118392,394720.02
7.0,High,HRD2_urban,0.79,0.175128,77.63,0.000647,0.007521,0.166937,0.118392,394720.02
7.0,High,HRD2_urban,0.8,0.175128,77.63,0.000647,0.007521,0.166937,0.118392,394720.02
7.0,High,HRD2_urban,0.81,0.175128,77.63,0.000647,0.007521,0.166937,0.118392,394720.02
7.0,High,HRD2_urban,0.82,0.175128,77.63,0.000647,0.007521,0.166937,0.118392,394720.02
7.0,High,HRD2_urban,0.83,0.175128,77.63,0.000647,0.007521,0.166937,0.118392,394720.02
7.0,High,HRD2_urban,0.84,0.175128,77.63,0.000647,0.007521,0.166937,0.118392,394720.02
7.0,High,HRD2_urban,0.85,0.175128,77.63,0.000647,0.007521,0.166937,0.118392,394720.02
7.0,High,HRD2_urban,0.86,0.175128,77.63,0.000647,0.007521,0.166937,0.118392,394720.02
7.0,High,HRD2_urban,0.87,0.175128,77.63,0.000647,0.007521,0.166937,0.118392,394720.02
7.0,High,HRD2_urban,0.88,0.175128,77.63,0.000647,0.007521,0.166937,0.118392,394720.02
7.0,High,HRD2_urban,0.89,0.175128,77.63,0.000647,0.007521,0.166937,0.118392,394720.02
7.0,High,HRD2_urban,0.9,0.175128,77.63,0.000647,0.007521,0.166937,0.118392,394720.02
7.0,High,HRD2_urban,0.91,0.175128,77.63,0.000647,0.007521,0.166937,0.118392,394720.02
7.0,High,HRD2_urban,0.92,0.175128,77.63,0.000647,0.007521,0.166937,0.118392,394720.02
7.0,High,HRD2_urban,0.93,0.175128,77.63,0.000647,0.007521,0.166937,0.118392,394720.02
7.0,High,HRD2_urban,0.94,0.175128,77.63,0.000647,0.007521,0.166937,0.118392,394720.02
7.0,High,HRD2_urban,0.95,0.175128,77.63,0.000647,0.007521,0.166937,0.118392,394720.02
7.0,High,HRD2_urban,0.96,0.175128,77.63,0.000647,0.007521,0.166937,0.118392,394720.02
7.0,High,HRD2_urban,0.97,0.175128,77.63,0.000647,0.007521,0.166937,0.118392,394720.02
7.0,High,HRD2_urban,0.98,0.175128,77.63,0.000647,0.007521,0.166937,0.118392,394720.02
7.0,High,HRD2_urban,0.99,0.175128,77.63,0.000647,0.007521,0.166937,0.118392,394720.02
7.0,High,HRD2_urban,1.0,0.175128,77.63,0.000647,0.007521,0.166937,0.118392,394720.02
7.0,High,HRD2_urban,1.01,0.175128,77.63,0.000647,0.007521,0.166937,0.118392,394720.02
7.0,High,HRD2_urban,1.02,0.175128,77.63,0.000647,0.007521,0.166937,0.118392,394720.02
7.0,High,HRD2_urban,1.03,0.175128,77.63,0.000647,0.007521,0.166937,0.118392,394720.02
7.0,High,HRD2_urban,1.04,0.175128,77.63,0.000647,0.007521,0.166937,0.118392,394720.02
7.0,High,HRD2_urban,1.05,0.175128,77.63,0.000647,0.007521,0.166937,0.118392,394720.02
7.0,High,HRD2_urban,1.06,0.175128,77.63,0.000647,0.007521,0.166937,0.118392,394720.02
7.0,High,HRD2_urban,1.07,0.175128,77.63,0.000647,0.007521,0.166937,0.118392,394720.02
7.0,High,HRD2_urban,1.08,0.175128,77.63,0.000647,0.007521,0.166937,0.118392,394720.02
7.0,High,HRD2_urban,1.09,0.175128,77.63,0.000647,0.007521,0.166937,0.118392,394720.02
7.0,High,HRD2_urban,1.1,0.175128,77.63,0.000647,0.007521,0.166937,0.118392,394720.02
7.0,High,HRD2_urban,1.11,0.175128,77.63,0.000647,0.007521,0.166937,0.118392,394720.02
7.0,High,HRD2_urban,1.12,0.175128,77.63,0.000647,0.007521,0.166937,0.118392,394720.02
7.0,High,HRD2_urban,1.13,0.175128,77.63,0.000647,0.007521,0.166937,0.118392,394720.02
7.0,High,HRD2_urban,1.14,0.175128,77.63,0.000647,0.007521,0.166937,0.118392,394720.02
7.0,High,HRD2_urban,1.15,0.175128,77.63,0.000647,0.007521,0.166937,0.118392,394720.02
7.0,High,HRD2_urban,1.16,0.175128,77.63,0.000647,0.007521,0.166937,0.118392,394720.02
7.0,High,HRD2_urban,1.17,0.175128,77.63,0.000647,0.007521,0.166937,0.118392,394720.02
7.0,High,HRD2_urban,1.18,0.175128,77.63,0.000647,0.007521,0.166937,0.118392,394720.02
7.0,High,HRD2_urban,1.19,0.175128,77.63,0.000647,0.007521,0.166937,0.118392,394720.02
7.0,High,HRD2_urban,1.2,0.175128,77.63,0.000647,0.007521,0.166937,0.118392,394720.02
7.0,High,HRD2_urban,1.21,0.175128,77.63,0.000647,0.007521,0.166937,0.118392,394720.02
7.0,High,HRD2_urban,1.22,0.175128,77.63,0.000647,0.007521,0.166937,0.118392,394720.02
7.0,High,HRD2_urban,1.23,0.175128,77.63,0.000647,0.007521,0.166937,0.118392,394720.02
7.0,High,HRD2_urban,1.24,0.175128,77.63,0.000647,0.007521,0.166937,0.118392,394720.02
7.0,High,HRD2_urban,1.25,0.175128,77.63,0.000647,0.007521,0.166937,0.118392,394720.02
7.0,High,HRD2_urban,1.26,0.175128,77.63,0.000647,0.007521,0.166937,0.118392,394720.02
7.0,High,HRD2_urban,1.27,0.175128,77.63,0.000647,0.007521,0.166937,0.118392,394720.02
7.0,High,HRD2_urban,1.28,0.175128,77.63,0.000647,0.007521,0.166937,0.118392,394720.02
7.0,High,HRD2_urban,1.29,0.175128,77.63,0.000647,0.007521,0.166937,0.118392,394720.02
7.0,High,HRD2_urban,1.3,0.175128,77.63,0.000647,0.007521,0.166937,0.118392,394720.02
7.0,High,HRD2_urban,1.31,0.175128,77.63,0.000647,0.007521,0.166937,0.118392,394720.02
7.0,High,HRD2_urban,1.32,0.175128,77.63,0.000647,0.007521,0.166937,0.118392,394720.02
7.0,High,HRD2_urban,1.33,0.175128,77.63,0.000647,0.007521,0.166937,0.118392,394720.02
7.0,High,HRD2_urban,1.34,0.175128,77.63,0.000647,0.007521,0.166937,0.118392,394720.02
7.0,High,HRD2_urban,1.35,0.175128,77.63,0.000647,0.007521,0.166937,0.118392,394720.02
7.0,High,HRD2_urban,1.36,0.175128,77.63,0.000647,0.007521,0.166937,0.118392,394720.02
7.0,High,HRD2_urban,1.37,0.175128,77.63,0.000647,0.007521,0.166937,0.118392,394720.02
7.0,High,HRD2_urban,1.38,0.175128,77.63,0.000647,0.007521,0.166937,0.118392,394720.02
7.0,High,HRD2_urban,1.39,0.175128,77.63,0.000647,0.007521,0.166937,0.118392,394720.02
7.0,High,HRD2_urban,1.4,0.175128,77.63,0.000647,0.007521,0.166937,0.118392,394720.02
7.0,High,HRD2_urban,1.41,0.175128,77.63,0.000647,0.007521,0.166937,0.118392,394720.02
7.0,High,HRD2_urban,1.42,0.175128,77.63,0.000647,0.007521,0.166937,0.118392,394720.02
7.0,High,HRD2_urban,1.43,0.175128,77.63,0.000647,0.007521,0.166937,0.118392,394720.02
7.0,High,HRD2_urban,1.44,0.175128,77.63,0.000647,0.007521,0.166937,0.118392,394720.02
7.0,High,HRD2_urban,1.45,0.175128,77.63,0.000647,0.007521,0.166937,0.118392,394720.02
7.0,High,HRD2_urban,1.46,0.175128,77.63,0.000647,0.007521,0.166937,0.118392,394720.02
7.0,High,HRD2_urban,1.47,0.175128,77.63,0.000647,0.007521,0.166937,0.118392,394720.02
7.0,High,HRD2_urban,1.48,0.175128,77.63,0.000647,0.007521,0.166937,0.118392,394720.02
7.0,High,HRD2_urban,1.49,0.175128,77.63,0.000647,0.007521,0.166937,0.118392,394720.02
7.0,High,HRD2_urban,1.5,0.175128,77.63,0.000647,0.007521,0.166937,0.118392,394720.02
7.0,Moderate,HRD1_major,0.0,0.0,0.0,0.0,0.0,0.0,0.0,0.0
7.0,Moderate,HRD1_major,0.01,0.0,0.0,0.0,0.0,0.0,0.0,0.0
7.0,Moderate,HRD1_major,0.02,0.0,0.0,0.0,0.0,0.0,0.0,0.0
7.0,Moderate,HRD1_major,0.03,0.0,0.0,0.0,0.0,0.0,0.0,0.0
7.0,Moderate,HRD1_major,0.04,0.0,0.0,0.0,0.0,0.0,0.0,0.0
7.0,Moderate,HRD1_major,0.05,0.0,0.0,0.0,0.0,0.0,0.0,0.0
7.0,Moderate,HRD1_major,0.06,0.0,0.0,0.0,0.0,0.0,0.0,0.0
7.0,Moderate,HRD1_major,0.07,0.0,0.0,0.0,0.0,0.0,0.0,0.0
7.0,Moderate,HRD1_major,0.08,0.0,0.0,0.0,0.0,0.0,0.0,0.0
7.0,Moderate,HRD1_major,0.09,0.0,0.0,0.0,0.0,0.0,0.0,0.0
7.0,Moderate,HRD1_major,0.1,0.0,0.0,0.0,0.0,0.0,0.0,0.0
7.0,Moderate,HRD1_major,0.11,0.0,0.0,0.0,0.0,0.0,0.0,0.0
7.0,Moderate,HRD1_major,0.12,0.0,0.0,0.0,0.0,0.0,0.0,0.0
7.0,Moderate,HRD1_major,0.13,0.0,0.0,0.0,0.0,0.0,0.0,0.0
7.0,Moderate,HRD1_major,0.14,0.0,0.0,0.0,0.0,0.0,0.0,0.0
7.0,Moderate,HRD1_major,0.15,4.4e-05,2.0,0.0,0.0,0.0,0.0,0.08
7.0,Moderate,HRD1_major,0.16,0.005884,2.0,3e-05,1e-06,0.0,2e-06,11.42
7.0,Moderate,HRD1_major,0.17,0.011725,2.0,5.9e-05,2e-06,0.0,3e-06,22.76
7.0,Moderate,HRD1_major,0.18,0.017565,2.0,8.9e-05,3e-06,0.0,5e-06,34.1
7.0,Moderate,HRD1_major,0.19,0.023406,2.4842,0.000272,1.4e-05,0.0,1.6e-05,109.6
7.0,Moderate,HRD1_major,0.2,0.029246,3.1052,0.000731,5.1e-05,0.0,4.7e-05,312.74
7.0,Moderate,HRD1_major,0.21,0.035087,3.7262,0.001526,0.000135,1e-06,0.000104,695.28
7.0,Moderate,HRD1_major,0.22,0.040927,4.3473,0.002706,0.000296,4e-06,0.000197,1314.45
7.0,Moderate,HRD1_major,0.23,0.046768,4.9683,0.004286,0.000563,9e-06,0.000333,2220.65
7.0,Moderate,HRD1_major,0.24,0.052608,5.5894,0.006252,0.000965,1.8e-05,0.000518,3456.53
7.0,Moderate,HRD1_major,0.25,0.058449,6.2104,0.00857,0.001527,3.5e-05,0.000758,5057.28
7.0,Moderate,HRD1_major,0.26,0.064289,6.8314,0.011195,0.002274,6.1e-05,0.001058,7051.45
7.0,Moderate,HRD1_major,0.27,0.07013,7.4525,0.014075,0.003222,0.000101,0.001419,9461.94
7.0,Moderate,HRD1_major,0.28,0.07597,8.0735,0.017156,0.004386,0.000158,0.001846,12306.98
7.0,Moderate,HRD1_major,0.29,0.081811,8.6946,0.020387,0.005773,0.000237,0.00234,15600.94
7.0,Moderate,HRD1_major,0.3,0.087564,9.3156,0.023693,0.007382,0.000341,0.0029,19335.75
7.0,Moderate,HRD1_major,0.31,0.087564,10.2472,0.026158,0.009303,0.000507,0.003523,23493.61
7.0,Moderate,HRD1_major,0.32,0.087564,11.1787,0.028207,0.011326,0.000717,0.004177,27854.4
7.0,Moderate,HRD1_major,0.33,0.087564,12.1103,0.029856,0.013408,0.000974,0.004856,32381.62
7.0,Moderate,HRD1_major,0.34,0.087564,13.0418,0.031132,0.015515,0.00128,0.005556,37045.04
7.0,Moderate,HRD1_major,0.35,0.087564,13.9734,0.03207,0.017614,0.001636,0.006272,41819.49
7.0,Moderate,HRD1_major,0.36,0.087564,14.905,0.032706,0.019681,0.002042,0.007001,46683.85
7.0,Moderate,HRD1_major,0.37,0.087564,15.8365,0.033079,0.021695,0.002498,0.007741,51620.21
7.0,Moderate,HRD1_major,0.38,0.087564,16.7681,0.033224,0.023638,0.003002,0.00849,56613.28
7.0,Moderate,HRD1_major,0.39,0.087564,17.6996,0.033173,0.025498,0.003553,0.009246,61649.79
7.0,Moderate,HRD1_major,0.4,0.087564,18.6312,0.032957,0.027266,0.004149,0.010006,66718.18
7.0,Moderate,HRD1_major,0.41,0.087564,19.5628,0.032603,0.028935,0.004788,0.010769,71808.26
7.0,Moderate,HRD1_major,0.42,0.087564,20.4943,0.032135,0.0305,0.005468,0.011534,76910.95
7.0,Moderate,HRD1_major,0.43,0.087564,21.4259,0.031574,0.03196,0.006185,0.0123,82018.12
7.0,Moderate,HRD1_major,0.44,0.087564,22.3574,0.030938,0.033312,0.006938,0.013066,87122.48
7.0,Moderate,HRD1_major,0.45,0.087564,23.289,0.030243,0.034559,0.007723,0.01383,92217.41
7.0,Moderate,HRD1_major,0.46,0.087564,26.9117,0.027209,0.038436,0.011035,0.016772,111836.43
7.0,Moderate,HRD1_major,0.47,0.087564,30.5345,0.024024,0.040919,0.014647,0.019638,130946.74
7.0,Moderate,HRD1_major,0.48,0.087564,34.1572,0.020974,0.042247,0.018429,0.022398,149351.87
7.0,Moderate,HRD1_major,0.49,0.087564,37.7799,0.018193,0.042661,0.022273,0.025033,166921.22
7.0,Moderate,HRD1_major,0.5,0.087564,41.4027,0.015723,0.042377,0.026099,0.027531,183574.95
7.0,Moderate,HRD1_major,0.51,0.087564,45.0254,0.013566,0.041574,0.029845,0.029885,199272.22
7.0,Moderate,HRD1_major,0.52,0.087564,48.6481,0.011701,0.040399,0.03347,0.032094,214001.6
7.0,Moderate,HRD1_major,0.53,0.087564,52.2709,0.010097,0.038967,0.036944,0.034159,227773.35
7.0,Moderate,HRD1_major,0.54,0.087564,55.8936,0.008722,0.037368,0.04025,0.036085,240613.17
7.0,Moderate,HRD1_major,0.55,0.087564,59.5163,0.007545,0.035671,0.043378,0.037876,252557.33
7.0,Moderate,HRD1_major,0.56,0.087564,63.1391,0.006538,0.033927,0.046325,0.039539,263648.93
7.0,Moderate,HRD1_major,0.57,0.087564,66.7618,0.005676,0.032175,0.04909,0.041082,273934.98
7.0,Moderate,HRD1_major,0.58,0.087564,70.3845,0.004938,0.030443,0.05168,0.042511,283464.38
7.0,Moderate,HRD1_major,0.59,0.087564,74.0073,0.004305,0.028752,0.054098,0.043834,292286.31
7.0,Moderate,HRD1_major,0.6,0.087564,77.63,0.003761,0.027115,0.056353,0.045058,300449.15
7.0,Moderate,HRD1_major,0.61,0.087564,77.63,0.003761,0.027115,0.056353,0.045058,300449.15
7.0,Moderate,HRD1_major,0.62,0.087564,77.63,0.003761,0.027115,0.056353,0.045058,300449.15
7.0,Moderate,HRD1_major,0.63,0.087564,77.63,0.003761,0.027115,0.056353,0.045058,300449.15
7.0,Moderate,HRD1_major,0.64,0.087564,77.63,0.003761,0.027115,0.056353,0.045058,300449.15
7.0,Moderate,HRD1_major,0.65,0.087564,77.63,0.003761,0.027115,0.056353,0.045058,300449.15
7.0,Moderate,HRD1_major,0.66,0.087564,77.63,0.003761,0.027115,0.056353,0.045058,300449.15
7.0,Moderate,HRD1_major,0.67,0.087564,77.63,0.003761,0.027115,0.056353,0.045058,300449.15
7.0,Moderate,HRD1_major,0.68,0.087564,77.63,0.003761,0.027115,0.056353,0.045058,300449.15
7.0,Moderate,HRD1_major,0.69,0.087564,77.63,0.003761,0.027115,0.056353,0.045058,300449.15
7.0,Moderate,HRD1_major,0.7,0.087564,77.63,0.003761,0.027115,0.056353,0.045058,300449.15
7.0,Moderate,HRD1_major,0.71,0.087564,77.63,0.003761,0.027115,0.056353,0.045058,300449.15
7.0,Moderate,HRD1_major,0.72,0.087564,77.63,0.003761,0.027115,0.056353,0.045058,300449.15
7.0,Moderate,HRD1_major,0.73,0.087564,77.63,0.003761,0.027115,0.056353,0.045058,300449.15
7.0,Moderate,HRD1_major,0.74,0.087564,77.63,0.003761,0.027115,0.056353,0.045058,300449.15
7.0,Moderate,HRD1_major,0.75,0.087564,77.63,0.003761,0.027115,0.056353,0.045058,300449.15
7.0,Moderate,HRD1_major,0.76,0.087564,77.63,0.003761,0.027115,0.056353,0.045058,300449.15
7.0,Moderate,HRD1_major,0.77,0.087564,77.63,0.003761,0.027115,0.056353,0.045058,300449.15
7.0,Moderate,HRD1_major,0.78,0.087564,77.63,0.003761,0.027115,0.056353,0.045058,300449.15
7.0,Moderate,HRD1_major,0.79,0.087564,77.63,0.003761,0.027115,0.056353,0.045058,300449.15
7.0,Moderate,HRD1_major,0.8,0.087564,77.63,0.003761,0.027115,0.056353,0.045058,300449.15
7.0,Moderate,HRD1_major,0.81,0.087564,77.63,0.003761,0.027115,0.056353,0.045058,300449.15
7.0,Moderate,HRD1_major,0.82,0.087564,77.63,0.003761,0.027115,0.056353,0.045058,300449.15
7.0,Moderate,HRD1_major,0.83,0.087564,77.63,0.003761,0.027115,0.056353,0.045058,300449.15
7.0,Moderate,HRD1_major,0.84,0.087564,77.63,0.003761,0.027115,0.056353,0.045058,300449.15
7.0,Moderate,HRD1_major,0.85,0.087564,77.63,0.003761,0.027115,0.056353,0.045058,300449.15
7.0,Moderate,HRD1_major,0.86,0.087564,77.63,0.003761,0.027115,0.056353,0.045058,300449.15
7.0,Moderate,HRD1_major,0.87,0.087564,77.63,0.003761,0.027115,0.056353,0.045058,300449.15
7.0,Moderate,HRD1_major,0.88,0.087564,77.63,0.003761,0.027115,0.056353,0.045058,300449.15
7.0,Moderate,HRD1_major,0.89,0.087564,77.63,0.003761,0.027115,0.056353,0.045058,300449.15
7.0,Moderate,HRD1_major,0.9,0.087564,77.63,0.003761,0.027115,0.056353,0.045058,300449.15
7.0,Moderate,HRD1_major,0.91,0.087564,77.63,0.003761,0.027115,0.056353,0.045058,300449.15
7.0,Moderate,HRD1_major,0.92,0.087564,77.63,0.003761,0.027115,0.056353,0.045058,300449.15
7.0,Moderate,HRD1_major,0.93,0.087564,77.63,0.003761,0.027115,0.056353,0.045058,300449.15
7.0,Moderate,HRD1_major,0.94,0.087564,77.63,0.003761,0.027115,0.056353,0.045058,300449.15
7.0,Moderate,HRD1_major,0.95,0.087564,77.63,0.003761,0.027115,0.056353,0.045058,300449.15
7.0,Moderate,HRD1_major,0.96,0.087564,77.63,0.003761,0.027115,0.056353,0.045058,300449.15
7.0,Moderate,HRD1_major,0.97,0.087564,77.63,0.003761,0.027115,0.056353,0.045058,300449.15
7.0,Moderate,HRD1_major,0.98,0.087564,77.63,0.003761,0.027115,0.056353,0.045058,300449.15
7.0,Moderate,HRD1_major,0.99,0.087564,77.63,0.003761,0.027115,0.056353,0.045058,300449.15
7.0,Moderate,HRD1_major,1.0,0.087564,77.63,0.003761,0.027115,0.056353,0.045058,300449.15
7.0,Moderate,HRD1_major,1.01,0.087564,77.63,0.003761,0.027115,0.056353,0.045058,300449.15
7.0,Moderate,HRD1_major,1.02,0.087564,77.63,0.003761,0.027115,0.056353,0.045058,300449.15
7.0,Moderate,HRD1_major,1.03,0.087564,77.63,0.003761,0.027115,0.056353,0.045058,300449.15
7.0,Moderate,HRD1_major,1.04,0.087564,77.63,0.003761,0.027115,0.056353,0.045058,300449.15
7.0,Moderate,HRD1_major,1.05,0.087564,77.63,0.003761,0.027115,0.056353,0.045058,300449.15
7.0,Moderate,HRD1_major,1.06,0.087564,77.63,0.003761,0.027115,0.056353,0.045058,300449.15
7.0,Moderate,HRD1_major,1.07,0.087564,77.63,0.003761,0.027115,0.056353,0.045058,300449.15
7.0,Moderate,HRD1_major,1.08,0.087564,77.63,0.003761,0.027115,0.056353,0.045058,300449.15
7.0,Moderate,HRD1_major,1.09,0.087564,77.63,0.003761,0.027115,0.056353,0.045058,300449.15
7.0,Moderate,HRD1_major,1.1,0.087564,77.63,0.003761,0.027115,0.056353,0.045058,300449.15
7.0,Moderate,HRD1_major,1.11,0.087564,77.63,0.003761,0.027115,0.056353,0.045058,300449.15
7.0,Moderate,HRD1_major,1.12,0.087564,77.63,0.003761,0.027115,0.056353,0.045058,300449.15
7.0,Moderate,HRD1_major,1.13,0.087564,77.63,0.003761,0.027115,0.056353,0.045058,300449.15
7.0,Moderate,HRD1_major,1.14,0.087564,77.63,0.003761,0.027115,0.056353,0.045058,300449.15
7.0,Moderate,HRD1_major,1.15,0.087564,77.63,0.003761,0.027115,0.056353,0.045058,300449.15
7.0,Moderate,HRD1_major,1.16,0.087564,77.63,0.003761,0.027115,0.056353,0.045058,300449.15
7.0,Moderate,HRD1_major,1.17,0.087564,77.63,0.003761,0.027115,0.056353,0.045058,300449.15
7.0,Moderate,HRD1_major,1.18,0.087564,77.63,0.003761,0.027115,0.056353,0.045058,300449.15
7.0,Moderate,HRD1_major,1.19,0.087564,77.63,0.003761,0.027115,0.056353,0.045058,300449.15
7.0,Moderate,HRD1_major,1.2,0.087564,77.63,0.003761,0.027115,0.056353,0.045058,300449.15
7.0,Moderate,HRD1_major,1.21,0.087564,77.63,0.003761,0.027115,0.056353,0.045058,300449.15
7.0,Moderate,HRD1_major,1.22,0.087564,77.63,0.003761,0.027115,0.056353,0.045058,300449.15
7.0,Moderate,HRD1_major,1.23,0.087564,77.63,0.003761,0.027115,0.056353,0.045058,300449.15
7.0,Moderate,HRD1_major,1.24,0.087564,77.63,0.003761,0.027115,0.056353,0.045058,300449.15
7.0,Moderate,HRD1_major,1.25,0.087564,77.63,0.003761,0.027115,0.056353,0.045058,300449.15
7.0,Moderate,HRD1_major,1.26,0.087564,77.63,0.003761,0.027115,0.056353,0.045058,300449.15
7.0,Moderate,HRD1_major,1.27,0.087564,77.63,0.003761,0.027115,0.056353,0.045058,300449.15
7.0,Moderate,HRD1_major,1.28,0.087564,77.63,0.003761,0.027115,0.056353,0.045058,300449.15
7.0,Moderate,HRD1_major,1.29,0.087564,77.63,0.003761,0.027115,0.056353,0.045058,300449.15
7.0,Moderate,HRD1_major,1.3,0.087564,77.63,0.003761,0.027115,0.056353,0.045058,300449.15
7.0,Moderate,HRD1_major,1.31,0.087564,77.63,0.003761,0.027115,0.056353,0.045058,300449.15
7.0,Moderate,HRD1_major,1.32,0.087564,77.63,0.003761,0.027115,0.056353,0.045058,300449.15
7.0,Moderate,HRD1_major,1.33,0.087564,77.63,0.003761,0.027115,0.056353,0.045058,300449.15
7.0,Moderate,HRD1_major,1.34,0.087564,77.63,0.003761,0.027115,0.056353,0.045058,300449.15
7.0,Moderate,HRD1_major,1.35,0.087564,77.63,0.003761,0.027115,0.056353,0.045058,300449.15
7.0,Moderate,HRD1_major,1.36,0.087564,77.63,0.003761,0.027115,0.056353,0.045058,300449.15
7.0,Moderate,HRD1_major,1.37,0.087564,77.63,0.003761,0.027115,0.056353,0.045058,300449.15
7.0,Moderate,HRD1_major,1.38,0.087564,77.63,0.003761,0.027115,0.056353,0.045058,300449.15
7.0,Moderate,HRD1_major,1.39,0.087564,77.63,0.003761,0.027115,0.056353,0.045058,300449.15
7.0,Moderate,HRD1_major,1.4,0.087564,77.63,0.003761,0.027115,0.056353,0.045058,300449.15
7.0,Moderate,HRD1_major,1.41,0.087564,77.63,0.003761,0.027115,0.056353,0.045058,300449.15
7.0,Moderate,HRD1_major,1.42,0.087564,77.63,0.003761,0.027115,0.056353,0.045058,300449.15
7.0,Moderate,HRD1_major,1.43,0.087564,77.63,0.003761,0.027115,0.056353,0.045058,300449.15
7.0,Moderate,HRD1_major,1.44,0.087564,77.63,0.003761,0.027115,0.056353,0.045058,300449.15
7.0,Moderate,HRD1_major,1.45,0.087564,77.63,0.003761,0.027115,0.056353,0.045058,300449.15
7.0,Moderate,HRD1_major,1.46,0.087564,77.63,0.003761,0.027115,0.056353,0.045058,300449.15
7.0,Moderate,HRD1_major,1.47,0.087564,77.63,0.003761,0.027115,0.056353,0.045058,300449.15
7.0,Moderate,HRD1_major,1.48,0.087564,77.63,0.003761,0.027115,0.056353,0.045058,300449.15
7.0,Moderate,HRD1_major,1.49,0.087564,77.63,0.003761,0.027115,0.056353,0.045058,300449.15
7.0,Moderate,HRD1_major,1.5,0.087564,77.63,0.003761,0.027115,0.056353,0.045058,300449.15
7.0,Moderate,HRD2_urban,0.0,0.0,0.0,0.0,0.0,0.0,0.0,0.0
7.0,Moderate,HRD2_urban,0.01,0.0,0.0,0.0,0.0,0.0,0.0,0.0
7.0,Moderate,HRD2_urban,0.02,0.0,0.0,0.0,0.0,0.0,0.0,0.0
7.0,Moderate,HRD2_urban,0.03,0.0,0.0,0.0,0.0,0.0,0.0,0.0
7.0,Moderate,HRD2_urban,0.04,0.0,0.0,0.0,0.0,0.0,0.0,0.0
7.0,Moderate,HRD2_urban,0.05,0.0,0.0,0.0,0.0,0.0,0.0,0.0
7.0,Moderate,HRD2_urban,0.06,0.0,0.0,0.0,0.0,0.0,0.0,0.0
7.0,Moderate,HRD2_urban,0.07,0.0,0.0,0.0,0.0,0.0,0.0,0.0
7.0,Moderate,HRD2_urban,0.08,0.0,0.0,0.0,0.0,0.0,0.0,0.0
7.0,Moderate,HRD2_urban,0.09,0.0,0.0,0.0,0.0,0.0,0.0,0.0
7.0,Moderate,HRD2_urban,0.1,0.0,0.0,0.0,0.0,0.0,0.0,0.0
7.0,Moderate,HRD2_urban,0.11,0.0,0.0,0.0,0.0,0.0,0.0,0.0
7.0,Moderate,HRD2_urban,0.12,0.0,0.0,0.0,0.0,0.0,0.0,0.0
7.0,Moderate,HRD2_urban,0.13,0.0,0.0,0.0,0.0,0.0,0.0,0.0
7.0,Moderate,HRD2_urban,0.14,0.0,0.0,0.0,0.0,0.0,0.0,0.0
7.0,Moderate,HRD2_urban,0.15,4.4e-05,2.0,2e-06,0.0,0.0,0.0,0.55
7.0,Moderate,HRD2_urban,0.16,0.005884,2.0,0.000312,3e-05,1e-06,2.2e-05,74.47
7.0,Moderate,HRD2_urban,0.17,0.011725,2.0,0.000622,5.9e-05,2e-06,4.5e-05,148.38
7.0,Moderate,HRD2_urban,0.18,0.017565,2.0,0.000932,8.9e-05,3e-06,6.7e-05,222.29
7.0,Moderate,HRD2_urban,0.19,0.023406,2.4842,0.002145,0.000272,1.4e-05,0.000171,571.72
7.0,Moderate,HRD2_urban,0.2,0.029246,3.1052,0.004288,0.000731,5.1e-05,0.000396,1321.09
7.0,Moderate,HRD2_urban,0.21,0.035087,3.7262,0.007042,0.001526,0.000137,0.000753,2510.47
7.0,Moderate,HRD2_urban,0.22,0.040927,4.3473,0.010199,0.002706,0.0003,0.001261,4204.87
7.0,Moderate,HRD2_urban,0.23,0.046768,4.9683,0.013557,0.004286,0.000572,0.001935,6452.56
7.0,Moderate,HRD2_urban,0.24,0.052608,5.5894,0.016947,0.006252,0.000983,0.002786,9288.13
7.0,Moderate,HRD2_urban,0.25,0.058449,6.2104,0.020239,0.00857,0.001562,0.00382,12734.8
7.0,Moderate,HRD2_urban,0.26,0.064289,6.8314,0.023342,0.011195,0.002335,0.005041,16806.21
7.0,Moderate,HRD2_urban,0.27,0.07013,7.4525,0.026195,0.014075,0.003323,0.006451,21507.91
7.0,Moderate,HRD2_urban,0.28,0.07597,8.0735,0.028762,0.017156,0.004544,0.00805,26838.67
7.0,Moderate,HRD2_urban,0.29,0.081811,8.6946,0.031028,0.020387,0.00601,0.009836,32791.58
7.0,Moderate,HRD2_urban,0.3,0.087564,9.3156,0.032957,0.023693,0.007723,0.011792,39315.78
7.0,Moderate,HRD2_urban,0.31,0.087564,10.2472,0.032135,0.026158,0.00981,0.013705,45693.67
7.0,Moderate,HRD2_urban,0.32,0.087564,11.1787,0.030938,0.028207,0.012043,0.015618,52070.98
7.0,Moderate,HRD2_urban,0.33,0.087564,12.1103,0.029502,0.029856,0.014382,0.017514,58391.54
7.0,Moderate,HRD2_urban,0.34,0.087564,13.0418,0.027931,0.031132,0.016795,0.019379,64611.01
7.0,Moderate,HRD2_urban,0.35,0.087564,13.9734,0.026298,0.03207,0.019251,0.021204,70695.01
7.0,Moderate,HRD2_urban,0.36,0.087564,14.905,0.024656,0.032706,0.021724,0.022981,76617.49
7.0,Moderate,HRD2_urban,0.37,0.087564,15.8365,0.023042,0.033079,0.024193,0.024703,82359.35
7.0,Moderate,HRD2_urban,0.38,0.087564,16.7681,0.02148,0.033224,0.02664,0.026367,87907.18
7.0,Moderate,HRD2_urban,0.39,0.087564,17.6996,0.019987,0.033173,0.029052,0.02797,93252.22
7.0,Moderate,HRD2_urban,0.4,0.087564,18.6312,0.018571,0.032957,0.031416,0.029511,98389.5
7.0,Moderate,HRD2_urban,0.41,0.087564,19.5628,0.017238,0.032603,0.033723,0.030989,103317.06
7.0,Moderate,HRD2_urban,0.42,0.087564,20.4943,0.015989,0.032135,0.035968,0.032404,108035.37
7.0,Moderate,HRD2_urban,0.43,0.087564,21.4259,0.014824,0.031574,0.038145,0.033757,112546.77
7.0,Moderate,HRD2_urban,0.44,0.087564,22.3574,0.013739,0.030938,0.04025,0.03505,116855.07
7.0,Moderate,HRD2_urban,0.45,0.087564,23.289,0.012733,0.030243,0.042282,0.036282,120965.18
7.0,Moderate,HRD2_urban,0.46,0.087564,26.9117,0.009481,0.027209,0.049471,0.040546,135179.07
7.0,Moderate,HRD2_urban,0.47,0.087564,30.5345,0.007094,0.024024,0.055566,0.044056,146881.63
7.0,Moderate,HRD2_urban,0.48,0.087564,34.1572,0.005346,0.020974,0.060676,0.046935,156481.51
7.0,Moderate,HRD2_urban,0.49,0.087564,37.7799,0.004062,0.018193,0.064934,0.049296,164351.52
7.0,Moderate,HRD2_urban,0.5,0.087564,41.4027,0.003112,0.015723,0.068475,0.051233,170811.05
7.0,Moderate,HRD2_urban,0.51,0.087564,45.0254,0.002404,0.013566,0.071419,0.052827,176125.04
7.0,Moderate,HRD2_urban,0.52,0.087564,48.6481,0.001872,0.011701,0.073869,0.054142,180509.56
7.0,Moderate,HRD2_urban,0.53,0.087564,52.2709,0.001469,0.010097,0.075911,0.055231,184139.29
7.0,Moderate,HRD2_urban,0.54,0.087564,55.8936,0.001161,0.008722,0.077618,0.056135,187154.84
7.0,Moderate,HRD2_urban,0.55,0.087564,59.5163,0.000924,0.007545,0.079049,0.056889,189669.27
7.0,Moderate,HRD2_urban,0.56,0.087564,63.1391,0.000741,0.006538,0.080251,0.057521,191773.52
7.0,Moderate,HRD2_urban,0.57,0.087564,66.7618,0.000597,0.005676,0.081265,0.058051,193540.89
7.0,Moderate,HRD2_urban,0.58,0.087564,70.3845,0.000484,0.004938,0.082122,0.058497,195030.6
7.0,Moderate,HRD2_urban,0.59,0.087564,74.0073,0.000395,0.004305,0.08285,0.058875,196290.64
7.0,Moderate,HRD2_urban,0.6,0.087564,77.63,0.000324,0.003761,0.083468,0.059196,197360.01
7.0,Moderate,HRD2_urban,0.61,0.087564,77.63,0.000324,0.003761,0.083468,0.059196,197360.01
7.0,Moderate,HRD2_urban,0.62,0.087564,77.63,0.000324,0.003761,0.083468,0.059196,197360.01
7.0,Moderate,HRD2_urban,0.63,0.087564,77.63,0.000324,0.003761,0.083468,0.059196,197360.01
7.0,Moderate,HRD2_urban,0.64,0.087564,77.63,0.000324,0.003761,0.083468,0.059196,197360.01
7.0,Moderate,HRD2_urban,0.65,0.087564,77.63,0.000324,0.003761,0.083468,0.059196,197360.01
7.0,Moderate,HRD2_urban,0.66,0.087564,77.63,0.000324,0.003761,0.083468,0.059196,197360.01
7.0,Moderate,HRD2_urban,0.67,0.087564,77.63,0.000324,0.003761,0.083468,0.059196,197360.01
7.0,Moderate,HRD2_urban,0.68,0.087564,77.63,0.000324,0.003761,0.083468,0.059196,197360.01
7.0,Moderate,HRD2_urban,0.69,0.087564,77.63,0.000324,0.003761,0.083468,0.059196,197360.01
7.0,Moderate,HRD2_urban,0.7,0.087564,77.63,0.000324,0.003761,0.083468,0.059196,197360.01
7.0,Moderate,HRD2_urban,0.71,0.087564,77.63,0.000324,0.003761,0.083468,0.059196,197360.01
7.0,Moderate,HRD2_urban,0.72,0.087564,77.63,0.000324,0.003761,0.083468,0.059196,197360.01
7.0,Moderate,HRD2_urban,0.73,0.087564,77.63,0.000324,0.003761,0.083468,0.059196,197360.01
7.0,Moderate,HRD2_urban,0.74,0.087564,77.63,0.000324,0.003761,0.083468,0.059196,197360.01
7.0,Moderate,HRD2_urban,0.75,0.087564,77.63,0.000324,0.003761,0.083468,0.059196,197360.01
7.0,Moderate,HRD2_urban,0.76,0.087564,77.63,0.000324,0.003761,0.083468,0.059196,197360.01
7.0,Moderate,HRD2_urban,0.77,0.087564,77.63,0.000324,0.003761,0.083468,0.059196,197360.01
7.0,Moderate,HRD2_urban,0.78,0.087564,77.63,0.000324,0.003761,0.083468,0.059196,197360.01
7.0,Moderate,HRD2_urban,0.79,0.087564,77.63,0.000324,0.003761,0.083468,0.059196,197360.01
7.0,Moderate,HRD2_urban,0.8,0.087564,77.63,0.000324,0.003761,0.083468,0.059196,197360.01
7.0,Moderate,HRD2_urban,0.81,0.087564,77.63,0.000324,0.003761,0.083468,0.059196,197360.01
7.0,Moderate,HRD2_urban,0.82,0.087564,77.63,0.000324,0.003761,0.083468,0.059196,197360.01
7.0,Moderate,HRD2_urban,0.83,0.087564,77.63,0.000324,0.003761,0.083468,0.059196,197360.01
7.0,Moderate,HRD2_urban,0.84,0.087564,77.63,0.000324,0.003761,0.083468,0.059196,197360.01
7.0,Moderate,HRD2_urban,0.85,0.087564,77.63,0.000324,0.003761,0.083468,0.059196,197360.01
7.0,Moderate,HRD2_urban,0.86,0.087564,77.63,0.000324,0.003761,0.083468,0.059196,197360.01
7.0,Moderate,HRD2_urban,0.87,0.087564,77.63,0.000324,0.003761,0.083468,0.059196,197360.01
7.0,Moderate,HRD2_urban,0.88,0.087564,77.63,0.000324,0.003761,0.083468,0.059196,197360.01
7.0,Moderate,HRD2_urban,0.89,0.087564,77.63,0.000324,0.003761,0.083468,0.059196,197360.01
7.0,Moderate,HRD2_urban,0.9,0.087564,77.63,0.000324,0.003761,0.083468,0.059196,197360.01
7.0,Moderate,HRD2_urban,0.91,0.087564,77.63,0.000324,0.003761,0.083468,0.059196,197360.01
7.0,Moderate,HRD2_urban,0.92,0.087564,77.63,0.000324,0.003761,0.083468,0.059196,197360.01
7.0,Moderate,HRD2_urban,0.93,0.087564,77.63,0.000324,0.003761,0.083468,0.059196,197360.01
7.0,Moderate,HRD2_urban,0.94,0.087564,77.63,0.000324,0.003761,0.083468,0.059196,197360.01
7.0,Moderate,HRD2_urban,0.95,0.087564,77.63,0.000324,0.003761,0.083468,0.059196,197360.01
7.0,Moderate,HRD2_urban,0.96,0.087564,77.63,0.000324,0.003761,0.083468,0.059196,197360.01
7.0,Moderate,HRD2_urban,0.97,0.087564,77.63,0.000324,0.003761,0.083468,0.059196,197360.01
7.0,Moderate,HRD2_urban,0.98,0.087564,77.63,0.000324,0.003761,0.083468,0.059196,197360.01
7.0,Moderate,HRD2_urban,0.99,0.087564,77.63,0.000324,0.003761,0.083468,0.059196,197360.01
7.0,Moderate,HRD2_urban,1.0,0.087564,77.63,0.000324,0.003761,0.083468,0.059196,197360.01
7.0,Moderate,HRD2_urban,1.01,0.087564,77.63,0.000324,0.003761,0.083468,0.059196,197360.01
7.0,Moderate,HRD2_urban,1.02,0.087564,77.63,0.000324,0.003761,0.083468,0.059196,197360.01
7.0,Moderate,HRD2_urban,1.03,0.087564,77.63,0.000324,0.003761,0.083468,0.059196,197360.01
7.0,Moderate,HRD2_urban,1.04,0.087564,77.63,0.000324,0.003761,0.083468,0.059196,197360.01
7.0,Moderate,HRD2_urban,1.05,0.087564,77.63,0.000324,0.003761,0.083468,0.059196,197360.01
7.0,Moderate,HRD2_urban,1.06,0.087564,77.63,0.000324,0.003761,0.083468,0.059196,197360.01
7.0,Moderate,HRD2_urban,1.07,0.087564,77.63,0.000324,0.003761,0.083468,0.059196,197360.01
7.0,Moderate,HRD2_urban,1.08,0.087564,77.63,0.000324,0.003761,0.083468,0.059196,197360.01
7.0,Moderate,HRD2_urban,1.09,0.087564,77.63,0.000324,0.003761,0.083468,0.059196,197360.01
7.0,Moderate,HRD2_urban,1.1,0.087564,77.63,0.000324,0.003761,0.083468,0.059196,197360.01
7.0,Moderate,HRD2_urban,1.11,0.087564,77.63,0.000324,0.003761,0.083468,0.059196,197360.01
7.0,Moderate,HRD2_urban,1.12,0.087564,77.63,0.000324,0.003761,0.083468,0.059196,197360.01
7.0,Moderate,HRD2_urban,1.13,0.087564,77.63,0.000324,0.003761,0.083468,0.059196,197360.01
7.0,Moderate,HRD2_urban,1.14,0.087564,77.63,0.000324,0.003761,0.083468,0.059196,197360.01
7.0,Moderate,HRD2_urban,1.15,0.087564,77.63,0.000324,0.003761,0.083468,0.059196,197360.01
7.0,Moderate,HRD2_urban,1.16,0.087564,77.63,0.000324,0.003761,0.083468,0.059196,197360.01
7.0,Moderate,HRD2_urban,1.17,0.087564,77.63,0.000324,0.003761,0.083468,0.059196,197360.01
7.0,Moderate,HRD2_urban,1.18,0.087564,77.63,0.000324,0.003761,0.083468,0.059196,197360.01
7.0,Moderate,HRD2_urban,1.19,0.087564,77.63,0.000324,0.003761,0.083468,0.059196,197360.01
7.0,Moderate,HRD2_urban,1.2,0.087564,77.63,0.000324,0.003761,0.083468,0.059196,197360.01
7.0,Moderate,HRD2_urban,1.21,0.087564,77.63,0.000324,0.003761,0.083468,0.059196,197360.01
7.0,Moderate,HRD2_urban,1.22,0.087564,77.63,0.000324,0.003761,0.083468,0.059196,197360.01
7.0,Moderate,HRD2_urban,1.23,0.087564,77.63,0.000324,0.003761,0.083468,0.059196,197360.01
7.0,Moderate,HRD2_urban,1.24,0.087564,77.63,0.000324,0.003761,0.083468,0.059196,197360.01
7.0,Moderate,HRD2_urban,1.25,0.087564,77.63,0.000324,0.003761,0.083468,0.059196,197360.01
7.0,Moderate,HRD2_urban,1.26,0.087564,77.63,0.000324,0.003761,0.083468,0.059196,197360.01
7.0,Moderate,HRD2_urban,1.27,0.087564,77.63,0.000324,0.003761,0.083468,0.059196,197360.01
7.0,Moderate,HRD2_urban,1.28,0.087564,77.63,0.000324,0.003761,0.083468,0.059196,197360.01
7.0,Moderate,HRD2_urban,1.29,0.087564,77.63,0.000324,0.003761,0.083468,0.059196,197360.01
7.0,Moderate,HRD2_urban,1.3,0.087564,77.63,0.000324,0.003761,0.083468,0.059196,197360.01
7.0,Moderate,HRD2_urban,1.31,0.087564,77.63,0.000324,0.003761,0.083468,0.059196,197360.01
7.0,Moderate,HRD2_urban,1.32,0.087564,77.63,0.000324,0.003761,0.083468,0.059196,197360.01
7.0,Moderate,HRD2_urban,1.33,0.087564,77.63,0.000324,0.003761,0.083468,0.059196,197360.01
7.0,Moderate,HRD2_urban,1.34,0.087564,77.63,0.000324,0.003761,0.083468,0.059196,197360.01
7.0,Moderate,HRD2_urban,1.35,0.087564,77.63,0.000324,0.003761,0.083468,0.059196,197360.01
7.0,Moderate,HRD2_urban,1.36,0.087564,77.63,0.000324,0.003761,0.083468,0.059196,197360.01
7.0,Moderate,HRD2_urban,1.37,0.087564,77.63,0.000324,0.003761,0.083468,0.059196,197360.01
7.0,Moderate,HRD2_urban,1.38,0.087564,77.63,0.000324,0.003761,0.083468,0.059196,197360.01
7.0,Moderate,HRD2_urban,1.39,0.087564,77.63,0.000324,0.003761,0.083468,0.059196,197360.01
7.0,Moderate,HRD2_urban,1.4,0.087564,77.63,0.000324,0.003761,0.083468,0.059196,197360.01
7.0,Moderate,HRD2_urban,1.41,0.087564,77.63,0.000324,0.003761,0.083468,0.059196,197360.01
7.0,Moderate,HRD2_urban,1.42,0.087564,77.63,0.000324,0.003761,0.083468,0.059196,197360.01
7.0,Moderate,HRD2_urban,1.43,0.087564,77.63,0.000324,0.003761,0.083468,0.059196,197360.01
7.0,Moderate,HRD2_urban,1.44,0.087564,77.63,0.000324,0.003761,0.083468,0.059196,197360.01
7.0,Moderate,HRD2_urban,1.45,0.087564,77.63,0.000324,0.003761,0.083468,0.059196,197360.01
7.0,Moderate,HRD2_urban,1.46,0.087564,77.63,0.000324,0.003761,0.083468,0.059196,197360.01
7.0,Moderate,HRD2_urban,1.47,0.087564,77.63,0.000324,0.003761,0.083468,0.059196,197360.01
7.0,Moderate,HRD2_urban,1.48,0.087564,77.63,0.000324,0.003761,0.083468,0.059196,197360.01
7.0,Moderate,HRD2_urban,1.49,0.087564,77.63,0.000324,0.003761,0.083468,0.059196,197360.01
7.0,Moderate,HRD2_urban,1.5,0.087564,77.63,0.000324,0.003761,0.083468,0.059196,197360.01
7.0,Low,HRD1_major,0.0,0.0,0.0,0.0,0.0,0.0,0.0,0.0
7.0,Low,HRD1_major,0.01,0.0,0.0,0.0,0.0,0.0,0.0,0.0
7.0,Low,HRD1_major,0.02,0.0,0.0,0.0,0.0,0.0,0.0,0.0
7.0,Low,HRD1_major,0.03,0.0,0.0,0.0,0.0,0.0,0.0,0.0
7.0,Low,HRD1_major,0.04,0.0,0.0,0.0,0.0,0.0,0.0,0.0
7.0,Low,HRD1_major,0.05,0.0,0.0,0.0,0.0,0.0,0.0,0.0
7.0,Low,HRD1_major,0.06,0.0,0.0,0.0,0.0,0.0,0.0,0.0
7.0,Low,HRD1_major,0.07,0.0,0.0,0.0,0.0,0.0,0.0,0.0
7.0,Low,HRD1_major,0.08,0.0,0.0,0.0,0.0,0.0,0.0,0.0
7.0,Low,HRD1_major,0.09,0.0,0.0,0.0,0.0,0.0,0.0,0.0
7.0,Low,HRD1_major,0.1,0.0,0.0,0.0,0.0,0.0,0.0,0.0
7.0,Low,HRD1_major,0.11,0.0,0.0,0.0,0.0,0.0,0.0,0.0
7.0,Low,HRD1_major,0.12,0.0,0.0,0.0,0.0,0.0,0.0,0.0
7.0,Low,HRD1_major,0.13,0.0,0.0,0.0,0.0,0.0,0.0,0.0
7.0,Low,HRD1_major,0.14,0.0,0.0,0.0,0.0,0.0,0.0,0.0
7.0,Low,HRD1_major,0.15,0.0,0.0,0.0,0.0,0.0,0.0,0.0
7.0,Low,HRD1_major,0.16,0.0,0.0,0.0,0.0,0.0,0.0,0.0
7.0,Low,HRD1_major,0.17,0.0,0.0,0.0,0.0,0.0,0.0,0.0
7.0,Low,HRD1_major,0.18,0.0,0.0,0.0,0.0,0.0,0.0,0.0
7.0,Low,HRD1_major,0.19,0.0,0.0,0.0,0.0,0.0,0.0,0.0
7.0,Low,HRD1_major,0.2,0.0,0.0,0.0,0.0,0.0,0.0,0.0
7.0,Low,HRD1_major,0.21,0.0,1.0,0.0,0.0,0.0,0.0,0.0
7.0,Low,HRD1_major,0.22,0.001988,1.0,0.0,0.0,0.0,0.0,0.13
7.0,Low,HRD1_major,0.23,0.004426,1.0,1e-06,0.0,0.0,0.0,0.3
7.0,Low,HRD1_major,0.24,0.006865,1.3308,6e-06,0.0,0.0,0.0,2.05
7.0,Low,HRD1_major,0.25,0.009304,1.7744,2.8e-05,1e-06,0.0,2e-06,10.74
7.0,Low,HRD1_major,0.26,0.011742,2.218,8.9e-05,4e-06,0.0,5e-06,35.04
7.0,Low,HRD1_major,0.27,0.014181,2.6616,0.000211,1.2e-05,0.0,1.3e-05,86.45
7.0,Low,HRD1_major,0.28,0.01662,3.1052,0.000415,2.9e-05,0.0,2.7e-05,177.72
7.0,Low,HRD1_major,0.29,0.019058,3.5488,0.000719,6e-05,1e-06,4.8e-05,321.78
7.0,Low,HRD1_major,0.3,0.021497,3.9924,0.001134,0.000111,1e-06,8e-05,531.02
7.0,Low,HRD1_major,0.31,0.023936,4.436,0.001667,0.000188,2e-06,0.000123,816.88
7.0,Low,HRD1_major,0.32,0.026374,4.8796,0.002318,0.000297,4e-06,0.000178,1189.66
7.0,Low,HRD1_major,0.33,0.028813,5.3232,0.003085,0.000445,8e-06,0.000249,1658.48
7.0,Low,HRD1_major,0.34,0.031252,5.7668,0.003962,0.000638,1.3e-05,0.000335,2231.31
7.0,Low,HRD1_major,0.35,0.03369,6.2104,0.00494,0.00088,2e-05,0.000437,2915.04
7.0,Low,HRD1_major,0.36,0.036129,6.654,0.00601,0.001177,3e-05,0.000557,3715.61
7.0,Low,HRD1_major,0.37,0.038567,7.0976,0.007161,0.001533,4.4e-05,0.000696,4638.08
7.0,Low,HRD1_major,0.38,0.041006,7.5412,0.008381,0.00195,6.3e-05,0.000853,5686.78
7.0,Low,HRD1_major,0.39,0.043445,7.9848,0.00966,0.002432,8.6e-05,0.00103,6865.36
7.0,Low,HRD1_major,0.4,0.043782,8.4284,0.010482,0.002843,0.000111,0.00117,7802.4
7.0,Low,HRD1_major,0.41,0.043782,8.872,0.011187,0.003258,0.000138,0.001308,8719.8
7.0,Low,HRD1_major,0.42,0.043782,9.3156,0.011846,0.003691,0.000171,0.00145,9667.87
7.0,Low,HRD1_major,0.43,0.043782,9.981,0.012748,0.004371,0.000228,0.001671,11141.58
7.0,Low,HRD1_major,0.44,0.043782,10.6464,0.013543,0.00508,0.000296,0.0019,12669.98
7.0,Low,HRD1_major,0.45,0.043782,11.3118,0.014233,0.00581,0.000375,0.002136,14245.86
7.0,Low,HRD1_major,0.46,0.043782,11.9772,0.014822,0.006554,0.000467,0.002379,15862.94
7.0,Low,HRD1_major,0.47,0.043782,12.6426,0.015314,0.007306,0.000571,0.002627,17515.74
7.0,Low,HRD1_major,0.48,0.043782,13.308,0.015716,0.008058,0.000688,0.002879,19199.42
7.0,Low,HRD1_major,0.49,0.043782,13.9734,0.016035,0.008807,0.000818,0.003136,20909.75
7.0,Low,HRD1_major,0.5,0.043782,14.6388,0.016276,0.009548,0.000961,0.003396,22642.98
7.0,Low,HRD1_major,0.51,0.043782,15.3042,0.016448,0.010276,0.001116,0.003659,24395.78
7.0,Low,HRD1_major,0.52,0.043782,15.9696,0.016557,0.010989,0.001284,0.003924,26165.18
7.0,Low,HRD1_major,0.53,0.043782,16.635,0.016608,0.011683,0.001464,0.004191,27948.52
7.0,Low,HRD1_major,0.54,0.043782,17.3004,0.016608,0.012356,0.001656,0.004461,29743.37
7.0,Low,HRD1_major,0.55,0.043782,17.9658,0.016563,0.013007,0.00186,0.004731,31547.56
7.0,Low,HRD1_major,0.56,0.043782,18.6312,0.016479,0.013633,0.002075,0.005003,33359.09
7.0,Low,HRD1_major,0.57,0.043782,19.2966,0.016358,0.014234,0.002301,0.005275,35176.14
7.0,Low,HRD1_major,0.58,0.043782,19.962,0.016208,0.014809,0.002537,0.005548,36997.04
7.0,Low,HRD1_major,0.59,0.043782,20.6274,0.01603,0.015358,0.002784,0.005822,38820.22
7.0,Low,HRD1_major,0.6,0.043782,21.2928,0.015829,0.015879,0.00304,0.006095,40644.27
7.0,Low,HRD1_major,0.61,0.043782,21.9582,0.015609,0.016373,0.003306,0.006369,42467.84
7.0,Low,HRD1_major,0.62,0.043782,22.6236,0.015372,0.01684,0.003579,0.006642,44289.71
7.0,Low,HRD1_major,0.63,0.043782,23.289,0.015121,0.017279,0.003861,0.006915,46108.71
7.0,Low,HRD1_major,0.64,0.043782,25.8767,0.014055,0.01874,0.005026,0.007969,53136.17
7.0,Low,HRD1_major,0.65,0.043782,28.4643,0.012921,0.019829,0.006277,0.009006,60051.02
7.0,Low,HRD1_major,0.66,0.043782,31.052,0.011788,0.020587,0.00759,0.01002,66811.45
7.0,Low,HRD1_major,0.67,0.043782,33.6397,0.010698,0.021059,0.008941,0.011006,73385.65
7.0,Low,HRD1_major,0.68,0.043782,36.2273,0.009674,0.02129,0.010312,0.01196,79749.99
7.0,Low,HRD1_major,0.69,0.043782,38.815,0.008727,0.021321,0.011686,0.012881,85887.64
7.0,Low,HRD1_major,0.7,0.043782,41.4027,0.007862,0.021188,0.013049,0.013765,91787.48
7.0,Low,HRD1_major,0.71,0.043782,43.9903,0.007076,0.020923,0.014393,0.014614,97443.01
7.0,Low,HRD1_major,0.72,0.043782,46.578,0.006366,0.020554,0.015708,0.015425,102851.58
7.0,Low,HRD1_major,0.73,0.043782,49.1657,0.005728,0.020104,0.016988,0.016199,108013.58
7.0,Low,HRD1_major,0.74,0.043782,51.7533,0.005155,0.019592,0.018229,0.016936,112931.87
7.0,Low,HRD1_major,0.75,0.043782,54.341,0.004642,0.019035,0.019427,0.017638,117611.18
7.0,Low,HRD1_major,0.76,0.043782,56.9287,0.004183,0.018445,0.020581,0.018305,122057.7
7.0,Low,HRD1_major,0.77,0.043782,59.5163,0.003772,0.017835,0.021689,0.018938,126278.67
7.0,Low,HRD1_major,0.78,0.043782,62.104,0.003405,0.017214,0.022751,0.019538,130282.1
7.0,Low,HRD1_major,0.79,0.043782,64.6917,0.003076,0.016587,0.023766,0.020107,134076.52
7.0,Low,HRD1_major,0.8,0.043782,67.2793,0.002782,0.015963,0.024735,0.020646,137670.75
7.0,Low,HRD1_major,0.81,0.043782,69.867,0.002518,0.015344,0.02566,0.021157,141073.75
7.0,Low,HRD1_major,0.82,0.043782,72.4547,0.002282,0.014735,0.026541,0.02164,144294.49
7.0,Low,HRD1_major,0.83,0.043782,75.0423,0.00207,0.014139,0.027379,0.022097,147341.86
7.0,Low,HRD1_major,0.84,0.043782,77.63,0.00188,0.013558,0.028177,0.022529,150224.58
7.0,Low,HRD1_major,0.85,0.043782,77.63,0.00188,0.013558,0.028177,0.022529,150224.58
7.0,Low,HRD1_major,0.86,0.043782,77.63,0.00188,0.013558,0.028177,0.022529,150224.58
7.0,Low,HRD1_major,0.87,0.043782,77.63,0.00188,0.013558,0.028177,0.022529,150224.58
7.0,Low,HRD1_major,0.88,0.043782,77.63,0.00188,0.013558,0.028177,0.022529,150224.58
7.0,Low,HRD1_major,0.89,0.043782,77.63,0.00188,0.013558,0.028177,0.022529,150224.58
7.0,Low,HRD1_major,0.9,0.043782,77.63,0.00188,0.013558,0.028177,0.022529,150224.58
7.0,Low,HRD1_major,0.91,0.043782,77.63,0.00188,0.013558,0.028177,0.022529,150224.58
7.0,Low,HRD1_major,0.92,0.043782,77.63,0.00188,0.013558,0.028177,0.022529,150224.58
7.0,Low,HRD1_major,0.93,0.043782,77.63,0.00188,0.013558,0.028177,0.022529,150224.58
7.0,Low,HRD1_major,0.94,0.043782,77.63,0.00188,0.013558,0.028177,0.022529,150224.58
7.0,Low,HRD1_major,0.95,0.043782,77.63,0.00188,0.013558,0.028177,0.022529,150224.58
7.0,Low,HRD1_major,0.96,0.043782,77.63,0.00188,0.013558,0.028177,0.022529,150224.58
7.0,Low,HRD1_major,0.97,0.043782,77.63,0.00188,0.013558,0.028177,0.022529,150224.58
7.0,Low,HRD1_major,0.98,0.043782,77.63,0.00188,0.013558,0.028177,0.022529,150224.58
7.0,Low,HRD1_major,0.99,0.043782,77.63,0.00188,0.013558,0.028177,0.022529,150224.58
7.0,Low,HRD1_major,1.0,0.043782,77.63,0.00188,0.013558,0.028177,0.022529,150224.58
7.0,Low,HRD1_major,1.01,0.043782,77.63,0.00188,0.013558,0.028177,0.022529,150224.58
7.0,Low,HRD1_major,1.02,0.043782,77.63,0.00188,0.013558,0.028177,0.022529,150224.58
7.0,Low,HRD1_major,1.03,0.043782,77.63,0.00188,0.013558,0.028177,0.022529,150224.58
7.0,Low,HRD1_major,1.04,0.043782,77.63,0.00188,0.013558,0.028177,0.022529,150224.58
7.0,Low,HRD1_major,1.05,0.043782,77.63,0.00188,0.013558,0.028177,0.022529,150224.58
7.0,Low,HRD1_major,1.06,0.043782,77.63,0.00188,0.013558,0.028177,0.022529,150224.58
7.0,Low,HRD1_major,1.07,0.043782,77.63,0.00188,0.013558,0.028177,0.022529,150224.58
7.0,Low,HRD1_major,1.08,0.043782,77.63,0.00188,0.013558,0.028177,0.022529,150224.58
7.0,Low,HRD1_major,1.09,0.043782,77.63,0.00188,0.013558,0.028177,0.022529,150224.58
7.0,Low,HRD1_major,1.1,0.043782,77.63,0.00188,0.013558,0.028177,0.022529,150224.58
7.0,Low,HRD1_major,1.11,0.043782,77.63,0.00188,0.013558,0.028177,0.022529,150224.58
7.0,Low,HRD1_major,1.12,0.043782,77.63,0.00188,0.013558,0.028177,0.022529,150224.58
7.0,Low,HRD1_major,1.13,0.043782,77.63,0.00188,0.013558,0.028177,0.022529,150224.58
7.0,Low,HRD1_major,1.14,0.043782,77.63,0.00188,0.013558,0.028177,0.022529,150224.58
7.0,Low,HRD1_major,1.15,0.043782,77.63,0.00188,0.013558,0.028177,0.022529,150224.58
7.0,Low,HRD1_major,1.16,0.043782,77.63,0.00188,0.013558,0.028177,0.022529,150224.58
7.0,Low,HRD1_major,1.17,0.043782,77.63,0.00188,0.013558,0.028177,0.022529,150224.58
7.0,Low,HRD1_major,1.18,0.043782,77.63,0.00188,0.013558,0.028177,0.022529,150224.58
7.0,Low,HRD1_major,1.19,0.043782,77.63,0.00188,0.013558,0.028177,0.022529,150224.58
7.0,Low,HRD1_major,1.2,0.043782,77.63,0.00188,0.013558,0.028177,0.022529,150224.58
7.0,Low,HRD1_major,1.21,0.043782,77.63,0.00188,0.013558,0.028177,0.022529,150224.58
7.0,Low,HRD1_major,1.22,0.043782,77.63,0.00188,0.013558,0.028177,0.022529,150224.58
7.0,Low,HRD1_major,1.23,0.043782,77.63,0.00188,0.013558,0.028177,0.022529,150224.58
7.0,Low,HRD1_major,1.24,0.043782,77.63,0.00188,0.013558,0.028177,0.022529,150224.58
7.0,Low,HRD1_major,1.25,0.043782,77.63,0.00188,0.013558,0.028177,0.022529,150224.58
7.0,Low,HRD1_major,1.26,0.043782,77.63,0.00188,0.013558,0.028177,0.022529,150224.58
7.0,Low,HRD1_major,1.27,0.043782,77.63,0.00188,0.013558,0.028177,0.022529,150224.58
7.0,Low,HRD1_major,1.28,0.043782,77.63,0.00188,0.013558,0.028177,0.022529,150224.58
7.0,Low,HRD1_major,1.29,0.043782,77.63,0.00188,0.013558,0.028177,0.022529,150224.58
7.0,Low,HRD1_major,1.3,0.043782,77.63,0.00188,0.013558,0.028177,0.022529,150224.58
7.0,Low,HRD1_major,1.31,0.043782,77.63,0.00188,0.013558,0.028177,0.022529,150224.58
7.0,Low,HRD1_major,1.32,0.043782,77.63,0.00188,0.013558,0.028177,0.022529,150224.58
7.0,Low,HRD1_major,1.33,0.043782,77.63,0.00188,0.013558,0.028177,0.022529,150224.58
7.0,Low,HRD1_major,1.34,0.043782,77.63,0.00188,0.013558,0.028177,0.022529,150224.58
7.0,Low,HRD1_major,1.35,0.043782,77.63,0.00188,0.013558,0.028177,0.022529,150224.58
7.0,Low,HRD1_major,1.36,0.043782,77.63,0.00188,0.013558,0.028177,0.022529,150224.58
7.0,Low,HRD1_major,1.37,0.043782,77.63,0.00188,0.013558,0.028177,0.022529,150224.58
7.0,Low,HRD1_major,1.38,0.043782,77.63,0.00188,0.013558,0.028177,0.022529,150224.58
7.0,Low,HRD1_major,1.39,0.043782,77.63,0.00188,0.013558,0.028177,0.022529,150224.58
7.0,Low,HRD1_major,1.4,0.043782,77.63,0.00188,0.013558,0.028177,0.022529,150224.58
7.0,Low,HRD1_major,1.41,0.043782,77.63,0.00188,0.013558,0.028177,0.022529,150224.58
7.0,Low,HRD1_major,1.42,0.043782,77.63,0.00188,0.013558,0.028177,0.022529,150224.58
7.0,Low,HRD1_major,1.43,0.043782,77.63,0.00188,0.013558,0.028177,0.022529,150224.58
7.0,Low,HRD1_major,1.44,0.043782,77.63,0.00188,0.013558,0.028177,0.022529,150224.58
7.0,Low,HRD1_major,1.45,0.043782,77.63,0.00188,0.013558,0.028177,0.022529,150224.58
7.0,Low,HRD1_major,1.46,0.043782,77.63,0.00188,0.013558,0.028177,0.022529,150224.58
7.0,Low,HRD1_major,1.47,0.043782,77.63,0.00188,0.013558,0.028177,0.022529,150224.58
7.0,Low,HRD1_major,1.48,0.043782,77.63,0.00188,0.013558,0.028177,0.022529,150224.58
7.0,Low,HRD1_major,1.49,0.043782,77.63,0.00188,0.013558,0.028177,0.022529,150224.58
7.0,Low,HRD1_major,1.5,0.043782,77.63,0.00188,0.013558,0.028177,0.022529,150224.58
7.0,Low,HRD2_urban,0.0,0.0,0.0,0.0,0.0,0.0,0.0,0.0
7.0,Low,HRD2_urban,0.01,0.0,0.0,0.0,0.0,0.0,0.0,0.0
7.0,Low,HRD2_urban,0.02,0.0,0.0,0.0,0.0,0.0,0.0,0.0
7.0,Low,HRD2_urban,0.03,0.0,0.0,0.0,0.0,0.0,0.0,0.0
7.0,Low,HRD2_urban,0.04,0.0,0.0,0.0,0.0,0.0,0.0,0.0
7.0,Low,HRD2_urban,0.05,0.0,0.0,0.0,0.0,0.0,0.0,0.0
7.0,Low,HRD2_urban,0.06,0.0,0.0,0.0,0.0,0.0,0.0,0.0
7.0,Low,HRD2_urban,0.07,0.0,0.0,0.0,0.0,0.0,0.0,0.0
7.0,Low,HRD2_urban,0.08,0.0,0.0,0.0,0.0,0.0,0.0,0.0
7.0,Low,HRD2_urban,0.09,0.0,0.0,0.0,0.0,0.0,0.0,0.0
7.0,Low,HRD2_urban,0.1,0.0,0.0,0.0,0.0,0.0,0.0,0.0
7.0,Low,HRD2_urban,0.11,0.0,0.0,0.0,0.0,0.0,0.0,0.0
7.0,Low,HRD2_urban,0.12,0.0,0.0,0.0,0.0,0.0,0.0,0.0
7.0,Low,HRD2_urban,0.13,0.0,0.0,0.0,0.0,0.0,0.0,0.0
7.0,Low,HRD2_urban,0.14,0.0,0.0,0.0,0.0,0.0,0.0,0.0
7.0,Low,HRD2_urban,0.15,0.0,0.0,0.0,0.0,0.0,0.0,0.0
7.0,Low,HRD2_urban,0.16,0.0,0.0,0.0,0.0,0.0,0.0,0.0
7.0,Low,HRD2_urban,0.17,0.0,0.0,0.0,0.0,0.0,0.0,0.0
7.0,Low,HRD2_urban,0.18,0.0,0.0,0.0,0.0,0.0,0.0,0.0
7.0,Low,HRD2_urban,0.19,0.0,0.0,0.0,0.0,0.0,0.0,0.0
7.0,Low,HRD2_urban,0.2,0.0,0.0,0.0,0.0,0.0,0.0,0.0
7.0,Low,HRD2_urban,0.21,0.0,1.0,0.0,0.0,0.0,0.0,0.0
7.0,Low,HRD2_urban,0.22,0.001988,1.0,1e-05,0.0,0.0,1e-06,1.94
7.0,Low,HRD2_urban,0.23,0.004426,1.0,2.2e-05,1e-06,0.0,1e-06,4.31
7.0,Low,HRD2_urban,0.24,0.006865,1.3308,0.000102,6e-06,0.0,6e-06,21.08
7.0,Low,HRD2_urban,0.25,0.009304,1.7744,0.000351,2.8e-05,1e-06,2.4e-05,79.67
7.0,Low,HRD2_urban,0.26,0.011742,2.218,0.000818,8.9e-05,4e-06,6.1e-05,204.97
7.0,Low,HRD2_urban,0.27,0.014181,2.6616,0.001518,0.000211,1.2e-05,0.000126,421.62
7.0,Low,HRD2_urban,0.28,0.01662,3.1052,0.002437,0.000415,2.9e-05,0.000225,750.73
7.0,Low,HRD2_urban,0.29,0.019058,3.5488,0.003539,0.000719,6e-05,0.000363,1209.95
7.0,Low,HRD2_urban,0.3,0.021497,3.9924,0.00478,0.001134,0.000112,0.000544,1813.8
7.0,Low,HRD2_urban,0.31,0.023936,4.436,0.006116,0.001667,0.00019,0.000772,2574.09
7.0,Low,HRD2_urban,0.32,0.026374,4.8796,0.007506,0.002318,0.000302,0.00105,3500.3
7.0,Low,HRD2_urban,0.33,0.028813,5.3232,0.008913,0.003085,0.000453,0.00138,4599.9
7.0,Low,HRD2_urban,0.34,0.031252,5.7668,0.010308,0.003962,0.000651,0.001763,5878.56
7.0,Low,HRD2_urban,0.35,0.03369,6.2104,0.011666,0.00494,0.000901,0.002202,7340.39
7.0,Low,HRD2_urban,0.36,0.036129,6.654,0.012969,0.00601,0.001208,0.002696,8988.12
7.0,Low,HRD2_urban,0.37,0.038567,7.0976,0.014203,0.007161,0.001577,0.003246,10823.2
7.0,Low,HRD2_urban,0.38,0.041006,7.5412,0.015359,0.008381,0.002013,0.003853,12846.04
7.0,Low,HRD2_urban,0.39,0.043445,7.9848,0.016429,0.00966,0.002518,0.004516,15056.05
7.0,Low,HRD2_urban,0.4,0.043782,8.4284,0.016613,0.010482,0.002954,0.004995,16652.49
7.0,Low,HRD2_urban,0.41,0.043782,8.872,0.016583,0.011187,0.003396,0.005444,18149.11
7.0,Low,HRD2_urban,0.42,0.043782,9.3156,0.016479,0.011846,0.003861,0.005896,19657.89
7.0,Low,HRD2_urban,0.43,0.043782,9.981,0.016208,0.012748,0.004599,0.006579,21934.35
7.0,Low,HRD2_urban,0.44,0.043782,10.6464,0.015829,0.013543,0.005376,0.007263,24215.22
7.0,Low,HRD2_urban,0.45,0.043782,11.3118,0.015372,0.014233,0.006186,0.007945,26489.27
7.0,Low,HRD2_urban,0.46,0.043782,11.9772,0.014859,0.014822,0.007021,0.008622,28746.94
7.0,Low,HRD2_urban,0.47,0.043782,12.6426,0.014308,0.015314,0.007877,0.009292,30980.16
7.0,Low,HRD2_urban,0.48,0.043782,13.308,0.013734,0.015716,0.008747,0.009953,33182.2
7.0,Low,HRD2_urban,0.49,0.043782,13.9734,0.013149,0.016035,0.009625,0.010602,35347.5
7.0,Low,HRD2_urban,0.5,0.043782,14.6388,0.012562,0.016276,0.010508,0.011239,37471.53
7.0,Low,HRD2_urban,0.51,0.043782,15.3042,0.01198,0.016448,0.011392,0.011863,39550.65
7.0,Low,HRD2_urban,0.52,0.043782,15.9696,0.011408,0.016557,0.012272,0.012472,41582.01
7.0,Low,HRD2_urban,0.53,0.043782,16.635,0.01085,0.016608,0.013146,0.013066,43563.44
7.0,Low,HRD2_urban,0.54,0.043782,17.3004,0.010309,0.016608,0.014012,0.013645,45493.36
7.0,Low,HRD2_urban,0.55,0.043782,17.9658,0.009787,0.016563,0.014866,0.014208,47370.67
7.0,Low,HRD2_urban,0.56,0.043782,18.6312,0.009286,0.016479,0.015708,0.014755,49194.75
7.0,Low,HRD2_urban,0.57,0.043782,19.2966,0.008805,0.016358,0.016535,0.015287,50965.3
7.0,Low,HRD2_urban,0.58,0.043782,19.962,0.008346,0.016208,0.017347,0.015802,52682.36
7.0,Low,HRD2_urban,0.59,0.043782,20.6274,0.007909,0.01603,0.018142,0.016301,54346.23
7.0,Low,HRD2_urban,0.6,0.043782,21.2928,0.007493,0.015829,0.018919,0.016784,55957.41
7.0,Low,HRD2_urban,0.61,0.043782,21.9582,0.007097,0.015609,0.019678,0.017252,57516.62
7.0,Low,HRD2_urban,0.62,0.043782,22.6236,0.006722,0.015372,0.020419,0.017704,59024.69
7.0,Low,HRD2_urban,0.63,0.043782,23.289,0.006366,0.015121,0.021141,0.018141,60482.59
7.0,Low,HRD2_urban,0.64,0.043782,25.8767,0.005155,0.014055,0.023766,0.019705,65696.17
7.0,Low,HRD2_urban,0.65,0.043782,28.4643,0.004183,0.012921,0.026106,0.021067,70238.86
7.0,Low,HRD2_urban,0.66,0.043782,31.052,0.003405,0.011788,0.028177,0.022251,74186.28
7.0,Low,HRD2_urban,0.67,0.043782,33.6397,0.002782,0.010698,0.03,0.023279,77612.08
7.0,Low,HRD2_urban,0.68,0.043782,36.2273,0.002282,0.009674,0.031602,0.02417,80584.36
7.0,Low,HRD2_urban,0.69,0.043782,38.815,0.00188,0.008727,0.033007,0.024944,83164.23
7.0,Low,HRD2_urban,0.7,0.043782,41.4027,0.001556,0.007862,0.034238,0.025617,85405.53
7.0,Low,HRD2_urban,0.71,0.043782,43.9903,0.001293,0.007076,0.035316,0.026201,87355.1
7.0,Low,HRD2_urban,0.72,0.043782,46.578,0.001079,0.006366,0.036262,0.026711,89053.44
7.0,Low,HRD2_urban,0.73,0.043782,49.1657,0.000904,0.005728,0.037092,0.027155,90535.35
7.0,Low,HRD2_urban,0.74,0.043782,51.7533,0.00076,0.005155,0.037821,0.027544,91830.66
7.0,Low,HRD2_urban,0.75,0.043782,54.341,0.000642,0.004642,0.038462,0.027884,92964.93
7.0,Low,HRD2_urban,0.76,0.043782,56.9287,0.000544,0.004183,0.039026,0.028182,93960.02
7.0,Low,HRD2_urban,0.77,0.043782,59.5163,0.000462,0.003772,0.039524,0.028445,94834.63
7.0,Low,HRD2_urban,0.78,0.043782,62.104,0.000394,0.003405,0.039964,0.028676,95604.8
7.0,Low,HRD2_urban,0.79,0.043782,64.6917,0.000337,0.003076,0.040353,0.028879,96284.24
7.0,Low,HRD2_urban,0.8,0.043782,67.2793,0.00029,0.002782,0.040698,0.02906,96884.74
7.0,Low,HRD2_urban,0.81,0.043782,69.867,0.000249,0.002518,0.041004,0.029219,97416.43
7.0,Low,HRD2_urban,0.82,0.043782,72.4547,0.000215,0.002282,0.041276,0.029361,97888.03
7.0,Low,HRD2_urban,0.83,0.043782,75.0423,0.000186,0.00207,0.041518,0.029486,98307.06
7.0,Low,HRD2_urban,0.84,0.043782,77.63,0.000162,0.00188,0.041734,0.029598,98680.0
7.0,Low,HRD2_urban,0.85,0.043782,77.63,0.000162,0.00188,0.041734,0.029598,98680.0
7.0,Low,HRD2_urban,0.86,0.043782,77.63,0.000162,0.00188,0.041734,0.029598,98680.0
7.0,Low,HRD2_urban,0.87,0.043782,77.63,0.000162,0.00188,0.041734,0.029598,98680.0
7.0,Low,HRD2_urban,0.88,0.043782,77.63,0.000162,0.00188,0.041734,0.029598,98680.0
7.0,Low,HRD2_urban,0.89,0.043782,77.63,0.000162,0.00188,0.041734,0.029598,98680.0
7.0,Low,HRD2_urban,0.9,0.043782,77.63,0.000162,0.00188,0.041734,0.029598,98680.0
7.0,Low,HRD2_urban,0.91,0.043782,77.63,0.000162,0.00188,0.041734,0.029598,98680.0
7.0,Low,HRD2_urban,0.92,0.043782,77.63,0.000162,0.00188,0.041734,0.029598,98680.0
7.0,Low,HRD2_urban,0.93,0.043782,77.63,0.000162,0.00188,0.041734,0.029598,98680.0
7.0,Low,HRD2_urban,0.94,0.043782,77.63,0.000162,0.00188,0.041734,0.029598,98680.0
7.0,Low,HRD2_urban,0.95,0.043782,77.63,0.000162,0.00188,0.041734,0.029598,98680.0
7.0,Low,HRD2_urban,0.96,0.043782,77.63,0.000162,0.00188,0.041734,0.029598,98680.0
7.0,Low,HRD2_urban,0.97,0.043782,77.63,0.000162,0.00188,0.041734,0.029598,98680.0
7.0,Low,HRD2_urban,0.98,0.043782,77.63,0.000162,0.00188,0.041734,0.029598,98680.0
7.0,Low,HRD2_urban,0.99,0.043782,77.63,0.000162,0.00188,0.041734,0.029598,98680.0
7.0,Low,HRD2_urban,1.0,0.043782,77.63,0.000162,0.00188,0.041734,0.029598,98680.0
7.0,Low,HRD2_urban,1.01,0.043782,77.63,0.000162,0.00188,0.041734,0.029598,98680.0
7.0,Low,HRD2_urban,1.02,0.043782,77.63,0.000162,0.00188,0.041734,0.029598,98680.0
7.0,Low,HRD2_urban,1.03,0.043782,77.63,0.000162,0.00188,0.041734,0.029598,98680.0
7.0,Low,HRD2_urban,1.04,0.043782,77.63,0.000162,0.00188,0.041734,0.029598,98680.0
7.0,Low,HRD2_urban,1.05,0.043782,77.63,0.000162,0.00188,0.041734,0.029598,98680.0
7.0,Low,HRD2_urban,1.06,0.043782,77.63,0.000162,0.00188,0.041734,0.029598,98680.0
7.0,Low,HRD2_urban,1.07,0.043782,77.63,0.000162,0.00188,0.041734,0.029598,98680.0
7.0,Low,HRD2_urban,1.08,0.043782,77.63,0.000162,0.00188,0.041734,0.029598,98680.0
7.0,Low,HRD2_urban,1.09,0.043782,77.63,0.000162,0.00188,0.041734,0.029598,98680.0
7.0,Low,HRD2_urban,1.1,0.043782,77.63,0.000162,0.00188,0.041734,0.029598,98680.0
7.0,Low,HRD2_urban,1.11,0.043782,77.63,0.000162,0.00188,0.041734,0.029598,98680.0
7.0,Low,HRD2_urban,1.12,0.043782,77.63,0.000162,0.00188,0.041734,0.029598,98680.0
7.0,Low,HRD2_urban,1.13,0.043782,77.63,0.000162,0.00188,0.041734,0.029598,98680.0
7.0,Low,HRD2_urban,1.14,0.043782,77.63,0.000162,0.00188,0.041734,0.029598,98680.0
7.0,Low,HRD2_urban,1.15,0.043782,77.63,0.000162,0.00188,0.041734,0.029598,98680.0
7.0,Low,HRD2_urban,1.16,0.043782,77.63,0.000162,0.00188,0.041734,0.029598,98680.0
7.0,Low,HRD2_urban,1.17,0.043782,77.63,0.000162,0.00188,0.041734,0.029598,98680.0
7.0,Low,HRD2_urban,1.18,0.043782,77.63,0.000162,0.00188,0.041734,0.029598,98680.0
7.0,Low,HRD2_urban,1.19,0.043782,77.63,0.000162,0.00188,0.041734,0.029598,98680.0
7.0,Low,HRD2_urban,1.2,0.043782,77.63,0.000162,0.00188,0.041734,0.029598,98680.0
7.0,Low,HRD2_urban,1.21,0.043782,77.63,0.000162,0.00188,0.041734,0.029598,98680.0
7.0,Low,HRD2_urban,1.22,0.043782,77.63,0.000162,0.00188,0.041734,0.029598,98680.0
7.0,Low,HRD2_urban,1.23,0.043782,77.63,0.000162,0.00188,0.041734,0.029598,98680.0
7.0,Low,HRD2_urban,1.24,0.043782,77.63,0.000162,0.00188,0.041734,0.029598,98680.0
7.0,Low,HRD2_urban,1.25,0.043782,77.63,0.000162,0.00188,0.041734,0.029598,98680.0
7.0,Low,HRD2_urban,1.26,0.043782,77.63,0.000162,0.00188,0.041734,0.029598,98680.0
7.0,Low,HRD2_urban,1.27,0.043782,77.63,0.000162,0.00188,0.041734,0.029598,98680.0
7.0,Low,HRD2_urban,1.28,0.043782,77.63,0.000162,0.00188,0.041734,0.029598,98680.0
7.0,Low,HRD2_urban,1.29,0.043782,77.63,0.000162,0.00188,0.041734,0.029598,98680.0
7.0,Low,HRD2_urban,1.3,0.043782,77.63,0.000162,0.00188,0.041734,0.029598,98680.0
7.0,Low,HRD2_urban,1.31,0.043782,77.63,0.000162,0.00188,0.041734,0.029598,98680.0
7.0,Low,HRD2_urban,1.32,0.043782,77.63,0.000162,0.00188,0.041734,0.029598,98680.0
7.0,Low,HRD2_urban,1.33,0.043782,77.63,0.000162,0.00188,0.041734,0.029598,98680.0
7.0,Low,HRD2_urban,1.34,0.043782,77.63,0.000162,0.00188,0.041734,0.029598,98680.0
7.0,Low,HRD2_urban,1.35,0.043782,77.63,0.000162,0.00188,0.041734,0.029598,98680.0
7.0,Low,HRD2_urban,1.36,0.043782,77.63,0.000162,0.00188,0.041734,0.029598,98680.0
7.0,Low,HRD2_urban,1.37,0.043782,77.63,0.000162,0.00188,0.041734,0.029598,98680.0
7.0,Low,HRD2_urban,1.38,0.043782,77.63,0.000162,0.00188,0.041734,0.029598,98680.0
7.0,Low,HRD2_urban,1.39,0.043782,77.63,0.000162,0.00188,0.041734,0.029598,98680.0
7.0,Low,HRD2_urban,1.4,0.043782,77.63,0.000162,0.00188,0.041734,0.029598,98680.0
7.0,Low,HRD2_urban,1.41,0.043782,77.63,0.000162,0.00188,0.041734,0.029598,98680.0
7.0,Low,HRD2_urban,1.42,0.043782,77.63,0.000162,0.00188,0.041734,0.029598,98680.0
7.0,Low,HRD2_urban,1.43,0.043782,77.63,0.000162,0.00188,0.041734,0.029598,98680.0
7.0,Low,HRD2_urban,1.44,0.043782,77.63,0.000162,0.00188,0.041734,0.029598,98680.0
7.0,Low,HRD2_urban,1.45,0.043782,77.63,0.000162,0.00188,0.041734,0.029598,98680.0
7.0,Low,HRD2_urban,1.46,0.043782,77.63,0.000162,0.00188,0.041734,0.029598,98680.0
7.0,Low,HRD2_urban,1.47,0.043782,77.63,0.000162,0.00188,0.041734,0.029598,98680.0
7.0,Low,HRD2_urban,1.48,0.043782,77.63,0.000162,0.00188,0.041734,0.029598,98680.0
7.0,Low,HRD2_urban,1.49,0.043782,77.63,0.000162,0.00188,0.041734,0.029598,98680.0
7.0,Low,HRD2_urban,1.5,0.043782,77.63,0.000162,0.00188,0.041734,0.029598,98680.0
7.0,VeryLow,HRD1_major,0.0,0.0,0.0,0.0,0.0,0.0,0.0,0.0
7.0,VeryLow,HRD1_major,0.01,0.0,0.0,0.0,0.0,0.0,0.0,0.0
7.0,VeryLow,HRD1_major,0.02,0.0,0.0,0.0,0.0,0.0,0.0,0.0
7.0,VeryLow,HRD1_major,0.03,0.0,0.0,0.0,0.0,0.0,0.0,0.0
7.0,VeryLow,HRD1_major,0.04,0.0,0.0,0.0,0.0,0.0,0.0,0.0
7.0,VeryLow,HRD1_major,0.05,0.0,0.0,0.0,0.0,0.0,0.0,0.0
7.0,VeryLow,HRD1_major,0.06,0.0,0.0,0.0,0.0,0.0,0.0,0.0
7.0,VeryLow,HRD1_major,0.07,0.0,0.0,0.0,0.0,0.0,0.0,0.0
7.0,VeryLow,HRD1_major,0.08,0.0,0.0,0.0,0.0,0.0,0.0,0.0
7.0,VeryLow,HRD1_major,0.09,0.0,0.0,0.0,0.0,0.0,0.0,0.0
7.0,VeryLow,HRD1_major,0.1,0.0,0.0,0.0,0.0,0.0,0.0,0.0
7.0,VeryLow,HRD1_major,0.11,0.0,0.0,0.0,0.0,0.0,0.0,0.0
7.0,VeryLow,HRD1_major,0.12,0.0,0.0,0.0,0.0,0.0,0.0,0.0
7.0,VeryLow,HRD1_major,0.13,0.0,0.0,0.0,0.0,0.0,0.0,0.0
7.0,VeryLow,HRD1_major,0.14,0.0,0.0,0.0,0.0,0.0,0.0,0.0
7.0,VeryLow,HRD1_major,0.15,0.0,0.0,0.0,0.0,0.0,0.0,0.0
7.0,VeryLow,HRD1_major,0.16,0.0,0.0,0.0,0.0,0.0,0.0,0.0
7.0,VeryLow,HRD1_major,0.17,0.0,0.0,0.0,0.0,0.0,0.0,0.0
7.0,VeryLow,HRD1_major,0.18,0.0,0.0,0.0,0.0,0.0,0.0,0.0
7.0,VeryLow,HRD1_major,0.19,0.0,0.0,0.0,0.0,0.0,0.0,0.0
7.0,VeryLow,HRD1_major,0.2,0.0,0.0,0.0,0.0,0.0,0.0,0.0
7.0,VeryLow,HRD1_major,0.21,0.0,0.0,0.0,0.0,0.0,0.0,0.0
7.0,VeryLow,HRD1_major,0.22,0.0,0.0,0.0,0.0,0.0,0.0,0.0
7.0,VeryLow,HRD1_major,0.23,0.0,0.0,0.0,0.0,0.0,0.0,0.0
7.0,VeryLow,HRD1_major,0.24,0.0,0.0,0.0,0.0,0.0,0.0,0.0
7.0,VeryLow,HRD1_major,0.25,0.0,0.0,0.0,0.0,0.0,0.0,0.0
7.0,VeryLow,HRD1_major,0.26,2.8e-05,0.0,0.0,0.0,0.0,0.0,0.0
7.0,VeryLow,HRD1_major,0.27,0.000757,0.3583,0.0,0.0,0.0,0.0,0.0
7.0,VeryLow,HRD1_major,0.28,0.001485,0.7166,0.0,0.0,0.0,0.0,0.01
7.0,VeryLow,HRD1_major,0.29,0.002214,1.0749,1e-06,0.0,0.0,0.0,0.22
7.0,VeryLow,HRD1_major,0.3,0.002942,1.4332,3e-06,0.0,0.0,0.0,1.26
7.0,VeryLow,HRD1_major,0.31,0.003671,1.7915,1.2e-05,0.0,0.0,1e-06,4.42
7.0,VeryLow,HRD1_major,0.32,0.004399,2.1498,3e-05,1e-06,0.0,2e-06,11.55
7.0,VeryLow,HRD1_major,0.33,0.005128,2.508,6.2e-05,3e-06,0.0,4e-06,24.92
7.0,VeryLow,HRD1_major,0.34,0.005856,2.8663,0.000112,7e-06,0.0,7e-06,47.0
7.0,VeryLow,HRD1_major,0.35,0.006585,3.2246,0.000186,1.4e-05,0.0,1.2e-05,80.34
7.0,VeryLow,HRD1_major,0.36,0.007313,3.5829,0.000284,2.4e-05,0.0,1.9e-05,127.45
7.0,VeryLow,HRD1_major,0.37,0.008042,3.9412,0.00041,3.9e-05,0.0,2.9e-05,190.73
7.0,VeryLow,HRD1_major,0.38,0.00877,4.2995,0.000564,6.1e-05,1e-06,4.1e-05,272.4
7.0,VeryLow,HRD1_major,0.39,0.009499,4.6578,0.000747,9e-05,1e-06,5.6e-05,374.52
7.0,VeryLow,HRD1_major,0.4,0.010227,5.0161,0.000958,0.000128,2e-06,7.5e-05,498.95
7.0,VeryLow,HRD1_major,0.41,0.010956,5.3744,0.001198,0.000175,3e-06,9.7e-05,647.37
7.0,VeryLow,HRD1_major,0.42,0.011685,5.7327,0.001463,0.000234,5e-06,0.000123,821.27
7.0,VeryLow,HRD1_major,0.43,0.012413,6.091,0.001754,0.000304,7e-06,0.000153,1021.98
7.0,VeryLow,HRD1_major,0.44,0.013142,6.4493,0.002067,0.000388,9e-06,0.000188,1250.68
7.0,VeryLow,HRD1_major,0.45,0.01387,6.8076,0.002401,0.000485,1.3e-05,0.000226,1508.4
7.0,VeryLow,HRD1_major,0.46,0.014599,7.1658,0.002753,0.000597,1.8e-05,0.000269,1796.07
7.0,VeryLow,HRD1_major,0.47,0.015327,7.5241,0.003122,0.000724,2.3e-05,0.000317,2114.46
7.0,VeryLow,HRD1_major,0.48,0.016056,7.8824,0.003505,0.000867,3e-05,0.00037,2464.28
7.0,VeryLow,HRD1_major,0.49,0.016784,8.2407,0.003899,0.001025,3.8e-05,0.000427,2846.15
7.0,VeryLow,HRD1_major,0.5,0.017513,8.599,0.004303,0.0012,4.8e-05,0.000489,3260.57
7.0,VeryLow,HRD1_major,0.51,0.017513,8.9573,0.004527,0.001336,5.8e-05,0.000534,3559.93
7.0,VeryLow,HRD1_major,0.52,0.017513,9.3156,0.004739,0.001476,6.8e-05,0.00058,3867.15
7.0,VeryLow,HRD1_major,0.53,0.017513,9.853,0.005033,0.001695,8.6e-05,0.000651,4341.48
7.0,VeryLow,HRD1_major,0.54,0.017513,10.3905,0.0053,0.001922,0.000107,0.000724,4830.46
7.0,VeryLow,HRD1_major,0.55,0.017513,10.9279,0.005539,0.002155,0.000131,0.0008,5332.51
7.0,VeryLow,HRD1_major,0.56,0.017513,11.4654,0.005751,0.002392,0.000158,0.000877,5846.24
7.0,VeryLow,HRD1_major,0.57,0.017513,12.0028,0.005937,0.002633,0.000188,0.000955,6370.35
7.0,VeryLow,HRD1_major,0.58,0.017513,12.5402,0.006098,0.002876,0.000222,0.001035,6903.73
7.0,VeryLow,HRD1_major,0.59,0.017513,13.0777,0.006235,0.003119,0.000259,0.001117,7445.35
7.0,VeryLow,HRD1_major,0.6,0.017513,13.6151,0.006349,0.003362,0.000299,0.001199,7994.29
7.0,VeryLow,HRD1_major,0.61,0.017513,14.1525,0.006443,0.003603,0.000342,0.001282,8549.71
7.0,VeryLow,HRD1_major,0.62,0.017513,14.69,0.006517,0.003842,0.000389,0.001366,9110.86
7.0,VeryLow,HRD1_major,0.63,0.017513,15.2274,0.006573,0.004077,0.000439,0.001451,9677.05
7.0,VeryLow,HRD1_major,0.64,0.017513,15.7649,0.006612,0.004308,0.000492,0.001537,10247.66
7.0,VeryLow,HRD1_major,0.65,0.017513,16.3023,0.006636,0.004535,0.000549,0.001623,10822.11
7.0,VeryLow,HRD1_major,0.66,0.017513,16.8397,0.006645,0.004757,0.000609,0.00171,11399.86
7.0,VeryLow,HRD1_major,0.67,0.017513,17.3772,0.006642,0.004973,0.000671,0.001797,11980.44
7.0,VeryLow,HRD1_major,0.68,0.017513,17.9146,0.006627,0.005183,0.000737,0.001884,12563.4
7.0,VeryLow,HRD1_major,0.69,0.017513,18.4521,0.006602,0.005387,0.000806,0.001972,13148.3
7.0,VeryLow,HRD1_major,0.7,0.017513,18.9895,0.006567,0.005584,0.000878,0.00206,13734.77
7.0,VeryLow,HRD1_major,0.71,0.017513,19.5269,0.006524,0.005775,0.000953,0.002148,14322.44
7.0,VeryLow,HRD1_major,0.72,0.017513,20.0644,0.006473,0.005958,0.00103,0.002236,14910.97
7.0,VeryLow,HRD1_major,0.73,0.017513,20.6018,0.006415,0.006135,0.00111,0.002325,15500.03
7.0,VeryLow,HRD1_major,0.74,0.017513,21.1392,0.006351,0.006304,0.001192,0.002413,16089.33
7.0,VeryLow,HRD1_major,0.75,0.017513,21.6767,0.006282,0.006467,0.001277,0.002501,16678.59
7.0,VeryLow,HRD1_major,0.76,0.017513,22.2141,0.006208,0.006622,0.001364,0.00259,17267.53
7.0,VeryLow,HRD1_major,0.77,0.017513,22.7516,0.00613,0.006771,0.001453,0.002678,17855.91
7.0,VeryLow,HRD1_major,0.78,0.017513,23.289,0.006049,0.006912,0.001545,0.002766,18443.48
7.0,VeryLow,HRD1_major,0.79,0.017513,25.379,0.005707,0.007396,0.001918,0.003107,20716.8
7.0,VeryLow,HRD1_major,0.8,0.017513,27.4691,0.005344,0.007781,0.002315,0.003444,22963.08
7.0,VeryLow,HRD1_major,0.81,0.017513,29.5591,0.004975,0.008075,0.002731,0.003775,25172.84
7.0,VeryLow,HRD1_major,0.82,0.017513,31.6492,0.004612,0.008288,0.00316,0.0041,27338.43
7.0,VeryLow,HRD1_major,0.83,0.017513,33.7392,0.004263,0.008429,0.003598,0.004417,29453.78
7.0,VeryLow,HRD1_major,0.84,0.017513,35.8292,0.003931,0.008508,0.00404,0.004726,31514.1
7.0,VeryLow,HRD1_major,0.85,0.017513,37.9193,0.003618,0.008532,0.004484,0.005026,33515.81
7.0,VeryLow,HRD1_major,0.86,0.017513,40.0093,0.003327,0.008511,0.004927,0.005317,35456.27
7.0,VeryLow,HRD1_major,0.87,0.017513,42.0993,0.003057,0.008451,0.005365,0.005599,37333.73
7.0,VeryLow,HRD1_major,0.88,0.017513,44.1894,0.002807,0.008359,0.005798,0.005871,39147.13
7.0,VeryLow,HRD1_major,0.89,0.017513,46.2794,0.002578,0.008241,0.006223,0.006133,40896.05
7.0,VeryLow,HRD1_major,0.9,0.017513,48.3695,0.002367,0.0081,0.006639,0.006386,42580.56
7.0,VeryLow,HRD1_major,0.91,0.017513,50.4595,0.002174,0.007942,0.007045,0.006629,44201.17
7.0,VeryLow,HRD1_major,0.92,0.017513,52.5495,0.001997,0.00777,0.007441,0.006862,45758.74
7.0,VeryLow,HRD1_major,0.93,0.017513,54.6396,0.001835,0.007587,0.007825,0.007087,47254.4
7.0,VeryLow,HRD1_major,0.94,0.017513,56.7296,0.001687,0.007397,0.008198,0.007302,48689.51
7.0,VeryLow,HRD1_major,0.95,0.017513,58.8197,0.001551,0.0072,0.008558,0.007508,50065.6
7.0,VeryLow,HRD1_major,0.96,0.017513,60.9097,0.001428,0.007001,0.008907,0.007706,51384.34
7.0,VeryLow,HRD1_major,0.97,0.017513,62.9997,0.001315,0.006799,0.009243,0.007896,52647.51
7.0,VeryLow,HRD1_major,0.98,0.017513,65.0898,0.001211,0.006596,0.009567,0.008077,53856.91
7.0,VeryLow,HRD1_major,0.99,0.017513,67.1798,0.001117,0.006395,0.00988,0.008251,55014.44
7.0,VeryLow,HRD1_major,1.0,0.017513,69.2698,0.001031,0.006194,0.01018,0.008417,56121.98
7.0,VeryLow,HRD1_major,1.01,0.017513,71.3599,0.000952,0.005997,0.010469,0.008575,57181.42
7.0,VeryLow,HRD1_major,1.02,0.017513,73.4499,0.000879,0.005802,0.010747,0.008727,58194.64
7.0,VeryLow,HRD1_major,1.03,0.017513,75.54,0.000813,0.00561,0.011014,0.008873,59163.5
7.0,VeryLow,HRD1_major,1.04,0.017513,77.63,0.000752,0.005423,0.011271,0.009012,60089.83
7.0,VeryLow,HRD1_major,1.05,0.017513,77.63,0.000752,0.005423,0.011271,0.009012,60089.83
7.0,VeryLow,HRD1_major,1.06,0.017513,77.63,0.000752,0.005423,0.011271,0.009012,60089.83
7.0,VeryLow,HRD1_major,1.07,0.017513,77.63,0.000752,0.005423,0.011271,0.009012,60089.83
7.0,VeryLow,HRD1_major,1.08,0.017513,77.63,0.000752,0.005423,0.011271,0.009012,60089.83
7.0,VeryLow,HRD1_major,1.09,0.017513,77.63,0.000752,0.005423,0.011271,0.009012,60089.83
7.0,VeryLow,HRD1_major,1.1,0.017513,77.63,0.000752,0.005423,0.011271,0.009012,60089.83
7.0,VeryLow,HRD1_major,1.11,0.017513,77.63,0.000752,0.005423,0.011271,0.009012,60089.83
7.0,VeryLow,HRD1_major,1.12,0.017513,77.63,0.000752,0.005423,0.011271,0.009012,60089.83
7.0,VeryLow,HRD1_major,1.13,0.017513,77.63,0.000752,0.005423,0.011271,0.009012,60089.83
7.0,VeryLow,HRD1_major,1.14,0.017513,77.63,0.000752,0.005423,0.011271,0.009012,60089.83
7.0,VeryLow,HRD1_major,1.15,0.017513,77.63,0.000752,0.005423,0.011271,0.009012,60089.83
7.0,VeryLow,HRD1_major,1.16,0.017513,77.63,0.000752,0.005423,0.011271,0.009012,60089.83
7.0,VeryLow,HRD1_major,1.17,0.017513,77.63,0.000752,0.005423,0.011271,0.009012,60089.83
7.0,VeryLow,HRD1_major,1.18,0.017513,77.63,0.000752,0.005423,0.011271,0.009012,60089.83
7.0,VeryLow,HRD1_major,1.19,0.017513,77.63,0.000752,0.005423,0.011271,0.009012,60089.83
7.0,VeryLow,HRD1_major,1.2,0.017513,77.63,0.000752,0.005423,0.011271,0.009012,60089.83
7.0,VeryLow,HRD1_major,1.21,0.017513,77.63,0.000752,0.005423,0.011271,0.009012,60089.83
7.0,VeryLow,HRD1_major,1.22,0.017513,77.63,0.000752,0.005423,0.011271,0.009012,60089.83
7.0,VeryLow,HRD1_major,1.23,0.017513,77.63,0.000752,0.005423,0.011271,0.009012,60089.83
7.0,VeryLow,HRD1_major,1.24,0.017513,77.63,0.000752,0.005423,0.011271,0.009012,60089.83
7.0,VeryLow,HRD1_major,1.25,0.017513,77.63,0.000752,0.005423,0.011271,0.009012,60089.83
7.0,VeryLow,HRD1_major,1.26,0.017513,77.63,0.000752,0.005423,0.011271,0.009012,60089.83
7.0,VeryLow,HRD1_major,1.27,0.017513,77.63,0.000752,0.005423,0.011271,0.009012,60089.83
7.0,VeryLow,HRD1_major,1.28,0.017513,77.63,0.000752,0.005423,0.011271,0.009012,60089.83
7.0,VeryLow,HRD1_major,1.29,0.017513,77.63,0.000752,0.005423,0.011271,0.009012,60089.83
7.0,VeryLow,HRD1_major,1.3,0.017513,77.63,0.000752,0.005423,0.011271,0.009012,60089.83
7.0,VeryLow,HRD1_major,1.31,0.017513,77.63,0.000752,0.005423,0.011271,0.009012,60089.83
7.0,VeryLow,HRD1_major,1.32,0.017513,77.63,0.000752,0.005423,0.011271,0.009012,60089.83
7.0,VeryLow,HRD1_major,1.33,0.017513,77.63,0.000752,0.005423,0.011271,0.009012,60089.83
7.0,VeryLow,HRD1_major,1.34,0.017513,77.63,0.000752,0.005423,0.011271,0.009012,60089.83
7.0,VeryLow,HRD1_major,1.35,0.017513,77.63,0.000752,0.005423,0.011271,0.009012,60089.83
7.0,VeryLow,HRD1_major,1.36,0.017513,77.63,0.000752,0.005423,0.011271,0.009012,60089.83
7.0,VeryLow,HRD1_major,1.37,0.017513,77.63,0.000752,0.005423,0.011271,0.009012,60089.83
7.0,VeryLow,HRD1_major,1.38,0.017513,77.63,0.000752,0.005423,0.011271,0.009012,60089.83
7.0,VeryLow,HRD1_major,1.39,0.017513,77.63,0.000752,0.005423,0.011271,0.009012,60089.83
7.0,VeryLow,HRD1_major,1.4,0.017513,77.63,0.000752,0.005423,0.011271,0.009012,60089.83
7.0,VeryLow,HRD1_major,1.41,0.017513,77.63,0.000752,0.005423,0.011271,0.009012,60089.83
7.0,VeryLow,HRD1_major,1.42,0.017513,77.63,0.000752,0.005423,0.011271,0.009012,60089.83
7.0,VeryLow,HRD1_major,1.43,0.017513,77.63,0.000752,0.005423,0.011271,0.009012,60089.83
7.0,VeryLow,HRD1_major,1.44,0.017513,77.63,0.000752,0.005423,0.011271,0.009012,60089.83
7.0,VeryLow,HRD1_major,1.45,0.017513,77.63,0.000752,0.005423,0.011271,0.009012,60089.83
7.0,VeryLow,HRD1_major,1.46,0.017513,77.63,0.000752,0.005423,0.011271,0.009012,60089.83
7.0,VeryLow,HRD1_major,1.47,0.017513,77.63,0.000752,0.005423,0.011271,0.009012,60089.83
7.0,VeryLow,HRD1_major,1.48,0.017513,77.63,0.000752,0.005423,0.011271,0.009012,60089.83
7.0,VeryLow,HRD1_major,1.49,0.017513,77.63,0.000752,0.005423,0.011271,0.009012,60089.83
7.0,VeryLow,HRD1_major,1.5,0.017513,77.63,0.000752,0.005423,0.011271,0.009012,60089.83
7.0,VeryLow,HRD2_urban,0.0,0.0,0.0,0.0,0.0,0.0,0.0,0.0
7.0,VeryLow,HRD2_urban,0.01,0.0,0.0,0.0,0.0,0.0,0.0,0.0
7.0,VeryLow,HRD2_urban,0.02,0.0,0.0,0.0,0.0,0.0,0.0,0.0
7.0,VeryLow,HRD2_urban,0.03,0.0,0.0,0.0,0.0,0.0,0.0,0.0
7.0,VeryLow,HRD2_urban,0.04,0.0,0.0,0.0,0.0,0.0,0.0,0.0
7.0,VeryLow,HRD2_urban,0.05,0.0,0.0,0.0,0.0,0.0,0.0,0.0
7.0,VeryLow,HRD2_urban,0.06,0.0,0.0,0.0,0.0,0.0,0.0,0.0
7.0,VeryLow,HRD2_urban,0.07,0.0,0.0,0.0,0.0,0.0,0.0,0.0
7.0,VeryLow,HRD2_urban,0.08,0.0,0.0,0.0,0.0,0.0,0.0,0.0
7.0,VeryLow,HRD2_urban,0.09,0.0,0.0,0.0,0.0,0.0,0.0,0.0
7.0,VeryLow,HRD2_urban,0.1,0.0,0.0,0.0,0.0,0.0,0.0,0.0
7.0,VeryLow,HRD2_urban,0.11,0.0,0.0,0.0,0.0,0.0,0.0,0.0
7.0,VeryLow,HRD2_urban,0.12,0.0,0.0,0.0,0.0,0.0,0.0,0.0
7.0,VeryLow,HRD2_urban,0.13,0.0,0.0,0.0,0.0,0.0,0.0,0.0
7.0,VeryLow,HRD2_urban,0.14,0.0,0.0,0.0,0.0,0.0,0.0,0.0
7.0,VeryLow,HRD2_urban,0.15,0.0,0.0,0.0,0.0,0.0,0.0,0.0
7.0,VeryLow,HRD2_urban,0.16,0.0,0.0,0.0,0.0,0.0,0.0,0.0
7.0,VeryLow,HRD2_urban,0.17,0.0,0.0,0.0,0.0,0.0,0.0,0.0
7.0,VeryLow,HRD2_urban,0.18,0.0,0.0,0.0,0.0,0.0,0.0,0.0
7.0,VeryLow,HRD2_urban,0.19,0.0,0.0,0.0,0.0,0.0,0.0,0.0
7.0,VeryLow,HRD2_urban,0.2,0.0,0.0,0.0,0.0,0.0,0.0,0.0
7.0,VeryLow,HRD2_urban,0.21,0.0,0.0,0.0,0.0,0.0,0.0,0.0
7.0,VeryLow,HRD2_urban,0.22,0.0,0.0,0.0,0.0,0.0,0.0,0.0
7.0,VeryLow,HRD2_urban,0.23,0.0,0.0,0.0,0.0,0.0,0.0,0.0
7.0,VeryLow,HRD2_urban,0.24,0.0,0.0,0.0,0.0,0.0,0.0,0.0
7.0,VeryLow,HRD2_urban,0.25,0.0,0.0,0.0,0.0,0.0,0.0,0.0
7.0,VeryLow,HRD2_urban,0.26,2.8e-05,0.0,0.0,0.0,0.0,0.0,0.0
7.0,VeryLow,HRD2_urban,0.27,0.000757,0.3583,0.0,0.0,0.0,0.0,0.0
7.0,VeryLow,HRD2_urban,0.28,0.001485,0.7166,2e-06,0.0,0.0,0.0,0.32
7.0,VeryLow,HRD2_urban,0.29,0.002214,1.0749,1.5e-05,1e-06,0.0,1e-06,2.92
7.0,VeryLow,HRD2_urban,0.3,0.002942,1.4332,5.6e-05,3e-06,0.0,4e-06,11.91
7.0,VeryLow,HRD2_urban,0.31,0.003671,1.7915,0.000142,1.2e-05,0.0,1e-05,32.45
7.0,VeryLow,HRD2_urban,0.32,0.004399,2.1498,0.000283,3e-05,1e-06,2.1e-05,69.79
7.0,VeryLow,HRD2_urban,0.33,0.005128,2.508,0.00048,6.2e-05,3e-06,3.9e-05,128.76
7.0,VeryLow,HRD2_urban,0.34,0.005856,2.8663,0.000733,0.000112,7e-06,6.4e-05,213.64
7.0,VeryLow,HRD2_urban,0.35,0.006585,3.2246,0.001036,0.000186,1.4e-05,9.8e-05,328.14
7.0,VeryLow,HRD2_urban,0.36,0.007313,3.5829,0.001379,0.000284,2.4e-05,0.000143,475.41
7.0,VeryLow,HRD2_urban,0.37,0.008042,3.9412,0.001755,0.00041,4e-05,0.000197,658.17
7.0,VeryLow,HRD2_urban,0.38,0.00877,4.2995,0.002155,0.000564,6.2e-05,0.000264,878.69
7.0,VeryLow,HRD2_urban,0.39,0.009499,4.6578,0.00257,0.000747,9.1e-05,0.000342,1138.87
7.0,VeryLow,HRD2_urban,0.4,0.010227,5.0161,0.002993,0.000958,0.00013,0.000432,1440.3
7.0,VeryLow,HRD2_urban,0.41,0.010956,5.3744,0.003417,0.001198,0.000178,0.000535,1784.26
7.0,VeryLow,HRD2_urban,0.42,0.011685,5.7327,0.003837,0.001463,0.000238,0.000651,2171.76
7.0,VeryLow,HRD2_urban,0.43,0.012413,6.091,0.004248,0.001754,0.000311,0.000781,2603.57
7.0,VeryLow,HRD2_urban,0.44,0.013142,6.4493,0.004646,0.002067,0.000397,0.000924,3080.25
7.0,VeryLow,HRD2_urban,0.45,0.01387,6.8076,0.005029,0.002401,0.000498,0.00108,3602.15
7.0,VeryLow,HRD2_urban,0.46,0.014599,7.1658,0.005393,0.002753,0.000615,0.001251,4169.43
7.0,VeryLow,HRD2_urban,0.47,0.015327,7.5241,0.005738,0.003122,0.000747,0.001434,4782.12
7.0,VeryLow,HRD2_urban,0.48,0.016056,7.8824,0.006062,0.003505,0.000897,0.001632,5440.07
7.0,VeryLow,HRD2_urban,0.49,0.016784,8.2407,0.006364,0.003899,0.001064,0.001843,6143.01
7.0,VeryLow,HRD2_urban,0.5,0.017513,8.599,0.006645,0.004303,0.001248,0.002067,6890.55
7.0,VeryLow,HRD2_urban,0.51,0.017513,8.9573,0.006627,0.004527,0.001393,0.002212,7375.38
7.0,VeryLow,HRD2_urban,0.52,0.017513,9.3156,0.006591,0.004739,0.001545,0.002358,7863.16
7.0,VeryLow,HRD2_urban,0.53,0.017513,9.853,0.006508,0.005033,0.001781,0.002579,8598.34
7.0,VeryLow,HRD2_urban,0.54,0.017513,10.3905,0.006394,0.0053,0.002029,0.0028,9335.28
7.0,VeryLow,HRD2_urban,0.55,0.017513,10.9279,0.006258,0.005539,0.002286,0.003021,10071.5
7.0,VeryLow,HRD2_urban,0.56,0.017513,11.4654,0.006103,0.005751,0.002551,0.003241,10804.82
7.0,VeryLow,HRD2_urban,0.57,0.017513,12.0028,0.005935,0.005937,0.002822,0.003459,11533.33
7.0,VeryLow,HRD2_urban,0.58,0.017513,12.5402,0.005758,0.006098,0.003098,0.003676,12255.38
7.0,VeryLow,HRD2_urban,0.59,0.017513,13.0777,0.005574,0.006235,0.003378,0.00389,12969.54
7.0,VeryLow,HRD2_urban,0.6,0.017513,13.6151,0.005386,0.006349,0.003661,0.004102,13674.57
7.0,VeryLow,HRD2_urban,0.61,0.017513,14.1525,0.005196,0.006443,0.003945,0.00431,14369.43
7.0,VeryLow,HRD2_urban,0.62,0.017513,14.69,0.005007,0.006517,0.004231,0.004515,15053.24
7.0,VeryLow,HRD2_urban,0.63,0.017513,15.2274,0.004819,0.006573,0.004516,0.004717,15725.26
7.0,VeryLow,HRD2_urban,0.64,0.017513,15.7649,0.004633,0.006612,0.004801,0.004914,16384.88
7.0,VeryLow,HRD2_urban,0.65,0.017513,16.3023,0.004451,0.006636,0.005084,0.005108,17031.63
7.0,VeryLow,HRD2_urban,0.66,0.017513,16.8397,0.004273,0.006645,0.005365,0.005298,17665.12
7.0,VeryLow,HRD2_urban,0.67,0.017513,17.3772,0.004099,0.006642,0.005644,0.005484,18285.07
7.0,VeryLow,HRD2_urban,0.68,0.017513,17.9146,0.003931,0.006627,0.00592,0.005666,18891.26
7.0,VeryLow,HRD2_urban,0.69,0.017513,18.4521,0.003767,0.006602,0.006193,0.005844,19483.56
7.0,VeryLow,HRD2_urban,0.7,0.017513,18.9895,0.00361,0.006567,0.006462,0.006017,20061.91
7.0,VeryLow,HRD2_urban,0.71,0.017513,19.5269,0.003458,0.006524,0.006727,0.006187,20626.28
7.0,VeryLow,HRD2_urban,0.72,0.017513,20.0644,0.003311,0.006473,0.006988,0.006352,21176.72
7.0,VeryLow,HRD2_urban,0.73,0.017513,20.6018,0.00317,0.006415,0.007245,0.006513,21713.28
7.0,VeryLow,HRD2_urban,0.74,0.017513,21.1392,0.003035,0.006351,0.007496,0.006669,22236.1
7.0,VeryLow,HRD2_urban,0.75,0.017513,21.6767,0.002905,0.006282,0.007744,0.006822,22745.3
7.0,VeryLow,HRD2_urban,0.76,0.017513,22.2141,0.00278,0.006208,0.007986,0.006971,23241.06
7.0,VeryLow,HRD2_urban,0.77,0.017513,22.7516,0.002661,0.00613,0.008224,0.007116,23723.57
7.0,VeryLow,HRD2_urban,0.78,0.017513,23.289,0.002547,0.006049,0.008456,0.007256,24193.04
7.0,VeryLow,HRD2_urban,0.79,0.017513,25.379,0.002147,0.005707,0.009313,0.007768,25899.19
7.0,VeryLow,HRD2_urban,0.8,0.017513,27.4691,0.001813,0.005344,0.010096,0.008226,27426.5
7.0,VeryLow,HRD2_urban,0.81,0.017513,29.5591,0.001533,0.004975,0.010805,0.008636,28790.88
7.0,VeryLow,HRD2_urban,0.82,0.017513,31.6492,0.001299,0.004612,0.011447,0.009001,30008.22
7.0,VeryLow,HRD2_urban,0.83,0.017513,33.7392,0.001104,0.004263,0.012026,0.009326,31093.75
7.0,VeryLow,HRD2_urban,0.84,0.017513,35.8292,0.000941,0.003931,0.012548,0.009617,32061.63
7.0,VeryLow,HRD2_urban,0.85,0.017513,37.9193,0.000804,0.003618,0.013017,0.009875,32924.84
7.0,VeryLow,HRD2_urban,0.86,0.017513,40.0093,0.000689,0.003327,0.013438,0.010107,33695.1
7.0,VeryLow,HRD2_urban,0.87,0.017513,42.0993,0.000592,0.003057,0.013817,0.010313,34382.93
7.0,VeryLow,HRD2_urban,0.88,0.017513,44.1894,0.00051,0.002807,0.014157,0.010497,34997.68
7.0,VeryLow,HRD2_urban,0.89,0.017513,46.2794,0.00044,0.002578,0.014464,0.010662,35547.66
7.0,VeryLow,HRD2_urban,0.9,0.017513,48.3695,0.000382,0.002367,0.014739,0.01081,36040.22
7.0,VeryLow,HRD2_urban,0.91,0.017513,50.4595,0.000331,0.002174,0.014987,0.010942,36481.85
7.0,VeryLow,HRD2_urban,0.92,0.017513,52.5495,0.000288,0.001997,0.015211,0.011061,36878.29
7.0,VeryLow,HRD2_urban,0.93,0.017513,54.6396,0.000252,0.001835,0.015412,0.011168,37234.59
7.0,VeryLow,HRD2_urban,0.94,0.017513,56.7296,0.00022,0.001687,0.015594,0.011264,37555.19
7.0,VeryLow,HRD2_urban,0.95,0.017513,58.8197,0.000193,0.001551,0.015759,0.011351,37844.02
7.0,VeryLow,HRD2_urban,0.96,0.017513,60.9097,0.00017,0.001428,0.015907,0.011429,38104.56
7.0,VeryLow,HRD2_urban,0.97,0.017513,62.9997,0.000149,0.001315,0.016042,0.0115,38339.85
7.0,VeryLow,HRD2_urban,0.98,0.017513,65.0898,0.000132,0.001211,0.016164,0.011563,38552.59
7.0,VeryLow,HRD2_urban,0.99,0.017513,67.1798,0.000117,0.001117,0.016274,0.011621,38745.19
7.0,VeryLow,HRD2_urban,1.0,0.017513,69.2698,0.000103,0.001031,0.016375,0.011674,38919.75
7.0,VeryLow,HRD2_urban,1.01,0.017513,71.3599,9.2e-05,0.000952,0.016466,0.011721,39078.13
7.0,VeryLow,HRD2_urban,1.02,0.017513,73.4499,8.1e-05,0.000879,0.016549,0.011764,39222.02
7.0,VeryLow,HRD2_urban,1.03,0.017513,75.54,7.3e-05,0.000813,0.016625,0.011804,39352.87
7.0,VeryLow,HRD2_urban,1.04,0.017513,77.63,6.5e-05,0.000752,0.016694,0.011839,39472.0
7.0,VeryLow,HRD2_urban,1.05,0.017513,77.63,6.5e-05,0.000752,0.016694,0.011839,39472.0
7.0,VeryLow,HRD2_urban,1.06,0.017513,77.63,6.5e-05,0.000752,0.016694,0.011839,39472.0
7.0,VeryLow,HRD2_urban,1.07,0.017513,77.63,6.5e-05,0.000752,0.016694,0.011839,39472.0
7.0,VeryLow,HRD2_urban,1.08,0.017513,77.63,6.5e-05,0.000752,0.016694,0.011839,39472.0
7.0,VeryLow,HRD2_urban,1.09,0.017513,77.63,6.5e-05,0.000752,0.016694,0.011839,39472.0
7.0,VeryLow,HRD2_urban,1.1,0.017513,77.63,6.5e-05,0.000752,0.016694,0.011839,39472.0
7.0,VeryLow,HRD2_urban,1.11,0.017513,77.63,6.5e-05,0.000752,0.016694,0.011839,39472.0
7.0,VeryLow,HRD2_urban,1.12,0.017513,77.63,6.5e-05,0.000752,0.016694,0.011839,39472.0
7.0,VeryLow,HRD2_urban,1.13,0.017513,77.63,6.5e-05,0.000752,0.016694,0.011839,39472.0
7.0,VeryLow,HRD2_urban,1.14,0.017513,77.63,6.5e-05,0.000752,0.016694,0.011839,39472.0
7.0,VeryLow,HRD2_urban,1.15,0.017513,77.63,6.5e-05,0.000752,0.016694,0.011839,39472.0
7.0,VeryLow,HRD2_urban,1.16,0.017513,77.63,6.5e-05,0.000752,0.016694,0.011839,39472.0
7.0,VeryLow,HRD2_urban,1.17,0.017513,77.63,6.5e-05,0.000752,0.016694,0.011839,39472.0
7.0,VeryLow,HRD2_urban,1.18,0.017513,77.63,6.5e-05,0.000752,0.016694,0.011839,39472.0
7.0,VeryLow,HRD2_urban,1.19,0.017513,77.63,6.5e-05,0.000752,0.016694,0.011839,39472.0
7.0,VeryLow,HRD2_urban,1.2,0.017513,77.63,6.5e-05,0.000752,0.016694,0.011839,39472.0
7.0,VeryLow,HRD2_urban,1.21,0.017513,77.63,6.5e-05,0.000752,0.016694,0.011839,39472.0
7.0,VeryLow,HRD2_urban,1.22,0.017513,77.63,6.5e-05,0.000752,0.016694,0.011839,39472.0
7.0,VeryLow,HRD2_urban,1.23,0.017513,77.63,6.5e-05,0.000752,0.016694,0.011839,39472.0
7.0,VeryLow,HRD2_urban,1.24,0.017513,77.63,6.5e-05,0.000752,0.016694,0.011839,39472.0
7.0,VeryLow,HRD2_urban,1.25,0.017513,77.63,6.5e-05,0.000752,0.016694,0.011839,39472.0
7.0,VeryLow,HRD2_urban,1.26,0.017513,77.63,6.5e-05,0.000752,0.016694,0.011839,39472.0
7.0,VeryLow,HRD2_urban,1.27,0.017513,77.63,6.5e-05,0.000752,0.016694,0.011839,39472.0
7.0,VeryLow,HRD2_urban,1.28,0.017513,77.63,6.5e-05,0.000752,0.016694,0.011839,39472.0
7.0,VeryLow,HRD2_urban,1.29,0.017513,77.63,6.5e-05,0.000752,0.016694,0.011839,39472.0
7.0,VeryLow,HRD2_urban,1.3,0.017513,77.63,6.5e-05,0.000752,0.016694,0.011839,39472.0
7.0,VeryLow,HRD2_urban,1.31,0.017513,77.63,6.5e-05,0.000752,0.016694,0.011839,39472.0
7.0,VeryLow,HRD2_urban,1.32,0.017513,77.63,6.5e-05,0.000752,0.016694,0.011839,39472.0
7.0,VeryLow,HRD2_urban,1.33,0.017513,77.63,6.5e-05,0.000752,0.016694,0.011839,39472.0
7.0,VeryLow,HRD2_urban,1.34,0.017513,77.63,6.5e-05,0.000752,0.016694,0.011839,39472.0
7.0,VeryLow,HRD2_urban,1.35,0.017513,77.63,6.5e-05,0.000752,0.016694,0.011839,39472.0
7.0,VeryLow,HRD2_urban,1.36,0.017513,77.63,6.5e-05,0.000752,0.016694,0.011839,39472.0
7.0,VeryLow,HRD2_urban,1.37,0.017513,77.63,6.5e-05,0.000752,0.016694,0.011839,39472.0
7.0,VeryLow,HRD2_urban,1.38,0.017513,77.63,6.5e-05,0.000752,0.016694,0.011839,39472.0
7.0,VeryLow,HRD2_urban,1.39,0.017513,77.63,6.5e-05,0.000752,0.016694,0.011839,39472.0
7.0,VeryLow,HRD2_urban,1.4,0.017513,77.63,6.5e-05,0.000752,0.016694,0.011839,39472.0
7.0,VeryLow,HRD2_urban,1.41,0.017513,77.63,6.5e-05,0.000752,0.016694,0.011839,39472.0
7.0,VeryLow,HRD2_urban,1.42,0.017513,77.63,6.5e-05,0.000752,0.016694,0.011839,39472.0
7.0,VeryLow,HRD2_urban,1.43,0.017513,77.63,6.5e-05,0.000752,0.016694,0.011839,39472.0
7.0,VeryLow,HRD2_urban,1.44,0.017513,77.63,6.5e-05,0.000752,0.016694,0.011839,39472.0
7.0,VeryLow,HRD2_urban,1.45,0.017513,77.63,6.5e-05,0.000752,0.016694,0.011839,39472.0
7.0,VeryLow,HRD2_urban,1.46,0.017513,77.63,6.5e-05,0.000752,0.016694,0.011839,39472.0
7.0,VeryLow,HRD2_urban,1.47,0.017513,77.63,6.5e-05,0.000752,0.016694,0.011839,39472.0
7.0,VeryLow,HRD2_urban,1.48,0.017513,77.63,6.5e-05,0.000752,0.016694,0.011839,39472.0
7.0,VeryLow,HRD2_urban,1.49,0.017513,77.63,6.5e-05,0.000752,0.016694,0.011839,39472.0
7.0,VeryLow,HRD2_urban,1.5,0.017513,77.63,6.5e-05,0.000752,0.016694,0.011839,39472.0
7.5,VeryHigh,HRD1_major,0.0,0.0,0.0,0.0,0.0,0.0,0.0,0.0
7.5,VeryHigh,HRD1_major,0.01,0.0,0.0,0.0,0.0,0.0,0.0,0.0
7.5,VeryHigh,HRD1_major,0.02,0.0,0.0,0.0,0.0,0.0,0.0,0.0
7.5,VeryHigh,HRD1_major,0.03,0.0,0.0,0.0,0.0,0.0,0.0,0.0
7.5,VeryHigh,HRD1_major,0.04,0.0,0.0,0.0,0.0,0.0,0.0,0.0
7.5,VeryHigh,HRD1_major,0.05,0.0,0.0,0.0,0.0,0.0,0.0,0.0
7.5,VeryHigh,HRD1_major,0.06,0.0,0.0,0.0,0.0,0.0,0.0,0.0
7.5,VeryHigh,HRD1_major,0.07,0.0,0.0,0.0,0.0,0.0,0.0,0.0
7.5,VeryHigh,HRD1_major,0.08,0.0,0.0,0.0,0.0,0.0,0.0,0.0
7.5,VeryHigh,HRD1_major,0.09,0.0,12.0,0.0,0.0,0.0,0.0,0.0
7.5,VeryHigh,HRD1_major,0.1,0.021084,12.0,0.007147,0.003169,0.000227,0.00115,7665.92
7.5,VeryHigh,HRD1_major,0.11,0.042617,12.0,0.014446,0.006405,0.000458,0.002324,15495.5
7.5,VeryHigh,HRD1_major,0.12,0.064151,12.0,0.021745,0.009641,0.000689,0.003498,23325.08
7.5,VeryHigh,HRD1_major,0.13,0.085684,12.0,0.029044,0.012877,0.000921,0.004672,31154.65
7.5,VeryHigh,HRD1_major,0.14,0.107218,12.0,0.036343,0.016114,0.001152,0.005846,38984.23
7.5,VeryHigh,HRD1_major,0.15,0.128752,12.0,0.043642,0.01935,0.001384,0.007021,46813.81
7.5,VeryHigh,HRD1_major,0.16,0.150285,12.0,0.050941,0.022586,0.001615,0.008195,54643.38
7.5,VeryHigh,HRD1_major,0.17,0.171819,12.0,0.05824,0.025822,0.001847,0.009369,62472.96
7.5,VeryHigh,HRD1_major,0.18,0.193352,12.3225,0.066638,0.030665,0.002295,0.011071,73824.43
7.5,VeryHigh,HRD1_major,0.19,0.214886,14.3763,0.079462,0.045433,0.004431,0.016162,107765.05
7.5,VeryHigh,HRD1_major,0.2,0.23642,16.43,0.089627,0.061942,0.007597,0.022187,147946.2
7.5,VeryHigh,HRD1_major,0.21,0.236893,18.4838,0.089281,0.073026,0.010963,0.026743,178323.07
7.5,VeryHigh,HRD1_major,0.22,0.236893,20.5375,0.086872,0.082704,0.014881,0.031301,208713.63
7.5,VeryHigh,HRD1_major,0.23,0.236893,22.5913,0.08324,0.090996,0.019294,0.035867,239161.98
7.5,VeryHigh,HRD1_major,0.24,0.236893,24.645,0.078871,0.0979,0.024127,0.040412,269468.32
7.5,VeryHigh,HRD1_major,0.25,0.236893,26.6988,0.074116,0.103478,0.029301,0.044912,299471.37
7.5,VeryHigh,HRD1_major,0.26,0.236893,28.7525,0.069222,0.107829,0.034742,0.049346,329040.0
7.5,VeryHigh,HRD1_major,0.27,0.236893,30.8063,0.064355,0.11107,0.040382,0.053699,358067.71
7.5,VeryHigh,HRD1_major,0.28,0.236893,38.7931,0.047263,0.115366,0.063165,0.069652,464441.06
7.5,VeryHigh,HRD1_major,0.29,0.236893,46.7799,0.034164,0.111039,0.085539,0.083793,558731.75
7.5,VeryHigh,HRD1_major,0.3,0.236893,54.7667,0.024691,0.102477,0.10616,0.096042,640409.01
7.5,VeryHigh,HRD1_major,0.31,0.236893,62.7535,0.017958,0.09229,0.1245,0.106506,710182.45
7.5,VeryHigh,HRD1_major,0.32,0.236893,70.7403,0.01318,0.081904,0.140475,0.115373,769304.98
7.5,VeryHigh,HRD1_major,0.33,0.236893,78.7271,0.00977,0.072049,0.154221,0.122853,819184.18
7.5,VeryHigh,HRD1_major,0.34,0.236893,86.7139,0.007316,0.063052,0.165965,0.129152,861185.16
7.5,VeryHigh,HRD1_major,0.35,0.236893,94.7007,0.005534,0.055023,0.175962,0.134455,896542.64
7.5,VeryHigh,HRD1_major,0.36,0.236893,102.6875,0.004225,0.047955,0.184457,0.138922,926331.75
7.5,VeryHigh,HRD1_major,0.37,0.236893,102.6875,0.004225,0.047955,0.184457,0.138922,926331.75
7.5,VeryHigh,HRD1_major,0.38,0.236893,102.6875,0.004225,0.047955,0.184457,0.138922,926331.75
7.5,VeryHigh,HRD1_major,0.39,0.236893,102.6875,0.004225,0.047955,0.184457,0.138922,926331.75
7.5,VeryHigh,HRD1_major,0.4,0.236893,102.6875,0.004225,0.047955,0.184457,0.138922,926331.75
7.5,VeryHigh,HRD1_major,0.41,0.236893,102.6875,0.004225,0.047955,0.184457,0.138922,926331.75
7.5,VeryHigh,HRD1_major,0.42,0.236893,102.6875,0.004225,0.047955,0.184457,0.138922,926331.75
7.5,VeryHigh,HRD1_major,0.43,0.236893,102.6875,0.004225,0.047955,0.184457,0.138922,926331.75
7.5,VeryHigh,HRD1_major,0.44,0.236893,102.6875,0.004225,0.047955,0.184457,0.138922,926331.75
7.5,VeryHigh,HRD1_major,0.45,0.236893,102.6875,0.004225,0.047955,0.184457,0.138922,926331.75
7.5,VeryHigh,HRD1_major,0.46,0.236893,102.6875,0.004225,0.047955,0.184457,0.138922,926331.75
7.5,VeryHigh,HRD1_major,0.47,0.236893,102.6875,0.004225,0.047955,0.184457,0.138922,926331.75
7.5,VeryHigh,HRD1_major,0.48,0.236893,102.6875,0.004225,0.047955,0.184457,0.138922,926331.75
7.5,VeryHigh,HRD1_major,0.49,0.236893,102.6875,0.004225,0.047955,0.184457,0.138922,926331.75
7.5,VeryHigh,HRD1_major,0.5,0.236893,102.6875,0.004225,0.047955,0.184457,0.138922,926331.75
7.5,VeryHigh,HRD1_major,0.51,0.236893,102.6875,0.004225,0.047955,0.184457,0.138922,926331.75
7.5,VeryHigh,HRD1_major,0.52,0.236893,102.6875,0.004225,0.047955,0.184457,0.138922,926331.75
7.5,VeryHigh,HRD1_major,0.53,0.236893,102.6875,0.004225,0.047955,0.184457,0.138922,926331.75
7.5,VeryHigh,HRD1_major,0.54,0.236893,102.6875,0.004225,0.047955,0.184457,0.138922,926331.75
7.5,VeryHigh,HRD1_major,0.55,0.236893,102.6875,0.004225,0.047955,0.184457,0.138922,926331.75
7.5,VeryHigh,HRD1_major,0.56,0.236893,102.6875,0.004225,0.047955,0.184457,0.138922,926331.75
7.5,VeryHigh,HRD1_major,0.57,0.236893,102.6875,0.004225,0.047955,0.184457,0.138922,926331.75
7.5,VeryHigh,HRD1_major,0.58,0.236893,102.6875,0.004225,0.047955,0.184457,0.138922,926331.75
7.5,VeryHigh,HRD1_major,0.59,0.236893,102.6875,0.004225,0.047955,0.184457,0.138922,926331.75
7.5,VeryHigh,HRD1_major,0.6,0.236893,102.6875,0.004225,0.047955,0.184457,0.138922,926331.75
7.5,VeryHigh,HRD1_major,0.61,0.236893,102.6875,0.004225,0.047955,0.184457,0.138922,926331.75
7.5,VeryHigh,HRD1_major,0.62,0.236893,102.6875,0.004225,0.047955,0.184457,0.138922,926331.75
7.5,VeryHigh,HRD1_major,0.63,0.236893,102.6875,0.004225,0.047955,0.184457,0.138922,926331.75
7.5,VeryHigh,HRD1_major,0.64,0.236893,102.6875,0.004225,0.047955,0.184457,0.138922,926331.75
7.5,VeryHigh,HRD1_major,0.65,0.236893,102.6875,0.004225,0.047955,0.184457,0.138922,926331.75
7.5,VeryHigh,HRD1_major,0.66,0.236893,102.6875,0.004225,0.047955,0.184457,0.138922,926331.75
7.5,VeryHigh,HRD1_major,0.67,0.236893,102.6875,0.004225,0.047955,0.184457,0.138922,926331.75
7.5,VeryHigh,HRD1_major,0.68,0.236893,102.6875,0.004225,0.047955,0.184457,0.138922,926331.75
7.5,VeryHigh,HRD1_major,0.69,0.236893,102.6875,0.004225,0.047955,0.184457,0.138922,926331.75
7.5,VeryHigh,HRD1_major,0.7,0.236893,102.6875,0.004225,0.047955,0.184457,0.138922,926331.75
7.5,VeryHigh,HRD1_major,0.71,0.236893,102.6875,0.004225,0.047955,0.184457,0.138922,926331.75
7.5,VeryHigh,HRD1_major,0.72,0.236893,102.6875,0.004225,0.047955,0.184457,0.138922,926331.75
7.5,VeryHigh,HRD1_major,0.73,0.236893,102.6875,0.004225,0.047955,0.184457,0.138922,926331.75
7.5,VeryHigh,HRD1_major,0.74,0.236893,102.6875,0.004225,0.047955,0.184457,0.138922,926331.75
7.5,VeryHigh,HRD1_major,0.75,0.236893,102.6875,0.004225,0.047955,0.184457,0.138922,926331.75
7.5,VeryHigh,HRD1_major,0.76,0.236893,102.6875,0.004225,0.047955,0.184457,0.138922,926331.75
7.5,VeryHigh,HRD1_major,0.77,0.236893,102.6875,0.004225,0.047955,0.184457,0.138922,926331.75
7.5,VeryHigh,HRD1_major,0.78,0.236893,102.6875,0.004225,0.047955,0.184457,0.138922,926331.75
7.5,VeryHigh,HRD1_major,0.79,0.236893,102.6875,0.004225,0.047955,0.184457,0.138922,926331.75
7.5,VeryHigh,HRD1_major,0.8,0.236893,102.6875,0.004225,0.047955,0.184457,0.138922,926331.75
7.5,VeryHigh,HRD1_major,0.81,0.236893,102.6875,0.004225,0.047955,0.184457,0.138922,926331.75
7.5,VeryHigh,HRD1_major,0.82,0.236893,102.6875,0.004225,0.047955,0.184457,0.138922,926331.75
7.5,VeryHigh,HRD1_major,0.83,0.236893,102.6875,0.004225,0.047955,0.184457,0.138922,926331.75
7.5,VeryHigh,HRD1_major,0.84,0.236893,102.6875,0.004225,0.047955,0.184457,0.138922,926331.75
7.5,VeryHigh,HRD1_major,0.85,0.236893,102.6875,0.004225,0.047955,0.184457,0.138922,926331.75
7.5,VeryHigh,HRD1_major,0.86,0.236893,102.6875,0.004225,0.047955,0.184457,0.138922,926331.75
7.5,VeryHigh,HRD1_major,0.87,0.236893,102.6875,0.004225,0.047955,0.184457,0.138922,926331.75
7.5,VeryHigh,HRD1_major,0.88,0.236893,102.6875,0.004225,0.047955,0.184457,0.138922,926331.75
7.5,VeryHigh,HRD1_major,0.89,0.236893,102.6875,0.004225,0.047955,0.184457,0.138922,926331.75
7.5,VeryHigh,HRD1_major,0.9,0.236893,102.6875,0.004225,0.047955,0.184457,0.138922,926331.75
7.5,VeryHigh,HRD1_major,0.91,0.236893,102.6875,0.004225,0.047955,0.184457,0.138922,926331.75
7.5,VeryHigh,HRD1_major,0.92,0.236893,102.6875,0.004225,0.047955,0.184457,0.138922,926331.75
7.5,VeryHigh,HRD1_major,0.93,0.236893,102.6875,0.004225,0.047955,0.184457,0.138922,926331.75
7.5,VeryHigh,HRD1_major,0.94,0.236893,102.6875,0.004225,0.047955,0.184457,0.138922,926331.75
7.5,VeryHigh,HRD1_major,0.95,0.236893,102.6875,0.004225,0.047955,0.184457,0.138922,926331.75
7.5,VeryHigh,HRD1_major,0.96,0.236893,102.6875,0.004225,0.047955,0.184457,0.138922,926331.75
7.5,VeryHigh,HRD1_major,0.97,0.236893,102.6875,0.004225,0.047955,0.184457,0.138922,926331.75
7.5,VeryHigh,HRD1_major,0.98,0.236893,102.6875,0.004225,0.047955,0.184457,0.138922,926331.75
7.5,VeryHigh,HRD1_major,0.99,0.236893,102.6875,0.004225,0.047955,0.184457,0.138922,926331.75
7.5,VeryHigh,HRD1_major,1.0,0.236893,102.6875,0.004225,0.047955,0.184457,0.138922,926331.75
7.5,VeryHigh,HRD1_major,1.01,0.236893,102.6875,0.004225,0.047955,0.184457,0.138922,926331.75
7.5,VeryHigh,HRD1_major,1.02,0.236893,102.6875,0.004225,0.047955,0.184457,0.138922,926331.75
7.5,VeryHigh,HRD1_major,1.03,0.236893,102.6875,0.004225,0.047955,0.184457,0.138922,926331.75
7.5,VeryHigh,HRD1_major,1.04,0.236893,102.6875,0.004225,0.047955,0.184457,0.138922,926331.75
7.5,VeryHigh,HRD1_major,1.05,0.236893,102.6875,0.004225,0.047955,0.184457,0.138922,926331.75
7.5,VeryHigh,HRD1_major,1.06,0.236893,102.6875,0.004225,0.047955,0.184457,0.138922,926331.75
7.5,VeryHigh,HRD1_major,1.07,0.236893,102.6875,0.004225,0.047955,0.184457,0.138922,926331.75
7.5,VeryHigh,HRD1_major,1.08,0.236893,102.6875,0.004225,0.047955,0.184457,0.138922,926331.75
7.5,VeryHigh,HRD1_major,1.09,0.236893,102.6875,0.004225,0.047955,0.184457,0.138922,926331.75
7.5,VeryHigh,HRD1_major,1.1,0.236893,102.6875,0.004225,0.047955,0.184457,0.138922,926331.75
7.5,VeryHigh,HRD1_major,1.11,0.236893,102.6875,0.004225,0.047955,0.184457,0.138922,926331.75
7.5,VeryHigh,HRD1_major,1.12,0.236893,102.6875,0.004225,0.047955,0.184457,0.138922,926331.75
7.5,VeryHigh,HRD1_major,1.13,0.236893,102.6875,0.004225,0.047955,0.184457,0.138922,926331.75
7.5,VeryHigh,HRD1_major,1.14,0.236893,102.6875,0.004225,0.047955,0.184457,0.138922,926331.75
7.5,VeryHigh,HRD1_major,1.15,0.236893,102.6875,0.004225,0.047955,0.184457,0.138922,926331.75
7.5,VeryHigh,HRD1_major,1.16,0.236893,102.6875,0.004225,0.047955,0.184457,0.138922,926331.75
7.5,VeryHigh,HRD1_major,1.17,0.236893,102.6875,0.004225,0.047955,0.184457,0.138922,926331.75
7.5,VeryHigh,HRD1_major,1.18,0.236893,102.6875,0.004225,0.047955,0.184457,0.138922,926331.75
7.5,VeryHigh,HRD1_major,1.19,0.236893,102.6875,0.004225,0.047955,0.184457,0.138922,926331.75
7.5,VeryHigh,HRD1_major,1.2,0.236893,102.6875,0.004225,0.047955,0.184457,0.138922,926331.75
7.5,VeryHigh,HRD1_major,1.21,0.236893,102.6875,0.004225,0.047955,0.184457,0.138922,926331.75
7.5,VeryHigh,HRD1_major,1.22,0.236893,102.6875,0.004225,0.047955,0.184457,0.138922,926331.75
7.5,VeryHigh,HRD1_major,1.23,0.236893,102.6875,0.004225,0.047955,0.184457,0.138922,926331.75
7.5,VeryHigh,HRD1_major,1.24,0.236893,102.6875,0.004225,0.047955,0.184457,0.138922,926331.75
7.5,VeryHigh,HRD1_major,1.25,0.236893,102.6875,0.004225,0.047955,0.184457,0.138922,926331.75
7.5,VeryHigh,HRD1_major,1.26,0.236893,102.6875,0.004225,0.047955,0.184457,0.138922,926331.75
7.5,VeryHigh,HRD1_major,1.27,0.236893,102.6875,0.004225,0.047955,0.184457,0.138922,926331.75
7.5,VeryHigh,HRD1_major,1.28,0.236893,102.6875,0.004225,0.047955,0.184457,0.138922,926331.75
7.5,VeryHigh,HRD1_major,1.29,0.236893,102.6875,0.004225,0.047955,0.184457,0.138922,926331.75
7.5,VeryHigh,HRD1_major,1.3,0.236893,102.6875,0.004225,0.047955,0.184457,0.138922,926331.75
7.5,VeryHigh,HRD1_major,1.31,0.236893,102.6875,0.004225,0.047955,0.184457,0.138922,926331.75
7.5,VeryHigh,HRD1_major,1.32,0.236893,102.6875,0.004225,0.047955,0.184457,0.138922,926331.75
7.5,VeryHigh,HRD1_major,1.33,0.236893,102.6875,0.004225,0.047955,0.184457,0.138922,926331.75
7.5,VeryHigh,HRD1_major,1.34,0.236893,102.6875,0.004225,0.047955,0.184457,0.138922,926331.75
7.5,VeryHigh,HRD1_major,1.35,0.236893,102.6875,0.004225,0.047955,0.184457,0.138922,926331.75
7.5,VeryHigh,HRD1_major,1.36,0.236893,102.6875,0.004225,0.047955,0.184457,0.138922,926331.75
7.5,VeryHigh,HRD1_major,1.37,0.236893,102.6875,0.004225,0.047955,0.184457,0.138922,926331.75
7.5,VeryHigh,HRD1_major,1.38,0.236893,102.6875,0.004225,0.047955,0.184457,0.138922,926331.75
7.5,VeryHigh,HRD1_major,1.39,0.236893,102.6875,0.004225,0.047955,0.184457,0.138922,926331.75
7.5,VeryHigh,HRD1_major,1.4,0.236893,102.6875,0.004225,0.047955,0.184457,0.138922,926331.75
7.5,VeryHigh,HRD1_major,1.41,0.236893,102.6875,0.004225,0.047955,0.184457,0.138922,926331.75
7.5,VeryHigh,HRD1_major,1.42,0.236893,102.6875,0.004225,0.047955,0.184457,0.138922,926331.75
7.5,VeryHigh,HRD1_major,1.43,0.236893,102.6875,0.004225,0.047955,0.184457,0.138922,926331.75
7.5,VeryHigh,HRD1_major,1.44,0.236893,102.6875,0.004225,0.047955,0.184457,0.138922,926331.75
7.5,VeryHigh,HRD1_major,1.45,0.236893,102.6875,0.004225,0.047955,0.184457,0.138922,926331.75
7.5,VeryHigh,HRD1_major,1.46,0.236893,102.6875,0.004225,0.047955,0.184457,0.138922,926331.75
7.5,VeryHigh,HRD1_major,1.47,0.236893,102.6875,0.004225,0.047955,0.184457,0.138922,926331.75
7.5,VeryHigh,HRD1_major,1.48,0.236893,102.6875,0.004225,0.047955,0.184457,0.138922,926331.75
7.5,VeryHigh,HRD1_major,1.49,0.236893,102.6875,0.004225,0.047955,0.184457,0.138922,926331.75
7.5,VeryHigh,HRD1_major,1.5,0.236893,102.6875,0.004225,0.047955,0.184457,0.138922,926331.75
7.5,VeryHigh,HRD2_urban,0.0,0.0,0.0,0.0,0.0,0.0,0.0,0.0
7.5,VeryHigh,HRD2_urban,0.01,0.0,0.0,0.0,0.0,0.0,0.0,0.0
7.5,VeryHigh,HRD2_urban,0.02,0.0,0.0,0.0,0.0,0.0,0.0,0.0
7.5,VeryHigh,HRD2_urban,0.03,0.0,0.0,0.0,0.0,0.0,0.0,0.0
7.5,VeryHigh,HRD2_urban,0.04,0.0,0.0,0.0,0.0,0.0,0.0,0.0
7.5,VeryHigh,HRD2_urban,0.05,0.0,0.0,0.0,0.0,0.0,0.0,0.0
7.5,VeryHigh,HRD2_urban,0.06,0.0,0.0,0.0,0.0,0.0,0.0,0.0
7.5,VeryHigh,HRD2_urban,0.07,0.0,0.0,0.0,0.0,0.0,0.0,0.0
7.5,VeryHigh,HRD2_urban,0.08,0.0,0.0,0.0,0.0,0.0,0.0,0.0
7.5,VeryHigh,HRD2_urban,0.09,0.0,12.0,0.0,0.0,0.0,0.0,0.0
7.5,VeryHigh,HRD2_urban,0.1,0.021084,12.0,0.007147,0.007147,0.003395,0.004163,13880.37
7.5,VeryHigh,HRD2_urban,0.11,0.042617,12.0,0.014446,0.014446,0.006863,0.008415,28057.06
7.5,VeryHigh,HRD2_urban,0.12,0.064151,12.0,0.021745,0.021745,0.010331,0.012668,42233.75
7.5,VeryHigh,HRD2_urban,0.13,0.085684,12.0,0.029044,0.029044,0.013798,0.01692,56410.44
7.5,VeryHigh,HRD2_urban,0.14,0.107218,12.0,0.036343,0.036343,0.017266,0.021172,70587.14
7.5,VeryHigh,HRD2_urban,0.15,0.128752,12.0,0.043642,0.043642,0.020734,0.025424,84763.83
7.5,VeryHigh,HRD2_urban,0.16,0.150285,12.0,0.050941,0.050941,0.024201,0.029676,98940.52
7.5,VeryHigh,HRD2_urban,0.17,0.171819,12.0,0.05824,0.05824,0.027669,0.033928,113117.21
7.5,VeryHigh,HRD2_urban,0.18,0.193352,12.3225,0.064374,0.066638,0.03296,0.039618,132087.47
7.5,VeryHigh,HRD2_urban,0.19,0.214886,14.3763,0.062791,0.079462,0.049865,0.053937,179826.01
7.5,VeryHigh,HRD2_urban,0.2,0.23642,16.43,0.059507,0.089627,0.069539,0.069578,231972.78
7.5,VeryHigh,HRD2_urban,0.21,0.236893,18.4838,0.050834,0.089281,0.083989,0.07919,264018.81
7.5,VeryHigh,HRD2_urban,0.22,0.236893,20.5375,0.043106,0.086872,0.097584,0.087839,292854.72
7.5,VeryHigh,HRD2_urban,0.23,0.236893,22.5913,0.036467,0.08324,0.11029,0.095674,318977.96
7.5,VeryHigh,HRD2_urban,0.24,0.236893,24.645,0.030837,0.078871,0.122026,0.102734,342516.48
7.5,VeryHigh,HRD2_urban,0.25,0.236893,26.6988,0.026096,0.074116,0.132778,0.109073,363648.87
7.5,VeryHigh,HRD2_urban,0.26,0.236893,28.7525,0.022118,0.069222,0.142571,0.11475,382575.92
7.5,VeryHigh,HRD2_urban,0.27,0.236893,30.8063,0.018784,0.064355,0.151453,0.119827,399503.02
7.5,VeryHigh,HRD2_urban,0.28,0.236893,38.7931,0.01019,0.047263,0.178532,0.134934,449871.3
7.5,VeryHigh,HRD2_urban,0.29,0.236893,46.7799,0.005755,0.034164,0.196577,0.144725,482512.07
7.5,VeryHigh,HRD2_urban,0.3,0.236893,54.7667,0.003377,0.024691,0.208638,0.151153,503945.36
7.5,VeryHigh,HRD2_urban,0.31,0.236893,62.7535,0.002051,0.017958,0.21679,0.155447,518260.68
7.5,VeryHigh,HRD2_urban,0.32,0.236893,70.7403,0.001284,0.01318,0.22238,0.158366,527992.17
7.5,VeryHigh,HRD2_urban,0.33,0.236893,78.7271,0.000825,0.00977,0.22627,0.160384,534721.54
7.5,VeryHigh,HRD2_urban,0.34,0.236893,86.7139,0.000543,0.007316,0.229018,0.161803,539450.25
7.5,VeryHigh,HRD2_urban,0.35,0.236893,94.7007,0.000365,0.005534,0.230985,0.162814,542822.97
7.5,VeryHigh,HRD2_urban,0.36,0.236893,102.6875,0.00025,0.004225,0.232412,0.163546,545261.88
7.5,VeryHigh,HRD2_urban,0.37,0.236893,102.6875,0.00025,0.004225,0.232412,0.163546,545261.88
7.5,VeryHigh,HRD2_urban,0.38,0.236893,102.6875,0.00025,0.004225,0.232412,0.163546,545261.88
7.5,VeryHigh,HRD2_urban,0.39,0.236893,102.6875,0.00025,0.004225,0.232412,0.163546,545261.88
7.5,VeryHigh,HRD2_urban,0.4,0.236893,102.6875,0.00025,0.004225,0.232412,0.163546,545261.88
7.5,VeryHigh,HRD2_urban,0.41,0.236893,102.6875,0.00025,0.004225,0.232412,0.163546,545261.88
7.5,VeryHigh,HRD2_urban,0.42,0.236893,102.6875,0.00025,0.004225,0.232412,0.163546,545261.88
7.5,VeryHigh,HRD2_urban,0.43,0.236893,102.6875,0.00025,0.004225,0.232412,0.163546,545261.88
7.5,VeryHigh,HRD2_urban,0.44,0.236893,102.6875,0.00025,0.004225,0.232412,0.163546,545261.88
7.5,VeryHigh,HRD2_urban,0.45,0.236893,102.6875,0.00025,0.004225,0.232412,0.163546,545261.88
7.5,VeryHigh,HRD2_urban,0.46,0.236893,102.6875,0.00025,0.004225,0.232412,0.163546,545261.88
7.5,VeryHigh,HRD2_urban,0.47,0.236893,102.6875,0.00025,0.004225,0.232412,0.163546,545261.88
7.5,VeryHigh,HRD2_urban,0.48,0.236893,102.6875,0.00025,0.004225,0.232412,0.163546,545261.88
7.5,VeryHigh,HRD2_urban,0.49,0.236893,102.6875,0.00025,0.004225,0.232412,0.163546,545261.88
7.5,VeryHigh,HRD2_urban,0.5,0.236893,102.6875,0.00025,0.004225,0.232412,0.163546,545261.88
7.5,VeryHigh,HRD2_urban,0.51,0.236893,102.6875,0.00025,0.004225,0.232412,0.163546,545261.88
7.5,VeryHigh,HRD2_urban,0.52,0.236893,102.6875,0.00025,0.004225,0.232412,0.163546,545261.88
7.5,VeryHigh,HRD2_urban,0.53,0.236893,102.6875,0.00025,0.004225,0.232412,0.163546,545261.88
7.5,VeryHigh,HRD2_urban,0.54,0.236893,102.6875,0.00025,0.004225,0.232412,0.163546,545261.88
7.5,VeryHigh,HRD2_urban,0.55,0.236893,102.6875,0.00025,0.004225,0.232412,0.163546,545261.88
7.5,VeryHigh,HRD2_urban,0.56,0.236893,102.6875,0.00025,0.004225,0.232412,0.163546,545261.88
7.5,VeryHigh,HRD2_urban,0.57,0.236893,102.6875,0.00025,0.004225,0.232412,0.163546,545261.88
7.5,VeryHigh,HRD2_urban,0.58,0.236893,102.6875,0.00025,0.004225,0.232412,0.163546,545261.88
7.5,VeryHigh,HRD2_urban,0.59,0.236893,102.6875,0.00025,0.004225,0.232412,0.163546,545261.88
7.5,VeryHigh,HRD2_urban,0.6,0.236893,102.6875,0.00025,0.004225,0.232412,0.163546,545261.88
7.5,VeryHigh,HRD2_urban,0.61,0.236893,102.6875,0.00025,0.004225,0.232412,0.163546,545261.88
7.5,VeryHigh,HRD2_urban,0.62,0.236893,102.6875,0.00025,0.004225,0.232412,0.163546,545261.88
7.5,VeryHigh,HRD2_urban,0.63,0.236893,102.6875,0.00025,0.004225,0.232412,0.163546,545261.88
7.5,VeryHigh,HRD2_urban,0.64,0.236893,102.6875,0.00025,0.004225,0.232412,0.163546,545261.88
7.5,VeryHigh,HRD2_urban,0.65,0.236893,102.6875,0.00025,0.004225,0.232412,0.163546,545261.88
7.5,VeryHigh,HRD2_urban,0.66,0.236893,102.6875,0.00025,0.004225,0.232412,0.163546,545261.88
7.5,VeryHigh,HRD2_urban,0.67,0.236893,102.6875,0.00025,0.004225,0.232412,0.163546,545261.88
7.5,VeryHigh,HRD2_urban,0.68,0.236893,102.6875,0.00025,0.004225,0.232412,0.163546,545261.88
7.5,VeryHigh,HRD2_urban,0.69,0.236893,102.6875,0.00025,0.004225,0.232412,0.163546,545261.88
7.5,VeryHigh,HRD2_urban,0.7,0.236893,102.6875,0.00025,0.004225,0.232412,0.163546,545261.88
7.5,VeryHigh,HRD2_urban,0.71,0.236893,102.6875,0.00025,0.004225,0.232412,0.163546,545261.88
7.5,VeryHigh,HRD2_urban,0.72,0.236893,102.6875,0.00025,0.004225,0.232412,0.163546,545261.88
7.5,VeryHigh,HRD2_urban,0.73,0.236893,102.6875,0.00025,0.004225,0.232412,0.163546,545261.88
7.5,VeryHigh,HRD2_urban,0.74,0.236893,102.6875,0.00025,0.004225,0.232412,0.163546,545261.88
7.5,VeryHigh,HRD2_urban,0.75,0.236893,102.6875,0.00025,0.004225,0.232412,0.163546,545261.88
7.5,VeryHigh,HRD2_urban,0.76,0.236893,102.6875,0.00025,0.004225,0.232412,0.163546,545261.88
7.5,VeryHigh,HRD2_urban,0.77,0.236893,102.6875,0.00025,0.004225,0.232412,0.163546,545261.88
7.5,VeryHigh,HRD2_urban,0.78,0.236893,102.6875,0.00025,0.004225,0.232412,0.163546,545261.88
7.5,VeryHigh,HRD2_urban,0.79,0.236893,102.6875,0.00025,0.004225,0.232412,0.163546,545261.88
7.5,VeryHigh,HRD2_urban,0.8,0.236893,102.6875,0.00025,0.004225,0.232412,0.163546,545261.88
7.5,VeryHigh,HRD2_urban,0.81,0.236893,102.6875,0.00025,0.004225,0.232412,0.163546,545261.88
7.5,VeryHigh,HRD2_urban,0.82,0.236893,102.6875,0.00025,0.004225,0.232412,0.163546,545261.88
7.5,VeryHigh,HRD2_urban,0.83,0.236893,102.6875,0.00025,0.004225,0.232412,0.163546,545261.88
7.5,VeryHigh,HRD2_urban,0.84,0.236893,102.6875,0.00025,0.004225,0.232412,0.163546,545261.88
7.5,VeryHigh,HRD2_urban,0.85,0.236893,102.6875,0.00025,0.004225,0.232412,0.163546,545261.88
7.5,VeryHigh,HRD2_urban,0.86,0.236893,102.6875,0.00025,0.004225,0.232412,0.163546,545261.88
7.5,VeryHigh,HRD2_urban,0.87,0.236893,102.6875,0.00025,0.004225,0.232412,0.163546,545261.88
7.5,VeryHigh,HRD2_urban,0.88,0.236893,102.6875,0.00025,0.004225,0.232412,0.163546,545261.88
7.5,VeryHigh,HRD2_urban,0.89,0.236893,102.6875,0.00025,0.004225,0.232412,0.163546,545261.88
7.5,VeryHigh,HRD2_urban,0.9,0.236893,102.6875,0.00025,0.004225,0.232412,0.163546,545261.88
7.5,VeryHigh,HRD2_urban,0.91,0.236893,102.6875,0.00025,0.004225,0.232412,0.163546,545261.88
7.5,VeryHigh,HRD2_urban,0.92,0.236893,102.6875,0.00025,0.004225,0.232412,0.163546,545261.88
7.5,VeryHigh,HRD2_urban,0.93,0.236893,102.6875,0.00025,0.004225,0.232412,0.163546,545261.88
7.5,VeryHigh,HRD2_urban,0.94,0.236893,102.6875,0.00025,0.004225,0.232412,0.163546,545261.88
7.5,VeryHigh,HRD2_urban,0.95,0.236893,102.6875,0.00025,0.004225,0.232412,0.163546,545261.88
7.5,VeryHigh,HRD2_urban,0.96,0.236893,102.6875,0.00025,0.004225,0.232412,0.163546,545261.88
7.5,VeryHigh,HRD2_urban,0.97,0.236893,102.6875,0.00025,0.004225,0.232412,0.163546,545261.88
7.5,VeryHigh,HRD2_urban,0.98,0.236893,102.6875,0.00025,0.004225,0.232412,0.163546,545261.88
7.5,VeryHigh,HRD2_urban,0.99,0.236893,102.6875,0.00025,0.004225,0.232412,0.163546,545261.88
7.5,VeryHigh,HRD2_urban,1.0,0.236893,102.6875,0.00025,0.004225,0.232412,0.163546,545261.88
7.5,VeryHigh,HRD2_urban,1.01,0.236893,102.6875,0.00025,0.004225,0.232412,0.163546,545261.88
7.5,VeryHigh,HRD2_urban,1.02,0.236893,102.6875,0.00025,0.004225,0.232412,0.163546,545261.88
7.5,VeryHigh,HRD2_urban,1.03,0.236893,102.6875,0.00025,0.004225,0.232412,0.163546,545261.88
7.5,VeryHigh,HRD2_urban,1.04,0.236893,102.6875,0.00025,0.004225,0.232412,0.163546,545261.88
7.5,VeryHigh,HRD2_urban,1.05,0.236893,102.6875,0.00025,0.004225,0.232412,0.163546,545261.88
7.5,VeryHigh,HRD2_urban,1.06,0.236893,102.6875,0.00025,0.004225,0.232412,0.163546,545261.88
7.5,VeryHigh,HRD2_urban,1.07,0.236893,102.6875,0.00025,0.004225,0.232412,0.163546,545261.88
7.5,VeryHigh,HRD2_urban,1.08,0.236893,102.6875,0.00025,0.004225,0.232412,0.163546,545261.88
7.5,VeryHigh,HRD2_urban,1.09,0.236893,102.6875,0.00025,0.004225,0.232412,0.163546,545261.88
7.5,VeryHigh,HRD2_urban,1.1,0.236893,102.6875,0.00025,0.004225,0.232412,0.163546,545261.88
7.5,VeryHigh,HRD2_urban,1.11,0.236893,102.6875,0.00025,0.004225,0.232412,0.163546,545261.88
7.5,VeryHigh,HRD2_urban,1.12,0.236893,102.6875,0.00025,0.004225,0.232412,0.163546,545261.88
7.5,VeryHigh,HRD2_urban,1.13,0.236893,102.6875,0.00025,0.004225,0.232412,0.163546,545261.88
7.5,VeryHigh,HRD2_urban,1.14,0.236893,102.6875,0.00025,0.004225,0.232412,0.163546,545261.88
7.5,VeryHigh,HRD2_urban,1.15,0.236893,102.6875,0.00025,0.004225,0.232412,0.163546,545261.88
7.5,VeryHigh,HRD2_urban,1.16,0.236893,102.6875,0.00025,0.004225,0.232412,0.163546,545261.88
7.5,VeryHigh,HRD2_urban,1.17,0.236893,102.6875,0.00025,0.004225,0.232412,0.163546,545261.88
7.5,VeryHigh,HRD2_urban,1.18,0.236893,102.6875,0.00025,0.004225,0.232412,0.163546,545261.88
7.5,VeryHigh,HRD2_urban,1.19,0.236893,102.6875,0.00025,0.004225,0.232412,0.163546,545261.88
7.5,VeryHigh,HRD2_urban,1.2,0.236893,102.6875,0.00025,0.004225,0.232412,0.163546,545261.88
7.5,VeryHigh,HRD2_urban,1.21,0.236893,102.6875,0.00025,0.004225,0.232412,0.163546,545261.88
7.5,VeryHigh,HRD2_urban,1.22,0.236893,102.6875,0.00025,0.004225,0.232412,0.163546,545261.88
7.5,VeryHigh,HRD2_urban,1.23,0.236893,102.6875,0.00025,0.004225,0.232412,0.163546,545261.88
7.5,VeryHigh,HRD2_urban,1.24,0.236893,102.6875,0.00025,0.004225,0.232412,0.163546,545261.88
7.5,VeryHigh,HRD2_urban,1.25,0.236893,102.6875,0.00025,0.004225,0.232412,0.163546,545261.88
7.5,VeryHigh,HRD2_urban,1.26,0.236893,102.6875,0.00025,0.004225,0.232412,0.163546,545261.88
7.5,VeryHigh,HRD2_urban,1.27,0.236893,102.6875,0.00025,0.004225,0.232412,0.163546,545261.88
7.5,VeryHigh,HRD2_urban,1.28,0.236893,102.6875,0.00025,0.004225,0.232412,0.163546,545261.88
7.5,VeryHigh,HRD2_urban,1.29,0.236893,102.6875,0.00025,0.004225,0.232412,0.163546,545261.88
7.5,VeryHigh,HRD2_urban,1.3,0.236893,102.6875,0.00025,0.004225,0.232412,0.163546,545261.88
7.5,VeryHigh,HRD2_urban,1.31,0.236893,102.6875,0.00025,0.004225,0.232412,0.163546,545261.88
7.5,VeryHigh,HRD2_urban,1.32,0.236893,102.6875,0.00025,0.004225,0.232412,0.163546,545261.88
7.5,VeryHigh,HRD2_urban,1.33,0.236893,102.6875,0.00025,0.004225,0.232412,0.163546,545261.88
7.5,VeryHigh,HRD2_urban,1.34,0.236893,102.6875,0.00025,0.004225,0.232412,0.163546,545261.88
7.5,VeryHigh,HRD2_urban,1.35,0.236893,102.6875,0.00025,0.004225,0.232412,0.163546,545261.88
7.5,VeryHigh,HRD2_urban,1.36,0.236893,102.6875,0.00025,0.004225,0.232412,0.163546,545261.88
7.5,VeryHigh,HRD2_urban,1.37,0.236893,102.6875,0.00025,0.004225,0.232412,0.163546,545261.88
7.5,VeryHigh,HRD2_urban,1.38,0.236893,102.6875,0.00025,0.004225,0.232412,0.163546,545261.88
7.5,VeryHigh,HRD2_urban,1.39,0.236893,102.6875,0.00025,0.004225,0.232412,0.163546,545261.88
7.5,VeryHigh,HRD2_urban,1.4,0.236893,102.6875,0.00025,0.004225,0.232412,0.163546,545261.88
7.5,VeryHigh,HRD2_urban,1.41,0.236893,102.6875,0.00025,0.004225,0.232412,0.163546,545261.88
7.5,VeryHigh,HRD2_urban,1.42,0.236893,102.6875,0.00025,0.004225,0.232412,0.163546,545261.88
7.5,VeryHigh,HRD2_urban,1.43,0.236893,102.6875,0.00025,0.004225,0.232412,0.163546,545261.88
7.5,VeryHigh,HRD2_urban,1.44,0.236893,102.6875,0.00025,0.004225,0.232412,0.163546,545261.88
7.5,VeryHigh,HRD2_urban,1.45,0.236893,102.6875,0.00025,0.004225,0.232412,0.163546,545261.88
7.5,VeryHigh,HRD2_urban,1.46,0.236893,102.6875,0.00025,0.004225,0.232412,0.163546,545261.88
7.5,VeryHigh,HRD2_urban,1.47,0.236893,102.6875,0.00025,0.004225,0.232412,0.163546,545261.88
7.5,VeryHigh,HRD2_urban,1.48,0.236893,102.6875,0.00025,0.004225,0.232412,0.163546,545261.88
7.5,VeryHigh,HRD2_urban,1.49,0.236893,102.6875,0.00025,0.004225,0.232412,0.163546,545261.88
7.5,VeryHigh,HRD2_urban,1.5,0.236893,102.6875,0.00025,0.004225,0.232412,0.163546,545261.88
7.5,High,HRD1_major,0.0,0.0,0.0,0.0,0.0,0.0,0.0,0.0
7.5,High,HRD1_major,0.01,0.0,0.0,0.0,0.0,0.0,0.0,0.0
7.5,High,HRD1_major,0.02,0.0,0.0,0.0,0.0,0.0,0.0,0.0
7.5,High,HRD1_major,0.03,0.0,0.0,0.0,0.0,0.0,0.0,0.0
7.5,High,HRD1_major,0.04,0.0,0.0,0.0,0.0,0.0,0.0,0.0
7.5,High,HRD1_major,0.05,0.0,0.0,0.0,0.0,0.0,0.0,0.0
7.5,High,HRD1_major,0.06,0.0,0.0,0.0,0.0,0.0,0.0,0.0
7.5,High,HRD1_major,0.07,0.0,0.0,0.0,0.0,0.0,0.0,0.0
7.5,High,HRD1_major,0.08,0.0,0.0,0.0,0.0,0.0,0.0,0.0
7.5,High,HRD1_major,0.09,0.0,0.0,0.0,0.0,0.0,0.0,0.0
7.5,High,HRD1_major,0.1,0.0,0.0,0.0,0.0,0.0,0.0,0.0
7.5,High,HRD1_major,0.11,0.0,0.0,0.0,0.0,0.0,0.0,0.0
7.5,High,HRD1_major,0.12,7.6e-05,6.0,1e-05,2e-06,0.0,1e-06,6.0
7.5,High,HRD1_major,0.13,0.014612,6.0,0.002005,0.000341,7e-06,0.000174,1157.18
7.5,High,HRD1_major,0.14,0.029147,6.0,0.003999,0.00068,1.5e-05,0.000346,2308.35
7.5,High,HRD1_major,0.15,0.043683,6.0,0.005994,0.001019,2.2e-05,0.000519,3459.52
7.5,High,HRD1_major,0.16,0.058219,6.0,0.007988,0.001358,2.9e-05,0.000691,4610.7
7.5,High,HRD1_major,0.17,0.072755,6.0,0.009982,0.001697,3.7e-05,0.000864,5761.87
7.5,High,HRD1_major,0.18,0.08729,6.1613,0.012607,0.002223,5e-05,0.00111,7401.22
7.5,High,HRD1_major,0.19,0.101826,7.1881,0.019301,0.004204,0.000124,0.001893,12620.27
7.5,High,HRD1_major,0.2,0.116362,8.215,0.026917,0.007047,0.000262,0.002939,19595.32
7.5,High,HRD1_major,0.21,0.130898,9.2419,0.0351,0.010816,0.000493,0.004263,28427.62
7.5,High,HRD1_major,0.22,0.145434,10.2688,0.043532,0.015528,0.000849,0.005877,39184.52
7.5,High,HRD1_major,0.23,0.159969,11.2956,0.051949,0.021164,0.001364,0.007785,51909.36
7.5,High,HRD1_major,0.24,0.174505,12.3225,0.060142,0.027676,0.002071,0.009992,66628.31
7.5,High,HRD1_major,0.25,0.189041,13.8628,0.06903,0.037492,0.003435,0.013355,89049.2
7.5,High,HRD1_major,0.26,0.189515,15.4031,0.071284,0.044944,0.004934,0.016007,106734.17
7.5,High,HRD1_major,0.27,0.189515,16.9434,0.071916,0.051932,0.006714,0.018682,124573.86
7.5,High,HRD1_major,0.28,0.189515,18.4838,0.071425,0.058421,0.00877,0.021394,142658.45
7.5,High,HRD1_major,0.29,0.189515,20.0241,0.070089,0.06433,0.011081,0.024127,160881.4
7.5,High,HRD1_major,0.3,0.189515,21.5644,0.06814,0.06962,0.013624,0.026868,179155.28
7.5,High,HRD1_major,0.31,0.189515,23.1047,0.06576,0.07428,0.016373,0.029605,197407.01
7.5,High,HRD1_major,0.32,0.189515,24.645,0.063096,0.07832,0.019301,0.03233,215574.65
7.5,High,HRD1_major,0.33,0.189515,26.1853,0.060261,0.081762,0.022383,0.035034,233605.33
7.5,High,HRD1_major,0.34,0.189515,27.7256,0.057339,0.08464,0.025594,0.037711,251453.74
7.5,High,HRD1_major,0.35,0.189515,29.2659,0.054398,0.086991,0.028909,0.040354,269081.05
7.5,High,HRD1_major,0.36,0.189515,30.8063,0.051484,0.088856,0.032306,0.04296,286454.17
7.5,High,HRD1_major,0.37,0.189515,36.7964,0.040944,0.092255,0.045945,0.05266,351134.67
7.5,High,HRD1_major,0.38,0.189515,42.7865,0.032169,0.091166,0.059609,0.061568,410535.89
7.5,High,HRD1_major,0.39,0.189515,48.7766,0.025192,0.087334,0.072712,0.069625,464256.28
7.5,High,HRD1_major,0.4,0.189515,54.7667,0.019753,0.081982,0.084928,0.076834,512327.2
7.5,High,HRD1_major,0.41,0.189515,60.7568,0.015545,0.075917,0.096111,0.083238,555033.08
7.5,High,HRD1_major,0.42,0.189515,66.7469,0.012293,0.069651,0.106223,0.088901,592790.18
7.5,High,HRD1_major,0.43,0.189515,72.737,0.009774,0.063498,0.11529,0.093892,626069.07
7.5,High,HRD1_major,0.44,0.189515,78.7271,0.007816,0.057639,0.123377,0.098282,655347.35
7.5,High,HRD1_major,0.45,0.189515,84.7172,0.006286,0.05217,0.130562,0.102142,681082.67
7.5,High,HRD1_major,0.46,0.189515,90.7073,0.005084,0.047132,0.136933,0.105534,703698.65
7.5,High,HRD1_major,0.47,0.189515,96.6974,0.004135,0.042534,0.142574,0.108515,723578.83
7.5,High,HRD1_major,0.48,0.189515,102.6875,0.00338,0.038364,0.147565,0.111138,741065.4
7.5,High,HRD1_major,0.49,0.189515,102.6875,0.00338,0.038364,0.147565,0.111138,741065.4
7.5,High,HRD1_major,0.5,0.189515,102.6875,0.00338,0.038364,0.147565,0.111138,741065.4
7.5,High,HRD1_major,0.51,0.189515,102.6875,0.00338,0.038364,0.147565,0.111138,741065.4
7.5,High,HRD1_major,0.52,0.189515,102.6875,0.00338,0.038364,0.147565,0.111138,741065.4
7.5,High,HRD1_major,0.53,0.189515,102.6875,0.00338,0.038364,0.147565,0.111138,741065.4
7.5,High,HRD1_major,0.54,0.189515,102.6875,0.00338,0.038364,0.147565,0.111138,741065.4
7.5,High,HRD1_major,0.55,0.189515,102.6875,0.00338,0.038364,0.147565,0.111138,741065.4
7.5,High,HRD1_major,0.56,0.189515,102.6875,0.00338,0.038364,0.147565,0.111138,741065.4
7.5,High,HRD1_major,0.57,0.189515,102.6875,0.00338,0.038364,0.147565,0.111138,741065.4
7.5,High,HRD1_major,0.58,0.189515,102.6875,0.00338,0.038364,0.147565,0.111138,741065.4
7.5,High,HRD1_major,0.59,0.189515,102.6875,0.00338,0.038364,0.147565,0.111138,741065.4
7.5,High,HRD1_major,0.6,0.189515,102.6875,0.00338,0.038364,0.147565,0.111138,741065.4
7.5,High,HRD1_major,0.61,0.189515,102.6875,0.00338,0.038364,0.147565,0.111138,741065.4
7.5,High,HRD1_major,0.62,0.189515,102.6875,0.00338,0.038364,0.147565,0.111138,741065.4
7.5,High,HRD1_major,0.63,0.189515,102.6875,0.00338,0.038364,0.147565,0.111138,741065.4
7.5,High,HRD1_major,0.64,0.189515,102.6875,0.00338,0.038364,0.147565,0.111138,741065.4
7.5,High,HRD1_major,0.65,0.189515,102.6875,0.00338,0.038364,0.147565,0.111138,741065.4
7.5,High,HRD1_major,0.66,0.189515,102.6875,0.00338,0.038364,0.147565,0.111138,741065.4
7.5,High,HRD1_major,0.67,0.189515,102.6875,0.00338,0.038364,0.147565,0.111138,741065.4
7.5,High,HRD1_major,0.68,0.189515,102.6875,0.00338,0.038364,0.147565,0.111138,741065.4
7.5,High,HRD1_major,0.69,0.189515,102.6875,0.00338,0.038364,0.147565,0.111138,741065.4
7.5,High,HRD1_major,0.7,0.189515,102.6875,0.00338,0.038364,0.147565,0.111138,741065.4
7.5,High,HRD1_major,0.71,0.189515,102.6875,0.00338,0.038364,0.147565,0.111138,741065.4
7.5,High,HRD1_major,0.72,0.189515,102.6875,0.00338,0.038364,0.147565,0.111138,741065.4
7.5,High,HRD1_major,0.73,0.189515,102.6875,0.00338,0.038364,0.147565,0.111138,741065.4
7.5,High,HRD1_major,0.74,0.189515,102.6875,0.00338,0.038364,0.147565,0.111138,741065.4
7.5,High,HRD1_major,0.75,0.189515,102.6875,0.00338,0.038364,0.147565,0.111138,741065.4
7.5,High,HRD1_major,0.76,0.189515,102.6875,0.00338,0.038364,0.147565,0.111138,741065.4
7.5,High,HRD1_major,0.77,0.189515,102.6875,0.00338,0.038364,0.147565,0.111138,741065.4
7.5,High,HRD1_major,0.78,0.189515,102.6875,0.00338,0.038364,0.147565,0.111138,741065.4
7.5,High,HRD1_major,0.79,0.189515,102.6875,0.00338,0.038364,0.147565,0.111138,741065.4
7.5,High,HRD1_major,0.8,0.189515,102.6875,0.00338,0.038364,0.147565,0.111138,741065.4
7.5,High,HRD1_major,0.81,0.189515,102.6875,0.00338,0.038364,0.147565,0.111138,741065.4
7.5,High,HRD1_major,0.82,0.189515,102.6875,0.00338,0.038364,0.147565,0.111138,741065.4
7.5,High,HRD1_major,0.83,0.189515,102.6875,0.00338,0.038364,0.147565,0.111138,741065.4
7.5,High,HRD1_major,0.84,0.189515,102.6875,0.00338,0.038364,0.147565,0.111138,741065.4
7.5,High,HRD1_major,0.85,0.189515,102.6875,0.00338,0.038364,0.147565,0.111138,741065.4
7.5,High,HRD1_major,0.86,0.189515,102.6875,0.00338,0.038364,0.147565,0.111138,741065.4
7.5,High,HRD1_major,0.87,0.189515,102.6875,0.00338,0.038364,0.147565,0.111138,741065.4
7.5,High,HRD1_major,0.88,0.189515,102.6875,0.00338,0.038364,0.147565,0.111138,741065.4
7.5,High,HRD1_major,0.89,0.189515,102.6875,0.00338,0.038364,0.147565,0.111138,741065.4
7.5,High,HRD1_major,0.9,0.189515,102.6875,0.00338,0.038364,0.147565,0.111138,741065.4
7.5,High,HRD1_major,0.91,0.189515,102.6875,0.00338,0.038364,0.147565,0.111138,741065.4
7.5,High,HRD1_major,0.92,0.189515,102.6875,0.00338,0.038364,0.147565,0.111138,741065.4
7.5,High,HRD1_major,0.93,0.189515,102.6875,0.00338,0.038364,0.147565,0.111138,741065.4
7.5,High,HRD1_major,0.94,0.189515,102.6875,0.00338,0.038364,0.147565,0.111138,741065.4
7.5,High,HRD1_major,0.95,0.189515,102.6875,0.00338,0.038364,0.147565,0.111138,741065.4
7.5,High,HRD1_major,0.96,0.189515,102.6875,0.00338,0.038364,0.147565,0.111138,741065.4
7.5,High,HRD1_major,0.97,0.189515,102.6875,0.00338,0.038364,0.147565,0.111138,741065.4
7.5,High,HRD1_major,0.98,0.189515,102.6875,0.00338,0.038364,0.147565,0.111138,741065.4
7.5,High,HRD1_major,0.99,0.189515,102.6875,0.00338,0.038364,0.147565,0.111138,741065.4
7.5,High,HRD1_major,1.0,0.189515,102.6875,0.00338,0.038364,0.147565,0.111138,741065.4
7.5,High,HRD1_major,1.01,0.189515,102.6875,0.00338,0.038364,0.147565,0.111138,741065.4
7.5,High,HRD1_major,1.02,0.189515,102.6875,0.00338,0.038364,0.147565,0.111138,741065.4
7.5,High,HRD1_major,1.03,0.189515,102.6875,0.00338,0.038364,0.147565,0.111138,741065.4
7.5,High,HRD1_major,1.04,0.189515,102.6875,0.00338,0.038364,0.147565,0.111138,741065.4
7.5,High,HRD1_major,1.05,0.189515,102.6875,0.00338,0.038364,0.147565,0.111138,741065.4
7.5,High,HRD1_major,1.06,0.189515,102.6875,0.00338,0.038364,0.147565,0.111138,741065.4
7.5,High,HRD1_major,1.07,0.189515,102.6875,0.00338,0.038364,0.147565,0.111138,741065.4
7.5,High,HRD1_major,1.08,0.189515,102.6875,0.00338,0.038364,0.147565,0.111138,741065.4
7.5,High,HRD1_major,1.09,0.189515,102.6875,0.00338,0.038364,0.147565,0.111138,741065.4
7.5,High,HRD1_major,1.1,0.189515,102.6875,0.00338,0.038364,0.147565,0.111138,741065.4
7.5,High,HRD1_major,1.11,0.189515,102.6875,0.00338,0.038364,0.147565,0.111138,741065.4
7.5,High,HRD1_major,1.12,0.189515,102.6875,0.00338,0.038364,0.147565,0.111138,741065.4
7.5,High,HRD1_major,1.13,0.189515,102.6875,0.00338,0.038364,0.147565,0.111138,741065.4
7.5,High,HRD1_major,1.14,0.189515,102.6875,0.00338,0.038364,0.147565,0.111138,741065.4
7.5,High,HRD1_major,1.15,0.189515,102.6875,0.00338,0.038364,0.147565,0.111138,741065.4
7.5,High,HRD1_major,1.16,0.189515,102.6875,0.00338,0.038364,0.147565,0.111138,741065.4
7.5,High,HRD1_major,1.17,0.189515,102.6875,0.00338,0.038364,0.147565,0.111138,741065.4
7.5,High,HRD1_major,1.18,0.189515,102.6875,0.00338,0.038364,0.147565,0.111138,741065.4
7.5,High,HRD1_major,1.19,0.189515,102.6875,0.00338,0.038364,0.147565,0.111138,741065.4
7.5,High,HRD1_major,1.2,0.189515,102.6875,0.00338,0.038364,0.147565,0.111138,741065.4
7.5,High,HRD1_major,1.21,0.189515,102.6875,0.00338,0.038364,0.147565,0.111138,741065.4
7.5,High,HRD1_major,1.22,0.189515,102.6875,0.00338,0.038364,0.147565,0.111138,741065.4
7.5,High,HRD1_major,1.23,0.189515,102.6875,0.00338,0.038364,0.147565,0.111138,741065.4
7.5,High,HRD1_major,1.24,0.189515,102.6875,0.00338,0.038364,0.147565,0.111138,741065.4
7.5,High,HRD1_major,1.25,0.189515,102.6875,0.00338,0.038364,0.147565,0.111138,741065.4
7.5,High,HRD1_major,1.26,0.189515,102.6875,0.00338,0.038364,0.147565,0.111138,741065.4
7.5,High,HRD1_major,1.27,0.189515,102.6875,0.00338,0.038364,0.147565,0.111138,741065.4
7.5,High,HRD1_major,1.28,0.189515,102.6875,0.00338,0.038364,0.147565,0.111138,741065.4
7.5,High,HRD1_major,1.29,0.189515,102.6875,0.00338,0.038364,0.147565,0.111138,741065.4
7.5,High,HRD1_major,1.3,0.189515,102.6875,0.00338,0.038364,0.147565,0.111138,741065.4
7.5,High,HRD1_major,1.31,0.189515,102.6875,0.00338,0.038364,0.147565,0.111138,741065.4
7.5,High,HRD1_major,1.32,0.189515,102.6875,0.00338,0.038364,0.147565,0.111138,741065.4
7.5,High,HRD1_major,1.33,0.189515,102.6875,0.00338,0.038364,0.147565,0.111138,741065.4
7.5,High,HRD1_major,1.34,0.189515,102.6875,0.00338,0.038364,0.147565,0.111138,741065.4
7.5,High,HRD1_major,1.35,0.189515,102.6875,0.00338,0.038364,0.147565,0.111138,741065.4
7.5,High,HRD1_major,1.36,0.189515,102.6875,0.00338,0.038364,0.147565,0.111138,741065.4
7.5,High,HRD1_major,1.37,0.189515,102.6875,0.00338,0.038364,0.147565,0.111138,741065.4
7.5,High,HRD1_major,1.38,0.189515,102.6875,0.00338,0.038364,0.147565,0.111138,741065.4
7.5,High,HRD1_major,1.39,0.189515,102.6875,0.00338,0.038364,0.147565,0.111138,741065.4
7.5,High,HRD1_major,1.4,0.189515,102.6875,0.00338,0.038364,0.147565,0.111138,741065.4
7.5,High,HRD1_major,1.41,0.189515,102.6875,0.00338,0.038364,0.147565,0.111138,741065.4
7.5,High,HRD1_major,1.42,0.189515,102.6875,0.00338,0.038364,0.147565,0.111138,741065.4
7.5,High,HRD1_major,1.43,0.189515,102.6875,0.00338,0.038364,0.147565,0.111138,741065.4
7.5,High,HRD1_major,1.44,0.189515,102.6875,0.00338,0.038364,0.147565,0.111138,741065.4
7.5,High,HRD1_major,1.45,0.189515,102.6875,0.00338,0.038364,0.147565,0.111138,741065.4
7.5,High,HRD1_major,1.46,0.189515,102.6875,0.00338,0.038364,0.147565,0.111138,741065.4
7.5,High,HRD1_major,1.47,0.189515,102.6875,0.00338,0.038364,0.147565,0.111138,741065.4
7.5,High,HRD1_major,1.48,0.189515,102.6875,0.00338,0.038364,0.147565,0.111138,741065.4
7.5,High,HRD1_major,1.49,0.189515,102.6875,0.00338,0.038364,0.147565,0.111138,741065.4
7.5,High,HRD1_major,1.5,0.189515,102.6875,0.00338,0.038364,0.147565,0.111138,741065.4
7.5,High,HRD2_urban,0.0,0.0,0.0,0.0,0.0,0.0,0.0,0.0
7.5,High,HRD2_urban,0.01,0.0,0.0,0.0,0.0,0.0,0.0,0.0
7.5,High,HRD2_urban,0.02,0.0,0.0,0.0,0.0,0.0,0.0,0.0
7.5,High,HRD2_urban,0.03,0.0,0.0,0.0,0.0,0.0,0.0,0.0
7.5,High,HRD2_urban,0.04,0.0,0.0,0.0,0.0,0.0,0.0,0.0
7.5,High,HRD2_urban,0.05,0.0,0.0,0.0,0.0,0.0,0.0,0.0
7.5,High,HRD2_urban,0.06,0.0,0.0,0.0,0.0,0.0,0.0,0.0
7.5,High,HRD2_urban,0.07,0.0,0.0,0.0,0.0,0.0,0.0,0.0
7.5,High,HRD2_urban,0.08,0.0,0.0,0.0,0.0,0.0,0.0,0.0
7.5,High,HRD2_urban,0.09,0.0,0.0,0.0,0.0,0.0,0.0,0.0
7.5,High,HRD2_urban,0.1,0.0,0.0,0.0,0.0,0.0,0.0,0.0
7.5,High,HRD2_urban,0.11,0.0,0.0,0.0,0.0,0.0,0.0,0.0
7.5,High,HRD2_urban,0.12,7.6e-05,6.0,2.6e-05,1e-05,2e-06,5e-06,15.43
7.5,High,HRD2_urban,0.13,0.014612,6.0,0.004953,0.002005,0.000348,0.000892,2975.0
7.5,High,HRD2_urban,0.14,0.029147,6.0,0.00988,0.003999,0.000695,0.00178,5934.56
7.5,High,HRD2_urban,0.15,0.043683,6.0,0.014807,0.005994,0.001041,0.002668,8894.13
7.5,High,HRD2_urban,0.16,0.058219,6.0,0.019734,0.007988,0.001387,0.003555,11853.69
7.5,High,HRD2_urban,0.17,0.072755,6.0,0.024661,0.009982,0.001734,0.004443,14813.25
7.5,High,HRD2_urban,0.18,0.08729,6.1613,0.030084,0.012607,0.002273,0.005617,18725.69
7.5,High,HRD2_urban,0.19,0.101826,7.1881,0.037654,0.019301,0.004328,0.008773,29247.76
7.5,High,HRD2_urban,0.2,0.116362,8.215,0.044113,0.026917,0.007309,0.012706,42360.15
7.5,High,HRD2_urban,0.21,0.130898,9.2419,0.049333,0.0351,0.011309,0.017403,58020.91
7.5,High,HRD2_urban,0.22,0.145434,10.2688,0.053333,0.043532,0.016377,0.022837,76137.9
7.5,High,HRD2_urban,0.23,0.159969,11.2956,0.05621,0.051949,0.022527,0.02897,96584.5
7.5,High,HRD2_urban,0.24,0.174505,12.3225,0.058099,0.060142,0.029747,0.035756,119212.1
7.5,High,HRD2_urban,0.25,0.189041,13.8628,0.057196,0.06903,0.040928,0.045315,151080.98
7.5,High,HRD2_urban,0.26,0.189515,15.4031,0.051484,0.071284,0.049878,0.051746,172519.83
7.5,High,HRD2_urban,0.27,0.189515,16.9434,0.04587,0.071916,0.058647,0.057729,192469.4
7.5,High,HRD2_urban,0.28,0.189515,18.4838,0.040667,0.071425,0.067191,0.063352,211215.05
7.5,High,HRD2_urban,0.29,0.189515,20.0241,0.035948,0.070089,0.075411,0.068603,228722.71
7.5,High,HRD2_urban,0.3,0.189515,21.5644,0.031723,0.06814,0.083244,0.073485,244999.24
7.5,High,HRD2_urban,0.31,0.189515,23.1047,0.027976,0.06576,0.090653,0.078008,260078.83
7.5,High,HRD2_urban,0.32,0.189515,24.645,0.02467,0.063096,0.097621,0.082188,274013.19
7.5,High,HRD2_urban,0.33,0.189515,26.1853,0.021764,0.060261,0.104145,0.086042,286864.44
7.5,High,HRD2_urban,0.34,0.189515,27.7256,0.019215,0.057339,0.110234,0.089592,298700.15
7.5,High,HRD2_urban,0.35,0.189515,29.2659,0.016982,0.054398,0.1159,0.092858,309589.79
7.5,High,HRD2_urban,0.36,0.189515,30.8063,0.015027,0.051484,0.121162,0.095862,319602.41
7.5,High,HRD2_urban,0.37,0.189515,36.7964,0.009463,0.040944,0.1382,0.105402,351410.74
7.5,High,HRD2_urban,0.38,0.189515,42.7865,0.006096,0.032169,0.150775,0.112281,374345.15
7.5,High,HRD2_urban,0.39,0.189515,48.7766,0.004016,0.025192,0.160046,0.117271,390981.93
7.5,High,HRD2_urban,0.4,0.189515,54.7667,0.002702,0.019753,0.16691,0.120923,403156.29
7.5,High,HRD2_urban,0.41,0.189515,60.7568,0.001853,0.015545,0.172028,0.123621,412152.49
7.5,High,HRD2_urban,0.42,0.189515,66.7469,0.001294,0.012293,0.175874,0.125635,418866.79
7.5,High,HRD2_urban,0.43,0.189515,72.737,0.000917,0.009774,0.178789,0.127153,423927.24
7.5,High,HRD2_urban,0.44,0.189515,78.7271,0.00066,0.007816,0.181016,0.128308,427777.23
7.5,High,HRD2_urban,0.45,0.189515,84.7172,0.000482,0.006286,0.182732,0.129194,430732.62
7.5,High,HRD2_urban,0.46,0.189515,90.7073,0.000356,0.005084,0.184065,0.12988,433020.52
7.5,High,HRD2_urban,0.47,0.189515,96.6974,0.000265,0.004135,0.185108,0.130416,434805.86
7.5,High,HRD2_urban,0.48,0.189515,102.6875,0.0002,0.00338,0.185929,0.130837,436209.5
7.5,High,HRD2_urban,0.49,0.189515,102.6875,0.0002,0.00338,0.185929,0.130837,436209.5
7.5,High,HRD2_urban,0.5,0.189515,102.6875,0.0002,0.00338,0.185929,0.130837,436209.5
7.5,High,HRD2_urban,0.51,0.189515,102.6875,0.0002,0.00338,0.185929,0.130837,436209.5
7.5,High,HRD2_urban,0.52,0.189515,102.6875,0.0002,0.00338,0.185929,0.130837,436209.5
7.5,High,HRD2_urban,0.53,0.189515,102.6875,0.0002,0.00338,0.185929,0.130837,436209.5
7.5,High,HRD2_urban,0.54,0.189515,102.6875,0.0002,0.00338,0.185929,0.130837,436209.5
7.5,High,HRD2_urban,0.55,0.189515,102.6875,0.0002,0.00338,0.185929,0.130837,436209.5
7.5,High,HRD2_urban,0.56,0.189515,102.6875,0.0002,0.00338,0.185929,0.130837,436209.5
7.5,High,HRD2_urban,0.57,0.189515,102.6875,0.0002,0.00338,0.185929,0.130837,436209.5
7.5,High,HRD2_urban,0.58,0.189515,102.6875,0.0002,0.00338,0.185929,0.130837,436209.5
7.5,High,HRD2_urban,0.59,0.189515,102.6875,0.0002,0.00338,0.185929,0.130837,436209.5
7.5,High,HRD2_urban,0.6,0.189515,102.6875,0.0002,0.00338,0.185929,0.130837,436209.5
7.5,High,HRD2_urban,0.61,0.189515,102.6875,0.0002,0.00338,0.185929,0.130837,436209.5
7.5,High,HRD2_urban,0.62,0.189515,102.6875,0.0002,0.00338,0.185929,0.130837,436209.5
7.5,High,HRD2_urban,0.63,0.189515,102.6875,0.0002,0.00338,0.185929,0.130837,436209.5
7.5,High,HRD2_urban,0.64,0.189515,102.6875,0.0002,0.00338,0.185929,0.130837,436209.5
7.5,High,HRD2_urban,0.65,0.189515,102.6875,0.0002,0.00338,0.185929,0.130837,436209.5
7.5,High,HRD2_urban,0.66,0.189515,102.6875,0.0002,0.00338,0.185929,0.130837,436209.5
7.5,High,HRD2_urban,0.67,0.189515,102.6875,0.0002,0.00338,0.185929,0.130837,436209.5
7.5,High,HRD2_urban,0.68,0.189515,102.6875,0.0002,0.00338,0.185929,0.130837,436209.5
7.5,High,HRD2_urban,0.69,0.189515,102.6875,0.0002,0.00338,0.185929,0.130837,436209.5
7.5,High,HRD2_urban,0.7,0.189515,102.6875,0.0002,0.00338,0.185929,0.130837,436209.5
7.5,High,HRD2_urban,0.71,0.189515,102.6875,0.0002,0.00338,0.185929,0.130837,436209.5
7.5,High,HRD2_urban,0.72,0.189515,102.6875,0.0002,0.00338,0.185929,0.130837,436209.5
7.5,High,HRD2_urban,0.73,0.189515,102.6875,0.0002,0.00338,0.185929,0.130837,436209.5
7.5,High,HRD2_urban,0.74,0.189515,102.6875,0.0002,0.00338,0.185929,0.130837,436209.5
7.5,High,HRD2_urban,0.75,0.189515,102.6875,0.0002,0.00338,0.185929,0.130837,436209.5
7.5,High,HRD2_urban,0.76,0.189515,102.6875,0.0002,0.00338,0.185929,0.130837,436209.5
7.5,High,HRD2_urban,0.77,0.189515,102.6875,0.0002,0.00338,0.185929,0.130837,436209.5
7.5,High,HRD2_urban,0.78,0.189515,102.6875,0.0002,0.00338,0.185929,0.130837,436209.5
7.5,High,HRD2_urban,0.79,0.189515,102.6875,0.0002,0.00338,0.185929,0.130837,436209.5
7.5,High,HRD2_urban,0.8,0.189515,102.6875,0.0002,0.00338,0.185929,0.130837,436209.5
7.5,High,HRD2_urban,0.81,0.189515,102.6875,0.0002,0.00338,0.185929,0.130837,436209.5
7.5,High,HRD2_urban,0.82,0.189515,102.6875,0.0002,0.00338,0.185929,0.130837,436209.5
7.5,High,HRD2_urban,0.83,0.189515,102.6875,0.0002,0.00338,0.185929,0.130837,436209.5
7.5,High,HRD2_urban,0.84,0.189515,102.6875,0.0002,0.00338,0.185929,0.130837,436209.5
7.5,High,HRD2_urban,0.85,0.189515,102.6875,0.0002,0.00338,0.185929,0.130837,436209.5
7.5,High,HRD2_urban,0.86,0.189515,102.6875,0.0002,0.00338,0.185929,0.130837,436209.5
7.5,High,HRD2_urban,0.87,0.189515,102.6875,0.0002,0.00338,0.185929,0.130837,436209.5
7.5,High,HRD2_urban,0.88,0.189515,102.6875,0.0002,0.00338,0.185929,0.130837,436209.5
7.5,High,HRD2_urban,0.89,0.189515,102.6875,0.0002,0.00338,0.185929,0.130837,436209.5
7.5,High,HRD2_urban,0.9,0.189515,102.6875,0.0002,0.00338,0.185929,0.130837,436209.5
7.5,High,HRD2_urban,0.91,0.189515,102.6875,0.0002,0.00338,0.185929,0.130837,436209.5
7.5,High,HRD2_urban,0.92,0.189515,102.6875,0.0002,0.00338,0.185929,0.130837,436209.5
7.5,High,HRD2_urban,0.93,0.189515,102.6875,0.0002,0.00338,0.185929,0.130837,436209.5
7.5,High,HRD2_urban,0.94,0.189515,102.6875,0.0002,0.00338,0.185929,0.130837,436209.5
7.5,High,HRD2_urban,0.95,0.189515,102.6875,0.0002,0.00338,0.185929,0.130837,436209.5
7.5,High,HRD2_urban,0.96,0.189515,102.6875,0.0002,0.00338,0.185929,0.130837,436209.5
7.5,High,HRD2_urban,0.97,0.189515,102.6875,0.0002,0.00338,0.185929,0.130837,436209.5
7.5,High,HRD2_urban,0.98,0.189515,102.6875,0.0002,0.00338,0.185929,0.130837,436209.5
7.5,High,HRD2_urban,0.99,0.189515,102.6875,0.0002,0.00338,0.185929,0.130837,436209.5
7.5,High,HRD2_urban,1.0,0.189515,102.6875,0.0002,0.00338,0.185929,0.130837,436209.5
7.5,High,HRD2_urban,1.01,0.189515,102.6875,0.0002,0.00338,0.185929,0.130837,436209.5
7.5,High,HRD2_urban,1.02,0.189515,102.6875,0.0002,0.00338,0.185929,0.130837,436209.5
7.5,High,HRD2_urban,1.03,0.189515,102.6875,0.0002,0.00338,0.185929,0.130837,436209.5
7.5,High,HRD2_urban,1.04,0.189515,102.6875,0.0002,0.00338,0.185929,0.130837,436209.5
7.5,High,HRD2_urban,1.05,0.189515,102.6875,0.0002,0.00338,0.185929,0.130837,436209.5
7.5,High,HRD2_urban,1.06,0.189515,102.6875,0.0002,0.00338,0.185929,0.130837,436209.5
7.5,High,HRD2_urban,1.07,0.189515,102.6875,0.0002,0.00338,0.185929,0.130837,436209.5
7.5,High,HRD2_urban,1.08,0.189515,102.6875,0.0002,0.00338,0.185929,0.130837,436209.5
7.5,High,HRD2_urban,1.09,0.189515,102.6875,0.0002,0.00338,0.185929,0.130837,436209.5
7.5,High,HRD2_urban,1.1,0.189515,102.6875,0.0002,0.00338,0.185929,0.130837,436209.5
7.5,High,HRD2_urban,1.11,0.189515,102.6875,0.0002,0.00338,0.185929,0.130837,436209.5
7.5,High,HRD2_urban,1.12,0.189515,102.6875,0.0002,0.00338,0.185929,0.130837,436209.5
7.5,High,HRD2_urban,1.13,0.189515,102.6875,0.0002,0.00338,0.185929,0.130837,436209.5
7.5,High,HRD2_urban,1.14,0.189515,102.6875,0.0002,0.00338,0.185929,0.130837,436209.5
7.5,High,HRD2_urban,1.15,0.189515,102.6875,0.0002,0.00338,0.185929,0.130837,436209.5
7.5,High,HRD2_urban,1.16,0.189515,102.6875,0.0002,0.00338,0.185929,0.130837,436209.5
7.5,High,HRD2_urban,1.17,0.189515,102.6875,0.0002,0.00338,0.185929,0.130837,436209.5
7.5,High,HRD2_urban,1.18,0.189515,102.6875,0.0002,0.00338,0.185929,0.130837,436209.5
7.5,High,HRD2_urban,1.19,0.189515,102.6875,0.0002,0.00338,0.185929,0.130837,436209.5
7.5,High,HRD2_urban,1.2,0.189515,102.6875,0.0002,0.00338,0.185929,0.130837,436209.5
7.5,High,HRD2_urban,1.21,0.189515,102.6875,0.0002,0.00338,0.185929,0.130837,436209.5
7.5,High,HRD2_urban,1.22,0.189515,102.6875,0.0002,0.00338,0.185929,0.130837,436209.5
7.5,High,HRD2_urban,1.23,0.189515,102.6875,0.0002,0.00338,0.185929,0.130837,436209.5
7.5,High,HRD2_urban,1.24,0.189515,102.6875,0.0002,0.00338,0.185929,0.130837,436209.5
7.5,High,HRD2_urban,1.25,0.189515,102.6875,0.0002,0.00338,0.185929,0.130837,436209.5
7.5,High,HRD2_urban,1.26,0.189515,102.6875,0.0002,0.00338,0.185929,0.130837,436209.5
7.5,High,HRD2_urban,1.27,0.189515,102.6875,0.0002,0.00338,0.185929,0.130837,436209.5
7.5,High,HRD2_urban,1.28,0.189515,102.6875,0.0002,0.00338,0.185929,0.130837,436209.5
7.5,High,HRD2_urban,1.29,0.189515,102.6875,0.0002,0.00338,0.185929,0.130837,436209.5
7.5,High,HRD2_urban,1.3,0.189515,102.6875,0.0002,0.00338,0.185929,0.130837,436209.5
7.5,High,HRD2_urban,1.31,0.189515,102.6875,0.0002,0.00338,0.185929,0.130837,436209.5
7.5,High,HRD2_urban,1.32,0.189515,102.6875,0.0002,0.00338,0.185929,0.130837,436209.5
7.5,High,HRD2_urban,1.33,0.189515,102.6875,0.0002,0.00338,0.185929,0.130837,436209.5
7.5,High,HRD2_urban,1.34,0.189515,102.6875,0.0002,0.00338,0.185929,0.130837,436209.5
7.5,High,HRD2_urban,1.35,0.189515,102.6875,0.0002,0.00338,0.185929,0.130837,436209.5
7.5,High,HRD2_urban,1.36,0.189515,102.6875,0.0002,0.00338,0.185929,0.130837,436209.5
7.5,High,HRD2_urban,1.37,0.189515,102.6875,0.0002,0.00338,0.185929,0.130837,436209.5
7.5,High,HRD2_urban,1.38,0.189515,102.6875,0.0002,0.00338,0.185929,0.130837,436209.5
7.5,High,HRD2_urban,1.39,0.189515,102.6875,0.0002,0.00338,0.185929,0.130837,436209.5
7.5,High,HRD2_urban,1.4,0.189515,102.6875,0.0002,0.00338,0.185929,0.130837,436209.5
7.5,High,HRD2_urban,1.41,0.189515,102.6875,0.0002,0.00338,0.185929,0.130837,436209.5
7.5,High,HRD2_urban,1.42,0.189515,102.6875,0.0002,0.00338,0.185929,0.130837,436209.5
7.5,High,HRD2_urban,1.43,0.189515,102.6875,0.0002,0.00338,0.185929,0.130837,436209.5
7.5,High,HRD2_urban,1.44,0.189515,102.6875,0.0002,0.00338,0.185929,0.130837,436209.5
7.5,High,HRD2_urban,1.45,0.189515,102.6875,0.0002,0.00338,0.185929,0.130837,436209.5
7.5,High,HRD2_urban,1.46,0.189515,102.6875,0.0002,0.00338,0.185929,0.130837,436209.5
7.5,High,HRD2_urban,1.47,0.189515,102.6875,0.0002,0.00338,0.185929,0.130837,436209.5
7.5,High,HRD2_urban,1.48,0.189515,102.6875,0.0002,0.00338,0.185929,0.130837,436209.5
7.5,High,HRD2_urban,1.49,0.189515,102.6875,0.0002,0.00338,0.185929,0.130837,436209.5
7.5,High,HRD2_urban,1.5,0.189515,102.6875,0.0002,0.00338,0.185929,0.130837,436209.5
7.5,Moderate,HRD1_major,0.0,0.0,0.0,0.0,0.0,0.0,0.0,0.0
7.5,Moderate,HRD1_major,0.01,0.0,0.0,0.0,0.0,0.0,0.0,0.0
7.5,Moderate,HRD1_major,0.02,0.0,0.0,0.0,0.0,0.0,0.0,0.0
7.5,Moderate,HRD1_major,0.03,0.0,0.0,0.0,0.0,0.0,0.0,0.0
7.5,Moderate,HRD1_major,0.04,0.0,0.0,0.0,0.0,0.0,0.0,0.0
7.5,Moderate,HRD1_major,0.05,0.0,0.0,0.0,0.0,0.0,0.0,0.0
7.5,Moderate,HRD1_major,0.06,0.0,0.0,0.0,0.0,0.0,0.0,0.0
7.5,Moderate,HRD1_major,0.07,0.0,0.0,0.0,0.0,0.0,0.0,0.0
7.5,Moderate,HRD1_major,0.08,0.0,0.0,0.0,0.0,0.0,0.0,0.0
7.5,Moderate,HRD1_major,0.09,0.0,0.0,0.0,0.0,0.0,0.0,0.0
7.5,Moderate,HRD1_major,0.1,0.0,0.0,0.0,0.0,0.0,0.0,0.0
7.5,Moderate,HRD1_major,0.11,0.0,0.0,0.0,0.0,0.0,0.0,0.0
7.5,Moderate,HRD1_major,0.12,0.0,0.0,0.0,0.0,0.0,0.0,0.0
7.5,Moderate,HRD1_major,0.13,0.0,0.0,0.0,0.0,0.0,0.0,0.0
7.5,Moderate,HRD1_major,0.14,0.0,0.0,0.0,0.0,0.0,0.0,0.0
7.5,Moderate,HRD1_major,0.15,4.7e-05,2.0,0.0,0.0,0.0,0.0,0.09
7.5,Moderate,HRD1_major,0.16,0.006368,2.0,3.2e-05,1e-06,0.0,2e-06,12.36
7.5,Moderate,HRD1_major,0.17,0.012688,2.0,6.4e-05,2e-06,0.0,4e-06,24.63
7.5,Moderate,HRD1_major,0.18,0.019008,2.4645,0.000215,1.1e-05,0.0,1.3e-05,86.3
7.5,Moderate,HRD1_major,0.19,0.025329,3.286,0.000757,5.7e-05,0.0,4.9e-05,329.8
7.5,Moderate,HRD1_major,0.2,0.031649,4.1075,0.001803,0.000183,2e-06,0.000128,854.37
7.5,Moderate,HRD1_major,0.21,0.037969,4.929,0.003416,0.000444,7e-06,0.000264,1762.62
7.5,Moderate,HRD1_major,0.22,0.04429,5.7505,0.005582,0.000895,1.8e-05,0.000471,3138.65
7.5,Moderate,HRD1_major,0.23,0.05061,6.572,0.008236,0.001586,4e-05,0.000757,5047.9
7.5,Moderate,HRD1_major,0.24,0.05693,7.3935,0.011286,0.002555,7.9e-05,0.001131,7539.88
7.5,Moderate,HRD1_major,0.25,0.063251,8.215,0.014631,0.003831,0.000142,0.001597,10651.37
7.5,Moderate,HRD1_major,0.26,0.069571,9.0365,0.018173,0.005428,0.000238,0.002161,14409.26
7.5,Moderate,HRD1_major,0.27,0.075891,9.858,0.021823,0.007354,0.000375,0.002824,18832.97
7.5,Moderate,HRD1_major,0.28,0.082211,10.6795,0.0255,0.009606,0.000562,0.00359,23936.25
7.5,Moderate,HRD1_major,0.29,0.088532,11.501,0.029141,0.012174,0.000809,0.004458,29728.49
7.5,Moderate,HRD1_major,0.3,0.094757,12.3225,0.032658,0.015028,0.001125,0.005426,36179.58
7.5,Moderate,HRD1_major,0.31,0.094757,13.5548,0.034291,0.018043,0.001591,0.006437,42919.78
7.5,Moderate,HRD1_major,0.32,0.094757,14.787,0.035323,0.021018,0.002151,0.007476,49847.77
7.5,Moderate,HRD1_major,0.33,0.094757,16.0193,0.035846,0.023896,0.002806,0.008536,56916.42
7.5,Moderate,HRD1_major,0.34,0.094757,17.2515,0.035949,0.026637,0.003552,0.009611,64087.46
7.5,Moderate,HRD1_major,0.35,0.094757,18.4838,0.035712,0.02921,0.004385,0.010697,71329.23
7.5,Moderate,HRD1_major,0.36,0.094757,19.716,0.035206,0.031598,0.0053,0.01179,78615.08
7.5,Moderate,HRD1_major,0.37,0.094757,20.9483,0.03449,0.03379,0.00629,0.012886,85922.29
7.5,Moderate,HRD1_major,0.38,0.094757,22.1805,0.033615,0.03578,0.00735,0.013982,93231.16
7.5,Moderate,HRD1_major,0.39,0.094757,23.4128,0.032623,0.037569,0.008473,0.015076,100524.54
7.5,Moderate,HRD1_major,0.4,0.094757,24.645,0.031548,0.03916,0.009651,0.016165,107787.33
7.5,Moderate,HRD1_major,0.41,0.094757,25.8773,0.030419,0.04056,0.010878,0.017247,115006.22
7.5,Moderate,HRD1_major,0.42,0.094757,27.1095,0.029257,0.041777,0.012148,0.018322,122169.43
7.5,Moderate,HRD1_major,0.43,0.094757,28.3418,0.028081,0.042821,0.013454,0.019386,129266.58
7.5,Moderate,HRD1_major,0.44,0.094757,29.574,0.026906,0.043701,0.014791,0.020439,136288.49
7.5,Moderate,HRD1_major,0.45,0.094757,30.8063,0.025742,0.044428,0.016153,0.02148,143227.08
7.5,Moderate,HRD1_major,0.46,0.094757,35.5983,0.021461,0.046,0.021595,0.02539,169298.93
7.5,Moderate,HRD1_major,0.47,0.094757,40.3904,0.017727,0.046008,0.027092,0.029053,193723.33
7.5,Moderate,HRD1_major,0.48,0.094757,45.1825,0.014587,0.044941,0.03247,0.032447,216355.72
7.5,Moderate,HRD1_major,0.49,0.094757,49.9746,0.011995,0.043177,0.037616,0.035567,237158.02
7.5,Moderate,HRD1_major,0.5,0.094757,54.7667,0.009876,0.040991,0.042464,0.038417,256163.6
7.5,Moderate,HRD1_major,0.51,0.094757,59.5588,0.008151,0.038579,0.04698,0.041009,273451.15
7.5,Moderate,HRD1_major,0.52,0.094757,64.3508,0.006747,0.036079,0.051153,0.04336,289125.81
7.5,Moderate,HRD1_major,0.53,0.094757,69.1429,0.005604,0.033582,0.054986,0.045487,303306.08
7.5,Moderate,HRD1_major,0.54,0.094757,73.935,0.004671,0.031149,0.058492,0.047408,316114.86
7.5,Moderate,HRD1_major,0.55,0.094757,78.7271,0.003908,0.02882,0.061688,0.049141,327673.67
7.5,Moderate,HRD1_major,0.56,0.094757,83.5192,0.003281,0.026615,0.064597,0.050705,338099.07
7.5,Moderate,HRD1_major,0.57,0.094757,88.3113,0.002765,0.024547,0.067238,0.052115,347500.55
7.5,Moderate,HRD1_major,0.58,0.094757,93.1033,0.002339,0.02262,0.069636,0.053386,355979.47
7.5,Moderate,HRD1_major,0.59,0.094757,97.8954,0.001985,0.020833,0.071811,0.054533,363628.7
7.5,Moderate,HRD1_major,0.6,0.094757,102.6875,0.00169,0.019182,0.073783,0.055569,370532.7
7.5,Moderate,HRD1_major,0.61,0.094757,102.6875,0.00169,0.019182,0.073783,0.055569,370532.7
7.5,Moderate,HRD1_major,0.62,0.094757,102.6875,0.00169,0.019182,0.073783,0.055569,370532.7
7.5,Moderate,HRD1_major,0.63,0.094757,102.6875,0.00169,0.019182,0.073783,0.055569,370532.7
7.5,Moderate,HRD1_major,0.64,0.094757,102.6875,0.00169,0.019182,0.073783,0.055569,370532.7
7.5,Moderate,HRD1_major,0.65,0.094757,102.6875,0.00169,0.019182,0.073783,0.055569,370532.7
7.5,Moderate,HRD1_major,0.66,0.094757,102.6875,0.00169,0.019182,0.073783,0.055569,370532.7
7.5,Moderate,HRD1_major,0.67,0.094757,102.6875,0.00169,0.019182,0.073783,0.055569,370532.7
7.5,Moderate,HRD1_major,0.68,0.094757,102.6875,0.00169,0.019182,0.073783,0.055569,370532.7
7.5,Moderate,HRD1_major,0.69,0.094757,102.6875,0.00169,0.019182,0.073783,0.055569,370532.7
7.5,Moderate,HRD1_major,0.7,0.094757,102.6875,0.00169,0.019182,0.073783,0.055569,370532.7
7.5,Moderate,HRD1_major,0.71,0.094757,102.6875,0.00169,0.019182,0.073783,0.055569,370532.7
7.5,Moderate,HRD1_major,0.72,0.094757,102.6875,0.00169,0.019182,0.073783,0.055569,370532.7
7.5,Moderate,HRD1_major,0.73,0.094757,102.6875,0.00169,0.019182,0.073783,0.055569,370532.7
7.5,Moderate,HRD1_major,0.74,0.094757,102.6875,0.00169,0.019182,0.073783,0.055569,370532.7
7.5,Moderate,HRD1_major,0.75,0.094757,102.6875,0.00169,0.019182,0.073783,0.055569,370532.7
7.5,Moderate,HRD1_major,0.76,0.094757,102.6875,0.00169,0.019182,0.073783,0.055569,370532.7
7.5,Moderate,HRD1_major,0.77,0.094757,102.6875,0.00169,0.019182,0.073783,0.055569,370532.7
7.5,Moderate,HRD1_major,0.78,0.094757,102.6875,0.00169,0.019182,0.073783,0.055569,370532.7
7.5,Moderate,HRD1_major,0.79,0.094757,102.6875,0.00169,0.019182,0.073783,0.055569,370532.7
7.5,Moderate,HRD1_major,0.8,0.094757,102.6875,0.00169,0.019182,0.073783,0.055569,370532.7
7.5,Moderate,HRD1_major,0.81,0.094757,102.6875,0.00169,0.019182,0.073783,0.055569,370532.7
7.5,Moderate,HRD1_major,0.82,0.094757,102.6875,0.00169,0.019182,0.073783,0.055569,370532.7
7.5,Moderate,HRD1_major,0.83,0.094757,102.6875,0.00169,0.019182,0.073783,0.055569,370532.7
7.5,Moderate,HRD1_major,0.84,0.094757,102.6875,0.00169,0.019182,0.073783,0.055569,370532.7
7.5,Moderate,HRD1_major,0.85,0.094757,102.6875,0.00169,0.019182,0.073783,0.055569,370532.7
7.5,Moderate,HRD1_major,0.86,0.094757,102.6875,0.00169,0.019182,0.073783,0.055569,370532.7
7.5,Moderate,HRD1_major,0.87,0.094757,102.6875,0.00169,0.019182,0.073783,0.055569,370532.7
7.5,Moderate,HRD1_major,0.88,0.094757,102.6875,0.00169,0.019182,0.073783,0.055569,370532.7
7.5,Moderate,HRD1_major,0.89,0.094757,102.6875,0.00169,0.019182,0.073783,0.055569,370532.7
7.5,Moderate,HRD1_major,0.9,0.094757,102.6875,0.00169,0.019182,0.073783,0.055569,370532.7
7.5,Moderate,HRD1_major,0.91,0.094757,102.6875,0.00169,0.019182,0.073783,0.055569,370532.7
7.5,Moderate,HRD1_major,0.92,0.094757,102.6875,0.00169,0.019182,0.073783,0.055569,370532.7
7.5,Moderate,HRD1_major,0.93,0.094757,102.6875,0.00169,0.019182,0.073783,0.055569,370532.7
7.5,Moderate,HRD1_major,0.94,0.094757,102.6875,0.00169,0.019182,0.073783,0.055569,370532.7
7.5,Moderate,HRD1_major,0.95,0.094757,102.6875,0.00169,0.019182,0.073783,0.055569,370532.7
7.5,Moderate,HRD1_major,0.96,0.094757,102.6875,0.00169,0.019182,0.073783,0.055569,370532.7
7.5,Moderate,HRD1_major,0.97,0.094757,102.6875,0.00169,0.019182,0.073783,0.055569,370532.7
7.5,Moderate,HRD1_major,0.98,0.094757,102.6875,0.00169,0.019182,0.073783,0.055569,370532.7
7.5,Moderate,HRD1_major,0.99,0.094757,102.6875,0.00169,0.019182,0.073783,0.055569,370532.7
7.5,Moderate,HRD1_major,1.0,0.094757,102.6875,0.00169,0.019182,0.073783,0.055569,370532.7
7.5,Moderate,HRD1_major,1.01,0.094757,102.6875,0.00169,0.019182,0.073783,0.055569,370532.7
7.5,Moderate,HRD1_major,1.02,0.094757,102.6875,0.00169,0.019182,0.073783,0.055569,370532.7
7.5,Moderate,HRD1_major,1.03,0.094757,102.6875,0.00169,0.019182,0.073783,0.055569,370532.7
7.5,Moderate,HRD1_major,1.04,0.094757,102.6875,0.00169,0.019182,0.073783,0.055569,370532.7
7.5,Moderate,HRD1_major,1.05,0.094757,102.6875,0.00169,0.019182,0.073783,0.055569,370532.7
7.5,Moderate,HRD1_major,1.06,0.094757,102.6875,0.00169,0.019182,0.073783,0.055569,370532.7
7.5,Moderate,HRD1_major,1.07,0.094757,102.6875,0.00169,0.019182,0.073783,0.055569,370532.7
7.5,Moderate,HRD1_major,1.08,0.094757,102.6875,0.00169,0.019182,0.073783,0.055569,370532.7
7.5,Moderate,HRD1_major,1.09,0.094757,102.6875,0.00169,0.019182,0.073783,0.055569,370532.7
7.5,Moderate,HRD1_major,1.1,0.094757,102.6875,0.00169,0.019182,0.073783,0.055569,370532.7
7.5,Moderate,HRD1_major,1.11,0.094757,102.6875,0.00169,0.019182,0.073783,0.055569,370532.7
7.5,Moderate,HRD1_major,1.12,0.094757,102.6875,0.00169,0.019182,0.073783,0.055569,370532.7
7.5,Moderate,HRD1_major,1.13,0.094757,102.6875,0.00169,0.019182,0.073783,0.055569,370532.7
7.5,Moderate,HRD1_major,1.14,0.094757,102.6875,0.00169,0.019182,0.073783,0.055569,370532.7
7.5,Moderate,HRD1_major,1.15,0.094757,102.6875,0.00169,0.019182,0.073783,0.055569,370532.7
7.5,Moderate,HRD1_major,1.16,0.094757,102.6875,0.00169,0.019182,0.073783,0.055569,370532.7
7.5,Moderate,HRD1_major,1.17,0.094757,102.6875,0.00169,0.019182,0.073783,0.055569,370532.7
7.5,Moderate,HRD1_major,1.18,0.094757,102.6875,0.00169,0.019182,0.073783,0.055569,370532.7
7.5,Moderate,HRD1_major,1.19,0.094757,102.6875,0.00169,0.019182,0.073783,0.055569,370532.7
7.5,Moderate,HRD1_major,1.2,0.094757,102.6875,0.00169,0.019182,0.073783,0.055569,370532.7
7.5,Moderate,HRD1_major,1.21,0.094757,102.6875,0.00169,0.019182,0.073783,0.055569,370532.7
7.5,Moderate,HRD1_major,1.22,0.094757,102.6875,0.00169,0.019182,0.073783,0.055569,370532.7
7.5,Moderate,HRD1_major,1.23,0.094757,102.6875,0.00169,0.019182,0.073783,0.055569,370532.7
7.5,Moderate,HRD1_major,1.24,0.094757,102.6875,0.00169,0.019182,0.073783,0.055569,370532.7
7.5,Moderate,HRD1_major,1.25,0.094757,102.6875,0.00169,0.019182,0.073783,0.055569,370532.7
7.5,Moderate,HRD1_major,1.26,0.094757,102.6875,0.00169,0.019182,0.073783,0.055569,370532.7
7.5,Moderate,HRD1_major,1.27,0.094757,102.6875,0.00169,0.019182,0.073783,0.055569,370532.7
7.5,Moderate,HRD1_major,1.28,0.094757,102.6875,0.00169,0.019182,0.073783,0.055569,370532.7
7.5,Moderate,HRD1_major,1.29,0.094757,102.6875,0.00169,0.019182,0.073783,0.055569,370532.7
7.5,Moderate,HRD1_major,1.3,0.094757,102.6875,0.00169,0.019182,0.073783,0.055569,370532.7
7.5,Moderate,HRD1_major,1.31,0.094757,102.6875,0.00169,0.019182,0.073783,0.055569,370532.7
7.5,Moderate,HRD1_major,1.32,0.094757,102.6875,0.00169,0.019182,0.073783,0.055569,370532.7
7.5,Moderate,HRD1_major,1.33,0.094757,102.6875,0.00169,0.019182,0.073783,0.055569,370532.7
7.5,Moderate,HRD1_major,1.34,0.094757,102.6875,0.00169,0.019182,0.073783,0.055569,370532.7
7.5,Moderate,HRD1_major,1.35,0.094757,102.6875,0.00169,0.019182,0.073783,0.055569,370532.7
7.5,Moderate,HRD1_major,1.36,0.094757,102.6875,0.00169,0.019182,0.073783,0.055569,370532.7
7.5,Moderate,HRD1_major,1.37,0.094757,102.6875,0.00169,0.019182,0.073783,0.055569,370532.7
7.5,Moderate,HRD1_major,1.38,0.094757,102.6875,0.00169,0.019182,0.073783,0.055569,370532.7
7.5,Moderate,HRD1_major,1.39,0.094757,102.6875,0.00169,0.019182,0.073783,0.055569,370532.7
7.5,Moderate,HRD1_major,1.4,0.094757,102.6875,0.00169,0.019182,0.073783,0.055569,370532.7
7.5,Moderate,HRD1_major,1.41,0.094757,102.6875,0.00169,0.019182,0.073783,0.055569,370532.7
7.5,Moderate,HRD1_major,1.42,0.094757,102.6875,0.00169,0.019182,0.073783,0.055569,370532.7
7.5,Moderate,HRD1_major,1.43,0.094757,102.6875,0.00169,0.019182,0.073783,0.055569,370532.7
7.5,Moderate,HRD1_major,1.44,0.094757,102.6875,0.00169,0.019182,0.073783,0.055569,370532.7
7.5,Moderate,HRD1_major,1.45,0.094757,102.6875,0.00169,0.019182,0.073783,0.055569,370532.7
7.5,Moderate,HRD1_major,1.46,0.094757,102.6875,0.00169,0.019182,0.073783,0.055569,370532.7
7.5,Moderate,HRD1_major,1.47,0.094757,102.6875,0.00169,0.019182,0.073783,0.055569,370532.7
7.5,Moderate,HRD1_major,1.48,0.094757,102.6875,0.00169,0.019182,0.073783,0.055569,370532.7
7.5,Moderate,HRD1_major,1.49,0.094757,102.6875,0.00169,0.019182,0.073783,0.055569,370532.7
7.5,Moderate,HRD1_major,1.5,0.094757,102.6875,0.00169,0.019182,0.073783,0.055569,370532.7
7.5,Moderate,HRD2_urban,0.0,0.0,0.0,0.0,0.0,0.0,0.0,0.0
7.5,Moderate,HRD2_urban,0.01,0.0,0.0,0.0,0.0,0.0,0.0,0.0
7.5,Moderate,HRD2_urban,0.02,0.0,0.0,0.0,0.0,0.0,0.0,0.0
7.5,Moderate,HRD2_urban,0.03,0.0,0.0,0.0,0.0,0.0,0.0,0.0
7.5,Moderate,HRD2_urban,0.04,0.0,0.0,0.0,0.0,0.0,0.0,0.0
7.5,Moderate,HRD2_urban,0.05,0.0,0.0,0.0,0.0,0.0,0.0,0.0
7.5,Moderate,HRD2_urban,0.06,0.0,0.0,0.0,0.0,0.0,0.0,0.0
7.5,Moderate,HRD2_urban,0.07,0.0,0.0,0.0,0.0,0.0,0.0,0.0
7.5,Moderate,HRD2_urban,0.08,0.0,0.0,0.0,0.0,0.0,0.0,0.0
7.5,Moderate,HRD2_urban,0.09,0.0,0.0,0.0,0.0,0.0,0.0,0.0
7.5,Moderate,HRD2_urban,0.1,0.0,0.0,0.0,0.0,0.0,0.0,0.0
7.5,Moderate,HRD2_urban,0.11,0.0,0.0,0.0,0.0,0.0,0.0,0.0
7.5,Moderate,HRD2_urban,0.12,0.0,0.0,0.0,0.0,0.0,0.0,0.0
7.5,Moderate,HRD2_urban,0.13,0.0,0.0,0.0,0.0,0.0,0.0,0.0
7.5,Moderate,HRD2_urban,0.14,0.0,0.0,0.0,0.0,0.0,0.0,0.0
7.5,Moderate,HRD2_urban,0.15,4.7e-05,2.0,3e-06,0.0,0.0,0.0,0.6
7.5,Moderate,HRD2_urban,0.16,0.006368,2.0,0.000338,3.2e-05,1e-06,2.4e-05,80.58
7.5,Moderate,HRD2_urban,0.17,0.012688,2.0,0.000673,6.4e-05,2e-06,4.8e-05,160.57
7.5,Moderate,HRD2_urban,0.18,0.019008,2.4645,0.00171,0.000215,1.1e-05,0.000136,453.74
7.5,Moderate,HRD2_urban,0.19,0.025329,3.286,0.004122,0.000757,5.7e-05,0.000397,1324.85
7.5,Moderate,HRD2_urban,0.2,0.031649,4.1075,0.007321,0.001803,0.000185,0.000856,2854.06
7.5,Moderate,HRD2_urban,0.21,0.037969,4.929,0.010918,0.003416,0.000451,0.001545,5149.89
7.5,Moderate,HRD2_urban,0.22,0.04429,5.7505,0.014578,0.005582,0.000913,0.002485,8283.68
7.5,Moderate,HRD2_urban,0.23,0.05061,6.572,0.018062,0.008236,0.001626,0.003689,12297.75
7.5,Moderate,HRD2_urban,0.24,0.05693,7.3935,0.021222,0.011286,0.002635,0.005162,17211.41
7.5,Moderate,HRD2_urban,0.25,0.063251,8.215,0.023978,0.014631,0.003973,0.006906,23025.57
7.5,Moderate,HRD2_urban,0.26,0.069571,9.0365,0.026302,0.018173,0.005666,0.008916,29726.71
7.5,Moderate,HRD2_urban,0.27,0.075891,9.858,0.028197,0.021823,0.007729,0.011185,37290.16
7.5,Moderate,HRD2_urban,0.28,0.082211,10.6795,0.029684,0.0255,0.010168,0.013702,45683.0
7.5,Moderate,HRD2_urban,0.29,0.088532,11.501,0.030799,0.029141,0.012984,0.016457,54866.41
7.5,Moderate,HRD2_urban,0.3,0.094757,12.3225,0.031548,0.032658,0.016153,0.019416,64732.9
7.5,Moderate,HRD2_urban,0.31,0.094757,13.5548,0.029257,0.034291,0.019634,0.022065,73564.05
7.5,Moderate,HRD2_urban,0.32,0.094757,14.787,0.026906,0.035323,0.023169,0.024628,82110.65
7.5,Moderate,HRD2_urban,0.33,0.094757,16.0193,0.024598,0.035846,0.026702,0.027091,90319.87
7.5,Moderate,HRD2_urban,0.34,0.094757,17.2515,0.022396,0.035949,0.030189,0.029442,98158.33
7.5,Moderate,HRD2_urban,0.35,0.094757,18.4838,0.020334,0.035712,0.033595,0.031676,105607.52
7.5,Moderate,HRD2_urban,0.36,0.094757,19.716,0.018426,0.035206,0.036898,0.033791,112660.18
7.5,Moderate,HRD2_urban,0.37,0.094757,20.9483,0.016677,0.03449,0.04008,0.035788,119317.33
7.5,Moderate,HRD2_urban,0.38,0.094757,22.1805,0.015084,0.033615,0.04313,0.037668,125586.06
7.5,Moderate,HRD2_urban,0.39,0.094757,23.4128,0.01364,0.032623,0.046041,0.039435,131477.72
7.5,Moderate,HRD2_urban,0.4,0.094757,24.645,0.012335,0.031548,0.048811,0.041094,137006.59
7.5,Moderate,HRD2_urban,0.41,0.094757,25.8773,0.011157,0.030419,0.051438,0.042648,142188.82
7.5,Moderate,HRD2_urban,0.42,0.094757,27.1095,0.010097,0.029257,0.053925,0.044104,147041.65
7.5,Moderate,HRD2_urban,0.43,0.094757,28.3418,0.009143,0.028081,0.056275,0.045466,151582.82
7.5,Moderate,HRD2_urban,0.44,0.094757,29.574,0.008285,0.026906,0.058492,0.04674,155830.15
7.5,Moderate,HRD2_urban,0.45,0.094757,30.8063,0.007514,0.025742,0.060581,0.047931,159801.21
7.5,Moderate,HRD2_urban,0.46,0.094757,35.5983,0.005181,0.021461,0.067595,0.051868,172928.23
7.5,Moderate,HRD2_urban,0.47,0.094757,40.3904,0.003624,0.017727,0.0731,0.054897,183026.38
7.5,Moderate,HRD2_urban,0.48,0.094757,45.1825,0.002573,0.014587,0.077412,0.057234,190819.13
7.5,Moderate,HRD2_urban,0.49,0.094757,49.9746,0.001852,0.011995,0.080793,0.059047,196862.96
7.5,Moderate,HRD2_urban,0.5,0.094757,54.7667,0.001351,0.009876,0.083455,0.060461,201578.14
7.5,Moderate,HRD2_urban,0.51,0.094757,59.5588,0.000998,0.008151,0.085559,0.061572,205279.99
7.5,Moderate,HRD2_urban,0.52,0.094757,64.3508,0.000745,0.006747,0.087232,0.062449,208204.91
7.5,Moderate,HRD2_urban,0.53,0.094757,69.1429,0.000563,0.005604,0.088568,0.063147,210530.59
7.5,Moderate,HRD2_urban,0.54,0.094757,73.935,0.000429,0.004671,0.089641,0.063705,212391.21
7.5,Moderate,HRD2_urban,0.55,0.094757,78.7271,0.00033,0.003908,0.090508,0.064154,213888.62
7.5,Moderate,HRD2_urban,0.56,0.094757,83.5192,0.000256,0.003281,0.091212,0.064517,215100.59
7.5,Moderate,HRD2_urban,0.57,0.094757,88.3113,0.0002,0.002765,0.091786,0.064813,216086.88
7.5,Moderate,HRD2_urban,0.58,0.094757,93.1033,0.000158,0.002339,0.092256,0.065055,216893.68
7.5,Moderate,HRD2_urban,0.59,0.094757,97.8954,0.000125,0.001985,0.092644,0.065254,217556.94
7.5,Moderate,HRD2_urban,0.6,0.094757,102.6875,0.0001,0.00169,0.092965,0.065418,218104.75
7.5,Moderate,HRD2_urban,0.61,0.094757,102.6875,0.0001,0.00169,0.092965,0.065418,218104.75
7.5,Moderate,HRD2_urban,0.62,0.094757,102.6875,0.0001,0.00169,0.092965,0.065418,218104.75
7.5,Moderate,HRD2_urban,0.63,0.094757,102.6875,0.0001,0.00169,0.092965,0.065418,218104.75
7.5,Moderate,HRD2_urban,0.64,0.094757,102.6875,0.0001,0.00169,0.092965,0.065418,218104.75
7.5,Moderate,HRD2_urban,0.65,0.094757,102.6875,0.0001,0.00169,0.092965,0.065418,218104.75
7.5,Moderate,HRD2_urban,0.66,0.094757,102.6875,0.0001,0.00169,0.092965,0.065418,218104.75
7.5,Moderate,HRD2_urban,0.67,0.094757,102.6875,0.0001,0.00169,0.092965,0.065418,218104.75
7.5,Moderate,HRD2_urban,0.68,0.094757,102.6875,0.0001,0.00169,0.092965,0.065418,218104.75
7.5,Moderate,HRD2_urban,0.69,0.094757,102.6875,0.0001,0.00169,0.092965,0.065418,218104.75
7.5,Moderate,HRD2_urban,0.7,0.094757,102.6875,0.0001,0.00169,0.092965,0.065418,218104.75
7.5,Moderate,HRD2_urban,0.71,0.094757,102.6875,0.0001,0.00169,0.092965,0.065418,218104.75
7.5,Moderate,HRD2_urban,0.72,0.094757,102.6875,0.0001,0.00169,0.092965,0.065418,218104.75
7.5,Moderate,HRD2_urban,0.73,0.094757,102.6875,0.0001,0.00169,0.092965,0.065418,218104.75
7.5,Moderate,HRD2_urban,0.74,0.094757,102.6875,0.0001,0.00169,0.092965,0.065418,218104.75
7.5,Moderate,HRD2_urban,0.75,0.094757,102.6875,0.0001,0.00169,0.092965,0.065418,218104.75
7.5,Moderate,HRD2_urban,0.76,0.094757,102.6875,0.0001,0.00169,0.092965,0.065418,218104.75
7.5,Moderate,HRD2_urban,0.77,0.094757,102.6875,0.0001,0.00169,0.092965,0.065418,218104.75
7.5,Moderate,HRD2_urban,0.78,0.094757,102.6875,0.0001,0.00169,0.092965,0.065418,218104.75
7.5,Moderate,HRD2_urban,0.79,0.094757,102.6875,0.0001,0.00169,0.092965,0.065418,218104.75
7.5,Moderate,HRD2_urban,0.8,0.094757,102.6875,0.0001,0.00169,0.092965,0.065418,218104.75
7.5,Moderate,HRD2_urban,0.81,0.094757,102.6875,0.0001,0.00169,0.092965,0.065418,218104.75
7.5,Moderate,HRD2_urban,0.82,0.094757,102.6875,0.0001,0.00169,0.092965,0.065418,218104.75
7.5,Moderate,HRD2_urban,0.83,0.094757,102.6875,0.0001,0.00169,0.092965,0.065418,218104.75
7.5,Moderate,HRD2_urban,0.84,0.094757,102.6875,0.0001,0.00169,0.092965,0.065418,218104.75
7.5,Moderate,HRD2_urban,0.85,0.094757,102.6875,0.0001,0.00169,0.092965,0.065418,218104.75
7.5,Moderate,HRD2_urban,0.86,0.094757,102.6875,0.0001,0.00169,0.092965,0.065418,218104.75
7.5,Moderate,HRD2_urban,0.87,0.094757,102.6875,0.0001,0.00169,0.092965,0.065418,218104.75
7.5,Moderate,HRD2_urban,0.88,0.094757,102.6875,0.0001,0.00169,0.092965,0.065418,218104.75
7.5,Moderate,HRD2_urban,0.89,0.094757,102.6875,0.0001,0.00169,0.092965,0.065418,218104.75
7.5,Moderate,HRD2_urban,0.9,0.094757,102.6875,0.0001,0.00169,0.092965,0.065418,218104.75
7.5,Moderate,HRD2_urban,0.91,0.094757,102.6875,0.0001,0.00169,0.092965,0.065418,218104.75
7.5,Moderate,HRD2_urban,0.92,0.094757,102.6875,0.0001,0.00169,0.092965,0.065418,218104.75
7.5,Moderate,HRD2_urban,0.93,0.094757,102.6875,0.0001,0.00169,0.092965,0.065418,218104.75
7.5,Moderate,HRD2_urban,0.94,0.094757,102.6875,0.0001,0.00169,0.092965,0.065418,218104.75
7.5,Moderate,HRD2_urban,0.95,0.094757,102.6875,0.0001,0.00169,0.092965,0.065418,218104.75
7.5,Moderate,HRD2_urban,0.96,0.094757,102.6875,0.0001,0.00169,0.092965,0.065418,218104.75
7.5,Moderate,HRD2_urban,0.97,0.094757,102.6875,0.0001,0.00169,0.092965,0.065418,218104.75
7.5,Moderate,HRD2_urban,0.98,0.094757,102.6875,0.0001,0.00169,0.092965,0.065418,218104.75
7.5,Moderate,HRD2_urban,0.99,0.094757,102.6875,0.0001,0.00169,0.092965,0.065418,218104.75
7.5,Moderate,HRD2_urban,1.0,0.094757,102.6875,0.0001,0.00169,0.092965,0.065418,218104.75
7.5,Moderate,HRD2_urban,1.01,0.094757,102.6875,0.0001,0.00169,0.092965,0.065418,218104.75
7.5,Moderate,HRD2_urban,1.02,0.094757,102.6875,0.0001,0.00169,0.092965,0.065418,218104.75
7.5,Moderate,HRD2_urban,1.03,0.094757,102.6875,0.0001,0.00169,0.092965,0.065418,218104.75
7.5,Moderate,HRD2_urban,1.04,0.094757,102.6875,0.0001,0.00169,0.092965,0.065418,218104.75
7.5,Moderate,HRD2_urban,1.05,0.094757,102.6875,0.0001,0.00169,0.092965,0.065418,218104.75
7.5,Moderate,HRD2_urban,1.06,0.094757,102.6875,0.0001,0.00169,0.092965,0.065418,218104.75
7.5,Moderate,HRD2_urban,1.07,0.094757,102.6875,0.0001,0.00169,0.092965,0.065418,218104.75
7.5,Moderate,HRD2_urban,1.08,0.094757,102.6875,0.0001,0.00169,0.092965,0.065418,218104.75
7.5,Moderate,HRD2_urban,1.09,0.094757,102.6875,0.0001,0.00169,0.092965,0.065418,218104.75
7.5,Moderate,HRD2_urban,1.1,0.094757,102.6875,0.0001,0.00169,0.092965,0.065418,218104.75
7.5,Moderate,HRD2_urban,1.11,0.094757,102.6875,0.0001,0.00169,0.092965,0.065418,218104.75
7.5,Moderate,HRD2_urban,1.12,0.094757,102.6875,0.0001,0.00169,0.092965,0.065418,218104.75
7.5,Moderate,HRD2_urban,1.13,0.094757,102.6875,0.0001,0.00169,0.092965,0.065418,218104.75
7.5,Moderate,HRD2_urban,1.14,0.094757,102.6875,0.0001,0.00169,0.092965,0.065418,218104.75
7.5,Moderate,HRD2_urban,1.15,0.094757,102.6875,0.0001,0.00169,0.092965,0.065418,218104.75
7.5,Moderate,HRD2_urban,1.16,0.094757,102.6875,0.0001,0.00169,0.092965,0.065418,218104.75
7.5,Moderate,HRD2_urban,1.17,0.094757,102.6875,0.0001,0.00169,0.092965,0.065418,218104.75
7.5,Moderate,HRD2_urban,1.18,0.094757,102.6875,0.0001,0.00169,0.092965,0.065418,218104.75
7.5,Moderate,HRD2_urban,1.19,0.094757,102.6875,0.0001,0.00169,0.092965,0.065418,218104.75
7.5,Moderate,HRD2_urban,1.2,0.094757,102.6875,0.0001,0.00169,0.092965,0.065418,218104.75
7.5,Moderate,HRD2_urban,1.21,0.094757,102.6875,0.0001,0.00169,0.092965,0.065418,218104.75
7.5,Moderate,HRD2_urban,1.22,0.094757,102.6875,0.0001,0.00169,0.092965,0.065418,218104.75
7.5,Moderate,HRD2_urban,1.23,0.094757,102.6875,0.0001,0.00169,0.092965,0.065418,218104.75
7.5,Moderate,HRD2_urban,1.24,0.094757,102.6875,0.0001,0.00169,0.092965,0.065418,218104.75
7.5,Moderate,HRD2_urban,1.25,0.094757,102.6875,0.0001,0.00169,0.092965,0.065418,218104.75
7.5,Moderate,HRD2_urban,1.26,0.094757,102.6875,0.0001,0.00169,0.092965,0.065418,218104.75
7.5,Moderate,HRD2_urban,1.27,0.094757,102.6875,0.0001,0.00169,0.092965,0.065418,218104.75
7.5,Moderate,HRD2_urban,1.28,0.094757,102.6875,0.0001,0.00169,0.092965,0.065418,218104.75
7.5,Moderate,HRD2_urban,1.29,0.094757,102.6875,0.0001,0.00169,0.092965,0.065418,218104.75
7.5,Moderate,HRD2_urban,1.3,0.094757,102.6875,0.0001,0.00169,0.092965,0.065418,218104.75
7.5,Moderate,HRD2_urban,1.31,0.094757,102.6875,0.0001,0.00169,0.092965,0.065418,218104.75
7.5,Moderate,HRD2_urban,1.32,0.094757,102.6875,0.0001,0.00169,0.092965,0.065418,218104.75
7.5,Moderate,HRD2_urban,1.33,0.094757,102.6875,0.0001,0.00169,0.092965,0.065418,218104.75
7.5,Moderate,HRD2_urban,1.34,0.094757,102.6875,0.0001,0.00169,0.092965,0.065418,218104.75
7.5,Moderate,HRD2_urban,1.35,0.094757,102.6875,0.0001,0.00169,0.092965,0.065418,218104.75
7.5,Moderate,HRD2_urban,1.36,0.094757,102.6875,0.0001,0.00169,0.092965,0.065418,218104.75
7.5,Moderate,HRD2_urban,1.37,0.094757,102.6875,0.0001,0.00169,0.092965,0.065418,218104.75
7.5,Moderate,HRD2_urban,1.38,0.094757,102.6875,0.0001,0.00169,0.092965,0.065418,218104.75
7.5,Moderate,HRD2_urban,1.39,0.094757,102.6875,0.0001,0.00169,0.092965,0.065418,218104.75
7.5,Moderate,HRD2_urban,1.4,0.094757,102.6875,0.0001,0.00169,0.092965,0.065418,218104.75
7.5,Moderate,HRD2_urban,1.41,0.094757,102.6875,0.0001,0.00169,0.092965,0.065418,218104.75
7.5,Moderate,HRD2_urban,1.42,0.094757,102.6875,0.0001,0.00169,0.092965,0.065418,218104.75
7.5,Moderate,HRD2_urban,1.43,0.094757,102.6875,0.0001,0.00169,0.092965,0.065418,218104.75
7.5,Moderate,HRD2_urban,1.44,0.094757,102.6875,0.0001,0.00169,0.092965,0.065418,218104.75
7.5,Moderate,HRD2_urban,1.45,0.094757,102.6875,0.0001,0.00169,0.092965,0.065418,218104.75
7.5,Moderate,HRD2_urban,1.46,0.094757,102.6875,0.0001,0.00169,0.092965,0.065418,218104.75
7.5,Moderate,HRD2_urban,1.47,0.094757,102.6875,0.0001,0.00169,0.092965,0.065418,218104.75
7.5,Moderate,HRD2_urban,1.48,0.094757,102.6875,0.0001,0.00169,0.092965,0.065418,218104.75
7.5,Moderate,HRD2_urban,1.49,0.094757,102.6875,0.0001,0.00169,0.092965,0.065418,218104.75
7.5,Moderate,HRD2_urban,1.5,0.094757,102.6875,0.0001,0.00169,0.092965,0.065418,218104.75
7.5,Low,HRD1_major,0.0,0.0,0.0,0.0,0.0,0.0,0.0,0.0
7.5,Low,HRD1_major,0.01,0.0,0.0,0.0,0.0,0.0,0.0,0.0
7.5,Low,HRD1_major,0.02,0.0,0.0,0.0,0.0,0.0,0.0,0.0
7.5,Low,HRD1_major,0.03,0.0,0.0,0.0,0.0,0.0,0.0,0.0
7.5,Low,HRD1_major,0.04,0.0,0.0,0.0,0.0,0.0,0.0,0.0
7.5,Low,HRD1_major,0.05,0.0,0.0,0.0,0.0,0.0,0.0,0.0
7.5,Low,HRD1_major,0.06,0.0,0.0,0.0,0.0,0.0,0.0,0.0
7.5,Low,HRD1_major,0.07,0.0,0.0,0.0,0.0,0.0,0.0,0.0
7.5,Low,HRD1_major,0.08,0.0,0.0,0.0,0.0,0.0,0.0,0.0
7.5,Low,HRD1_major,0.09,0.0,0.0,0.0,0.0,0.0,0.0,0.0
7.5,Low,HRD1_major,0.1,0.0,0.0,0.0,0.0,0.0,0.0,0.0
7.5,Low,HRD1_major,0.11,0.0,0.0,0.0,0.0,0.0,0.0,0.0
7.5,Low,HRD1_major,0.12,0.0,0.0,0.0,0.0,0.0,0.0,0.0
7.5,Low,HRD1_major,0.13,0.0,0.0,0.0,0.0,0.0,0.0,0.0
7.5,Low,HRD1_major,0.14,0.0,0.0,0.0,0.0,0.0,0.0,0.0
7.5,Low,HRD1_major,0.15,0.0,0.0,0.0,0.0,0.0,0.0,0.0
7.5,Low,HRD1_major,0.16,0.0,0.0,0.0,0.0,0.0,0.0,0.0
7.5,Low,HRD1_major,0.17,0.0,0.0,0.0,0.0,0.0,0.0,0.0
7.5,Low,HRD1_major,0.18,0.0,0.0,0.0,0.0,0.0,0.0,0.0
7.5,Low,HRD1_major,0.19,0.0,0.0,0.0,0.0,0.0,0.0,0.0
7.5,Low,HRD1_major,0.2,0.0,0.0,0.0,0.0,0.0,0.0,0.0
7.5,Low,HRD1_major,0.21,0.0,1.0,0.0,0.0,0.0,0.0,0.0
7.5,Low,HRD1_major,0.22,0.002151,1.0,0.0,0.0,0.0,0.0,0.14
7.5,Low,HRD1_major,0.23,0.00479,1.1736,2e-06,0.0,0.0,0.0,0.75
7.5,Low,HRD1_major,0.24,0.007429,1.7604,2.2e-05,1e-06,0.0,1e-06,8.27
7.5,Low,HRD1_major,0.25,0.010068,2.3471,9.5e-05,4e-06,0.0,6e-06,37.73
7.5,Low,HRD1_major,0.26,0.012707,2.9339,0.000264,1.7e-05,0.0,1.7e-05,110.98
7.5,Low,HRD1_major,0.27,0.015346,3.5207,0.000566,4.6e-05,0.0,3.8e-05,252.35
7.5,Low,HRD1_major,0.28,0.017985,4.1075,0.001025,0.000104,1e-06,7.3e-05,485.51
7.5,Low,HRD1_major,0.29,0.020624,4.6943,0.001652,0.000201,3e-06,0.000125,831.89
7.5,Low,HRD1_major,0.3,0.023263,5.2811,0.002447,0.000349,6e-06,0.000196,1310.09
7.5,Low,HRD1_major,0.31,0.025902,5.8679,0.003401,0.000561,1.2e-05,0.00029,1935.77
7.5,Low,HRD1_major,0.32,0.028541,6.4546,0.004496,0.000845,2.1e-05,0.000408,2721.9
7.5,Low,HRD1_major,0.33,0.03118,7.0414,0.005714,0.00121,3.4e-05,0.000552,3679.1
7.5,Low,HRD1_major,0.34,0.033819,7.6282,0.007033,0.001663,5.4e-05,0.000722,4815.99
7.5,Low,HRD1_major,0.35,0.036458,8.215,0.008433,0.002208,8.2e-05,0.000921,6139.5
7.5,Low,HRD1_major,0.36,0.039097,8.8018,0.009893,0.002849,0.000119,0.001148,7655.15
7.5,Low,HRD1_major,0.37,0.041736,9.3886,0.011392,0.003588,0.000168,0.001405,9367.36
7.5,Low,HRD1_major,0.38,0.044375,9.9754,0.012914,0.004424,0.00023,0.001692,11279.57
7.5,Low,HRD1_major,0.39,0.047014,10.5621,0.014441,0.005357,0.000308,0.002009,13394.48
7.5,Low,HRD1_major,0.4,0.047379,11.1489,0.01523,0.006092,0.000384,0.002249,14994.4
7.5,Low,HRD1_major,0.41,0.047379,11.7357,0.015821,0.006799,0.000468,0.002478,16526.27
7.5,Low,HRD1_major,0.42,0.047379,12.3225,0.016329,0.007514,0.000562,0.002713,18089.79
7.5,Low,HRD1_major,0.43,0.047379,13.2027,0.016945,0.008592,0.000724,0.003072,20486.26
7.5,Low,HRD1_major,0.44,0.047379,14.0829,0.017401,0.009663,0.00091,0.003439,22934.45
7.5,Low,HRD1_major,0.45,0.047379,14.963,0.017713,0.010718,0.00112,0.003813,25424.97
7.5,Low,HRD1_major,0.46,0.047379,15.8432,0.017899,0.011746,0.001353,0.004192,27949.77
7.5,Low,HRD1_major,0.47,0.047379,16.7234,0.017975,0.012741,0.001611,0.004574,30501.89
7.5,Low,HRD1_major,0.48,0.047379,17.6036,0.017956,0.013695,0.001891,0.00496,33075.28
7.5,Low,HRD1_major,0.49,0.047379,18.4838,0.017856,0.014605,0.002193,0.005349,35664.61
7.5,Low,HRD1_major,0.5,0.047379,19.3639,0.017687,0.015468,0.002515,0.005739,38265.15
7.5,Low,HRD1_major,0.51,0.047379,20.2441,0.017461,0.016281,0.002858,0.00613,40872.67
7.5,Low,HRD1_major,0.52,0.047379,21.1243,0.017187,0.017043,0.003219,0.006521,43483.37
7.5,Low,HRD1_major,0.53,0.047379,22.0045,0.016874,0.017754,0.003597,0.006913,46093.8
7.5,Low,HRD1_major,0.54,0.047379,22.8846,0.01653,0.018413,0.003992,0.007304,48700.86
7.5,Low,HRD1_major,0.55,0.047379,23.7648,0.016162,0.019022,0.004402,0.007694,51301.68
7.5,Low,HRD1_major,0.56,0.047379,24.645,0.015774,0.01958,0.004825,0.008082,53893.66
7.5,Low,HRD1_major,0.57,0.047379,25.5252,0.015373,0.020089,0.005261,0.008469,56474.43
7.5,Low,HRD1_major,0.58,0.047379,26.4054,0.014962,0.020552,0.005709,0.008855,59041.81
7.5,Low,HRD1_major,0.59,0.047379,27.2855,0.014545,0.020968,0.006166,0.009237,61593.79
7.5,Low,HRD1_major,0.6,0.047379,28.1657,0.014125,0.021341,0.006633,0.009617,64128.56
7.5,Low,HRD1_major,0.61,0.047379,29.0459,0.013704,0.021671,0.007107,0.009995,66644.43
7.5,Low,HRD1_major,0.62,0.047379,29.9261,0.013286,0.021962,0.007589,0.010369,69139.89
7.5,Low,HRD1_major,0.63,0.047379,30.8063,0.012871,0.022214,0.008076,0.01074,71613.54
7.5,Low,HRD1_major,0.64,0.047379,34.2292,0.011317,0.022867,0.010013,0.012148,81004.13
7.5,Low,HRD1_major,0.65,0.047379,37.6521,0.009894,0.023082,0.011978,0.013496,89989.81
7.5,Low,HRD1_major,0.66,0.047379,41.075,0.008621,0.022956,0.013936,0.014777,98534.05
7.5,Low,HRD1_major,0.67,0.047379,44.4979,0.0075,0.022572,0.015857,0.015989,106617.3
7.5,Low,HRD1_major,0.68,0.047379,47.9208,0.006522,0.021999,0.017722,0.017132,114233.0
7.5,Low,HRD1_major,0.69,0.047379,51.3438,0.005673,0.021293,0.019517,0.018204,121384.37
7.5,Low,HRD1_major,0.7,0.047379,54.7667,0.004938,0.020495,0.021232,0.019208,128081.8
7.5,Low,HRD1_major,0.71,0.047379,58.1896,0.004304,0.019641,0.022862,0.020147,134340.68
7.5,Low,HRD1_major,0.72,0.047379,61.6125,0.003757,0.018756,0.024405,0.021023,140179.82
7.5,Low,HRD1_major,0.73,0.047379,65.0354,0.003285,0.01786,0.025861,0.021839,145620.1
7.5,Low,HRD1_major,0.74,0.047379,68.4583,0.002877,0.016968,0.027229,0.022598,150683.59
7.5,Low,HRD1_major,0.75,0.047379,71.8813,0.002524,0.016091,0.028514,0.023304,155392.72
7.5,Low,HRD1_major,0.76,0.047379,75.3042,0.002219,0.015236,0.029718,0.023961,159769.86
7.5,Low,HRD1_major,0.77,0.047379,78.7271,0.001954,0.01441,0.030844,0.024571,163836.84
7.5,Low,HRD1_major,0.78,0.047379,82.15,0.001724,0.013616,0.031897,0.025137,167614.76
7.5,Low,HRD1_major,0.79,0.047379,85.5729,0.001524,0.012856,0.03288,0.025663,171123.78
7.5,Low,HRD1_major,0.8,0.047379,88.9958,0.00135,0.012132,0.033798,0.026152,174383.02
7.5,Low,HRD1_major,0.81,0.047379,92.4188,0.001197,0.011443,0.034654,0.026606,177410.53
7.5,Low,HRD1_major,0.82,0.047379,95.8417,0.001064,0.010791,0.035452,0.027028,180223.22
7.5,Low,HRD1_major,0.83,0.047379,99.2646,0.000948,0.010174,0.036197,0.02742,182836.91
7.5,Low,HRD1_major,0.84,0.047379,102.6875,0.000845,0.009591,0.036891,0.027784,185266.35
7.5,Low,HRD1_major,0.85,0.047379,102.6875,0.000845,0.009591,0.036891,0.027784,185266.35
7.5,Low,HRD1_major,0.86,0.047379,102.6875,0.000845,0.009591,0.036891,0.027784,185266.35
7.5,Low,HRD1_major,0.87,0.047379,102.6875,0.000845,0.009591,0.036891,0.027784,185266.35
7.5,Low,HRD1_major,0.88,0.047379,102.6875,0.000845,0.009591,0.036891,0.027784,185266.35
7.5,Low,HRD1_major,0.89,0.047379,102.6875,0.000845,0.009591,0.036891,0.027784,185266.35
7.5,Low,HRD1_major,0.9,0.047379,102.6875,0.000845,0.009591,0.036891,0.027784,185266.35
7.5,Low,HRD1_major,0.91,0.047379,102.6875,0.000845,0.009591,0.036891,0.027784,185266.35
7.5,Low,HRD1_major,0.92,0.047379,102.6875,0.000845,0.009591,0.036891,0.027784,185266.35
7.5,Low,HRD1_major,0.93,0.047379,102.6875,0.000845,0.009591,0.036891,0.027784,185266.35
7.5,Low,HRD1_major,0.94,0.047379,102.6875,0.000845,0.009591,0.036891,0.027784,185266.35
7.5,Low,HRD1_major,0.95,0.047379,102.6875,0.000845,0.009591,0.036891,0.027784,185266.35
7.5,Low,HRD1_major,0.96,0.047379,102.6875,0.000845,0.009591,0.036891,0.027784,185266.35
7.5,Low,HRD1_major,0.97,0.047379,102.6875,0.000845,0.009591,0.036891,0.027784,185266.35
7.5,Low,HRD1_major,0.98,0.047379,102.6875,0.000845,0.009591,0.036891,0.027784,185266.35
7.5,Low,HRD1_major,0.99,0.047379,102.6875,0.000845,0.009591,0.036891,0.027784,185266.35
7.5,Low,HRD1_major,1.0,0.047379,102.6875,0.000845,0.009591,0.036891,0.027784,185266.35
7.5,Low,HRD1_major,1.01,0.047379,102.6875,0.000845,0.009591,0.036891,0.027784,185266.35
7.5,Low,HRD1_major,1.02,0.047379,102.6875,0.000845,0.009591,0.036891,0.027784,185266.35
7.5,Low,HRD1_major,1.03,0.047379,102.6875,0.000845,0.009591,0.036891,0.027784,185266.35
7.5,Low,HRD1_major,1.04,0.047379,102.6875,0.000845,0.009591,0.036891,0.027784,185266.35
7.5,Low,HRD1_major,1.05,0.047379,102.6875,0.000845,0.009591,0.036891,0.027784,185266.35
7.5,Low,HRD1_major,1.06,0.047379,102.6875,0.000845,0.009591,0.036891,0.027784,185266.35
7.5,Low,HRD1_major,1.07,0.047379,102.6875,0.000845,0.009591,0.036891,0.027784,185266.35
7.5,Low,HRD1_major,1.08,0.047379,102.6875,0.000845,0.009591,0.036891,0.027784,185266.35
7.5,Low,HRD1_major,1.09,0.047379,102.6875,0.000845,0.009591,0.036891,0.027784,185266.35
7.5,Low,HRD1_major,1.1,0.047379,102.6875,0.000845,0.009591,0.036891,0.027784,185266.35
7.5,Low,HRD1_major,1.11,0.047379,102.6875,0.000845,0.009591,0.036891,0.027784,185266.35
7.5,Low,HRD1_major,1.12,0.047379,102.6875,0.000845,0.009591,0.036891,0.027784,185266.35
7.5,Low,HRD1_major,1.13,0.047379,102.6875,0.000845,0.009591,0.036891,0.027784,185266.35
7.5,Low,HRD1_major,1.14,0.047379,102.6875,0.000845,0.009591,0.036891,0.027784,185266.35
7.5,Low,HRD1_major,1.15,0.047379,102.6875,0.000845,0.009591,0.036891,0.027784,185266.35
7.5,Low,HRD1_major,1.16,0.047379,102.6875,0.000845,0.009591,0.036891,0.027784,185266.35
7.5,Low,HRD1_major,1.17,0.047379,102.6875,0.000845,0.009591,0.036891,0.027784,185266.35
7.5,Low,HRD1_major,1.18,0.047379,102.6875,0.000845,0.009591,0.036891,0.027784,185266.35
7.5,Low,HRD1_major,1.19,0.047379,102.6875,0.000845,0.009591,0.036891,0.027784,185266.35
7.5,Low,HRD1_major,1.2,0.047379,102.6875,0.000845,0.009591,0.036891,0.027784,185266.35
7.5,Low,HRD1_major,1.21,0.047379,102.6875,0.000845,0.009591,0.036891,0.027784,185266.35
7.5,Low,HRD1_major,1.22,0.047379,102.6875,0.000845,0.009591,0.036891,0.027784,185266.35
7.5,Low,HRD1_major,1.23,0.047379,102.6875,0.000845,0.009591,0.036891,0.027784,185266.35
7.5,Low,HRD1_major,1.24,0.047379,102.6875,0.000845,0.009591,0.036891,0.027784,185266.35
7.5,Low,HRD1_major,1.25,0.047379,102.6875,0.000845,0.009591,0.036891,0.027784,185266.35
7.5,Low,HRD1_major,1.26,0.047379,102.6875,0.000845,0.009591,0.036891,0.027784,185266.35
7.5,Low,HRD1_major,1.27,0.047379,102.6875,0.000845,0.009591,0.036891,0.027784,185266.35
7.5,Low,HRD1_major,1.28,0.047379,102.6875,0.000845,0.009591,0.036891,0.027784,185266.35
7.5,Low,HRD1_major,1.29,0.047379,102.6875,0.000845,0.009591,0.036891,0.027784,185266.35
7.5,Low,HRD1_major,1.3,0.047379,102.6875,0.000845,0.009591,0.036891,0.027784,185266.35
7.5,Low,HRD1_major,1.31,0.047379,102.6875,0.000845,0.009591,0.036891,0.027784,185266.35
7.5,Low,HRD1_major,1.32,0.047379,102.6875,0.000845,0.009591,0.036891,0.027784,185266.35
7.5,Low,HRD1_major,1.33,0.047379,102.6875,0.000845,0.009591,0.036891,0.027784,185266.35
7.5,Low,HRD1_major,1.34,0.047379,102.6875,0.000845,0.009591,0.036891,0.027784,185266.35
7.5,Low,HRD1_major,1.35,0.047379,102.6875,0.000845,0.009591,0.036891,0.027784,185266.35
7.5,Low,HRD1_major,1.36,0.047379,102.6875,0.000845,0.009591,0.036891,0.027784,185266.35
7.5,Low,HRD1_major,1.37,0.047379,102.6875,0.000845,0.009591,0.036891,0.027784,185266.35
7.5,Low,HRD1_major,1.38,0.047379,102.6875,0.000845,0.009591,0.036891,0.027784,185266.35
7.5,Low,HRD1_major,1.39,0.047379,102.6875,0.000845,0.009591,0.036891,0.027784,185266.35
7.5,Low,HRD1_major,1.4,0.047379,102.6875,0.000845,0.009591,0.036891,0.027784,185266.35
7.5,Low,HRD1_major,1.41,0.047379,102.6875,0.000845,0.009591,0.036891,0.027784,185266.35
7.5,Low,HRD1_major,1.42,0.047379,102.6875,0.000845,0.009591,0.036891,0.027784,185266.35
7.5,Low,HRD1_major,1.43,0.047379,102.6875,0.000845,0.009591,0.036891,0.027784,185266.35
7.5,Low,HRD1_major,1.44,0.047379,102.6875,0.000845,0.009591,0.036891,0.027784,185266.35
7.5,Low,HRD1_major,1.45,0.047379,102.6875,0.000845,0.009591,0.036891,0.027784,185266.35
7.5,Low,HRD1_major,1.46,0.047379,102.6875,0.000845,0.009591,0.036891,0.027784,185266.35
7.5,Low,HRD1_major,1.47,0.047379,102.6875,0.000845,0.009591,0.036891,0.027784,185266.35
7.5,Low,HRD1_major,1.48,0.047379,102.6875,0.000845,0.009591,0.036891,0.027784,185266.35
7.5,Low,HRD1_major,1.49,0.047379,102.6875,0.000845,0.009591,0.036891,0.027784,185266.35
7.5,Low,HRD1_major,1.5,0.047379,102.6875,0.000845,0.009591,0.036891,0.027784,185266.35
7.5,Low,HRD2_urban,0.0,0.0,0.0,0.0,0.0,0.0,0.0,0.0
7.5,Low,HRD2_urban,0.01,0.0,0.0,0.0,0.0,0.0,0.0,0.0
7.5,Low,HRD2_urban,0.02,0.0,0.0,0.0,0.0,0.0,0.0,0.0
7.5,Low,HRD2_urban,0.03,0.0,0.0,0.0,0.0,0.0,0.0,0.0
7.5,Low,HRD2_urban,0.04,0.0,0.0,0.0,0.0,0.0,0.0,0.0
7.5,Low,HRD2_urban,0.05,0.0,0.0,0.0,0.0,0.0,0.0,0.0
7.5,Low,HRD2_urban,0.06,0.0,0.0,0.0,0.0,0.0,0.0,0.0
7.5,Low,HRD2_urban,0.07,0.0,0.0,0.0,0.0,0.0,0.0,0.0
7.5,Low,HRD2_urban,0.08,0.0,0.0,0.0,0.0,0.0,0.0,0.0
7.5,Low,HRD2_urban,0.09,0.0,0.0,0.0,0.0,0.0,0.0,0.0
7.5,Low,HRD2_urban,0.1,0.0,0.0,0.0,0.0,0.0,0.0,0.0
7.5,Low,HRD2_urban,0.11,0.0,0.0,0.0,0.0,0.0,0.0,0.0
7.5,Low,HRD2_urban,0.12,0.0,0.0,0.0,0.0,0.0,0.0,0.0
7.5,Low,HRD2_urban,0.13,0.0,0.0,0.0,0.0,0.0,0.0,0.0
7.5,Low,HRD2_urban,0.14,0.0,0.0,0.0,0.0,0.0,0.0,0.0
7.5,Low,HRD2_urban,0.15,0.0,0.0,0.0,0.0,0.0,0.0,0.0
7.5,Low,HRD2_urban,0.16,0.0,0.0,0.0,0.0,0.0,0.0,0.0
7.5,Low,HRD2_urban,0.17,0.0,0.0,0.0,0.0,0.0,0.0,0.0
7.5,Low,HRD2_urban,0.18,0.0,0.0,0.0,0.0,0.0,0.0,0.0
7.5,Low,HRD2_urban,0.19,0.0,0.0,0.0,0.0,0.0,0.0,0.0
7.5,Low,HRD2_urban,0.2,0.0,0.0,0.0,0.0,0.0,0.0,0.0
7.5,Low,HRD2_urban,0.21,0.0,1.0,0.0,0.0,0.0,0.0,0.0
7.5,Low,HRD2_urban,0.22,0.002151,1.0,1.1e-05,0.0,0.0,1e-06,2.1
7.5,Low,HRD2_urban,0.23,0.00479,1.1736,4.5e-05,2e-06,0.0,3e-06,9.02
7.5,Low,HRD2_urban,0.24,0.007429,1.7604,0.000274,2.2e-05,1e-06,1.9e-05,61.94
7.5,Low,HRD2_urban,0.25,0.010068,2.3471,0.000807,9.5e-05,5e-06,6.2e-05,208.29
7.5,Low,HRD2_urban,0.26,0.012707,2.9339,0.001668,0.000264,1.7e-05,0.000148,493.7
7.5,Low,HRD2_urban,0.27,0.015346,3.5207,0.002812,0.000566,4.7e-05,0.000287,955.25
7.5,Low,HRD2_urban,0.28,0.017985,4.1075,0.00416,0.001025,0.000105,0.000486,1621.86
7.5,Low,HRD2_urban,0.29,0.020624,4.6943,0.005629,0.001652,0.000204,0.000755,2515.56
7.5,Low,HRD2_urban,0.3,0.023263,5.2811,0.007146,0.002447,0.000355,0.001096,3652.76
7.5,Low,HRD2_urban,0.31,0.025902,5.8679,0.008649,0.003401,0.000572,0.001513,5045.15
7.5,Low,HRD2_urban,0.32,0.028541,6.4546,0.010095,0.004496,0.000865,0.00201,6700.41
7.5,Low,HRD2_urban,0.33,0.03118,7.0414,0.011451,0.005714,0.001244,0.002586,8622.81
7.5,Low,HRD2_urban,0.34,0.033819,7.6282,0.012697,0.007033,0.001717,0.003243,10813.72
7.5,Low,HRD2_urban,0.35,0.036458,8.215,0.013821,0.008433,0.00229,0.003981,13272.04
7.5,Low,HRD2_urban,0.36,0.039097,8.8018,0.014818,0.009893,0.002969,0.004797,15994.63
7.5,Low,HRD2_urban,0.37,0.041736,9.3886,0.015686,0.011392,0.003756,0.005692,18976.64
7.5,Low,HRD2_urban,0.38,0.044375,9.9754,0.01643,0.012914,0.004654,0.006662,22211.81
7.5,Low,HRD2_urban,0.39,0.047014,10.5621,0.017055,0.014441,0.005665,0.007706,25692.8
7.5,Low,HRD2_urban,0.4,0.047379,11.1489,0.016763,0.01523,0.006476,0.008418,28064.33
7.5,Low,HRD2_urban,0.41,0.047379,11.7357,0.016287,0.015821,0.007267,0.009066,30224.52
7.5,Low,HRD2_urban,0.42,0.047379,12.3225,0.015774,0.016329,0.008076,0.009708,32366.45
7.5,Low,HRD2_urban,0.43,0.047379,13.2027,0.014962,0.016945,0.009316,0.010658,35533.51
7.5,Low,HRD2_urban,0.44,0.047379,14.0829,0.014125,0.017401,0.010573,0.011587,38632.65
7.5,Low,HRD2_urban,0.45,0.047379,14.963,0.013286,0.017713,0.011838,0.012493,41652.51
7.5,Low,HRD2_urban,0.46,0.047379,15.8432,0.012461,0.017899,0.0131,0.013373,44584.61
7.5,Low,HRD2_urban,0.47,0.047379,16.7234,0.011662,0.017975,0.014351,0.014224,47422.93
7.5,Low,HRD2_urban,0.48,0.047379,17.6036,0.010896,0.017956,0.015586,0.015046,50163.44
7.5,Low,HRD2_urban,0.49,0.047379,18.4838,0.010167,0.017856,0.016798,0.015838,52803.76
7.5,Low,HRD2_urban,0.5,0.047379,19.3639,0.009477,0.017687,0.017983,0.0166,55342.83
7.5,Low,HRD2_urban,0.51,0.047379,20.2441,0.008829,0.017461,0.019139,0.017331,57780.69
7.5,Low,HRD2_urban,0.52,0.047379,21.1243,0.00822,0.017187,0.020262,0.018032,60118.21
7.5,Low,HRD2_urban,0.53,0.047379,22.0045,0.007651,0.016874,0.021351,0.018703,62356.96
7.5,Low,HRD2_urban,0.54,0.047379,22.8846,0.007121,0.01653,0.022405,0.019346,64499.02
7.5,Low,HRD2_urban,0.55,0.047379,23.7648,0.006627,0.016162,0.023423,0.01996,66546.87
7.5,Low,HRD2_urban,0.56,0.047379,24.645,0.006167,0.015774,0.024405,0.020547,68503.3
7.5,Low,HRD2_urban,0.57,0.047379,25.5252,0.005741,0.015373,0.025351,0.021107,70371.28
7.5,Low,HRD2_urban,0.58,0.047379,26.4054,0.005345,0.014962,0.02626,0.021642,72153.96
7.5,Low,HRD2_urban,0.59,0.047379,27.2855,0.004977,0.014545,0.027134,0.022152,73854.53
7.5,Low,HRD2_urban,0.6,0.047379,28.1657,0.004637,0.014125,0.027974,0.022638,75476.24
7.5,Low,HRD2_urban,0.61,0.047379,29.0459,0.004321,0.013704,0.028779,0.023102,77022.35
7.5,Low,HRD2_urban,0.62,0.047379,29.9261,0.004028,0.013286,0.029551,0.023544,78496.08
7.5,Low,HRD2_urban,0.63,0.047379,30.8063,0.003757,0.012871,0.030291,0.023965,79900.6
7.5,Low,HRD2_urban,0.64,0.047379,34.2292,0.002877,0.011317,0.03288,0.025423,84761.45
7.5,Low,HRD2_urban,0.65,0.047379,37.6521,0.002219,0.009894,0.03506,0.026632,88790.29
7.5,Low,HRD2_urban,0.66,0.047379,41.075,0.001724,0.008621,0.036891,0.027634,92133.06
7.5,Low,HRD2_urban,0.67,0.047379,44.4979,0.00135,0.0075,0.038429,0.028468,94912.16
7.5,Low,HRD2_urban,0.68,0.047379,47.9208,0.001064,0.006522,0.039722,0.029163,97228.61
7.5,Low,HRD2_urban,0.69,0.047379,51.3438,0.000845,0.005673,0.04081,0.029744,99165.11
7.5,Low,HRD2_urban,0.7,0.047379,54.7667,0.000675,0.004938,0.041728,0.030231,100789.07
7.5,Low,HRD2_urban,0.71,0.047379,58.1896,0.000543,0.004304,0.042504,0.03064,102155.34
7.5,Low,HRD2_urban,0.72,0.047379,61.6125,0.00044,0.003757,0.043161,0.030986,103308.57
7.5,Low,HRD2_urban,0.73,0.047379,65.0354,0.000358,0.003285,0.043721,0.031279,104285.15
7.5,Low,HRD2_urban,0.74,0.047379,68.4583,0.000293,0.002877,0.044197,0.031528,105114.78
7.5,Low,HRD2_urban,0.75,0.047379,71.8813,0.000241,0.002524,0.044605,0.03174,105821.79
7.5,Low,HRD2_urban,0.76,0.047379,75.3042,0.000199,0.002219,0.044954,0.031921,106426.15
7.5,Low,HRD2_urban,0.77,0.047379,78.7271,0.000165,0.001954,0.045254,0.032077,106944.31
7.5,Low,HRD2_urban,0.78,0.047379,82.15,0.000138,0.001724,0.045513,0.032211,107389.83
7.5,Low,HRD2_urban,0.79,0.047379,85.5729,0.000115,0.001524,0.045736,0.032326,107773.98
7.5,Low,HRD2_urban,0.8,0.047379,88.9958,9.7e-05,0.00135,0.045929,0.032425,108106.09
7.5,Low,HRD2_urban,0.81,0.047379,92.4188,8.2e-05,0.001197,0.046097,0.032512,108393.98
7.5,Low,HRD2_urban,0.82,0.047379,95.8417,6.9e-05,0.001064,0.046243,0.032587,108644.15
7.5,Low,HRD2_urban,0.83,0.047379,99.2646,5.9e-05,0.000948,0.046371,0.032652,108862.08
7.5,Low,HRD2_urban,0.84,0.047379,102.6875,5e-05,0.000845,0.046482,0.032709,109052.38
7.5,Low,HRD2_urban,0.85,0.047379,102.6875,5e-05,0.000845,0.046482,0.032709,109052.38
7.5,Low,HRD2_urban,0.86,0.047379,102.6875,5e-05,0.000845,0.046482,0.032709,109052.38
7.5,Low,HRD2_urban,0.87,0.047379,102.6875,5e-05,0.000845,0.046482,0.032709,109052.38
7.5,Low,HRD2_urban,0.88,0.047379,102.6875,5e-05,0.000845,0.046482,0.032709,109052.38
7.5,Low,HRD2_urban,0.89,0.047379,102.6875,5e-05,0.000845,0.046482,0.032709,109052.38
7.5,Low,HRD2_urban,0.9,0.047379,102.6875,5e-05,0.000845,0.046482,0.032709,109052.38
7.5,Low,HRD2_urban,0.91,0.047379,102.6875,5e-05,0.000845,0.046482,0.032709,109052.38
7.5,Low,HRD2_urban,0.92,0.047379,102.6875,5e-05,0.000845,0.046482,0.032709,109052.38
7.5,Low,HRD2_urban,0.93,0.047379,102.6875,5e-05,0.000845,0.046482,0.032709,109052.38
7.5,Low,HRD2_urban,0.94,0.047379,102.6875,5e-05,0.000845,0.046482,0.032709,109052.38
7.5,Low,HRD2_urban,0.95,0.047379,102.6875,5e-05,0.000845,0.046482,0.032709,109052.38
7.5,Low,HRD2_urban,0.96,0.047379,102.6875,5e-05,0.000845,0.046482,0.032709,109052.38
7.5,Low,HRD2_urban,0.97,0.047379,102.6875,5e-05,0.000845,0.046482,0.032709,109052.38
7.5,Low,HRD2_urban,0.98,0.047379,102.6875,5e-05,0.000845,0.046482,0.032709,109052.38
7.5,Low,HRD2_urban,0.99,0.047379,102.6875,5e-05,0.000845,0.046482,0.032709,109052.38
7.5,Low,HRD2_urban,1.0,0.047379,102.6875,5e-05,0.000845,0.046482,0.032709,109052.38
7.5,Low,HRD2_urban,1.01,0.047379,102.6875,5e-05,0.000845,0.046482,0.032709,109052.38
7.5,Low,HRD2_urban,1.02,0.047379,102.6875,5e-05,0.000845,0.046482,0.032709,109052.38
7.5,Low,HRD2_urban,1.03,0.047379,102.6875,5e-05,0.000845,0.046482,0.032709,109052.38
7.5,Low,HRD2_urban,1.04,0.047379,102.6875,5e-05,0.000845,0.046482,0.032709,109052.38
7.5,Low,HRD2_urban,1.05,0.047379,102.6875,5e-05,0.000845,0.046482,0.032709,109052.38
7.5,Low,HRD2_urban,1.06,0.047379,102.6875,5e-05,0.000845,0.046482,0.032709,109052.38
7.5,Low,HRD2_urban,1.07,0.047379,102.6875,5e-05,0.000845,0.046482,0.032709,109052.38
7.5,Low,HRD2_urban,1.08,0.047379,102.6875,5e-05,0.000845,0.046482,0.032709,109052.38
7.5,Low,HRD2_urban,1.09,0.047379,102.6875,5e-05,0.000845,0.046482,0.032709,109052.38
7.5,Low,HRD2_urban,1.1,0.047379,102.6875,5e-05,0.000845,0.046482,0.032709,109052.38
7.5,Low,HRD2_urban,1.11,0.047379,102.6875,5e-05,0.000845,0.046482,0.032709,109052.38
7.5,Low,HRD2_urban,1.12,0.047379,102.6875,5e-05,0.000845,0.046482,0.032709,109052.38
7.5,Low,HRD2_urban,1.13,0.047379,102.6875,5e-05,0.000845,0.046482,0.032709,109052.38
7.5,Low,HRD2_urban,1.14,0.047379,102.6875,5e-05,0.000845,0.046482,0.032709,109052.38
7.5,Low,HRD2_urban,1.15,0.047379,102.6875,5e-05,0.000845,0.046482,0.032709,109052.38
7.5,Low,HRD2_urban,1.16,0.047379,102.6875,5e-05,0.000845,0.046482,0.032709,109052.38
7.5,Low,HRD2_urban,1.17,0.047379,102.6875,5e-05,0.000845,0.046482,0.032709,109052.38
7.5,Low,HRD2_urban,1.18,0.047379,102.6875,5e-05,0.000845,0.046482,0.032709,109052.38
7.5,Low,HRD2_urban,1.19,0.047379,102.6875,5e-05,0.000845,0.046482,0.032709,109052.38
7.5,Low,HRD2_urban,1.2,0.047379,102.6875,5e-05,0.000845,0.046482,0.032709,109052.38
7.5,Low,HRD2_urban,1.21,0.047379,102.6875,5e-05,0.000845,0.046482,0.032709,109052.38
7.5,Low,HRD2_urban,1.22,0.047379,102.6875,5e-05,0.000845,0.046482,0.032709,109052.38
7.5,Low,HRD2_urban,1.23,0.047379,102.6875,5e-05,0.000845,0.046482,0.032709,109052.38
7.5,Low,HRD2_urban,1.24,0.047379,102.6875,5e-05,0.000845,0.046482,0.032709,109052.38
7.5,Low,HRD2_urban,1.25,0.047379,102.6875,5e-05,0.000845,0.046482,0.032709,109052.38
7.5,Low,HRD2_urban,1.26,0.047379,102.6875,5e-05,0.000845,0.046482,0.032709,109052.38
7.5,Low,HRD2_urban,1.27,0.047379,102.6875,5e-05,0.000845,0.046482,0.032709,109052.38
7.5,Low,HRD2_urban,1.28,0.047379,102.6875,5e-05,0.000845,0.046482,0.032709,109052.38
7.5,Low,HRD2_urban,1.29,0.047379,102.6875,5e-05,0.000845,0.046482,0.032709,109052.38
7.5,Low,HRD2_urban,1.3,0.047379,102.6875,5e-05,0.000845,0.046482,0.032709,109052.38
7.5,Low,HRD2_urban,1.31,0.047379,102.6875,5e-05,0.000845,0.046482,0.032709,109052.38
7.5,Low,HRD2_urban,1.32,0.047379,102.6875,5e-05,0.000845,0.046482,0.032709,109052.38
7.5,Low,HRD2_urban,1.33,0.047379,102.6875,5e-05,0.000845,0.046482,0.032709,109052.38
7.5,Low,HRD2_urban,1.34,0.047379,102.6875,5e-05,0.000845,0.046482,0.032709,109052.38
7.5,Low,HRD2_urban,1.35,0.047379,102.6875,5e-05,0.000845,0.046482,0.032709,109052.38
7.5,Low,HRD2_urban,1.36,0.047379,102.6875,5e-05,0.000845,0.046482,0.032709,109052.38
7.5,Low,HRD2_urban,1.37,0.047379,102.6875,5e-05,0.000845,0.046482,0.032709,109052.38
7.5,Low,HRD2_urban,1.38,0.047379,102.6875,5e-05,0.000845,0.046482,0.032709,109052.38
7.5,Low,HRD2_urban,1.39,0.047379,102.6875,5e-05,0.000845,0.046482,0.032709,109052.38
7.5,Low,HRD2_urban,1.4,0.047379,102.6875,5e-05,0.000845,0.046482,0.032709,109052.38
7.5,Low,HRD2_urban,1.41,0.047379,102.6875,5e-05,0.000845,0.046482,0.032709,109052.38
7.5,Low,HRD2_urban,1.42,0.047379,102.6875,5e-05,0.000845,0.046482,0.032709,109052.38
7.5,Low,HRD2_urban,1.43,0.047379,102.6875,5e-05,0.000845,0.046482,0.032709,109052.38
7.5,Low,HRD2_urban,1.44,0.047379,102.6875,5e-05,0.000845,0.046482,0.032709,109052.38
7.5,Low,HRD2_urban,1.45,0.047379,102.6875,5e-05,0.000845,0.046482,0.032709,109052.38
7.5,Low,HRD2_urban,1.46,0.047379,102.6875,5e-05,0.000845,0.046482,0.032709,109052.38
7.5,Low,HRD2_urban,1.47,0.047379,102.6875,5e-05,0.000845,0.046482,0.032709,109052.38
7.5,Low,HRD2_urban,1.48,0.047379,102.6875,5e-05,0.000845,0.046482,0.032709,109052.38
7.5,Low,HRD2_urban,1.49,0.047379,102.6875,5e-05,0.000845,0.046482,0.032709,109052.38
7.5,Low,HRD2_urban,1.5,0.047379,102.6875,5e-05,0.000845,0.046482,0.032709,109052.38
7.5,VeryLow,HRD1_major,0.0,0.0,0.0,0.0,0.0,0.0,0.0,0.0
7.5,VeryLow,HRD1_major,0.01,0.0,0.0,0.0,0.0,0.0,0.0,0.0
7.5,VeryLow,HRD1_major,0.02,0.0,0.0,0.0,0.0,0.0,0.0,0.0
7.5,VeryLow,HRD1_major,0.03,0.0,0.0,0.0,0.0,0.0,0.0,0.0
7.5,VeryLow,HRD1_major,0.04,0.0,0.0,0.0,0.0,0.0,0.0,0.0
7.5,VeryLow,HRD1_major,0.05,0.0,0.0,0.0,0.0,0.0,0.0,0.0
7.5,VeryLow,HRD1_major,0.06,0.0,0.0,0.0,0.0,0.0,0.0,0.0
7.5,VeryLow,HRD1_major,0.07,0.0,0.0,0.0,0.0,0.0,0.0,0.0
7.5,VeryLow,HRD1_major,0.08,0.0,0.0,0.0,0.0,0.0,0.0,0.0
7.5,VeryLow,HRD1_major,0.09,0.0,0.0,0.0,0.0,0.0,0.0,0.0
7.5,VeryLow,HRD1_major,0.1,0.0,0.0,0.0,0.0,0.0,0.0,0.0
7.5,VeryLow,HRD1_major,0.11,0.0,0.0,0.0,0.0,0.0,0.0,0.0
7.5,VeryLow,HRD1_major,0.12,0.0,0.0,0.0,0.0,0.0,0.0,0.0
7.5,VeryLow,HRD1_major,0.13,0.0,0.0,0.0,0.0,0.0,0.0,0.0
7.5,VeryLow,HRD1_major,0.14,0.0,0.0,0.0,0.0,0.0,0.0,0.0
7.5,VeryLow,HRD1_major,0.15,0.0,0.0,0.0,0.0,0.0,0.0,0.0
7.5,VeryLow,HRD1_major,0.16,0.0,0.0,0.0,0.0,0.0,0.0,0.0
7.5,VeryLow,HRD1_major,0.17,0.0,0.0,0.0,0.0,0.0,0.0,0.0
7.5,VeryLow,HRD1_major,0.18,0.0,0.0,0.0,0.0,0.0,0.0,0.0
7.5,VeryLow,HRD1_major,0.19,0.0,0.0,0.0,0.0,0.0,0.0,0.0
7.5,VeryLow,HRD1_major,0.2,0.0,0.0,0.0,0.0,0.0,0.0,0.0
7.5,VeryLow,HRD1_major,0.21,0.0,0.0,0.0,0.0,0.0,0.0,0.0
7.5,VeryLow,HRD1_major,0.22,0.0,0.0,0.0,0.0,0.0,0.0,0.0
7.5,VeryLow,HRD1_major,0.23,0.0,0.0,0.0,0.0,0.0,0.0,0.0
7.5,VeryLow,HRD1_major,0.24,0.0,0.0,0.0,0.0,0.0,0.0,0.0
7.5,VeryLow,HRD1_major,0.25,0.0,0.0,0.0,0.0,0.0,0.0,0.0
7.5,VeryLow,HRD1_major,0.26,3e-05,0.0,0.0,0.0,0.0,0.0,0.0
7.5,VeryLow,HRD1_major,0.27,0.000819,0.4739,0.0,0.0,0.0,0.0,0.0
7.5,VeryLow,HRD1_major,0.28,0.001607,0.9479,0.0,0.0,0.0,0.0,0.08
7.5,VeryLow,HRD1_major,0.29,0.002395,1.4218,3e-06,0.0,0.0,0.0,0.99
7.5,VeryLow,HRD1_major,0.3,0.003184,1.8958,1.3e-05,0.0,0.0,1e-06,4.91
7.5,VeryLow,HRD1_major,0.31,0.003972,2.3697,3.9e-05,2e-06,0.0,2e-06,15.46
7.5,VeryLow,HRD1_major,0.32,0.004761,2.8437,8.9e-05,5e-06,0.0,6e-06,37.11
7.5,VeryLow,HRD1_major,0.33,0.005549,3.3176,0.000171,1.3e-05,0.0,1.1e-05,74.66
7.5,VeryLow,HRD1_major,0.34,0.006337,3.7915,0.00029,2.6e-05,0.0,2e-05,132.84
7.5,VeryLow,HRD1_major,0.35,0.007126,4.2655,0.000449,4.8e-05,1e-06,3.2e-05,216.03
7.5,VeryLow,HRD1_major,0.36,0.007914,4.7394,0.000649,8e-05,1e-06,4.9e-05,328.23
7.5,VeryLow,HRD1_major,0.37,0.008703,5.2134,0.00089,0.000125,2e-06,7.1e-05,472.93
7.5,VeryLow,HRD1_major,0.38,0.009491,5.6873,0.001169,0.000185,4e-06,9.8e-05,653.17
7.5,VeryLow,HRD1_major,0.39,0.010279,6.1613,0.001485,0.000262,6e-06,0.000131,871.56
7.5,VeryLow,HRD1_major,0.4,0.011068,6.6352,0.001832,0.000357,9e-06,0.00017,1130.32
7.5,VeryLow,HRD1_major,0.41,0.011856,7.1091,0.002207,0.000474,1.4e-05,0.000215,1431.33
7.5,VeryLow,HRD1_major,0.42,0.012644,7.5831,0.002606,0.000611,2e-05,0.000266,1776.15
7.5,VeryLow,HRD1_major,0.43,0.013433,8.057,0.003025,0.000771,2.8e-05,0.000325,2166.12
7.5,VeryLow,HRD1_major,0.44,0.014221,8.531,0.003459,0.000954,3.8e-05,0.00039,2602.33
7.5,VeryLow,HRD1_major,0.45,0.01501,9.0049,0.003905,0.001161,5.1e-05,0.000463,3085.69
7.5,VeryLow,HRD1_major,0.46,0.015798,9.4788,0.004358,0.001391,6.6e-05,0.000542,3616.96
7.5,VeryLow,HRD1_major,0.47,0.016586,9.9528,0.004816,0.001645,8.5e-05,0.000629,4196.76
7.5,VeryLow,HRD1_major,0.48,0.017375,10.4267,0.005275,0.001922,0.000108,0.000724,4825.59
7.5,VeryLow,HRD1_major,0.49,0.018163,10.9007,0.005733,0.002222,0.000135,0.000825,5503.84
7.5,VeryLow,HRD1_major,0.5,0.018951,11.3746,0.006187,0.002545,0.000166,0.000935,6231.83
7.5,VeryLow,HRD1_major,0.51,0.018951,11.8486,0.00637,0.002774,0.000194,0.001009,6729.84
7.5,VeryLow,HRD1_major,0.52,0.018951,12.3225,0.006532,0.003006,0.000225,0.001085,7235.92
7.5,VeryLow,HRD1_major,0.53,0.018951,13.0334,0.006736,0.003354,0.000276,0.001201,8008.43
7.5,VeryLow,HRD1_major,0.54,0.018951,13.7443,0.006897,0.003701,0.000334,0.001319,8794.94
7.5,VeryLow,HRD1_major,0.55,0.018951,14.4552,0.00702,0.004045,0.000398,0.001439,9593.39
7.5,VeryLow,HRD1_major,0.56,0.018951,15.1662,0.007107,0.004383,0.000469,0.00156,10401.94
7.5,VeryLow,HRD1_major,0.57,0.018951,15.8771,0.007162,0.004714,0.000545,0.001683,11218.99
7.5,VeryLow,HRD1_major,0.58,0.018951,16.588,0.007188,0.005036,0.000628,0.001806,12043.09
7.5,VeryLow,HRD1_major,0.59,0.018951,17.2989,0.007189,0.005348,0.000717,0.001931,12872.97
7.5,VeryLow,HRD1_major,0.6,0.018951,18.0098,0.007168,0.005648,0.000811,0.002056,13707.47
7.5,VeryLow,HRD1_major,0.61,0.018951,18.7207,0.007127,0.005937,0.000911,0.002181,14545.54
7.5,VeryLow,HRD1_major,0.62,0.018951,19.4316,0.007069,0.006213,0.001016,0.002307,15386.21
7.5,VeryLow,HRD1_major,0.63,0.018951,20.1425,0.006996,0.006476,0.001127,0.002434,16228.63
7.5,VeryLow,HRD1_major,0.64,0.018951,20.8535,0.00691,0.006726,0.001242,0.00256,17071.98
7.5,VeryLow,HRD1_major,0.65,0.018951,21.5644,0.006814,0.006962,0.001362,0.002687,17915.53
7.5,VeryLow,HRD1_major,0.66,0.018951,22.2753,0.006709,0.007185,0.001487,0.002813,18758.59
7.5,VeryLow,HRD1_major,0.67,0.018951,22.9862,0.006596,0.007394,0.001615,0.002939,19600.53
7.5,VeryLow,HRD1_major,0.68,0.018951,23.6971,0.006476,0.007591,0.001748,0.003066,20440.76
7.5,VeryLow,HRD1_major,0.69,0.018951,24.408,0.006352,0.007774,0.001884,0.003191,21278.73
7.5,VeryLow,HRD1_major,0.7,0.018951,25.1189,0.006224,0.007944,0.002023,0.003316,22113.94
7.5,VeryLow,HRD1_major,0.71,0.018951,25.8299,0.006093,0.008102,0.002166,0.003441,22945.9
7.5,VeryLow,HRD1_major,0.72,0.018951,26.5408,0.005959,0.008247,0.002311,0.003565,23774.19
7.5,VeryLow,HRD1_major,0.73,0.018951,27.2517,0.005824,0.008381,0.002459,0.003689,24598.38
7.5,VeryLow,HRD1_major,0.74,0.018951,27.9626,0.005689,0.008503,0.00261,0.003812,25418.09
7.5,VeryLow,HRD1_major,0.75,0.018951,28.6735,0.005553,0.008615,0.002762,0.003934,26232.97
7.5,VeryLow,HRD1_major,0.76,0.018951,29.3844,0.005417,0.008715,0.002917,0.004056,27042.69
7.5,VeryLow,HRD1_major,0.77,0.018951,30.0953,0.005282,0.008805,0.003073,0.004176,27846.93
7.5,VeryLow,HRD1_major,0.78,0.018951,30.8063,0.005148,0.008886,0.003231,0.004296,28645.42
7.5,VeryLow,HRD1_major,0.79,0.018951,33.5709,0.004643,0.009112,0.003855,0.004753,31691.29
7.5,VeryLow,HRD1_major,0.8,0.018951,36.3356,0.00417,0.009218,0.004489,0.005194,34633.78
7.5,VeryLow,HRD1_major,0.81,0.018951,39.1002,0.003735,0.009226,0.005124,0.005618,37464.01
7.5,VeryLow,HRD1_major,0.82,0.018951,41.8649,0.00334,0.009155,0.005753,0.006025,40176.3
7.5,VeryLow,HRD1_major,0.83,0.018951,44.6296,0.002984,0.009021,0.006372,0.006414,42767.54
7.5,VeryLow,HRD1_major,0.84,0.018951,47.3942,0.002665,0.008839,0.006976,0.006784,45236.7
7.5,VeryLow,HRD1_major,0.85,0.018951,50.1589,0.002381,0.00862,0.007562,0.007136,47584.37
7.5,VeryLow,HRD1_major,0.86,0.018951,52.9236,0.002128,0.008374,0.008128,0.00747,49812.43
7.5,VeryLow,HRD1_major,0.87,0.018951,55.6882,0.001903,0.008108,0.008672,0.007787,51923.72
7.5,VeryLow,HRD1_major,0.88,0.018951,58.4529,0.001704,0.00783,0.009194,0.008087,53921.8
7.5,VeryLow,HRD1_major,0.89,0.018951,61.2175,0.001526,0.007544,0.009693,0.00837,55810.73
7.5,VeryLow,HRD1_major,0.9,0.018951,63.9822,0.001369,0.007254,0.010169,0.008638,57594.94
7.5,VeryLow,HRD1_major,0.91,0.018951,66.7469,0.001229,0.006965,0.010622,0.00889,59279.02
7.5,VeryLow,HRD1_major,0.92,0.018951,69.5115,0.001105,0.006678,0.011053,0.009128,60867.7
7.5,VeryLow,HRD1_major,0.93,0.018951,72.2762,0.000995,0.006396,0.011463,0.009353,62365.72
7.5,VeryLow,HRD1_major,0.94,0.018951,75.0409,0.000896,0.00612,0.011851,0.009565,63777.78
7.5,VeryLow,HRD1_major,0.95,0.018951,77.8055,0.000809,0.005852,0.012219,0.009764,65108.47
7.5,VeryLow,HRD1_major,0.96,0.018951,80.5702,0.00073,0.005591,0.012568,0.009952,66362.28
7.5,VeryLow,HRD1_major,0.97,0.018951,83.3349,0.000661,0.005339,0.012898,0.01013,67543.54
7.5,VeryLow,HRD1_major,0.98,0.018951,86.0995,0.000598,0.005097,0.01321,0.010296,68656.4
7.5,VeryLow,HRD1_major,0.99,0.018951,88.8642,0.000542,0.004864,0.013505,0.010454,69704.83
7.5,VeryLow,HRD1_major,1.0,0.018951,91.6288,0.000492,0.00464,0.013785,0.010602,70692.62
7.5,VeryLow,HRD1_major,1.01,0.018951,94.3935,0.000447,0.004425,0.014049,0.010741,71623.37
7.5,VeryLow,HRD1_major,1.02,0.018951,97.1582,0.000407,0.00422,0.014298,0.010873,72500.48
7.5,VeryLow,HRD1_major,1.03,0.018951,99.9228,0.000371,0.004024,0.014534,0.010997,73327.19
7.5,VeryLow,HRD1_major,1.04,0.018951,102.6875,0.000338,0.003836,0.014757,0.011114,74106.54
7.5,VeryLow,HRD1_major,1.05,0.018951,102.6875,0.000338,0.003836,0.014757,0.011114,74106.54
7.5,VeryLow,HRD1_major,1.06,0.018951,102.6875,0.000338,0.003836,0.014757,0.011114,74106.54
7.5,VeryLow,HRD1_major,1.07,0.018951,102.6875,0.000338,0.003836,0.014757,0.011114,74106.54
7.5,VeryLow,HRD1_major,1.08,0.018951,102.6875,0.000338,0.003836,0.014757,0.011114,74106.54
7.5,VeryLow,HRD1_major,1.09,0.018951,102.6875,0.000338,0.003836,0.014757,0.011114,74106.54
7.5,VeryLow,HRD1_major,1.1,0.018951,102.6875,0.000338,0.003836,0.014757,0.011114,74106.54
7.5,VeryLow,HRD1_major,1.11,0.018951,102.6875,0.000338,0.003836,0.014757,0.011114,74106.54
7.5,VeryLow,HRD1_major,1.12,0.018951,102.6875,0.000338,0.003836,0.014757,0.011114,74106.54
7.5,VeryLow,HRD1_major,1.13,0.018951,102.6875,0.000338,0.003836,0.014757,0.011114,74106.54
7.5,VeryLow,HRD1_major,1.14,0.018951,102.6875,0.000338,0.003836,0.014757,0.011114,74106.54
7.5,VeryLow,HRD1_major,1.15,0.018951,102.6875,0.000338,0.003836,0.014757,0.011114,74106.54
7.5,VeryLow,HRD1_major,1.16,0.018951,102.6875,0.000338,0.003836,0.014757,0.011114,74106.54
7.5,VeryLow,HRD1_major,1.17,0.018951,102.6875,0.000338,0.003836,0.014757,0.011114,74106.54
7.5,VeryLow,HRD1_major,1.18,0.018951,102.6875,0.000338,0.003836,0.014757,0.011114,74106.54
7.5,VeryLow,HRD1_major,1.19,0.018951,102.6875,0.000338,0.003836,0.014757,0.011114,74106.54
7.5,VeryLow,HRD1_major,1.2,0.018951,102.6875,0.000338,0.003836,0.014757,0.011114,74106.54
7.5,VeryLow,HRD1_major,1.21,0.018951,102.6875,0.000338,0.003836,0.014757,0.011114,74106.54
7.5,VeryLow,HRD1_major,1.22,0.018951,102.6875,0.000338,0.003836,0.014757,0.011114,74106.54
7.5,VeryLow,HRD1_major,1.23,0.018951,102.6875,0.000338,0.003836,0.014757,0.011114,74106.54
7.5,VeryLow,HRD1_major,1.24,0.018951,102.6875,0.000338,0.003836,0.014757,0.011114,74106.54
7.5,VeryLow,HRD1_major,1.25,0.018951,102.6875,0.000338,0.003836,0.014757,0.011114,74106.54
7.5,VeryLow,HRD1_major,1.26,0.018951,102.6875,0.000338,0.003836,0.014757,0.011114,74106.54
7.5,VeryLow,HRD1_major,1.27,0.018951,102.6875,0.000338,0.003836,0.014757,0.011114,74106.54
7.5,VeryLow,HRD1_major,1.28,0.018951,102.6875,0.000338,0.003836,0.014757,0.011114,74106.54
7.5,VeryLow,HRD1_major,1.29,0.018951,102.6875,0.000338,0.003836,0.014757,0.011114,74106.54
7.5,VeryLow,HRD1_major,1.3,0.018951,102.6875,0.000338,0.003836,0.014757,0.011114,74106.54
7.5,VeryLow,HRD1_major,1.31,0.018951,102.6875,0.000338,0.003836,0.014757,0.011114,74106.54
7.5,VeryLow,HRD1_major,1.32,0.018951,102.6875,0.000338,0.003836,0.014757,0.011114,74106.54
7.5,VeryLow,HRD1_major,1.33,0.018951,102.6875,0.000338,0.003836,0.014757,0.011114,74106.54
7.5,VeryLow,HRD1_major,1.34,0.018951,102.6875,0.000338,0.003836,0.014757,0.011114,74106.54
7.5,VeryLow,HRD1_major,1.35,0.018951,102.6875,0.000338,0.003836,0.014757,0.011114,74106.54
7.5,VeryLow,HRD1_major,1.36,0.018951,102.6875,0.000338,0.003836,0.014757,0.011114,74106.54
7.5,VeryLow,HRD1_major,1.37,0.018951,102.6875,0.000338,0.003836,0.014757,0.011114,74106.54
7.5,VeryLow,HRD1_major,1.38,0.018951,102.6875,0.000338,0.003836,0.014757,0.011114,74106.54
7.5,VeryLow,HRD1_major,1.39,0.018951,102.6875,0.000338,0.003836,0.014757,0.011114,74106.54
7.5,VeryLow,HRD1_major,1.4,0.018951,102.6875,0.000338,0.003836,0.014757,0.011114,74106.54
7.5,VeryLow,HRD1_major,1.41,0.018951,102.6875,0.000338,0.003836,0.014757,0.011114,74106.54
7.5,VeryLow,HRD1_major,1.42,0.018951,102.6875,0.000338,0.003836,0.014757,0.011114,74106.54
7.5,VeryLow,HRD1_major,1.43,0.018951,102.6875,0.000338,0.003836,0.014757,0.011114,74106.54
7.5,VeryLow,HRD1_major,1.44,0.018951,102.6875,0.000338,0.003836,0.014757,0.011114,74106.54
7.5,VeryLow,HRD1_major,1.45,0.018951,102.6875,0.000338,0.003836,0.014757,0.011114,74106.54
7.5,VeryLow,HRD1_major,1.46,0.018951,102.6875,0.000338,0.003836,0.014757,0.011114,74106.54
7.5,VeryLow,HRD1_major,1.47,0.018951,102.6875,0.000338,0.003836,0.014757,0.011114,74106.54
7.5,VeryLow,HRD1_major,1.48,0.018951,102.6875,0.000338,0.003836,0.014757,0.011114,74106.54
7.5,VeryLow,HRD1_major,1.49,0.018951,102.6875,0.000338,0.003836,0.014757,0.011114,74106.54
7.5,VeryLow,HRD1_major,1.5,0.018951,102.6875,0.000338,0.003836,0.014757,0.011114,74106.54
7.5,VeryLow,HRD2_urban,0.0,0.0,0.0,0.0,0.0,0.0,0.0,0.0
7.5,VeryLow,HRD2_urban,0.01,0.0,0.0,0.0,0.0,0.0,0.0,0.0
7.5,VeryLow,HRD2_urban,0.02,0.0,0.0,0.0,0.0,0.0,0.0,0.0
7.5,VeryLow,HRD2_urban,0.03,0.0,0.0,0.0,0.0,0.0,0.0,0.0
7.5,VeryLow,HRD2_urban,0.04,0.0,0.0,0.0,0.0,0.0,0.0,0.0
7.5,VeryLow,HRD2_urban,0.05,0.0,0.0,0.0,0.0,0.0,0.0,0.0
7.5,VeryLow,HRD2_urban,0.06,0.0,0.0,0.0,0.0,0.0,0.0,0.0
7.5,VeryLow,HRD2_urban,0.07,0.0,0.0,0.0,0.0,0.0,0.0,0.0
7.5,VeryLow,HRD2_urban,0.08,0.0,0.0,0.0,0.0,0.0,0.0,0.0
7.5,VeryLow,HRD2_urban,0.09,0.0,0.0,0.0,0.0,0.0,0.0,0.0
7.5,VeryLow,HRD2_urban,0.1,0.0,0.0,0.0,0.0,0.0,0.0,0.0
7.5,VeryLow,HRD2_urban,0.11,0.0,0.0,0.0,0.0,0.0,0.0,0.0
7.5,VeryLow,HRD2_urban,0.12,0.0,0.0,0.0,0.0,0.0,0.0,0.0
7.5,VeryLow,HRD2_urban,0.13,0.0,0.0,0.0,0.0,0.0,0.0,0.0
7.5,VeryLow,HRD2_urban,0.14,0.0,0.0,0.0,0.0,0.0,0.0,0.0
7.5,VeryLow,HRD2_urban,0.15,0.0,0.0,0.0,0.0,0.0,0.0,0.0
7.5,VeryLow,HRD2_urban,0.16,0.0,0.0,0.0,0.0,0.0,0.0,0.0
7.5,VeryLow,HRD2_urban,0.17,0.0,0.0,0.0,0.0,0.0,0.0,0.0
7.5,VeryLow,HRD2_urban,0.18,0.0,0.0,0.0,0.0,0.0,0.0,0.0
7.5,VeryLow,HRD2_urban,0.19,0.0,0.0,0.0,0.0,0.0,0.0,0.0
7.5,VeryLow,HRD2_urban,0.2,0.0,0.0,0.0,0.0,0.0,0.0,0.0
7.5,VeryLow,HRD2_urban,0.21,0.0,0.0,0.0,0.0,0.0,0.0,0.0
7.5,VeryLow,HRD2_urban,0.22,0.0,0.0,0.0,0.0,0.0,0.0,0.0
7.5,VeryLow,HRD2_urban,0.23,0.0,0.0,0.0,0.0,0.0,0.0,0.0
7.5,VeryLow,HRD2_urban,0.24,0.0,0.0,0.0,0.0,0.0,0.0,0.0
7.5,VeryLow,HRD2_urban,0.25,0.0,0.0,0.0,0.0,0.0,0.0,0.0
7.5,VeryLow,HRD2_urban,0.26,3e-05,0.0,0.0,0.0,0.0,0.0,0.0
7.5,VeryLow,HRD2_urban,0.27,0.000819,0.4739,0.0,0.0,0.0,0.0,0.02
7.5,VeryLow,HRD2_urban,0.28,0.001607,0.9479,7e-06,0.0,0.0,0.0,1.24
7.5,VeryLow,HRD2_urban,0.29,0.002395,1.4218,4.5e-05,3e-06,0.0,3e-06,9.42
7.5,VeryLow,HRD2_urban,0.3,0.003184,1.8958,0.000145,1.3e-05,0.0,1e-05,33.92
7.5,VeryLow,HRD2_urban,0.31,0.003972,2.3697,0.000326,3.9e-05,2e-06,2.5e-05,84.54
7.5,VeryLow,HRD2_urban,0.32,0.004761,2.8437,0.000587,8.9e-05,6e-06,5.1e-05,169.96
7.5,VeryLow,HRD2_urban,0.33,0.005549,3.3176,0.000918,0.000171,1.3e-05,8.9e-05,297.43
7.5,VeryLow,HRD2_urban,0.34,0.006337,3.7915,0.001306,0.00029,2.7e-05,0.000142,472.88
7.5,VeryLow,HRD2_urban,0.35,0.007126,4.2655,0.001733,0.000449,4.8e-05,0.00021,701.07
7.5,VeryLow,HRD2_urban,0.36,0.007914,4.7394,0.002183,0.000649,8.1e-05,0.000296,985.79
7.5,VeryLow,HRD2_urban,0.37,0.008703,5.2134,0.002642,0.00089,0.000127,0.000399,1329.99
7.5,VeryLow,HRD2_urban,0.38,0.009491,5.6873,0.003098,0.001169,0.000188,0.000521,1735.91
7.5,VeryLow,HRD2_urban,0.39,0.010279,6.1613,0.003543,0.001485,0.000268,0.000661,2205.13
7.5,VeryLow,HRD2_urban,0.4,0.011068,6.6352,0.003968,0.001832,0.000367,0.000821,2738.68
7.5,VeryLow,HRD2_urban,0.41,0.011856,7.1091,0.004369,0.002207,0.000487,0.001001,3337.11
7.5,VeryLow,HRD2_urban,0.42,0.012644,7.5831,0.004742,0.002606,0.000631,0.0012,4000.54
7.5,VeryLow,HRD2_urban,0.43,0.013433,8.057,0.005085,0.003025,0.000799,0.001418,4728.7
7.5,VeryLow,HRD2_urban,0.44,0.014221,8.531,0.005396,0.003459,0.000992,0.001656,5521.0
7.5,VeryLow,HRD2_urban,0.45,0.01501,9.0049,0.005677,0.003905,0.001211,0.001913,6376.58
7.5,VeryLow,HRD2_urban,0.46,0.015798,9.4788,0.005926,0.004358,0.001457,0.002188,7294.34
7.5,VeryLow,HRD2_urban,0.47,0.016586,9.9528,0.006145,0.004816,0.00173,0.002481,8272.97
7.5,VeryLow,HRD2_urban,0.48,0.017375,10.4267,0.006335,0.005275,0.00203,0.002793,9311.01
7.5,VeryLow,HRD2_urban,0.49,0.018163,10.9007,0.006498,0.005733,0.002357,0.003121,10406.85
7.5,VeryLow,HRD2_urban,0.5,0.018951,11.3746,0.006634,0.006187,0.002711,0.003467,11558.78
7.5,VeryLow,HRD2_urban,0.51,0.018951,11.8486,0.006476,0.00637,0.002969,0.003676,12255.21
7.5,VeryLow,HRD2_urban,0.52,0.018951,12.3225,0.00631,0.006532,0.003231,0.003883,12946.58
7.5,VeryLow,HRD2_urban,0.53,0.018951,13.0334,0.006048,0.006736,0.00363,0.004191,13971.73
7.5,VeryLow,HRD2_urban,0.54,0.018951,13.7443,0.005779,0.006897,0.004035,0.004493,14979.8
7.5,VeryLow,HRD2_urban,0.55,0.018951,14.4552,0.005508,0.00702,0.004443,0.00479,15968.2
7.5,VeryLow,HRD2_urban,0.56,0.018951,15.1662,0.005238,0.007107,0.004852,0.005079,16934.88
7.5,VeryLow,HRD2_urban,0.57,0.018951,15.8771,0.004972,0.007162,0.005259,0.005362,17878.22
7.5,VeryLow,HRD2_urban,0.58,0.018951,16.588,0.004713,0.007188,0.005664,0.005638,18797.02
7.5,VeryLow,HRD2_urban,0.59,0.018951,17.2989,0.004463,0.007189,0.006064,0.005906,19690.42
7.5,VeryLow,HRD2_urban,0.6,0.018951,18.0098,0.004222,0.007168,0.006459,0.006166,20557.84
7.5,VeryLow,HRD2_urban,0.61,0.018951,18.7207,0.003991,0.007127,0.006848,0.006418,21398.93
7.5,VeryLow,HRD2_urban,0.62,0.018951,19.4316,0.00377,0.007069,0.007229,0.006663,22213.58
7.5,VeryLow,HRD2_urban,0.63,0.018951,20.1425,0.003561,0.006996,0.007603,0.006899,23001.82
7.5,VeryLow,HRD2_urban,0.64,0.018951,20.8535,0.003361,0.00691,0.007968,0.007128,23763.83
7.5,VeryLow,HRD2_urban,0.65,0.018951,21.5644,0.003172,0.006814,0.008324,0.007349,24499.92
7.5,VeryLow,HRD2_urban,0.66,0.018951,22.2753,0.002994,0.006709,0.008672,0.007562,25210.5
7.5,VeryLow,HRD2_urban,0.67,0.018951,22.9862,0.002825,0.006596,0.00901,0.007767,25896.03
7.5,VeryLow,HRD2_urban,0.68,0.018951,23.6971,0.002665,0.006476,0.009339,0.007966,26557.05
7.5,VeryLow,HRD2_urban,0.69,0.018951,24.408,0.002515,0.006352,0.009658,0.008157,27194.16
7.5,VeryLow,HRD2_urban,0.7,0.018951,25.1189,0.002373,0.006224,0.009968,0.008341,27807.97
7.5,VeryLow,HRD2_urban,0.71,0.018951,25.8299,0.00224,0.006093,0.010268,0.008518,28399.14
7.5,VeryLow,HRD2_urban,0.72,0.018951,26.5408,0.002115,0.005959,0.010559,0.008689,28968.34
7.5,VeryLow,HRD2_urban,0.73,0.018951,27.2517,0.001996,0.005824,0.010841,0.008853,29516.24
7.5,VeryLow,HRD2_urban,0.74,0.018951,27.9626,0.001885,0.005689,0.011113,0.009011,30043.53
7.5,VeryLow,HRD2_urban,0.75,0.018951,28.6735,0.001781,0.005553,0.011377,0.009163,30550.9
7.5,VeryLow,HRD2_urban,0.76,0.018951,29.3844,0.001682,0.005417,0.011632,0.00931,31039.03
7.5,VeryLow,HRD2_urban,0.77,0.018951,30.0953,0.00159,0.005282,0.011878,0.009451,31508.59
7.5,VeryLow,HRD2_urban,0.78,0.018951,30.8063,0.001503,0.005148,0.012116,0.009586,31960.24
7.5,VeryLow,HRD2_urban,0.79,0.018951,33.5709,0.001211,0.004643,0.012966,0.010066,33558.48
7.5,VeryLow,HRD2_urban,0.8,0.018951,36.3356,0.00098,0.00417,0.013706,0.010477,34931.75
7.5,VeryLow,HRD2_urban,0.81,0.018951,39.1002,0.000797,0.003735,0.01435,0.010832,36112.26
7.5,VeryLow,HRD2_urban,0.82,0.018951,41.8649,0.000651,0.00334,0.014908,0.011136,37128.17
7.5,VeryLow,HRD2_urban,0.83,0.018951,44.6296,0.000535,0.002984,0.015393,0.011399,38003.69
7.5,VeryLow,HRD2_urban,0.84,0.018951,47.3942,0.000441,0.002665,0.015815,0.011626,38759.54
7.5,VeryLow,HRD2_urban,0.85,0.018951,50.1589,0.000366,0.002381,0.016182,0.011822,39413.31
7.5,VeryLow,HRD2_urban,0.86,0.018951,52.9236,0.000305,0.002128,0.016501,0.011992,39979.95
7.5,VeryLow,HRD2_urban,0.87,0.018951,55.6882,0.000255,0.001903,0.01678,0.012139,40472.1
7.5,VeryLow,HRD2_urban,0.88,0.018951,58.4529,0.000214,0.001704,0.017023,0.012268,40900.44
7.5,VeryLow,HRD2_urban,0.89,0.018951,61.2175,0.00018,0.001526,0.017236,0.01238,41274.06
7.5,VeryLow,HRD2_urban,0.9,0.018951,63.9822,0.000152,0.001369,0.017423,0.012478,41600.63
7.5,VeryLow,HRD2_urban,0.91,0.018951,66.7469,0.000129,0.001229,0.017587,0.012563,41886.68
7.5,VeryLow,HRD2_urban,0.92,0.018951,69.5115,0.00011,0.001105,0.017732,0.012639,42137.75
7.5,VeryLow,HRD2_urban,0.93,0.018951,72.2762,9.4e-05,0.000995,0.017859,0.012705,42358.57
7.5,VeryLow,HRD2_urban,0.94,0.018951,75.0409,8.1e-05,0.000896,0.017972,0.012763,42553.17
7.5,VeryLow,HRD2_urban,0.95,0.018951,77.8055,6.9e-05,0.000809,0.018071,0.012815,42724.99
7.5,VeryLow,HRD2_urban,0.96,0.018951,80.5702,6e-05,0.00073,0.018159,0.012861,42876.99
7.5,VeryLow,HRD2_urban,0.97,0.018951,83.3349,5.2e-05,0.000661,0.018237,0.012901,43011.7
7.5,VeryLow,HRD2_urban,0.98,0.018951,86.0995,4.5e-05,0.000598,0.018307,0.012937,43131.3
7.5,VeryLow,HRD2_urban,0.99,0.018951,88.8642,3.9e-05,0.000542,0.018369,0.012969,43237.67
7.5,VeryLow,HRD2_urban,1.0,0.018951,91.6288,3.4e-05,0.000492,0.018424,0.012997,43332.44
7.5,VeryLow,HRD2_urban,1.01,0.018951,94.3935,3e-05,0.000447,0.018474,0.013023,43417.02
7.5,VeryLow,HRD2_urban,1.02,0.018951,97.1582,2.6e-05,0.000407,0.018518,0.013045,43492.61
7.5,VeryLow,HRD2_urban,1.03,0.018951,99.9228,2.3e-05,0.000371,0.018557,0.013065,43560.28
7.5,VeryLow,HRD2_urban,1.04,0.018951,102.6875,2e-05,0.000338,0.018593,0.013084,43620.95
7.5,VeryLow,HRD2_urban,1.05,0.018951,102.6875,2e-05,0.000338,0.018593,0.013084,43620.95
7.5,VeryLow,HRD2_urban,1.06,0.018951,102.6875,2e-05,0.000338,0.018593,0.013084,43620.95
7.5,VeryLow,HRD2_urban,1.07,0.018951,102.6875,2e-05,0.000338,0.018593,0.013084,43620.95
7.5,VeryLow,HRD2_urban,1.08,0.018951,102.6875,2e-05,0.000338,0.018593,0.013084,43620.95
7.5,VeryLow,HRD2_urban,1.09,0.018951,102.6875,2e-05,0.000338,0.018593,0.013084,43620.95
7.5,VeryLow,HRD2_urban,1.1,0.018951,102.6875,2e-05,0.000338,0.018593,0.013084,43620.95
7.5,VeryLow,HRD2_urban,1.11,0.018951,102.6875,2e-05,0.000338,0.018593,0.013084,43620.95
7.5,VeryLow,HRD2_urban,1.12,0.018951,102.6875,2e-05,0.000338,0.018593,0.013084,43620.95
7.5,VeryLow,HRD2_urban,1.13,0.018951,102.6875,2e-05,0.000338,0.018593,0.013084,43620.95
7.5,VeryLow,HRD2_urban,1.14,0.018951,102.6875,2e-05,0.000338,0.018593,0.013084,43620.95
7.5,VeryLow,HRD2_urban,1.15,0.018951,102.6875,2e-05,0.000338,0.018593,0.013084,43620.95
7.5,VeryLow,HRD2_urban,1.16,0.018951,102.6875,2e-05,0.000338,0.018593,0.013084,43620.95
7.5,VeryLow,HRD2_urban,1.17,0.018951,102.6875,2e-05,0.000338,0.018593,0.013084,43620.95
7.5,VeryLow,HRD2_urban,1.18,0.018951,102.6875,2e-05,0.000338,0.018593,0.013084,43620.95
7.5,VeryLow,HRD2_urban,1.19,0.018951,102.6875,2e-05,0.000338,0.018593,0.013084,43620.95
7.5,VeryLow,HRD2_urban,1.2,0.018951,102.6875,2e-05,0.000338,0.018593,0.013084,43620.95
7.5,VeryLow,HRD2_urban,1.21,0.018951,102.6875,2e-05,0.000338,0.018593,0.013084,43620.95
7.5,VeryLow,HRD2_urban,1.22,0.018951,102.6875,2e-05,0.000338,0.018593,0.013084,43620.95
7.5,VeryLow,HRD2_urban,1.23,0.018951,102.6875,2e-05,0.000338,0.018593,0.013084,43620.95
7.5,VeryLow,HRD2_urban,1.24,0.018951,102.6875,2e-05,0.000338,0.018593,0.013084,43620.95
7.5,VeryLow,HRD2_urban,1.25,0.018951,102.6875,2e-05,0.000338,0.018593,0.013084,43620.95
7.5,VeryLow,HRD2_urban,1.26,0.018951,102.6875,2e-05,0.000338,0.018593,0.013084,43620.95
7.5,VeryLow,HRD2_urban,1.27,0.018951,102.6875,2e-05,0.000338,0.018593,0.013084,43620.95
7.5,VeryLow,HRD2_urban,1.28,0.018951,102.6875,2e-05,0.000338,0.018593,0.013084,43620.95
7.5,VeryLow,HRD2_urban,1.29,0.018951,102.6875,2e-05,0.000338,0.018593,0.013084,43620.95
7.5,VeryLow,HRD2_urban,1.3,0.018951,102.6875,2e-05,0.000338,0.018593,0.013084,43620.95
7.5,VeryLow,HRD2_urban,1.31,0.018951,102.6875,2e-05,0.000338,0.018593,0.013084,43620.95
7.5,VeryLow,HRD2_urban,1.32,0.018951,102.6875,2e-05,0.000338,0.018593,0.013084,43620.95
7.5,VeryLow,HRD2_urban,1.33,0.018951,102.6875,2e-05,0.000338,0.018593,0.013084,43620.95
7.5,VeryLow,HRD2_urban,1.34,0.018951,102.6875,2e-05,0.000338,0.018593,0.013084,43620.95
7.5,VeryLow,HRD2_urban,1.35,0.018951,102.6875,2e-05,0.000338,0.018593,0.013084,43620.95
7.5,VeryLow,HRD2_urban,1.36,0.018951,102.6875,2e-05,0.000338,0.018593,0.013084,43620.95
7.5,VeryLow,HRD2_urban,1.37,0.018951,102.6875,2e-05,0.000338,0.018593,0.013084,43620.95
7.5,VeryLow,HRD2_urban,1.38,0.018951,102.6875,2e-05,0.000338,0.018593,0.013084,43620.95
7.5,VeryLow,HRD2_urban,1.39,0.018951,102.6875,2e-05,0.000338,0.018593,0.013084,43620.95
7.5,VeryLow,HRD2_urban,1.4,0.018951,102.6875,2e-05,0.000338,0.018593,0.013084,43620.95
7.5,VeryLow,HRD2_urban,1.41,0.018951,102.6875,2e-05,0.000338,0.018593,0.013084,43620.95
7.5,VeryLow,HRD2_urban,1.42,0.018951,102.6875,2e-05,0.000338,0.018593,0.013084,43620.95
7.5,VeryLow,HRD2_urban,1.43,0.018951,102.6875,2e-05,0.000338,0.018593,0.013084,43620.95
7.5,VeryLow,HRD2_urban,1.44,0.018951,102.6875,2e-05,0.000338,0.018593,0.013084,43620.95
7.5,VeryLow,HRD2_urban,1.45,0.018951,102.6875,2e-05,0.000338,0.018593,0.013084,43620.95
7.5,VeryLow,HRD2_urban,1.46,0.018951,102.6875,2e-05,0.000338,0.018593,0.013084,43620.95
7.5,VeryLow,HRD2_urban,1.47,0.018951,102.6875,2e-05,0.000338,0.018593,0.013084,43620.95
7.5,VeryLow,HRD2_urban,1.48,0.018951,102.6875,2e-05,0.000338,0.018593,0.013084,43620.95
7.5,VeryLow,HRD2_urban,1.49,0.018951,102.6875,2e-05,0.000338,0.018593,0.013084,43620.95
7.5,VeryLow,HRD2_urban,1.5,0.018951,102.6875,2e-05,0.000338,0.018593,0.013084,43620.95
8.0,VeryHigh,HRD1_major,0.0,0.0,0.0,0.0,0.0,0.0,0.0,0.0
8.0,VeryHigh,HRD1_major,0.01,0.0,0.0,0.0,0.0,0.0,0.0,0.0
8.0,VeryHigh,HRD1_major,0.02,0.0,0.0,0.0,0.0,0.0,0.0,0.0
8.0,VeryHigh,HRD1_major,0.03,0.0,0.0,0.0,0.0,0.0,0.0,0.0
8.0,VeryHigh,HRD1_major,0.04,0.0,0.0,0.0,0.0,0.0,0.0,0.0
8.0,VeryHigh,HRD1_major,0.05,0.0,0.0,0.0,0.0,0.0,0.0,0.0
8.0,VeryHigh,HRD1_major,0.06,0.0,0.0,0.0,0.0,0.0,0.0,0.0
8.0,VeryHigh,HRD1_major,0.07,0.0,0.0,0.0,0.0,0.0,0.0,0.0
8.0,VeryHigh,HRD1_major,0.08,0.0,0.0,0.0,0.0,0.0,0.0,0.0
8.0,VeryHigh,HRD1_major,0.09,0.0,12.0,0.0,0.0,0.0,0.0,0.0
8.0,VeryHigh,HRD1_major,0.1,0.022558,12.0,0.007646,0.00339,0.000242,0.00123,8202.13
8.0,VeryHigh,HRD1_major,0.11,0.045598,12.0,0.015456,0.006853,0.00049,0.002486,16579.36
8.0,VeryHigh,HRD1_major,0.12,0.068638,12.0,0.023266,0.010316,0.000738,0.003743,24956.59
8.0,VeryHigh,HRD1_major,0.13,0.091678,12.0,0.031075,0.013778,0.000985,0.004999,33333.82
8.0,VeryHigh,HRD1_major,0.14,0.114717,12.0,0.038885,0.017241,0.001233,0.006255,41711.05
8.0,VeryHigh,HRD1_major,0.15,0.137757,12.0,0.046695,0.020703,0.00148,0.007512,50088.28
8.0,VeryHigh,HRD1_major,0.16,0.160797,12.3993,0.055623,0.025821,0.001953,0.009313,62096.49
8.0,VeryHigh,HRD1_major,0.17,0.183837,14.1707,0.067662,0.037907,0.003607,0.013489,89946.64
8.0,VeryHigh,HRD1_major,0.18,0.206877,15.942,0.078217,0.051785,0.006031,0.018489,123286.62
8.0,VeryHigh,HRD1_major,0.19,0.229917,18.599,0.086562,0.071437,0.010839,0.026203,174721.01
8.0,VeryHigh,HRD1_major,0.2,0.252956,21.256,0.091524,0.09158,0.017482,0.03513,234245.34
8.0,VeryHigh,HRD1_major,0.21,0.253463,23.913,0.086117,0.102282,0.023925,0.04151,276788.41
8.0,VeryHigh,HRD1_major,0.22,0.253463,26.57,0.079626,0.110381,0.030994,0.047753,318418.3
8.0,VeryHigh,HRD1_major,0.23,0.253463,29.227,0.072853,0.116273,0.03855,0.053882,359286.05
8.0,VeryHigh,HRD1_major,0.24,0.253463,31.884,0.066177,0.120228,0.046437,0.05986,399148.59
8.0,VeryHigh,HRD1_major,0.25,0.253463,34.541,0.059819,0.122528,0.05452,0.06566,437823.24
8.0,VeryHigh,HRD1_major,0.26,0.253463,37.198,0.053895,0.123445,0.062684,0.071262,475177.06
8.0,VeryHigh,HRD1_major,0.27,0.253463,39.855,0.048454,0.123227,0.070835,0.076652,511118.24
8.0,VeryHigh,HRD1_major,0.28,0.253463,50.1878,0.031809,0.115252,0.101213,0.09549,636728.78
8.0,VeryHigh,HRD1_major,0.29,0.253463,60.5206,0.020985,0.101862,0.127979,0.111007,740196.81
8.0,VeryHigh,HRD1_major,0.3,0.253463,70.8533,0.014041,0.087479,0.150526,0.123566,823936.25
8.0,VeryHigh,HRD1_major,0.31,0.253463,81.1861,0.009552,0.074018,0.169093,0.133646,891153.04
8.0,VeryHigh,HRD1_major,0.32,0.253463,91.5189,0.00661,0.062169,0.184216,0.141715,944956.13
8.0,VeryHigh,HRD1_major,0.33,0.253463,101.8517,0.004648,0.052054,0.196476,0.148176,988038.9
8.0,VeryHigh,HRD1_major,0.34,0.253463,112.1844,0.003319,0.043561,0.206405,0.153362,1022615.76
8.0,VeryHigh,HRD1_major,0.35,0.253463,122.5172,0.002403,0.036489,0.214456,0.157537,1050459.91
8.0,VeryHigh,HRD1_major,0.36,0.253463,132.85,0.001763,0.030624,0.221001,0.160914,1072972.35
8.0,VeryHigh,HRD1_major,0.37,0.253463,132.85,0.001763,0.030624,0.221001,0.160914,1072972.35
8.0,VeryHigh,HRD1_major,0.38,0.253463,132.85,0.001763,0.030624,0.221001,0.160914,1072972.35
8.0,VeryHigh,HRD1_major,0.39,0.253463,132.85,0.001763,0.030624,0.221001,0.160914,1072972.35
8.0,VeryHigh,HRD1_major,0.4,0.253463,132.85,0.001763,0.030624,0.221001,0.160914,1072972.35
8.0,VeryHigh,HRD1_major,0.41,0.253463,132.85,0.001763,0.030624,0.221001,0.160914,1072972.35
8.0,VeryHigh,HRD1_major,0.42,0.253463,132.85,0.001763,0.030624,0.221001,0.160914,1072972.35
8.0,VeryHigh,HRD1_major,0.43,0.253463,132.85,0.001763,0.030624,0.221001,0.160914,1072972.35
8.0,VeryHigh,HRD1_major,0.44,0.253463,132.85,0.001763,0.030624,0.221001,0.160914,1072972.35
8.0,VeryHigh,HRD1_major,0.45,0.253463,132.85,0.001763,0.030624,0.221001,0.160914,1072972.35
8.0,VeryHigh,HRD1_major,0.46,0.253463,132.85,0.001763,0.030624,0.221001,0.160914,1072972.35
8.0,VeryHigh,HRD1_major,0.47,0.253463,132.85,0.001763,0.030624,0.221001,0.160914,1072972.35
8.0,VeryHigh,HRD1_major,0.48,0.253463,132.85,0.001763,0.030624,0.221001,0.160914,1072972.35
8.0,VeryHigh,HRD1_major,0.49,0.253463,132.85,0.001763,0.030624,0.221001,0.160914,1072972.35
8.0,VeryHigh,HRD1_major,0.5,0.253463,132.85,0.001763,0.030624,0.221001,0.160914,1072972.35
8.0,VeryHigh,HRD1_major,0.51,0.253463,132.85,0.001763,0.030624,0.221001,0.160914,1072972.35
8.0,VeryHigh,HRD1_major,0.52,0.253463,132.85,0.001763,0.030624,0.221001,0.160914,1072972.35
8.0,VeryHigh,HRD1_major,0.53,0.253463,132.85,0.001763,0.030624,0.221001,0.160914,1072972.35
8.0,VeryHigh,HRD1_major,0.54,0.253463,132.85,0.001763,0.030624,0.221001,0.160914,1072972.35
8.0,VeryHigh,HRD1_major,0.55,0.253463,132.85,0.001763,0.030624,0.221001,0.160914,1072972.35
8.0,VeryHigh,HRD1_major,0.56,0.253463,132.85,0.001763,0.030624,0.221001,0.160914,1072972.35
8.0,VeryHigh,HRD1_major,0.57,0.253463,132.85,0.001763,0.030624,0.221001,0.160914,1072972.35
8.0,VeryHigh,HRD1_major,0.58,0.253463,132.85,0.001763,0.030624,0.221001,0.160914,1072972.35
8.0,VeryHigh,HRD1_major,0.59,0.253463,132.85,0.001763,0.030624,0.221001,0.160914,1072972.35
8.0,VeryHigh,HRD1_major,0.6,0.253463,132.85,0.001763,0.030624,0.221001,0.160914,1072972.35
8.0,VeryHigh,HRD1_major,0.61,0.253463,132.85,0.001763,0.030624,0.221001,0.160914,1072972.35
8.0,VeryHigh,HRD1_major,0.62,0.253463,132.85,0.001763,0.030624,0.221001,0.160914,1072972.35
8.0,VeryHigh,HRD1_major,0.63,0.253463,132.85,0.001763,0.030624,0.221001,0.160914,1072972.35
8.0,VeryHigh,HRD1_major,0.64,0.253463,132.85,0.001763,0.030624,0.221001,0.160914,1072972.35
8.0,VeryHigh,HRD1_major,0.65,0.253463,132.85,0.001763,0.030624,0.221001,0.160914,1072972.35
8.0,VeryHigh,HRD1_major,0.66,0.253463,132.85,0.001763,0.030624,0.221001,0.160914,1072972.35
8.0,VeryHigh,HRD1_major,0.67,0.253463,132.85,0.001763,0.030624,0.221001,0.160914,1072972.35
8.0,VeryHigh,HRD1_major,0.68,0.253463,132.85,0.001763,0.030624,0.221001,0.160914,1072972.35
8.0,VeryHigh,HRD1_major,0.69,0.253463,132.85,0.001763,0.030624,0.221001,0.160914,1072972.35
8.0,VeryHigh,HRD1_major,0.7,0.253463,132.85,0.001763,0.030624,0.221001,0.160914,1072972.35
8.0,VeryHigh,HRD1_major,0.71,0.253463,132.85,0.001763,0.030624,0.221001,0.160914,1072972.35
8.0,VeryHigh,HRD1_major,0.72,0.253463,132.85,0.001763,0.030624,0.221001,0.160914,1072972.35
8.0,VeryHigh,HRD1_major,0.73,0.253463,132.85,0.001763,0.030624,0.221001,0.160914,1072972.35
8.0,VeryHigh,HRD1_major,0.74,0.253463,132.85,0.001763,0.030624,0.221001,0.160914,1072972.35
8.0,VeryHigh,HRD1_major,0.75,0.253463,132.85,0.001763,0.030624,0.221001,0.160914,1072972.35
8.0,VeryHigh,HRD1_major,0.76,0.253463,132.85,0.001763,0.030624,0.221001,0.160914,1072972.35
8.0,VeryHigh,HRD1_major,0.77,0.253463,132.85,0.001763,0.030624,0.221001,0.160914,1072972.35
8.0,VeryHigh,HRD1_major,0.78,0.253463,132.85,0.001763,0.030624,0.221001,0.160914,1072972.35
8.0,VeryHigh,HRD1_major,0.79,0.253463,132.85,0.001763,0.030624,0.221001,0.160914,1072972.35
8.0,VeryHigh,HRD1_major,0.8,0.253463,132.85,0.001763,0.030624,0.221001,0.160914,1072972.35
8.0,VeryHigh,HRD1_major,0.81,0.253463,132.85,0.001763,0.030624,0.221001,0.160914,1072972.35
8.0,VeryHigh,HRD1_major,0.82,0.253463,132.85,0.001763,0.030624,0.221001,0.160914,1072972.35
8.0,VeryHigh,HRD1_major,0.83,0.253463,132.85,0.001763,0.030624,0.221001,0.160914,1072972.35
8.0,VeryHigh,HRD1_major,0.84,0.253463,132.85,0.001763,0.030624,0.221001,0.160914,1072972.35
8.0,VeryHigh,HRD1_major,0.85,0.253463,132.85,0.001763,0.030624,0.221001,0.160914,1072972.35
8.0,VeryHigh,HRD1_major,0.86,0.253463,132.85,0.001763,0.030624,0.221001,0.160914,1072972.35
8.0,VeryHigh,HRD1_major,0.87,0.253463,132.85,0.001763,0.030624,0.221001,0.160914,1072972.35
8.0,VeryHigh,HRD1_major,0.88,0.253463,132.85,0.001763,0.030624,0.221001,0.160914,1072972.35
8.0,VeryHigh,HRD1_major,0.89,0.253463,132.85,0.001763,0.030624,0.221001,0.160914,1072972.35
8.0,VeryHigh,HRD1_major,0.9,0.253463,132.85,0.001763,0.030624,0.221001,0.160914,1072972.35
8.0,VeryHigh,HRD1_major,0.91,0.253463,132.85,0.001763,0.030624,0.221001,0.160914,1072972.35
8.0,VeryHigh,HRD1_major,0.92,0.253463,132.85,0.001763,0.030624,0.221001,0.160914,1072972.35
8.0,VeryHigh,HRD1_major,0.93,0.253463,132.85,0.001763,0.030624,0.221001,0.160914,1072972.35
8.0,VeryHigh,HRD1_major,0.94,0.253463,132.85,0.001763,0.030624,0.221001,0.160914,1072972.35
8.0,VeryHigh,HRD1_major,0.95,0.253463,132.85,0.001763,0.030624,0.221001,0.160914,1072972.35
8.0,VeryHigh,HRD1_major,0.96,0.253463,132.85,0.001763,0.030624,0.221001,0.160914,1072972.35
8.0,VeryHigh,HRD1_major,0.97,0.253463,132.85,0.001763,0.030624,0.221001,0.160914,1072972.35
8.0,VeryHigh,HRD1_major,0.98,0.253463,132.85,0.001763,0.030624,0.221001,0.160914,1072972.35
8.0,VeryHigh,HRD1_major,0.99,0.253463,132.85,0.001763,0.030624,0.221001,0.160914,1072972.35
8.0,VeryHigh,HRD1_major,1.0,0.253463,132.85,0.001763,0.030624,0.221001,0.160914,1072972.35
8.0,VeryHigh,HRD1_major,1.01,0.253463,132.85,0.001763,0.030624,0.221001,0.160914,1072972.35
8.0,VeryHigh,HRD1_major,1.02,0.253463,132.85,0.001763,0.030624,0.221001,0.160914,1072972.35
8.0,VeryHigh,HRD1_major,1.03,0.253463,132.85,0.001763,0.030624,0.221001,0.160914,1072972.35
8.0,VeryHigh,HRD1_major,1.04,0.253463,132.85,0.001763,0.030624,0.221001,0.160914,1072972.35
8.0,VeryHigh,HRD1_major,1.05,0.253463,132.85,0.001763,0.030624,0.221001,0.160914,1072972.35
8.0,VeryHigh,HRD1_major,1.06,0.253463,132.85,0.001763,0.030624,0.221001,0.160914,1072972.35
8.0,VeryHigh,HRD1_major,1.07,0.253463,132.85,0.001763,0.030624,0.221001,0.160914,1072972.35
8.0,VeryHigh,HRD1_major,1.08,0.253463,132.85,0.001763,0.030624,0.221001,0.160914,1072972.35
8.0,VeryHigh,HRD1_major,1.09,0.253463,132.85,0.001763,0.030624,0.221001,0.160914,1072972.35
8.0,VeryHigh,HRD1_major,1.1,0.253463,132.85,0.001763,0.030624,0.221001,0.160914,1072972.35
8.0,VeryHigh,HRD1_major,1.11,0.253463,132.85,0.001763,0.030624,0.221001,0.160914,1072972.35
8.0,VeryHigh,HRD1_major,1.12,0.253463,132.85,0.001763,0.030624,0.221001,0.160914,1072972.35
8.0,VeryHigh,HRD1_major,1.13,0.253463,132.85,0.001763,0.030624,0.221001,0.160914,1072972.35
8.0,VeryHigh,HRD1_major,1.14,0.253463,132.85,0.001763,0.030624,0.221001,0.160914,1072972.35
8.0,VeryHigh,HRD1_major,1.15,0.253463,132.85,0.001763,0.030624,0.221001,0.160914,1072972.35
8.0,VeryHigh,HRD1_major,1.16,0.253463,132.85,0.001763,0.030624,0.221001,0.160914,1072972.35
8.0,VeryHigh,HRD1_major,1.17,0.253463,132.85,0.001763,0.030624,0.221001,0.160914,1072972.35
8.0,VeryHigh,HRD1_major,1.18,0.253463,132.85,0.001763,0.030624,0.221001,0.160914,1072972.35
8.0,VeryHigh,HRD1_major,1.19,0.253463,132.85,0.001763,0.030624,0.221001,0.160914,1072972.35
8.0,VeryHigh,HRD1_major,1.2,0.253463,132.85,0.001763,0.030624,0.221001,0.160914,1072972.35
8.0,VeryHigh,HRD1_major,1.21,0.253463,132.85,0.001763,0.030624,0.221001,0.160914,1072972.35
8.0,VeryHigh,HRD1_major,1.22,0.253463,132.85,0.001763,0.030624,0.221001,0.160914,1072972.35
8.0,VeryHigh,HRD1_major,1.23,0.253463,132.85,0.001763,0.030624,0.221001,0.160914,1072972.35
8.0,VeryHigh,HRD1_major,1.24,0.253463,132.85,0.001763,0.030624,0.221001,0.160914,1072972.35
8.0,VeryHigh,HRD1_major,1.25,0.253463,132.85,0.001763,0.030624,0.221001,0.160914,1072972.35
8.0,VeryHigh,HRD1_major,1.26,0.253463,132.85,0.001763,0.030624,0.221001,0.160914,1072972.35
8.0,VeryHigh,HRD1_major,1.27,0.253463,132.85,0.001763,0.030624,0.221001,0.160914,1072972.35
8.0,VeryHigh,HRD1_major,1.28,0.253463,132.85,0.001763,0.030624,0.221001,0.160914,1072972.35
8.0,VeryHigh,HRD1_major,1.29,0.253463,132.85,0.001763,0.030624,0.221001,0.160914,1072972.35
8.0,VeryHigh,HRD1_major,1.3,0.253463,132.85,0.001763,0.030624,0.221001,0.160914,1072972.35
8.0,VeryHigh,HRD1_major,1.31,0.253463,132.85,0.001763,0.030624,0.221001,0.160914,1072972.35
8.0,VeryHigh,HRD1_major,1.32,0.253463,132.85,0.001763,0.030624,0.221001,0.160914,1072972.35
8.0,VeryHigh,HRD1_major,1.33,0.253463,132.85,0.001763,0.030624,0.221001,0.160914,1072972.35
8.0,VeryHigh,HRD1_major,1.34,0.253463,132.85,0.001763,0.030624,0.221001,0.160914,1072972.35
8.0,VeryHigh,HRD1_major,1.35,0.253463,132.85,0.001763,0.030624,0.221001,0.160914,1072972.35
8.0,VeryHigh,HRD1_major,1.36,0.253463,132.85,0.001763,0.030624,0.221001,0.160914,1072972.35
8.0,VeryHigh,HRD1_major,1.37,0.253463,132.85,0.001763,0.030624,0.221001,0.160914,1072972.35
8.0,VeryHigh,HRD1_major,1.38,0.253463,132.85,0.001763,0.030624,0.221001,0.160914,1072972.35
8.0,VeryHigh,HRD1_major,1.39,0.253463,132.85,0.001763,0.030624,0.221001,0.160914,1072972.35
8.0,VeryHigh,HRD1_major,1.4,0.253463,132.85,0.001763,0.030624,0.221001,0.160914,1072972.35
8.0,VeryHigh,HRD1_major,1.41,0.253463,132.85,0.001763,0.030624,0.221001,0.160914,1072972.35
8.0,VeryHigh,HRD1_major,1.42,0.253463,132.85,0.001763,0.030624,0.221001,0.160914,1072972.35
8.0,VeryHigh,HRD1_major,1.43,0.253463,132.85,0.001763,0.030624,0.221001,0.160914,1072972.35
8.0,VeryHigh,HRD1_major,1.44,0.253463,132.85,0.001763,0.030624,0.221001,0.160914,1072972.35
8.0,VeryHigh,HRD1_major,1.45,0.253463,132.85,0.001763,0.030624,0.221001,0.160914,1072972.35
8.0,VeryHigh,HRD1_major,1.46,0.253463,132.85,0.001763,0.030624,0.221001,0.160914,1072972.35
8.0,VeryHigh,HRD1_major,1.47,0.253463,132.85,0.001763,0.030624,0.221001,0.160914,1072972.35
8.0,VeryHigh,HRD1_major,1.48,0.253463,132.85,0.001763,0.030624,0.221001,0.160914,1072972.35
8.0,VeryHigh,HRD1_major,1.49,0.253463,132.85,0.001763,0.030624,0.221001,0.160914,1072972.35
8.0,VeryHigh,HRD1_major,1.5,0.253463,132.85,0.001763,0.030624,0.221001,0.160914,1072972.35
8.0,VeryHigh,HRD2_urban,0.0,0.0,0.0,0.0,0.0,0.0,0.0,0.0
8.0,VeryHigh,HRD2_urban,0.01,0.0,0.0,0.0,0.0,0.0,0.0,0.0
8.0,VeryHigh,HRD2_urban,0.02,0.0,0.0,0.0,0.0,0.0,0.0,0.0
8.0,VeryHigh,HRD2_urban,0.03,0.0,0.0,0.0,0.0,0.0,0.0,0.0
8.0,VeryHigh,HRD2_urban,0.04,0.0,0.0,0.0,0.0,0.0,0.0,0.0
8.0,VeryHigh,HRD2_urban,0.05,0.0,0.0,0.0,0.0,0.0,0.0,0.0
8.0,VeryHigh,HRD2_urban,0.06,0.0,0.0,0.0,0.0,0.0,0.0,0.0
8.0,VeryHigh,HRD2_urban,0.07,0.0,0.0,0.0,0.0,0.0,0.0,0.0
8.0,VeryHigh,HRD2_urban,0.08,0.0,0.0,0.0,0.0,0.0,0.0,0.0
8.0,VeryHigh,HRD2_urban,0.09,0.0,12.0,0.0,0.0,0.0,0.0,0.0
8.0,VeryHigh,HRD2_urban,0.1,0.022558,12.0,0.007646,0.007646,0.003633,0.004454,14851.26
8.0,VeryHigh,HRD2_urban,0.11,0.045598,12.0,0.015456,0.015456,0.007343,0.009004,30019.56
8.0,VeryHigh,HRD2_urban,0.12,0.068638,12.0,0.023266,0.023266,0.011053,0.013554,45187.87
8.0,VeryHigh,HRD2_urban,0.13,0.091678,12.0,0.031075,0.031075,0.014763,0.018103,60356.17
8.0,VeryHigh,HRD2_urban,0.14,0.114717,12.0,0.038885,0.038885,0.018474,0.022653,75524.48
8.0,VeryHigh,HRD2_urban,0.15,0.137757,12.0,0.046695,0.046695,0.022184,0.027202,90692.78
8.0,VeryHigh,HRD2_urban,0.16,0.160797,12.3993,0.0533,0.055623,0.027774,0.033231,110793.82
8.0,VeryHigh,HRD2_urban,0.17,0.183837,14.1707,0.05448,0.067662,0.041514,0.045316,151084.36
8.0,VeryHigh,HRD2_urban,0.18,0.206877,15.942,0.054014,0.078217,0.057815,0.058815,196088.35
8.0,VeryHigh,HRD2_urban,0.19,0.229917,18.599,0.048888,0.086562,0.082276,0.07735,257884.47
8.0,VeryHigh,HRD2_urban,0.2,0.252956,21.256,0.04342,0.091524,0.109062,0.096819,322795.16
8.0,VeryHigh,HRD2_urban,0.21,0.253463,23.913,0.035025,0.086117,0.126207,0.10732,357803.87
8.0,VeryHigh,HRD2_urban,0.22,0.253463,26.57,0.028214,0.079626,0.141375,0.116298,387739.09
8.0,VeryHigh,HRD2_urban,0.23,0.253463,29.227,0.022784,0.072853,0.154823,0.124086,413702.41
8.0,VeryHigh,HRD2_urban,0.24,0.253463,31.884,0.018464,0.066177,0.166665,0.130824,436167.38
8.0,VeryHigh,HRD2_urban,0.25,0.253463,34.541,0.015025,0.059819,0.177048,0.136649,455586.33
8.0,VeryHigh,HRD2_urban,0.26,0.253463,37.198,0.01228,0.053895,0.186129,0.141683,472371.96
8.0,VeryHigh,HRD2_urban,0.27,0.253463,39.855,0.010082,0.048454,0.194062,0.146038,486890.71
8.0,VeryHigh,HRD2_urban,0.28,0.253463,50.1878,0.004883,0.031809,0.216466,0.158132,527211.73
8.0,VeryHigh,HRD2_urban,0.29,0.253463,60.5206,0.002515,0.020985,0.229842,0.165212,550816.4
8.0,VeryHigh,HRD2_urban,0.3,0.253463,70.8533,0.001365,0.014041,0.238004,0.16948,565044.72
8.0,VeryHigh,HRD2_urban,0.31,0.253463,81.1861,0.000775,0.009552,0.243111,0.172127,573871.45
8.0,VeryHigh,HRD2_urban,0.32,0.253463,91.5189,0.000457,0.00661,0.246384,0.173814,579494.91
8.0,VeryHigh,HRD2_urban,0.33,0.253463,101.8517,0.000278,0.004648,0.24853,0.174915,583165.06
8.0,VeryHigh,HRD2_urban,0.34,0.253463,112.1844,0.000175,0.003319,0.249966,0.175649,585613.0
8.0,VeryHigh,HRD2_urban,0.35,0.253463,122.5172,0.000112,0.002403,0.250946,0.176148,587278.02
8.0,VeryHigh,HRD2_urban,0.36,0.253463,132.85,7.4e-05,0.001763,0.251625,0.176494,588430.7
8.0,VeryHigh,HRD2_urban,0.37,0.253463,132.85,7.4e-05,0.001763,0.251625,0.176494,588430.7
8.0,VeryHigh,HRD2_urban,0.38,0.253463,132.85,7.4e-05,0.001763,0.251625,0.176494,588430.7
8.0,VeryHigh,HRD2_urban,0.39,0.253463,132.85,7.4e-05,0.001763,0.251625,0.176494,588430.7
8.0,VeryHigh,HRD2_urban,0.4,0.253463,132.85,7.4e-05,0.001763,0.251625,0.176494,588430.7
8.0,VeryHigh,HRD2_urban,0.41,0.253463,132.85,7.4e-05,0.001763,0.251625,0.176494,588430.7
8.0,VeryHigh,HRD2_urban,0.42,0.253463,132.85,7.4e-05,0.001763,0.251625,0.176494,588430.7
8.0,VeryHigh,HRD2_urban,0.43,0.253463,132.85,7.4e-05,0.001763,0.251625,0.176494,588430.7
8.0,VeryHigh,HRD2_urban,0.44,0.253463,132.85,7.4e-05,0.001763,0.251625,0.176494,588430.7
8.0,VeryHigh,HRD2_urban,0.45,0.253463,132.85,7.4e-05,0.001763,0.251625,0.176494,588430.7
8.0,VeryHigh,HRD2_urban,0.46,0.253463,132.85,7.4e-05,0.001763,0.251625,0.176494,588430.7
8.0,VeryHigh,HRD2_urban,0.47,0.253463,132.85,7.4e-05,0.001763,0.251625,0.176494,588430.7
8.0,VeryHigh,HRD2_urban,0.48,0.253463,132.85,7.4e-05,0.001763,0.251625,0.176494,588430.7
8.0,VeryHigh,HRD2_urban,0.49,0.253463,132.85,7.4e-05,0.001763,0.251625,0.176494,588430.7
8.0,VeryHigh,HRD2_urban,0.5,0.253463,132.85,7.4e-05,0.001763,0.251625,0.176494,588430.7
8.0,VeryHigh,HRD2_urban,0.51,0.253463,132.85,7.4e-05,0.001763,0.251625,0.176494,588430.7
8.0,VeryHigh,HRD2_urban,0.52,0.253463,132.85,7.4e-05,0.001763,0.251625,0.176494,588430.7
8.0,VeryHigh,HRD2_urban,0.53,0.253463,132.85,7.4e-05,0.001763,0.251625,0.176494,588430.7
8.0,VeryHigh,HRD2_urban,0.54,0.253463,132.85,7.4e-05,0.001763,0.251625,0.176494,588430.7
8.0,VeryHigh,HRD2_urban,0.55,0.253463,132.85,7.4e-05,0.001763,0.251625,0.176494,588430.7
8.0,VeryHigh,HRD2_urban,0.56,0.253463,132.85,7.4e-05,0.001763,0.251625,0.176494,588430.7
8.0,VeryHigh,HRD2_urban,0.57,0.253463,132.85,7.4e-05,0.001763,0.251625,0.176494,588430.7
8.0,VeryHigh,HRD2_urban,0.58,0.253463,132.85,7.4e-05,0.001763,0.251625,0.176494,588430.7
8.0,VeryHigh,HRD2_urban,0.59,0.253463,132.85,7.4e-05,0.001763,0.251625,0.176494,588430.7
8.0,VeryHigh,HRD2_urban,0.6,0.253463,132.85,7.4e-05,0.001763,0.251625,0.176494,588430.7
8.0,VeryHigh,HRD2_urban,0.61,0.253463,132.85,7.4e-05,0.001763,0.251625,0.176494,588430.7
8.0,VeryHigh,HRD2_urban,0.62,0.253463,132.85,7.4e-05,0.001763,0.251625,0.176494,588430.7
8.0,VeryHigh,HRD2_urban,0.63,0.253463,132.85,7.4e-05,0.001763,0.251625,0.176494,588430.7
8.0,VeryHigh,HRD2_urban,0.64,0.253463,132.85,7.4e-05,0.001763,0.251625,0.176494,588430.7
8.0,VeryHigh,HRD2_urban,0.65,0.253463,132.85,7.4e-05,0.001763,0.251625,0.176494,588430.7
8.0,VeryHigh,HRD2_urban,0.66,0.253463,132.85,7.4e-05,0.001763,0.251625,0.176494,588430.7
8.0,VeryHigh,HRD2_urban,0.67,0.253463,132.85,7.4e-05,0.001763,0.251625,0.176494,588430.7
8.0,VeryHigh,HRD2_urban,0.68,0.253463,132.85,7.4e-05,0.001763,0.251625,0.176494,588430.7
8.0,VeryHigh,HRD2_urban,0.69,0.253463,132.85,7.4e-05,0.001763,0.251625,0.176494,588430.7
8.0,VeryHigh,HRD2_urban,0.7,0.253463,132.85,7.4e-05,0.001763,0.251625,0.176494,588430.7
8.0,VeryHigh,HRD2_urban,0.71,0.253463,132.85,7.4e-05,0.001763,0.251625,0.176494,588430.7
8.0,VeryHigh,HRD2_urban,0.72,0.253463,132.85,7.4e-05,0.001763,0.251625,0.176494,588430.7
8.0,VeryHigh,HRD2_urban,0.73,0.253463,132.85,7.4e-05,0.001763,0.251625,0.176494,588430.7
8.0,VeryHigh,HRD2_urban,0.74,0.253463,132.85,7.4e-05,0.001763,0.251625,0.176494,588430.7
8.0,VeryHigh,HRD2_urban,0.75,0.253463,132.85,7.4e-05,0.001763,0.251625,0.176494,588430.7
8.0,VeryHigh,HRD2_urban,0.76,0.253463,132.85,7.4e-05,0.001763,0.251625,0.176494,588430.7
8.0,VeryHigh,HRD2_urban,0.77,0.253463,132.85,7.4e-05,0.001763,0.251625,0.176494,588430.7
8.0,VeryHigh,HRD2_urban,0.78,0.253463,132.85,7.4e-05,0.001763,0.251625,0.176494,588430.7
8.0,VeryHigh,HRD2_urban,0.79,0.253463,132.85,7.4e-05,0.001763,0.251625,0.176494,588430.7
8.0,VeryHigh,HRD2_urban,0.8,0.253463,132.85,7.4e-05,0.001763,0.251625,0.176494,588430.7
8.0,VeryHigh,HRD2_urban,0.81,0.253463,132.85,7.4e-05,0.001763,0.251625,0.176494,588430.7
8.0,VeryHigh,HRD2_urban,0.82,0.253463,132.85,7.4e-05,0.001763,0.251625,0.176494,588430.7
8.0,VeryHigh,HRD2_urban,0.83,0.253463,132.85,7.4e-05,0.001763,0.251625,0.176494,588430.7
8.0,VeryHigh,HRD2_urban,0.84,0.253463,132.85,7.4e-05,0.001763,0.251625,0.176494,588430.7
8.0,VeryHigh,HRD2_urban,0.85,0.253463,132.85,7.4e-05,0.001763,0.251625,0.176494,588430.7
8.0,VeryHigh,HRD2_urban,0.86,0.253463,132.85,7.4e-05,0.001763,0.251625,0.176494,588430.7
8.0,VeryHigh,HRD2_urban,0.87,0.253463,132.85,7.4e-05,0.001763,0.251625,0.176494,588430.7
8.0,VeryHigh,HRD2_urban,0.88,0.253463,132.85,7.4e-05,0.001763,0.251625,0.176494,588430.7
8.0,VeryHigh,HRD2_urban,0.89,0.253463,132.85,7.4e-05,0.001763,0.251625,0.176494,588430.7
8.0,VeryHigh,HRD2_urban,0.9,0.253463,132.85,7.4e-05,0.001763,0.251625,0.176494,588430.7
8.0,VeryHigh,HRD2_urban,0.91,0.253463,132.85,7.4e-05,0.001763,0.251625,0.176494,588430.7
8.0,VeryHigh,HRD2_urban,0.92,0.253463,132.85,7.4e-05,0.001763,0.251625,0.176494,588430.7
8.0,VeryHigh,HRD2_urban,0.93,0.253463,132.85,7.4e-05,0.001763,0.251625,0.176494,588430.7
8.0,VeryHigh,HRD2_urban,0.94,0.253463,132.85,7.4e-05,0.001763,0.251625,0.176494,588430.7
8.0,VeryHigh,HRD2_urban,0.95,0.253463,132.85,7.4e-05,0.001763,0.251625,0.176494,588430.7
8.0,VeryHigh,HRD2_urban,0.96,0.253463,132.85,7.4e-05,0.001763,0.251625,0.176494,588430.7
8.0,VeryHigh,HRD2_urban,0.97,0.253463,132.85,7.4e-05,0.001763,0.251625,0.176494,588430.7
8.0,VeryHigh,HRD2_urban,0.98,0.253463,132.85,7.4e-05,0.001763,0.251625,0.176494,588430.7
8.0,VeryHigh,HRD2_urban,0.99,0.253463,132.85,7.4e-05,0.001763,0.251625,0.176494,588430.7
8.0,VeryHigh,HRD2_urban,1.0,0.253463,132.85,7.4e-05,0.001763,0.251625,0.176494,588430.7
8.0,VeryHigh,HRD2_urban,1.01,0.253463,132.85,7.4e-05,0.001763,0.251625,0.176494,588430.7
8.0,VeryHigh,HRD2_urban,1.02,0.253463,132.85,7.4e-05,0.001763,0.251625,0.176494,588430.7
8.0,VeryHigh,HRD2_urban,1.03,0.253463,132.85,7.4e-05,0.001763,0.251625,0.176494,588430.7
8.0,VeryHigh,HRD2_urban,1.04,0.253463,132.85,7.4e-05,0.001763,0.251625,0.176494,588430.7
8.0,VeryHigh,HRD2_urban,1.05,0.253463,132.85,7.4e-05,0.001763,0.251625,0.176494,588430.7
8.0,VeryHigh,HRD2_urban,1.06,0.253463,132.85,7.4e-05,0.001763,0.251625,0.176494,588430.7
8.0,VeryHigh,HRD2_urban,1.07,0.253463,132.85,7.4e-05,0.001763,0.251625,0.176494,588430.7
8.0,VeryHigh,HRD2_urban,1.08,0.253463,132.85,7.4e-05,0.001763,0.251625,0.176494,588430.7
8.0,VeryHigh,HRD2_urban,1.09,0.253463,132.85,7.4e-05,0.001763,0.251625,0.176494,588430.7
8.0,VeryHigh,HRD2_urban,1.1,0.253463,132.85,7.4e-05,0.001763,0.251625,0.176494,588430.7
8.0,VeryHigh,HRD2_urban,1.11,0.253463,132.85,7.4e-05,0.001763,0.251625,0.176494,588430.7
8.0,VeryHigh,HRD2_urban,1.12,0.253463,132.85,7.4e-05,0.001763,0.251625,0.176494,588430.7
8.0,VeryHigh,HRD2_urban,1.13,0.253463,132.85,7.4e-05,0.001763,0.251625,0.176494,588430.7
8.0,VeryHigh,HRD2_urban,1.14,0.253463,132.85,7.4e-05,0.001763,0.251625,0.176494,588430.7
8.0,VeryHigh,HRD2_urban,1.15,0.253463,132.85,7.4e-05,0.001763,0.251625,0.176494,588430.7
8.0,VeryHigh,HRD2_urban,1.16,0.253463,132.85,7.4e-05,0.001763,0.251625,0.176494,588430.7
8.0,VeryHigh,HRD2_urban,1.17,0.253463,132.85,7.4e-05,0.001763,0.251625,0.176494,588430.7
8.0,VeryHigh,HRD2_urban,1.18,0.253463,132.85,7.4e-05,0.001763,0.251625,0.176494,588430.7
8.0,VeryHigh,HRD2_urban,1.19,0.253463,132.85,7.4e-05,0.001763,0.251625,0.176494,588430.7
8.0,VeryHigh,HRD2_urban,1.2,0.253463,132.85,7.4e-05,0.001763,0.251625,0.176494,588430.7
8.0,VeryHigh,HRD2_urban,1.21,0.253463,132.85,7.4e-05,0.001763,0.251625,0.176494,588430.7
8.0,VeryHigh,HRD2_urban,1.22,0.253463,132.85,7.4e-05,0.001763,0.251625,0.176494,588430.7
8.0,VeryHigh,HRD2_urban,1.23,0.253463,132.85,7.4e-05,0.001763,0.251625,0.176494,588430.7
8.0,VeryHigh,HRD2_urban,1.24,0.253463,132.85,7.4e-05,0.001763,0.251625,0.176494,588430.7
8.0,VeryHigh,HRD2_urban,1.25,0.253463,132.85,7.4e-05,0.001763,0.251625,0.176494,588430.7
8.0,VeryHigh,HRD2_urban,1.26,0.253463,132.85,7.4e-05,0.001763,0.251625,0.176494,588430.7
8.0,VeryHigh,HRD2_urban,1.27,0.253463,132.85,7.4e-05,0.001763,0.251625,0.176494,588430.7
8.0,VeryHigh,HRD2_urban,1.28,0.253463,132.85,7.4e-05,0.001763,0.251625,0.176494,588430.7
8.0,VeryHigh,HRD2_urban,1.29,0.253463,132.85,7.4e-05,0.001763,0.251625,0.176494,588430.7
8.0,VeryHigh,HRD2_urban,1.3,0.253463,132.85,7.4e-05,0.001763,0.251625,0.176494,588430.7
8.0,VeryHigh,HRD2_urban,1.31,0.253463,132.85,7.4e-05,0.001763,0.251625,0.176494,588430.7
8.0,VeryHigh,HRD2_urban,1.32,0.253463,132.85,7.4e-05,0.001763,0.251625,0.176494,588430.7
8.0,VeryHigh,HRD2_urban,1.33,0.253463,132.85,7.4e-05,0.001763,0.251625,0.176494,588430.7
8.0,VeryHigh,HRD2_urban,1.34,0.253463,132.85,7.4e-05,0.001763,0.251625,0.176494,588430.7
8.0,VeryHigh,HRD2_urban,1.35,0.253463,132.85,7.4e-05,0.001763,0.251625,0.176494,588430.7
8.0,VeryHigh,HRD2_urban,1.36,0.253463,132.85,7.4e-05,0.001763,0.251625,0.176494,588430.7
8.0,VeryHigh,HRD2_urban,1.37,0.253463,132.85,7.4e-05,0.001763,0.251625,0.176494,588430.7
8.0,VeryHigh,HRD2_urban,1.38,0.253463,132.85,7.4e-05,0.001763,0.251625,0.176494,588430.7
8.0,VeryHigh,HRD2_urban,1.39,0.253463,132.85,7.4e-05,0.001763,0.251625,0.176494,588430.7
8.0,VeryHigh,HRD2_urban,1.4,0.253463,132.85,7.4e-05,0.001763,0.251625,0.176494,588430.7
8.0,VeryHigh,HRD2_urban,1.41,0.253463,132.85,7.4e-05,0.001763,0.251625,0.176494,588430.7
8.0,VeryHigh,HRD2_urban,1.42,0.253463,132.85,7.4e-05,0.001763,0.251625,0.176494,588430.7
8.0,VeryHigh,HRD2_urban,1.43,0.253463,132.85,7.4e-05,0.001763,0.251625,0.176494,588430.7
8.0,VeryHigh,HRD2_urban,1.44,0.253463,132.85,7.4e-05,0.001763,0.251625,0.176494,588430.7
8.0,VeryHigh,HRD2_urban,1.45,0.253463,132.85,7.4e-05,0.001763,0.251625,0.176494,588430.7
8.0,VeryHigh,HRD2_urban,1.46,0.253463,132.85,7.4e-05,0.001763,0.251625,0.176494,588430.7
8.0,VeryHigh,HRD2_urban,1.47,0.253463,132.85,7.4e-05,0.001763,0.251625,0.176494,588430.7
8.0,VeryHigh,HRD2_urban,1.48,0.253463,132.85,7.4e-05,0.001763,0.251625,0.176494,588430.7
8.0,VeryHigh,HRD2_urban,1.49,0.253463,132.85,7.4e-05,0.001763,0.251625,0.176494,588430.7
8.0,VeryHigh,HRD2_urban,1.5,0.253463,132.85,7.4e-05,0.001763,0.251625,0.176494,588430.7
8.0,High,HRD1_major,0.0,0.0,0.0,0.0,0.0,0.0,0.0,0.0
8.0,High,HRD1_major,0.01,0.0,0.0,0.0,0.0,0.0,0.0,0.0
8.0,High,HRD1_major,0.02,0.0,0.0,0.0,0.0,0.0,0.0,0.0
8.0,High,HRD1_major,0.03,0.0,0.0,0.0,0.0,0.0,0.0,0.0
8.0,High,HRD1_major,0.04,0.0,0.0,0.0,0.0,0.0,0.0,0.0
8.0,High,HRD1_major,0.05,0.0,0.0,0.0,0.0,0.0,0.0,0.0
8.0,High,HRD1_major,0.06,0.0,0.0,0.0,0.0,0.0,0.0,0.0
8.0,High,HRD1_major,0.07,0.0,0.0,0.0,0.0,0.0,0.0,0.0
8.0,High,HRD1_major,0.08,0.0,0.0,0.0,0.0,0.0,0.0,0.0
8.0,High,HRD1_major,0.09,0.0,0.0,0.0,0.0,0.0,0.0,0.0
8.0,High,HRD1_major,0.1,0.0,0.0,0.0,0.0,0.0,0.0,0.0
8.0,High,HRD1_major,0.11,0.0,0.0,0.0,0.0,0.0,0.0,0.0
8.0,High,HRD1_major,0.12,8.1e-05,6.0,1.1e-05,2e-06,0.0,1e-06,6.42
8.0,High,HRD1_major,0.13,0.015634,6.0,0.002145,0.000365,8e-06,0.000186,1238.12
8.0,High,HRD1_major,0.14,0.031186,6.0,0.004279,0.000727,1.6e-05,0.00037,2469.81
8.0,High,HRD1_major,0.15,0.046739,6.0,0.006413,0.00109,2.3e-05,0.000555,3701.51
8.0,High,HRD1_major,0.16,0.062291,6.0,0.008547,0.001453,3.1e-05,0.00074,4933.2
8.0,High,HRD1_major,0.17,0.077844,6.6425,0.01291,0.002523,6.5e-05,0.001196,7971.65
8.0,High,HRD1_major,0.18,0.093396,7.971,0.020715,0.005203,0.000184,0.002205,14701.49
8.0,High,HRD1_major,0.19,0.108949,9.2995,0.029422,0.009144,0.000421,0.003595,23971.05
8.0,High,HRD1_major,0.2,0.124501,10.628,0.038454,0.014389,0.000835,0.005385,35907.11
8.0,High,HRD1_major,0.21,0.140054,11.9565,0.04736,0.020892,0.001485,0.007586,50581.14
8.0,High,HRD1_major,0.22,0.155606,13.285,0.055814,0.028548,0.002431,0.010202,68028.53
8.0,High,HRD1_major,0.23,0.171159,14.6135,0.0636,0.037216,0.003733,0.013236,88260.15
8.0,High,HRD1_major,0.24,0.186711,15.942,0.070592,0.046737,0.005443,0.016687,111269.12
8.0,High,HRD1_major,0.25,0.202264,17.9348,0.076534,0.05995,0.008546,0.021799,145353.67
8.0,High,HRD1_major,0.26,0.202771,19.9275,0.075103,0.068452,0.011694,0.025631,170909.74
8.0,High,HRD1_major,0.27,0.202771,21.9203,0.072352,0.075701,0.015238,0.029425,196203.16
8.0,High,HRD1_major,0.28,0.202771,23.913,0.068894,0.081825,0.01914,0.033208,221430.73
8.0,High,HRD1_major,0.29,0.202771,25.9058,0.065036,0.086859,0.02334,0.036961,246457.01
8.0,High,HRD1_major,0.3,0.202771,27.8985,0.060997,0.09087,0.027777,0.040668,271171.36
8.0,High,HRD1_major,0.31,0.202771,29.8913,0.056931,0.093946,0.032397,0.044314,295483.2
8.0,High,HRD1_major,0.32,0.202771,31.884,0.052942,0.096182,0.03715,0.047888,319318.87
8.0,High,HRD1_major,0.33,0.202771,33.8768,0.049097,0.097674,0.04199,0.051383,342619.18
8.0,High,HRD1_major,0.34,0.202771,35.8695,0.045439,0.098515,0.046878,0.05479,365337.5
8.0,High,HRD1_major,0.35,0.202771,37.8623,0.04199,0.098791,0.051781,0.058104,387438.06
8.0,High,HRD1_major,0.36,0.202771,39.855,0.038763,0.098581,0.056668,0.061322,408894.59
8.0,High,HRD1_major,0.37,0.202771,47.6046,0.028274,0.094407,0.075122,0.07288,485965.29
8.0,High,HRD1_major,0.38,0.202771,55.3542,0.02064,0.087103,0.092092,0.082917,552891.76
8.0,High,HRD1_major,0.39,0.202771,63.1038,0.015161,0.078603,0.107209,0.091525,610287.86
8.0,High,HRD1_major,0.4,0.202771,70.8533,0.011233,0.069983,0.12042,0.098853,659149.0
8.0,High,HRD1_major,0.41,0.202771,78.6029,0.008401,0.061797,0.131837,0.105066,700577.53
8.0,High,HRD1_major,0.42,0.202771,86.3525,0.006344,0.054301,0.141638,0.110324,735641.39
8.0,High,HRD1_major,0.43,0.202771,94.1021,0.004835,0.047583,0.150022,0.114774,765309.81
8.0,High,HRD1_major,0.44,0.202771,101.8517,0.003719,0.041643,0.15718,0.118541,790431.12
8.0,High,HRD1_major,0.45,0.202771,109.6013,0.002885,0.036434,0.163292,0.121735,811732.06
8.0,High,HRD1_major,0.46,0.202771,117.3508,0.002256,0.031889,0.168512,0.124449,829827.2
8.0,High,HRD1_major,0.47,0.202771,125.1004,0.001777,0.027934,0.172977,0.126759,845232.22
8.0,High,HRD1_major,0.48,0.202771,132.85,0.00141,0.024499,0.176801,0.128731,858377.88
8.0,High,HRD1_major,0.49,0.202771,132.85,0.00141,0.024499,0.176801,0.128731,858377.88
8.0,High,HRD1_major,0.5,0.202771,132.85,0.00141,0.024499,0.176801,0.128731,858377.88
8.0,High,HRD1_major,0.51,0.202771,132.85,0.00141,0.024499,0.176801,0.128731,858377.88
8.0,High,HRD1_major,0.52,0.202771,132.85,0.00141,0.024499,0.176801,0.128731,858377.88
8.0,High,HRD1_major,0.53,0.202771,132.85,0.00141,0.024499,0.176801,0.128731,858377.88
8.0,High,HRD1_major,0.54,0.202771,132.85,0.00141,0.024499,0.176801,0.128731,858377.88
8.0,High,HRD1_major,0.55,0.202771,132.85,0.00141,0.024499,0.176801,0.128731,858377.88
8.0,High,HRD1_major,0.56,0.202771,132.85,0.00141,0.024499,0.176801,0.128731,858377.88
8.0,High,HRD1_major,0.57,0.202771,132.85,0.00141,0.024499,0.176801,0.128731,858377.88
8.0,High,HRD1_major,0.58,0.202771,132.85,0.00141,0.024499,0.176801,0.128731,858377.88
8.0,High,HRD1_major,0.59,0.202771,132.85,0.00141,0.024499,0.176801,0.128731,858377.88
8.0,High,HRD1_major,0.6,0.202771,132.85,0.00141,0.024499,0.176801,0.128731,858377.88
8.0,High,HRD1_major,0.61,0.202771,132.85,0.00141,0.024499,0.176801,0.128731,858377.88
8.0,High,HRD1_major,0.62,0.202771,132.85,0.00141,0.024499,0.176801,0.128731,858377.88
8.0,High,HRD1_major,0.63,0.202771,132.85,0.00141,0.024499,0.176801,0.128731,858377.88
8.0,High,HRD1_major,0.64,0.202771,132.85,0.00141,0.024499,0.176801,0.128731,858377.88
8.0,High,HRD1_major,0.65,0.202771,132.85,0.00141,0.024499,0.176801,0.128731,858377.88
8.0,High,HRD1_major,0.66,0.202771,132.85,0.00141,0.024499,0.176801,0.128731,858377.88
8.0,High,HRD1_major,0.67,0.202771,132.85,0.00141,0.024499,0.176801,0.128731,858377.88
8.0,High,HRD1_major,0.68,0.202771,132.85,0.00141,0.024499,0.176801,0.128731,858377.88
8.0,High,HRD1_major,0.69,0.202771,132.85,0.00141,0.024499,0.176801,0.128731,858377.88
8.0,High,HRD1_major,0.7,0.202771,132.85,0.00141,0.024499,0.176801,0.128731,858377.88
8.0,High,HRD1_major,0.71,0.202771,132.85,0.00141,0.024499,0.176801,0.128731,858377.88
8.0,High,HRD1_major,0.72,0.202771,132.85,0.00141,0.024499,0.176801,0.128731,858377.88
8.0,High,HRD1_major,0.73,0.202771,132.85,0.00141,0.024499,0.176801,0.128731,858377.88
8.0,High,HRD1_major,0.74,0.202771,132.85,0.00141,0.024499,0.176801,0.128731,858377.88
8.0,High,HRD1_major,0.75,0.202771,132.85,0.00141,0.024499,0.176801,0.128731,858377.88
8.0,High,HRD1_major,0.76,0.202771,132.85,0.00141,0.024499,0.176801,0.128731,858377.88
8.0,High,HRD1_major,0.77,0.202771,132.85,0.00141,0.024499,0.176801,0.128731,858377.88
8.0,High,HRD1_major,0.78,0.202771,132.85,0.00141,0.024499,0.176801,0.128731,858377.88
8.0,High,HRD1_major,0.79,0.202771,132.85,0.00141,0.024499,0.176801,0.128731,858377.88
8.0,High,HRD1_major,0.8,0.202771,132.85,0.00141,0.024499,0.176801,0.128731,858377.88
8.0,High,HRD1_major,0.81,0.202771,132.85,0.00141,0.024499,0.176801,0.128731,858377.88
8.0,High,HRD1_major,0.82,0.202771,132.85,0.00141,0.024499,0.176801,0.128731,858377.88
8.0,High,HRD1_major,0.83,0.202771,132.85,0.00141,0.024499,0.176801,0.128731,858377.88
8.0,High,HRD1_major,0.84,0.202771,132.85,0.00141,0.024499,0.176801,0.128731,858377.88
8.0,High,HRD1_major,0.85,0.202771,132.85,0.00141,0.024499,0.176801,0.128731,858377.88
8.0,High,HRD1_major,0.86,0.202771,132.85,0.00141,0.024499,0.176801,0.128731,858377.88
8.0,High,HRD1_major,0.87,0.202771,132.85,0.00141,0.024499,0.176801,0.128731,858377.88
8.0,High,HRD1_major,0.88,0.202771,132.85,0.00141,0.024499,0.176801,0.128731,858377.88
8.0,High,HRD1_major,0.89,0.202771,132.85,0.00141,0.024499,0.176801,0.128731,858377.88
8.0,High,HRD1_major,0.9,0.202771,132.85,0.00141,0.024499,0.176801,0.128731,858377.88
8.0,High,HRD1_major,0.91,0.202771,132.85,0.00141,0.024499,0.176801,0.128731,858377.88
8.0,High,HRD1_major,0.92,0.202771,132.85,0.00141,0.024499,0.176801,0.128731,858377.88
8.0,High,HRD1_major,0.93,0.202771,132.85,0.00141,0.024499,0.176801,0.128731,858377.88
8.0,High,HRD1_major,0.94,0.202771,132.85,0.00141,0.024499,0.176801,0.128731,858377.88
8.0,High,HRD1_major,0.95,0.202771,132.85,0.00141,0.024499,0.176801,0.128731,858377.88
8.0,High,HRD1_major,0.96,0.202771,132.85,0.00141,0.024499,0.176801,0.128731,858377.88
8.0,High,HRD1_major,0.97,0.202771,132.85,0.00141,0.024499,0.176801,0.128731,858377.88
8.0,High,HRD1_major,0.98,0.202771,132.85,0.00141,0.024499,0.176801,0.128731,858377.88
8.0,High,HRD1_major,0.99,0.202771,132.85,0.00141,0.024499,0.176801,0.128731,858377.88
8.0,High,HRD1_major,1.0,0.202771,132.85,0.00141,0.024499,0.176801,0.128731,858377.88
8.0,High,HRD1_major,1.01,0.202771,132.85,0.00141,0.024499,0.176801,0.128731,858377.88
8.0,High,HRD1_major,1.02,0.202771,132.85,0.00141,0.024499,0.176801,0.128731,858377.88
8.0,High,HRD1_major,1.03,0.202771,132.85,0.00141,0.024499,0.176801,0.128731,858377.88
8.0,High,HRD1_major,1.04,0.202771,132.85,0.00141,0.024499,0.176801,0.128731,858377.88
8.0,High,HRD1_major,1.05,0.202771,132.85,0.00141,0.024499,0.176801,0.128731,858377.88
8.0,High,HRD1_major,1.06,0.202771,132.85,0.00141,0.024499,0.176801,0.128731,858377.88
8.0,High,HRD1_major,1.07,0.202771,132.85,0.00141,0.024499,0.176801,0.128731,858377.88
8.0,High,HRD1_major,1.08,0.202771,132.85,0.00141,0.024499,0.176801,0.128731,858377.88
8.0,High,HRD1_major,1.09,0.202771,132.85,0.00141,0.024499,0.176801,0.128731,858377.88
8.0,High,HRD1_major,1.1,0.202771,132.85,0.00141,0.024499,0.176801,0.128731,858377.88
8.0,High,HRD1_major,1.11,0.202771,132.85,0.00141,0.024499,0.176801,0.128731,858377.88
8.0,High,HRD1_major,1.12,0.202771,132.85,0.00141,0.024499,0.176801,0.128731,858377.88
8.0,High,HRD1_major,1.13,0.202771,132.85,0.00141,0.024499,0.176801,0.128731,858377.88
8.0,High,HRD1_major,1.14,0.202771,132.85,0.00141,0.024499,0.176801,0.128731,858377.88
8.0,High,HRD1_major,1.15,0.202771,132.85,0.00141,0.024499,0.176801,0.128731,858377.88
8.0,High,HRD1_major,1.16,0.202771,132.85,0.00141,0.024499,0.176801,0.128731,858377.88
8.0,High,HRD1_major,1.17,0.202771,132.85,0.00141,0.024499,0.176801,0.128731,858377.88
8.0,High,HRD1_major,1.18,0.202771,132.85,0.00141,0.024499,0.176801,0.128731,858377.88
8.0,High,HRD1_major,1.19,0.202771,132.85,0.00141,0.024499,0.176801,0.128731,858377.88
8.0,High,HRD1_major,1.2,0.202771,132.85,0.00141,0.024499,0.176801,0.128731,858377.88
8.0,High,HRD1_major,1.21,0.202771,132.85,0.00141,0.024499,0.176801,0.128731,858377.88
8.0,High,HRD1_major,1.22,0.202771,132.85,0.00141,0.024499,0.176801,0.128731,858377.88
8.0,High,HRD1_major,1.23,0.202771,132.85,0.00141,0.024499,0.176801,0.128731,858377.88
8.0,High,HRD1_major,1.24,0.202771,132.85,0.00141,0.024499,0.176801,0.128731,858377.88
8.0,High,HRD1_major,1.25,0.202771,132.85,0.00141,0.024499,0.176801,0.128731,858377.88
8.0,High,HRD1_major,1.26,0.202771,132.85,0.00141,0.024499,0.176801,0.128731,858377.88
8.0,High,HRD1_major,1.27,0.202771,132.85,0.00141,0.024499,0.176801,0.128731,858377.88
8.0,High,HRD1_major,1.28,0.202771,132.85,0.00141,0.024499,0.176801,0.128731,858377.88
8.0,High,HRD1_major,1.29,0.202771,132.85,0.00141,0.024499,0.176801,0.128731,858377.88
8.0,High,HRD1_major,1.3,0.202771,132.85,0.00141,0.024499,0.176801,0.128731,858377.88
8.0,High,HRD1_major,1.31,0.202771,132.85,0.00141,0.024499,0.176801,0.128731,858377.88
8.0,High,HRD1_major,1.32,0.202771,132.85,0.00141,0.024499,0.176801,0.128731,858377.88
8.0,High,HRD1_major,1.33,0.202771,132.85,0.00141,0.024499,0.176801,0.128731,858377.88
8.0,High,HRD1_major,1.34,0.202771,132.85,0.00141,0.024499,0.176801,0.128731,858377.88
8.0,High,HRD1_major,1.35,0.202771,132.85,0.00141,0.024499,0.176801,0.128731,858377.88
8.0,High,HRD1_major,1.36,0.202771,132.85,0.00141,0.024499,0.176801,0.128731,858377.88
8.0,High,HRD1_major,1.37,0.202771,132.85,0.00141,0.024499,0.176801,0.128731,858377.88
8.0,High,HRD1_major,1.38,0.202771,132.85,0.00141,0.024499,0.176801,0.128731,858377.88
8.0,High,HRD1_major,1.39,0.202771,132.85,0.00141,0.024499,0.176801,0.128731,858377.88
8.0,High,HRD1_major,1.4,0.202771,132.85,0.00141,0.024499,0.176801,0.128731,858377.88
8.0,High,HRD1_major,1.41,0.202771,132.85,0.00141,0.024499,0.176801,0.128731,858377.88
8.0,High,HRD1_major,1.42,0.202771,132.85,0.00141,0.024499,0.176801,0.128731,858377.88
8.0,High,HRD1_major,1.43,0.202771,132.85,0.00141,0.024499,0.176801,0.128731,858377.88
8.0,High,HRD1_major,1.44,0.202771,132.85,0.00141,0.024499,0.176801,0.128731,858377.88
8.0,High,HRD1_major,1.45,0.202771,132.85,0.00141,0.024499,0.176801,0.128731,858377.88
8.0,High,HRD1_major,1.46,0.202771,132.85,0.00141,0.024499,0.176801,0.128731,858377.88
8.0,High,HRD1_major,1.47,0.202771,132.85,0.00141,0.024499,0.176801,0.128731,858377.88
8.0,High,HRD1_major,1.48,0.202771,132.85,0.00141,0.024499,0.176801,0.128731,858377.88
8.0,High,HRD1_major,1.49,0.202771,132.85,0.00141,0.024499,0.176801,0.128731,858377.88
8.0,High,HRD1_major,1.5,0.202771,132.85,0.00141,0.024499,0.176801,0.128731,858377.88
8.0,High,HRD2_urban,0.0,0.0,0.0,0.0,0.0,0.0,0.0,0.0
8.0,High,HRD2_urban,0.01,0.0,0.0,0.0,0.0,0.0,0.0,0.0
8.0,High,HRD2_urban,0.02,0.0,0.0,0.0,0.0,0.0,0.0,0.0
8.0,High,HRD2_urban,0.03,0.0,0.0,0.0,0.0,0.0,0.0,0.0
8.0,High,HRD2_urban,0.04,0.0,0.0,0.0,0.0,0.0,0.0,0.0
8.0,High,HRD2_urban,0.05,0.0,0.0,0.0,0.0,0.0,0.0,0.0
8.0,High,HRD2_urban,0.06,0.0,0.0,0.0,0.0,0.0,0.0,0.0
8.0,High,HRD2_urban,0.07,0.0,0.0,0.0,0.0,0.0,0.0,0.0
8.0,High,HRD2_urban,0.08,0.0,0.0,0.0,0.0,0.0,0.0,0.0
8.0,High,HRD2_urban,0.09,0.0,0.0,0.0,0.0,0.0,0.0,0.0
8.0,High,HRD2_urban,0.1,0.0,0.0,0.0,0.0,0.0,0.0,0.0
8.0,High,HRD2_urban,0.11,0.0,0.0,0.0,0.0,0.0,0.0,0.0
8.0,High,HRD2_urban,0.12,8.1e-05,6.0,2.7e-05,1.1e-05,2e-06,5e-06,16.51
8.0,High,HRD2_urban,0.13,0.015634,6.0,0.005299,0.002145,0.000373,0.000955,3183.09
8.0,High,HRD2_urban,0.14,0.031186,6.0,0.010571,0.004279,0.000743,0.001905,6349.67
8.0,High,HRD2_urban,0.15,0.046739,6.0,0.015843,0.006413,0.001114,0.002854,9516.24
8.0,High,HRD2_urban,0.16,0.062291,6.0,0.021114,0.008547,0.001484,0.003804,12682.82
8.0,High,HRD2_urban,0.17,0.077844,6.6425,0.027921,0.01291,0.002588,0.00579,19302.56
8.0,High,HRD2_urban,0.18,0.093396,7.971,0.035311,0.020715,0.005386,0.009679,32269.5
8.0,High,HRD2_urban,0.19,0.108949,9.2995,0.041018,0.029422,0.009566,0.014631,48780.82
8.0,High,HRD2_urban,0.2,0.124501,10.628,0.045047,0.038454,0.015224,0.0206,68680.79
8.0,High,HRD2_urban,0.21,0.140054,11.9565,0.047585,0.04736,0.022377,0.027515,91734.78
8.0,High,HRD2_urban,0.22,0.155606,13.285,0.048884,0.055814,0.030979,0.035292,117665.09
8.0,High,HRD2_urban,0.23,0.171159,14.6135,0.049196,0.0636,0.040949,0.043844,146176.64
8.0,High,HRD2_urban,0.24,0.186711,15.942,0.048749,0.070592,0.05218,0.053082,176974.42
8.0,High,HRD2_urban,0.25,0.202264,17.9348,0.045325,0.076534,0.068496,0.06552,218443.82
8.0,High,HRD2_urban,0.26,0.202771,19.9275,0.038763,0.075103,0.080146,0.073061,243585.74
8.0,High,HRD2_urban,0.27,0.202771,21.9203,0.032972,0.072352,0.09094,0.079777,265975.82
8.0,High,HRD2_urban,0.28,0.202771,23.913,0.02802,0.068894,0.100966,0.085856,286243.1
8.0,High,HRD2_urban,0.29,0.202771,25.9058,0.023821,0.065036,0.110198,0.091337,304516.93
8.0,High,HRD2_urban,0.3,0.202771,27.8985,0.020275,0.060997,0.118647,0.096266,320949.98
8.0,High,HRD2_urban,0.31,0.202771,29.8913,0.017287,0.056931,0.126343,0.100691,335702.71
8.0,High,HRD2_urban,0.32,0.202771,31.884,0.014771,0.052942,0.133332,0.104659,348933.9
8.0,High,HRD2_urban,0.33,0.202771,33.8768,0.01265,0.049097,0.139664,0.108217,360795.06
8.0,High,HRD2_urban,0.34,0.202771,35.8695,0.010861,0.045439,0.145393,0.111406,371427.44
8.0,High,HRD2_urban,0.35,0.202771,37.8623,0.009348,0.04199,0.150571,0.114265,380960.71
8.0,High,HRD2_urban,0.36,0.202771,39.855,0.008066,0.038763,0.155249,0.11683,389512.57
8.0,High,HRD2_urban,0.37,0.202771,47.6046,0.004655,0.028274,0.169528,0.124558,415274.83
8.0,High,HRD2_urban,0.38,0.202771,55.3542,0.002784,0.02064,0.179195,0.129704,432431.98
8.0,High,HRD2_urban,0.39,0.202771,63.1038,0.001719,0.015161,0.185812,0.133187,444044.44
8.0,High,HRD2_urban,0.4,0.202771,70.8533,0.001092,0.011233,0.190404,0.135584,452035.78
8.0,High,HRD2_urban,0.41,0.202771,78.6029,0.000711,0.008401,0.193634,0.13726,457624.17
8.0,High,HRD2_urban,0.42,0.202771,86.3525,0.000474,0.006344,0.195939,0.13845,461591.68
8.0,High,HRD2_urban,0.43,0.202771,94.1021,0.000322,0.004835,0.197605,0.139307,464448.31
8.0,High,HRD2_urban,0.44,0.202771,101.8517,0.000223,0.003719,0.198824,0.139932,466532.05
8.0,High,HRD2_urban,0.45,0.202771,109.6013,0.000157,0.002885,0.199726,0.140393,468070.4
8.0,High,HRD2_urban,0.46,0.202771,117.3508,0.000112,0.002256,0.200401,0.140737,469218.8
8.0,High,HRD2_urban,0.47,0.202771,125.1004,8.1e-05,0.001777,0.200911,0.140997,470084.98
8.0,High,HRD2_urban,0.48,0.202771,132.85,5.9e-05,0.00141,0.2013,0.141195,470744.56
8.0,High,HRD2_urban,0.49,0.202771,132.85,5.9e-05,0.00141,0.2013,0.141195,470744.56
8.0,High,HRD2_urban,0.5,0.202771,132.85,5.9e-05,0.00141,0.2013,0.141195,470744.56
8.0,High,HRD2_urban,0.51,0.202771,132.85,5.9e-05,0.00141,0.2013,0.141195,470744.56
8.0,High,HRD2_urban,0.52,0.202771,132.85,5.9e-05,0.00141,0.2013,0.141195,470744.56
8.0,High,HRD2_urban,0.53,0.202771,132.85,5.9e-05,0.00141,0.2013,0.141195,470744.56
8.0,High,HRD2_urban,0.54,0.202771,132.85,5.9e-05,0.00141,0.2013,0.141195,470744.56
8.0,High,HRD2_urban,0.55,0.202771,132.85,5.9e-05,0.00141,0.2013,0.141195,470744.56
8.0,High,HRD2_urban,0.56,0.202771,132.85,5.9e-05,0.00141,0.2013,0.141195,470744.56
8.0,High,HRD2_urban,0.57,0.202771,132.85,5.9e-05,0.00141,0.2013,0.141195,470744.56
8.0,High,HRD2_urban,0.58,0.202771,132.85,5.9e-05,0.00141,0.2013,0.141195,470744.56
8.0,High,HRD2_urban,0.59,0.202771,132.85,5.9e-05,0.00141,0.2013,0.141195,470744.56
8.0,High,HRD2_urban,0.6,0.202771,132.85,5.9e-05,0.00141,0.2013,0.141195,470744.56
8.0,High,HRD2_urban,0.61,0.202771,132.85,5.9e-05,0.00141,0.2013,0.141195,470744.56
8.0,High,HRD2_urban,0.62,0.202771,132.85,5.9e-05,0.00141,0.2013,0.141195,470744.56
8.0,High,HRD2_urban,0.63,0.202771,132.85,5.9e-05,0.00141,0.2013,0.141195,470744.56
8.0,High,HRD2_urban,0.64,0.202771,132.85,5.9e-05,0.00141,0.2013,0.141195,470744.56
8.0,High,HRD2_urban,0.65,0.202771,132.85,5.9e-05,0.00141,0.2013,0.141195,470744.56
8.0,High,HRD2_urban,0.66,0.202771,132.85,5.9e-05,0.00141,0.2013,0.141195,470744.56
8.0,High,HRD2_urban,0.67,0.202771,132.85,5.9e-05,0.00141,0.2013,0.141195,470744.56
8.0,High,HRD2_urban,0.68,0.202771,132.85,5.9e-05,0.00141,0.2013,0.141195,470744.56
8.0,High,HRD2_urban,0.69,0.202771,132.85,5.9e-05,0.00141,0.2013,0.141195,470744.56
8.0,High,HRD2_urban,0.7,0.202771,132.85,5.9e-05,0.00141,0.2013,0.141195,470744.56
8.0,High,HRD2_urban,0.71,0.202771,132.85,5.9e-05,0.00141,0.2013,0.141195,470744.56
8.0,High,HRD2_urban,0.72,0.202771,132.85,5.9e-05,0.00141,0.2013,0.141195,470744.56
8.0,High,HRD2_urban,0.73,0.202771,132.85,5.9e-05,0.00141,0.2013,0.141195,470744.56
8.0,High,HRD2_urban,0.74,0.202771,132.85,5.9e-05,0.00141,0.2013,0.141195,470744.56
8.0,High,HRD2_urban,0.75,0.202771,132.85,5.9e-05,0.00141,0.2013,0.141195,470744.56
8.0,High,HRD2_urban,0.76,0.202771,132.85,5.9e-05,0.00141,0.2013,0.141195,470744.56
8.0,High,HRD2_urban,0.77,0.202771,132.85,5.9e-05,0.00141,0.2013,0.141195,470744.56
8.0,High,HRD2_urban,0.78,0.202771,132.85,5.9e-05,0.00141,0.2013,0.141195,470744.56
8.0,High,HRD2_urban,0.79,0.202771,132.85,5.9e-05,0.00141,0.2013,0.141195,470744.56
8.0,High,HRD2_urban,0.8,0.202771,132.85,5.9e-05,0.00141,0.2013,0.141195,470744.56
8.0,High,HRD2_urban,0.81,0.202771,132.85,5.9e-05,0.00141,0.2013,0.141195,470744.56
8.0,High,HRD2_urban,0.82,0.202771,132.85,5.9e-05,0.00141,0.2013,0.141195,470744.56
8.0,High,HRD2_urban,0.83,0.202771,132.85,5.9e-05,0.00141,0.2013,0.141195,470744.56
8.0,High,HRD2_urban,0.84,0.202771,132.85,5.9e-05,0.00141,0.2013,0.141195,470744.56
8.0,High,HRD2_urban,0.85,0.202771,132.85,5.9e-05,0.00141,0.2013,0.141195,470744.56
8.0,High,HRD2_urban,0.86,0.202771,132.85,5.9e-05,0.00141,0.2013,0.141195,470744.56
8.0,High,HRD2_urban,0.87,0.202771,132.85,5.9e-05,0.00141,0.2013,0.141195,470744.56
8.0,High,HRD2_urban,0.88,0.202771,132.85,5.9e-05,0.00141,0.2013,0.141195,470744.56
8.0,High,HRD2_urban,0.89,0.202771,132.85,5.9e-05,0.00141,0.2013,0.141195,470744.56
8.0,High,HRD2_urban,0.9,0.202771,132.85,5.9e-05,0.00141,0.2013,0.141195,470744.56
8.0,High,HRD2_urban,0.91,0.202771,132.85,5.9e-05,0.00141,0.2013,0.141195,470744.56
8.0,High,HRD2_urban,0.92,0.202771,132.85,5.9e-05,0.00141,0.2013,0.141195,470744.56
8.0,High,HRD2_urban,0.93,0.202771,132.85,5.9e-05,0.00141,0.2013,0.141195,470744.56
8.0,High,HRD2_urban,0.94,0.202771,132.85,5.9e-05,0.00141,0.2013,0.141195,470744.56
8.0,High,HRD2_urban,0.95,0.202771,132.85,5.9e-05,0.00141,0.2013,0.141195,470744.56
8.0,High,HRD2_urban,0.96,0.202771,132.85,5.9e-05,0.00141,0.2013,0.141195,470744.56
8.0,High,HRD2_urban,0.97,0.202771,132.85,5.9e-05,0.00141,0.2013,0.141195,470744.56
8.0,High,HRD2_urban,0.98,0.202771,132.85,5.9e-05,0.00141,0.2013,0.141195,470744.56
8.0,High,HRD2_urban,0.99,0.202771,132.85,5.9e-05,0.00141,0.2013,0.141195,470744.56
8.0,High,HRD2_urban,1.0,0.202771,132.85,5.9e-05,0.00141,0.2013,0.141195,470744.56
8.0,High,HRD2_urban,1.01,0.202771,132.85,5.9e-05,0.00141,0.2013,0.141195,470744.56
8.0,High,HRD2_urban,1.02,0.202771,132.85,5.9e-05,0.00141,0.2013,0.141195,470744.56
8.0,High,HRD2_urban,1.03,0.202771,132.85,5.9e-05,0.00141,0.2013,0.141195,470744.56
8.0,High,HRD2_urban,1.04,0.202771,132.85,5.9e-05,0.00141,0.2013,0.141195,470744.56
8.0,High,HRD2_urban,1.05,0.202771,132.85,5.9e-05,0.00141,0.2013,0.141195,470744.56
8.0,High,HRD2_urban,1.06,0.202771,132.85,5.9e-05,0.00141,0.2013,0.141195,470744.56
8.0,High,HRD2_urban,1.07,0.202771,132.85,5.9e-05,0.00141,0.2013,0.141195,470744.56
8.0,High,HRD2_urban,1.08,0.202771,132.85,5.9e-05,0.00141,0.2013,0.141195,470744.56
8.0,High,HRD2_urban,1.09,0.202771,132.85,5.9e-05,0.00141,0.2013,0.141195,470744.56
8.0,High,HRD2_urban,1.1,0.202771,132.85,5.9e-05,0.00141,0.2013,0.141195,470744.56
8.0,High,HRD2_urban,1.11,0.202771,132.85,5.9e-05,0.00141,0.2013,0.141195,470744.56
8.0,High,HRD2_urban,1.12,0.202771,132.85,5.9e-05,0.00141,0.2013,0.141195,470744.56
8.0,High,HRD2_urban,1.13,0.202771,132.85,5.9e-05,0.00141,0.2013,0.141195,470744.56
8.0,High,HRD2_urban,1.14,0.202771,132.85,5.9e-05,0.00141,0.2013,0.141195,470744.56
8.0,High,HRD2_urban,1.15,0.202771,132.85,5.9e-05,0.00141,0.2013,0.141195,470744.56
8.0,High,HRD2_urban,1.16,0.202771,132.85,5.9e-05,0.00141,0.2013,0.141195,470744.56
8.0,High,HRD2_urban,1.17,0.202771,132.85,5.9e-05,0.00141,0.2013,0.141195,470744.56
8.0,High,HRD2_urban,1.18,0.202771,132.85,5.9e-05,0.00141,0.2013,0.141195,470744.56
8.0,High,HRD2_urban,1.19,0.202771,132.85,5.9e-05,0.00141,0.2013,0.141195,470744.56
8.0,High,HRD2_urban,1.2,0.202771,132.85,5.9e-05,0.00141,0.2013,0.141195,470744.56
8.0,High,HRD2_urban,1.21,0.202771,132.85,5.9e-05,0.00141,0.2013,0.141195,470744.56
8.0,High,HRD2_urban,1.22,0.202771,132.85,5.9e-05,0.00141,0.2013,0.141195,470744.56
8.0,High,HRD2_urban,1.23,0.202771,132.85,5.9e-05,0.00141,0.2013,0.141195,470744.56
8.0,High,HRD2_urban,1.24,0.202771,132.85,5.9e-05,0.00141,0.2013,0.141195,470744.56
8.0,High,HRD2_urban,1.25,0.202771,132.85,5.9e-05,0.00141,0.2013,0.141195,470744.56
8.0,High,HRD2_urban,1.26,0.202771,132.85,5.9e-05,0.00141,0.2013,0.141195,470744.56
8.0,High,HRD2_urban,1.27,0.202771,132.85,5.9e-05,0.00141,0.2013,0.141195,470744.56
8.0,High,HRD2_urban,1.28,0.202771,132.85,5.9e-05,0.00141,0.2013,0.141195,470744.56
8.0,High,HRD2_urban,1.29,0.202771,132.85,5.9e-05,0.00141,0.2013,0.141195,470744.56
8.0,High,HRD2_urban,1.3,0.202771,132.85,5.9e-05,0.00141,0.2013,0.141195,470744.56
8.0,High,HRD2_urban,1.31,0.202771,132.85,5.9e-05,0.00141,0.2013,0.141195,470744.56
8.0,High,HRD2_urban,1.32,0.202771,132.85,5.9e-05,0.00141,0.2013,0.141195,470744.56
8.0,High,HRD2_urban,1.33,0.202771,132.85,5.9e-05,0.00141,0.2013,0.141195,470744.56
8.0,High,HRD2_urban,1.34,0.202771,132.85,5.9e-05,0.00141,0.2013,0.141195,470744.56
8.0,High,HRD2_urban,1.35,0.202771,132.85,5.9e-05,0.00141,0.2013,0.141195,470744.56
8.0,High,HRD2_urban,1.36,0.202771,132.85,5.9e-05,0.00141,0.2013,0.141195,470744.56
8.0,High,HRD2_urban,1.37,0.202771,132.85,5.9e-05,0.00141,0.2013,0.141195,470744.56
8.0,High,HRD2_urban,1.38,0.202771,132.85,5.9e-05,0.00141,0.2013,0.141195,470744.56
8.0,High,HRD2_urban,1.39,0.202771,132.85,5.9e-05,0.00141,0.2013,0.141195,470744.56
8.0,High,HRD2_urban,1.4,0.202771,132.85,5.9e-05,0.00141,0.2013,0.141195,470744.56
8.0,High,HRD2_urban,1.41,0.202771,132.85,5.9e-05,0.00141,0.2013,0.141195,470744.56
8.0,High,HRD2_urban,1.42,0.202771,132.85,5.9e-05,0.00141,0.2013,0.141195,470744.56
8.0,High,HRD2_urban,1.43,0.202771,132.85,5.9e-05,0.00141,0.2013,0.141195,470744.56
8.0,High,HRD2_urban,1.44,0.202771,132.85,5.9e-05,0.00141,0.2013,0.141195,470744.56
8.0,High,HRD2_urban,1.45,0.202771,132.85,5.9e-05,0.00141,0.2013,0.141195,470744.56
8.0,High,HRD2_urban,1.46,0.202771,132.85,5.9e-05,0.00141,0.2013,0.141195,470744.56
8.0,High,HRD2_urban,1.47,0.202771,132.85,5.9e-05,0.00141,0.2013,0.141195,470744.56
8.0,High,HRD2_urban,1.48,0.202771,132.85,5.9e-05,0.00141,0.2013,0.141195,470744.56
8.0,High,HRD2_urban,1.49,0.202771,132.85,5.9e-05,0.00141,0.2013,0.141195,470744.56
8.0,High,HRD2_urban,1.5,0.202771,132.85,5.9e-05,0.00141,0.2013,0.141195,470744.56
8.0,Moderate,HRD1_major,0.0,0.0,0.0,0.0,0.0,0.0,0.0,0.0
8.0,Moderate,HRD1_major,0.01,0.0,0.0,0.0,0.0,0.0,0.0,0.0
8.0,Moderate,HRD1_major,0.02,0.0,0.0,0.0,0.0,0.0,0.0,0.0
8.0,Moderate,HRD1_major,0.03,0.0,0.0,0.0,0.0,0.0,0.0,0.0
8.0,Moderate,HRD1_major,0.04,0.0,0.0,0.0,0.0,0.0,0.0,0.0
8.0,Moderate,HRD1_major,0.05,0.0,0.0,0.0,0.0,0.0,0.0,0.0
8.0,Moderate,HRD1_major,0.06,0.0,0.0,0.0,0.0,0.0,0.0,0.0
8.0,Moderate,HRD1_major,0.07,0.0,0.0,0.0,0.0,0.0,0.0,0.0
8.0,Moderate,HRD1_major,0.08,0.0,0.0,0.0,0.0,0.0,0.0,0.0
8.0,Moderate,HRD1_major,0.09,0.0,0.0,0.0,0.0,0.0,0.0,0.0
8.0,Moderate,HRD1_major,0.1,0.0,0.0,0.0,0.0,0.0,0.0,0.0
8.0,Moderate,HRD1_major,0.11,0.0,0.0,0.0,0.0,0.0,0.0,0.0
8.0,Moderate,HRD1_major,0.12,0.0,0.0,0.0,0.0,0.0,0.0,0.0
8.0,Moderate,HRD1_major,0.13,0.0,0.0,0.0,0.0,0.0,0.0,0.0
8.0,Moderate,HRD1_major,0.14,0.0,0.0,0.0,0.0,0.0,0.0,0.0
8.0,Moderate,HRD1_major,0.15,5.1e-05,2.0,0.0,0.0,0.0,0.0,0.1
8.0,Moderate,HRD1_major,0.16,0.006813,2.0,3.4e-05,1e-06,0.0,2e-06,13.23
8.0,Moderate,HRD1_major,0.17,0.013575,2.1256,8.7e-05,4e-06,0.0,5e-06,34.02
8.0,Moderate,HRD1_major,0.18,0.020338,3.1884,0.000553,4e-05,0.0,3.6e-05,238.59
8.0,Moderate,HRD1_major,0.19,0.0271,4.2512,0.001691,0.00018,2e-06,0.000122,813.25
8.0,Moderate,HRD1_major,0.2,0.033863,5.314,0.003612,0.00052,9e-06,0.000291,1939.92
8.0,Moderate,HRD1_major,0.21,0.040625,6.3768,0.006259,0.001157,2.8e-05,0.000564,3758.29
8.0,Moderate,HRD1_major,0.22,0.047388,7.4396,0.009485,0.002166,6.8e-05,0.000955,6367.81
8.0,Moderate,HRD1_major,0.23,0.05415,8.5024,0.013113,0.0036,0.000142,0.001475,9836.58
8.0,Moderate,HRD1_major,0.24,0.060912,9.5652,0.016969,0.005484,0.000265,0.002131,14210.08
8.0,Moderate,HRD1_major,0.25,0.067675,10.628,0.020903,0.007822,0.000454,0.002927,19517.91
8.0,Moderate,HRD1_major,0.26,0.074437,11.6908,0.02479,0.010597,0.000724,0.003866,25778.53
8.0,Moderate,HRD1_major,0.27,0.0812,12.7536,0.028538,0.013782,0.001094,0.004949,33002.46
8.0,Moderate,HRD1_major,0.28,0.087962,13.8164,0.032079,0.017341,0.00158,0.006178,41194.43
8.0,Moderate,HRD1_major,0.29,0.094724,14.8792,0.035366,0.02123,0.002196,0.007552,50354.75
8.0,Moderate,HRD1_major,0.3,0.101385,15.942,0.038332,0.025378,0.002956,0.009061,60419.81
8.0,Moderate,HRD1_major,0.31,0.101385,17.5362,0.038434,0.029153,0.003998,0.010551,70354.74
8.0,Moderate,HRD1_major,0.32,0.101385,19.1304,0.037958,0.03262,0.005195,0.012058,80405.07
8.0,Moderate,HRD1_major,0.33,0.101385,20.7246,0.037056,0.035744,0.006532,0.013574,90512.56
8.0,Moderate,HRD1_major,0.34,0.101385,22.3188,0.035853,0.038508,0.007996,0.015091,100629.34
8.0,Moderate,HRD1_major,0.35,0.101385,23.913,0.034447,0.040913,0.00957,0.016604,110715.36
8.0,Moderate,HRD1_major,0.36,0.101385,25.5072,0.032914,0.042968,0.011239,0.018107,120736.74
8.0,Moderate,HRD1_major,0.37,0.101385,27.1014,0.031311,0.044691,0.012988,0.019596,130664.63
8.0,Moderate,HRD1_major,0.38,0.101385,28.6956,0.029684,0.046104,0.014803,0.021067,140474.44
8.0,Moderate,HRD1_major,0.39,0.101385,30.2898,0.028062,0.047229,0.016669,0.022517,150145.26
8.0,Moderate,HRD1_major,0.4,0.101385,31.884,0.026471,0.048091,0.018575,0.023944,159659.44
8.0,Moderate,HRD1_major,0.41,0.101385,33.4782,0.024926,0.048716,0.020508,0.025345,169002.18
8.0,Moderate,HRD1_major,0.42,0.101385,35.0724,0.023439,0.049126,0.02246,0.026719,178161.26
8.0,Moderate,HRD1_major,0.43,0.101385,36.6666,0.022017,0.049344,0.02442,0.028063,187126.76
8.0,Moderate,HRD1_major,0.44,0.101385,38.2608,0.020664,0.049393,0.02638,0.029378,195890.79
8.0,Moderate,HRD1_major,0.45,0.101385,39.855,0.019381,0.049291,0.028334,0.030661,204447.3
8.0,Moderate,HRD1_major,0.46,0.101385,46.0547,0.015061,0.047787,0.035765,0.035346,235685.52
8.0,Moderate,HRD1_major,0.47,0.101385,52.2543,0.011698,0.045126,0.042758,0.03954,263655.89
8.0,Moderate,HRD1_major,0.48,0.101385,58.454,0.009113,0.041886,0.049185,0.043262,288471.46
8.0,Moderate,HRD1_major,0.49,0.101385,64.6537,0.007134,0.038433,0.055001,0.046544,310353.98
8.0,Moderate,HRD1_major,0.5,0.101385,70.8533,0.005616,0.034992,0.06021,0.049426,329574.5
8.0,Moderate,HRD1_major,0.51,0.101385,77.053,0.004448,0.031692,0.064845,0.051952,346417.0
8.0,Moderate,HRD1_major,0.52,0.101385,83.2527,0.003545,0.028604,0.06895,0.054163,361157.48
8.0,Moderate,HRD1_major,0.53,0.101385,89.4523,0.002842,0.02576,0.072575,0.056097,374052.96
8.0,Moderate,HRD1_major,0.54,0.101385,95.652,0.002292,0.023167,0.075773,0.057789,385336.44
8.0,Moderate,HRD1_major,0.55,0.101385,101.8517,0.001859,0.020822,0.07859,0.05927,395215.56
8.0,Moderate,HRD1_major,0.56,0.101385,108.0513,0.001516,0.01871,0.081073,0.060569,403873.24
8.0,Moderate,HRD1_major,0.57,0.101385,114.251,0.001243,0.016816,0.083261,0.061708,411469.39
8.0,Moderate,HRD1_major,0.58,0.101385,120.4507,0.001024,0.01512,0.085191,0.062709,418143.07
8.0,Moderate,HRD1_major,0.59,0.101385,126.6503,0.000848,0.013604,0.086895,0.06359,424014.83
8.0,Moderate,HRD1_major,0.6,0.101385,132.85,0.000705,0.01225,0.0884,0.064365,429188.94
8.0,Moderate,HRD1_major,0.61,0.101385,132.85,0.000705,0.01225,0.0884,0.064365,429188.94
8.0,Moderate,HRD1_major,0.62,0.101385,132.85,0.000705,0.01225,0.0884,0.064365,429188.94
8.0,Moderate,HRD1_major,0.63,0.101385,132.85,0.000705,0.01225,0.0884,0.064365,429188.94
8.0,Moderate,HRD1_major,0.64,0.101385,132.85,0.000705,0.01225,0.0884,0.064365,429188.94
8.0,Moderate,HRD1_major,0.65,0.101385,132.85,0.000705,0.01225,0.0884,0.064365,429188.94
8.0,Moderate,HRD1_major,0.66,0.101385,132.85,0.000705,0.01225,0.0884,0.064365,429188.94
8.0,Moderate,HRD1_major,0.67,0.101385,132.85,0.000705,0.01225,0.0884,0.064365,429188.94
8.0,Moderate,HRD1_major,0.68,0.101385,132.85,0.000705,0.01225,0.0884,0.064365,429188.94
8.0,Moderate,HRD1_major,0.69,0.101385,132.85,0.000705,0.01225,0.0884,0.064365,429188.94
8.0,Moderate,HRD1_major,0.7,0.101385,132.85,0.000705,0.01225,0.0884,0.064365,429188.94
8.0,Moderate,HRD1_major,0.71,0.101385,132.85,0.000705,0.01225,0.0884,0.064365,429188.94
8.0,Moderate,HRD1_major,0.72,0.101385,132.85,0.000705,0.01225,0.0884,0.064365,429188.94
8.0,Moderate,HRD1_major,0.73,0.101385,132.85,0.000705,0.01225,0.0884,0.064365,429188.94
8.0,Moderate,HRD1_major,0.74,0.101385,132.85,0.000705,0.01225,0.0884,0.064365,429188.94
8.0,Moderate,HRD1_major,0.75,0.101385,132.85,0.000705,0.01225,0.0884,0.064365,429188.94
8.0,Moderate,HRD1_major,0.76,0.101385,132.85,0.000705,0.01225,0.0884,0.064365,429188.94
8.0,Moderate,HRD1_major,0.77,0.101385,132.85,0.000705,0.01225,0.0884,0.064365,429188.94
8.0,Moderate,HRD1_major,0.78,0.101385,132.85,0.000705,0.01225,0.0884,0.064365,429188.94
8.0,Moderate,HRD1_major,0.79,0.101385,132.85,0.000705,0.01225,0.0884,0.064365,429188.94
8.0,Moderate,HRD1_major,0.8,0.101385,132.85,0.000705,0.01225,0.0884,0.064365,429188.94
8.0,Moderate,HRD1_major,0.81,0.101385,132.85,0.000705,0.01225,0.0884,0.064365,429188.94
8.0,Moderate,HRD1_major,0.82,0.101385,132.85,0.000705,0.01225,0.0884,0.064365,429188.94
8.0,Moderate,HRD1_major,0.83,0.101385,132.85,0.000705,0.01225,0.0884,0.064365,429188.94
8.0,Moderate,HRD1_major,0.84,0.101385,132.85,0.000705,0.01225,0.0884,0.064365,429188.94
8.0,Moderate,HRD1_major,0.85,0.101385,132.85,0.000705,0.01225,0.0884,0.064365,429188.94
8.0,Moderate,HRD1_major,0.86,0.101385,132.85,0.000705,0.01225,0.0884,0.064365,429188.94
8.0,Moderate,HRD1_major,0.87,0.101385,132.85,0.000705,0.01225,0.0884,0.064365,429188.94
8.0,Moderate,HRD1_major,0.88,0.101385,132.85,0.000705,0.01225,0.0884,0.064365,429188.94
8.0,Moderate,HRD1_major,0.89,0.101385,132.85,0.000705,0.01225,0.0884,0.064365,429188.94
8.0,Moderate,HRD1_major,0.9,0.101385,132.85,0.000705,0.01225,0.0884,0.064365,429188.94
8.0,Moderate,HRD1_major,0.91,0.101385,132.85,0.000705,0.01225,0.0884,0.064365,429188.94
8.0,Moderate,HRD1_major,0.92,0.101385,132.85,0.000705,0.01225,0.0884,0.064365,429188.94
8.0,Moderate,HRD1_major,0.93,0.101385,132.85,0.000705,0.01225,0.0884,0.064365,429188.94
8.0,Moderate,HRD1_major,0.94,0.101385,132.85,0.000705,0.01225,0.0884,0.064365,429188.94
8.0,Moderate,HRD1_major,0.95,0.101385,132.85,0.000705,0.01225,0.0884,0.064365,429188.94
8.0,Moderate,HRD1_major,0.96,0.101385,132.85,0.000705,0.01225,0.0884,0.064365,429188.94
8.0,Moderate,HRD1_major,0.97,0.101385,132.85,0.000705,0.01225,0.0884,0.064365,429188.94
8.0,Moderate,HRD1_major,0.98,0.101385,132.85,0.000705,0.01225,0.0884,0.064365,429188.94
8.0,Moderate,HRD1_major,0.99,0.101385,132.85,0.000705,0.01225,0.0884,0.064365,429188.94
8.0,Moderate,HRD1_major,1.0,0.101385,132.85,0.000705,0.01225,0.0884,0.064365,429188.94
8.0,Moderate,HRD1_major,1.01,0.101385,132.85,0.000705,0.01225,0.0884,0.064365,429188.94
8.0,Moderate,HRD1_major,1.02,0.101385,132.85,0.000705,0.01225,0.0884,0.064365,429188.94
8.0,Moderate,HRD1_major,1.03,0.101385,132.85,0.000705,0.01225,0.0884,0.064365,429188.94
8.0,Moderate,HRD1_major,1.04,0.101385,132.85,0.000705,0.01225,0.0884,0.064365,429188.94
8.0,Moderate,HRD1_major,1.05,0.101385,132.85,0.000705,0.01225,0.0884,0.064365,429188.94
8.0,Moderate,HRD1_major,1.06,0.101385,132.85,0.000705,0.01225,0.0884,0.064365,429188.94
8.0,Moderate,HRD1_major,1.07,0.101385,132.85,0.000705,0.01225,0.0884,0.064365,429188.94
8.0,Moderate,HRD1_major,1.08,0.101385,132.85,0.000705,0.01225,0.0884,0.064365,429188.94
8.0,Moderate,HRD1_major,1.09,0.101385,132.85,0.000705,0.01225,0.0884,0.064365,429188.94
8.0,Moderate,HRD1_major,1.1,0.101385,132.85,0.000705,0.01225,0.0884,0.064365,429188.94
8.0,Moderate,HRD1_major,1.11,0.101385,132.85,0.000705,0.01225,0.0884,0.064365,429188.94
8.0,Moderate,HRD1_major,1.12,0.101385,132.85,0.000705,0.01225,0.0884,0.064365,429188.94
8.0,Moderate,HRD1_major,1.13,0.101385,132.85,0.000705,0.01225,0.0884,0.064365,429188.94
8.0,Moderate,HRD1_major,1.14,0.101385,132.85,0.000705,0.01225,0.0884,0.064365,429188.94
8.0,Moderate,HRD1_major,1.15,0.101385,132.85,0.000705,0.01225,0.0884,0.064365,429188.94
8.0,Moderate,HRD1_major,1.16,0.101385,132.85,0.000705,0.01225,0.0884,0.064365,429188.94
8.0,Moderate,HRD1_major,1.17,0.101385,132.85,0.000705,0.01225,0.0884,0.064365,429188.94
8.0,Moderate,HRD1_major,1.18,0.101385,132.85,0.000705,0.01225,0.0884,0.064365,429188.94
8.0,Moderate,HRD1_major,1.19,0.101385,132.85,0.000705,0.01225,0.0884,0.064365,429188.94
8.0,Moderate,HRD1_major,1.2,0.101385,132.85,0.000705,0.01225,0.0884,0.064365,429188.94
8.0,Moderate,HRD1_major,1.21,0.101385,132.85,0.000705,0.01225,0.0884,0.064365,429188.94
8.0,Moderate,HRD1_major,1.22,0.101385,132.85,0.000705,0.01225,0.0884,0.064365,429188.94
8.0,Moderate,HRD1_major,1.23,0.101385,132.85,0.000705,0.01225,0.0884,0.064365,429188.94
8.0,Moderate,HRD1_major,1.24,0.101385,132.85,0.000705,0.01225,0.0884,0.064365,429188.94
8.0,Moderate,HRD1_major,1.25,0.101385,132.85,0.000705,0.01225,0.0884,0.064365,429188.94
8.0,Moderate,HRD1_major,1.26,0.101385,132.85,0.000705,0.01225,0.0884,0.064365,429188.94
8.0,Moderate,HRD1_major,1.27,0.101385,132.85,0.000705,0.01225,0.0884,0.064365,429188.94
8.0,Moderate,HRD1_major,1.28,0.101385,132.85,0.000705,0.01225,0.0884,0.064365,429188.94
8.0,Moderate,HRD1_major,1.29,0.101385,132.85,0.000705,0.01225,0.0884,0.064365,429188.94
8.0,Moderate,HRD1_major,1.3,0.101385,132.85,0.000705,0.01225,0.0884,0.064365,429188.94
8.0,Moderate,HRD1_major,1.31,0.101385,132.85,0.000705,0.01225,0.0884,0.064365,429188.94
8.0,Moderate,HRD1_major,1.32,0.101385,132.85,0.000705,0.01225,0.0884,0.064365,429188.94
8.0,Moderate,HRD1_major,1.33,0.101385,132.85,0.000705,0.01225,0.0884,0.064365,429188.94
8.0,Moderate,HRD1_major,1.34,0.101385,132.85,0.000705,0.01225,0.0884,0.064365,429188.94
8.0,Moderate,HRD1_major,1.35,0.101385,132.85,0.000705,0.01225,0.0884,0.064365,429188.94
8.0,Moderate,HRD1_major,1.36,0.101385,132.85,0.000705,0.01225,0.0884,0.064365,429188.94
8.0,Moderate,HRD1_major,1.37,0.101385,132.85,0.000705,0.01225,0.0884,0.064365,429188.94
8.0,Moderate,HRD1_major,1.38,0.101385,132.85,0.000705,0.01225,0.0884,0.064365,429188.94
8.0,Moderate,HRD1_major,1.39,0.101385,132.85,0.000705,0.01225,0.0884,0.064365,429188.94
8.0,Moderate,HRD1_major,1.4,0.101385,132.85,0.000705,0.01225,0.0884,0.064365,429188.94
8.0,Moderate,HRD1_major,1.41,0.101385,132.85,0.000705,0.01225,0.0884,0.064365,429188.94
8.0,Moderate,HRD1_major,1.42,0.101385,132.85,0.000705,0.01225,0.0884,0.064365,429188.94
8.0,Moderate,HRD1_major,1.43,0.101385,132.85,0.000705,0.01225,0.0884,0.064365,429188.94
8.0,Moderate,HRD1_major,1.44,0.101385,132.85,0.000705,0.01225,0.0884,0.064365,429188.94
8.0,Moderate,HRD1_major,1.45,0.101385,132.85,0.000705,0.01225,0.0884,0.064365,429188.94
8.0,Moderate,HRD1_major,1.46,0.101385,132.85,0.000705,0.01225,0.0884,0.064365,429188.94
8.0,Moderate,HRD1_major,1.47,0.101385,132.85,0.000705,0.01225,0.0884,0.064365,429188.94
8.0,Moderate,HRD1_major,1.48,0.101385,132.85,0.000705,0.01225,0.0884,0.064365,429188.94
8.0,Moderate,HRD1_major,1.49,0.101385,132.85,0.000705,0.01225,0.0884,0.064365,429188.94
8.0,Moderate,HRD1_major,1.5,0.101385,132.85,0.000705,0.01225,0.0884,0.064365,429188.94
8.0,Moderate,HRD2_urban,0.0,0.0,0.0,0.0,0.0,0.0,0.0,0.0
8.0,Moderate,HRD2_urban,0.01,0.0,0.0,0.0,0.0,0.0,0.0,0.0
8.0,Moderate,HRD2_urban,0.02,0.0,0.0,0.0,0.0,0.0,0.0,0.0
8.0,Moderate,HRD2_urban,0.03,0.0,0.0,0.0,0.0,0.0,0.0,0.0
8.0,Moderate,HRD2_urban,0.04,0.0,0.0,0.0,0.0,0.0,0.0,0.0
8.0,Moderate,HRD2_urban,0.05,0.0,0.0,0.0,0.0,0.0,0.0,0.0
8.0,Moderate,HRD2_urban,0.06,0.0,0.0,0.0,0.0,0.0,0.0,0.0
8.0,Moderate,HRD2_urban,0.07,0.0,0.0,0.0,0.0,0.0,0.0,0.0
8.0,Moderate,HRD2_urban,0.08,0.0,0.0,0.0,0.0,0.0,0.0,0.0
8.0,Moderate,HRD2_urban,0.09,0.0,0.0,0.0,0.0,0.0,0.0,0.0
8.0,Moderate,HRD2_urban,0.1,0.0,0.0,0.0,0.0,0.0,0.0,0.0
8.0,Moderate,HRD2_urban,0.11,0.0,0.0,0.0,0.0,0.0,0.0,0.0
8.0,Moderate,HRD2_urban,0.12,0.0,0.0,0.0,0.0,0.0,0.0,0.0
8.0,Moderate,HRD2_urban,0.13,0.0,0.0,0.0,0.0,0.0,0.0,0.0
8.0,Moderate,HRD2_urban,0.14,0.0,0.0,0.0,0.0,0.0,0.0,0.0
8.0,Moderate,HRD2_urban,0.15,5.1e-05,2.0,3e-06,0.0,0.0,0.0,0.64
8.0,Moderate,HRD2_urban,0.16,0.006813,2.0,0.000361,3.4e-05,1e-06,2.6e-05,86.22
8.0,Moderate,HRD2_urban,0.17,0.013575,2.1256,0.000847,8.7e-05,4e-06,6.2e-05,207.98
8.0,Moderate,HRD2_urban,0.18,0.020338,3.1884,0.003133,0.000553,4e-05,0.000295,984.28
8.0,Moderate,HRD2_urban,0.19,0.0271,4.2512,0.006563,0.001691,0.000182,0.000794,2645.86
8.0,Moderate,HRD2_urban,0.2,0.033863,5.314,0.010459,0.003612,0.000529,0.001616,5386.62
8.0,Moderate,HRD2_urban,0.21,0.040625,6.3768,0.014278,0.006259,0.001184,0.002795,9317.29
8.0,Moderate,HRD2_urban,0.22,0.047388,7.4396,0.017692,0.009485,0.002234,0.004346,14487.93
8.0,Moderate,HRD2_urban,0.23,0.05415,8.5024,0.020548,0.013113,0.003742,0.00627,20903.45
8.0,Moderate,HRD2_urban,0.24,0.060912,9.5652,0.022805,0.016969,0.00575,0.008559,28535.58
8.0,Moderate,HRD2_urban,0.25,0.067675,10.628,0.024486,0.020903,0.008275,0.011198,37332.6
8.0,Moderate,HRD2_urban,0.26,0.074437,11.6908,0.025648,0.02479,0.011321,0.014165,47227.16
8.0,Moderate,HRD2_urban,0.27,0.0812,12.7536,0.026361,0.028538,0.014877,0.017439,58142.51
8.0,Moderate,HRD2_urban,0.28,0.087962,13.8164,0.026696,0.032079,0.01892,0.020995,69997.12
8.0,Moderate,HRD2_urban,0.29,0.094724,14.8792,0.026721,0.035366,0.023426,0.024808,82708.22
8.0,Moderate,HRD2_urban,0.3,0.101385,15.942,0.026471,0.038332,0.028334,0.028824,96098.19
8.0,Moderate,HRD2_urban,0.31,0.101385,17.5362,0.023439,0.038434,0.033151,0.032065,106903.08
8.0,Moderate,HRD2_urban,0.32,0.101385,19.1304,0.020664,0.037958,0.037815,0.035095,117007.35
8.0,Moderate,HRD2_urban,0.33,0.101385,20.7246,0.018171,0.037056,0.042276,0.037913,126401.58
8.0,Moderate,HRD2_urban,0.34,0.101385,22.3188,0.015958,0.035853,0.046504,0.040521,135097.73
8.0,Moderate,HRD2_urban,0.35,0.101385,23.913,0.01401,0.034447,0.050483,0.042928,143121.55
8.0,Moderate,HRD2_urban,0.36,0.101385,25.5072,0.012303,0.032914,0.054208,0.045143,150507.25
8.0,Moderate,HRD2_urban,0.37,0.101385,27.1014,0.010811,0.031311,0.05768,0.047179,157293.71
8.0,Moderate,HRD2_urban,0.38,0.101385,28.6956,0.009509,0.029684,0.060907,0.049047,163521.85
8.0,Moderate,HRD2_urban,0.39,0.101385,30.2898,0.008375,0.028062,0.063898,0.05076,169232.85
8.0,Moderate,HRD2_urban,0.4,0.101385,31.884,0.007386,0.026471,0.066666,0.05233,174466.95
8.0,Moderate,HRD2_urban,0.41,0.101385,33.4782,0.006523,0.024926,0.069224,0.053768,179262.74
8.0,Moderate,HRD2_urban,0.42,0.101385,35.0724,0.00577,0.023439,0.071585,0.055086,183656.69
8.0,Moderate,HRD2_urban,0.43,0.101385,36.6666,0.005112,0.022017,0.073764,0.056294,187682.89
8.0,Moderate,HRD2_urban,0.44,0.101385,38.2608,0.004537,0.020664,0.075773,0.0574,191373.02
8.0,Moderate,HRD2_urban,0.45,0.101385,39.855,0.004033,0.019381,0.077625,0.058415,194756.28
8.0,Moderate,HRD2_urban,0.46,0.101385,46.0547,0.00259,0.015061,0.083552,0.061628,205467.61
8.0,Moderate,HRD2_urban,0.47,0.101385,52.2543,0.001703,0.011698,0.087884,0.063943,213187.27
8.0,Moderate,HRD2_urban,0.48,0.101385,58.454,0.001144,0.009113,0.09107,0.065629,218807.34
8.0,Moderate,HRD2_urban,0.49,0.101385,64.6537,0.000783,0.007134,0.093434,0.066869,222942.68
8.0,Moderate,HRD2_urban,0.5,0.101385,70.8533,0.000546,0.005616,0.095202,0.067792,226017.89
8.0,Moderate,HRD2_urban,0.51,0.101385,77.053,0.000387,0.004448,0.096537,0.068485,228328.23
8.0,Moderate,HRD2_urban,0.52,0.101385,83.2527,0.000278,0.003545,0.097554,0.06901,230080.92
8.0,Moderate,HRD2_urban,0.53,0.101385,89.4523,0.000203,0.002842,0.098335,0.069413,231422.83
8.0,Moderate,HRD2_urban,0.54,0.101385,95.652,0.000149,0.002292,0.09894,0.069724,232459.16
8.0,Moderate,HRD2_urban,0.55,0.101385,101.8517,0.000111,0.001859,0.099412,0.069966,233266.02
8.0,Moderate,HRD2_urban,0.56,0.101385,108.0513,8.4e-05,0.001516,0.099783,0.070156,233899.04
8.0,Moderate,HRD2_urban,0.57,0.101385,114.251,6.4e-05,0.001243,0.100077,0.070306,234399.24
8.0,Moderate,HRD2_urban,0.58,0.101385,120.4507,4.9e-05,0.001024,0.100311,0.070425,234797.16
8.0,Moderate,HRD2_urban,0.59,0.101385,126.6503,3.8e-05,0.000848,0.100499,0.070521,235115.72
8.0,Moderate,HRD2_urban,0.6,0.101385,132.85,3e-05,0.000705,0.10065,0.070598,235372.28
8.0,Moderate,HRD2_urban,0.61,0.101385,132.85,3e-05,0.000705,0.10065,0.070598,235372.28
8.0,Moderate,HRD2_urban,0.62,0.101385,132.85,3e-05,0.000705,0.10065,0.070598,235372.28
8.0,Moderate,HRD2_urban,0.63,0.101385,132.85,3e-05,0.000705,0.10065,0.070598,235372.28
8.0,Moderate,HRD2_urban,0.64,0.101385,132.85,3e-05,0.000705,0.10065,0.070598,235372.28
8.0,Moderate,HRD2_urban,0.65,0.101385,132.85,3e-05,0.000705,0.10065,0.070598,235372.28
8.0,Moderate,HRD2_urban,0.66,0.101385,132.85,3e-05,0.000705,0.10065,0.070598,235372.28
8.0,Moderate,HRD2_urban,0.67,0.101385,132.85,3e-05,0.000705,0.10065,0.070598,235372.28
8.0,Moderate,HRD2_urban,0.68,0.101385,132.85,3e-05,0.000705,0.10065,0.070598,235372.28
8.0,Moderate,HRD2_urban,0.69,0.101385,132.85,3e-05,0.000705,0.10065,0.070598,235372.28
8.0,Moderate,HRD2_urban,0.7,0.101385,132.85,3e-05,0.000705,0.10065,0.070598,235372.28
8.0,Moderate,HRD2_urban,0.71,0.101385,132.85,3e-05,0.000705,0.10065,0.070598,235372.28
8.0,Moderate,HRD2_urban,0.72,0.101385,132.85,3e-05,0.000705,0.10065,0.070598,235372.28
8.0,Moderate,HRD2_urban,0.73,0.101385,132.85,3e-05,0.000705,0.10065,0.070598,235372.28
8.0,Moderate,HRD2_urban,0.74,0.101385,132.85,3e-05,0.000705,0.10065,0.070598,235372.28
8.0,Moderate,HRD2_urban,0.75,0.101385,132.85,3e-05,0.000705,0.10065,0.070598,235372.28
8.0,Moderate,HRD2_urban,0.76,0.101385,132.85,3e-05,0.000705,0.10065,0.070598,235372.28
8.0,Moderate,HRD2_urban,0.77,0.101385,132.85,3e-05,0.000705,0.10065,0.070598,235372.28
8.0,Moderate,HRD2_urban,0.78,0.101385,132.85,3e-05,0.000705,0.10065,0.070598,235372.28
8.0,Moderate,HRD2_urban,0.79,0.101385,132.85,3e-05,0.000705,0.10065,0.070598,235372.28
8.0,Moderate,HRD2_urban,0.8,0.101385,132.85,3e-05,0.000705,0.10065,0.070598,235372.28
8.0,Moderate,HRD2_urban,0.81,0.101385,132.85,3e-05,0.000705,0.10065,0.070598,235372.28
8.0,Moderate,HRD2_urban,0.82,0.101385,132.85,3e-05,0.000705,0.10065,0.070598,235372.28
8.0,Moderate,HRD2_urban,0.83,0.101385,132.85,3e-05,0.000705,0.10065,0.070598,235372.28
8.0,Moderate,HRD2_urban,0.84,0.101385,132.85,3e-05,0.000705,0.10065,0.070598,235372.28
8.0,Moderate,HRD2_urban,0.85,0.101385,132.85,3e-05,0.000705,0.10065,0.070598,235372.28
8.0,Moderate,HRD2_urban,0.86,0.101385,132.85,3e-05,0.000705,0.10065,0.070598,235372.28
8.0,Moderate,HRD2_urban,0.87,0.101385,132.85,3e-05,0.000705,0.10065,0.070598,235372.28
8.0,Moderate,HRD2_urban,0.88,0.101385,132.85,3e-05,0.000705,0.10065,0.070598,235372.28
8.0,Moderate,HRD2_urban,0.89,0.101385,132.85,3e-05,0.000705,0.10065,0.070598,235372.28
8.0,Moderate,HRD2_urban,0.9,0.101385,132.85,3e-05,0.000705,0.10065,0.070598,235372.28
8.0,Moderate,HRD2_urban,0.91,0.101385,132.85,3e-05,0.000705,0.10065,0.070598,235372.28
8.0,Moderate,HRD2_urban,0.92,0.101385,132.85,3e-05,0.000705,0.10065,0.070598,235372.28
8.0,Moderate,HRD2_urban,0.93,0.101385,132.85,3e-05,0.000705,0.10065,0.070598,235372.28
8.0,Moderate,HRD2_urban,0.94,0.101385,132.85,3e-05,0.000705,0.10065,0.070598,235372.28
8.0,Moderate,HRD2_urban,0.95,0.101385,132.85,3e-05,0.000705,0.10065,0.070598,235372.28
8.0,Moderate,HRD2_urban,0.96,0.101385,132.85,3e-05,0.000705,0.10065,0.070598,235372.28
8.0,Moderate,HRD2_urban,0.97,0.101385,132.85,3e-05,0.000705,0.10065,0.070598,235372.28
8.0,Moderate,HRD2_urban,0.98,0.101385,132.85,3e-05,0.000705,0.10065,0.070598,235372.28
8.0,Moderate,HRD2_urban,0.99,0.101385,132.85,3e-05,0.000705,0.10065,0.070598,235372.28
8.0,Moderate,HRD2_urban,1.0,0.101385,132.85,3e-05,0.000705,0.10065,0.070598,235372.28
8.0,Moderate,HRD2_urban,1.01,0.101385,132.85,3e-05,0.000705,0.10065,0.070598,235372.28
8.0,Moderate,HRD2_urban,1.02,0.101385,132.85,3e-05,0.000705,0.10065,0.070598,235372.28
8.0,Moderate,HRD2_urban,1.03,0.101385,132.85,3e-05,0.000705,0.10065,0.070598,235372.28
8.0,Moderate,HRD2_urban,1.04,0.101385,132.85,3e-05,0.000705,0.10065,0.070598,235372.28
8.0,Moderate,HRD2_urban,1.05,0.101385,132.85,3e-05,0.000705,0.10065,0.070598,235372.28
8.0,Moderate,HRD2_urban,1.06,0.101385,132.85,3e-05,0.000705,0.10065,0.070598,235372.28
8.0,Moderate,HRD2_urban,1.07,0.101385,132.85,3e-05,0.000705,0.10065,0.070598,235372.28
8.0,Moderate,HRD2_urban,1.08,0.101385,132.85,3e-05,0.000705,0.10065,0.070598,235372.28
8.0,Moderate,HRD2_urban,1.09,0.101385,132.85,3e-05,0.000705,0.10065,0.070598,235372.28
8.0,Moderate,HRD2_urban,1.1,0.101385,132.85,3e-05,0.000705,0.10065,0.070598,235372.28
8.0,Moderate,HRD2_urban,1.11,0.101385,132.85,3e-05,0.000705,0.10065,0.070598,235372.28
8.0,Moderate,HRD2_urban,1.12,0.101385,132.85,3e-05,0.000705,0.10065,0.070598,235372.28
8.0,Moderate,HRD2_urban,1.13,0.101385,132.85,3e-05,0.000705,0.10065,0.070598,235372.28
8.0,Moderate,HRD2_urban,1.14,0.101385,132.85,3e-05,0.000705,0.10065,0.070598,235372.28
8.0,Moderate,HRD2_urban,1.15,0.101385,132.85,3e-05,0.000705,0.10065,0.070598,235372.28
8.0,Moderate,HRD2_urban,1.16,0.101385,132.85,3e-05,0.000705,0.10065,0.070598,235372.28
8.0,Moderate,HRD2_urban,1.17,0.101385,132.85,3e-05,0.000705,0.10065,0.070598,235372.28
8.0,Moderate,HRD2_urban,1.18,0.101385,132.85,3e-05,0.000705,0.10065,0.070598,235372.28
8.0,Moderate,HRD2_urban,1.19,0.101385,132.85,3e-05,0.000705,0.10065,0.070598,235372.28
8.0,Moderate,HRD2_urban,1.2,0.101385,132.85,3e-05,0.000705,0.10065,0.070598,235372.28
8.0,Moderate,HRD2_urban,1.21,0.101385,132.85,3e-05,0.000705,0.10065,0.070598,235372.28
8.0,Moderate,HRD2_urban,1.22,0.101385,132.85,3e-05,0.000705,0.10065,0.070598,235372.28
8.0,Moderate,HRD2_urban,1.23,0.101385,132.85,3e-05,0.000705,0.10065,0.070598,235372.28
8.0,Moderate,HRD2_urban,1.24,0.101385,132.85,3e-05,0.000705,0.10065,0.070598,235372.28
8.0,Moderate,HRD2_urban,1.25,0.101385,132.85,3e-05,0.000705,0.10065,0.070598,235372.28
8.0,Moderate,HRD2_urban,1.26,0.101385,132.85,3e-05,0.000705,0.10065,0.070598,235372.28
8.0,Moderate,HRD2_urban,1.27,0.101385,132.85,3e-05,0.000705,0.10065,0.070598,235372.28
8.0,Moderate,HRD2_urban,1.28,0.101385,132.85,3e-05,0.000705,0.10065,0.070598,235372.28
8.0,Moderate,HRD2_urban,1.29,0.101385,132.85,3e-05,0.000705,0.10065,0.070598,235372.28
8.0,Moderate,HRD2_urban,1.3,0.101385,132.85,3e-05,0.000705,0.10065,0.070598,235372.28
8.0,Moderate,HRD2_urban,1.31,0.101385,132.85,3e-05,0.000705,0.10065,0.070598,235372.28
8.0,Moderate,HRD2_urban,1.32,0.101385,132.85,3e-05,0.000705,0.10065,0.070598,235372.28
8.0,Moderate,HRD2_urban,1.33,0.101385,132.85,3e-05,0.000705,0.10065,0.070598,235372.28
8.0,Moderate,HRD2_urban,1.34,0.101385,132.85,3e-05,0.000705,0.10065,0.070598,235372.28
8.0,Moderate,HRD2_urban,1.35,0.101385,132.85,3e-05,0.000705,0.10065,0.070598,235372.28
8.0,Moderate,HRD2_urban,1.36,0.101385,132.85,3e-05,0.000705,0.10065,0.070598,235372.28
8.0,Moderate,HRD2_urban,1.37,0.101385,132.85,3e-05,0.000705,0.10065,0.070598,235372.28
8.0,Moderate,HRD2_urban,1.38,0.101385,132.85,3e-05,0.000705,0.10065,0.070598,235372.28
8.0,Moderate,HRD2_urban,1.39,0.101385,132.85,3e-05,0.000705,0.10065,0.070598,235372.28
8.0,Moderate,HRD2_urban,1.4,0.101385,132.85,3e-05,0.000705,0.10065,0.070598,235372.28
8.0,Moderate,HRD2_urban,1.41,0.101385,132.85,3e-05,0.000705,0.10065,0.070598,235372.28
8.0,Moderate,HRD2_urban,1.42,0.101385,132.85,3e-05,0.000705,0.10065,0.070598,235372.28
8.0,Moderate,HRD2_urban,1.43,0.101385,132.85,3e-05,0.000705,0.10065,0.070598,235372.28
8.0,Moderate,HRD2_urban,1.44,0.101385,132.85,3e-05,0.000705,0.10065,0.070598,235372.28
8.0,Moderate,HRD2_urban,1.45,0.101385,132.85,3e-05,0.000705,0.10065,0.070598,235372.28
8.0,Moderate,HRD2_urban,1.46,0.101385,132.85,3e-05,0.000705,0.10065,0.070598,235372.28
8.0,Moderate,HRD2_urban,1.47,0.101385,132.85,3e-05,0.000705,0.10065,0.070598,235372.28
8.0,Moderate,HRD2_urban,1.48,0.101385,132.85,3e-05,0.000705,0.10065,0.070598,235372.28
8.0,Moderate,HRD2_urban,1.49,0.101385,132.85,3e-05,0.000705,0.10065,0.070598,235372.28
8.0,Moderate,HRD2_urban,1.5,0.101385,132.85,3e-05,0.000705,0.10065,0.070598,235372.28
8.0,Low,HRD1_major,0.0,0.0,0.0,0.0,0.0,0.0,0.0,0.0
8.0,Low,HRD1_major,0.01,0.0,0.0,0.0,0.0,0.0,0.0,0.0
8.0,Low,HRD1_major,0.02,0.0,0.0,0.0,0.0,0.0,0.0,0.0
8.0,Low,HRD1_major,0.03,0.0,0.0,0.0,0.0,0.0,0.0,0.0
8.0,Low,HRD1_major,0.04,0.0,0.0,0.0,0.0,0.0,0.0,0.0
8.0,Low,HRD1_major,0.05,0.0,0.0,0.0,0.0,0.0,0.0,0.0
8.0,Low,HRD1_major,0.06,0.0,0.0,0.0,0.0,0.0,0.0,0.0
8.0,Low,HRD1_major,0.07,0.0,0.0,0.0,0.0,0.0,0.0,0.0
8.0,Low,HRD1_major,0.08,0.0,0.0,0.0,0.0,0.0,0.0,0.0
8.0,Low,HRD1_major,0.09,0.0,0.0,0.0,0.0,0.0,0.0,0.0
8.0,Low,HRD1_major,0.1,0.0,0.0,0.0,0.0,0.0,0.0,0.0
8.0,Low,HRD1_major,0.11,0.0,0.0,0.0,0.0,0.0,0.0,0.0
8.0,Low,HRD1_major,0.12,0.0,0.0,0.0,0.0,0.0,0.0,0.0
8.0,Low,HRD1_major,0.13,0.0,0.0,0.0,0.0,0.0,0.0,0.0
8.0,Low,HRD1_major,0.14,0.0,0.0,0.0,0.0,0.0,0.0,0.0
8.0,Low,HRD1_major,0.15,0.0,0.0,0.0,0.0,0.0,0.0,0.0
8.0,Low,HRD1_major,0.16,0.0,0.0,0.0,0.0,0.0,0.0,0.0
8.0,Low,HRD1_major,0.17,0.0,0.0,0.0,0.0,0.0,0.0,0.0
8.0,Low,HRD1_major,0.18,0.0,0.0,0.0,0.0,0.0,0.0,0.0
8.0,Low,HRD1_major,0.19,0.0,0.0,0.0,0.0,0.0,0.0,0.0
8.0,Low,HRD1_major,0.2,0.0,0.0,0.0,0.0,0.0,0.0,0.0
8.0,Low,HRD1_major,0.21,0.0,1.0,0.0,0.0,0.0,0.0,0.0
8.0,Low,HRD1_major,0.22,0.002301,1.0,0.0,0.0,0.0,0.0,0.15
8.0,Low,HRD1_major,0.23,0.005125,1.5183,8e-06,0.0,0.0,0.0,2.89
8.0,Low,HRD1_major,0.24,0.007949,2.2774,6.7e-05,3e-06,0.0,4e-06,26.4
8.0,Low,HRD1_major,0.25,0.010772,3.0366,0.00025,1.7e-05,0.0,1.6e-05,106.43
8.0,Low,HRD1_major,0.26,0.013596,3.7957,0.000623,5.7e-05,1e-06,4.3e-05,285.99
8.0,Low,HRD1_major,0.27,0.016419,4.5549,0.001222,0.000143,2e-06,9.1e-05,606.21
8.0,Low,HRD1_major,0.28,0.019243,5.314,0.002052,0.000296,5e-06,0.000165,1102.38
8.0,Low,HRD1_major,0.29,0.022067,6.0731,0.0031,0.000536,1.2e-05,0.00027,1803.11
8.0,Low,HRD1_major,0.3,0.02489,6.8323,0.004335,0.000881,2.4e-05,0.00041,2730.84
8.0,Low,HRD1_major,0.31,0.027714,7.5914,0.005722,0.001344,4.4e-05,0.000585,3902.82
8.0,Low,HRD1_major,0.32,0.030537,8.3506,0.007222,0.001934,7.4e-05,0.0008,5332.15
8.0,Low,HRD1_major,0.33,0.033361,9.1097,0.008798,0.002657,0.000118,0.001054,7028.65
8.0,Low,HRD1_major,0.34,0.036184,9.8689,0.010417,0.003516,0.00018,0.00135,8999.57
8.0,Low,HRD1_major,0.35,0.039008,10.628,0.012048,0.004508,0.000262,0.001687,11250.21
8.0,Low,HRD1_major,0.36,0.041832,11.3871,0.013668,0.005631,0.000368,0.002067,13784.33
8.0,Low,HRD1_major,0.37,0.044655,12.1463,0.015254,0.006879,0.000502,0.00249,16604.46
8.0,Low,HRD1_major,0.38,0.047479,12.9054,0.016791,0.008245,0.000668,0.002956,19712.18
8.0,Low,HRD1_major,0.39,0.050302,13.6646,0.018265,0.00972,0.000869,0.003466,23108.27
8.0,Low,HRD1_major,0.4,0.050693,14.4237,0.018764,0.010779,0.001057,0.003834,25565.71
8.0,Low,HRD1_major,0.41,0.050693,15.1829,0.019014,0.011745,0.001258,0.00418,27874.9
8.0,Low,HRD1_major,0.42,0.050693,15.942,0.019166,0.012689,0.001478,0.004531,30209.9
8.0,Low,HRD1_major,0.43,0.050693,17.0807,0.019236,0.014052,0.001842,0.005062,33750.77
8.0,Low,HRD1_major,0.44,0.050693,18.2194,0.019146,0.015339,0.002247,0.005598,37325.78
8.0,Low,HRD1_major,0.45,0.050693,19.3581,0.018926,0.016544,0.002689,0.006137,40923.35
8.0,Low,HRD1_major,0.46,0.050693,20.4969,0.018603,0.01766,0.003167,0.006679,44533.52
8.0,Low,HRD1_major,0.47,0.050693,21.6356,0.018199,0.018684,0.003677,0.007221,48147.58
8.0,Low,HRD1_major,0.48,0.050693,22.7743,0.017734,0.019616,0.004218,0.007762,51757.89
8.0,Low,HRD1_major,0.49,0.050693,23.913,0.017223,0.020456,0.004785,0.008302,55357.68
8.0,Low,HRD1_major,0.5,0.050693,25.0517,0.016681,0.021208,0.005377,0.008839,58940.93
8.0,Low,HRD1_major,0.51,0.050693,26.1904,0.016116,0.021873,0.00599,0.009373,62502.26
8.0,Low,HRD1_major,0.52,0.050693,27.3291,0.01554,0.022456,0.006622,0.009904,66036.89
8.0,Low,HRD1_major,0.53,0.050693,28.4679,0.014958,0.02296,0.00727,0.010429,69540.55
8.0,Low,HRD1_major,0.54,0.050693,29.6066,0.014377,0.02339,0.007932,0.010949,73009.42
8.0,Low,HRD1_major,0.55,0.050693,30.7453,0.013802,0.02375,0.008605,0.011464,76440.14
8.0,Low,HRD1_major,0.56,0.050693,31.884,0.013235,0.024046,0.009287,0.011972,79829.72
8.0,Low,HRD1_major,0.57,0.050693,33.0227,0.012681,0.02428,0.009977,0.012474,83175.54
8.0,Low,HRD1_major,0.58,0.050693,34.1614,0.012141,0.024458,0.010672,0.012969,86475.31
8.0,Low,HRD1_major,0.59,0.050693,35.3001,0.011616,0.024584,0.01137,0.013456,89727.05
8.0,Low,HRD1_major,0.6,0.050693,36.4389,0.011108,0.024662,0.01207,0.013937,92929.07
8.0,Low,HRD1_major,0.61,0.050693,37.5776,0.010617,0.024696,0.01277,0.014409,96079.94
8.0,Low,HRD1_major,0.62,0.050693,38.7163,0.010145,0.024689,0.01347,0.014874,99178.45
8.0,Low,HRD1_major,0.63,0.050693,39.855,0.009691,0.024645,0.014167,0.01533,102223.65
8.0,Low,HRD1_major,0.64,0.050693,44.2833,0.008095,0.024183,0.016839,0.017029,113547.33
8.0,Low,HRD1_major,0.65,0.050693,48.7117,0.006756,0.023374,0.019413,0.018602,124034.88
8.0,Low,HRD1_major,0.66,0.050693,53.14,0.005643,0.022344,0.021856,0.02005,133694.9
8.0,Low,HRD1_major,0.67,0.050693,57.5683,0.004721,0.021184,0.024152,0.021379,142555.94
8.0,Low,HRD1_major,0.68,0.050693,61.9967,0.003959,0.019961,0.026292,0.022594,150659.06
8.0,Low,HRD1_major,0.69,0.050693,66.425,0.003329,0.018721,0.028275,0.023703,158052.39
8.0,Low,HRD1_major,0.7,0.050693,70.8533,0.002808,0.017496,0.030105,0.024713,164787.25
8.0,Low,HRD1_major,0.71,0.050693,75.2817,0.002376,0.016308,0.031788,0.025632,170915.56
8.0,Low,HRD1_major,0.72,0.050693,79.71,0.002016,0.01517,0.033333,0.026468,176488.12
8.0,Low,HRD1_major,0.73,0.050693,84.1383,0.001717,0.014091,0.034748,0.027228,181553.47
8.0,Low,HRD1_major,0.74,0.050693,88.5667,0.001466,0.013075,0.036042,0.027918,186157.3
8.0,Low,HRD1_major,0.75,0.050693,92.995,0.001256,0.012124,0.037226,0.028546,190342.07
8.0,Low,HRD1_major,0.76,0.050693,97.4233,0.001079,0.011236,0.038307,0.029116,194146.95
8.0,Low,HRD1_major,0.77,0.050693,101.8517,0.00093,0.010411,0.039295,0.029635,197607.78
8.0,Low,HRD1_major,0.78,0.050693,106.28,0.000803,0.009645,0.040198,0.030108,200757.26
8.0,Low,HRD1_major,0.79,0.050693,110.7083,0.000696,0.008936,0.041022,0.030538,203625.08
8.0,Low,HRD1_major,0.8,0.050693,115.1367,0.000604,0.008281,0.041776,0.03093,206238.13
8.0,Low,HRD1_major,0.81,0.050693,119.565,0.000526,0.007675,0.042465,0.031287,208620.71
8.0,Low,HRD1_major,0.82,0.050693,123.9933,0.000459,0.007116,0.043095,0.031613,210794.76
8.0,Low,HRD1_major,0.83,0.050693,128.4217,0.000402,0.006601,0.043672,0.031911,212780.07
8.0,Low,HRD1_major,0.84,0.050693,132.85,0.000353,0.006125,0.0442,0.032183,214594.47
8.0,Low,HRD1_major,0.85,0.050693,132.85,0.000353,0.006125,0.0442,0.032183,214594.47
8.0,Low,HRD1_major,0.86,0.050693,132.85,0.000353,0.006125,0.0442,0.032183,214594.47
8.0,Low,HRD1_major,0.87,0.050693,132.85,0.000353,0.006125,0.0442,0.032183,214594.47
8.0,Low,HRD1_major,0.88,0.050693,132.85,0.000353,0.006125,0.0442,0.032183,214594.47
8.0,Low,HRD1_major,0.89,0.050693,132.85,0.000353,0.006125,0.0442,0.032183,214594.47
8.0,Low,HRD1_major,0.9,0.050693,132.85,0.000353,0.006125,0.0442,0.032183,214594.47
8.0,Low,HRD1_major,0.91,0.050693,132.85,0.000353,0.006125,0.0442,0.032183,214594.47
8.0,Low,HRD1_major,0.92,0.050693,132.85,0.000353,0.006125,0.0442,0.032183,214594.47
8.0,Low,HRD1_major,0.93,0.050693,132.85,0.000353,0.006125,0.0442,0.032183,214594.47
8.0,Low,HRD1_major,0.94,0.050693,132.85,0.000353,0.006125,0.0442,0.032183,214594.47
8.0,Low,HRD1_major,0.95,0.050693,132.85,0.000353,0.006125,0.0442,0.032183,214594.47
8.0,Low,HRD1_major,0.96,0.050693,132.85,0.000353,0.006125,0.0442,0.032183,214594.47
8.0,Low,HRD1_major,0.97,0.050693,132.85,0.000353,0.006125,0.0442,0.032183,214594.47
8.0,Low,HRD1_major,0.98,0.050693,132.85,0.000353,0.006125,0.0442,0.032183,214594.47
8.0,Low,HRD1_major,0.99,0.050693,132.85,0.000353,0.006125,0.0442,0.032183,214594.47
8.0,Low,HRD1_major,1.0,0.050693,132.85,0.000353,0.006125,0.0442,0.032183,214594.47
8.0,Low,HRD1_major,1.01,0.050693,132.85,0.000353,0.006125,0.0442,0.032183,214594.47
8.0,Low,HRD1_major,1.02,0.050693,132.85,0.000353,0.006125,0.0442,0.032183,214594.47
8.0,Low,HRD1_major,1.03,0.050693,132.85,0.000353,0.006125,0.0442,0.032183,214594.47
8.0,Low,HRD1_major,1.04,0.050693,132.85,0.000353,0.006125,0.0442,0.032183,214594.47
8.0,Low,HRD1_major,1.05,0.050693,132.85,0.000353,0.006125,0.0442,0.032183,214594.47
8.0,Low,HRD1_major,1.06,0.050693,132.85,0.000353,0.006125,0.0442,0.032183,214594.47
8.0,Low,HRD1_major,1.07,0.050693,132.85,0.000353,0.006125,0.0442,0.032183,214594.47
8.0,Low,HRD1_major,1.08,0.050693,132.85,0.000353,0.006125,0.0442,0.032183,214594.47
8.0,Low,HRD1_major,1.09,0.050693,132.85,0.000353,0.006125,0.0442,0.032183,214594.47
8.0,Low,HRD1_major,1.1,0.050693,132.85,0.000353,0.006125,0.0442,0.032183,214594.47
8.0,Low,HRD1_major,1.11,0.050693,132.85,0.000353,0.006125,0.0442,0.032183,214594.47
8.0,Low,HRD1_major,1.12,0.050693,132.85,0.000353,0.006125,0.0442,0.032183,214594.47
8.0,Low,HRD1_major,1.13,0.050693,132.85,0.000353,0.006125,0.0442,0.032183,214594.47
8.0,Low,HRD1_major,1.14,0.050693,132.85,0.000353,0.006125,0.0442,0.032183,214594.47
8.0,Low,HRD1_major,1.15,0.050693,132.85,0.000353,0.006125,0.0442,0.032183,214594.47
8.0,Low,HRD1_major,1.16,0.050693,132.85,0.000353,0.006125,0.0442,0.032183,214594.47
8.0,Low,HRD1_major,1.17,0.050693,132.85,0.000353,0.006125,0.0442,0.032183,214594.47
8.0,Low,HRD1_major,1.18,0.050693,132.85,0.000353,0.006125,0.0442,0.032183,214594.47
8.0,Low,HRD1_major,1.19,0.050693,132.85,0.000353,0.006125,0.0442,0.032183,214594.47
8.0,Low,HRD1_major,1.2,0.050693,132.85,0.000353,0.006125,0.0442,0.032183,214594.47
8.0,Low,HRD1_major,1.21,0.050693,132.85,0.000353,0.006125,0.0442,0.032183,214594.47
8.0,Low,HRD1_major,1.22,0.050693,132.85,0.000353,0.006125,0.0442,0.032183,214594.47
8.0,Low,HRD1_major,1.23,0.050693,132.85,0.000353,0.006125,0.0442,0.032183,214594.47
8.0,Low,HRD1_major,1.24,0.050693,132.85,0.000353,0.006125,0.0442,0.032183,214594.47
8.0,Low,HRD1_major,1.25,0.050693,132.85,0.000353,0.006125,0.0442,0.032183,214594.47
8.0,Low,HRD1_major,1.26,0.050693,132.85,0.000353,0.006125,0.0442,0.032183,214594.47
8.0,Low,HRD1_major,1.27,0.050693,132.85,0.000353,0.006125,0.0442,0.032183,214594.47
8.0,Low,HRD1_major,1.28,0.050693,132.85,0.000353,0.006125,0.0442,0.032183,214594.47
8.0,Low,HRD1_major,1.29,0.050693,132.85,0.000353,0.006125,0.0442,0.032183,214594.47
8.0,Low,HRD1_major,1.3,0.050693,132.85,0.000353,0.006125,0.0442,0.032183,214594.47
8.0,Low,HRD1_major,1.31,0.050693,132.85,0.000353,0.006125,0.0442,0.032183,214594.47
8.0,Low,HRD1_major,1.32,0.050693,132.85,0.000353,0.006125,0.0442,0.032183,214594.47
8.0,Low,HRD1_major,1.33,0.050693,132.85,0.000353,0.006125,0.0442,0.032183,214594.47
8.0,Low,HRD1_major,1.34,0.050693,132.85,0.000353,0.006125,0.0442,0.032183,214594.47
8.0,Low,HRD1_major,1.35,0.050693,132.85,0.000353,0.006125,0.0442,0.032183,214594.47
8.0,Low,HRD1_major,1.36,0.050693,132.85,0.000353,0.006125,0.0442,0.032183,214594.47
8.0,Low,HRD1_major,1.37,0.050693,132.85,0.000353,0.006125,0.0442,0.032183,214594.47
8.0,Low,HRD1_major,1.38,0.050693,132.85,0.000353,0.006125,0.0442,0.032183,214594.47
8.0,Low,HRD1_major,1.39,0.050693,132.85,0.000353,0.006125,0.0442,0.032183,214594.47
8.0,Low,HRD1_major,1.4,0.050693,132.85,0.000353,0.006125,0.0442,0.032183,214594.47
8.0,Low,HRD1_major,1.41,0.050693,132.85,0.000353,0.006125,0.0442,0.032183,214594.47
8.0,Low,HRD1_major,1.42,0.050693,132.85,0.000353,0.006125,0.0442,0.032183,214594.47
8.0,Low,HRD1_major,1.43,0.050693,132.85,0.000353,0.006125,0.0442,0.032183,214594.47
8.0,Low,HRD1_major,1.44,0.050693,132.85,0.000353,0.006125,0.0442,0.032183,214594.47
8.0,Low,HRD1_major,1.45,0.050693,132.85,0.000353,0.006125,0.0442,0.032183,214594.47
8.0,Low,HRD1_major,1.46,0.050693,132.85,0.000353,0.006125,0.0442,0.032183,214594.47
8.0,Low,HRD1_major,1.47,0.050693,132.85,0.000353,0.006125,0.0442,0.032183,214594.47
8.0,Low,HRD1_major,1.48,0.050693,132.85,0.000353,0.006125,0.0442,0.032183,214594.47
8.0,Low,HRD1_major,1.49,0.050693,132.85,0.000353,0.006125,0.0442,0.032183,214594.47
8.0,Low,HRD1_major,1.5,0.050693,132.85,0.000353,0.006125,0.0442,0.032183,214594.47
8.0,Low,HRD2_urban,0.0,0.0,0.0,0.0,0.0,0.0,0.0,0.0
8.0,Low,HRD2_urban,0.01,0.0,0.0,0.0,0.0,0.0,0.0,0.0
8.0,Low,HRD2_urban,0.02,0.0,0.0,0.0,0.0,0.0,0.0,0.0
8.0,Low,HRD2_urban,0.03,0.0,0.0,0.0,0.0,0.0,0.0,0.0
8.0,Low,HRD2_urban,0.04,0.0,0.0,0.0,0.0,0.0,0.0,0.0
8.0,Low,HRD2_urban,0.05,0.0,0.0,0.0,0.0,0.0,0.0,0.0
8.0,Low,HRD2_urban,0.06,0.0,0.0,0.0,0.0,0.0,0.0,0.0
8.0,Low,HRD2_urban,0.07,0.0,0.0,0.0,0.0,0.0,0.0,0.0
8.0,Low,HRD2_urban,0.08,0.0,0.0,0.0,0.0,0.0,0.0,0.0
8.0,Low,HRD2_urban,0.09,0.0,0.0,0.0,0.0,0.0,0.0,0.0
8.0,Low,HRD2_urban,0.1,0.0,0.0,0.0,0.0,0.0,0.0,0.0
8.0,Low,HRD2_urban,0.11,0.0,0.0,0.0,0.0,0.0,0.0,0.0
8.0,Low,HRD2_urban,0.12,0.0,0.0,0.0,0.0,0.0,0.0,0.0
8.0,Low,HRD2_urban,0.13,0.0,0.0,0.0,0.0,0.0,0.0,0.0
8.0,Low,HRD2_urban,0.14,0.0,0.0,0.0,0.0,0.0,0.0,0.0
8.0,Low,HRD2_urban,0.15,0.0,0.0,0.0,0.0,0.0,0.0,0.0
8.0,Low,HRD2_urban,0.16,0.0,0.0,0.0,0.0,0.0,0.0,0.0
8.0,Low,HRD2_urban,0.17,0.0,0.0,0.0,0.0,0.0,0.0,0.0
8.0,Low,HRD2_urban,0.18,0.0,0.0,0.0,0.0,0.0,0.0,0.0
8.0,Low,HRD2_urban,0.19,0.0,0.0,0.0,0.0,0.0,0.0,0.0
8.0,Low,HRD2_urban,0.2,0.0,0.0,0.0,0.0,0.0,0.0,0.0
8.0,Low,HRD2_urban,0.21,0.0,1.0,0.0,0.0,0.0,0.0,0.0
8.0,Low,HRD2_urban,0.22,0.002301,1.0,1.2e-05,0.0,0.0,1e-06,2.24
8.0,Low,HRD2_urban,0.23,0.005125,1.5183,0.000119,8e-06,0.0,8e-06,25.57
8.0,Low,HRD2_urban,0.24,0.007949,2.2774,0.000591,6.7e-05,3e-06,4.5e-05,150.29
8.0,Low,HRD2_urban,0.25,0.010772,3.0366,0.001513,0.00025,1.7e-05,0.000138,458.75
8.0,Low,HRD2_urban,0.26,0.013596,3.7957,0.002807,0.000623,5.7e-05,0.000305,1017.17
8.0,Low,HRD2_urban,0.27,0.016419,4.5549,0.00433,0.001222,0.000144,0.000562,1873.47
8.0,Low,HRD2_urban,0.28,0.019243,5.314,0.005944,0.002052,0.000301,0.000918,3061.02
8.0,Low,HRD2_urban,0.29,0.022067,6.0731,0.007538,0.0031,0.000548,0.00138,4601.7
8.0,Low,HRD2_urban,0.3,0.02489,6.8323,0.009037,0.004335,0.000904,0.001952,6508.15
8.0,Low,HRD2_urban,0.31,0.027714,7.5914,0.010395,0.005722,0.001387,0.002635,8785.52
8.0,Low,HRD2_urban,0.32,0.030537,8.3506,0.011585,0.007222,0.002008,0.003429,11432.85
8.0,Low,HRD2_urban,0.33,0.033361,9.1097,0.0126,0.008798,0.002776,0.004332,14444.36
8.0,Low,HRD2_urban,0.34,0.036184,9.8689,0.01344,0.010417,0.003695,0.005342,17810.46
8.0,Low,HRD2_urban,0.35,0.039008,10.628,0.014114,0.012048,0.00477,0.006454,21518.68
8.0,Low,HRD2_urban,0.36,0.041832,11.3871,0.014634,0.013668,0.005999,0.007665,25554.46
8.0,Low,HRD2_urban,0.37,0.044655,12.1463,0.015015,0.015254,0.007382,0.008969,29901.77
8.0,Low,HRD2_urban,0.38,0.047479,12.9054,0.015272,0.016791,0.008913,0.010361,34543.68
8.0,Low,HRD2_urban,0.39,0.050302,13.6646,0.01542,0.018265,0.010589,0.011836,39462.75
8.0,Low,HRD2_urban,0.4,0.050693,14.4237,0.014764,0.018764,0.011836,0.012776,42596.77
8.0,Low,HRD2_urban,0.41,0.050693,15.1829,0.013993,0.019014,0.013003,0.013605,45358.56
8.0,Low,HRD2_urban,0.42,0.050693,15.942,0.013235,0.019166,0.014167,0.014412,48049.09
8.0,Low,HRD2_urban,0.43,0.050693,17.0807,0.012141,0.019236,0.015894,0.01558,51943.18
8.0,Low,HRD2_urban,0.44,0.050693,18.2194,0.011108,0.019146,0.017586,0.016695,55660.21
8.0,Low,HRD2_urban,0.45,0.050693,19.3581,0.010145,0.018926,0.019233,0.017755,59196.38
8.0,Low,HRD2_urban,0.46,0.050693,20.4969,0.009255,0.018603,0.020826,0.018762,62551.37
8.0,Low,HRD2_urban,0.47,0.050693,21.6356,0.008437,0.018199,0.022361,0.019714,65727.44
8.0,Low,HRD2_urban,0.48,0.050693,22.7743,0.007688,0.017734,0.023833,0.020614,68728.74
8.0,Low,HRD2_urban,0.49,0.050693,23.913,0.007005,0.017223,0.025241,0.021464,71560.77
8.0,Low,HRD2_urban,0.5,0.050693,25.0517,0.006384,0.016681,0.026585,0.022265,74229.98
8.0,Low,HRD2_urban,0.51,0.050693,26.1904,0.005819,0.016116,0.027863,0.023018,76743.37
8.0,Low,HRD2_urban,0.52,0.050693,27.3291,0.005307,0.01554,0.029078,0.023728,79108.33
8.0,Low,HRD2_urban,0.53,0.050693,28.4679,0.004842,0.014958,0.03023,0.024395,81332.37
8.0,Low,HRD2_urban,0.54,0.050693,29.6066,0.004421,0.014377,0.031322,0.025022,83422.99
8.0,Low,HRD2_urban,0.55,0.050693,30.7453,0.004039,0.013802,0.032355,0.025611,85387.62
8.0,Low,HRD2_urban,0.56,0.050693,31.884,0.003693,0.013235,0.033333,0.026165,87233.48
8.0,Low,HRD2_urban,0.57,0.050693,33.0227,0.003379,0.012681,0.034257,0.026685,88967.54
8.0,Low,HRD2_urban,0.58,0.050693,34.1614,0.003094,0.012141,0.03513,0.027174,90596.51
8.0,Low,HRD2_urban,0.59,0.050693,35.3001,0.002835,0.011616,0.035954,0.027633,92126.8
8.0,Low,HRD2_urban,0.6,0.050693,36.4389,0.002601,0.011108,0.036732,0.028064,93564.5
8.0,Low,HRD2_urban,0.61,0.050693,37.5776,0.002387,0.010617,0.037466,0.028469,94915.38
8.0,Low,HRD2_urban,0.62,0.050693,38.7163,0.002193,0.010145,0.038159,0.02885,96184.88
8.0,Low,HRD2_urban,0.63,0.050693,39.855,0.002016,0.009691,0.038812,0.029208,97378.14
8.0,Low,HRD2_urban,0.64,0.050693,44.2833,0.001466,0.008095,0.041022,0.030408,101380.11
8.0,Low,HRD2_urban,0.65,0.050693,48.7117,0.001079,0.006756,0.042787,0.031356,104541.38
8.0,Low,HRD2_urban,0.66,0.050693,53.14,0.000803,0.005643,0.0442,0.032109,107050.9
8.0,Low,HRD2_urban,0.67,0.050693,57.5683,0.000604,0.004721,0.045336,0.03271,109053.66
8.0,Low,HRD2_urban,0.68,0.050693,61.9967,0.000459,0.003959,0.046253,0.033192,110660.72
8.0,Low,HRD2_urban,0.69,0.050693,66.425,0.000353,0.003329,0.046996,0.03358,111957.28
8.0,Low,HRD2_urban,0.7,0.050693,70.8533,0.000273,0.002808,0.047601,0.033896,113008.94
8.0,Low,HRD2_urban,0.71,0.050693,75.2817,0.000213,0.002376,0.048096,0.034153,113866.39
8.0,Low,HRD2_urban,0.72,0.050693,79.71,0.000168,0.002016,0.048503,0.034364,114568.98
8.0,Low,HRD2_urban,0.73,0.050693,84.1383,0.000133,0.001717,0.048839,0.034537,115147.47
8.0,Low,HRD2_urban,0.74,0.050693,88.5667,0.000106,0.001466,0.049118,0.034681,115625.96
8.0,Low,HRD2_urban,0.75,0.050693,92.995,8.5e-05,0.001256,0.04935,0.0348,116023.5
8.0,Low,HRD2_urban,0.76,0.050693,97.4233,6.9e-05,0.001079,0.049543,0.0349,116355.17
8.0,Low,HRD2_urban,0.77,0.050693,101.8517,5.6e-05,0.00093,0.049706,0.034983,116633.01
8.0,Low,HRD2_urban,0.78,0.050693,106.28,4.5e-05,0.000803,0.049843,0.035053,116866.65
8.0,Low,HRD2_urban,0.79,0.050693,110.7083,3.7e-05,0.000696,0.049959,0.035112,117063.85
8.0,Low,HRD2_urban,0.8,0.050693,115.1367,3.1e-05,0.000604,0.050057,0.035162,117230.87
8.0,Low,HRD2_urban,0.81,0.050693,119.565,2.5e-05,0.000526,0.05014,0.035205,117372.82
8.0,Low,HRD2_urban,0.82,0.050693,123.9933,2.1e-05,0.000459,0.050212,0.035241,117493.84
8.0,Low,HRD2_urban,0.83,0.050693,128.4217,1.8e-05,0.000402,0.050273,0.035272,117597.35
8.0,Low,HRD2_urban,0.84,0.050693,132.85,1.5e-05,0.000353,0.050325,0.035299,117686.14
8.0,Low,HRD2_urban,0.85,0.050693,132.85,1.5e-05,0.000353,0.050325,0.035299,117686.14
8.0,Low,HRD2_urban,0.86,0.050693,132.85,1.5e-05,0.000353,0.050325,0.035299,117686.14
8.0,Low,HRD2_urban,0.87,0.050693,132.85,1.5e-05,0.000353,0.050325,0.035299,117686.14
8.0,Low,HRD2_urban,0.88,0.050693,132.85,1.5e-05,0.000353,0.050325,0.035299,117686.14
8.0,Low,HRD2_urban,0.89,0.050693,132.85,1.5e-05,0.000353,0.050325,0.035299,117686.14
8.0,Low,HRD2_urban,0.9,0.050693,132.85,1.5e-05,0.000353,0.050325,0.035299,117686.14
8.0,Low,HRD2_urban,0.91,0.050693,132.85,1.5e-05,0.000353,0.050325,0.035299,117686.14
8.0,Low,HRD2_urban,0.92,0.050693,132.85,1.5e-05,0.000353,0.050325,0.035299,117686.14
8.0,Low,HRD2_urban,0.93,0.050693,132.85,1.5e-05,0.000353,0.050325,0.035299,117686.14
8.0,Low,HRD2_urban,0.94,0.050693,132.85,1.5e-05,0.000353,0.050325,0.035299,117686.14
8.0,Low,HRD2_urban,0.95,0.050693,132.85,1.5e-05,0.000353,0.050325,0.035299,117686.14
8.0,Low,HRD2_urban,0.96,0.050693,132.85,1.5e-05,0.000353,0.050325,0.035299,117686.14
8.0,Low,HRD2_urban,0.97,0.050693,132.85,1.5e-05,0.000353,0.050325,0.035299,117686.14
8.0,Low,HRD2_urban,0.98,0.050693,132.85,1.5e-05,0.000353,0.050325,0.035299,117686.14
8.0,Low,HRD2_urban,0.99,0.050693,132.85,1.5e-05,0.000353,0.050325,0.035299,117686.14
8.0,Low,HRD2_urban,1.0,0.050693,132.85,1.5e-05,0.000353,0.050325,0.035299,117686.14
8.0,Low,HRD2_urban,1.01,0.050693,132.85,1.5e-05,0.000353,0.050325,0.035299,117686.14
8.0,Low,HRD2_urban,1.02,0.050693,132.85,1.5e-05,0.000353,0.050325,0.035299,117686.14
8.0,Low,HRD2_urban,1.03,0.050693,132.85,1.5e-05,0.000353,0.050325,0.035299,117686.14
8.0,Low,HRD2_urban,1.04,0.050693,132.85,1.5e-05,0.000353,0.050325,0.035299,117686.14
8.0,Low,HRD2_urban,1.05,0.050693,132.85,1.5e-05,0.000353,0.050325,0.035299,117686.14
8.0,Low,HRD2_urban,1.06,0.050693,132.85,1.5e-05,0.000353,0.050325,0.035299,117686.14
8.0,Low,HRD2_urban,1.07,0.050693,132.85,1.5e-05,0.000353,0.050325,0.035299,117686.14
8.0,Low,HRD2_urban,1.08,0.050693,132.85,1.5e-05,0.000353,0.050325,0.035299,117686.14
8.0,Low,HRD2_urban,1.09,0.050693,132.85,1.5e-05,0.000353,0.050325,0.035299,117686.14
8.0,Low,HRD2_urban,1.1,0.050693,132.85,1.5e-05,0.000353,0.050325,0.035299,117686.14
8.0,Low,HRD2_urban,1.11,0.050693,132.85,1.5e-05,0.000353,0.050325,0.035299,117686.14
8.0,Low,HRD2_urban,1.12,0.050693,132.85,1.5e-05,0.000353,0.050325,0.035299,117686.14
8.0,Low,HRD2_urban,1.13,0.050693,132.85,1.5e-05,0.000353,0.050325,0.035299,117686.14
8.0,Low,HRD2_urban,1.14,0.050693,132.85,1.5e-05,0.000353,0.050325,0.035299,117686.14
8.0,Low,HRD2_urban,1.15,0.050693,132.85,1.5e-05,0.000353,0.050325,0.035299,117686.14
8.0,Low,HRD2_urban,1.16,0.050693,132.85,1.5e-05,0.000353,0.050325,0.035299,117686.14
8.0,Low,HRD2_urban,1.17,0.050693,132.85,1.5e-05,0.000353,0.050325,0.035299,117686.14
8.0,Low,HRD2_urban,1.18,0.050693,132.85,1.5e-05,0.000353,0.050325,0.035299,117686.14
8.0,Low,HRD2_urban,1.19,0.050693,132.85,1.5e-05,0.000353,0.050325,0.035299,117686.14
8.0,Low,HRD2_urban,1.2,0.050693,132.85,1.5e-05,0.000353,0.050325,0.035299,117686.14
8.0,Low,HRD2_urban,1.21,0.050693,132.85,1.5e-05,0.000353,0.050325,0.035299,117686.14
8.0,Low,HRD2_urban,1.22,0.050693,132.85,1.5e-05,0.000353,0.050325,0.035299,117686.14
8.0,Low,HRD2_urban,1.23,0.050693,132.85,1.5e-05,0.000353,0.050325,0.035299,117686.14
8.0,Low,HRD2_urban,1.24,0.050693,132.85,1.5e-05,0.000353,0.050325,0.035299,117686.14
8.0,Low,HRD2_urban,1.25,0.050693,132.85,1.5e-05,0.000353,0.050325,0.035299,117686.14
8.0,Low,HRD2_urban,1.26,0.050693,132.85,1.5e-05,0.000353,0.050325,0.035299,117686.14
8.0,Low,HRD2_urban,1.27,0.050693,132.85,1.5e-05,0.000353,0.050325,0.035299,117686.14
8.0,Low,HRD2_urban,1.28,0.050693,132.85,1.5e-05,0.000353,0.050325,0.035299,117686.14
8.0,Low,HRD2_urban,1.29,0.050693,132.85,1.5e-05,0.000353,0.050325,0.035299,117686.14
8.0,Low,HRD2_urban,1.3,0.050693,132.85,1.5e-05,0.000353,0.050325,0.035299,117686.14
8.0,Low,HRD2_urban,1.31,0.050693,132.85,1.5e-05,0.000353,0.050325,0.035299,117686.14
8.0,Low,HRD2_urban,1.32,0.050693,132.85,1.5e-05,0.000353,0.050325,0.035299,117686.14
8.0,Low,HRD2_urban,1.33,0.050693,132.85,1.5e-05,0.000353,0.050325,0.035299,117686.14
8.0,Low,HRD2_urban,1.34,0.050693,132.85,1.5e-05,0.000353,0.050325,0.035299,117686.14
8.0,Low,HRD2_urban,1.35,0.050693,132.85,1.5e-05,0.000353,0.050325,0.035299,117686.14
8.0,Low,HRD2_urban,1.36,0.050693,132.85,1.5e-05,0.000353,0.050325,0.035299,117686.14
8.0,Low,HRD2_urban,1.37,0.050693,132.85,1.5e-05,0.000353,0.050325,0.035299,117686.14
8.0,Low,HRD2_urban,1.38,0.050693,132.85,1.5e-05,0.000353,0.050325,0.035299,117686.14
8.0,Low,HRD2_urban,1.39,0.050693,132.85,1.5e-05,0.000353,0.050325,0.035299,117686.14
8.0,Low,HRD2_urban,1.4,0.050693,132.85,1.5e-05,0.000353,0.050325,0.035299,117686.14
8.0,Low,HRD2_urban,1.41,0.050693,132.85,1.5e-05,0.000353,0.050325,0.035299,117686.14
8.0,Low,HRD2_urban,1.42,0.050693,132.85,1.5e-05,0.000353,0.050325,0.035299,117686.14
8.0,Low,HRD2_urban,1.43,0.050693,132.85,1.5e-05,0.000353,0.050325,0.035299,117686.14
8.0,Low,HRD2_urban,1.44,0.050693,132.85,1.5e-05,0.000353,0.050325,0.035299,117686.14
8.0,Low,HRD2_urban,1.45,0.050693,132.85,1.5e-05,0.000353,0.050325,0.035299,117686.14
8.0,Low,HRD2_urban,1.46,0.050693,132.85,1.5e-05,0.000353,0.050325,0.035299,117686.14
8.0,Low,HRD2_urban,1.47,0.050693,132.85,1.5e-05,0.000353,0.050325,0.035299,117686.14
8.0,Low,HRD2_urban,1.48,0.050693,132.85,1.5e-05,0.000353,0.050325,0.035299,117686.14
8.0,Low,HRD2_urban,1.49,0.050693,132.85,1.5e-05,0.000353,0.050325,0.035299,117686.14
8.0,Low,HRD2_urban,1.5,0.050693,132.85,1.5e-05,0.000353,0.050325,0.035299,117686.14
8.0,VeryLow,HRD1_major,0.0,0.0,0.0,0.0,0.0,0.0,0.0,0.0
8.0,VeryLow,HRD1_major,0.01,0.0,0.0,0.0,0.0,0.0,0.0,0.0
8.0,VeryLow,HRD1_major,0.02,0.0,0.0,0.0,0.0,0.0,0.0,0.0
8.0,VeryLow,HRD1_major,0.03,0.0,0.0,0.0,0.0,0.0,0.0,0.0
8.0,VeryLow,HRD1_major,0.04,0.0,0.0,0.0,0.0,0.0,0.0,0.0
8.0,VeryLow,HRD1_major,0.05,0.0,0.0,0.0,0.0,0.0,0.0,0.0
8.0,VeryLow,HRD1_major,0.06,0.0,0.0,0.0,0.0,0.0,0.0,0.0
8.0,VeryLow,HRD1_major,0.07,0.0,0.0,0.0,0.0,0.0,0.0,0.0
8.0,VeryLow,HRD1_major,0.08,0.0,0.0,0.0,0.0,0.0,0.0,0.0
8.0,VeryLow,HRD1_major,0.09,0.0,0.0,0.0,0.0,0.0,0.0,0.0
8.0,VeryLow,HRD1_major,0.1,0.0,0.0,0.0,0.0,0.0,0.0,0.0
8.0,VeryLow,HRD1_major,0.11,0.0,0.0,0.0,0.0,0.0,0.0,0.0
8.0,VeryLow,HRD1_major,0.12,0.0,0.0,0.0,0.0,0.0,0.0,0.0
8.0,VeryLow,HRD1_major,0.13,0.0,0.0,0.0,0.0,0.0,0.0,0.0
8.0,VeryLow,HRD1_major,0.14,0.0,0.0,0.0,0.0,0.0,0.0,0.0
8.0,VeryLow,HRD1_major,0.15,0.0,0.0,0.0,0.0,0.0,0.0,0.0
8.0,VeryLow,HRD1_major,0.16,0.0,0.0,0.0,0.0,0.0,0.0,0.0
8.0,VeryLow,HRD1_major,0.17,0.0,0.0,0.0,0.0,0.0,0.0,0.0
8.0,VeryLow,HRD1_major,0.18,0.0,0.0,0.0,0.0,0.0,0.0,0.0
8.0,VeryLow,HRD1_major,0.19,0.0,0.0,0.0,0.0,0.0,0.0,0.0
8.0,VeryLow,HRD1_major,0.2,0.0,0.0,0.0,0.0,0.0,0.0,0.0
8.0,VeryLow,HRD1_major,0.21,0.0,0.0,0.0,0.0,0.0,0.0,0.0
8.0,VeryLow,HRD1_major,0.22,0.0,0.0,0.0,0.0,0.0,0.0,0.0
8.0,VeryLow,HRD1_major,0.23,0.0,0.0,0.0,0.0,0.0,0.0,0.0
8.0,VeryLow,HRD1_major,0.24,0.0,0.0,0.0,0.0,0.0,0.0,0.0
8.0,VeryLow,HRD1_major,0.25,0.0,0.0,0.0,0.0,0.0,0.0,0.0
8.0,VeryLow,HRD1_major,0.26,3.2e-05,0.0,0.0,0.0,0.0,0.0,0.0
8.0,VeryLow,HRD1_major,0.27,0.000876,0.6132,0.0,0.0,0.0,0.0,0.0
8.0,VeryLow,HRD1_major,0.28,0.001719,1.2263,1e-06,0.0,0.0,0.0,0.34
8.0,VeryLow,HRD1_major,0.29,0.002563,1.8395,9e-06,0.0,0.0,1e-06,3.47
8.0,VeryLow,HRD1_major,0.3,0.003407,2.4526,3.8e-05,2e-06,0.0,2e-06,15.18
8.0,VeryLow,HRD1_major,0.31,0.00425,3.0658,0.000102,7e-06,0.0,7e-06,43.44
8.0,VeryLow,HRD1_major,0.32,0.005094,3.6789,0.000214,1.9e-05,0.0,1.5e-05,96.82
8.0,VeryLow,HRD1_major,0.33,0.005937,4.2921,0.00038,4.1e-05,0.0,2.8e-05,183.44
8.0,VeryLow,HRD1_major,0.34,0.006781,4.9052,0.000603,7.8e-05,1e-06,4.7e-05,310.47
8.0,VeryLow,HRD1_major,0.35,0.007624,5.5184,0.000882,0.000134,2e-06,7.3e-05,484.01
8.0,VeryLow,HRD1_major,0.36,0.008468,6.1315,0.001212,0.000212,5e-06,0.000106,709.14
8.0,VeryLow,HRD1_major,0.37,0.009311,6.7447,0.001586,0.000317,8e-06,0.000148,989.95
8.0,VeryLow,HRD1_major,0.38,0.010155,7.3578,0.001998,0.000449,1.4e-05,0.000199,1329.77
8.0,VeryLow,HRD1_major,0.39,0.010998,7.971,0.002439,0.000613,2.2e-05,0.00026,1731.24
8.0,VeryLow,HRD1_major,0.4,0.011842,8.5842,0.002903,0.000808,3.2e-05,0.000329,2196.46
8.0,VeryLow,HRD1_major,0.41,0.012685,9.1973,0.003383,0.001035,4.7e-05,0.000409,2727.09
8.0,VeryLow,HRD1_major,0.42,0.013529,9.8105,0.003871,0.001296,6.5e-05,0.000499,3324.39
8.0,VeryLow,HRD1_major,0.43,0.014372,10.4236,0.004362,0.001589,8.9e-05,0.000598,3989.37
8.0,VeryLow,HRD1_major,0.44,0.015216,11.0368,0.004852,0.001914,0.000118,0.000708,4722.76
8.0,VeryLow,HRD1_major,0.45,0.016059,11.6499,0.005335,0.002269,0.000154,0.000829,5525.11
8.0,VeryLow,HRD1_major,0.46,0.016903,12.2631,0.005808,0.002655,0.000197,0.000959,6396.81
8.0,VeryLow,HRD1_major,0.47,0.017746,12.8762,0.006269,0.003068,0.000248,0.0011,7338.09
8.0,VeryLow,HRD1_major,0.48,0.01859,13.4894,0.006714,0.003509,0.000307,0.001252,8349.08
8.0,VeryLow,HRD1_major,0.49,0.019434,14.1025,0.007141,0.003973,0.000375,0.001414,9429.8
8.0,VeryLow,HRD1_major,0.5,0.020277,14.7157,0.007549,0.004461,0.000453,0.001587,10580.19
8.0,VeryLow,HRD1_major,0.51,0.020277,15.3288,0.00762,0.004772,0.00052,0.001699,11328.84
8.0,VeryLow,HRD1_major,0.52,0.020277,15.942,0.007666,0.005076,0.000591,0.001812,12083.96
8.0,VeryLow,HRD1_major,0.53,0.020277,16.8617,0.007694,0.005518,0.000708,0.001984,13226.72
8.0,VeryLow,HRD1_major,0.54,0.020277,17.7815,0.007679,0.005941,0.000835,0.002156,14379.01
8.0,VeryLow,HRD1_major,0.55,0.020277,18.7012,0.007627,0.006344,0.000972,0.00233,15538.28
8.0,VeryLow,HRD1_major,0.56,0.020277,19.6209,0.007544,0.006724,0.001118,0.002505,16702.28
8.0,VeryLow,HRD1_major,0.57,0.020277,20.5407,0.007435,0.00708,0.001274,0.00268,17869.0
8.0,VeryLow,HRD1_major,0.58,0.020277,21.4604,0.007306,0.007413,0.001439,0.002855,19036.65
8.0,VeryLow,HRD1_major,0.59,0.020277,22.3801,0.00716,0.007721,0.001611,0.00303,20203.61
8.0,VeryLow,HRD1_major,0.6,0.020277,23.2998,0.007001,0.008006,0.001791,0.003205,21368.41
8.0,VeryLow,HRD1_major,0.61,0.020277,24.2196,0.006832,0.008267,0.001977,0.003379,22529.71
8.0,VeryLow,HRD1_major,0.62,0.020277,25.1393,0.006655,0.008505,0.002169,0.003552,23686.29
8.0,VeryLow,HRD1_major,0.63,0.020277,26.059,0.006473,0.00872,0.002367,0.003725,24837.05
8.0,VeryLow,HRD1_major,0.64,0.020277,26.9788,0.006287,0.008914,0.00257,0.003896,25980.97
8.0,VeryLow,HRD1_major,0.65,0.020277,27.8985,0.0061,0.009087,0.002778,0.004067,27117.14
8.0,VeryLow,HRD1_major,0.66,0.020277,28.8182,0.005912,0.00924,0.002989,0.004236,28244.7
8.0,VeryLow,HRD1_major,0.67,0.020277,29.738,0.005724,0.009374,0.003204,0.004404,29362.91
8.0,VeryLow,HRD1_major,0.68,0.020277,30.6577,0.005538,0.00949,0.003421,0.00457,30471.06
8.0,VeryLow,HRD1_major,0.69,0.020277,31.5774,0.005355,0.009589,0.003641,0.004734,31568.54
8.0,VeryLow,HRD1_major,0.7,0.020277,32.4972,0.005174,0.009672,0.003863,0.004897,32654.76
8.0,VeryLow,HRD1_major,0.71,0.020277,33.4169,0.004997,0.009739,0.004087,0.005058,33729.23
8.0,VeryLow,HRD1_major,0.72,0.020277,34.3366,0.004824,0.009792,0.004311,0.005218,34791.5
8.0,VeryLow,HRD1_major,0.73,0.020277,35.2563,0.004654,0.009832,0.004537,0.005375,35841.16
8.0,VeryLow,HRD1_major,0.74,0.020277,36.1761,0.004489,0.009859,0.004763,0.005531,36877.86
8.0,VeryLow,HRD1_major,0.75,0.020277,37.0958,0.004329,0.009875,0.00499,0.005684,37901.28
8.0,VeryLow,HRD1_major,0.76,0.020277,38.0155,0.004173,0.009879,0.005216,0.005836,38911.17
8.0,VeryLow,HRD1_major,0.77,0.020277,38.9353,0.004022,0.009873,0.005442,0.005985,39907.29
8.0,VeryLow,HRD1_major,0.78,0.020277,39.855,0.003876,0.009858,0.005667,0.006132,40889.46
8.0,VeryLow,HRD1_major,0.79,0.020277,43.4317,0.003353,0.009721,0.006533,0.006685,44573.78
8.0,VeryLow,HRD1_major,0.8,0.020277,47.0085,0.002897,0.009487,0.007375,0.007205,48040.06
8.0,VeryLow,HRD1_major,0.81,0.020277,50.5852,0.002504,0.009184,0.008185,0.007692,51288.61
8.0,VeryLow,HRD1_major,0.82,0.020277,54.1619,0.002166,0.008834,0.00896,0.008147,54323.73
8.0,VeryLow,HRD1_major,0.83,0.020277,57.7387,0.001876,0.008455,0.009695,0.008571,57152.53
8.0,VeryLow,HRD1_major,0.84,0.020277,61.3154,0.001627,0.00806,0.010389,0.008966,59783.95
8.0,VeryLow,HRD1_major,0.85,0.020277,64.8921,0.001414,0.00766,0.011042,0.009332,62228.13
8.0,VeryLow,HRD1_major,0.86,0.020277,68.4688,0.001231,0.007261,0.011655,0.009672,64495.78
8.0,VeryLow,HRD1_major,0.87,0.020277,72.0456,0.001074,0.006869,0.012229,0.009988,66597.88
8.0,VeryLow,HRD1_major,0.88,0.020277,75.6223,0.000938,0.006487,0.012765,0.01028,68545.33
8.0,VeryLow,HRD1_major,0.89,0.020277,79.199,0.000822,0.006119,0.013265,0.01055,70348.77
8.0,VeryLow,HRD1_major,0.9,0.020277,82.7758,0.000721,0.005767,0.01373,0.010801,72018.45
8.0,VeryLow,HRD1_major,0.91,0.020277,86.3525,0.000634,0.00543,0.014164,0.011032,73564.14
8.0,VeryLow,HRD1_major,0.92,0.020277,89.9292,0.000559,0.00511,0.014567,0.011247,74995.07
8.0,VeryLow,HRD1_major,0.93,0.020277,93.506,0.000494,0.004807,0.014942,0.011446,76319.91
8.0,VeryLow,HRD1_major,0.94,0.020277,97.0827,0.000437,0.004521,0.015291,0.01163,77546.77
8.0,VeryLow,HRD1_major,0.95,0.020277,100.6594,0.000387,0.004251,0.015615,0.0118,78683.18
8.0,VeryLow,HRD1_major,0.96,0.020277,104.2362,0.000344,0.003997,0.015916,0.011958,79736.15
8.0,VeryLow,HRD1_major,0.97,0.020277,107.8129,0.000306,0.003757,0.016197,0.012104,80712.17
8.0,VeryLow,HRD1_major,0.98,0.020277,111.3896,0.000272,0.003533,0.016457,0.01224,81617.21
8.0,VeryLow,HRD1_major,0.99,0.020277,114.9663,0.000243,0.003322,0.016699,0.012366,82456.81
8.0,VeryLow,HRD1_major,1.0,0.020277,118.5431,0.000217,0.003124,0.016925,0.012483,83236.06
8.0,VeryLow,HRD1_major,1.01,0.020277,122.1198,0.000195,0.002939,0.017134,0.012591,83959.64
8.0,VeryLow,HRD1_major,1.02,0.020277,125.6965,0.000175,0.002765,0.017329,0.012692,84631.87
8.0,VeryLow,HRD1_major,1.03,0.020277,129.2733,0.000157,0.002602,0.017511,0.012786,85256.7
8.0,VeryLow,HRD1_major,1.04,0.020277,132.85,0.000141,0.00245,0.01768,0.012873,85837.79
8.0,VeryLow,HRD1_major,1.05,0.020277,132.85,0.000141,0.00245,0.01768,0.012873,85837.79
8.0,VeryLow,HRD1_major,1.06,0.020277,132.85,0.000141,0.00245,0.01768,0.012873,85837.79
8.0,VeryLow,HRD1_major,1.07,0.020277,132.85,0.000141,0.00245,0.01768,0.012873,85837.79
8.0,VeryLow,HRD1_major,1.08,0.020277,132.85,0.000141,0.00245,0.01768,0.012873,85837.79
8.0,VeryLow,HRD1_major,1.09,0.020277,132.85,0.000141,0.00245,0.01768,0.012873,85837.79
8.0,VeryLow,HRD1_major,1.1,0.020277,132.85,0.000141,0.00245,0.01768,0.012873,85837.79
8.0,VeryLow,HRD1_major,1.11,0.020277,132.85,0.000141,0.00245,0.01768,0.012873,85837.79
8.0,VeryLow,HRD1_major,1.12,0.020277,132.85,0.000141,0.00245,0.01768,0.012873,85837.79
8.0,VeryLow,HRD1_major,1.13,0.020277,132.85,0.000141,0.00245,0.01768,0.012873,85837.79
8.0,VeryLow,HRD1_major,1.14,0.020277,132.85,0.000141,0.00245,0.01768,0.012873,85837.79
8.0,VeryLow,HRD1_major,1.15,0.020277,132.85,0.000141,0.00245,0.01768,0.012873,85837.79
8.0,VeryLow,HRD1_major,1.16,0.020277,132.85,0.000141,0.00245,0.01768,0.012873,85837.79
8.0,VeryLow,HRD1_major,1.17,0.020277,132.85,0.000141,0.00245,0.01768,0.012873,85837.79
8.0,VeryLow,HRD1_major,1.18,0.020277,132.85,0.000141,0.00245,0.01768,0.012873,85837.79
8.0,VeryLow,HRD1_major,1.19,0.020277,132.85,0.000141,0.00245,0.01768,0.012873,85837.79
8.0,VeryLow,HRD1_major,1.2,0.020277,132.85,0.000141,0.00245,0.01768,0.012873,85837.79
8.0,VeryLow,HRD1_major,1.21,0.020277,132.85,0.000141,0.00245,0.01768,0.012873,85837.79
8.0,VeryLow,HRD1_major,1.22,0.020277,132.85,0.000141,0.00245,0.01768,0.012873,85837.79
8.0,VeryLow,HRD1_major,1.23,0.020277,132.85,0.000141,0.00245,0.01768,0.012873,85837.79
8.0,VeryLow,HRD1_major,1.24,0.020277,132.85,0.000141,0.00245,0.01768,0.012873,85837.79
8.0,VeryLow,HRD1_major,1.25,0.020277,132.85,0.000141,0.00245,0.01768,0.012873,85837.79
8.0,VeryLow,HRD1_major,1.26,0.020277,132.85,0.000141,0.00245,0.01768,0.012873,85837.79
8.0,VeryLow,HRD1_major,1.27,0.020277,132.85,0.000141,0.00245,0.01768,0.012873,85837.79
8.0,VeryLow,HRD1_major,1.28,0.020277,132.85,0.000141,0.00245,0.01768,0.012873,85837.79
8.0,VeryLow,HRD1_major,1.29,0.020277,132.85,0.000141,0.00245,0.01768,0.012873,85837.79
8.0,VeryLow,HRD1_major,1.3,0.020277,132.85,0.000141,0.00245,0.01768,0.012873,85837.79
8.0,VeryLow,HRD1_major,1.31,0.020277,132.85,0.000141,0.00245,0.01768,0.012873,85837.79
8.0,VeryLow,HRD1_major,1.32,0.020277,132.85,0.000141,0.00245,0.01768,0.012873,85837.79
8.0,VeryLow,HRD1_major,1.33,0.020277,132.85,0.000141,0.00245,0.01768,0.012873,85837.79
8.0,VeryLow,HRD1_major,1.34,0.020277,132.85,0.000141,0.00245,0.01768,0.012873,85837.79
8.0,VeryLow,HRD1_major,1.35,0.020277,132.85,0.000141,0.00245,0.01768,0.012873,85837.79
8.0,VeryLow,HRD1_major,1.36,0.020277,132.85,0.000141,0.00245,0.01768,0.012873,85837.79
8.0,VeryLow,HRD1_major,1.37,0.020277,132.85,0.000141,0.00245,0.01768,0.012873,85837.79
8.0,VeryLow,HRD1_major,1.38,0.020277,132.85,0.000141,0.00245,0.01768,0.012873,85837.79
8.0,VeryLow,HRD1_major,1.39,0.020277,132.85,0.000141,0.00245,0.01768,0.012873,85837.79
8.0,VeryLow,HRD1_major,1.4,0.020277,132.85,0.000141,0.00245,0.01768,0.012873,85837.79
8.0,VeryLow,HRD1_major,1.41,0.020277,132.85,0.000141,0.00245,0.01768,0.012873,85837.79
8.0,VeryLow,HRD1_major,1.42,0.020277,132.85,0.000141,0.00245,0.01768,0.012873,85837.79
8.0,VeryLow,HRD1_major,1.43,0.020277,132.85,0.000141,0.00245,0.01768,0.012873,85837.79
8.0,VeryLow,HRD1_major,1.44,0.020277,132.85,0.000141,0.00245,0.01768,0.012873,85837.79
8.0,VeryLow,HRD1_major,1.45,0.020277,132.85,0.000141,0.00245,0.01768,0.012873,85837.79
8.0,VeryLow,HRD1_major,1.46,0.020277,132.85,0.000141,0.00245,0.01768,0.012873,85837.79
8.0,VeryLow,HRD1_major,1.47,0.020277,132.85,0.000141,0.00245,0.01768,0.012873,85837.79
8.0,VeryLow,HRD1_major,1.48,0.020277,132.85,0.000141,0.00245,0.01768,0.012873,85837.79
8.0,VeryLow,HRD1_major,1.49,0.020277,132.85,0.000141,0.00245,0.01768,0.012873,85837.79
8.0,VeryLow,HRD1_major,1.5,0.020277,132.85,0.000141,0.00245,0.01768,0.012873,85837.79
8.0,VeryLow,HRD2_urban,0.0,0.0,0.0,0.0,0.0,0.0,0.0,0.0
8.0,VeryLow,HRD2_urban,0.01,0.0,0.0,0.0,0.0,0.0,0.0,0.0
8.0,VeryLow,HRD2_urban,0.02,0.0,0.0,0.0,0.0,0.0,0.0,0.0
8.0,VeryLow,HRD2_urban,0.03,0.0,0.0,0.0,0.0,0.0,0.0,0.0
8.0,VeryLow,HRD2_urban,0.04,0.0,0.0,0.0,0.0,0.0,0.0,0.0
8.0,VeryLow,HRD2_urban,0.05,0.0,0.0,0.0,0.0,0.0,0.0,0.0
8.0,VeryLow,HRD2_urban,0.06,0.0,0.0,0.0,0.0,0.0,0.0,0.0
8.0,VeryLow,HRD2_urban,0.07,0.0,0.0,0.0,0.0,0.0,0.0,0.0
8.0,VeryLow,HRD2_urban,0.08,0.0,0.0,0.0,0.0,0.0,0.0,0.0
8.0,VeryLow,HRD2_urban,0.09,0.0,0.0,0.0,0.0,0.0,0.0,0.0
8.0,VeryLow,HRD2_urban,0.1,0.0,0.0,0.0,0.0,0.0,0.0,0.0
8.0,VeryLow,HRD2_urban,0.11,0.0,0.0,0.0,0.0,0.0,0.0,0.0
8.0,VeryLow,HRD2_urban,0.12,0.0,0.0,0.0,0.0,0.0,0.0,0.0
8.0,VeryLow,HRD2_urban,0.13,0.0,0.0,0.0,0.0,0.0,0.0,0.0
8.0,VeryLow,HRD2_urban,0.14,0.0,0.0,0.0,0.0,0.0,0.0,0.0
8.0,VeryLow,HRD2_urban,0.15,0.0,0.0,0.0,0.0,0.0,0.0,0.0
8.0,VeryLow,HRD2_urban,0.16,0.0,0.0,0.0,0.0,0.0,0.0,0.0
8.0,VeryLow,HRD2_urban,0.17,0.0,0.0,0.0,0.0,0.0,0.0,0.0
8.0,VeryLow,HRD2_urban,0.18,0.0,0.0,0.0,0.0,0.0,0.0,0.0
8.0,VeryLow,HRD2_urban,0.19,0.0,0.0,0.0,0.0,0.0,0.0,0.0
8.0,VeryLow,HRD2_urban,0.2,0.0,0.0,0.0,0.0,0.0,0.0,0.0
8.0,VeryLow,HRD2_urban,0.21,0.0,0.0,0.0,0.0,0.0,0.0,0.0
8.0,VeryLow,HRD2_urban,0.22,0.0,0.0,0.0,0.0,0.0,0.0,0.0
8.0,VeryLow,HRD2_urban,0.23,0.0,0.0,0.0,0.0,0.0,0.0,0.0
8.0,VeryLow,HRD2_urban,0.24,0.0,0.0,0.0,0.0,0.0,0.0,0.0
8.0,VeryLow,HRD2_urban,0.25,0.0,0.0,0.0,0.0,0.0,0.0,0.0
8.0,VeryLow,HRD2_urban,0.26,3.2e-05,0.0,0.0,0.0,0.0,0.0,0.0
8.0,VeryLow,HRD2_urban,0.27,0.000876,0.6132,0.0,0.0,0.0,0.0,0.09
8.0,VeryLow,HRD2_urban,0.28,0.001719,1.2263,1.9e-05,1e-06,0.0,1e-06,3.85
8.0,VeryLow,HRD2_urban,0.29,0.002563,1.8395,0.000107,9e-06,0.0,7e-06,24.74
8.0,VeryLow,HRD2_urban,0.3,0.003407,2.4526,0.000303,3.8e-05,2e-06,2.4e-05,80.18
8.0,VeryLow,HRD2_urban,0.31,0.00425,3.0658,0.000608,0.000102,7e-06,5.6e-05,185.63
8.0,VeryLow,HRD2_urban,0.32,0.005094,3.6789,0.001002,0.000214,1.9e-05,0.000106,353.3
8.0,VeryLow,HRD2_urban,0.33,0.005937,4.2921,0.001456,0.00038,4.1e-05,0.000178,592.48
8.0,VeryLow,HRD2_urban,0.34,0.006781,4.9052,0.00194,0.000603,7.9e-05,0.000273,910.15
8.0,VeryLow,HRD2_urban,0.35,0.007624,5.5184,0.002431,0.000882,0.000136,0.000393,1311.31
8.0,VeryLow,HRD2_urban,0.36,0.008468,6.1315,0.00291,0.001212,0.000217,0.00054,1799.37
8.0,VeryLow,HRD2_urban,0.37,0.009311,6.7447,0.003363,0.001586,0.000325,0.000713,2376.41
8.0,VeryLow,HRD2_urban,0.38,0.010155,7.3578,0.003781,0.001998,0.000463,0.000913,3043.31
8.0,VeryLow,HRD2_urban,0.39,0.010998,7.971,0.004158,0.002439,0.000634,0.00114,3800.04
8.0,VeryLow,HRD2_urban,0.4,0.011842,8.5842,0.004493,0.002903,0.00084,0.001393,4645.72
8.0,VeryLow,HRD2_urban,0.41,0.012685,9.1973,0.004784,0.003383,0.001082,0.001673,5578.82
8.0,VeryLow,HRD2_urban,0.42,0.013529,9.8105,0.005033,0.003871,0.001361,0.001979,6597.27
8.0,VeryLow,HRD2_urban,0.43,0.014372,10.4236,0.005241,0.004362,0.001678,0.002309,7698.57
8.0,VeryLow,HRD2_urban,0.44,0.015216,11.0368,0.005411,0.004852,0.002032,0.002663,8879.9
8.0,VeryLow,HRD2_urban,0.45,0.016059,11.6499,0.005545,0.005335,0.002424,0.003041,10138.16
8.0,VeryLow,HRD2_urban,0.46,0.016903,12.2631,0.005647,0.005808,0.002852,0.00344,11470.12
8.0,VeryLow,HRD2_urban,0.47,0.017746,12.8762,0.005719,0.006269,0.003316,0.003861,12872.4
8.0,VeryLow,HRD2_urban,0.48,0.01859,13.4894,0.005764,0.006714,0.003815,0.004302,14341.58
8.0,VeryLow,HRD2_urban,0.49,0.019434,14.1025,0.005786,0.007141,0.004348,0.004761,15874.21
8.0,VeryLow,HRD2_urban,0.5,0.020277,14.7157,0.005787,0.007549,0.004914,0.005239,17466.85
8.0,VeryLow,HRD2_urban,0.51,0.020277,15.3288,0.005538,0.00762,0.005291,0.005505,18352.66
8.0,VeryLow,HRD2_urban,0.52,0.020277,15.942,0.005294,0.007666,0.005667,0.005765,19219.64
8.0,VeryLow,HRD2_urban,0.53,0.020277,16.8617,0.004939,0.007694,0.006226,0.006144,20483.15
8.0,VeryLow,HRD2_urban,0.54,0.020277,17.7815,0.004599,0.007679,0.006776,0.006509,21700.75
8.0,VeryLow,HRD2_urban,0.55,0.020277,18.7012,0.004277,0.007627,0.007316,0.00686,22871.38
8.0,VeryLow,HRD2_urban,0.56,0.020277,19.6209,0.003973,0.007544,0.007842,0.007197,23994.66
8.0,VeryLow,HRD2_urban,0.57,0.020277,20.5407,0.003689,0.007435,0.008355,0.00752,25070.73
8.0,VeryLow,HRD2_urban,0.58,0.020277,21.4604,0.003423,0.007306,0.008852,0.007828,26100.12
8.0,VeryLow,HRD2_urban,0.59,0.020277,22.3801,0.003176,0.00716,0.009332,0.008123,27083.71
8.0,VeryLow,HRD2_urban,0.6,0.020277,23.2998,0.002946,0.007001,0.009796,0.008405,28022.6
8.0,VeryLow,HRD2_urban,0.61,0.020277,24.2196,0.002733,0.006832,0.010244,0.008674,28918.06
8.0,VeryLow,HRD2_urban,0.62,0.020277,25.1393,0.002535,0.006655,0.010674,0.00893,29771.5
8.0,VeryLow,HRD2_urban,0.63,0.020277,26.059,0.002353,0.006473,0.011088,0.009173,30584.43
8.0,VeryLow,HRD2_urban,0.64,0.020277,26.9788,0.002184,0.006287,0.011484,0.009406,31358.41
8.0,VeryLow,HRD2_urban,0.65,0.020277,27.8985,0.002028,0.0061,0.011865,0.009627,32095.0
8.0,VeryLow,HRD2_urban,0.66,0.020277,28.8182,0.001883,0.005912,0.012229,0.009837,32795.8
8.0,VeryLow,HRD2_urban,0.67,0.020277,29.738,0.00175,0.005724,0.012578,0.010037,33462.39
8.0,VeryLow,HRD2_urban,0.68,0.020277,30.6577,0.001627,0.005538,0.012911,0.010227,34096.32
8.0,VeryLow,HRD2_urban,0.69,0.020277,31.5774,0.001513,0.005355,0.01323,0.010408,34699.12
8.0,VeryLow,HRD2_urban,0.7,0.020277,32.4972,0.001408,0.005174,0.013535,0.01058,35272.26
8.0,VeryLow,HRD2_urban,0.71,0.020277,33.4169,0.001311,0.004997,0.013826,0.010743,35817.19
8.0,VeryLow,HRD2_urban,0.72,0.020277,34.3366,0.001221,0.004824,0.014104,0.010898,36335.28
8.0,VeryLow,HRD2_urban,0.73,0.020277,35.2563,0.001138,0.004654,0.014369,0.011046,36827.88
8.0,VeryLow,HRD2_urban,0.74,0.020277,36.1761,0.001061,0.004489,0.014622,0.011187,37296.26
8.0,VeryLow,HRD2_urban,0.75,0.020277,37.0958,0.00099,0.004329,0.014864,0.01132,37741.64
8.0,VeryLow,HRD2_urban,0.76,0.020277,38.0155,0.000924,0.004173,0.015095,0.011447,38165.2
8.0,VeryLow,HRD2_urban,0.77,0.020277,38.9353,0.000863,0.004022,0.015315,0.011568,38568.05
8.0,VeryLow,HRD2_urban,0.78,0.020277,39.855,0.000807,0.003876,0.015525,0.011683,38951.26
8.0,VeryLow,HRD2_urban,0.79,0.020277,43.4317,0.000623,0.003353,0.016254,0.012079,40272.99
8.0,VeryLow,HRD2_urban,0.8,0.020277,47.0085,0.000485,0.002897,0.016862,0.012407,41364.75
8.0,VeryLow,HRD2_urban,0.81,0.020277,50.5852,0.00038,0.002504,0.017369,0.012678,42269.35
8.0,VeryLow,HRD2_urban,0.82,0.020277,54.1619,0.000301,0.002166,0.017794,0.012904,43021.41
8.0,VeryLow,HRD2_urban,0.83,0.020277,57.7387,0.000239,0.001876,0.01815,0.013092,43648.87
8.0,VeryLow,HRD2_urban,0.84,0.020277,61.3154,0.000192,0.001627,0.01845,0.01325,44174.23
8.0,VeryLow,HRD2_urban,0.85,0.020277,64.8921,0.000154,0.001414,0.018702,0.013382,44615.67
8.0,VeryLow,HRD2_urban,0.86,0.020277,68.4688,0.000125,0.001231,0.018916,0.013494,44987.89
8.0,VeryLow,HRD2_urban,0.87,0.020277,72.0456,0.000102,0.001074,0.019098,0.013588,45302.83
8.0,VeryLow,HRD2_urban,0.88,0.020277,75.6223,8.4e-05,0.000938,0.019252,0.013668,45570.2
8.0,VeryLow,HRD2_urban,0.89,0.020277,79.199,6.9e-05,0.000822,0.019384,0.013737,45797.91
8.0,VeryLow,HRD2_urban,0.9,0.020277,82.7758,5.7e-05,0.000721,0.019497,0.013795,45992.45
8.0,VeryLow,HRD2_urban,0.91,0.020277,86.3525,4.7e-05,0.000634,0.019594,0.013845,46159.17
8.0,VeryLow,HRD2_urban,0.92,0.020277,89.9292,4e-05,0.000559,0.019677,0.013888,46302.45
8.0,VeryLow,HRD2_urban,0.93,0.020277,93.506,3.3e-05,0.000494,0.019749,0.013925,46425.95
8.0,VeryLow,HRD2_urban,0.94,0.020277,97.0827,2.8e-05,0.000437,0.019812,0.013957,46532.68
8.0,VeryLow,HRD2_urban,0.95,0.020277,100.6594,2.4e-05,0.000387,0.019866,0.013985,46625.17
8.0,VeryLow,HRD2_urban,0.96,0.020277,104.2362,2e-05,0.000344,0.019913,0.014009,46705.51
8.0,VeryLow,HRD2_urban,0.97,0.020277,107.8129,1.7e-05,0.000306,0.019954,0.01403,46775.48
8.0,VeryLow,HRD2_urban,0.98,0.020277,111.3896,1.4e-05,0.000272,0.01999,0.014048,46836.55
8.0,VeryLow,HRD2_urban,0.99,0.020277,114.9663,1.2e-05,0.000243,0.020021,0.014064,46889.98
8.0,VeryLow,HRD2_urban,1.0,0.020277,118.5431,1.1e-05,0.000217,0.020049,0.014078,46936.82
8.0,VeryLow,HRD2_urban,1.01,0.020277,122.1198,9e-06,0.000195,0.020073,0.014091,46977.98
8.0,VeryLow,HRD2_urban,1.02,0.020277,125.6965,8e-06,0.000175,0.020094,0.014101,47014.23
8.0,VeryLow,HRD2_urban,1.03,0.020277,129.2733,7e-06,0.000157,0.020113,0.014111,47046.2
8.0,VeryLow,HRD2_urban,1.04,0.020277,132.85,6e-06,0.000141,0.02013,0.01412,47074.46
8.0,VeryLow,HRD2_urban,1.05,0.020277,132.85,6e-06,0.000141,0.02013,0.01412,47074.46
8.0,VeryLow,HRD2_urban,1.06,0.020277,132.85,6e-06,0.000141,0.02013,0.01412,47074.46
8.0,VeryLow,HRD2_urban,1.07,0.020277,132.85,6e-06,0.000141,0.02013,0.01412,47074.46
8.0,VeryLow,HRD2_urban,1.08,0.020277,132.85,6e-06,0.000141,0.02013,0.01412,47074.46
8.0,VeryLow,HRD2_urban,1.09,0.020277,132.85,6e-06,0.000141,0.02013,0.01412,47074.46
8.0,VeryLow,HRD2_urban,1.1,0.020277,132.85,6e-06,0.000141,0.02013,0.01412,47074.46
8.0,VeryLow,HRD2_urban,1.11,0.020277,132.85,6e-06,0.000141,0.02013,0.01412,47074.46
8.0,VeryLow,HRD2_urban,1.12,0.020277,132.85,6e-06,0.000141,0.02013,0.01412,47074.46
8.0,VeryLow,HRD2_urban,1.13,0.020277,132.85,6e-06,0.000141,0.02013,0.01412,47074.46
8.0,VeryLow,HRD2_urban,1.14,0.020277,132.85,6e-06,0.000141,0.02013,0.01412,47074.46
8.0,VeryLow,HRD2_urban,1.15,0.020277,132.85,6e-06,0.000141,0.02013,0.01412,47074.46
8.0,VeryLow,HRD2_urban,1.16,0.020277,132.85,6e-06,0.000141,0.02013,0.01412,47074.46
8.0,VeryLow,HRD2_urban,1.17,0.020277,132.85,6e-06,0.000141,0.02013,0.01412,47074.46
8.0,VeryLow,HRD2_urban,1.18,0.020277,132.85,6e-06,0.000141,0.02013,0.01412,47074.46
8.0,VeryLow,HRD2_urban,1.19,0.020277,132.85,6e-06,0.000141,0.02013,0.01412,47074.46
8.0,VeryLow,HRD2_urban,1.2,0.020277,132.85,6e-06,0.000141,0.02013,0.01412,47074.46
8.0,VeryLow,HRD2_urban,1.21,0.020277,132.85,6e-06,0.000141,0.02013,0.01412,47074.46
8.0,VeryLow,HRD2_urban,1.22,0.020277,132.85,6e-06,0.000141,0.02013,0.01412,47074.46
8.0,VeryLow,HRD2_urban,1.23,0.020277,132.85,6e-06,0.000141,0.02013,0.01412,47074.46
8.0,VeryLow,HRD2_urban,1.24,0.020277,132.85,6e-06,0.000141,0.02013,0.01412,47074.46
8.0,VeryLow,HRD2_urban,1.25,0.020277,132.85,6e-06,0.000141,0.02013,0.01412,47074.46
8.0,VeryLow,HRD2_urban,1.26,0.020277,132.85,6e-06,0.000141,0.02013,0.01412,47074.46
8.0,VeryLow,HRD2_urban,1.27,0.020277,132.85,6e-06,0.000141,0.02013,0.01412,47074.46
8.0,VeryLow,HRD2_urban,1.28,0.020277,132.85,6e-06,0.000141,0.02013,0.01412,47074.46
8.0,VeryLow,HRD2_urban,1.29,0.020277,132.85,6e-06,0.000141,0.02013,0.01412,47074.46
8.0,VeryLow,HRD2_urban,1.3,0.020277,132.85,6e-06,0.000141,0.02013,0.01412,47074.46
8.0,VeryLow,HRD2_urban,1.31,0.020277,132.85,6e-06,0.000141,0.02013,0.01412,47074.46
8.0,VeryLow,HRD2_urban,1.32,0.020277,132.85,6e-06,0.000141,0.02013,0.01412,47074.46
8.0,VeryLow,HRD2_urban,1.33,0.020277,132.85,6e-06,0.000141,0.02013,0.01412,47074.46
8.0,VeryLow,HRD2_urban,1.34,0.020277,132.85,6e-06,0.000141,0.02013,0.01412,47074.46
8.0,VeryLow,HRD2_urban,1.35,0.020277,132.85,6e-06,0.000141,0.02013,0.01412,47074.46
8.0,VeryLow,HRD2_urban,1.36,0.020277,132.85,6e-06,0.000141,0.02013,0.01412,47074.46
8.0,VeryLow,HRD2_urban,1.37,0.020277,132.85,6e-06,0.000141,0.02013,0.01412,47074.46
8.0,VeryLow,HRD2_urban,1.38,0.020277,132.85,6e-06,0.000141,0.02013,0.01412,47074.46
8.0,VeryLow,HRD2_urban,1.39,0.020277,132.85,6e-06,0.000141,0.02013,0.01412,47074.46
8.0,VeryLow,HRD2_urban,1.4,0.020277,132.85,6e-06,0.000141,0.02013,0.01412,47074.46
8.0,VeryLow,HRD2_urban,1.41,0.020277,132.85,6e-06,0.000141,0.02013,0.01412,47074.46
8.0,VeryLow,HRD2_urban,1.42,0.020277,132.85,6e-06,0.000141,0.02013,0.01412,47074.46
8.0,VeryLow,HRD2_urban,1.43,0.020277,132.85,6e-06,0.000141,0.02013,0.01412,47074.46
8.0,VeryLow,HRD2_urban,1.44,0.020277,132.85,6e-06,0.000141,0.02013,0.01412,47074.46
8.0,VeryLow,HRD2_urban,1.45,0.020277,132.85,6e-06,0.000141,0.02013,0.01412,47074.46
8.0,VeryLow,HRD2_urban,1.46,0.020277,132.85,6e-06,0.000141,0.02013,0.01412,47074.46
8.0,VeryLow,HRD2_urban,1.47,0.020277,132.85,6e-06,0.000141,0.02013,0.01412,47074.46
8.0,VeryLow,HRD2_urban,1.48,0.020277,132.85,6e-06,0.000141,0.02013,0.01412,47074.46
8.0,VeryLow,HRD2_urban,1.49,0.020277,132.85,6e-06,0.000141,0.02013,0.01412,47074.46
8.0,VeryLow,HRD2_urban,1.5,0.020277,132.85,6e-06,0.000141,0.02013,0.01412,47074.46
