# T39 - Census 2010 Urban Area population and HPMS/HERS urban-size tier, keyed by UACE (5-digit Census urban-area code -- matches FAF5's own Urban_Code field exactly for all 503 real codes in the national network, confirmed; see this script's own module docstring).
# Source: U.S. Census Bureau 2010 Urban Area list, https://www2.census.gov/geo/docs/reference/ua/ua_list_all.xls (downloaded 2026-10-02).
# hpms_urban_size_tier thresholds: FHWA HERS/C&P Report 23rd Edition Appendix A, p.A-3 (https://www.fhwa.dot.gov/policy/23cpr/pdfs/pdf/AppendixA.pdf) -- rural <5,000; small_urban 5,000-49,999; small_urbanized 50,000-200,000; large_urbanized >200,000-1,000,000; major_urbanized >1,000,000.
# nchrp825_population_gt_250k: NCHRP 825 Exhibit 128's own, separate >250,000 cutoff (T08b's unapplied 8% small-metro adjustment) -- a different source/threshold, not derived from hpms_urban_size_tier.
# FAF5 Urban_Code sentinels NOT in this table (handled by the join code, not a row here): 99998 = "small urban area" (generic, no specific UACE -- treat as hpms_urban_size_tier=small_urban); 99999 = rural (no urban population at all).
# uace_code IS ZERO-PADDED 5-DIGIT TEXT (e.g. "00037") but a plain pandas.read_csv with no dtype hint will parse it as an integer and silently drop the leading zeros -- join code must re-apply .astype(str).str.zfill(5) after loading, same as on FAF5's own Urban_Code side. See resiflow.census_urban_area.
uace_code,name,population_2010,housing_units_2010,lsadc,census_area_type,hpms_urban_size_tier,nchrp825_population_gt_250k
00037,"Abbeville, LA",19824,8460,76,urban_cluster,small_urban,False
00064,"Abbeville, SC",5243,2578,76,urban_cluster,small_urban,False
00091,"Abbotsford, WI",3966,1616,76,urban_cluster,rural,False
00118,"Aberdeen, MS",4666,2050,76,urban_cluster,rural,False
00145,"Aberdeen, SD",25977,12114,76,urban_cluster,small_urban,False
00172,"Aberdeen, WA",29856,13139,76,urban_cluster,small_urban,False
00199,"Aberdeen--Bel Air South--Bel Air North, MD",213751,83721,75,urbanized_area,large_urbanized,False
00226,"Abernathy, TX",2785,1124,76,urban_cluster,rural,False
00253,"Abilene, KS",7054,3238,76,urban_cluster,small_urban,False
00280,"Abilene, TX",110421,46732,75,urbanized_area,small_urbanized,False
00334,"Abingdon, IL",3389,1483,76,urban_cluster,rural,False
00388,"Ada, OH",5945,1906,76,urban_cluster,small_urban,False
00415,"Ada, OK",17400,8086,76,urban_cluster,small_urban,False
00450,"Adams, NY",2542,1100,76,urban_cluster,rural,False
00469,"Adel, GA",6986,2990,76,urban_cluster,small_urban,False
00496,"Adel, IA",3170,1317,76,urban_cluster,rural,False
00550,"Adjuntas, PR",11122,4637,76,urban_cluster,small_urban,False
00577,"Adrian, MI",44823,18178,76,urban_cluster,small_urban,False
00604,"Agat, GU",10093,3133,76,urban_cluster,small_urban,False
00631,"Aguadilla--Isabela--San Sebastián, PR",306196,138431,75,urbanized_area,large_urbanized,True
00658,"Ahoskie, NC",4951,2267,76,urban_cluster,rural,False
00676,"Air Force Academy, CO",5512,326,76,urban_cluster,small_urban,False
00712,"Ajo, AZ",3076,2006,76,urban_cluster,rural,False
00739,"Akron, NY",2982,1426,76,urban_cluster,rural,False
00766,"Akron, OH",569499,257659,75,urbanized_area,large_urbanized,True
00793,"Alachua, FL",4114,1816,76,urban_cluster,rural,False
00820,"Alamogordo, NM",31862,14793,76,urban_cluster,small_urban,False
00847,"Alamosa, CO",9751,4057,76,urban_cluster,small_urban,False
00901,"Albany, GA",95779,40430,75,urbanized_area,small_urbanized,False
00921,"Albany, MN",2564,1070,76,urban_cluster,rural,False
00955,"Albany, OR",56997,23542,75,urbanized_area,small_urbanized,False
00970,"Albany--Schenectady, NY",594962,266370,75,urbanized_area,large_urbanized,True
00982,"Albemarle, NC",16823,7929,76,urban_cluster,small_urban,False
01009,"Albert Lea, MN",17868,8343,76,urban_cluster,small_urban,False
01036,"Albertville, AL",36815,14980,76,urban_cluster,small_urban,False
01063,"Albia, IA",3573,1660,76,urban_cluster,rural,False
01090,"Albion, MI",9219,3809,76,urban_cluster,small_urban,False
01117,"Albion, NY",8171,2780,76,urban_cluster,small_urban,False
01144,"Albion, PA",4574,1048,76,urban_cluster,rural,False
01171,"Albuquerque, NM",741318,314851,75,urbanized_area,large_urbanized,True
01198,"Alderson, WV",2632,789,76,urban_cluster,rural,False
01225,"Aledo, IL",3655,1684,76,urban_cluster,rural,False
01232,"Aledo, TX",4854,1620,76,urban_cluster,rural,False
01252,"Alexander City, AL",9400,4326,76,urban_cluster,small_urban,False
01279,"Alexandria, LA",82804,33935,75,urbanized_area,small_urbanized,False
01306,"Alexandria, MN",16983,8604,76,urban_cluster,small_urban,False
01333,"Alfred, NY",4322,659,76,urban_cluster,rural,False
01360,"Algoma, WI",3070,1655,76,urban_cluster,rural,False
01387,"Algona, IA",5340,2618,76,urban_cluster,small_urban,False
01414,"Alice, TX",20974,8017,76,urban_cluster,small_urban,False
01441,"Allegan, MI",6322,2821,76,urban_cluster,small_urban,False
01468,"Allendale, SC",3307,1567,76,urban_cluster,rural,False
01495,"Allentown, PA--NJ",664651,271233,75,urbanized_area,large_urbanized,True
01522,"Alliance, NE",8486,4073,76,urban_cluster,small_urban,False
01549,"Alliance, OH",32533,14786,76,urban_cluster,small_urban,False
01603,"Alma, GA",3408,1427,76,urban_cluster,rural,False
01630,"Alma--St. Louis, MI",16924,5477,76,urban_cluster,small_urban,False
01657,"Almont, MI",2719,1131,76,urban_cluster,rural,False
01684,"Alpena, MI",14258,7137,76,urban_cluster,small_urban,False
01711,"Alpine, TX",6013,3081,76,urban_cluster,small_urban,False
01738,"Altavista, VA",4663,2234,76,urban_cluster,rural,False
01765,"Alton, IL--MO",83890,38237,75,urbanized_area,small_urbanized,False
01792,"Altoona, PA",79930,35760,75,urbanized_area,small_urbanized,False
01819,"Alturas, CA",2910,1416,76,urban_cluster,rural,False
01846,"Altus, OK",19900,8973,76,urban_cluster,small_urban,False
01873,"Alva, OK",5620,2616,76,urban_cluster,small_urban,False
01900,"Alvarado, TX",4133,1630,76,urban_cluster,rural,False
01927,"Amarillo, TX",196651,80744,75,urbanized_area,small_urbanized,False
01981,"American Falls, ID",4488,1624,76,urban_cluster,rural,False
02008,"Americus, GA",19106,7655,76,urban_cluster,small_urban,False
02035,"Amery, WI",2832,1412,76,urban_cluster,rural,False
02062,"Ames, IA",60438,24470,75,urbanized_area,small_urbanized,False
02116,"Amite City, LA",6161,2313,76,urban_cluster,small_urban,False
02143,"Amory, MS",6566,3028,76,urban_cluster,small_urban,False
02153,"Amouli, AS",4515,900,76,urban_cluster,rural,False
02170,"Amsterdam, NY",22262,10805,76,urban_cluster,small_urban,False
02197,"Anaconda-Deer Lodge County, MT",6170,3411,76,urban_cluster,small_urban,False
02224,"Anacortes, WA",16712,8310,76,urban_cluster,small_urban,False
02251,"Anadarko, OK",5929,2482,76,urban_cluster,small_urban,False
02278,"Anamosa, IA",5497,2088,76,urban_cluster,small_urban,False
02305,"Anchorage, AK",251243,97417,75,urbanized_area,large_urbanized,True
02332,"Anchorage Northeast, AK",28568,10116,76,urban_cluster,small_urban,False
02359,"Andalusia, AL",6655,3187,76,urban_cluster,small_urban,False
02386,"Anderson, IN",88133,40670,75,urbanized_area,small_urbanized,False
02413,"Anderson, SC",75702,34650,75,urbanized_area,small_urbanized,False
02440,"Andrews, SC",3903,1709,76,urban_cluster,rural,False
02467,"Andrews, TX",12346,4841,76,urban_cluster,small_urban,False
02494,"Angels, CA",3751,1853,76,urban_cluster,rural,False
02548,"Angola, IN",11196,5828,76,urban_cluster,small_urban,False
02575,"Anna, IL",6078,2815,76,urban_cluster,small_urban,False
02581,"Anna, TX",10746,3809,76,urban_cluster,small_urban,False
02590,"Annandale, MN",3262,1460,76,urban_cluster,rural,False
02602,"Ann Arbor, MI",306022,133978,75,urbanized_area,large_urbanized,True
02629,"Anniston--Oxford, AL",79796,36090,75,urbanized_area,small_urbanized,False
02656,"Antigo, WI",8158,3916,76,urban_cluster,small_urban,False
02683,"Antioch, CA",277634,93809,75,urbanized_area,large_urbanized,True
02710,"Apalachicola, FL",3691,2095,76,urban_cluster,rural,False
02764,"Appleton, WI",216154,92157,75,urbanized_area,large_urbanized,False
02773,"Apple Valley, OH",4835,2492,76,urban_cluster,rural,False
02791,"Arab, AL",8012,3635,76,urban_cluster,small_urban,False
02825,"Arbuckle, CA",2652,812,76,urban_cluster,rural,False
02845,"Arcade, NY",3048,1470,76,urban_cluster,rural,False
02899,"Arcadia, LA",2894,1188,76,urban_cluster,rural,False
02901,"Arcadia, WI",2993,1235,76,urban_cluster,rural,False
02912,"Arcadia--Southeast Arcadia, FL",17490,7356,76,urban_cluster,small_urban,False
02926,"Arcata-McKinleyville, CA",32364,14233,76,urban_cluster,small_urban,False
02953,"Archbold, OH",4760,2046,76,urban_cluster,rural,False
02965,"Archer Lodge--Clayton, NC",13288,4707,76,urban_cluster,small_urban,False
02980,"Arcola, IL",2874,1122,76,urban_cluster,rural,False
03007,"Ardmore, OK",20888,9566,76,urban_cluster,small_urban,False
03034,"Arecibo, PR",139171,60653,75,urbanized_area,small_urbanized,False
03088,"Arizona City, AZ",10531,5068,76,urban_cluster,small_urban,False
03115,"Arkadelphia, AR",10491,4057,76,urban_cluster,small_urban,False
03142,"Arkansas City, KS",13026,5906,76,urban_cluster,small_urban,False
03158,"Arlington, TN",11502,3760,76,urban_cluster,small_urban,False
03196,"Arroyo Grande--Grover Beach, CA",52000,25398,75,urbanized_area,small_urbanized,False
03223,"Artesia, NM",12764,5269,76,urban_cluster,small_urban,False
03250,"Arvin, CA",19573,4542,76,urban_cluster,small_urban,False
03277,"Ashburn, GA",4489,1940,76,urban_cluster,rural,False
03304,"Ashdown, AR",4146,1895,76,urban_cluster,rural,False
03331,"Asheboro, NC",37792,16547,76,urban_cluster,small_urban,False
03358,"Asheville, NC",280648,136493,75,urbanized_area,large_urbanized,True
03365,"Ashland, MO",3527,1466,76,urban_cluster,rural,False
03375,"Ashland, NE",2631,1128,76,urban_cluster,rural,False
03385,"Ashland, OH",20226,8847,76,urban_cluster,small_urban,False
03395,"Ashland, PA",7820,3446,76,urban_cluster,small_urban,False
03412,"Ashland, WI",7293,3452,76,urban_cluster,small_urban,False
03439,"Ashland City, TN",3384,1501,76,urban_cluster,rural,False
03466,"Ashtabula, OH",29346,14832,76,urban_cluster,small_urban,False
03493,"Ashville, OH",6222,2565,76,urban_cluster,small_urban,False
03520,"Aspen, CO",7710,6459,76,urban_cluster,small_urban,False
03547,"Astoria, OR",14115,6907,76,urban_cluster,small_urban,False
03601,"Atchison, KS--MO",11166,4489,76,urban_cluster,small_urban,False
03655,"Athens, AL",24956,11020,76,urban_cluster,small_urban,False
03682,"Athens, OH",28286,9613,76,urban_cluster,small_urban,False
03709,"Athens, TN",15985,7376,76,urban_cluster,small_urban,False
03736,"Athens, TX",12169,4891,76,urban_cluster,small_urban,False
03763,"Athens-Clarke County, GA",128754,55512,75,urbanized_area,small_urbanized,False
03790,"Athol, MA",12834,5927,76,urban_cluster,small_urban,False
03817,"Atlanta, GA",4515419,1861932,75,urbanized_area,major_urbanized,True
03844,"Atlanta, TX",5732,2678,76,urban_cluster,small_urban,False
03871,"Atlantic, IA",6471,3102,76,urban_cluster,small_urban,False
03898,"Atlantic City, NJ",248402,147060,75,urbanized_area,large_urbanized,False
03925,"Atmore, AL",6565,3121,76,urban_cluster,small_urban,False
03957,"Atoka, TN",18885,6695,76,urban_cluster,small_urban,False
03979,"Attica, IN",5193,2379,76,urban_cluster,small_urban,False
04006,"Attica, NY",6828,1368,76,urban_cluster,small_urban,False
04021,"Aubrey, TX",4139,1559,76,urban_cluster,rural,False
04033,"Auburn, AL",74741,34604,75,urbanized_area,small_urbanized,False
04054,"Auburn, IL",4433,1746,76,urban_cluster,rural,False
04060,"Auburn, IN",21712,9363,76,urban_cluster,small_urban,False
04087,"Auburn, NE",3474,1742,76,urban_cluster,rural,False
04114,"Auburn, NY",32274,14870,76,urban_cluster,small_urban,False
04130,"Auburn--North Auburn, CA",33157,14516,76,urban_cluster,small_urban,False
04168,"Augusta, KS",9350,3971,76,urban_cluster,small_urban,False
04195,"Augusta, ME",22637,11691,76,urban_cluster,small_urban,False
04222,"Augusta-Richmond County, GA--SC",386787,165167,75,urbanized_area,large_urbanized,True
04249,"Aumsville, OR",3692,1282,76,urban_cluster,rural,False
04276,"Aurora, MO",8365,3725,76,urban_cluster,small_urban,False
04303,"Aurora, NE",4466,1933,76,urban_cluster,rural,False
04330,"Au Sable, MI",6384,4799,76,urban_cluster,small_urban,False
04357,"Austin, MN",25103,11089,76,urban_cluster,small_urban,False
04384,"Austin, TX",1362416,566966,75,urbanized_area,major_urbanized,True
04411,"Ava, MO",2857,1424,76,urban_cluster,rural,False
04438,"Avalon, CA",3652,2244,76,urban_cluster,rural,False
04465,"Avenal, CA",15486,2402,76,urban_cluster,small_urban,False
04519,"Avon, NY",4973,2274,76,urban_cluster,rural,False
04549,"Avondale--Goodyear, AZ",197041,73521,75,urbanized_area,small_urbanized,False
04573,"Avra Valley, AZ",3869,1565,76,urban_cluster,rural,False
04587,"Aztec, NM",8456,3553,76,urban_cluster,small_urban,False
04600,"Bad Axe, MI",3490,1719,76,urban_cluster,rural,False
04627,"Bainbridge, GA",12118,5320,76,urban_cluster,small_urban,False
04654,"Baker City, OR",9518,4498,76,urban_cluster,small_urban,False
04681,"Bakersfield, CA",523994,178519,75,urbanized_area,large_urbanized,True
04708,"Bald Knob, AR",2517,1151,76,urban_cluster,rural,False
04762,"Baldwin, WI",5831,2474,76,urban_cluster,small_urban,False
04789,"Baldwin City, KS",4428,1624,76,urban_cluster,rural,False
04816,"Ballinger, TX",3705,1744,76,urban_cluster,rural,False
04843,"Baltimore, MD",2203663,939420,75,urbanized_area,major_urbanized,True
04870,"Baltimore, OH",3503,1496,76,urban_cluster,rural,False
04897,"Bamberg, SC",3492,1526,76,urban_cluster,rural,False
04924,"Bandon, OR",3119,1858,76,urban_cluster,rural,False
04951,"Bangor, ME",61210,27142,75,urbanized_area,small_urbanized,False
05005,"Baraboo, WI",13759,6380,76,urban_cluster,small_urban,False
05032,"Barbourville, KY",6300,2867,76,urban_cluster,small_urban,False
05059,"Bardstown, KY",18702,7927,76,urban_cluster,small_urban,False
05086,"Bar Harbor, ME",2575,1745,76,urban_cluster,rural,False
05113,"Barnesville, GA",7167,2769,76,urban_cluster,small_urban,False
05140,"Barnesville, OH",4351,2051,76,urban_cluster,rural,False
05167,"Barnstable Town, MA",246695,162112,75,urbanized_area,large_urbanized,False
05194,"Barnwell, SC",3949,1849,76,urban_cluster,rural,False
05221,"Barre--Montpelier, VT",21675,10676,76,urban_cluster,small_urban,False
05248,"Barron, WI",3292,1469,76,urban_cluster,rural,False
05275,"Barrow, AK",3835,1370,76,urban_cluster,rural,False
05302,"Barstow, CA",28973,11905,76,urban_cluster,small_urban,False
05329,"Bartlesville, OK",38874,18205,76,urban_cluster,small_urban,False
05356,"Bartlett, TX",2653,621,76,urban_cluster,rural,False
05410,"Basalt--El Jebel, CO",8531,3464,76,urban_cluster,small_urban,False
05423,"Basehor, KS",3849,1546,76,urban_cluster,rural,False
05437,"Bastrop, LA",13979,5959,76,urban_cluster,small_urban,False
05464,"Bastrop, TX",13371,4887,76,urban_cluster,small_urban,False
05491,"Batavia, NY",17834,7955,76,urban_cluster,small_urban,False
05518,"Batesburg-Leesville, SC",5267,2403,76,urban_cluster,small_urban,False
05545,"Batesville, AR",11513,4955,76,urban_cluster,small_urban,False
05572,"Batesville, IN",7734,3222,76,urban_cluster,small_urban,False
05599,"Batesville, MS",7309,3027,76,urban_cluster,small_urban,False
05653,"Bath, NY",7124,3428,76,urban_cluster,small_urban,False
05680,"Baton Rouge, LA",594309,246028,75,urbanized_area,large_urbanized,True
05707,"Battle Creek, MI",78393,36200,75,urbanized_area,small_urbanized,False
05734,"Battlement Mesa, CO",5071,2666,76,urban_cluster,small_urban,False
05761,"Battle Mountain, NV",3520,1466,76,urban_cluster,rural,False
05788,"Baxley, GA",5208,2397,76,urban_cluster,small_urban,False
05815,"Baxter Springs, KS",5089,2383,76,urban_cluster,small_urban,False
05842,"Bayard, NM",4309,2022,76,urban_cluster,rural,False
05869,"Bay City, MI",70585,32513,75,urbanized_area,small_urbanized,False
05896,"Bay City, TX",18745,8277,76,urban_cluster,small_urban,False
05904,"Bayfield, CO",2578,1069,76,urban_cluster,rural,False
05923,"Bay Minette, AL",7486,2854,76,urban_cluster,small_urban,False
05958,"Bealeton, VA",6621,2328,76,urban_cluster,small_urban,False
05977,"Beardstown, IL",6530,2554,76,urban_cluster,small_urban,False
06004,"Beatrice, NE",12405,5943,76,urban_cluster,small_urban,False
06031,"Beaufort--Port Royal, SC",48807,19864,76,urban_cluster,small_urban,False
06058,"Beaumont, TX",147922,63365,75,urbanized_area,small_urbanized,False
06076,"Beaver, UT",2882,1169,76,urban_cluster,rural,False
06085,"Beaver Dam, KY",6321,2699,76,urban_cluster,small_urban,False
06112,"Beaver Dam, WI",17833,8063,76,urban_cluster,small_urban,False
06128,"Becker, MN",3898,1413,76,urban_cluster,rural,False
06139,"Beckley, WV",64022,29519,75,urbanized_area,small_urbanized,False
06166,"Bedford, IN",14977,7333,76,urban_cluster,small_urban,False
06186,"Bedford, NY",2679,930,76,urban_cluster,rural,False
06193,"Bedford, PA",4693,2445,76,urban_cluster,rural,False
06220,"Bedford, VA",6829,3192,76,urban_cluster,small_urban,False
06247,"Beebe, AR",6714,2872,76,urban_cluster,small_urban,False
06261,"Beecher, IL",4148,1597,76,urban_cluster,rural,False
06274,"Beeville, TX",18168,6295,76,urban_cluster,small_urban,False
06301,"Belding, MI",5789,2456,76,urban_cluster,small_urban,False
06335,"Belfair, WA",3331,1578,76,urban_cluster,rural,False
06355,"Belfast, ME",3358,1998,76,urban_cluster,rural,False
06382,"Belgrade, MT",13797,5565,76,urban_cluster,small_urban,False
06436,"Bellefontaine, OH",13235,6093,76,urban_cluster,small_urban,False
06463,"Bellefonte, PA",12888,5825,76,urban_cluster,small_urban,False
06490,"Belle Fourche, SD",5240,2367,76,urban_cluster,small_urban,False
06517,"Belle Glade, FL",24870,7729,76,urban_cluster,small_urban,False
06571,"Belle Plaine, MN",6174,2321,76,urban_cluster,small_urban,False
06598,"Bellevue, IA",2543,1286,76,urban_cluster,rural,False
06625,"Bellevue, OH",8413,3751,76,urban_cluster,small_urban,False
06652,"Bellingham, WA",114473,50696,75,urbanized_area,small_urbanized,False
06679,"Bellows Falls, VT--NH",5713,2699,76,urban_cluster,small_urban,False
06692,"Bells, TN",4758,2051,76,urban_cluster,rural,False
06706,"Bellville, TX",4002,1776,76,urban_cluster,rural,False
06733,"Beloit, KS",3295,1645,76,urban_cluster,rural,False
06760,"Beloit, WI--IL",63835,26314,75,urbanized_area,small_urbanized,False
06770,"Belterra, TX",3731,1222,76,urban_cluster,rural,False
06779,"Belton, SC",5443,2646,76,urban_cluster,small_urban,False
06787,"Belvidere, NJ--PA",3881,1863,76,urban_cluster,rural,False
06814,"Belzoni, MS",4702,1771,76,urban_cluster,rural,False
06841,"Bemidji, MN",14626,6213,76,urban_cluster,small_urban,False
06868,"Bend, OR",83794,38921,75,urbanized_area,small_urbanized,False
06895,"Bennettsville, SC",13006,4758,76,urban_cluster,small_urban,False
06922,"Bennington, VT",12723,5457,76,urban_cluster,small_urban,False
06949,"Benson, AZ",4036,2328,76,urban_cluster,rural,False
06976,"Benson, MN",3191,1582,76,urban_cluster,rural,False
07003,"Benson, NC",3107,1520,76,urban_cluster,rural,False
07030,"Benton, IL",7778,3757,76,urban_cluster,small_urban,False
07057,"Benton, KY",4447,2090,76,urban_cluster,rural,False
07084,"Benton, LA",5371,2118,76,urban_cluster,small_urban,False
07111,"Benton City, WA",4140,1569,76,urban_cluster,rural,False
07138,"Benton Harbor--St. Joseph--Fair Plain, MI",61022,28006,75,urbanized_area,small_urbanized,False
07165,"Berea, KY",15590,6347,76,urban_cluster,small_urban,False
07192,"Berlin, NH",11159,5570,76,urban_cluster,small_urban,False
07219,"Berlin, WI",4891,2230,76,urban_cluster,rural,False
07246,"Berne, IN",5490,2494,76,urban_cluster,small_urban,False
07273,"Berrien Springs, MI",7358,2687,76,urban_cluster,small_urban,False
07300,"Berryville, AR",4800,1984,76,urban_cluster,rural,False
07327,"Berryville, VA",4277,1839,76,urban_cluster,rural,False
07354,"Bethany, MO",2652,1332,76,urban_cluster,rural,False
07381,"Bethel, AK",4434,1743,76,urban_cluster,rural,False
07408,"Bethel, OH",3239,1395,76,urban_cluster,rural,False
07462,"Beulah, ND",2949,1442,76,urban_cluster,rural,False
07489,"Bicknell, IN",3217,1656,76,urban_cluster,rural,False
07508,"Big Bear City, CA",15873,20707,76,urban_cluster,small_urban,False
07543,"Big Lake, TX",2919,1081,76,urban_cluster,rural,False
07597,"Big Pine Key, FL",7540,5958,76,urban_cluster,small_urban,False
07624,"Big Rapids, MI",14241,5117,76,urban_cluster,small_urban,False
07651,"Big Spring, TX",27987,9922,76,urban_cluster,small_urban,False
07678,"Big Stone Gap, VA",8240,3390,76,urban_cluster,small_urban,False
07705,"Billings, MT",114773,50475,75,urbanized_area,small_urbanized,False
07732,"Binghamton, NY--PA",158084,71772,75,urbanized_area,small_urbanized,False
07759,"Birch Bay, WA",12737,7626,76,urban_cluster,small_urban,False
07786,"Birmingham, AL",749495,337693,75,urbanized_area,large_urbanized,True
07813,"Bisbee, AZ",5541,3253,76,urban_cluster,small_urban,False
07824,"Biscoe, NC",2821,1071,76,urban_cluster,rural,False
07840,"Bishop, CA",9935,4619,76,urban_cluster,small_urban,False
07867,"Bishop, TX",3116,1256,76,urban_cluster,rural,False
07894,"Bishopville, SC",5391,1712,76,urban_cluster,small_urban,False
07921,"Bismarck, ND",81955,37317,75,urbanized_area,small_urbanized,False
07948,"Blackfoot, ID",15352,5686,76,urban_cluster,small_urban,False
07975,"Black River Falls, WI",5677,2234,76,urban_cluster,small_urban,False
08002,"Blacksburg, VA",88542,35430,75,urbanized_area,small_urbanized,False
08029,"Blackshear, GA",3873,1742,76,urban_cluster,rural,False
08056,"Blackstone, VA",3232,1476,76,urban_cluster,rural,False
08083,"Blackwell, OK",6916,3315,76,urban_cluster,small_urban,False
08137,"Blair, NE",7844,3312,76,urban_cluster,small_urban,False
08164,"Blairsville, PA",7060,3231,76,urban_cluster,small_urban,False
08191,"Blakely, GA",3748,1513,76,urban_cluster,rural,False
08209,"Blanchard, OK",3434,1391,76,urban_cluster,rural,False
08218,"Blanchester, OH",4184,1829,76,urban_cluster,rural,False
08245,"Blanding, UT",3264,1059,76,urban_cluster,rural,False
08272,"Blissfield, MI",3303,1460,76,urban_cluster,rural,False
08299,"Bloomer, WI",3348,1566,76,urban_cluster,rural,False
08326,"Bloomfield, IN",2521,1263,76,urban_cluster,rural,False
08353,"Bloomfield, NM",9892,3710,76,urban_cluster,small_urban,False
08380,"Bloomington, IN",108657,45637,75,urbanized_area,small_urbanized,False
08407,"Bloomington--Normal, IL",132600,54479,75,urbanized_area,small_urbanized,False
08434,"Bloomsburg--Berwick, PA",53618,23149,75,urbanized_area,small_urbanized,False
08461,"Blountstown, FL",4751,1349,76,urban_cluster,rural,False
08488,"Blue Earth, MN",3257,1595,76,urban_cluster,rural,False
08515,"Bluefield, WV--VA",44092,21466,76,urban_cluster,small_urban,False
08542,"Bluffton, IN",9952,4553,76,urban_cluster,small_urban,False
08569,"Bluffton, OH",4215,1556,76,urban_cluster,rural,False
08623,"Blythe, CA--AZ",12967,5251,76,urban_cluster,small_urban,False
08650,"Blytheville, AR",18219,8386,76,urban_cluster,small_urban,False
08677,"Boardman, OR",3362,1055,76,urban_cluster,rural,False
08704,"Boerne, TX",10467,4530,76,urban_cluster,small_urban,False
08731,"Bogalusa, LA",12213,5780,76,urban_cluster,small_urban,False
08749,"Boiling Spring Lakes, NC",4397,1975,76,urban_cluster,rural,False
08758,"Boiling Springs, NC",4549,1401,76,urban_cluster,rural,False
08785,"Boise City, ID",349684,146177,75,urbanized_area,large_urbanized,True
08812,"Bolivar, MO",9693,4184,76,urban_cluster,small_urban,False
08839,"Bolivar, OH",3717,1589,76,urban_cluster,rural,False
08866,"Bolivar, TN",5394,2220,76,urban_cluster,small_urban,False
08893,"Bonadelle Ranchos-Madera Ranchos, CA",8024,2732,76,urban_cluster,small_urban,False
08920,"Bonham, TX",9995,3332,76,urban_cluster,small_urban,False
08947,"Bonifay, FL",4230,1268,76,urban_cluster,rural,False
08974,"Bonita Springs, FL",310298,209911,75,urbanized_area,large_urbanized,True
08992,"Bonneauville, PA",4427,1811,76,urban_cluster,rural,False
09001,"Bonners Ferry, ID",2613,1288,76,urban_cluster,rural,False
09028,"Boone, IA",12793,5981,76,urban_cluster,small_urban,False
09055,"Boone, NC",22763,8927,76,urban_cluster,small_urban,False
09082,"Booneville, AR",3335,1554,76,urban_cluster,rural,False
09109,"Booneville, MS",6050,2565,76,urban_cluster,small_urban,False
09163,"Boonville, IN",6258,2914,76,urban_cluster,small_urban,False
09190,"Boonville, MO",9229,3752,76,urban_cluster,small_urban,False
09217,"Borger, TX",13574,6468,76,urban_cluster,small_urban,False
09244,"Boscobel, WI",3261,1322,76,urban_cluster,rural,False
09271,"Boston, MA--NH--RI",4181019,1719241,75,urbanized_area,major_urbanized,True
09298,"Boulder, CO",114591,51299,75,urbanized_area,small_urbanized,False
09325,"Boulder City, NV",13866,6981,76,urban_cluster,small_urban,False
09352,"Bowie, TX",5143,2459,76,urban_cluster,small_urban,False
09379,"Bowling Green, KY",78306,32586,75,urbanized_area,small_urbanized,False
09406,"Bowling Green, MO",5356,1493,76,urban_cluster,small_urban,False
09433,"Bowling Green, OH",30738,12582,76,urban_cluster,small_urban,False
09460,"Box Elder, SD",7885,2873,76,urban_cluster,small_urban,False
09487,"Boyne City, MI",3501,2184,76,urban_cluster,rural,False
09514,"Bozeman, MT",43164,19927,76,urban_cluster,small_urban,False
09532,"Brackettville, TX",2862,1427,76,urban_cluster,rural,False
09541,"Bradford, PA--NY",12083,5345,76,urban_cluster,small_urban,False
09568,"Brady, TX",5357,2489,76,urban_cluster,small_urban,False
09600,"Braidwood--Coal City--Wilmington, IL",22685,9729,76,urban_cluster,small_urban,False
09622,"Brainerd, MN",19812,8945,76,urban_cluster,small_urban,False
09649,"Brandon, SD",8173,3009,76,urban_cluster,small_urban,False
09676,"Branson, MO",22645,14038,76,urban_cluster,small_urban,False
09703,"Brattleboro, VT--NH",9980,5055,76,urban_cluster,small_urban,False
09730,"Brawley, CA",25032,8249,76,urban_cluster,small_urban,False
09784,"Brazoria, TX",3908,1602,76,urban_cluster,rural,False
09801,"Breaux Bridge, LA",18465,7171,76,urban_cluster,small_urban,False
09811,"Breckenridge, CO",7179,8216,76,urban_cluster,small_urban,False
09838,"Breckenridge, TX",5839,2704,76,urban_cluster,small_urban,False
09865,"Breese, IL",5800,2436,76,urban_cluster,small_urban,False
09892,"Bremen, GA",6516,2762,76,urban_cluster,small_urban,False
09919,"Bremen, IN",4663,1955,76,urban_cluster,rural,False
09946,"Bremerton, WA",198979,85027,75,urbanized_area,small_urbanized,False
09973,"Brenham, TX",15682,6354,76,urban_cluster,small_urban,False
10000,"Brent, AL",5525,1500,76,urban_cluster,small_urban,False
10027,"Brevard, NC",13121,6464,76,urban_cluster,small_urban,False
10081,"Brewton, AL",6866,3258,76,urban_cluster,small_urban,False
10135,"Bridgeport, TX",5646,1737,76,urban_cluster,small_urban,False
10162,"Bridgeport--Stamford, CT--NY",923311,367499,75,urbanized_area,large_urbanized,True
10189,"Bridgeton, NJ",35022,10631,76,urban_cluster,small_urban,False
10198,"Bridgeville, DE",3343,1389,76,urban_cluster,rural,False
10297,"Brillion, WI",2968,1256,76,urban_cluster,rural,False
10324,"Brinkley, AR",2528,1251,76,urban_cluster,rural,False
10351,"Bristol--Bristol, TN--VA",69501,32924,75,urbanized_area,small_urbanized,False
10378,"Bristow, OK",4110,2000,76,urban_cluster,rural,False
10405,"Broadway, VA",6228,2740,76,urban_cluster,small_urban,False
10418,"Brockport, NY",20255,7643,76,urban_cluster,small_urban,False
10426,"Brockway, PA",2856,1348,76,urban_cluster,rural,False
10459,"Brodhead, WI",3506,1516,76,urban_cluster,rural,False
10513,"Broken Bow, NE",3537,1723,76,urban_cluster,rural,False
10540,"Broken Bow, OK",4253,1836,76,urban_cluster,rural,False
10567,"Brookfield, MO",4281,2153,76,urban_cluster,rural,False
10594,"Brookhaven, MS",10635,4697,76,urban_cluster,small_urban,False
10621,"Brookings, OR",10915,5757,76,urban_cluster,small_urban,False
10648,"Brookings, SD",22482,8864,76,urban_cluster,small_urban,False
10675,"Brooklyn, MI",2773,1488,76,urban_cluster,rural,False
10702,"Brookshire, TX",4486,1565,76,urban_cluster,rural,False
10810,"Brookville, PA",4542,2143,76,urban_cluster,rural,False
10837,"Brownfield, TX",9530,3503,76,urban_cluster,small_urban,False
10864,"Browning, MT",4624,1460,76,urban_cluster,rural,False
10891,"Browns Mills--Fort Dix, NJ",37985,12833,76,urban_cluster,small_urban,False
10918,"Brownstown, IN",3149,1305,76,urban_cluster,rural,False
10945,"Brownsville, TN",9879,4323,76,urban_cluster,small_urban,False
10972,"Brownsville, TX",217585,66404,75,urbanized_area,large_urbanized,False
10999,"Brownwood, TX",22711,9690,76,urban_cluster,small_urban,False
11026,"Brunswick, GA",51024,22277,75,urbanized_area,small_urbanized,False
11040,"Brunswick, ME",29159,14192,76,urban_cluster,small_urban,False
11053,"Brunswick, MD--VA",8495,3319,76,urban_cluster,small_urban,False
11080,"Brush, CO",5816,2450,76,urban_cluster,small_urban,False
11107,"Bryan, OH",9762,4630,76,urban_cluster,small_urban,False
11134,"Buckeye, AZ",19424,7172,76,urban_cluster,small_urban,False
11161,"Buckhannon, WV",8731,3731,76,urban_cluster,small_urban,False
11175,"Buckhead (Bryan County), GA",5168,1783,76,urban_cluster,small_urban,False
11188,"Buckner, MO",3034,1225,76,urban_cluster,rural,False
11215,"Bucyrus, OH",12401,5986,76,urban_cluster,small_urban,False
11242,"Buena Vista, CO",4483,1699,76,urban_cluster,rural,False
11269,"Buena Vista, VA",6536,2889,76,urban_cluster,small_urban,False
11296,"Buffalo, MN",15972,6226,76,urban_cluster,small_urban,False
11323,"Buffalo, MO",3031,1481,76,urban_cluster,rural,False
11350,"Buffalo, NY",935906,436020,75,urbanized_area,large_urbanized,True
11377,"Buffalo, WY",4368,2108,76,urban_cluster,rural,False
11404,"Buhl, ID",4138,1772,76,urban_cluster,rural,False
11415,"Buies Creek, NC",5628,1801,76,urban_cluster,small_urban,False
11431,"Bullhead City, AZ--NV",48656,27288,76,urban_cluster,small_urban,False
11512,"Bunkie, LA",4090,1876,76,urban_cluster,rural,False
11539,"Buras, LA",3767,1766,76,urban_cluster,rural,False
11566,"Burgaw, NC",3456,1258,76,urban_cluster,rural,False
11575,"Burgettstown, PA",3380,1621,76,urban_cluster,rural,False
11593,"Burkburnett, TX",10002,4366,76,urban_cluster,small_urban,False
11620,"Burley, ID",15977,6005,76,urban_cluster,small_urban,False
11647,"Burlington, CO",4243,1480,76,urban_cluster,rural,False
11674,"Burlington, IA--IL",29569,13848,76,urban_cluster,small_urban,False
11701,"Burlington, KS",2503,1230,76,urban_cluster,rural,False
11728,"Burlington, NC",119911,53132,75,urbanized_area,small_urbanized,False
11755,"Burlington, VT",108740,45774,75,urbanized_area,small_urbanized,False
11782,"Burlington, WI",23534,10241,76,urban_cluster,small_urban,False
11809,"Burnet, TX",5428,1974,76,urban_cluster,small_urban,False
11836,"Burney, CA",3171,1455,76,urban_cluster,rural,False
11863,"Burns, OR",4131,2111,76,urban_cluster,rural,False
11872,"Burnt Store Marina, FL",3061,2791,76,urban_cluster,rural,False
11890,"Bushnell, FL",3500,2263,76,urban_cluster,rural,False
11917,"Bushnell, IL",3045,1375,76,urban_cluster,rural,False
11944,"Butler, IN",2651,1072,76,urban_cluster,rural,False
11971,"Butler, MO",3875,1884,76,urban_cluster,rural,False
11998,"Butler, PA",40352,18974,76,urban_cluster,small_urban,False
12025,"Butner, NC",16975,4461,76,urban_cluster,small_urban,False
12052,"Butte-Silver Bow, MT",30287,14923,76,urban_cluster,small_urban,False
12079,"Byron, IL",7057,2755,76,urban_cluster,small_urban,False
12106,"Byron, MN",4864,1869,76,urban_cluster,rural,False
12120,"Cache, OK",2600,1060,76,urban_cluster,rural,False
12133,"Cactus, TX",3292,952,76,urban_cluster,rural,False
12160,"Cadillac, MI",11690,5829,76,urban_cluster,small_urban,False
12187,"Cadiz, KY",2960,1386,76,urban_cluster,rural,False
12214,"Cadiz, OH",2521,1220,76,urban_cluster,rural,False
12241,"Cairo, GA",9414,3896,76,urban_cluster,small_urban,False
12268,"Cairo, IL",2833,1603,76,urban_cluster,rural,False
12295,"Calais, ME",2504,1316,76,urban_cluster,rural,False
12322,"Caldwell, OH",5488,1413,76,urban_cluster,small_urban,False
12349,"Caldwell, TX",4012,1603,76,urban_cluster,rural,False
12376,"Caledonia, MN",2749,1297,76,urban_cluster,rural,False
12457,"Calhoun, GA",31493,12644,76,urban_cluster,small_urban,False
12511,"California, MO",4181,1871,76,urban_cluster,rural,False
12565,"California City, CA",10908,4899,76,urban_cluster,small_urban,False
12592,"Calipatria, CA",3538,1116,76,urban_cluster,rural,False
12646,"Calistoga, CA",5155,2319,76,urban_cluster,small_urban,False
12700,"Camano, WA",6157,3307,76,urban_cluster,small_urban,False
12713,"Camano North, WA",2529,1610,76,urban_cluster,rural,False
12754,"Camarillo, CA",71772,28232,75,urbanized_area,small_urbanized,False
12781,"Cambria, CA",5865,3971,76,urban_cluster,small_urban,False
12808,"Cambridge, MD",14255,7188,76,urban_cluster,small_urban,False
12835,"Cambridge, MN",14270,5817,76,urban_cluster,small_urban,False
12862,"Cambridge, OH",15232,7484,76,urban_cluster,small_urban,False
12872,"Cambridge, WI",2577,1412,76,urban_cluster,rural,False
12889,"Cambridge City, IN",3805,1768,76,urban_cluster,rural,False
12890,"Cambridge Springs, PA",2602,752,76,urban_cluster,rural,False
12916,"Camden, AR",11401,5653,76,urban_cluster,small_urban,False
12943,"Camden, ME",3968,2520,76,urban_cluster,rural,False
12970,"Camden, SC",13546,6478,76,urban_cluster,small_urban,False
12997,"Camden, TN",3552,1724,76,urban_cluster,rural,False
13024,"Camdenton, MO",3632,1646,76,urban_cluster,rural,False
13051,"Cameron, MO",9782,2850,76,urban_cluster,small_urban,False
13078,"Cameron, TX",5389,2290,76,urban_cluster,small_urban,False
13132,"Camilla, GA",6939,2081,76,urban_cluster,small_urban,False
13159,"Campbellsville, KY",11719,5258,76,urban_cluster,small_urban,False
13170,"Camp Verde, AZ",5305,2434,76,urban_cluster,small_urban,False
13177,"Canadian, TX",2781,1134,76,urban_cluster,rural,False
13221,"Canby, OR",17119,6387,76,urban_cluster,small_urban,False
13240,"Cannon Falls, MN",3931,1809,76,urban_cluster,rural,False
13267,"Cañon City, CO",27139,10533,76,urban_cluster,small_urban,False
13294,"Canton, IL",14818,6008,76,urban_cluster,small_urban,False
13321,"Canton, MS",15321,5541,76,urban_cluster,small_urban,False
13348,"Canton, NY",6489,1828,76,urban_cluster,small_urban,False
13375,"Canton, OH",279245,125638,75,urbanized_area,large_urbanized,True
13402,"Canton, SD",2679,1204,76,urban_cluster,rural,False
13429,"Canton, TX",3563,1536,76,urban_cluster,rural,False
13456,"Canyon, TX",13440,5655,76,urban_cluster,small_urban,False
13483,"Canyon Lake, TX",5277,3244,76,urban_cluster,small_urban,False
13510,"Cape Coral, FL",530290,307598,75,urbanized_area,large_urbanized,True
13537,"Cape Girardeau, MO--IL",52900,23192,75,urbanized_area,small_urbanized,False
13550,"Captain Cook, HI",4175,1640,76,urban_cluster,rural,False
13564,"Carbondale, CO",7159,2665,76,urban_cluster,small_urban,False
13591,"Carbondale, IL",67821,32286,75,urbanized_area,small_urbanized,False
13618,"Carey, OH",3575,1604,76,urban_cluster,rural,False
13645,"Caribou, ME",3974,2002,76,urban_cluster,rural,False
13699,"Carlinville, IL",5953,2641,76,urban_cluster,small_urban,False
13753,"Carlisle, IA",3968,1584,76,urban_cluster,rural,False
13807,"Carlsbad, NM",29839,12727,76,urban_cluster,small_urban,False
13821,"Carlton, OR",3178,1196,76,urban_cluster,rural,False
13834,"Carlyle, IL",4301,1896,76,urban_cluster,rural,False
13850,"Carmel Valley Village, CA",3122,1507,76,urban_cluster,rural,False
13861,"Carmi, IL",5568,2704,76,urban_cluster,small_urban,False
13915,"Caro, MI",5113,2413,76,urban_cluster,small_urban,False
13969,"Carrizo Springs, TX",6050,2345,76,urban_cluster,small_urban,False
13996,"Carroll, IA",9984,4648,76,urban_cluster,small_urban,False
14023,"Carrollton, GA",42872,17154,76,urban_cluster,small_urban,False
14050,"Carrollton, KY",5165,2232,76,urban_cluster,small_urban,False
14077,"Carrollton, MO",3296,1659,76,urban_cluster,rural,False
14104,"Carrollton, OH",3498,1588,76,urban_cluster,rural,False
14158,"Carson City, NV",58079,24622,75,urbanized_area,small_urbanized,False
14185,"Cartersville, GA",52477,20826,75,urbanized_area,small_urbanized,False
14212,"Carthage, IL",2582,1298,76,urban_cluster,rural,False
14239,"Carthage, MS",4478,1518,76,urban_cluster,rural,False
14266,"Carthage, MO",15496,6223,76,urban_cluster,small_urban,False
14320,"Carthage, TN",3282,1506,76,urban_cluster,rural,False
14347,"Carthage, TX",6492,2783,76,urban_cluster,small_urban,False
14374,"Caruthersville, MO",5786,2536,76,urban_cluster,small_urban,False
14401,"Casa Grande, AZ",51331,23555,75,urbanized_area,small_urbanized,False
14428,"Casey, IL",2834,1385,76,urban_cluster,rural,False
14455,"Cashmere, WA",4725,1851,76,urban_cluster,rural,False
14482,"Casper, WY",64548,28679,75,urbanized_area,small_urbanized,False
14536,"Cassville, MO",4084,1759,76,urban_cluster,rural,False
14556,"Castle Dale, UT",2893,1162,76,urban_cluster,rural,False
14570,"Castle Rock, WA",2514,1103,76,urban_cluster,rural,False
14590,"Castroville, TX",4040,1635,76,urban_cluster,rural,False
14644,"Catskill, NY",6453,3179,76,urban_cluster,small_urban,False
14671,"Cazenovia, NY",3114,1188,76,urban_cluster,rural,False
14698,"Cedar City, UT",33200,11995,76,urban_cluster,small_urban,False
14705,"Cedaredge, CO",3550,1734,76,urban_cluster,rural,False
14752,"Cedar Rapids, IA",177844,79099,75,urbanized_area,small_urbanized,False
14779,"Cedar Springs, MI",3579,1326,76,urban_cluster,rural,False
14806,"Cedartown, GA",12502,4965,76,urban_cluster,small_urban,False
14833,"Cedarville, OH",4041,769,76,urban_cluster,rural,False
14860,"Celina, OH",11259,5304,76,urban_cluster,small_urban,False
14887,"Center, TX",5234,2157,76,urban_cluster,small_urban,False
14914,"Centerville, IA",5380,2802,76,urban_cluster,small_urban,False
14968,"Central City, NE",2821,1337,76,urban_cluster,rural,False
14995,"Central City--Greenville, KY",9943,4570,76,urban_cluster,small_urban,False
15022,"Centralia, IL",17296,8357,76,urban_cluster,small_urban,False
15049,"Centralia, MO",3813,1669,76,urban_cluster,rural,False
15076,"Centralia, WA",39517,16448,76,urban_cluster,small_urban,False
15083,"Centre, AL",3707,1944,76,urban_cluster,rural,False
15090,"Centreville, MD",4285,1694,76,urban_cluster,rural,False
15103,"Century, FL--AL",3321,775,76,urban_cluster,rural,False
15130,"Chadron, NE",5515,2380,76,urban_cluster,small_urban,False
15157,"Chaffee, MO",2973,1342,76,urban_cluster,rural,False
15184,"Chambersburg, PA",50887,22244,75,urbanized_area,small_urbanized,False
15211,"Champaign, IL",145361,63984,75,urbanized_area,small_urbanized,False
15238,"Chandler, OK",2704,1226,76,urban_cluster,rural,False
15265,"Chanute, KS",9059,4141,76,urban_cluster,small_urban,False
15292,"Chaparral, NM",12328,3854,76,urban_cluster,small_urban,False
15319,"Chardon, OH",8028,3707,76,urban_cluster,small_urban,False
15346,"Chariton, IA",3893,1912,76,urban_cluster,rural,False
15373,"Charles City, IA",7706,3761,76,urban_cluster,small_urban,False
15400,"Charleston, IL",21810,8611,76,urban_cluster,small_urban,False
15427,"Charleston, MS",2930,1199,76,urban_cluster,rural,False
15454,"Charleston, MO",5893,1854,76,urban_cluster,small_urban,False
15481,"Charleston, WV",153199,74528,75,urbanized_area,small_urbanized,False
15508,"Charleston--North Charleston, SC",548404,242594,75,urbanized_area,large_urbanized,True
15535,"Charlestown, IN",6921,2960,76,urban_cluster,small_urban,False
15562,"Charlestown, NH",2815,1251,76,urban_cluster,rural,False
15589,"Charlestown, RI",2942,2629,76,urban_cluster,rural,False
15600,"Charles Town--Ranson, WV",21019,8603,76,urban_cluster,small_urban,False
15616,"Charlevoix, MI",4179,3200,76,urban_cluster,rural,False
15643,"Charlotte, MI",12682,5476,76,urban_cluster,small_urban,False
15670,"Charlotte, NC--SC",1249442,526435,75,urbanized_area,major_urbanized,True
15697,"Charlotte Amalie--Tutu, VI",50916,26720,76,urban_cluster,small_urbanized,False
15724,"Charlottesville, VA",92359,39419,75,urbanized_area,small_urbanized,False
15751,"Chase City, VA",2666,1271,76,urban_cluster,rural,False
15769,"Chatfield, MN",2604,1116,76,urban_cluster,rural,False
15805,"Chattahoochee, FL",5508,1034,76,urban_cluster,small_urban,False
15832,"Chattanooga, TN--GA",381112,170310,75,urbanized_area,large_urbanized,True
15859,"Cheboygan, MI",4517,2222,76,urban_cluster,rural,False
15886,"Checotah, OK",2572,1193,76,urban_cluster,rural,False
15913,"Chelan, WA",5704,3449,76,urban_cluster,small_urban,False
15940,"Chelsea, MI",5329,2588,76,urban_cluster,small_urban,False
15967,"Cheney, WA",10569,4172,76,urban_cluster,small_urban,False
15994,"Cheraw, SC",8160,3704,76,urban_cluster,small_urban,False
16021,"Cherokee, IA",4662,2294,76,urban_cluster,rural,False
16048,"Cherokee Village, AR",3443,2177,76,urban_cluster,rural,False
16075,"Cherryville, NC",6340,2873,76,urban_cluster,small_urban,False
16102,"Chesapeake Beach, MD",23700,9229,76,urban_cluster,small_urban,False
16140,"Chesnee, SC",3003,1380,76,urban_cluster,rural,False
16156,"Chester, IL",8450,2127,76,urban_cluster,small_urban,False
16171,"Chester, NY",5691,2233,76,urban_cluster,small_urban,False
16183,"Chester, SC",9351,4233,76,urban_cluster,small_urban,False
16210,"Chestertown, MD",7153,3237,76,urban_cluster,small_urban,False
16223,"Chetek, WI",2830,1618,76,urban_cluster,rural,False
16237,"Cheyenne, WY",73588,33018,75,urbanized_area,small_urbanized,False
16264,"Chicago, IL--IN",8608208,3459257,75,urbanized_area,major_urbanized,True
16291,"Chickasha, OK",15739,7224,76,urban_cluster,small_urban,False
16318,"Chico, CA",98176,42052,75,urbanized_area,small_urbanized,False
16372,"Childress, TX",4707,2295,76,urban_cluster,rural,False
16426,"Chillicothe, MO",9633,4175,76,urban_cluster,small_urban,False
16453,"Chillicothe, OH",32263,12763,76,urban_cluster,small_urban,False
16480,"Chilton, WI",3590,1669,76,urban_cluster,rural,False
16534,"Chinle, AZ",3407,1090,76,urban_cluster,rural,False
16561,"Chino Valley, AZ",10783,4810,76,urban_cluster,small_urban,False
16588,"Chipley, FL",3846,1752,76,urban_cluster,rural,False
16615,"Chisholm, MN",4622,2344,76,urban_cluster,rural,False
16642,"Chittenango, NY",5083,2084,76,urban_cluster,small_urban,False
16696,"Chowchilla, CA",11843,4248,76,urban_cluster,small_urban,False
16750,"Christiansted, VI",46601,22419,76,urban_cluster,small_urban,False
16777,"Christopher, IL",3610,1731,76,urban_cluster,rural,False
16831,"Church Point, LA",4588,1937,76,urban_cluster,rural,False
16858,"Churchville, NY",3134,1315,76,urban_cluster,rural,False
16885,"Cincinnati, OH--KY--IN",1624827,711373,75,urbanized_area,major_urbanized,True
16912,"Circleville, OH",14965,6603,76,urban_cluster,small_urban,False
16939,"Cisco, TX",3658,1703,76,urban_cluster,rural,False
17047,"Clanton, AL",5785,2539,76,urban_cluster,small_urban,False
17074,"Clare, MI",5597,2836,76,urban_cluster,small_urban,False
17101,"Claremont, NH",9598,4659,76,urban_cluster,small_urban,False
17128,"Claremore, OK",25164,10453,76,urban_cluster,small_urban,False
17155,"Clarinda, IA",5415,2113,76,urban_cluster,small_urban,False
17182,"Clarion, IA",2639,1256,76,urban_cluster,rural,False
17209,"Clarion, PA",9373,3927,76,urban_cluster,small_urban,False
17236,"Clarksburg, WV",43988,20581,76,urban_cluster,small_urban,False
17263,"Clarksdale, MS",17783,7254,76,urban_cluster,small_urban,False
17290,"Clarksville, AR",7313,3048,76,urban_cluster,small_urban,False
17317,"Clarksville, TN--KY",158655,62218,75,urbanized_area,small_urbanized,False
17344,"Clarksville, TX",3121,1597,76,urban_cluster,rural,False
17371,"Claxton, GA",4259,1758,76,urban_cluster,rural,False
17398,"Clay Center, KS",4307,2146,76,urban_cluster,rural,False
17420,"Clayton, GA",3372,1624,76,urban_cluster,rural,False
17452,"Clearfield, PA",10903,5346,76,urban_cluster,small_urban,False
17479,"Clearlake, CA",15944,8553,76,urban_cluster,small_urban,False
17506,"Clear Lake, IA",7944,5140,76,urban_cluster,small_urban,False
17514,"Clearlake Riviera, CA",2806,1601,76,urban_cluster,rural,False
17524,"Clearwood, WA",2611,1085,76,urban_cluster,rural,False
17533,"Cleburne, TX",35122,13562,76,urban_cluster,small_urban,False
17560,"Cle Elum, WA",3539,2172,76,urban_cluster,rural,False
17625,"Cleveland, GA",4399,2027,76,urban_cluster,rural,False
17641,"Cleveland, MS",15722,6392,76,urban_cluster,small_urban,False
17668,"Cleveland, OH",1780673,832988,75,urbanized_area,major_urbanized,True
17695,"Cleveland, OK",3128,1459,76,urban_cluster,rural,False
17722,"Cleveland, TN",66777,28182,75,urbanized_area,small_urbanized,False
17749,"Cleveland, TX",9960,3760,76,urban_cluster,small_urban,False
17776,"Clewiston, FL",12833,4633,76,urban_cluster,small_urban,False
17803,"Clifton, AZ",4508,2226,76,urban_cluster,rural,False
17830,"Clifton, TX",3421,1494,76,urban_cluster,rural,False
17857,"Clifton Forge, VA",5311,2678,76,urban_cluster,small_urban,False
17870,"Clifton Springs, NY",6444,2800,76,urban_cluster,small_urban,False
17884,"Clinton, IL",8487,3918,76,urban_cluster,small_urban,False
17911,"Clinton, IN",6425,3071,76,urban_cluster,small_urban,False
17938,"Clinton, IA--IL",32332,14871,76,urban_cluster,small_urban,False
17965,"Clinton, MO",8740,4332,76,urban_cluster,small_urban,False
17992,"Clinton, NC",9538,4046,76,urban_cluster,small_urban,False
18019,"Clinton, OK",8426,3506,76,urban_cluster,small_urban,False
18046,"Clinton, SC",11176,4663,76,urban_cluster,small_urban,False
18100,"Clintonville, WI",4481,2199,76,urban_cluster,rural,False
18127,"Cloquet, MN",12936,5570,76,urban_cluster,small_urban,False
18154,"Clover, SC",6513,2629,76,urban_cluster,small_urban,False
18181,"Cloverdale, CA",9166,3652,76,urban_cluster,small_urban,False
18208,"Clovis, NM",41570,17193,76,urban_cluster,small_urban,False
18235,"Clyde, OH",6039,2573,76,urban_cluster,small_urban,False
18262,"Clyde, TX",3768,1653,76,urban_cluster,rural,False
18289,"Coalinga, CA",12702,4398,76,urban_cluster,small_urban,False
18316,"Coamo, PR",38047,15449,76,urban_cluster,small_urban,False
18343,"Cobleskill, NY",5618,2248,76,urban_cluster,small_urban,False
18370,"Cochran, GA",6324,2397,76,urban_cluster,small_urban,False
18383,"Coco--Salinas, PR",22102,10241,76,urban_cluster,small_urban,False
18397,"Cody, WY",9338,4553,76,urban_cluster,small_urban,False
18424,"Coeburn, VA",3179,1419,76,urban_cluster,rural,False
18451,"Coeur d'Alene, ID",98378,42666,75,urbanized_area,small_urbanized,False
18478,"Coffeyville, KS--OK",10909,5323,76,urban_cluster,small_urban,False
18505,"Cokato, MN",4244,1752,76,urban_cluster,rural,False
18532,"Colby, KS",5463,2465,76,urban_cluster,small_urban,False
18559,"Colchester, CT",10098,4229,76,urban_cluster,small_urban,False
18586,"Cold Spring, MN",4324,1774,76,urban_cluster,rural,False
18613,"Cold Spring, NY",3276,1507,76,urban_cluster,rural,False
18667,"Coldwater, MI",16876,6240,76,urban_cluster,small_urban,False
18680,"Coldwater, OH",4473,1833,76,urban_cluster,rural,False
18694,"Coleman, TX",4310,2356,76,urban_cluster,rural,False
18712,"Colfax, CA",3144,1438,76,urban_cluster,rural,False
18721,"Colfax, WA",2720,1369,76,urban_cluster,rural,False
18748,"College Station--Bryan, TX",171345,68363,75,urbanized_area,small_urbanized,False
18760,"Collinsville, OK",4248,1828,76,urban_cluster,rural,False
18775,"Colonial Beach, VA",3693,2457,76,urban_cluster,rural,False
18802,"Colorado City, AZ--UT",8233,1006,76,urban_cluster,small_urban,False
18829,"Colorado City, TX",5948,1734,76,urban_cluster,small_urban,False
18856,"Colorado Springs, CO",559409,229712,75,urbanized_area,large_urbanized,True
18883,"Columbia, KY",4579,1901,76,urban_cluster,rural,False
18910,"Columbia, MS",7294,3106,76,urban_cluster,small_urban,False
18937,"Columbia, MO",124748,53568,75,urbanized_area,small_urbanized,False
18964,"Columbia, SC",549777,233477,75,urbanized_area,large_urbanized,True
18991,"Columbia, TN",34965,16072,76,urban_cluster,small_urban,False
19018,"Columbia City, IN",9225,4113,76,urban_cluster,small_urban,False
19045,"Columbia Falls, MT",6029,2551,76,urban_cluster,small_urban,False
19060,"Columbiana, AL",2642,812,76,urban_cluster,rural,False
19072,"Columbiana, OH",8101,3902,76,urban_cluster,small_urban,False
19099,"Columbus, GA--AL",253602,109208,75,urbanized_area,large_urbanized,True
19126,"Columbus, IN",54933,24302,75,urbanized_area,small_urbanized,False
19153,"Columbus, KS",3272,1611,76,urban_cluster,rural,False
19180,"Columbus, MS",31174,13883,76,urban_cluster,small_urban,False
19207,"Columbus, NE",22106,9306,76,urban_cluster,small_urban,False
19234,"Columbus, OH",1368035,604025,75,urbanized_area,major_urbanized,True
19261,"Columbus, TX",4176,1884,76,urban_cluster,rural,False
19288,"Columbus, WI",6623,2918,76,urban_cluster,small_urban,False
19315,"Columbus AFB, MS",3140,1707,76,urban_cluster,rural,False
19342,"Colusa, CA",6791,2622,76,urban_cluster,small_urban,False
19369,"Colville, WA",4966,2321,76,urban_cluster,rural,False
19396,"Comanche, TX",3988,1769,76,urban_cluster,rural,False
19423,"Comfort, TX",2653,974,76,urban_cluster,rural,False
19450,"Commerce, GA",6624,2830,76,urban_cluster,small_urban,False
19477,"Commerce, TX",7717,3435,76,urban_cluster,small_urban,False
19504,"Concord, CA",615968,244581,75,urbanized_area,large_urbanized,True
19531,"Concord, NH",42611,18930,76,urban_cluster,small_urban,False
19558,"Concord, NC",214881,90164,75,urbanized_area,large_urbanized,False
19585,"Concordia, KS",5340,2513,76,urban_cluster,small_urban,False
19597,"Conesus Lake, NY",4858,2911,76,urban_cluster,rural,False
19612,"Conneaut, OH",14109,6257,76,urban_cluster,small_urban,False
19666,"Connell, WA",4076,883,76,urban_cluster,rural,False
19693,"Connersville, IN",15347,7190,76,urban_cluster,small_urban,False
19720,"Conrad, MT",2578,1271,76,urban_cluster,rural,False
19755,"Conroe--The Woodlands, TX",239938,92663,75,urbanized_area,large_urbanized,False
19774,"Constantine, MI",4074,1762,76,urban_cluster,rural,False
19801,"Conway, AR",65277,27398,75,urbanized_area,small_urbanized,False
19828,"Cookeville, TN",44207,19480,76,urban_cluster,small_urban,False
19882,"Coolidge, AZ",10919,4386,76,urban_cluster,small_urban,False
19909,"Coopersville, MI",3951,1611,76,urban_cluster,rural,False
19936,"Coos Bay, OR",31386,14685,76,urban_cluster,small_urban,False
19990,"Coquille, OR",4359,2035,76,urban_cluster,rural,False
20044,"Corcoran, CA",25516,4168,76,urban_cluster,small_urban,False
20071,"Cordele, GA",12416,5494,76,urban_cluster,small_urban,False
20098,"Corinth, MS",12469,6095,76,urban_cluster,small_urban,False
20125,"Corinth, NY",3995,1939,76,urban_cluster,rural,False
20152,"Cornelia--Baldwin, GA",18578,6782,76,urban_cluster,small_urban,False
20179,"Corning, AR",3180,1511,76,urban_cluster,rural,False
20206,"Corning, CA",8553,3150,76,urban_cluster,small_urban,False
20233,"Corning, NY",20477,9629,76,urban_cluster,small_urban,False
20247,"Corona de Tucson, AZ",5469,2087,76,urban_cluster,small_urban,False
20287,"Corpus Christi, TX",320069,130858,75,urbanized_area,large_urbanized,True
20314,"Corry, PA",6571,2840,76,urban_cluster,small_urban,False
20341,"Corsicana, TX",22599,9024,76,urban_cluster,small_urban,False
20368,"Cortez, CO",8380,3781,76,urban_cluster,small_urban,False
20395,"Cortland, NY",27493,11001,76,urban_cluster,small_urban,False
20422,"Corvallis, OR",62433,26689,75,urbanized_area,small_urbanized,False
20449,"Corydon, IN",5506,2491,76,urban_cluster,small_urban,False
20476,"Coshocton, OH",11517,5613,76,urban_cluster,small_urban,False
20503,"Cottage Grove, OR",11007,4746,76,urban_cluster,small_urban,False
20530,"Cottonport, LA",3631,808,76,urban_cluster,rural,False
20584,"Cottonwood, CA",4419,1731,76,urban_cluster,rural,False
20595,"Cottonwood--Verde Village, AZ",26650,12874,76,urban_cluster,small_urban,False
20611,"Cotulla, TX",3694,1657,76,urban_cluster,rural,False
20632,"Country Lakes, MD",2603,833,76,urban_cluster,rural,False
20665,"Covington, IN",2625,1192,76,urban_cluster,rural,False
20692,"Covington, OH",2727,1212,76,urban_cluster,rural,False
20719,"Covington, TN",8578,3558,76,urban_cluster,small_urban,False
20746,"Covington, VA",8430,4240,76,urban_cluster,small_urban,False
20773,"Coxsackie, NY",6341,1819,76,urban_cluster,small_urban,False
20800,"Cozad, NE",3863,1827,76,urban_cluster,rural,False
20827,"Craig, CO",10021,4272,76,urban_cluster,small_urban,False
20854,"Crane, TX",3907,1442,76,urban_cluster,rural,False
20881,"Crawfordsville, IN",18012,8067,76,urban_cluster,small_urban,False
20890,"Crawfordville, FL",8342,3354,76,urban_cluster,small_urban,False
20908,"Crescent City, CA",18976,6690,76,urban_cluster,small_urban,False
20935,"Crescent City, FL",2812,1689,76,urban_cluster,rural,False
20962,"Cresco, IA",3540,1706,76,urban_cluster,rural,False
20980,"Cresson, PA",11106,3284,76,urban_cluster,small_urban,False
21016,"Creston, IA",7617,3655,76,urban_cluster,small_urban,False
21043,"Crestview, FL",32432,13454,76,urban_cluster,small_urban,False
21070,"Creswell, OR",6320,2564,76,urban_cluster,small_urban,False
21097,"Crete, NE",6948,2383,76,urban_cluster,small_urban,False
21124,"Crewe, VA",4323,1247,76,urban_cluster,rural,False
21151,"Crisfield, MD",3600,1928,76,urban_cluster,rural,False
21178,"Crittenden, KY",4221,1598,76,urban_cluster,rural,False
21205,"Crockett, TX",6292,2780,76,urban_cluster,small_urban,False
21220,"Crooked Lake Park, FL",4335,1961,76,urban_cluster,rural,False
21232,"Crookston, MN",7964,3274,76,urban_cluster,small_urban,False
21259,"Crooksville, OH",4866,2089,76,urban_cluster,rural,False
21286,"Crosby, MN",3478,1954,76,urban_cluster,rural,False
21313,"Cross City, FL",3773,1148,76,urban_cluster,rural,False
21340,"Crossett, AR",7835,3700,76,urban_cluster,small_urban,False
21394,"Crossville, TN",16337,8038,76,urban_cluster,small_urban,False
21421,"Crowley, LA",14908,6472,76,urban_cluster,small_urban,False
21448,"Crozet, VA",5527,2215,76,urban_cluster,small_urban,False
21475,"Cruz Bay, VI",3090,2464,76,urban_cluster,rural,False
21502,"Crystal City, TX",7236,2586,76,urban_cluster,small_urban,False
21529,"Crystal River, FL",4388,2783,76,urban_cluster,rural,False
21556,"Crystal Springs, MS",5269,2088,76,urban_cluster,small_urban,False
21583,"Cuba, MO",3273,1518,76,urban_cluster,rural,False
21610,"Cuero, TX",8099,2933,76,urban_cluster,small_urban,False
21637,"Cullman, AL",18356,8466,76,urban_cluster,small_urban,False
21664,"Cullowhee, NC",10837,4239,76,urban_cluster,small_urban,False
21691,"Culpeper, VA",17778,6984,76,urban_cluster,small_urban,False
21718,"Cumberland, KY",3711,1903,76,urban_cluster,rural,False
21745,"Cumberland, MD--WV--PA",51899,23143,75,urbanized_area,small_urbanized,False
21760,"Curwensville, PA",2751,1288,76,urban_cluster,rural,False
21772,"Cushing, OK",6742,3308,76,urban_cluster,small_urban,False
21799,"Cut Bank, MT",2878,1443,76,urban_cluster,rural,False
21826,"Cuthbert, GA",3811,1870,76,urban_cluster,rural,False
21853,"Cynthiana, KY",6421,2986,76,urban_cluster,small_urban,False
21928,"Dahlgren, VA--MD",3515,1460,76,urban_cluster,rural,False
21934,"Dahlonega, GA",4812,1581,76,urban_cluster,rural,False
21961,"Daingerfield, TX",4976,2087,76,urban_cluster,rural,False
21988,"Dalhart, TX",7716,3217,76,urban_cluster,small_urban,False
22015,"Dallas, OR",15340,6431,76,urban_cluster,small_urban,False
22042,"Dallas--Fort Worth--Arlington, TX",5121892,2023230,75,urbanized_area,major_urbanized,True
22069,"Dalton, GA",85239,32927,75,urbanized_area,small_urbanized,False
22079,"Dalton, OH",2595,1119,76,urban_cluster,rural,False
22096,"Danbury, CT--NY",168136,65763,75,urbanized_area,small_urbanized,False
22110,"Dandridge, TN",4959,2093,76,urban_cluster,rural,False
22177,"Dansville, NY",5141,2389,76,urban_cluster,small_urban,False
22204,"Danville, IL",50996,22818,75,urbanized_area,small_urbanized,False
22231,"Danville, KY",18887,8337,76,urban_cluster,small_urban,False
22253,"Danville, VA--NC",49344,25114,76,urban_cluster,small_urban,False
22285,"Daphne--Fairhope, AL",57383,26465,75,urbanized_area,small_urbanized,False
22301,"Darbydale, OH",6195,1102,76,urban_cluster,small_urban,False
22312,"Darien, GA",3682,1845,76,urban_cluster,rural,False
22366,"Davenport, IA--IL",280051,123959,75,urbanized_area,large_urbanized,True
22393,"David City, NE",2879,1265,76,urban_cluster,rural,False
22420,"Davis, CA",72794,27614,75,urbanized_area,small_urbanized,False
22427,"Davis, OK",2591,1216,76,urban_cluster,rural,False
22435,"Davis Junction, IL",2631,886,76,urban_cluster,rural,False
22447,"Dawson, GA",4466,1871,76,urban_cluster,rural,False
22501,"Dayton, NV",11127,4569,76,urban_cluster,small_urban,False
22528,"Dayton, OH",724091,335077,75,urbanized_area,large_urbanized,True
22555,"Dayton, TN",10174,4148,76,urban_cluster,small_urban,False
22582,"Dayton, TX",12075,3286,76,urban_cluster,small_urban,False
22609,"Dayton, WA",2681,1275,76,urban_cluster,rural,False
22690,"Decatur, AL",70436,30468,75,urbanized_area,small_urbanized,False
22717,"Decatur, IL",93863,43304,75,urbanized_area,small_urbanized,False
22744,"Decatur, IN",10440,4838,76,urban_cluster,small_urban,False
22771,"Decatur, TX",5910,2391,76,urban_cluster,small_urban,False
22798,"Decorah, IA",8637,3318,76,urban_cluster,small_urban,False
22811,"Dededo--Machanao--Apotgan, GU",139825,44741,76,urban_cluster,small_urbanized,False
22825,"Deer Lodge, MT",3217,1593,76,urban_cluster,rural,False
22852,"Deer Park, WA",3463,1436,76,urban_cluster,rural,False
22864,"Deerwood, TX",3797,1074,76,urban_cluster,rural,False
22879,"Defiance, OH",18306,8117,76,urban_cluster,small_urban,False
22933,"De Funiak Springs, FL",5812,2923,76,urban_cluster,small_urban,False
22960,"DeKalb, IL",68545,26772,75,urbanized_area,small_urbanized,False
22987,"Delano, CA",54372,11008,75,urbanized_area,small_urbanized,False
22995,"Delano, MN",5255,1994,76,urban_cluster,small_urban,False
23041,"Delavan, WI",12158,5770,76,urban_cluster,small_urban,False
23095,"Delhi, LA",2770,1143,76,urban_cluster,rural,False
23102,"Delhi, NY",2953,732,76,urban_cluster,rural,False
23122,"Dell Rapids, SD",3584,1476,76,urban_cluster,rural,False
23149,"Delphi, IN",3008,1348,76,urban_cluster,rural,False
23176,"Delphos, OH",7440,3262,76,urban_cluster,small_urban,False
23203,"Del Rio, TX",43914,15531,76,urban_cluster,small_urban,False
23230,"Delta, CO",7849,3384,76,urban_cluster,small_urban,False
23257,"Delta, OH",3158,1310,76,urban_cluster,rural,False
23284,"Delta, UT",3258,1210,76,urban_cluster,rural,False
23311,"Deltona, FL",182169,79045,75,urbanized_area,small_urbanized,False
23338,"Deming, NM",14903,6224,76,urban_cluster,small_urban,False
23365,"Demopolis, AL",6452,2929,76,urban_cluster,small_urban,False
23392,"De Motte, IN",4652,1934,76,urban_cluster,rural,False
23419,"Denison, IA",8240,2940,76,urban_cluster,small_urban,False
23446,"Denmark, SC",3781,1600,76,urban_cluster,rural,False
23473,"Denton, MD",4771,1922,76,urban_cluster,rural,False
23500,"Denton--Lewisville, TX",366174,140280,75,urbanized_area,large_urbanized,True
23513,"Denton Southwest, TX",3307,1569,76,urban_cluster,rural,False
23527,"Denver--Aurora, CO",2374203,997980,75,urbanized_area,major_urbanized,True
23554,"Denver City, TX",4938,1803,76,urban_cluster,rural,False
23608,"De Queen, AR",6209,2115,76,urban_cluster,small_urban,False
23635,"DeQuincy, LA",5017,1846,76,urban_cluster,small_urban,False
23662,"DeRidder, LA",13341,5800,76,urban_cluster,small_urban,False
23689,"Dermott, AR",2816,1140,76,urban_cluster,rural,False
23716,"Desert Hot Springs, CA",39445,18247,76,urban_cluster,small_urban,False
23743,"Des Moines, IA",450070,190895,75,urbanized_area,large_urbanized,True
23770,"De Soto, KS",4701,1798,76,urban_cluster,rural,False
23797,"De Soto, MO",7203,3257,76,urban_cluster,small_urban,False
23824,"Detroit, MI",3734090,1653116,75,urbanized_area,major_urbanized,True
23851,"Detroit Lakes, MN",7973,4287,76,urban_cluster,small_urban,False
23878,"Devils Lake, ND",7444,3586,76,urban_cluster,small_urban,False
23905,"Devine, TX",5798,2254,76,urban_cluster,small_urban,False
23959,"DeWitt, AR",3185,1494,76,urban_cluster,rural,False
23986,"De Witt, IA",4639,2016,76,urban_cluster,rural,False
24013,"Dexter, MO",9053,4192,76,urban_cluster,small_urban,False
24040,"Diamondhead, MS",7855,4069,76,urban_cluster,small_urban,False
24067,"Diboll, TX",4461,1421,76,urban_cluster,rural,False
24094,"Dickinson, ND",17586,7761,76,urban_cluster,small_urban,False
24121,"Dickson, TN",16016,7004,76,urban_cluster,small_urban,False
24148,"Dilley, TX",3938,1137,76,urban_cluster,rural,False
24175,"Dillon, MT",4609,2147,76,urban_cluster,rural,False
24202,"Dillon, SC",9777,4160,76,urban_cluster,small_urban,False
24229,"Dimmitt, TX",4373,1656,76,urban_cluster,rural,False
24256,"Discovery Bay, CA",14044,5652,76,urban_cluster,small_urban,False
24283,"Dixon, CA",18445,6209,76,urban_cluster,small_urban,False
24310,"Dixon, IL",16858,6792,76,urban_cluster,small_urban,False
24329,"Dodge Center, MN",2641,1048,76,urban_cluster,rural,False
24337,"Dodge City, KS",27316,9290,76,urban_cluster,small_urban,False
24364,"Dodgeville, WI",4756,2123,76,urban_cluster,rural,False
24391,"Donaldsonville, LA",14571,5635,76,urban_cluster,small_urban,False
24418,"Donalsonville, GA",2745,1222,76,urban_cluster,rural,False
24433,"Dorr, MI",4702,1600,76,urban_cluster,rural,False
24445,"Dos Palos, CA",6713,2228,76,urban_cluster,small_urban,False
24472,"Dothan, AL",68781,30681,75,urbanized_area,small_urbanized,False
24499,"Douglas, AZ",17673,6450,76,urban_cluster,small_urban,False
24526,"Douglas, GA",14154,6006,76,urban_cluster,small_urban,False
24539,"Douglas, MI",2570,2102,76,urban_cluster,rural,False
24553,"Douglas, WY",6175,2803,76,urban_cluster,small_urban,False
24580,"Dover, DE",110769,43144,75,urbanized_area,small_urbanized,False
24607,"Dover--Rochester, NH--ME",88087,36466,75,urbanized_area,small_urbanized,False
24634,"Dowagiac, MI",6082,2772,76,urban_cluster,small_urban,False
24646,"Downs, IL",2666,948,76,urban_cluster,rural,False
24688,"Dryden, NY",3882,1621,76,urban_cluster,rural,False
24715,"Dublin, GA",20999,9212,76,urban_cluster,small_urban,False
24769,"Dublin, TX",3543,1508,76,urban_cluster,rural,False
24796,"DuBois, PA",11898,5597,76,urban_cluster,small_urban,False
24823,"Dubuque, IA--IL",67818,29024,75,urbanized_area,small_urbanized,False
24850,"Duluth, MN--WI",120378,53537,75,urbanized_area,small_urbanized,False
24877,"Dumas, AR",5023,2254,76,urban_cluster,small_urban,False
24904,"Dumas, TX",14836,5410,76,urban_cluster,small_urban,False
24931,"Duncan, OK",21301,9979,76,urban_cluster,small_urban,False
24958,"Dundee, MI",3799,1684,76,urban_cluster,rural,False
24985,"Dunkirk, IN",3564,1721,76,urban_cluster,rural,False
25012,"Dunkirk--Fredonia, NY",25514,11139,76,urban_cluster,small_urban,False
25025,"Dunlap, TN",3691,1571,76,urban_cluster,rural,False
25039,"Dunn, NC",14823,6856,76,urban_cluster,small_urban,False
25093,"Du Quoin, IL",6467,3105,76,urban_cluster,small_urban,False
25120,"Durand, MI",4854,2192,76,urban_cluster,rural,False
25147,"Durango, CO",17982,8369,76,urban_cluster,small_urban,False
25174,"Durant, MS",2525,1112,76,urban_cluster,rural,False
25201,"Durant, OK",16402,7329,76,urban_cluster,small_urban,False
25228,"Durham, NC",347602,152577,75,urbanized_area,large_urbanized,True
25255,"Dwight, IL",5353,1860,76,urban_cluster,small_urban,False
25282,"Dyer, TN",3248,1483,76,urban_cluster,rural,False
25309,"Dyersburg, TN",21903,9751,76,urban_cluster,small_urban,False
25336,"Dyersville, IA",3620,1665,76,urban_cluster,rural,False
25363,"Eagar, AZ",6095,2617,76,urban_cluster,small_urban,False
25390,"Eagle, CO",6073,2253,76,urban_cluster,small_urban,False
25417,"Eagle Grove, IA",3076,1379,76,urban_cluster,rural,False
25444,"Eagle Lake, TX",3628,1508,76,urban_cluster,rural,False
25480,"Eagle Mountain South, UT",6277,1564,76,urban_cluster,small_urban,False
25498,"Eagle Pass, TX",49236,15814,76,urban_cluster,small_urban,False
25579,"Earlimart, CA",13211,3277,76,urban_cluster,small_urban,False
25598,"East Aurora, NY",9841,4223,76,urban_cluster,small_urban,False
25660,"Eastland, TX",3711,1690,76,urban_cluster,rural,False
25687,"East Liverpool, OH--WV--PA",31564,15148,76,urban_cluster,small_urban,False
25714,"Eastman, GA",6053,2689,76,urban_cluster,small_urban,False
25741,"Easton, MD",17132,8013,76,urban_cluster,small_urban,False
25768,"East Palestine, OH",4944,2224,76,urban_cluster,rural,False
25795,"East Prairie, MO",3770,1675,76,urban_cluster,rural,False
25802,"East Prospect, PA",2575,1010,76,urban_cluster,rural,False
25813,"East Quincy, CA",2674,1287,76,urban_cluster,rural,False
25849,"East Stroudsburg, PA--NJ",54316,21836,75,urbanized_area,small_urbanized,False
25876,"East Tawas, MI",4372,2631,76,urban_cluster,rural,False
25903,"East Troy, WI",4306,1814,76,urban_cluster,rural,False
25930,"Eaton, CO",4392,1717,76,urban_cluster,rural,False
25957,"Eaton, OH",8112,3763,76,urban_cluster,small_urban,False
25984,"Eaton Rapids, MI",5408,2458,76,urban_cluster,small_urban,False
26011,"Eatonton, GA",3889,1753,76,urban_cluster,rural,False
26024,"Eatonville, WA",2801,1117,76,urban_cluster,rural,False
26038,"Eau Claire, WI",102852,44530,75,urbanized_area,small_urbanized,False
26065,"Ebensburg, PA",4914,2361,76,urban_cluster,rural,False
26092,"Eden, NC",17187,8570,76,urban_cluster,small_urban,False
26119,"Edenton, NC",4790,2389,76,urban_cluster,rural,False
26146,"Edgefield, SC",4562,1137,76,urban_cluster,rural,False
26173,"Edgerton, WI",7208,3369,76,urban_cluster,small_urban,False
26200,"Edgewood, NM",3506,1465,76,urban_cluster,rural,False
26227,"Edinboro, PA",7263,2716,76,urban_cluster,small_urban,False
26254,"Edna, TX",5374,2452,76,urban_cluster,small_urban,False
26275,"Edwards, CO",17326,8473,76,urban_cluster,small_urban,False
26308,"Effingham, IL",13800,6238,76,urban_cluster,small_urban,False
26345,"Eielson AFB, AK",2944,1019,76,urban_cluster,rural,False
26362,"Elberton, GA",5925,2925,76,urban_cluster,small_urban,False
26389,"El Campo, TX",11719,4498,76,urban_cluster,small_urban,False
26416,"El Centro--Calexico, CA",107672,33162,75,urbanized_area,small_urbanized,False
26443,"Eldon, MO",4555,2229,76,urban_cluster,rural,False
26470,"El Dorado, AR",18944,8830,76,urban_cluster,small_urban,False
26497,"Eldorado, IL",4572,2265,76,urban_cluster,rural,False
26524,"El Dorado, KS",14724,5997,76,urban_cluster,small_urban,False
26551,"Eldorado at Santa Fe, NM",4372,2190,76,urban_cluster,rural,False
26578,"El Dorado Springs, MO",3454,1852,76,urban_cluster,rural,False
26632,"Electra, TX",2746,1397,76,urban_cluster,rural,False
26659,"Elgin, TX",10043,3564,76,urban_cluster,small_urban,False
26686,"Elizabeth City, NC",23905,10258,76,urban_cluster,small_urban,False
26713,"Elizabethtown, NC",3085,1581,76,urban_cluster,rural,False
26750,"Elizabethtown--Radcliff, KY",73467,30547,75,urbanized_area,small_urbanized,False
26767,"Elk City, OK",10855,5014,76,urban_cluster,small_urban,False
26794,"Elkhart, IN--MI",143592,58631,75,urbanized_area,small_urbanized,False
26821,"Elkhorn, WI",12484,4987,76,urban_cluster,small_urban,False
26848,"Elkin, NC",6521,3206,76,urban_cluster,small_urban,False
26875,"Elkins, WV",11061,5164,76,urban_cluster,small_urban,False
26902,"Elko, NV",18948,7420,76,urban_cluster,small_urban,False
26912,"Elko New Market, MN",3908,1240,76,urban_cluster,rural,False
26956,"Elkton, VA",3657,1703,76,urban_cluster,rural,False
26983,"Ellensburg, WA",20987,8933,76,urban_cluster,small_urban,False
27010,"Ellenville, NY",6577,2566,76,urban_cluster,small_urban,False
27037,"Ellijay, GA",3496,1613,76,urban_cluster,rural,False
27064,"Ellsworth, KS",2982,1075,76,urban_cluster,rural,False
27070,"Ellsworth, ME",2805,1431,76,urban_cluster,rural,False
27076,"Ellsworth, WI",2823,1247,76,urban_cluster,rural,False
27085,"Ellwood City, PA",13006,6133,76,urban_cluster,small_urban,False
27118,"Elmira, NY",67983,29507,75,urbanized_area,small_urbanized,False
27172,"Elmwood, IL",2660,1145,76,urban_cluster,rural,False
27199,"Eloy, AZ",6963,2528,76,urban_cluster,small_urban,False
27226,"El Paso, IL",2776,1101,76,urban_cluster,rural,False
27253,"El Paso, TX--NM",803086,270231,75,urbanized_area,large_urbanized,True
27261,"El Paso de Robles (Paso Robles)--Atascadero, CA",65088,25479,75,urbanized_area,small_urbanized,False
27280,"El Reno, OK",15069,5966,76,urban_cluster,small_urban,False
27290,"Elroy, TX",3708,1049,76,urban_cluster,rural,False
27300,"Elverson, PA",3697,1523,76,urban_cluster,rural,False
27307,"Elwood, IN",9421,4465,76,urban_cluster,small_urban,False
27334,"Ely, MN",3459,2020,76,urban_cluster,rural,False
27361,"Ely, NV",4681,2331,76,urban_cluster,rural,False
27372,"Emajagua, PR",9231,4129,76,urban_cluster,small_urban,False
27380,"Emerald Bay, TX",3182,1716,76,urban_cluster,rural,False
27442,"Emmetsburg, IA",3628,1715,76,urban_cluster,rural,False
27469,"Emmett, ID",9192,3995,76,urban_cluster,small_urban,False
27496,"Emmitsburg, MD--PA",6366,2164,76,urban_cluster,small_urban,False
27523,"Emporia, KS",24830,11323,76,urban_cluster,small_urban,False
27550,"Emporia, VA",7143,2990,76,urban_cluster,small_urban,False
27577,"Emporium, PA",2677,1431,76,urban_cluster,rural,False
27592,"Enfield, NC",2672,1189,76,urban_cluster,rural,False
27604,"England, AR",2762,1246,76,urban_cluster,rural,False
27631,"Enid, OK",47609,21075,76,urban_cluster,small_urban,False
27658,"Ennis, TX",18258,6518,76,urban_cluster,small_urban,False
27685,"Enterprise, AL",36427,15863,76,urban_cluster,small_urban,False
27712,"Ephraim, UT",5781,1636,76,urban_cluster,small_urban,False
27739,"Ephrata, WA",6956,2840,76,urban_cluster,small_urban,False
27750,"Epping, NH",3490,1291,76,urban_cluster,rural,False
27766,"Erie, PA",196611,85558,75,urbanized_area,small_urbanized,False
27793,"Erwin, TN",9788,4556,76,urban_cluster,small_urban,False
27820,"Escalon, CA",7157,2619,76,urban_cluster,small_urban,False
27847,"Escanaba, MI",20850,9981,76,urban_cluster,small_urban,False
27874,"Espanola, NM",26418,11368,76,urban_cluster,small_urban,False
27885,"Esparto, CA",3277,1063,76,urban_cluster,rural,False
27901,"Estacada, OR",3838,1572,76,urban_cluster,rural,False
27928,"Estes Park, CO",7082,4885,76,urban_cluster,small_urban,False
27955,"Estherville, IA",6192,2790,76,urban_cluster,small_urban,False
27991,"Estrella, AZ",11108,4197,76,urban_cluster,small_urban,False
28009,"Etowah, TN",4129,2064,76,urban_cluster,rural,False
28063,"Eudora, KS",6140,2309,76,urban_cluster,small_urban,False
28090,"Eufaula, AL--GA",9520,4469,76,urban_cluster,small_urban,False
28117,"Eugene, OR",247421,108056,75,urbanized_area,large_urbanized,False
28144,"Eunice, LA",11940,5163,76,urban_cluster,small_urban,False
28171,"Eunice, NM",2826,1222,76,urban_cluster,rural,False
28198,"Eureka, CA",45034,19912,76,urban_cluster,small_urban,False
28225,"Eureka, IL",5573,2129,76,urban_cluster,small_urban,False
28252,"Eureka, KS",2591,1388,76,urban_cluster,rural,False
28262,"Eureka, MO",11260,3696,76,urban_cluster,small_urban,False
28306,"Evanston, WY",12017,4983,76,urban_cluster,small_urban,False
28333,"Evansville, IN--KY",229351,104388,75,urbanized_area,large_urbanized,False
28360,"Evansville, WI",5669,2313,76,urban_cluster,small_urban,False
28387,"Evarts, KY",2646,1074,76,urban_cluster,rural,False
28414,"Everett, PA",3220,1581,76,urban_cluster,rural,False
28431,"Evergreen, AL",2520,1213,76,urban_cluster,rural,False
28441,"Evergreen, CO",13556,5946,76,urban_cluster,small_urban,False
28468,"Everson, WA",4330,1474,76,urban_cluster,rural,False
28495,"Excelsior Springs, MO",10943,4713,76,urban_cluster,small_urban,False
28522,"Fabens, TX",8042,2389,76,urban_cluster,small_urban,False
28549,"Fairbanks, AK",64513,25869,75,urbanized_area,small_urbanized,False
28576,"Fairbury, IL",3784,1636,76,urban_cluster,rural,False
28603,"Fairbury, NE",3912,2133,76,urban_cluster,rural,False
28624,"Fairdale, PA",4166,1960,76,urban_cluster,rural,False
28657,"Fairfield, CA",133683,46751,75,urbanized_area,small_urbanized,False
28684,"Fairfield, IL",5039,2654,76,urban_cluster,small_urban,False
28711,"Fairfield, IA",10320,4535,76,urban_cluster,small_urban,False
28738,"Fairfield, TX",3280,1424,76,urban_cluster,rural,False
28765,"Fairfield Glade, TN",5584,3833,76,urban_cluster,small_urban,False
28782,"Fairfield Harbour, NC",2726,1703,76,urban_cluster,rural,False
28819,"Fair Haven, VT",4181,1542,76,urban_cluster,rural,False
28846,"Fairmont, MN",9578,4703,76,urban_cluster,small_urban,False
28860,"Fairmont, NC",2507,1179,76,urban_cluster,rural,False
28873,"Fairmont, WV",33409,16075,76,urban_cluster,small_urban,False
28900,"Fairmount, IN",2942,1342,76,urban_cluster,rural,False
28954,"Fairview, TN",6373,2342,76,urban_cluster,small_urban,False
28981,"Fajardo, PR",85225,43282,75,urbanized_area,small_urbanized,False
29008,"Falfurrias, TX",4929,2119,76,urban_cluster,rural,False
29035,"Fallon, NV",16241,7098,76,urban_cluster,small_urban,False
29062,"Falls City, NE",4133,2127,76,urban_cluster,rural,False
29089,"Fargo, ND--MN",176676,78728,75,urbanized_area,small_urbanized,False
29116,"Faribault, MN",23696,9099,76,urban_cluster,small_urban,False
29143,"Farmersville, TX",3138,1234,76,urban_cluster,rural,False
29170,"Farmerville, LA",3883,1644,76,urban_cluster,rural,False
29224,"Farmington, ME",3819,1601,76,urban_cluster,rural,False
29251,"Farmington, MO",39370,15256,76,urban_cluster,small_urban,False
29265,"Farmington, NH",2957,1268,76,urban_cluster,rural,False
29278,"Farmington, NM",53049,20250,75,urbanized_area,small_urbanized,False
29305,"Farmville, NC",4815,2254,76,urban_cluster,rural,False
29332,"Farmville, VA",8999,2929,76,urban_cluster,small_urban,False
29359,"Fayette, AL",3408,1591,76,urban_cluster,rural,False
29413,"Fayette, MO",2654,1072,76,urban_cluster,rural,False
29440,"Fayetteville, NC",310282,131234,75,urbanized_area,large_urbanized,True
29467,"Fayetteville, TN",9178,4337,76,urban_cluster,small_urban,False
29494,"Fayetteville--Springdale--Rogers, AR--MO",295083,125257,75,urbanized_area,large_urbanized,True
29510,"Fearrington Village, NC",2642,1601,76,urban_cluster,rural,False
29521,"Federalsburg, MD",3190,1396,76,urban_cluster,rural,False
29548,"Fellsmere, FL",5294,1443,76,urban_cluster,small_urban,False
29575,"Fergus Falls, MN",12081,5882,76,urban_cluster,small_urban,False
29602,"Fernandina Beach, FL",25239,15126,76,urban_cluster,small_urban,False
29656,"Fernley, NV",18979,7829,76,urban_cluster,small_urban,False
29683,"Ferriday, LA",5931,2024,76,urban_cluster,small_urban,False
29698,"Filer, ID",2639,1050,76,urban_cluster,rural,False
29710,"Fillmore, CA",15081,4429,76,urban_cluster,small_urban,False
29737,"Findlay, OH",48441,22272,76,urban_cluster,small_urban,False
29764,"Firebaugh, CA",7281,2012,76,urban_cluster,small_urban,False
29775,"Firestone--Frederick, CO",21474,7509,76,urban_cluster,small_urban,False
29791,"Fitzgerald, GA",11638,5167,76,urban_cluster,small_urban,False
29818,"Flagstaff, AZ",71957,28672,75,urbanized_area,small_urbanized,False
29845,"Flemingsburg, KY",2795,1441,76,urban_cluster,rural,False
29872,"Flint, MI",356218,164933,75,urbanized_area,large_urbanized,True
29899,"Flora, IL",4872,2269,76,urban_cluster,rural,False
29953,"Florence, AL",77074,37040,75,urbanized_area,small_urbanized,False
29980,"Florence, AZ",16586,3330,76,urban_cluster,small_urban,False
30007,"Florence, CO",7314,1907,76,urban_cluster,small_urban,False
30034,"Florence, OR",10177,6354,76,urban_cluster,small_urban,False
30061,"Florence, SC",89557,39135,75,urbanized_area,small_urbanized,False
30088,"Floresville, TX",6068,2142,76,urban_cluster,small_urban,False
30115,"Florida--Imbéry--Barceloneta, PR",71747,30256,75,urbanized_area,small_urbanized,False
30142,"Floydada, TX",3009,1375,76,urban_cluster,rural,False
30171,"Foley, AL",26469,19264,76,urban_cluster,small_urban,False
30196,"Folkston, GA",5961,1769,76,urban_cluster,small_urban,False
30223,"Fond du Lac, WI",54901,24309,75,urbanized_area,small_urbanized,False
30250,"Fordyce, AR",3844,1768,76,urban_cluster,rural,False
30277,"Forest, MS",4887,1806,76,urban_cluster,rural,False
30304,"Forest City, IA",3966,1809,76,urban_cluster,rural,False
30331,"Forest City, NC",26418,12344,76,urban_cluster,small_urban,False
30358,"Forest Lake, MN",21816,8741,76,urban_cluster,small_urban,False
30385,"Forestville, CA",5144,2546,76,urban_cluster,small_urban,False
30412,"Forks, WA",3940,1528,76,urban_cluster,rural,False
30439,"Forney, TX",27051,8907,76,urban_cluster,small_urban,False
30466,"Forrest City, AR",13690,4210,76,urban_cluster,small_urban,False
30493,"Forsyth, GA",4834,1882,76,urban_cluster,rural,False
30520,"Forsyth, MO",6836,3461,76,urban_cluster,small_urban,False
30547,"Fort Atkinson, WI",21105,9095,76,urban_cluster,small_urban,False
30574,"Fort Bragg, CA",10348,4725,76,urban_cluster,small_urban,False
30601,"Fort Branch, IN",4379,1958,76,urban_cluster,rural,False
30628,"Fort Collins, CO",264465,110523,75,urbanized_area,large_urbanized,True
30655,"Fort Defiance, AZ--NM",3602,1218,76,urban_cluster,rural,False
30682,"Fort Dodge, IA",25122,11147,76,urban_cluster,small_urban,False
30736,"Fort Irwin, CA",8845,2487,76,urban_cluster,small_urban,False
30748,"Fort Leonard Wood, MO",29257,8091,76,urban_cluster,small_urban,False
30755,"Fort Lupton, CO",9055,3099,76,urban_cluster,small_urban,False
30763,"Fort Madison, IA--IL",10848,4832,76,urban_cluster,small_urban,False
30790,"Fort Meade, FL",6234,2670,76,urban_cluster,small_urban,False
30817,"Fort Morgan, CO",13178,5001,76,urban_cluster,small_urban,False
30844,"Fort Payne, AL",7018,2827,76,urban_cluster,small_urban,False
30858,"Fort Plain, NY",5730,2669,76,urban_cluster,small_urban,False
30871,"Fort Polk, LA",14300,4570,76,urban_cluster,small_urban,False
30898,"Fort Scott, KS",7895,3719,76,urban_cluster,small_urban,False
30925,"Fort Smith, AR--OK",122947,53063,75,urbanized_area,small_urbanized,False
30952,"Fort Stockton, TX",9339,3491,76,urban_cluster,small_urban,False
30979,"Fortuna, CA",13084,5485,76,urban_cluster,small_urban,False
31033,"Fort Valley, GA",10605,3869,76,urban_cluster,small_urban,False
31060,"Fort Walton Beach--Navarre--Wright, FL",191917,109009,75,urbanized_area,small_urbanized,False
31087,"Fort Wayne, IN",313492,136775,75,urbanized_area,large_urbanized,True
31114,"Fostoria, OH",14694,6765,76,urban_cluster,small_urban,False
31150,"Four Corners, FL",35549,25928,76,urban_cluster,small_urban,False
31158,"Four Corners, MT",2527,1046,76,urban_cluster,rural,False
31168,"Fowlerville, MI",3794,1674,76,urban_cluster,rural,False
31195,"Frankenmuth, MI",4972,2397,76,urban_cluster,rural,False
31222,"Frankfort, IN",16684,6666,76,urban_cluster,small_urban,False
31249,"Frankfort, KY",35734,17372,76,urban_cluster,small_urban,False
31276,"Franklin, KY",9442,4155,76,urban_cluster,small_urban,False
31303,"Franklin, LA",14617,5925,76,urban_cluster,small_urban,False
31330,"Franklin, NH",9582,4292,76,urban_cluster,small_urban,False
31384,"Franklin, NC",6781,3709,76,urban_cluster,small_urban,False
31411,"Franklin (Venango County), PA",9581,4529,76,urban_cluster,small_urban,False
31438,"Franklin, VA",9209,4170,76,urban_cluster,small_urban,False
31450,"Franklin--Highland Lake, NJ",35436,15949,76,urban_cluster,small_urban,False
31465,"Franklinton, LA",3506,1540,76,urban_cluster,rural,False
31478,"Fraser, CO",2583,3796,76,urban_cluster,rural,False
31492,"Frazier Park, CA",3657,1806,76,urban_cluster,rural,False
31519,"Frederick, MD",141576,56122,75,urbanized_area,small_urbanized,False
31546,"Frederick, OK",3899,1956,76,urban_cluster,rural,False
31573,"Fredericksburg, TX",11511,5772,76,urban_cluster,small_urban,False
31600,"Fredericksburg, VA",141238,52950,75,urbanized_area,small_urbanized,False
31627,"Fredericktown, MO",4217,2038,76,urban_cluster,rural,False
31681,"Freeport, IL",25980,12578,76,urban_cluster,small_urban,False
31735,"Fremont, MI",4496,2184,76,urban_cluster,rural,False
31762,"Fremont, NE",27471,11897,76,urban_cluster,small_urban,False
31789,"Fremont, OH",23332,10532,76,urban_cluster,small_urban,False
31843,"Fresno, CA",654628,229285,75,urbanized_area,large_urbanized,True
31870,"Friona, TX",4106,1428,76,urban_cluster,rural,False
31897,"Fritch, TX",3968,1953,76,urban_cluster,rural,False
31924,"Front Royal, VA",18638,7728,76,urban_cluster,small_urban,False
31978,"Frostproof, FL",7626,3330,76,urban_cluster,small_urban,False
32032,"Fulton, KY--TN",4339,2274,76,urban_cluster,rural,False
32059,"Fulton, MS",3217,1197,76,urban_cluster,rural,False
32086,"Fulton, MO",12197,4336,76,urban_cluster,small_urban,False
32113,"Gadsden, AL",64172,29951,75,urbanized_area,small_urbanized,False
32140,"Gaffney, SC",20844,9205,76,urban_cluster,small_urban,False
32167,"Gainesville, FL",187781,85930,75,urbanized_area,small_urbanized,False
32194,"Gainesville, GA",130846,49063,75,urbanized_area,small_urbanized,False
32221,"Gainesville, TX",15746,6459,76,urban_cluster,small_urban,False
32248,"Galax, VA",6915,3244,76,urban_cluster,small_urban,False
32275,"Galena, IL",3165,1814,76,urban_cluster,rural,False
32302,"Galena, KS--MO",2673,1243,76,urban_cluster,rural,False
32329,"Galesburg, IL",36001,15930,76,urban_cluster,small_urban,False
32356,"Galion, OH",15966,7678,76,urban_cluster,small_urban,False
32383,"Galliano--Larose--Cut Off, LA",21437,8617,76,urban_cluster,small_urban,False
32437,"Gallup, NM",23114,8503,76,urban_cluster,small_urban,False
32451,"Galt, CA",24912,8095,76,urban_cluster,small_urban,False
32491,"Galveston, TX",44022,26559,76,urban_cluster,small_urban,False
32506,"Garapan--Dandan, MP",46203,17857,76,urban_cluster,small_urban,False
32518,"Garden City, KS",29942,10793,76,urban_cluster,small_urban,False
32572,"Gardnerville Ranchos, NV",20107,8897,76,urban_cluster,small_urban,False
32599,"Garner, IA",3115,1373,76,urban_cluster,rural,False
32626,"Garnett, KS",3336,1556,76,urban_cluster,rural,False
32637,"Garrettsville, OH",6150,2459,76,urban_cluster,small_urban,False
32653,"Gastonia, NC--SC",169495,73115,75,urbanized_area,small_urbanized,False
32707,"Gatesville, TX",15310,3074,76,urban_cluster,small_urban,False
32720,"Gautier, MS",3957,1631,76,urban_cluster,rural,False
32734,"Gaylord, MI",8298,4320,76,urban_cluster,small_urban,False
32761,"Geneseo, IL",6531,3021,76,urban_cluster,small_urban,False
32788,"Geneseo, NY",8329,2198,76,urban_cluster,small_urban,False
32815,"Geneva, AL",2654,1246,76,urban_cluster,rural,False
32842,"Geneva, NY",29990,13463,76,urban_cluster,small_urban,False
32850,"Geneva, OH",7660,3395,76,urban_cluster,small_urban,False
32869,"Genoa, IL",6413,2371,76,urban_cluster,small_urban,False
32896,"Genoa, OH",3118,1342,76,urban_cluster,rural,False
32950,"Georgetown, DE",9034,2337,76,urban_cluster,small_urban,False
32977,"Georgetown, KY",30764,12615,76,urban_cluster,small_urban,False
33004,"Georgetown, OH",3829,1688,76,urban_cluster,rural,False
33031,"Georgetown, SC",12320,5581,76,urban_cluster,small_urban,False
33166,"Gibson City, IL",3615,1658,76,urban_cluster,rural,False
33193,"Giddings, TX",5030,1843,76,urban_cluster,small_urban,False
33220,"Gillespie, IL",5377,2454,76,urban_cluster,small_urban,False
33247,"Gillette, WY",32721,13590,76,urban_cluster,small_urban,False
33274,"Gilman, IL",3010,1220,76,urban_cluster,rural,False
33301,"Gilmer, TX",4978,2188,76,urban_cluster,rural,False
33328,"Gilroy--Morgan Hill, CA",98413,31353,75,urbanized_area,small_urbanized,False
33355,"Girard, KS",2547,1165,76,urban_cluster,rural,False
33409,"Gladwin, MI",2934,1423,76,urban_cluster,rural,False
33436,"Glasgow, KY",13569,6492,76,urban_cluster,small_urban,False
33463,"Glasgow, MT",3301,1688,76,urban_cluster,rural,False
33490,"Glencoe, MN",5534,2372,76,urban_cluster,small_urban,False
33517,"Glendive, MT",6494,2943,76,urban_cluster,small_urban,False
33544,"Glennville, GA",3161,1534,76,urban_cluster,rural,False
33598,"Glens Falls, NY",65443,29640,75,urbanized_area,small_urbanized,False
33612,"Glenville, WV",3415,680,76,urban_cluster,rural,False
33625,"Glenwood, IA",6088,2391,76,urban_cluster,small_urban,False
33635,"Glenwood, MD",3721,1206,76,urban_cluster,rural,False
33652,"Glenwood Springs, CO",11581,4810,76,urban_cluster,small_urban,False
33679,"Globe, AZ",13515,6441,76,urban_cluster,small_urban,False
33695,"Gloucester Courthouse, VA",4177,1555,76,urban_cluster,rural,False
33706,"Glouster, OH",2643,1263,76,urban_cluster,rural,False
33733,"Gloversville, NY",29226,13504,76,urban_cluster,small_urban,False
33749,"Gold Beach, OR",2787,1671,76,urban_cluster,rural,False
33760,"Golden Beach, MD",4452,1590,76,urban_cluster,rural,False
33787,"Goldendale, WA",3329,1594,76,urban_cluster,rural,False
33798,"Golden Gate Estates, FL",3953,1393,76,urban_cluster,rural,False
33814,"Goldsboro, NC",61054,27061,75,urbanized_area,small_urbanized,False
33841,"Gonzales, CA",8174,1985,76,urban_cluster,small_urban,False
33868,"Gonzales, TX",6877,2645,76,urban_cluster,small_urban,False
33895,"Gooding, ID",3726,1588,76,urban_cluster,rural,False
33922,"Goodland, KS",4553,2408,76,urban_cluster,rural,False
33938,"Goodrich, MI",5860,2297,76,urban_cluster,small_urban,False
34003,"Gothenburg, NE",3515,1632,76,urban_cluster,rural,False
34030,"Gouverneur, NY",4146,1916,76,urban_cluster,rural,False
34057,"Gowanda, NY",6323,1714,76,urban_cluster,small_urban,False
34072,"Graceville, FL",4037,900,76,urban_cluster,rural,False
34084,"Grafton, ND",4219,1956,76,urban_cluster,rural,False
34111,"Grafton, WV",5923,2654,76,urban_cluster,small_urban,False
34138,"Graham, TX",9041,3938,76,urban_cluster,small_urban,False
34151,"Gramercy--Lutcher, LA",15279,5827,76,urban_cluster,small_urban,False
34165,"Granbury, TX",28250,14241,76,urban_cluster,small_urban,False
34192,"Grand Bay, AL",4127,1599,76,urban_cluster,rural,False
34219,"Grand Forks, ND--MN",61270,27032,75,urbanized_area,small_urbanized,False
34229,"Grand Forks AFB, ND",2697,989,76,urban_cluster,rural,False
34246,"Grand Island, NE",50440,20091,75,urbanized_area,small_urbanized,False
34273,"Grand Junction, CO",128124,54388,75,urbanized_area,small_urbanized,False
34300,"Grand Rapids, MI",569935,232212,75,urbanized_area,large_urbanized,True
34327,"Grand Rapids, MN",9285,4293,76,urban_cluster,small_urban,False
34354,"Grand Saline, TX",3236,1280,76,urban_cluster,rural,False
34381,"Grandview, WA",18407,5796,76,urban_cluster,small_urban,False
34397,"Granger, WA",3048,756,76,urban_cluster,rural,False
34408,"Grangerland, TX",5756,1882,76,urban_cluster,small_urban,False
34435,"Grangeville, ID",3150,1531,76,urban_cluster,rural,False
34462,"Granite Falls, MN",2842,1387,76,urban_cluster,rural,False
34470,"Granite Falls, WA",6129,2517,76,urban_cluster,small_urban,False
34478,"Granite Shoals, TX",5573,2916,76,urban_cluster,small_urban,False
34489,"Grants, NM",12152,4528,76,urban_cluster,small_urban,False
34516,"Grants Pass, OR",50520,23257,75,urbanized_area,small_urbanized,False
34543,"Grantsville, UT",6673,2214,76,urban_cluster,small_urban,False
34554,"Grantville, GA",2571,984,76,urban_cluster,rural,False
34570,"Granville, NY--VT",2762,1248,76,urban_cluster,rural,False
34597,"Grass Valley, CA",34308,16599,76,urban_cluster,small_urban,False
34613,"Gray, GA",4566,1701,76,urban_cluster,rural,False
34624,"Grayling, MI",3858,1775,76,urban_cluster,rural,False
34651,"Grayson, KY",5716,2371,76,urban_cluster,small_urban,False
34678,"Great Barrington, MA",4571,2301,76,urban_cluster,rural,False
34705,"Great Bend, KS",16177,7199,76,urban_cluster,small_urban,False
34759,"Great Falls, MT",65207,29435,75,urbanized_area,small_urbanized,False
34786,"Greeley, CO",117825,45555,75,urbanized_area,small_urbanized,False
34813,"Green Bay, WI",206520,88146,75,urbanized_area,large_urbanized,False
34826,"Greenbrier, AR",4069,1565,76,urban_cluster,rural,False
34840,"Greencastle, IN",10625,3844,76,urban_cluster,small_urban,False
34894,"Greeneville, TN",23957,10983,76,urban_cluster,small_urban,False
34921,"Greenfield, CA",16451,3783,76,urban_cluster,small_urban,False
34975,"Greenfield, MA",22965,10890,76,urban_cluster,small_urban,False
35002,"Greenfield, OH",5100,2339,76,urban_cluster,small_urban,False
35029,"Green Forest, AR",2656,1060,76,urban_cluster,rural,False
35083,"Green River, WY",12672,5065,76,urban_cluster,small_urban,False
35137,"Greensboro, GA",2759,1167,76,urban_cluster,rural,False
35164,"Greensboro, NC",311810,140442,75,urbanized_area,large_urbanized,True
35191,"Greensburg, IN",11560,5210,76,urban_cluster,small_urban,False
35218,"Greentown, IN",3219,1408,76,urban_cluster,rural,False
35272,"Greenville, AL",6026,2768,76,urban_cluster,small_urban,False
35299,"Greenville, IL",6976,2323,76,urban_cluster,small_urban,False
35326,"Greenville, MI",9743,4271,76,urban_cluster,small_urban,False
35353,"Greenville, MS",35025,14821,76,urban_cluster,small_urban,False
35380,"Greenville, NC",117798,53845,75,urbanized_area,small_urbanized,False
35407,"Greenville, OH",13337,6574,76,urban_cluster,small_urban,False
35434,"Greenville, PA",10771,4661,76,urban_cluster,small_urban,False
35461,"Greenville, SC",400492,175798,75,urbanized_area,large_urbanized,True
35488,"Greenville, TX",23283,9813,76,urban_cluster,small_urban,False
35515,"Greenwich, NY",2551,1190,76,urban_cluster,rural,False
35542,"Greenwood, AR",8619,3440,76,urban_cluster,small_urban,False
35569,"Greenwood, MS",22380,9101,76,urban_cluster,small_urban,False
35596,"Greenwood, SC",42103,18610,76,urban_cluster,small_urban,False
35623,"Grenada, MS",10481,4890,76,urban_cluster,small_urban,False
35677,"Gridley, CA",8393,3043,76,urban_cluster,small_urban,False
35690,"Grifton, NC",3688,1588,76,urban_cluster,rural,False
35704,"Grinnell, IA",9080,3796,76,urban_cluster,small_urban,False
35716,"Grissom AFB, IN",6359,1596,76,urban_cluster,small_urban,False
35731,"Groesbeck, TX",3948,1319,76,urban_cluster,rural,False
35758,"Grottoes, VA",4075,1712,76,urban_cluster,rural,False
35785,"Grove, OK",7158,4032,76,urban_cluster,small_urban,False
35812,"Grove City, PA",11886,4076,76,urban_cluster,small_urban,False
35839,"Guadalupe, CA",7080,1887,76,urban_cluster,small_urban,False
35866,"Guayama, PR",80155,35613,75,urbanized_area,small_urbanized,False
35893,"Guerneville, CA",4805,3597,76,urban_cluster,rural,False
35920,"Gulfport, MS",208948,97318,75,urbanized_area,large_urbanized,False
35974,"Gun Barrel City, TX",14884,8348,76,urban_cluster,small_urban,False
35987,"Gun Lake, MI",2660,1843,76,urban_cluster,rural,False
36001,"Gunnison, CO",6343,2974,76,urban_cluster,small_urban,False
36028,"Gunnison, UT",4157,901,76,urban_cluster,rural,False
36055,"Gustine, CA",5521,2083,76,urban_cluster,small_urban,False
36082,"Guthrie, OK",8191,3711,76,urban_cluster,small_urban,False
36109,"Guymon, OK",11338,4233,76,urban_cluster,small_urban,False
36136,"Gypsum, CO",5963,2017,76,urban_cluster,small_urban,False
36190,"Hagerstown, MD--WV--PA",182696,77100,75,urbanized_area,small_urbanized,False
36217,"Hailey, ID",10453,4536,76,urban_cluster,small_urban,False
36231,"Haleiwa--Waialua--Pupukea, HI",13770,5308,76,urban_cluster,small_urban,False
36244,"Haleyville, AL",3922,1950,76,urban_cluster,rural,False
36271,"Half Moon Bay, CA",20713,7987,76,urban_cluster,small_urban,False
36298,"Halls, TN",2735,1241,76,urban_cluster,rural,False
36325,"Hallsville, TX",3658,1381,76,urban_cluster,rural,False
36352,"Hamburg, AR",2724,1156,76,urban_cluster,rural,False
36396,"Hamilton, AL",3207,1511,76,urban_cluster,rural,False
36406,"Hamilton, MT",6182,3352,76,urban_cluster,small_urban,False
36433,"Hamilton, NY",4427,1119,76,urban_cluster,rural,False
36460,"Hamilton, TX",3034,1432,76,urban_cluster,rural,False
36514,"Hammond, LA",67629,27712,75,urbanized_area,small_urbanized,False
36541,"Hammonton, NJ",13152,5095,76,urban_cluster,small_urban,False
36568,"Hampshire, IL",4619,1705,76,urban_cluster,rural,False
36585,"Hampstead, NC",10716,4926,76,urban_cluster,small_urban,False
36622,"Hampton, IA",4246,1848,76,urban_cluster,rural,False
36649,"Hampton, SC",4540,2085,76,urban_cluster,rural,False
36676,"Hanceville, AL",2948,1417,76,urban_cluster,rural,False
36703,"Hanford, CA",87941,30114,75,urbanized_area,small_urbanized,False
36730,"Hannibal, MO",18472,8267,76,urban_cluster,small_urban,False
36784,"Hanover, PA",66301,27104,75,urbanized_area,small_urbanized,False
36798,"Hardeeville, SC",2957,1081,76,urban_cluster,rural,False
36811,"Hardin, MT",3614,1440,76,urban_cluster,rural,False
36823,"Hardyston Township West, NJ",2550,1131,76,urban_cluster,rural,False
36838,"Harlan, IA",4934,2337,76,urban_cluster,rural,False
36865,"Harlan, KY",7065,3279,76,urban_cluster,small_urban,False
36878,"Harlem, GA",2705,1135,76,urban_cluster,rural,False
36892,"Harlingen, TX",135663,49476,75,urbanized_area,small_urbanized,False
36919,"Harrah, OK",3904,1617,76,urban_cluster,rural,False
36946,"Harriman--Kingston--Rockwood, TN",23515,11139,76,urban_cluster,small_urban,False
36973,"Harrington, DE",4448,1911,76,urban_cluster,rural,False
37000,"Harrisburg, IL",9463,4404,76,urban_cluster,small_urban,False
37054,"Harrisburg, OR",3637,1351,76,urban_cluster,rural,False
37081,"Harrisburg, PA",444474,196644,75,urbanized_area,large_urbanized,True
37091,"Harrisburg, SD",3071,1152,76,urban_cluster,rural,False
37108,"Harrison, AR",13950,6487,76,urban_cluster,small_urban,False
37135,"Harrison, MI",3589,2362,76,urban_cluster,rural,False
37145,"Harrison, OH--IN",12910,5498,76,urban_cluster,small_urban,False
37162,"Harrisonburg, VA",66784,24517,75,urbanized_area,small_urbanized,False
37189,"Harrisonville, MO",9358,3840,76,urban_cluster,small_urban,False
37216,"Harrodsburg, KY",8715,4149,76,urban_cluster,small_urban,False
37232,"Hart, MI",2556,1046,76,urban_cluster,rural,False
37243,"Hartford, CT",924859,388538,75,urbanized_area,large_urbanized,True
37324,"Hartford City, IN",6160,3063,76,urban_cluster,small_urban,False
37378,"Hartshorne, OK",2539,1196,76,urban_cluster,rural,False
37405,"Hartsville, SC",15125,6931,76,urban_cluster,small_urban,False
37432,"Hartwell, GA",5884,2748,76,urban_cluster,small_urban,False
37459,"Harvard, IL",9940,3515,76,urban_cluster,small_urban,False
37486,"Haskell, TX",3090,1319,76,urban_cluster,rural,False
37513,"Hastings, MI",7713,3454,76,urban_cluster,small_urban,False
37540,"Hastings, MN",22328,9318,76,urban_cluster,small_urban,False
37567,"Hastings, NE",24312,10583,76,urban_cluster,small_urban,False
37594,"Hattiesburg, MS",80358,35693,75,urbanized_area,small_urbanized,False
37621,"Havana, FL",2771,1240,76,urban_cluster,rural,False
37648,"Havana, IL",3302,1538,76,urban_cluster,rural,False
37675,"Havelock, NC",21596,7194,76,urban_cluster,small_urban,False
37702,"Havre, MT",9657,4452,76,urban_cluster,small_urban,False
37716,"Hawaiian Paradise Park, HI",20503,8062,76,urban_cluster,small_urban,False
37729,"Hawkinsville, GA",3999,1906,76,urban_cluster,rural,False
37756,"Hawthorne, NV",3249,1863,76,urban_cluster,rural,False
37783,"Hays, KS",21180,9598,76,urban_cluster,small_urban,False
37810,"Hayti, MO",3489,1583,76,urban_cluster,rural,False
37823,"Hayward, WI",2616,1373,76,urban_cluster,rural,False
37837,"Hazard, KY",7444,3434,76,urban_cluster,small_urban,False
37864,"Hazel Green, AL",3207,1196,76,urban_cluster,rural,False
37891,"Hazlehurst, GA",4594,2004,76,urban_cluster,rural,False
37918,"Hazlehurst, MS",4868,1882,76,urban_cluster,rural,False
37945,"Hazleton, PA",56827,25625,75,urbanized_area,small_urbanized,False
37959,"Headland, AL",3240,1415,76,urban_cluster,rural,False
37972,"Hearne, TX",4346,1807,76,urban_cluster,rural,False
37999,"Heavener, OK",3760,1333,76,urban_cluster,rural,False
38026,"Hebbronville, TX",4378,1897,76,urban_cluster,rural,False
38053,"Heber, UT",17212,6165,76,urban_cluster,small_urban,False
38080,"Heber Springs, AR",6357,3034,76,urban_cluster,small_urban,False
38134,"Hebron, IN",3535,1455,76,urban_cluster,rural,False
38161,"Helena, MT",45055,20245,76,urban_cluster,small_urban,False
38172,"Helena-West Helena, AR",11321,5163,76,urban_cluster,small_urban,False
38215,"Hemet, CA",163379,65638,75,urbanized_area,small_urbanized,False
38242,"Hempstead, TX",5600,2126,76,urban_cluster,small_urban,False
38269,"Henderson, NC",20858,9227,76,urban_cluster,small_urban,False
38296,"Henderson, TN",6027,2148,76,urban_cluster,small_urban,False
38323,"Henderson, TX",15187,4634,76,urban_cluster,small_urban,False
38350,"Henrietta, TX",2731,1260,76,urban_cluster,rural,False
38404,"Henryetta, OK",6562,3089,76,urban_cluster,small_urban,False
38431,"Hereford, TX",15941,5665,76,urban_cluster,small_urban,False
38445,"Heritage Lake, IN",2737,1256,76,urban_cluster,rural,False
38485,"Hermiston, OR",27790,10250,76,urban_cluster,small_urban,False
38566,"Hesston, KS",3306,1284,76,urban_cluster,rural,False
38580,"Heyworth, IL",3016,1128,76,urban_cluster,rural,False
38593,"Hiawatha, KS",3145,1582,76,urban_cluster,rural,False
38620,"Hibbing, MN",11616,6004,76,urban_cluster,small_urban,False
38647,"Hickory, NC",212195,93405,75,urbanized_area,large_urbanized,False
38674,"Hicksville, OH",3613,1586,76,urban_cluster,rural,False
38713,"Hidden Valley Lake, CA",4647,2171,76,urban_cluster,rural,False
38728,"Higginsville, MO",4621,2177,76,urban_cluster,rural,False
38755,"Highland, IL",11525,4856,76,urban_cluster,small_urban,False
38794,"Highland Oaks, TX",2855,879,76,urban_cluster,rural,False
38809,"High Point, NC",166485,73724,75,urbanized_area,small_urbanized,False
38823,"High Springs, FL",3022,1374,76,urban_cluster,rural,False
38863,"Hillsboro, IL",7261,2496,76,urban_cluster,small_urban,False
38890,"Hillsboro, KS",2815,1111,76,urban_cluster,rural,False
38903,"Hillsboro, MO",2674,925,76,urban_cluster,rural,False
38917,"Hillsboro, OH",6668,3196,76,urban_cluster,small_urban,False
38944,"Hillsboro, TX",8328,3363,76,urban_cluster,small_urban,False
38971,"Hillsborough, NH",3884,1801,76,urban_cluster,rural,False
38998,"Hillsdale, MI",11646,4893,76,urban_cluster,small_urban,False
39025,"Hilmar-Irwin, CA",4852,1714,76,urban_cluster,rural,False
39052,"Hilo, HI",43925,17091,76,urban_cluster,small_urban,False
39079,"Hilton Head Island, SC",68998,47033,75,urbanized_area,small_urbanized,False
39133,"Hinesville, GA",51456,20957,75,urbanized_area,small_urbanized,False
39160,"Hinton, WV",2635,1556,76,urban_cluster,rural,False
39187,"Hobart, OK",3622,1856,76,urban_cluster,rural,False
39214,"Hobbs, NM",36696,14254,76,urban_cluster,small_urban,False
39241,"Hodgenville, KY",3413,1464,76,urban_cluster,rural,False
39268,"Hohenwald, TN",3625,1641,76,urban_cluster,rural,False
39295,"Hoisington, KS",2709,1365,76,urban_cluster,rural,False
39322,"Holbrook, AZ",3800,1530,76,urban_cluster,rural,False
39349,"Holden Beach, NC",3136,3422,76,urban_cluster,rural,False
39376,"Holdenville, OK",5768,2191,76,urban_cluster,small_urban,False
39403,"Holdrege, NE",5340,2529,76,urban_cluster,small_urban,False
39416,"Holiday Shores, IL",2804,1102,76,urban_cluster,rural,False
39430,"Holland, MI",99941,39678,75,urbanized_area,small_urbanized,False
39457,"Hollandale, MS",2612,1044,76,urban_cluster,rural,False
39511,"Hollister, CA",42002,12938,76,urban_cluster,small_urban,False
39524,"Holloman AFB, NM",3054,1006,76,urban_cluster,rural,False
39538,"Holly, MI",8229,3533,76,urban_cluster,small_urban,False
39565,"Holly Springs, MS",6160,2086,76,urban_cluster,small_urban,False
39592,"Holton, KS",3245,1607,76,urban_cluster,rural,False
39619,"Holtville, CA",6876,2254,76,urban_cluster,small_urban,False
39646,"Homedale, ID",2731,1007,76,urban_cluster,rural,False
39673,"Homer, LA",3034,1519,76,urban_cluster,rural,False
39700,"Homerville, GA",2690,1203,76,urban_cluster,rural,False
39712,"Homesteads Addition, TX",6372,2031,76,urban_cluster,small_urban,False
39727,"Hominy, OK",3493,1134,76,urban_cluster,rural,False
39758,"Homosassa Springs--Beverly Hills--Citrus Springs, FL",80962,43828,75,urbanized_area,small_urbanized,False
39781,"Hondo, TX",6427,2431,76,urban_cluster,small_urban,False
39808,"Honea Path, SC",3505,1773,76,urban_cluster,rural,False
39821,"Honeoye Falls, NY",5270,2279,76,urban_cluster,small_urban,False
39835,"Honesdale, PA",5849,3008,76,urban_cluster,small_urban,False
39862,"Honokaa, HI",2667,972,76,urban_cluster,rural,False
39916,"Hood River, OR--WA",14653,6675,76,urban_cluster,small_urban,False
39943,"Hooks, TX",2977,1368,76,urban_cluster,rural,False
39970,"Hoopeston, IL",5116,2418,76,urban_cluster,small_urban,False
39997,"Hoosick Falls, NY",3592,1654,76,urban_cluster,rural,False
40024,"Hope, AR",9991,4231,76,urban_cluster,small_urban,False
40078,"Hopkinsville, KY",32491,14749,76,urban_cluster,small_urban,False
40105,"Horicon, WI",3493,1561,76,urban_cluster,rural,False
40132,"Hornell, NY",10997,5206,76,urban_cluster,small_urban,False
40186,"Horse Cave, KY",4251,2071,76,urban_cluster,rural,False
40189,"Horseshoe Bay, TX",3134,2481,76,urban_cluster,rural,False
40213,"Hot Springs, AR",55121,29811,75,urbanized_area,small_urbanized,False
40240,"Hot Springs, SD",3550,1833,76,urban_cluster,rural,False
40267,"Hot Springs Village, AR",9144,5887,76,urban_cluster,small_urban,False
40294,"Houghton, MI",15452,6182,76,urban_cluster,small_urban,False
40321,"Houghton Lake, MI",8300,8602,76,urban_cluster,small_urban,False
40348,"Houlton, ME",4128,1946,76,urban_cluster,rural,False
40375,"Houma, LA",144875,57106,75,urbanized_area,small_urbanized,False
40402,"Houston, MS",2557,1109,76,urban_cluster,rural,False
40429,"Houston, TX",4944332,1895670,75,urbanized_area,major_urbanized,True
40456,"Houtzdale, PA",4081,904,76,urban_cluster,rural,False
40537,"Hudson, NY",11512,5487,76,urban_cluster,small_urban,False
40547,"Hudson, WI--MN",22395,9484,76,urban_cluster,small_urban,False
40564,"Hugo, OK",5028,2478,76,urban_cluster,small_urban,False
40591,"Hugoton, KS",3936,1568,76,urban_cluster,rural,False
40618,"Humboldt, IA",5243,2512,76,urban_cluster,small_urban,False
40645,"Humboldt, TN",8769,4059,76,urban_cluster,small_urban,False
40672,"Huntingburg, IN",5501,2276,76,urban_cluster,small_urban,False
40699,"Huntingdon, PA",11385,3445,76,urban_cluster,small_urban,False
40726,"Huntington, IN",18207,7819,76,urban_cluster,small_urban,False
40753,"Huntington, WV--KY--OH",202637,93828,75,urbanized_area,large_urbanized,False
40780,"Huntsville, AL",286692,125102,75,urbanized_area,large_urbanized,True
40807,"Huntsville, TX",36928,12150,76,urban_cluster,small_urban,False
40834,"Huron, CA",6754,1601,76,urban_cluster,small_urban,False
40861,"Huron, SD",12637,6038,76,urban_cluster,small_urban,False
40888,"Hurricane, UT",16336,6066,76,urban_cluster,small_urban,False
40915,"Hutchinson, KS",44320,19668,76,urban_cluster,small_urban,False
40942,"Hutchinson, MN",14054,6346,76,urban_cluster,small_urban,False
40955,"Huxley, IA",4094,1640,76,urban_cluster,rural,False
40969,"Idabel, OK",5940,2724,76,urban_cluster,small_urban,False
40996,"Idaho Falls, ID",90733,34327,75,urbanized_area,small_urbanized,False
41023,"Ilion--Herkimer, NY",24792,11199,76,urban_cluster,small_urban,False
41050,"Imlay City, MI",3792,1674,76,urban_cluster,rural,False
41077,"Immokalee, FL",23160,6542,76,urban_cluster,small_urban,False
41100,"Incline Village, NV--CA",13022,11077,76,urban_cluster,small_urban,False
41131,"Independence, IA",5743,2583,76,urban_cluster,small_urban,False
41158,"Independence, KS",9959,4649,76,urban_cluster,small_urban,False
41185,"Indiana, PA",28807,11852,76,urban_cluster,small_urban,False
41212,"Indianapolis, IN",1487483,645769,75,urbanized_area,major_urbanized,True
41239,"Indianola, IA",14281,5642,76,urban_cluster,small_urban,False
41266,"Indianola, MS",10408,3819,76,urban_cluster,small_urban,False
41293,"Indianola, WA",7938,3696,76,urban_cluster,small_urban,False
41320,"Indiantown, FL",6503,1843,76,urban_cluster,small_urban,False
41347,"Indio--Cathedral City, CA",345580,184888,75,urbanized_area,large_urbanized,True
41360,"Ingleside--Aransas Pass, TX",16522,7462,76,urban_cluster,small_urban,False
41374,"Interlachen, FL",5805,2896,76,urban_cluster,small_urban,False
41401,"International Falls, MN",7055,3577,76,urban_cluster,small_urban,False
41482,"Iola, KS",5729,2610,76,urban_cluster,small_urban,False
41509,"Ione, CA",7820,1575,76,urban_cluster,small_urban,False
41536,"Ionia, MI",14409,4212,76,urban_cluster,small_urban,False
41563,"Iowa, LA",3252,1281,76,urban_cluster,rural,False
41590,"Iowa City, IA",106621,46233,75,urbanized_area,small_urbanized,False
41617,"Iowa Falls, IA",5070,2382,76,urban_cluster,small_urban,False
41644,"Iowa Park, TX",6285,2755,76,urban_cluster,small_urban,False
41671,"Iron Mountain--Kingsford, MI--WI",19228,9456,76,urban_cluster,small_urban,False
41698,"Iron River, MI",3208,1908,76,urban_cluster,rural,False
41725,"Ironton, MO",2673,1382,76,urban_cluster,rural,False
41752,"Ironwood, MI--WI",7134,4352,76,urban_cluster,small_urban,False
41779,"Irrigon, OR",2686,955,76,urban_cluster,rural,False
41806,"Irvine, KY",3503,1751,76,urban_cluster,rural,False
41833,"Ishpeming, MI",12301,5672,76,urban_cluster,small_urban,False
41914,"Ithaca, NY",53661,20424,75,urbanized_area,small_urbanized,False
41941,"Itta Bena, MS",4223,1299,76,urban_cluster,rural,False
41995,"Jacksboro, TX",4231,1422,76,urban_cluster,rural,False
42022,"Jackson, AL",2920,1388,76,urban_cluster,rural,False
42049,"Jackson, CA",7255,3717,76,urban_cluster,small_urban,False
42076,"Jackson, GA",5218,2222,76,urban_cluster,small_urban,False
42103,"Jackson, KY",2567,1231,76,urban_cluster,rural,False
42157,"Jackson, MI",90057,38548,75,urbanized_area,small_urbanized,False
42184,"Jackson, MN",3169,1571,76,urban_cluster,rural,False
42211,"Jackson, MS",351478,147542,75,urbanized_area,large_urbanized,True
42265,"Jackson, TN",71880,30554,75,urbanized_area,small_urbanized,False
42319,"Jackson, WY",11407,5507,76,urban_cluster,small_urban,False
42346,"Jacksonville, FL",1065219,467634,75,urbanized_area,major_urbanized,True
42373,"Jacksonville, IL",22669,9723,76,urban_cluster,small_urban,False
42400,"Jacksonville, NC",105419,35093,75,urbanized_area,small_urbanized,False
42427,"Jacksonville, TX",14075,5406,76,urban_cluster,small_urban,False
42439,"Jackson--Wellston, OH",11768,5510,76,urban_cluster,small_urban,False
42454,"Jaffrey, NH",3003,1447,76,urban_cluster,rural,False
42481,"Jamestown, NY",43404,21544,76,urban_cluster,small_urban,False
42508,"Jamestown, ND",15284,6920,76,urban_cluster,small_urban,False
42535,"Jamestown, OH",3769,1593,76,urban_cluster,rural,False
42562,"Janesville, WI",69658,30539,75,urbanized_area,small_urbanized,False
42616,"Jasper, AL",14156,6318,76,urban_cluster,small_urban,False
42643,"Jasper, FL",5404,1220,76,urban_cluster,small_urban,False
42670,"Jasper, GA",5909,2545,76,urban_cluster,small_urban,False
42697,"Jasper, IN",15759,6669,76,urban_cluster,small_urban,False
42724,"Jasper, TN",3281,1482,76,urban_cluster,rural,False
42751,"Jasper, TX",7790,3526,76,urban_cluster,small_urban,False
42778,"Jayuya, PR",11300,4436,76,urban_cluster,small_urban,False
42805,"Jeanerette, LA",6680,2703,76,urban_cluster,small_urban,False
42832,"Jean Lafitte, LA",2700,1115,76,urban_cluster,rural,False
42849,"Jefferson, GA",10443,3923,76,urban_cluster,small_urban,False
42859,"Jefferson, IA",3906,1895,76,urban_cluster,rural,False
42870,"Jefferson, NC",4129,2072,76,urban_cluster,rural,False
42913,"Jefferson, OH",3205,1438,76,urban_cluster,rural,False
42967,"Jefferson City, MO",58533,25396,75,urbanized_area,small_urbanized,False
42978,"Jefferson Township North, NJ",13714,5233,76,urban_cluster,small_urban,False
42994,"Jena, LA",3992,1611,76,urban_cluster,rural,False
43021,"Jennings, LA",9869,4204,76,urban_cluster,small_urban,False
43048,"Jerome, ID",10892,3985,76,urban_cluster,small_urban,False
43064,"Jersey Shore, PA",9606,4071,76,urban_cluster,small_urban,False
43075,"Jerseyville, IL",8989,3947,76,urban_cluster,small_urban,False
43102,"Jesup, GA",12660,4702,76,urban_cluster,small_urban,False
43115,"Jewett City, CT",10119,4425,76,urban_cluster,small_urban,False
43129,"Jim Thorpe, PA",5594,2729,76,urban_cluster,small_urban,False
43210,"Johnson City, TN",120415,56911,75,urbanized_area,small_urbanized,False
43217,"Johnson Creek, WI",2702,1106,76,urban_cluster,rural,False
43227,"Johnson Lane, NV",5337,2164,76,urban_cluster,small_urban,False
43237,"Johnston City, IL",3621,1727,76,urban_cluster,rural,False
43253,"Johnstown, CO",13693,4776,76,urban_cluster,small_urban,False
43264,"Johnstown, OH",4523,1943,76,urban_cluster,rural,False
43291,"Johnstown, PA",69014,34413,75,urbanized_area,small_urbanized,False
43345,"Jonesboro, AR",65419,27590,75,urbanized_area,small_urbanized,False
43372,"Jonesboro, LA",5609,2357,76,urban_cluster,small_urban,False
43383,"Jones Creek, TX",3182,861,76,urban_cluster,rural,False
43399,"Joplin, MO",82775,36800,75,urbanized_area,small_urbanized,False
43426,"Jordan, MN",5207,1857,76,urban_cluster,small_urban,False
43453,"Juana Díaz, PR",80928,30995,75,urbanized_area,small_urbanized,False
43480,"Junction, TX",2566,1266,76,urban_cluster,rural,False
43507,"Junction City, KS",38787,14653,76,urban_cluster,small_urban,False
43534,"Junction City, OR",5966,2586,76,urban_cluster,small_urban,False
43561,"Juneau, AK",24537,10333,76,urban_cluster,small_urban,False
43571,"Juneau, WI",2736,892,76,urban_cluster,rural,False
43595,"Jupiter Farms, FL",10962,4030,76,urban_cluster,small_urban,False
43604,"Justin, TX",2986,1097,76,urban_cluster,rural,False
43615,"Kahului, HI",55934,18458,75,urbanized_area,small_urbanized,False
43642,"Kailua (Hawaii County)--Holualoa, HI",28850,14269,76,urban_cluster,small_urban,False
43669,"Kailua (Honolulu County)--Kaneohe, HI",113682,36414,75,urbanized_area,small_urbanized,False
43696,"Kalaheo, HI",14840,5865,76,urban_cluster,small_urban,False
43711,"Kalama, WA",3310,1452,76,urban_cluster,rural,False
43723,"Kalamazoo, MI",209703,93137,75,urbanized_area,large_urbanized,False
43777,"Kalispell, MT",31785,14293,76,urban_cluster,small_urban,False
43804,"Kalkaska, MI",2668,1297,76,urban_cluster,rural,False
43818,"Kamas, UT",2645,974,76,urban_cluster,rural,False
43831,"Kanab, UT",3212,1460,76,urban_cluster,rural,False
43858,"Kane, PA",3770,1912,76,urban_cluster,rural,False
43885,"Kankakee, IL",81926,31958,75,urbanized_area,small_urbanized,False
43912,"Kansas City, MO--KS",1519417,671028,75,urbanized_area,major_urbanized,True
43939,"Kapaa, HI",19063,8104,76,urban_cluster,small_urban,False
43966,"Kapaau, HI",3597,1263,76,urban_cluster,rural,False
43993,"Kaplan, LA",4826,2256,76,urban_cluster,rural,False
44020,"Karnes City, TX",3015,1112,76,urban_cluster,rural,False
44047,"Kasson, MN",7048,2748,76,urban_cluster,small_urban,False
44074,"Kaufman, TX",6268,2276,76,urban_cluster,small_urban,False
44128,"Kayenta, AZ",4688,1399,76,urban_cluster,rural,False
44155,"Kearney, MO",7368,2787,76,urban_cluster,small_urban,False
44182,"Kearney, NE",31287,12868,76,urban_cluster,small_urban,False
44209,"Keene, NH",22510,9528,76,urban_cluster,small_urban,False
44236,"Kekaha, HI",5313,1994,76,urban_cluster,small_urban,False
44263,"Kellogg, ID",3091,1725,76,urban_cluster,rural,False
44290,"Kelseyville, CA",3277,1284,76,urban_cluster,rural,False
44317,"Kemmerer, WY",3127,1526,76,urban_cluster,rural,False
44344,"Kenai, AK",4921,2058,76,urban_cluster,rural,False
44371,"Kendallville, IN",10399,4615,76,urban_cluster,small_urban,False
44398,"Kenedy, TX",6118,1455,76,urban_cluster,small_urban,False
44425,"Kennebunk, ME",8240,5379,76,urban_cluster,small_urban,False
44452,"Kennett, MO",11241,4989,76,urban_cluster,small_urban,False
44479,"Kennewick--Pasco, WA",210975,78723,75,urbanized_area,large_urbanized,False
44506,"Kenosha, WI--IL",124064,50484,75,urbanized_area,small_urbanized,False
44533,"Kenton, OH",8360,3829,76,urban_cluster,small_urban,False
44560,"Keokuk, IA--IL",13411,6229,76,urban_cluster,small_urban,False
44587,"Kerman, CA",13487,3895,76,urban_cluster,small_urban,False
44614,"Kermit, TX",5821,2498,76,urban_cluster,small_urban,False
44641,"Kerrville, TX",28810,13393,76,urban_cluster,small_urban,False
44668,"Ketchikan, AK",10352,4682,76,urban_cluster,small_urban,False
44695,"Ketchum, ID",3919,4180,76,urban_cluster,rural,False
44722,"Kewanee, IL",12857,5858,76,urban_cluster,small_urban,False
44738,"Kewaunee, WI",2622,1287,76,urban_cluster,rural,False
44789,"Key Largo, FL",18121,15476,76,urban_cluster,small_urban,False
44803,"Keyser, WV--MD",7040,3248,76,urban_cluster,small_urban,False
44830,"Keystone Heights, FL",6544,3043,76,urban_cluster,small_urban,False
44857,"Key West, FL",32095,17580,76,urban_cluster,small_urban,False
44884,"Kiel--New Holstein, WI",6912,3185,76,urban_cluster,small_urban,False
44911,"Kihei, HI",25819,17072,76,urban_cluster,small_urban,False
44925,"Kilauea, HI",2611,959,76,urban_cluster,rural,False
44938,"Kilgore, TX",15957,6352,76,urban_cluster,small_urban,False
44965,"Kill Devil Hills, NC",19095,21576,76,urban_cluster,small_urban,False
44992,"Killeen, TX",217630,84291,75,urbanized_area,large_urbanized,False
45032,"Kimberling City, MO",3172,2054,76,urban_cluster,rural,False
45073,"King City, CA",14529,3746,76,urban_cluster,small_urban,False
45100,"Kingfisher, OK",4144,1829,76,urban_cluster,rural,False
45112,"King George, VA",3303,1172,76,urban_cluster,rural,False
45127,"Kingman, AZ",42107,19489,76,urban_cluster,small_urban,False
45154,"Kingman, KS",2978,1450,76,urban_cluster,rural,False
45181,"Kingsland, TX",6433,4062,76,urban_cluster,small_urban,False
45235,"Kingsport, TN--VA",106571,50388,75,urbanized_area,small_urbanized,False
45262,"Kingston, NY",57442,26331,75,urbanized_area,small_urbanized,False
45289,"Kingstree, SC",6095,2817,76,urban_cluster,small_urban,False
45316,"Kingsville, TX",26011,10269,76,urban_cluster,small_urban,False
45343,"Kingwood, WV",3201,1521,76,urban_cluster,rural,False
45370,"Kinross, MI",6555,970,76,urban_cluster,small_urban,False
45397,"Kinston, NC",29083,14077,76,urban_cluster,small_urban,False
45424,"Kirksville, MO",15914,6717,76,urban_cluster,small_urban,False
45436,"Kirtland, NM",8200,2733,76,urban_cluster,small_urban,False
45451,"Kissimmee, FL",314071,132020,75,urbanized_area,large_urbanized,True
45478,"Kittanning--Ford City, PA",14072,7145,76,urban_cluster,small_urban,False
45505,"Klamath Falls--Altamont, OR",41434,18684,76,urban_cluster,small_urban,False
45532,"Knightstown, IN",2923,1334,76,urban_cluster,rural,False
45586,"Knox, IN",3309,1459,76,urban_cluster,rural,False
45613,"Knoxville, IA",7346,3532,76,urban_cluster,small_urban,False
45640,"Knoxville, TN",558696,252162,75,urbanized_area,large_urbanized,True
45667,"Kodiak, AK",9335,3358,76,urban_cluster,small_urban,False
45694,"Kokomo, IN",62182,30117,75,urbanized_area,small_urbanized,False
45721,"Kosciusko, MS",6983,2991,76,urban_cluster,small_urban,False
45748,"Kotzebue, AK",3200,1109,76,urban_cluster,rural,False
45761,"Krum, TX",4173,1595,76,urban_cluster,rural,False
45775,"Kuna, ID",15234,5113,76,urban_cluster,small_urban,False
45802,"Kutztown, PA",10002,2612,76,urban_cluster,small_urban,False
45829,"LaBelle--Port LaBelle, FL",12054,4485,76,urban_cluster,small_urban,False
45844,"La Center, WA",2759,966,76,urban_cluster,rural,False
45856,"Laconia, NH",18636,10112,76,urban_cluster,small_urban,False
45883,"La Conner, WA",3297,1805,76,urban_cluster,rural,False
45910,"La Crosse, WI--MN",100868,43137,75,urbanized_area,small_urbanized,False
45937,"Lady Lake--The Villages, FL",112991,69820,75,urbanized_area,small_urbanized,False
45964,"Ladysmith, WI",3449,1681,76,urban_cluster,rural,False
45991,"LaFayette, GA",7364,3364,76,urban_cluster,small_urban,False
46018,"Lafayette, IN",147725,61305,75,urbanized_area,small_urbanized,False
46045,"Lafayette, LA",252720,106432,75,urbanized_area,large_urbanized,True
46099,"Lafayette, TN",4545,2130,76,urban_cluster,rural,False
46126,"Lafayette--Louisville--Erie, CO",79407,31797,75,urbanized_area,small_urbanized,False
46153,"La Follette, TN",21055,9518,76,urban_cluster,small_urban,False
46180,"Lago Vista, TX",5281,2720,76,urban_cluster,small_urban,False
46207,"La Grande, OR",14909,6541,76,urban_cluster,small_urban,False
46234,"LaGrange, GA",34879,14648,76,urban_cluster,small_urban,False
46261,"Lagrange, IN",3113,1392,76,urban_cluster,rural,False
46315,"La Grange, NC",2713,1381,76,urban_cluster,rural,False
46328,"LaGrange, OH",3246,1288,76,urban_cluster,rural,False
46342,"La Grange, TX",5343,2448,76,urban_cluster,small_urban,False
46396,"Lahaina, HI",21331,11533,76,urban_cluster,small_urban,False
46423,"Laie--Hauula, HI",15071,3861,76,urban_cluster,small_urban,False
46450,"La Junta, CO",8191,3950,76,urban_cluster,small_urban,False
46465,"Lake Arrowhead--Crestline, CA",22175,18381,76,urban_cluster,small_urban,False
46477,"Lake Arthur, LA",2786,1270,76,urban_cluster,rural,False
46489,"Lake Bryant, FL",3552,2113,76,urban_cluster,rural,False
46504,"Lake Butler, FL",5057,993,76,urban_cluster,small_urban,False
46531,"Lake Charles, LA",143440,61740,75,urbanized_area,small_urbanized,False
46558,"Lake City, FL",25623,10073,76,urban_cluster,small_urban,False
46585,"Lake City, MN",5103,2696,76,urban_cluster,small_urban,False
46612,"Lake City, SC",8496,3653,76,urban_cluster,small_urban,False
46639,"Lake Conroe Eastshore, TX",10121,4946,76,urban_cluster,small_urban,False
46652,"Lake Conroe Northshore, TX",2547,1400,76,urban_cluster,rural,False
46666,"Lake Conroe Westshore, TX",20569,10329,76,urban_cluster,small_urban,False
46675,"Lake Crystal, MN",2558,1145,76,urban_cluster,rural,False
46684,"Lake Delton, WI",5473,3491,76,urban_cluster,small_urban,False
46693,"Lake Geneva, WI",14649,9116,76,urban_cluster,small_urban,False
46747,"Lake Havasu City, AZ",53427,32835,75,urbanized_area,small_urbanized,False
46760,"Lake Holiday, IL",7072,2962,76,urban_cluster,small_urban,False
46774,"Lake Isabella, CA",3271,1910,76,urban_cluster,rural,False
46801,"Lake Jackson--Angleton, TX",74830,30467,75,urbanized_area,small_urbanized,False
46814,"Lake Lakengren, OH",3096,1257,76,urban_cluster,rural,False
46828,"Lakeland, FL",262596,114725,75,urbanized_area,large_urbanized,True
46836,"Lakeland, GA",2910,1202,76,urban_cluster,rural,False
46845,"Lake Land'Or, VA",6165,2517,76,urban_cluster,small_urban,False
46855,"Lake Los Angeles, CA",11808,3489,76,urban_cluster,small_urban,False
46868,"Lake Meade, PA",2563,1059,76,urban_cluster,rural,False
46882,"Lake Mills, WI",6581,3048,76,urban_cluster,small_urban,False
46895,"Lake Montezuma, AZ",3429,1727,76,urban_cluster,rural,False
46909,"Lake Monticello, VA",9528,4104,76,urban_cluster,small_urban,False
46918,"Lake Murray North Shore, SC",3626,1702,76,urban_cluster,rural,False
46927,"Lake Norman of Catawba, NC",5603,2744,76,urban_cluster,small_urban,False
46963,"Lake of the Pines, CA",7926,3462,76,urban_cluster,small_urban,False
46972,"Lake of the Woods, VA",9231,4368,76,urban_cluster,small_urban,False
46980,"Lake of the Woods--Pinetop-Lakeside, AZ",8805,7552,76,urban_cluster,small_urban,False
46990,"Lake Panasoffkee, FL",3365,2099,76,urban_cluster,rural,False
47000,"Lake Park, GA",3367,1686,76,urban_cluster,rural,False
47010,"Lake Placid, FL",16351,9264,76,urban_cluster,small_urban,False
47017,"Lake Placid, NY",3581,2232,76,urban_cluster,rural,False
47044,"Lake Pocotopaug--East Hampton, CT",9450,4145,76,urban_cluster,small_urban,False
47071,"Lakeport, CA",16583,9672,76,urban_cluster,small_urban,False
47098,"Lake Providence, LA",5076,1820,76,urban_cluster,small_urban,False
47109,"Lake Rancho Viejo, CA",2500,961,76,urban_cluster,rural,False
47132,"Lakes--Knik-Fairview--Wasilla, AK",44236,16490,76,urban_cluster,small_urban,False
47142,"Lake View, AL",3404,1235,76,urban_cluster,rural,False
47152,"Lakeview, OR",2895,1531,76,urban_cluster,rural,False
47179,"Lake Village, AR",2586,1208,76,urban_cluster,rural,False
47233,"Lake Wildwood, CA",7096,3512,76,urban_cluster,small_urban,False
47287,"Lamar, CO",7796,3647,76,urban_cluster,small_urban,False
47314,"Lamar, MO",4470,2077,76,urban_cluster,rural,False
47395,"Lamesa, TX",11579,4212,76,urban_cluster,small_urban,False
47422,"Lampasas, TX",6080,2623,76,urban_cluster,small_urban,False
47449,"Lanai City, HI",3066,1399,76,urban_cluster,rural,False
47476,"Lancaster, KY",3739,1752,76,urban_cluster,rural,False
47503,"Lancaster, OH",42557,19267,76,urban_cluster,small_urban,False
47530,"Lancaster, PA",402004,163873,75,urbanized_area,large_urbanized,True
47557,"Lancaster, SC",23979,10446,76,urban_cluster,small_urban,False
47584,"Lancaster, WI",3688,1745,76,urban_cluster,rural,False
47611,"Lancaster--Palmdale, CA",341219,109200,75,urbanized_area,large_urbanized,True
47638,"Lander, WY",7225,3274,76,urban_cluster,small_urban,False
47665,"Landrum, SC--NC",4239,2413,76,urban_cluster,rural,False
47719,"Lansing, MI",313532,138435,75,urbanized_area,large_urbanized,True
47746,"Lapeer, MI",13424,5871,76,urban_cluster,small_urban,False
47758,"La Pine Northwest, OR",2651,1342,76,urban_cluster,rural,False
47827,"Laramie, WY",31965,14816,76,urban_cluster,small_urban,False
47854,"Laredo, TX",235730,68892,75,urbanized_area,large_urbanized,False
47881,"Larned, KS",4764,2116,76,urban_cluster,rural,False
47908,"Las Animas, CO",4032,1207,76,urban_cluster,rural,False
47935,"Las Cruces, NM",128600,54045,75,urbanized_area,small_urbanized,False
47989,"Las Vegas, NM",15609,7270,76,urban_cluster,small_urban,False
47995,"Las Vegas--Henderson, NV",1886011,806755,75,urbanized_area,major_urbanized,True
48016,"Laughlin, NV",5949,3949,76,urban_cluster,small_urban,False
48043,"Laurel, MS",26131,10589,76,urban_cluster,small_urban,False
48070,"Laurel, MT",8505,3624,76,urban_cluster,small_urban,False
48124,"Laurel Lake, NJ",3796,1543,76,urban_cluster,rural,False
48151,"Laurens, SC",10336,4887,76,urban_cluster,small_urban,False
48178,"Laurinburg, NC",21161,9405,76,urban_cluster,small_urban,False
48205,"Laurium, MI",7325,4021,76,urban_cluster,small_urban,False
48232,"Lawrence, KS",88053,37692,75,urbanized_area,small_urbanized,False
48259,"Lawrenceburg, KY",12475,5360,76,urban_cluster,small_urban,False
48286,"Lawrenceburg, TN",10100,4892,76,urban_cluster,small_urban,False
48313,"Lawrenceburg--Greendale--Aurora, IN",12977,5734,76,urban_cluster,small_urban,False
48340,"Lawrenceville, IL",7067,3520,76,urban_cluster,small_urban,False
48367,"Lawrenceville, VA",4032,847,76,urban_cluster,rural,False
48394,"Lawton, OK",94457,39296,75,urbanized_area,small_urbanized,False
48421,"Lead, SD",3750,2061,76,urban_cluster,rural,False
48448,"Leadville, CO",5039,2749,76,urban_cluster,small_urban,False
48475,"Leavenworth, KS",45283,16726,76,urban_cluster,small_urban,False
48485,"Leavenworth, WA",3282,1899,76,urban_cluster,rural,False
48502,"Lebanon, IN",15415,6915,76,urban_cluster,small_urban,False
48529,"Lebanon, KY",5646,2592,76,urban_cluster,small_urban,False
48556,"Lebanon, MO",14046,6517,76,urban_cluster,small_urban,False
48637,"Lebanon, OR",19744,8447,76,urban_cluster,small_urban,False
48664,"Lebanon, PA",77086,32291,75,urbanized_area,small_urbanized,False
48691,"Lebanon, TN",27653,11556,76,urban_cluster,small_urban,False
48718,"Lebanon, VA",3375,1649,76,urban_cluster,rural,False
48728,"Lebanon--Hanover, NH--VT",25690,11040,76,urban_cluster,small_urban,False
48745,"Lee, MA",8049,4405,76,urban_cluster,small_urban,False
48785,"Leesburg, GA",3631,1109,76,urban_cluster,rural,False
48799,"Leesburg--Eustis--Tavares, FL",131337,70397,75,urbanized_area,small_urbanized,False
48826,"Lee's Summit, MO",85081,34528,75,urbanized_area,small_urbanized,False
48853,"Leesville, LA",9605,4338,76,urban_cluster,small_urban,False
48934,"Leitchfield, KY",6802,2844,76,urban_cluster,small_urban,False
48961,"Leland, MS",4539,1971,76,urban_cluster,rural,False
48988,"Le Mars, IA",9237,4008,76,urban_cluster,small_urban,False
49042,"Lemoore Station, CA",7438,1627,76,urban_cluster,small_urban,False
49069,"Lena, IL",2602,1155,76,urban_cluster,rural,False
49096,"Leominster--Fitchburg, MA",116960,50827,75,urbanized_area,small_urbanized,False
49109,"Leonardtown, MD",4737,1849,76,urban_cluster,rural,False
49123,"Le Roy, IL",3316,1414,76,urban_cluster,rural,False
49150,"Le Roy, NY",4275,1966,76,urban_cluster,rural,False
49177,"Le Sueur, MN",3763,1656,76,urban_cluster,rural,False
49204,"Levelland, TX",13796,5489,76,urban_cluster,small_urban,False
49231,"Lewes, DE",24129,24177,76,urban_cluster,small_urban,False
49258,"Lewisburg, TN",10464,4706,76,urban_cluster,small_urban,False
49285,"Lewisburg, WV",6959,3657,76,urban_cluster,small_urban,False
49312,"Lewiston, ID--WA",51924,23142,75,urbanized_area,small_urbanized,False
49339,"Lewiston, ME",59397,27675,75,urbanized_area,small_urbanized,False
49366,"Lewistown, MT",6090,3110,76,urban_cluster,small_urban,False
49393,"Lewistown, PA",22181,10761,76,urban_cluster,small_urban,False
49447,"Lexington, MO",4507,2019,76,urban_cluster,rural,False
49474,"Lexington, NE",10464,3498,76,urban_cluster,small_urban,False
49528,"Lexington, TN",6560,3057,76,urban_cluster,small_urban,False
49555,"Lexington, VA",8762,3361,76,urban_cluster,small_urban,False
49582,"Lexington-Fayette, KY",290263,132513,75,urbanized_area,large_urbanized,True
49594,"Lexington Park--California--Chesapeake Ranch Estates, MD",58875,23790,75,urbanized_area,small_urbanized,False
49609,"Libby, MT",3978,2061,76,urban_cluster,rural,False
49636,"Liberal, KS",20329,7066,76,urban_cluster,small_urban,False
49663,"Liberty, NY",4470,2194,76,urban_cluster,rural,False
49690,"Liberty, TX",5801,2217,76,urban_cluster,small_urban,False
49717,"Ligonier, IN",4789,1652,76,urban_cluster,rural,False
49744,"Ligonier, PA",3314,1845,76,urban_cluster,rural,False
49771,"Lihue, HI",13983,5008,76,urban_cluster,small_urban,False
49798,"Lillington, NC",3316,1197,76,urban_cluster,rural,False
49852,"Lima, OH",72852,31812,75,urbanized_area,small_urbanized,False
49906,"Lincoln, IL",18224,6707,76,urban_cluster,small_urban,False
49933,"Lincoln, NE",258719,110643,75,urbanized_area,large_urbanized,True
49934,"Lincoln, ND",2992,1047,76,urban_cluster,rural,False
49960,"Lincoln City, OR",10526,9219,76,urban_cluster,small_urban,False
49987,"Lincolnton, NC",22686,10053,76,urban_cluster,small_urban,False
50014,"Lindale--Hideaway, TX",10021,4300,76,urban_cluster,small_urban,False
50041,"Lindsay, CA",14610,3945,76,urban_cluster,small_urban,False
50068,"Lindsay, OK",2796,1376,76,urban_cluster,rural,False
50095,"Lindsborg, KS",3405,1389,76,urban_cluster,rural,False
50122,"Lindstrom--Chisago City, MN",8492,3915,76,urban_cluster,small_urban,False
50149,"Linton, IN",5822,2900,76,urban_cluster,small_urban,False
50176,"Lisbon, OH",5740,1466,76,urban_cluster,small_urban,False
50213,"Litchfield, CT",2590,1315,76,urban_cluster,rural,False
50230,"Litchfield, IL",6956,3167,76,urban_cluster,small_urban,False
50257,"Litchfield, MN",6624,2894,76,urban_cluster,small_urban,False
50311,"Little Falls, MN",9024,4123,76,urban_cluster,small_urban,False
50338,"Little Falls, NY",4956,2670,76,urban_cluster,rural,False
50365,"Littlefield, TX",5914,2538,76,urban_cluster,small_urban,False
50392,"Little Rock, AR",431388,193618,75,urbanized_area,large_urbanized,True
50419,"Littlestown, PA",6302,2641,76,urban_cluster,small_urban,False
50446,"Littleton, NH",3518,1840,76,urban_cluster,rural,False
50473,"Live Oak (Sutter County), CA",8547,2553,76,urban_cluster,small_urban,False
50500,"Live Oak, FL",6994,2942,76,urban_cluster,small_urban,False
50527,"Livermore, CA",81624,30569,75,urbanized_area,small_urbanized,False
50554,"Livermore Falls, ME",3092,1562,76,urban_cluster,rural,False
50608,"Livingston, MT",8172,4316,76,urban_cluster,small_urban,False
50635,"Livingston, TN",3485,1635,76,urban_cluster,rural,False
50662,"Livingston, TX",5139,2167,76,urban_cluster,small_urban,False
50679,"Livonia, LA",3813,1559,76,urban_cluster,rural,False
50716,"Llano, TX",2832,1412,76,urban_cluster,rural,False
50730,"Lochbuie, CO",4120,1531,76,urban_cluster,rural,False
50743,"Lockhart, TX",12337,4380,76,urban_cluster,small_urban,False
50770,"Lock Haven, PA",17741,7295,76,urban_cluster,small_urban,False
50797,"Lockport, NY",36024,16409,76,urban_cluster,small_urban,False
50813,"Locust, NC",2925,1218,76,urban_cluster,rural,False
50851,"Lodi, CA",68738,26201,75,urbanized_area,small_urbanized,False
50878,"Lodi, OH",2670,1339,76,urban_cluster,rural,False
50905,"Lodi, WI",3014,1262,76,urban_cluster,rural,False
50932,"Logan, OH",8080,3713,76,urban_cluster,small_urban,False
50959,"Logan, UT",94983,31130,75,urbanized_area,small_urbanized,False
50986,"Logan, WV",10747,5282,76,urban_cluster,small_urban,False
51013,"Logansport, IN",21561,9049,76,urban_cluster,small_urban,False
51026,"Lolo, MT",2739,1095,76,urban_cluster,rural,False
51040,"Lompoc, CA",51509,17944,75,urbanized_area,small_urbanized,False
51121,"London, OH",14260,4251,76,urban_cluster,small_urban,False
51131,"London--Corbin, KY",37367,16845,76,urban_cluster,small_urban,False
51142,"Long Beach, MD",6476,2444,76,urban_cluster,small_urban,False
51175,"Longmont, CO",90897,36783,75,urbanized_area,small_urbanized,False
51202,"Long Neck, DE",14150,12253,76,urban_cluster,small_urban,False
51229,"Long Prairie, MN",3356,1344,76,urban_cluster,rural,False
51256,"Longview, TX",98884,40041,75,urbanized_area,small_urbanized,False
51283,"Longview, WA--OR",63952,27804,75,urbanized_area,small_urbanized,False
51310,"Lonoke, AR",4058,1681,76,urban_cluster,rural,False
51322,"Lonsdale, MN",3466,1294,76,urban_cluster,rural,False
51337,"Loogootee, IN",2972,1404,76,urban_cluster,rural,False
51364,"Lorain--Elyria, OH",180956,80095,75,urbanized_area,small_urbanized,False
51418,"Los Alamos, NM",10893,5365,76,urban_cluster,small_urban,False
51445,"Los Angeles--Long Beach--Anaheim, CA",12150996,4217448,75,urbanized_area,major_urbanized,True
51472,"Los Banos, CA",35917,11366,76,urban_cluster,small_urban,False
51499,"Los Lunas, NM",63758,24932,75,urbanized_area,small_urbanized,False
51513,"Los Molinos, CA",3800,1682,76,urban_cluster,rural,False
51580,"Louisa, KY--WV",4253,2022,76,urban_cluster,rural,False
51607,"Louisburg, KS",3930,1559,76,urban_cluster,rural,False
51634,"Louisburg, NC",3694,1489,76,urban_cluster,rural,False
51661,"Louisiana, MO",3091,1625,76,urban_cluster,rural,False
51688,"Louisville, GA",3273,1273,76,urban_cluster,rural,False
51742,"Louisville, MS",4624,1989,76,urban_cluster,rural,False
51755,"Louisville/Jefferson County, KY--IN",972546,431679,75,urbanized_area,large_urbanized,True
51769,"Lovington, NM",11592,4172,76,urban_cluster,small_urban,False
51796,"Lowell, IN",9844,3787,76,urban_cluster,small_urban,False
51823,"Lowell, MI",6803,2706,76,urban_cluster,small_urban,False
51850,"Lowville, NY",3562,1685,76,urban_cluster,rural,False
51877,"Lubbock, TX",237356,98505,75,urbanized_area,large_urbanized,False
51904,"Lucasville, OH",2931,655,76,urban_cluster,rural,False
51920,"Lucedale, MS",2636,983,76,urban_cluster,rural,False
51958,"Ludington, MI",10710,5729,76,urban_cluster,small_urban,False
51985,"Lufkin, TX",44927,17883,76,urban_cluster,small_urban,False
52001,"Lula, GA",2591,1046,76,urban_cluster,rural,False
52039,"Luling, TX",5379,2091,76,urban_cluster,small_urban,False
52066,"Lumberton, NC",29739,11989,76,urban_cluster,small_urban,False
52093,"Luray, VA",4770,2224,76,urban_cluster,rural,False
52147,"Luverne, MN",4620,2175,76,urban_cluster,rural,False
52174,"Lykens, PA",2973,1470,76,urban_cluster,rural,False
52201,"Lynchburg, VA",116636,49361,75,urbanized_area,small_urbanized,False
52228,"Lynden, WA",14533,5699,76,urban_cluster,small_urban,False
52255,"Lyndonville, VT",2924,1083,76,urban_cluster,rural,False
52309,"Lyons, KS",3652,1668,76,urban_cluster,rural,False
52341,"Lytle, TX",3475,1256,76,urban_cluster,rural,False
52352,"Mabton, WA",2534,606,76,urban_cluster,rural,False
52363,"McAlester, OK",19501,8248,76,urban_cluster,small_urban,False
52390,"McAllen, TX",728825,234474,75,urbanized_area,large_urbanized,True
52417,"Macclenny, FL",10984,3973,76,urban_cluster,small_urban,False
52471,"McComb, MS",16388,7229,76,urban_cluster,small_urban,False
52498,"McConnelsville, OH",2652,1304,76,urban_cluster,rural,False
52525,"McCook, NE",7563,3653,76,urban_cluster,small_urban,False
52552,"McFarland, CA",12826,2714,76,urban_cluster,small_urban,False
52579,"McGehee, AR",3898,1855,76,urban_cluster,rural,False
52606,"McGregor, TX",4893,1928,76,urban_cluster,rural,False
52633,"McKenzie, TN",5066,2236,76,urban_cluster,small_urban,False
52660,"Mackinaw, IL",3452,1311,76,urban_cluster,rural,False
52687,"McKinney, TX",170030,61254,75,urbanized_area,small_urbanized,False
52714,"McLeansboro, IL",2698,1367,76,urban_cluster,rural,False
52741,"McMinnville, OR",38970,14749,76,urban_cluster,small_urban,False
52768,"McMinnville, TN",15386,7135,76,urban_cluster,small_urban,False
52795,"Macomb, IL",19945,8505,76,urban_cluster,small_urban,False
52822,"Macon, GA",137570,62512,75,urbanized_area,small_urbanized,False
52849,"Macon, MS",2998,1210,76,urban_cluster,rural,False
52876,"Macon, MO",5014,2473,76,urban_cluster,small_urban,False
52903,"McPherson, KS",13083,5922,76,urban_cluster,small_urban,False
52930,"McRae, GA",8747,2905,76,urban_cluster,small_urban,False
52984,"Madera, CA",78413,21437,75,urbanized_area,small_urbanized,False
53011,"Madill, OK",4419,1732,76,urban_cluster,rural,False
53038,"Madison, FL",3843,1751,76,urban_cluster,rural,False
53065,"Madison, GA",4401,1893,76,urban_cluster,rural,False
53092,"Madison, IN--KY",18271,8165,76,urban_cluster,small_urban,False
53146,"Madison, SD",6174,2733,76,urban_cluster,small_urban,False
53173,"Madison, WV",4579,2125,76,urban_cluster,rural,False
53200,"Madison, WI",401661,181348,75,urbanized_area,large_urbanized,True
53227,"Madisonville, KY",24809,11507,76,urban_cluster,small_urban,False
53254,"Madisonville, TN",5391,2409,76,urban_cluster,small_urban,False
53281,"Madisonville, TX",4454,1690,76,urban_cluster,rural,False
53308,"Madras, OR",8010,3382,76,urban_cluster,small_urban,False
53335,"Magee, MS",4170,1635,76,urban_cluster,rural,False
53362,"Magnolia, AR",10438,4804,76,urban_cluster,small_urban,False
53372,"Magnolia, TX",3195,1160,76,urban_cluster,rural,False
53416,"Mahomet, IL",11044,4317,76,urban_cluster,small_urban,False
53443,"Maiden, NC",3572,1561,76,urban_cluster,rural,False
53470,"Malakoff, TX",2969,1460,76,urban_cluster,rural,False
53497,"Malden, MO",4590,2148,76,urban_cluster,rural,False
53524,"Malone, NY",10825,3099,76,urban_cluster,small_urban,False
53551,"Malvern, AR",11186,4647,76,urban_cluster,small_urban,False
53578,"Malvern, OH",2800,1489,76,urban_cluster,rural,False
53605,"Mammoth Lakes, CA",7693,8420,76,urban_cluster,small_urban,False
53632,"Mamou, LA",3894,1793,76,urban_cluster,rural,False
53659,"Manchester, GA",4096,1919,76,urban_cluster,rural,False
53686,"Manchester, IA",5032,2262,76,urban_cluster,small_urban,False
53713,"Manchester, KY",4657,1332,76,urban_cluster,rural,False
53726,"Manchester, MD",5319,1889,76,urban_cluster,small_urban,False
53740,"Manchester, NH",158377,67731,75,urbanized_area,small_urbanized,False
53767,"Manchester, TN",11379,5002,76,urban_cluster,small_urban,False
53794,"Mandeville--Covington, LA",88925,36111,75,urbanized_area,small_urbanized,False
53821,"Mangum, OK",2954,1489,76,urban_cluster,rural,False
53848,"Manhattan, KS",54622,22504,75,urbanized_area,small_urbanized,False
53875,"Manila, AR",3124,1356,76,urban_cluster,rural,False
53902,"Manistee, MI",9606,4826,76,urban_cluster,small_urban,False
53929,"Manistique, MI",3482,1955,76,urban_cluster,rural,False
53956,"Manitowoc, WI",46360,22038,76,urban_cluster,small_urban,False
53983,"Mankato, MN",57584,23612,75,urbanized_area,small_urbanized,False
54010,"Mannford, OK",2986,1306,76,urban_cluster,rural,False
54037,"Manning, SC",4998,2228,76,urban_cluster,rural,False
54050,"Manor, TX",5320,1738,76,urban_cluster,small_urban,False
54064,"Mansfield, LA",6061,2728,76,urban_cluster,small_urban,False
54091,"Mansfield, OH",75250,34156,75,urbanized_area,small_urbanized,False
54118,"Mansfield, PA",4152,1369,76,urban_cluster,rural,False
54145,"Manteca, CA",83578,29056,75,urbanized_area,small_urbanized,False
54199,"Manteo, NC",5399,2631,76,urban_cluster,small_urban,False
54226,"Manti, UT",3290,1119,76,urban_cluster,rural,False
54253,"Many, LA",2860,1177,76,urban_cluster,rural,False
54280,"Maquoketa, IA",6159,2859,76,urban_cluster,small_urban,False
54295,"Marana West, AZ",5456,1953,76,urban_cluster,small_urban,False
54307,"Marathon, FL",8965,7504,76,urban_cluster,small_urban,False
54334,"Marble Falls, TX",6131,2801,76,urban_cluster,small_urban,False
54388,"Marengo, IL",7731,3075,76,urban_cluster,small_urban,False
54415,"Marianna, AR",3804,1873,76,urban_cluster,rural,False
54442,"Marianna, FL",6086,3004,76,urban_cluster,small_urban,False
54469,"Maricao, PR",2697,1251,76,urban_cluster,rural,False
54477,"Maricopa, AZ",42337,16736,76,urban_cluster,small_urban,False
54486,"Marietta, OH--WV",22428,10382,76,urban_cluster,small_urban,False
54496,"Marinette--Menominee, WI--MI",19431,9946,76,urban_cluster,small_urban,False
54577,"Marion, IN",43519,19722,76,urban_cluster,small_urban,False
54604,"Marion, KY",2718,1322,76,urban_cluster,rural,False
54631,"Marion, NC",13363,5969,76,urban_cluster,small_urban,False
54658,"Marion, OH",46384,19449,76,urban_cluster,small_urban,False
54685,"Marion, SC",7464,3328,76,urban_cluster,small_urban,False
54712,"Marion, VA",7960,3800,76,urban_cluster,small_urban,False
54739,"Marion Oaks, FL",14160,6407,76,urban_cluster,small_urban,False
54778,"Marks, MS",3536,1463,76,urban_cluster,rural,False
54793,"Marksville, LA",7517,3058,76,urban_cluster,small_urban,False
54820,"Marlin, TX",5832,2551,76,urban_cluster,small_urban,False
54847,"Marlow, OK",4230,1900,76,urban_cluster,rural,False
54874,"Marquette, MI",26946,11218,76,urban_cluster,small_urban,False
54901,"Marseilles, IL",4877,2285,76,urban_cluster,rural,False
54928,"Marshall, IL",3775,1895,76,urban_cluster,rural,False
54955,"Marshall, MI",7683,3617,76,urban_cluster,small_urban,False
54982,"Marshall, MN",13464,5630,76,urban_cluster,small_urban,False
55009,"Marshall, MO",12665,5144,76,urban_cluster,small_urban,False
55036,"Marshall, TX",21979,9007,76,urban_cluster,small_urban,False
55063,"Marshall, WI",3834,1483,76,urban_cluster,rural,False
55090,"Marshalltown, IA",26858,10927,76,urban_cluster,small_urban,False
55117,"Marshfield, MO",6701,2933,76,urban_cluster,small_urban,False
55144,"Marshfield, WI",19421,9596,76,urban_cluster,small_urban,False
55171,"Martin, TN",11397,4576,76,urban_cluster,small_urban,False
55198,"Martinsburg, PA",2733,1283,76,urban_cluster,rural,False
55225,"Martinsville, IN",13276,5636,76,urban_cluster,small_urban,False
55252,"Martinsville, VA",35091,17624,76,urban_cluster,small_urban,False
55279,"Marysville, KS",2937,1476,76,urban_cluster,rural,False
55306,"Marysville, OH",22348,7975,76,urban_cluster,small_urban,False
55333,"Marysville, WA",145140,55154,75,urbanized_area,small_urbanized,False
55360,"Maryville, MO",13220,4891,76,urban_cluster,small_urban,False
55375,"Mascoutah, IL",7368,3000,76,urban_cluster,small_urban,False
55414,"Mason City, IA",27115,12896,76,urban_cluster,small_urban,False
55441,"Masontown, PA",4443,2052,76,urban_cluster,rural,False
55468,"Massena, NY",11259,5121,76,urban_cluster,small_urban,False
55495,"Mathis, TX",5936,2392,76,urban_cluster,small_urban,False
55522,"Mattawa, WA",4988,953,76,urban_cluster,rural,False
55576,"Mattoon, IL",18978,9097,76,urban_cluster,small_urban,False
55603,"Mauldin--Simpsonville, SC",120577,47649,75,urbanized_area,small_urbanized,False
55684,"Mauston, WI",4401,1981,76,urban_cluster,rural,False
55738,"Mayagüez, PR",109572,51854,75,urbanized_area,small_urbanized,False
55750,"Maybrook, NY",2959,1164,76,urban_cluster,rural,False
55765,"Mayfield, KY",11356,5306,76,urban_cluster,small_urban,False
55792,"Mayodan, NC",4382,2257,76,urban_cluster,rural,False
55819,"Maysville, KY--OH",11454,5845,76,urban_cluster,small_urban,False
55846,"Mayville, WI",5134,2311,76,urban_cluster,small_urban,False
55860,"Mazomanie, WI",2956,1294,76,urban_cluster,rural,False
55900,"Meadville, PA",23887,12093,76,urban_cluster,small_urban,False
55927,"Mecca, CA",11253,2501,76,urban_cluster,small_urban,False
55981,"Medford, OR",154081,68182,75,urbanized_area,small_urbanized,False
56008,"Medford, WI",4046,1984,76,urban_cluster,rural,False
56023,"Medical Lake, WA",4918,1778,76,urban_cluster,rural,False
56035,"Medina, NY",8382,3836,76,urban_cluster,small_urban,False
56072,"Medina, TN",3636,1347,76,urban_cluster,rural,False
56089,"Melrose, MN",3121,1201,76,urban_cluster,rural,False
56116,"Memphis, TN--MS--AR",1060061,450685,75,urbanized_area,major_urbanized,True
56143,"Mena, AR",5499,2753,76,urban_cluster,small_urban,False
56170,"Mendota, CA",11211,2594,76,urban_cluster,small_urban,False
56197,"Mendota, IL",7195,2966,76,urban_cluster,small_urban,False
56224,"Menomonie, WI",17844,6971,76,urban_cluster,small_urban,False
56251,"Merced, CA",136969,45951,75,urbanized_area,small_urbanized,False
56278,"Mercer, PA",3838,1138,76,urban_cluster,rural,False
56305,"Meridian, MS",41531,18839,76,urban_cluster,small_urban,False
56359,"Merrill, WI",10282,4877,76,urban_cluster,small_urban,False
56386,"Mescalero Park, TX",3460,1344,76,urban_cluster,rural,False
56413,"Mesquite, NV--AZ",14284,8051,76,urban_cluster,small_urban,False
56440,"Metamora, IL",3650,1481,76,urban_cluster,rural,False
56467,"Metropolis, IL",6607,3225,76,urban_cluster,small_urban,False
56494,"Metter, GA",3633,1576,76,urban_cluster,rural,False
56521,"Mexia, TX",6898,2595,76,urban_cluster,small_urban,False
56548,"Mexico, MO",11356,5151,76,urban_cluster,small_urban,False
56575,"Meyersdale, PA",2596,1273,76,urban_cluster,rural,False
56602,"Miami, FL",5502379,2443188,75,urbanized_area,major_urbanized,True
56629,"Miami, OK",16144,6963,76,urban_cluster,small_urban,False
56656,"Michigan City--La Porte, IN--MI",66025,31067,75,urbanized_area,small_urbanized,False
56710,"Middlebury, IN",4064,1545,76,urban_cluster,rural,False
56737,"Middlebury, VT",5350,1608,76,urban_cluster,small_urban,False
56764,"Middlefield, OH",4858,2179,76,urban_cluster,rural,False
56791,"Middleport, OH--WV",8559,4229,76,urban_cluster,small_urban,False
56818,"Middlesborough, KY--TN--VA",15330,7039,76,urban_cluster,small_urban,False
56845,"Middletown, DE",29415,10121,76,urban_cluster,small_urban,False
56872,"Middletown, IN",2543,1088,76,urban_cluster,rural,False
56899,"Middletown, NY",58381,22762,75,urbanized_area,small_urbanized,False
56926,"Middletown, OH",97503,43101,75,urbanized_area,small_urbanized,False
56953,"Middleville, MI",3236,1406,76,urban_cluster,rural,False
56980,"Midland, MI",59014,25154,75,urbanized_area,small_urbanized,False
57007,"Midland, TX",117807,47059,75,urbanized_area,small_urbanized,False
57061,"Mifflinburg, PA",4363,2005,76,urban_cluster,rural,False
57069,"Mifflintown, PA",4372,1912,76,urban_cluster,rural,False
57079,"Milaca, MN",2831,1398,76,urban_cluster,rural,False
57088,"Milan, MI",7514,2574,76,urban_cluster,small_urban,False
57115,"Milan, TN",7427,3393,76,urban_cluster,small_urban,False
57142,"Milbank, SD",3283,1658,76,urban_cluster,rural,False
57169,"Miles City, MT",9604,4542,76,urban_cluster,small_urban,False
57196,"Milford, DE",18009,7620,76,urban_cluster,small_urban,False
57206,"Milford, NJ--PA",2776,1297,76,urban_cluster,rural,False
57223,"Milledgeville, GA",29808,13116,76,urban_cluster,small_urban,False
57250,"Millen, GA",2827,1398,76,urban_cluster,rural,False
57277,"Millersburg, OH",2968,1332,76,urban_cluster,rural,False
57304,"Millersburg, PA",4540,2201,76,urban_cluster,rural,False
57331,"Millinocket, ME",3976,2326,76,urban_cluster,rural,False
57358,"Millsboro, DE",9395,4167,76,urban_cluster,small_urban,False
57368,"Millsboro, PA",3728,856,76,urban_cluster,rural,False
57385,"Millstadt, IL",3583,1548,76,urban_cluster,rural,False
57395,"Milton, DE",2556,1296,76,urban_cluster,rural,False
57402,"Milton, VT",8521,3213,76,urban_cluster,small_urban,False
57439,"Milton--Lewisburg, PA",30806,12560,76,urban_cluster,small_urban,False
57466,"Milwaukee, WI",1376476,597266,75,urbanized_area,major_urbanized,True
57493,"Minden, LA",13338,5967,76,urban_cluster,small_urban,False
57520,"Minden, NE",2891,1326,76,urban_cluster,rural,False
57547,"Mineola, TX",5608,2527,76,urban_cluster,small_urban,False
57574,"Mineral Wells, TX",16109,6056,76,urban_cluster,small_urban,False
57601,"Minerva, OH",4579,2108,76,urban_cluster,rural,False
57628,"Minneapolis--St. Paul, MN--WI",2650890,1110565,75,urbanized_area,major_urbanized,True
57655,"Minot, ND",42650,19484,76,urban_cluster,small_urban,False
57682,"Minot AFB, ND",5521,1463,76,urban_cluster,small_urban,False
57709,"Mission Viejo--Lake Forest--San Clemente, CA",583681,229845,75,urbanized_area,large_urbanized,True
57736,"Missoula, MT",82157,37070,75,urbanized_area,small_urbanized,False
57763,"Missouri Valley, IA",2819,1284,76,urban_cluster,rural,False
57790,"Mitchell, IN",4193,1932,76,urban_cluster,rural,False
57817,"Mitchell, SD",14955,6979,76,urban_cluster,small_urban,False
57844,"Moab, UT",6883,3148,76,urban_cluster,small_urban,False
57871,"Moapa Valley, NV",5907,2382,76,urban_cluster,small_urban,False
57898,"Moberly, MO",13933,5688,76,urban_cluster,small_urban,False
57925,"Mobile, AL",326183,142178,75,urbanized_area,large_urbanized,True
57952,"Mobridge, SD",3457,1730,76,urban_cluster,rural,False
57979,"Mocksville, NC",5191,2270,76,urban_cluster,small_urban,False
58006,"Modesto, CA",358172,124923,75,urbanized_area,large_urbanized,True
58020,"Mojave, CA",3236,1385,76,urban_cluster,rural,False
58033,"Molalla, OR",8752,3267,76,urban_cluster,small_urban,False
58060,"Momence, IL",3777,1538,76,urban_cluster,rural,False
58087,"Monahans, TX",7686,3305,76,urban_cluster,small_urban,False
58168,"Monessen--California, PA",66086,32513,75,urbanized_area,small_urbanized,False
58195,"Monett, MO",8470,3650,76,urban_cluster,small_urban,False
58222,"Monmouth, IL",9654,3882,76,urban_cluster,small_urban,False
58249,"Monmouth--Independence, OR",18167,6652,76,urban_cluster,small_urban,False
58303,"Monroe, GA",15854,6575,76,urban_cluster,small_urban,False
58330,"Monroe, LA",116533,49410,75,urbanized_area,small_urbanized,False
58357,"Monroe, MI",51240,22393,75,urbanized_area,small_urbanized,False
58384,"Monroe, WI",10883,5121,76,urban_cluster,small_urban,False
58411,"Monroeville, AL",4834,2296,76,urban_cluster,rural,False
58420,"Montauk, NY",2719,3490,76,urban_cluster,rural,False
58428,"Mont Belvieu, TX",3094,1148,76,urban_cluster,rural,False
58438,"Monterey, TN",3010,1237,76,urban_cluster,rural,False
58469,"Montesano--Elma, WA",8522,3558,76,urban_cluster,small_urban,False
58519,"Montevideo, MN",5338,2490,76,urban_cluster,small_urban,False
58546,"Monte Vista, CO",4489,1974,76,urban_cluster,rural,False
58573,"Montezuma, GA",6900,2405,76,urban_cluster,small_urban,False
58600,"Montgomery, AL",263907,112998,75,urbanized_area,large_urbanized,True
58627,"Montgomery, MN",2586,1150,76,urban_cluster,rural,False
58654,"Montgomery, PA",6453,1106,76,urban_cluster,small_urban,False
58664,"Montgomery, WV",4689,2433,76,urban_cluster,rural,False
58675,"Montgomery City, MO",2629,1215,76,urban_cluster,rural,False
58708,"Monticello, AR",9505,4109,76,urban_cluster,small_urban,False
58721,"Monticello, GA",2535,1102,76,urban_cluster,rural,False
58735,"Monticello, IL",5410,2439,76,urban_cluster,small_urban,False
58762,"Monticello, IN",8634,5089,76,urban_cluster,small_urban,False
58789,"Monticello, IA",3180,1540,76,urban_cluster,rural,False
58816,"Monticello, KY",6716,3090,76,urban_cluster,small_urban,False
58843,"Monticello, NY",7868,3824,76,urban_cluster,small_urban,False
58870,"Monticello--Big Lake, MN",25536,9496,76,urban_cluster,small_urban,False
58924,"Montpelier, OH",3929,1803,76,urban_cluster,rural,False
58951,"Montrose, CO",22706,10001,76,urban_cluster,small_urban,False
58961,"Montrose, MN",4470,1779,76,urban_cluster,rural,False
58972,"Moodus, CT",2701,1286,76,urban_cluster,rural,False
58992,"Moorefield, WV",2732,1302,76,urban_cluster,rural,False
59005,"Moore Haven, FL",3205,1201,76,urban_cluster,rural,False
59059,"Moorhead, MS",2567,747,76,urban_cluster,rural,False
59098,"Moose Lake, MN",3080,935,76,urban_cluster,rural,False
59113,"Mora, MN",3670,1714,76,urban_cluster,rural,False
59167,"Morehead, KY",7282,2665,76,urban_cluster,small_urban,False
59194,"Morehead City, NC",44798,35096,76,urban_cluster,small_urban,False
59210,"Morgan, UT",3518,1151,76,urban_cluster,rural,False
59221,"Morgan City, LA",32022,13590,76,urban_cluster,small_urban,False
59248,"Morganfield, KY",5210,1755,76,urban_cluster,small_urban,False
59275,"Morgantown, WV",70350,32056,75,urbanized_area,small_urbanized,False
59302,"Morrilton, AR",6272,2883,76,urban_cluster,small_urban,False
59329,"Morris, IL",15668,6774,76,urban_cluster,small_urban,False
59356,"Morris, MN",5123,2109,76,urban_cluster,small_urban,False
59383,"Morrison, IL",4139,1837,76,urban_cluster,rural,False
59410,"Morristown, TN",59036,25167,75,urbanized_area,small_urbanized,False
59437,"Morro Bay--Los Osos, CA",26772,15046,76,urban_cluster,small_urban,False
59464,"Morton, MS",2979,1083,76,urban_cluster,rural,False
59491,"Moscow, ID",24212,10065,76,urban_cluster,small_urban,False
59501,"Moscow, PA",2811,1112,76,urban_cluster,rural,False
59518,"Moses Lake, WA",32978,12875,76,urban_cluster,small_urban,False
59545,"Moulton, AL",2919,1385,76,urban_cluster,rural,False
59572,"Moultrie, GA",18677,7843,76,urban_cluster,small_urban,False
59605,"Moundville, AL",2578,1031,76,urban_cluster,rural,False
59626,"Mountain City, TN",2698,1304,76,urban_cluster,rural,False
59653,"Mountain Grove, MO",4603,2213,76,urban_cluster,rural,False
59680,"Mountain Home, AR",14180,7259,76,urban_cluster,small_urban,False
59707,"Mountain Home, ID",16531,7215,76,urban_cluster,small_urban,False
59734,"Mountain Home AFB, ID",3238,1125,76,urban_cluster,rural,False
59745,"Mountain House, CA",9616,3214,76,urban_cluster,small_urban,False
59761,"Mountain Lake Park, MD",4720,2256,76,urban_cluster,rural,False
59815,"Mount Airy, NC--VA",19457,9310,76,urban_cluster,small_urban,False
59827,"Mount Angel, OR",3568,1312,76,urban_cluster,rural,False
59842,"Mount Carmel, IL",7300,3488,76,urban_cluster,small_urban,False
59896,"Mount Gilead, OH",3884,1789,76,urban_cluster,rural,False
59910,"Mount Holly Springs, PA",4416,1802,76,urban_cluster,rural,False
59923,"Mount Hood Village, OR",3638,2083,76,urban_cluster,rural,False
59950,"Mount Horeb, WI",6997,2822,76,urban_cluster,small_urban,False
59977,"Mount Morris, IL",3457,1632,76,urban_cluster,rural,False
60004,"Mount Morris, NY",4028,1830,76,urban_cluster,rural,False
60031,"Mount Olive, NC",5196,2380,76,urban_cluster,small_urban,False
60058,"Mount Orab, OH",3030,1223,76,urban_cluster,rural,False
60085,"Mount Pleasant, IA",8636,3349,76,urban_cluster,small_urban,False
60112,"Mount Pleasant, MI",37447,13763,76,urban_cluster,small_urban,False
60139,"Mount Pleasant, TN",3507,1639,76,urban_cluster,rural,False
60166,"Mount Pleasant, TX",15987,5645,76,urban_cluster,small_urban,False
60176,"Mount Pleasant, UT",3207,1119,76,urban_cluster,rural,False
60195,"Mount Pocono--Emerald Lakes, PA",24216,11296,76,urban_cluster,small_urban,False
60223,"Mount Shasta--Weed, CA",7746,3981,76,urban_cluster,small_urban,False
60247,"Mount Sterling, IL",4088,997,76,urban_cluster,rural,False
60274,"Mount Sterling, KY",10835,5053,76,urban_cluster,small_urban,False
60301,"Mount Union, PA",3859,1886,76,urban_cluster,rural,False
60328,"Mount Vernon, IL",16008,7893,76,urban_cluster,small_urban,False
60355,"Mount Vernon, IN",7011,3196,76,urban_cluster,small_urban,False
60382,"Mount Vernon, IA",6455,2197,76,urban_cluster,small_urban,False
60409,"Mount Vernon, KY",2626,1227,76,urban_cluster,rural,False
60436,"Mount Vernon, MO",4559,2000,76,urban_cluster,rural,False
60463,"Mount Vernon, OH",22153,9256,76,urban_cluster,small_urban,False
60473,"Mount Vernon, TX",2585,1110,76,urban_cluster,rural,False
60490,"Mount Vernon, WA",62966,24662,75,urbanized_area,small_urbanized,False
60517,"Mukwonago, WI",20255,7922,76,urban_cluster,small_urban,False
60546,"Muldrow--Roland, OK",5841,2460,76,urban_cluster,small_urban,False
60571,"Muleshoe, TX",5105,1874,76,urban_cluster,small_urban,False
60598,"Mullins, SC",5512,2608,76,urban_cluster,small_urban,False
60625,"Muncie, IN",90580,40634,75,urbanized_area,small_urbanized,False
60652,"Muncy, PA",9495,3615,76,urban_cluster,small_urban,False
60684,"Munising, MI",2972,1073,76,urban_cluster,rural,False
60706,"Murfreesboro, NC",2786,1059,76,urban_cluster,rural,False
60733,"Murfreesboro, TN",133228,54281,75,urbanized_area,small_urbanized,False
60760,"Murphysboro, IL",9661,4810,76,urban_cluster,small_urban,False
60787,"Murray, KY",19072,8834,76,urban_cluster,small_urban,False
60799,"Murrieta--Temecula--Menifee, CA",441546,151268,75,urbanized_area,large_urbanized,True
60814,"Muscatine, IA",25342,10739,76,urban_cluster,small_urban,False
60841,"Muskegon, MI",161280,70880,75,urbanized_area,small_urbanized,False
60868,"Muskogee, OK",42052,19081,76,urban_cluster,small_urban,False
60895,"Myrtle Beach--Socastee, SC--NC",215304,171688,75,urbanized_area,large_urbanized,False
60930,"Mystic Island, NJ",22217,11663,76,urban_cluster,small_urban,False
60949,"Nacogdoches, TX",34546,14082,76,urban_cluster,small_urban,False
60976,"Nampa, ID",151499,55449,75,urbanized_area,small_urbanized,False
61003,"Nantucket, MA",8250,7222,76,urban_cluster,small_urban,False
61030,"Nanty-Glo, PA",3918,1817,76,urban_cluster,rural,False
61057,"Napa, CA",83913,32387,75,urbanized_area,small_urbanized,False
61084,"Napoleon, OH",8724,4052,76,urban_cluster,small_urban,False
61111,"Nappanee, IN",6937,2950,76,urban_cluster,small_urban,False
61138,"Narrows, VA--WV",4229,1962,76,urban_cluster,rural,False
61165,"Nashua, NH--MA",226400,91802,75,urbanized_area,large_urbanized,False
61192,"Nashville, AR",4488,1945,76,urban_cluster,rural,False
61219,"Nashville, GA",4601,2114,76,urban_cluster,rural,False
61246,"Nashville, IL",3238,1443,76,urban_cluster,rural,False
61273,"Nashville-Davidson, TN",969587,415974,75,urbanized_area,large_urbanized,True
61300,"Nassau Village-Ratliff, FL",5243,2135,76,urban_cluster,small_urban,False
61327,"Natchez, MS--LA",28199,13150,76,urban_cluster,small_urban,False
61354,"Natchitoches, LA",19763,8431,76,urban_cluster,small_urban,False
61381,"Navasota, TX",8273,2691,76,urban_cluster,small_urban,False
61408,"Nebraska City, NE",7066,3178,76,urban_cluster,small_urban,False
61435,"Needles, CA--AZ",8520,4616,76,urban_cluster,small_urban,False
61462,"Needville, TX",2844,1104,76,urban_cluster,rural,False
61478,"Nelson, GA",4091,1624,76,urban_cluster,rural,False
61489,"Nelsonville, OH",6359,2511,76,urban_cluster,small_urban,False
61516,"Neodesha, KS",2570,1242,76,urban_cluster,rural,False
61543,"Neosho, MO",11955,5017,76,urban_cluster,small_urban,False
61570,"Nephi, UT",5249,1809,76,urban_cluster,small_urban,False
61597,"Nevada, IA",6728,2957,76,urban_cluster,small_urban,False
61624,"Nevada, MO",8832,4167,76,urban_cluster,small_urban,False
61651,"New Albany, MS",6632,2795,76,urban_cluster,small_urban,False
61678,"Newark, NY",13799,6111,76,urban_cluster,small_urban,False
61705,"Newark, OH",76068,34107,75,urbanized_area,small_urbanized,False
61732,"Newaygo, MI",3335,1822,76,urban_cluster,rural,False
61759,"New Baden, IL",3424,1357,76,urban_cluster,rural,False
61786,"New Bedford, MA",149443,64978,75,urbanized_area,small_urbanized,False
61813,"Newberg, OR",27001,10093,76,urban_cluster,small_urban,False
61840,"New Bern, NC",50503,23602,75,urbanized_area,small_urbanized,False
61867,"Newberry, MI",3225,1100,76,urban_cluster,rural,False
61894,"Newberry, SC",12046,5254,76,urban_cluster,small_urban,False
61921,"New Boston, TX",4707,2177,76,urban_cluster,rural,False
61975,"New Bremen--Minster, OH",7431,3040,76,urban_cluster,small_urban,False
62056,"New Carlisle, IN",3662,1588,76,urban_cluster,rural,False
62110,"New Castle, CO",5449,2055,76,urban_cluster,small_urban,False
62137,"New Castle, IN",22816,9976,76,urban_cluster,small_urban,False
62164,"New Castle, PA",41907,19772,76,urban_cluster,small_urban,False
62191,"Newcastle, WY",3277,1654,76,urban_cluster,rural,False
62218,"Newcomerstown, OH",4170,1992,76,urban_cluster,rural,False
62245,"New Concord, OH",2949,938,76,urban_cluster,rural,False
62272,"New Cordell, OK",2876,1363,76,urban_cluster,rural,False
62326,"Newfane, NY",5626,2725,76,urban_cluster,small_urban,False
62353,"New Freedom--Shrewsbury, PA--MD",14179,5763,76,urban_cluster,small_urban,False
62380,"New Hampton, IA",3292,1563,76,urban_cluster,rural,False
62407,"New Haven, CT",562839,239054,75,urbanized_area,large_urbanized,True
62461,"New Lebanon, OH",4078,1698,76,urban_cluster,rural,False
62488,"New Lexington, OH",4940,2087,76,urban_cluster,rural,False
62505,"New London, MN",3188,1906,76,urban_cluster,rural,False
62515,"New London, WI",7643,3458,76,urban_cluster,small_urban,False
62542,"New Madrid, MO",3214,1505,76,urban_cluster,rural,False
62569,"Newman, CA",10223,3356,76,urban_cluster,small_urban,False
62623,"New Martinsville, WV--OH",6138,3001,76,urban_cluster,small_urban,False
62677,"New Orleans, LA",899703,426562,75,urbanized_area,large_urbanized,True
62731,"New Philadelphia--Dover, OH",46366,20712,76,urban_cluster,small_urban,False
62758,"Newport, AR",6288,3072,76,urban_cluster,small_urban,False
62785,"Newport, NH",3142,1501,76,urban_cluster,rural,False
62839,"Newport, OR",11188,6291,76,urban_cluster,small_urban,False
62866,"Newport, PA",2657,1232,76,urban_cluster,rural,False
62893,"Newport, TN",11603,5499,76,urban_cluster,small_urban,False
62920,"Newport, VT",4004,1842,76,urban_cluster,rural,False
62930,"Newport, WA--ID",2619,1191,76,urban_cluster,rural,False
62947,"New Prague, MN",7850,3028,76,urban_cluster,small_urban,False
62964,"New Richmond, OH",2838,1184,76,urban_cluster,rural,False
62974,"New Richmond, WI",8275,3649,76,urban_cluster,small_urban,False
63001,"New Roads, LA",7947,4351,76,urban_cluster,small_urban,False
63028,"New Tazewell, TN",4598,2175,76,urban_cluster,rural,False
63055,"Newton, IL",2923,1411,76,urban_cluster,rural,False
63082,"Newton, IA",15655,7558,76,urban_cluster,small_urban,False
63109,"Newton, KS",20654,8895,76,urban_cluster,small_urban,False
63136,"Newton, MS",2810,1228,76,urban_cluster,rural,False
63137,"Newton, NJ",11941,5243,76,urban_cluster,small_urban,False
63163,"New Ulm, MN",13367,5912,76,urban_cluster,small_urban,False
63190,"New Wilmington, PA",2638,726,76,urban_cluster,rural,False
63217,"New York--Newark, NY--NJ--CT",18351295,7263095,75,urbanized_area,major_urbanized,True
63244,"Nicholasville, KY",28058,11399,76,urban_cluster,small_urban,False
63271,"Nine Mile Falls, WA",4086,1432,76,urban_cluster,rural,False
63282,"Nipomo, CA",15882,5740,76,urban_cluster,small_urban,False
63298,"Nocona, TX",2953,1410,76,urban_cluster,rural,False
63325,"Nogales, AZ",32044,10588,76,urban_cluster,small_urban,False
63352,"Nokomis, IL",3357,1626,76,urban_cluster,rural,False
63379,"Nome, AK",3222,1364,76,urban_cluster,rural,False
63406,"Norfolk, NE",26769,11576,76,urban_cluster,small_urban,False
63433,"Norman, OK",103898,45160,75,urbanized_area,small_urbanized,False
63447,"Norris, TN",3005,1280,76,urban_cluster,rural,False
63460,"North Adams, MA--VT",18470,8202,76,urban_cluster,small_urban,False
63487,"North Baltimore, OH",3474,1490,76,urban_cluster,rural,False
63541,"North Branch, MN",6447,2483,76,urban_cluster,small_urban,False
63568,"North Brookfield, MA",7194,3372,76,urban_cluster,small_urban,False
63579,"North Conway, NH",4685,3183,76,urban_cluster,rural,False
63588,"North Eagle Butte, SD",2645,868,76,urban_cluster,rural,False
63622,"North East, PA",6456,2772,76,urban_cluster,small_urban,False
63649,"Northern Cambria, PA",6544,2953,76,urban_cluster,small_urban,False
63676,"Northfield, MN",21535,7438,76,urban_cluster,small_urban,False
63703,"Northfield, VT",4250,1159,76,urban_cluster,rural,False
63784,"North Manchester, IN",6031,2444,76,urban_cluster,small_urban,False
63811,"North Platte, NE",25213,11636,76,urban_cluster,small_urban,False
63838,"North Port--Port Charlotte, FL",169541,97194,75,urbanized_area,small_urbanized,False
63851,"North Shore, CA",3012,669,76,urban_cluster,rural,False
63865,"North Vernon, IN",11354,5159,76,urban_cluster,small_urban,False
63892,"North Webster, IN",3662,2932,76,urban_cluster,rural,False
63946,"North Wilkesboro--Wilkesboro, NC",18264,8474,76,urban_cluster,small_urban,False
64000,"Norton, KS",2893,1452,76,urban_cluster,rural,False
64027,"Norton--Wise, VA",10510,4776,76,urban_cluster,small_urban,False
64054,"Norwalk, OH",20806,9039,76,urban_cluster,small_urban,False
64108,"Norwich, NY",8265,3884,76,urban_cluster,small_urban,False
64135,"Norwich--New London, CT--RI",209190,96682,75,urbanized_area,large_urbanized,False
64189,"Norwood Young America, MN",3486,1453,76,urban_cluster,rural,False
64216,"Nowata, OK",3632,1719,76,urban_cluster,rural,False
64243,"Nyssa, OR",3475,1229,76,urban_cluster,rural,False
64297,"Oakdale, LA",7878,2472,76,urban_cluster,small_urban,False
64351,"Oak Harbor, OH",2794,1245,76,urban_cluster,rural,False
64378,"Oak Harbor, WA",33004,14088,76,urban_cluster,small_urban,False
64432,"Oakhurst, CA",2913,1401,76,urban_cluster,rural,False
64459,"Oak Island, NC",11226,11503,76,urban_cluster,small_urban,False
64475,"Oakland, TN",7057,2774,76,urban_cluster,small_urban,False
64486,"Oakland City, IN",2515,1187,76,urban_cluster,rural,False
64513,"Oakridge, OR",3214,1601,76,urban_cluster,rural,False
64550,"Oberlin, OH",7966,2839,76,urban_cluster,small_urban,False
64567,"Ocala, FL",156909,75984,75,urbanized_area,small_urbanized,False
64577,"Ocala Estates, FL",2939,1148,76,urban_cluster,rural,False
64594,"Oceana, WV",2645,1216,76,urban_cluster,rural,False
64648,"Ocean Park, WA",3288,3860,76,urban_cluster,rural,False
64660,"Ocean Pines, MD--DE",33105,50198,76,urban_cluster,small_urban,False
64675,"Ocean Shores, WA",5218,4183,76,urban_cluster,small_urban,False
64702,"Ocean View, DE",12342,17216,76,urban_cluster,small_urban,False
64729,"Ocilla, GA",3366,1207,76,urban_cluster,rural,False
64756,"Oconto, WI",4273,1957,76,urban_cluster,rural,False
64783,"Oconto Falls, WI",2621,1207,76,urban_cluster,rural,False
64810,"Odem, TX",2775,1029,76,urban_cluster,rural,False
64837,"Odessa, MO",5199,2243,76,urban_cluster,small_urban,False
64864,"Odessa, TX",126405,49472,75,urbanized_area,small_urbanized,False
64891,"Oelwein, IA",6994,3332,76,urban_cluster,small_urban,False
64918,"Ogallala, NE",4424,2223,76,urban_cluster,rural,False
64945,"Ogden--Layton, UT",546026,184349,75,urbanized_area,large_urbanized,True
64972,"Ogdensburg, NY",11344,4397,76,urban_cluster,small_urban,False
64999,"Oil City, PA",15296,7179,76,urban_cluster,small_urban,False
65026,"Okeechobee--Taylor Creek, FL",25378,11854,76,urban_cluster,small_urban,False
65053,"Okemah, OK",3152,1443,76,urban_cluster,rural,False
65080,"Oklahoma City, OK",861505,376247,75,urbanized_area,large_urbanized,True
65107,"Okmulgee, OK",14053,6374,76,urban_cluster,small_urban,False
65161,"Olean, NY",22324,10109,76,urban_cluster,small_urban,False
65188,"Olney, IL",9177,4319,76,urban_cluster,small_urban,False
65215,"Olney, TX",3282,1539,76,urban_cluster,rural,False
65242,"Olympia--Lacey, WA",176617,77203,75,urbanized_area,small_urbanized,False
65269,"Omaha, NE--IA",725008,302208,75,urbanized_area,large_urbanized,True
65296,"Omak, WA",8229,3560,76,urban_cluster,small_urban,False
65323,"Omro, WI",3358,1466,76,urban_cluster,rural,False
65338,"Onalaska, TX",5016,3392,76,urban_cluster,small_urban,False
65350,"Onawa, IA",2662,1367,76,urban_cluster,rural,False
65404,"Oneida, NY",21784,9758,76,urban_cluster,small_urban,False
65431,"Oneida, TN",4322,2085,76,urban_cluster,rural,False
65458,"O'Neill, NE",3682,1774,76,urban_cluster,rural,False
65485,"Oneonta, AL",5374,2225,76,urban_cluster,small_urban,False
65512,"Oneonta, NY",17229,6328,76,urban_cluster,small_urban,False
65539,"Ontario, OR--ID",25539,10330,76,urban_cluster,small_urban,False
65566,"Oostburg, WI",2724,1097,76,urban_cluster,rural,False
65593,"Opelousas, LA",25534,10820,76,urban_cluster,small_urban,False
65620,"Opp, AL",4806,2352,76,urban_cluster,rural,False
65674,"Orange, VA",4902,2053,76,urban_cluster,rural,False
65701,"Orangeburg, SC",33506,14705,76,urban_cluster,small_urban,False
65728,"Orange City, IA",6842,2355,76,urban_cluster,small_urban,False
65755,"Orange Cove, CA",9774,2425,76,urban_cluster,small_urban,False
65767,"Orangetree, FL",7624,2737,76,urban_cluster,small_urban,False
65782,"Oregon, IL",3813,1843,76,urban_cluster,rural,False
65809,"Oregon, WI",11059,4460,76,urban_cluster,small_urban,False
65836,"Orland, CA",9282,3378,76,urban_cluster,small_urban,False
65863,"Orlando, FL",1510516,648166,75,urbanized_area,major_urbanized,True
65890,"Orofino, ID",3626,1541,76,urban_cluster,rural,False
65917,"Orosi, CA",15150,3555,76,urban_cluster,small_urban,False
65944,"Oroville, CA",37122,14828,76,urban_cluster,small_urban,False
65971,"Orrville, OH",8563,3767,76,urban_cluster,small_urban,False
66025,"Orwigsburg, PA",5645,2447,76,urban_cluster,small_urban,False
66052,"Osage, IA",3535,1720,76,urban_cluster,rural,False
66060,"Osage Beach, MO",3706,3983,76,urban_cluster,rural,False
66068,"Osage City, KS",2683,1248,76,urban_cluster,rural,False
66079,"Osawatomie, KS",4365,1847,76,urban_cluster,rural,False
66093,"Osburn, ID",2521,1372,76,urban_cluster,rural,False
66106,"Osceola, AR",8280,3566,76,urban_cluster,small_urban,False
66133,"Osceola, IA",4819,2127,76,urban_cluster,rural,False
66134,"Osceola, WI",3593,1678,76,urban_cluster,rural,False
66160,"Oshkosh, WI",74495,31552,75,urbanized_area,small_urbanized,False
66187,"Oskaloosa, IA",12545,5599,76,urban_cluster,small_urban,False
66214,"Ossian, IN",3711,1562,76,urban_cluster,rural,False
66241,"Oswego, NY",39385,15894,76,urban_cluster,small_urban,False
66268,"Othello, WA",11207,3138,76,urban_cluster,small_urban,False
66276,"Otisville, NY",4207,883,76,urban_cluster,rural,False
66285,"Otsego--Plainwell, MI",11740,5030,76,urban_cluster,small_urban,False
66295,"Ottawa, IL",20612,9409,76,urban_cluster,small_urban,False
66322,"Ottawa, KS",12450,5403,76,urban_cluster,small_urban,False
66349,"Ottawa, OH",5270,2270,76,urban_cluster,small_urban,False
66376,"Ottumwa, IA",24771,11172,76,urban_cluster,small_urban,False
66430,"Owatonna, MN",25394,10657,76,urban_cluster,small_urban,False
66457,"Owego, NY",5071,2363,76,urban_cluster,small_urban,False
66484,"Owensboro, KY",70543,31147,75,urbanized_area,small_urbanized,False
66511,"Owensville, MO",2912,1372,76,urban_cluster,rural,False
66538,"Owosso, MI",22426,10019,76,urban_cluster,small_urban,False
66565,"Oxford, MS",25768,12514,76,urban_cluster,small_urban,False
66592,"Oxford, NC",9174,4067,76,urban_cluster,small_urban,False
66619,"Oxford, OH",21376,6622,76,urban_cluster,small_urban,False
66673,"Oxnard, CA",367260,119243,75,urbanized_area,large_urbanized,True
66690,"Ozark, AL",12066,5599,76,urban_cluster,small_urban,False
66700,"Ozark, AR",3153,1418,76,urban_cluster,rural,False
66727,"Ozona, TX",2873,1231,76,urban_cluster,rural,False
66740,"Pacific, MO",10327,4392,76,urban_cluster,small_urban,False
66754,"Paden City, WV",2682,1284,76,urban_cluster,rural,False
66781,"Paducah, KY--IL",48791,23875,76,urban_cluster,small_urban,False
66808,"Page, AZ",6665,2534,76,urban_cluster,small_urban,False
66835,"Pageland, SC",4100,1748,76,urban_cluster,rural,False
66889,"Pagosa Springs, CO",4909,3371,76,urban_cluster,rural,False
66916,"Pahokee, FL",7179,2659,76,urban_cluster,small_urban,False
66943,"Pahrump, NV",28446,13834,76,urban_cluster,small_urban,False
66997,"Paintsville, KY",6027,2846,76,urban_cluster,small_urban,False
67024,"Palacios, TX",4591,1927,76,urban_cluster,rural,False
67051,"Palatka, FL",23982,10794,76,urban_cluster,small_urban,False
67078,"Palestine, TX",19254,8126,76,urban_cluster,small_urban,False
67105,"Palm Bay--Melbourne, FL",452791,222477,75,urbanized_area,large_urbanized,True
67134,"Palm Coast--Daytona Beach--Port Orange, FL",349064,196509,75,urbanized_area,large_urbanized,True
67213,"Palmyra, MO",3577,1550,76,urban_cluster,rural,False
67223,"Palmyra, NY",5214,2322,76,urban_cluster,small_urban,False
67231,"Paloma Creek South--Paloma Creek, TX",5234,1817,76,urban_cluster,small_urban,False
67240,"Pampa, TX",18166,8580,76,urban_cluster,small_urban,False
67267,"Pana, IL",5943,2902,76,urban_cluster,small_urban,False
67294,"Panama City, FL",143280,87385,75,urbanized_area,small_urbanized,False
67305,"Panama City Northeast, FL",5817,2051,76,urban_cluster,small_urban,False
67321,"Paola, KS",5399,2272,76,urban_cluster,small_urban,False
67348,"Paoli, IN",3282,1472,76,urban_cluster,rural,False
67375,"Paradise, CA",34725,17001,76,urban_cluster,small_urban,False
67402,"Paragould, AR",24620,10516,76,urban_cluster,small_urban,False
67456,"Paris, AR",3143,1482,76,urban_cluster,rural,False
67483,"Paris, IL",8953,4352,76,urban_cluster,small_urban,False
67510,"Paris, KY",11042,5003,76,urban_cluster,small_urban,False
67537,"Paris, TN",10642,5219,76,urban_cluster,small_urban,False
67564,"Paris, TX",26349,12366,76,urban_cluster,small_urban,False
67618,"Park City, UT",13352,8870,76,urban_cluster,small_urban,False
67645,"Parker, AZ--CA",4768,2130,76,urban_cluster,rural,False
67672,"Parkersburg, WV--OH",67229,32164,75,urbanized_area,small_urbanized,False
67726,"Park Rapids, MN",3398,1834,76,urban_cluster,rural,False
67753,"Parlier, CA",14490,3499,76,urban_cluster,small_urban,False
67765,"Parowan, UT",2551,1137,76,urban_cluster,rural,False
67780,"Parsons, KS",10298,4928,76,urban_cluster,small_urban,False
67807,"Pascagoula, MS",50428,22791,75,urbanized_area,small_urbanized,False
67861,"Patterson, CA",20781,6418,76,urban_cluster,small_urban,False
67882,"Patton, PA",2798,1357,76,urban_cluster,rural,False
67915,"Paulding, OH",3550,1691,76,urban_cluster,rural,False
67942,"Pauls Valley, OK",5835,2892,76,urban_cluster,small_urban,False
67969,"Pawhuska, OK",3623,1798,76,urban_cluster,rural,False
67996,"Pawleys Island, SC",11532,8424,76,urban_cluster,small_urban,False
68050,"Pawnee, IL",2869,1196,76,urban_cluster,rural,False
68077,"Paw Paw, MI",8684,3788,76,urban_cluster,small_urban,False
68106,"Paw Paw Lake--Hartford, MI",11589,5652,76,urban_cluster,small_urban,False
68131,"Paxton, IL",4916,2172,76,urban_cluster,rural,False
68158,"Payson, AZ",14210,7924,76,urban_cluster,small_urban,False
68171,"Peaceful Valley, WA",3025,1378,76,urban_cluster,rural,False
68196,"Pearisburg, VA",2884,1399,76,urban_cluster,rural,False
68212,"Pearsall, TX",9460,2831,76,urban_cluster,small_urban,False
68228,"Pecan Acres, TX",5269,2043,76,urban_cluster,small_urban,False
68239,"Pecan Plantation, TX",6366,3037,76,urban_cluster,small_urban,False
68266,"Pecos, TX",11785,3541,76,urban_cluster,small_urban,False
68320,"Pelham, GA",3750,1499,76,urban_cluster,rural,False
68347,"Pella, IA",9745,3852,76,urban_cluster,small_urban,False
68374,"Pell City, AL",11096,5208,76,urban_cluster,small_urban,False
68401,"Pembroke, NC",7436,2427,76,urban_cluster,small_urban,False
68428,"Pendleton, OR",17216,7030,76,urban_cluster,small_urban,False
68455,"Penn Yan, NY",6777,2962,76,urban_cluster,small_urban,False
68482,"Pensacola, FL--AL",340067,157262,75,urbanized_area,large_urbanized,True
68509,"Peoria, IL",266921,118090,75,urbanized_area,large_urbanized,True
68536,"Peotone, IL",4172,1594,76,urban_cluster,rural,False
68572,"Perham, MN",2929,1343,76,urban_cluster,rural,False
68590,"Perry, FL",6933,3087,76,urban_cluster,small_urban,False
68644,"Perry, IA",7628,3137,76,urban_cluster,small_urban,False
68671,"Perry, MI",4290,1721,76,urban_cluster,rural,False
68698,"Perry, NY",3688,2050,76,urban_cluster,rural,False
68725,"Perry, OK",5052,2519,76,urban_cluster,small_urban,False
68752,"Perryton, TX",8801,3427,76,urban_cluster,small_urban,False
68779,"Perryville, MO",8419,3652,76,urban_cluster,small_urban,False
68806,"Peru, IN",13095,6470,76,urban_cluster,small_urban,False
68833,"Peru--LaSalle, IL",32048,14747,76,urban_cluster,small_urban,False
68860,"Peshtigo, WI",3441,1608,76,urban_cluster,rural,False
68887,"Petaluma, CA",64078,25355,75,urbanized_area,small_urbanized,False
68900,"Peterborough, NH",3165,1570,76,urban_cluster,rural,False
68941,"Petersburg, IL",3088,1507,76,urban_cluster,rural,False
68995,"Petersburg, WV",2545,1349,76,urban_cluster,rural,False
69022,"Petoskey, MI",8210,4909,76,urban_cluster,small_urban,False
69034,"Phelan, CA",6629,2431,76,urban_cluster,small_urban,False
69049,"Philadelphia, MS",7759,3381,76,urban_cluster,small_urban,False
69076,"Philadelphia, PA--NJ--DE--MD",5441567,2231613,75,urbanized_area,major_urbanized,True
69103,"Philippi, WV",2700,1253,76,urban_cluster,rural,False
69130,"Philipsburg, PA",10015,4168,76,urban_cluster,small_urban,False
69157,"Phillipsburg, KS",2609,1321,76,urban_cluster,rural,False
69184,"Phoenix--Mesa, AZ",3629114,1575123,75,urbanized_area,major_urbanized,True
69211,"Picayune, MS",16792,7438,76,urban_cluster,small_urban,False
69238,"Picture Rocks, AZ",4345,1819,76,urban_cluster,rural,False
69265,"Piedmont, AL",3666,1850,76,urban_cluster,rural,False
69292,"Pierre, SD",14425,6605,76,urban_cluster,small_urban,False
69319,"Pierre Part, LA",3829,1738,76,urban_cluster,rural,False
69346,"Piggott, AR",3437,1755,76,urban_cluster,rural,False
69373,"Pikeville, KY",7936,3623,76,urban_cluster,small_urban,False
69400,"Pilot Point, TX",3579,1316,76,urban_cluster,rural,False
69427,"Pinckneyville, IL",5670,1673,76,urban_cluster,small_urban,False
69454,"Pine Bluff, AR",53495,22629,75,urbanized_area,small_urbanized,False
69481,"Pine City, MN",3032,1464,76,urban_cluster,rural,False
69508,"Pine Grove, PA",3462,1591,76,urban_cluster,rural,False
69517,"Pinehurst--Southern Pines, NC",36272,19440,76,urban_cluster,small_urban,False
69526,"Pine Island, MN",2945,1259,76,urban_cluster,rural,False
69535,"Pine Ridge, SD",2720,685,76,urban_cluster,rural,False
69589,"Pipestone, MN",4098,2008,76,urban_cluster,rural,False
69616,"Piqua, OH",21104,9575,76,urban_cluster,small_urban,False
69632,"Pittsboro, NC",3410,1551,76,urban_cluster,rural,False
69643,"Pittsburg, KS",22918,10449,76,urban_cluster,small_urban,False
69670,"Pittsburg, TX",4777,1921,76,urban_cluster,rural,False
69697,"Pittsburgh, PA",1733853,822265,75,urbanized_area,major_urbanized,True
69724,"Pittsfield, IL",4550,2016,76,urban_cluster,rural,False
69751,"Pittsfield, ME",2523,1034,76,urban_cluster,rural,False
69778,"Pittsfield, MA",59124,28511,75,urbanized_area,small_urbanized,False
69832,"Placerville--Diamond Springs, CA",29700,13452,76,urban_cluster,small_urban,False
69886,"Plain City, OH",4223,1702,76,urban_cluster,rural,False
69940,"Plainview, MN",3329,1350,76,urban_cluster,rural,False
69967,"Plainview, TX",25810,9118,76,urban_cluster,small_urban,False
70021,"Planada, CA",4523,1193,76,urban_cluster,rural,False
70102,"Platte City, MO",8958,3722,76,urban_cluster,small_urban,False
70129,"Platteville, WI",11236,3844,76,urban_cluster,small_urban,False
70156,"Plattsburgh, NY",29438,12756,76,urban_cluster,small_urban,False
70183,"Plattsmouth, NE",6596,2905,76,urban_cluster,small_urban,False
70210,"Pleasant Hill, MO",8049,3149,76,urban_cluster,small_urban,False
70237,"Pleasanton, TX",12468,4957,76,urban_cluster,small_urban,False
70270,"Pleasant View, TN",3730,1331,76,urban_cluster,rural,False
70280,"Plumas Lake, CA",5252,1717,76,urban_cluster,small_urban,False
70291,"Plymouth, IN",12498,5345,76,urban_cluster,small_urban,False
70318,"Plymouth, NH",4959,1147,76,urban_cluster,rural,False
70345,"Plymouth, NC",4265,2003,76,urban_cluster,rural,False
70372,"Plymouth, WI",8799,4170,76,urban_cluster,small_urban,False
70399,"Pocahontas, AR",5854,2705,76,urban_cluster,small_urban,False
70426,"Pocatello, ID",69809,27888,75,urbanized_area,small_urbanized,False
70453,"Pocomoke City, MD",4329,1958,76,urban_cluster,rural,False
70465,"Pocono Woodland Lakes, PA",7020,3127,76,urban_cluster,small_urban,False
70480,"Poinciana, FL",41922,16363,76,urban_cluster,small_urban,False
70490,"Poinciana Southwest, FL",5501,2321,76,urban_cluster,small_urban,False
70507,"Point Pleasant--Gallipolis, OH--WV",11217,5515,76,urban_cluster,small_urban,False
70534,"Pojoaque, NM",4733,2181,76,urban_cluster,rural,False
70548,"Polk City, IA",3122,1147,76,urban_cluster,rural,False
70588,"Polson, MT",4763,2542,76,urban_cluster,rural,False
70615,"Ponca City, OK",26047,12241,76,urban_cluster,small_urban,False
70642,"Ponce, PR",149539,63117,75,urbanized_area,small_urbanized,False
70669,"Pontiac, IL",12323,4873,76,urban_cluster,small_urban,False
70696,"Pontotoc, MS",4807,1980,76,urban_cluster,rural,False
70750,"Poolesville, MD",4620,1582,76,urban_cluster,rural,False
70777,"Poplar, MT",2743,857,76,urban_cluster,rural,False
70804,"Poplar Bluff, MO",20463,9570,76,urban_cluster,small_urban,False
70815,"Poplar-Cotton Center, CA",3158,762,76,urban_cluster,rural,False
70831,"Portage, PA",7247,3371,76,urban_cluster,small_urban,False
70858,"Portage, WI",10391,4563,76,urban_cluster,small_urban,False
70885,"Portageville, MO",3151,1372,76,urban_cluster,rural,False
70912,"Portales, NM",12610,5093,76,urban_cluster,small_urban,False
70939,"Port Angeles, WA",22863,11080,76,urban_cluster,small_urban,False
70993,"Port Arthur, TX",153150,62724,75,urbanized_area,small_urbanized,False
71020,"Port Barre, LA",2570,1102,76,urban_cluster,rural,False
71047,"Port Clinton, OH",13349,12215,76,urban_cluster,small_urban,False
71074,"Porterville, CA",70272,21173,75,urbanized_area,small_urbanized,False
71128,"Port Hadlock-Irondale, WA",4305,2214,76,urban_cluster,rural,False
71155,"Port Huron, MI",87106,40788,75,urbanized_area,small_urbanized,False
71182,"Port Isabel--Laguna Heights, TX",14950,12478,76,urban_cluster,small_urban,False
71209,"Port Jervis, NY--PA",16787,7663,76,urban_cluster,small_urban,False
71236,"Portland, IN",6006,2839,76,urban_cluster,small_urban,False
71263,"Portland, ME",203914,98350,75,urbanized_area,large_urbanized,False
71290,"Portland, MI",5020,2251,76,urban_cluster,small_urban,False
71317,"Portland, OR--WA",1849898,777016,75,urbanized_area,major_urbanized,True
71344,"Portland, TN--KY",10869,4295,76,urban_cluster,small_urban,False
71371,"Port Lavaca, TX",11817,4638,76,urban_cluster,small_urban,False
71398,"Portola, CA",2523,1292,76,urban_cluster,rural,False
71452,"Port St. Joe, FL",3635,1852,76,urban_cluster,rural,False
71479,"Port St. Lucie, FL",376047,190725,75,urbanized_area,large_urbanized,True
71506,"Portsmouth, NH--ME",88200,47590,75,urbanized_area,small_urbanized,False
71533,"Portsmouth, OH--KY",36232,16633,76,urban_cluster,small_urban,False
71560,"Port Townsend, WA",8400,4815,76,urban_cluster,small_urban,False
71614,"Post, TX",5018,1307,76,urban_cluster,small_urban,False
71641,"Poteau, OK",7791,3251,76,urban_cluster,small_urban,False
71668,"Poteet, TX",3199,1160,76,urban_cluster,rural,False
71695,"Potosi, MO",4919,1817,76,urban_cluster,rural,False
71722,"Potsdam, NY",9310,2528,76,urban_cluster,small_urban,False
71749,"Pottstown, PA",107682,43607,75,urbanized_area,small_urbanized,False
71776,"Pottsville, PA",43247,20754,76,urban_cluster,small_urban,False
71803,"Poughkeepsie--Newburgh, NY--NJ",423566,158439,75,urbanized_area,large_urbanized,True
71830,"Powell, WY",6389,2660,76,urban_cluster,small_urban,False
71857,"Prairie du Chien, WI--IA",6872,3117,76,urban_cluster,small_urban,False
71884,"Prairie du Sac--Sauk City, WI",7733,3374,76,urban_cluster,small_urban,False
71911,"Prairie Grove, AR",3213,1420,76,urban_cluster,rural,False
71938,"Prairie View, TX",5569,1092,76,urban_cluster,small_urban,False
71965,"Pratt, KS",6546,3160,76,urban_cluster,small_urban,False
72019,"Premont, TX",2620,1071,76,urban_cluster,rural,False
72073,"Prescott, AR",2773,1317,76,urban_cluster,rural,False
72100,"Prescott, WI",4152,1755,76,urban_cluster,rural,False
72112,"Prescott Valley--Prescott, AZ",84744,43098,75,urbanized_area,small_urbanized,False
72120,"Presidential Lakes Estates, NJ",3015,902,76,urban_cluster,rural,False
72127,"Presidio, TX",4654,1835,76,urban_cluster,rural,False
72154,"Presque Isle, ME",6081,2966,76,urban_cluster,small_urban,False
72181,"Preston, ID",4323,1563,76,urban_cluster,rural,False
72208,"Prestonsburg, KY",5965,2843,76,urban_cluster,small_urban,False
72235,"Price, UT",14187,5834,76,urban_cluster,small_urban,False
72244,"Priceville, AL",3006,1176,76,urban_cluster,rural,False
72253,"Prince Frederick, MD",6357,2480,76,urban_cluster,small_urban,False
72262,"Princess Anne, MD",10396,2572,76,urban_cluster,small_urban,False
72289,"Princeton, IL",8043,3868,76,urban_cluster,small_urban,False
72316,"Princeton, IN",8645,3976,76,urban_cluster,small_urban,False
72343,"Princeton, KY",5890,2920,76,urban_cluster,small_urban,False
72370,"Princeton, MN",4942,2137,76,urban_cluster,rural,False
72410,"Princeville, HI",2653,2637,76,urban_cluster,rural,False
72424,"Prineville, OR",10905,4884,76,urban_cluster,small_urban,False
72505,"Providence, RI--MA",1190956,516656,75,urbanized_area,major_urbanized,True
72532,"Provincetown, MA",3152,4745,76,urban_cluster,rural,False
72559,"Provo--Orem, UT",482819,138258,75,urbanized_area,large_urbanized,True
72586,"Pryor Creek, OK",9325,4176,76,urban_cluster,small_urban,False
72613,"Pueblo, CO",136550,59538,75,urbanized_area,small_urbanized,False
72640,"Pukalani--Makawao--Haiku-Pauwela, HI",26128,10389,76,urban_cluster,small_urban,False
72667,"Pulaski, TN",7741,3858,76,urban_cluster,small_urban,False
72694,"Pulaski, VA",16066,7517,76,urban_cluster,small_urban,False
72721,"Pulaski, WI",3363,1447,76,urban_cluster,rural,False
72748,"Pullman, WA",29729,11928,76,urban_cluster,small_urban,False
72775,"Punxsutawney, PA",6394,3206,76,urban_cluster,small_urban,False
72829,"Purcell, OK",6877,2829,76,urban_cluster,small_urban,False
72856,"Purcellville, VA",11951,3889,76,urban_cluster,small_urban,False
72910,"Quarryville, PA",7233,2935,76,urban_cluster,small_urban,False
72937,"Quartzsite, AZ",3342,3114,76,urban_cluster,rural,False
73018,"Quincy, FL",9292,3645,76,urban_cluster,small_urban,False
73045,"Quincy, IL",45228,20565,76,urban_cluster,small_urban,False
73072,"Quincy, WA",6986,2087,76,urban_cluster,small_urban,False
73126,"Quitman, GA",3769,1838,76,urban_cluster,rural,False
73136,"Quitman, TX",2505,1163,76,urban_cluster,rural,False
73153,"Racine, WI",133700,56766,75,urbanized_area,small_urbanized,False
73245,"Rainbow Lakes Estates, FL",5155,2965,76,urban_cluster,small_urban,False
73261,"Raleigh, NC",884891,365168,75,urbanized_area,large_urbanized,True
73288,"Ramona, CA",25913,9052,76,urban_cluster,small_urban,False
73300,"Ramseur, NC",2951,1221,76,urban_cluster,rural,False
73315,"Rancho Calaveras--Valley Springs, CA",7457,3062,76,urban_cluster,small_urban,False
73342,"Rancho Murieta, CA",5376,2389,76,urban_cluster,small_urban,False
73369,"Rantoul, IL",14071,6521,76,urban_cluster,small_urban,False
73396,"Rapid City, SD",81251,35309,75,urbanized_area,small_urbanized,False
73423,"Rathdrum, ID",6539,2455,76,urban_cluster,small_urban,False
73450,"Raton, NM",6551,3357,76,urban_cluster,small_urban,False
73477,"Ravena, NY",5358,2527,76,urban_cluster,small_urban,False
73504,"Ravenswood, WV",4150,1945,76,urban_cluster,rural,False
73531,"Rawlins, WY",9272,3990,76,urban_cluster,small_urban,False
73554,"Raymond, MS",3178,693,76,urban_cluster,rural,False
73585,"Raymond, WA",4082,1871,76,urban_cluster,rural,False
73612,"Raymondville, TX",14481,4125,76,urban_cluster,small_urban,False
73639,"Rayne, LA",9385,4044,76,urban_cluster,small_urban,False
73666,"Rayville, LA",4267,1772,76,urban_cluster,rural,False
73693,"Reading, PA",266254,107728,75,urbanized_area,large_urbanized,True
73720,"Red Bluff, CA",18434,7768,76,urban_cluster,small_urban,False
73747,"Red Bud, IL",3695,1643,76,urban_cluster,rural,False
73774,"Redding, CA",117731,50181,75,urbanized_area,small_urbanized,False
73828,"Red Hook, NY",6661,2425,76,urban_cluster,small_urban,False
73882,"Redmond, OR",27685,11581,76,urban_cluster,small_urban,False
73909,"Red Oak, IA",5597,2799,76,urban_cluster,small_urban,False
73936,"Red Springs, NC",4185,1810,76,urban_cluster,rural,False
73963,"Red Wing, MN",14367,6594,76,urban_cluster,small_urban,False
73990,"Redwood Falls, MN",4958,2313,76,urban_cluster,rural,False
74044,"Reedley--Dinuba, CA",46247,12932,76,urban_cluster,small_urban,False
74071,"Reedsburg, WI",9190,4102,76,urban_cluster,small_urban,False
74098,"Reedsport, OR",4487,2440,76,urban_cluster,rural,False
74125,"Refugio, TX",2903,1359,76,urban_cluster,rural,False
74142,"Reidsville, GA",4945,1214,76,urban_cluster,rural,False
74152,"Reidsville, NC",14067,6954,76,urban_cluster,small_urban,False
74179,"Reno, NV--CA",392141,168328,75,urbanized_area,large_urbanized,True
74206,"Rensselaer, IN",6048,2552,76,urban_cluster,small_urban,False
74260,"Rexburg, ID",26852,8000,76,urban_cluster,small_urban,False
74287,"Reynoldsville, PA",2839,1325,76,urban_cluster,rural,False
74314,"Rhinebeck, NY",3032,1637,76,urban_cluster,rural,False
74341,"Rhinelander, WI",9010,4659,76,urban_cluster,small_urban,False
74368,"Rice Lake, WI",9507,4653,76,urban_cluster,small_urban,False
74395,"Richfield, UT",7340,2732,76,urban_cluster,small_urban,False
74449,"Richgrove, CA",2867,607,76,urban_cluster,rural,False
74557,"Richland Center, WI",5021,2535,76,urban_cluster,small_urban,False
74584,"Richlands, VA",9588,4632,76,urban_cluster,small_urban,False
74601,"Richlands South, NC",5278,1871,76,urban_cluster,small_urban,False
74638,"Richmond, IN--OH",44136,20903,76,urban_cluster,small_urban,False
74665,"Richmond, KY",35540,15448,76,urban_cluster,small_urban,False
74692,"Richmond, MI",6140,2623,76,urban_cluster,small_urban,False
74719,"Richmond, MO",5307,2532,76,urban_cluster,small_urban,False
74746,"Richmond, VA",953556,405840,75,urbanized_area,large_urbanized,True
74827,"Ridgecrest, CA",31155,13461,76,urban_cluster,small_urban,False
74840,"Ridgefield, WA",4259,1486,76,urban_cluster,rural,False
74854,"Ridgeland, SC",5301,1680,76,urban_cluster,small_urban,False
74881,"Ridge Manor, FL",2971,1419,76,urban_cluster,rural,False
74908,"Ridgway, PA",4410,2225,76,urban_cluster,rural,False
74935,"Rifle, CO",10479,4022,76,urban_cluster,small_urban,False
74962,"Rigby, ID",8729,2835,76,urban_cluster,small_urban,False
74989,"Rincon, GA",12111,4776,76,urban_cluster,small_urban,False
75016,"Rio Bravo--El Cenizo, TX",8067,2163,76,urban_cluster,small_urban,False
75043,"Rio Dell, CA",4079,1638,76,urban_cluster,rural,False
75072,"Rio Grande City--Roma, TX",46344,14323,76,urban_cluster,small_urban,False
75080,"Rio Hondo, TX",4423,1398,76,urban_cluster,rural,False
75089,"Rio Rico Northeast, AZ",2628,976,76,urban_cluster,rural,False
75097,"Rio Vista, CA",7097,3752,76,urban_cluster,small_urban,False
75124,"Ripley, MS",3592,1583,76,urban_cluster,rural,False
75151,"Ripley, TN",8763,3840,76,urban_cluster,small_urban,False
75178,"Ripley, WV",4193,2061,76,urban_cluster,rural,False
75205,"Ripon, WI",7930,3381,76,urban_cluster,small_urban,False
75270,"Riverdale, CA",2823,814,76,urban_cluster,rural,False
75286,"River Falls, WI",15351,5581,76,urban_cluster,small_urban,False
75340,"Riverside--San Bernardino, CA",1932666,590206,75,urbanized_area,major_urbanized,True
75367,"Riverton, WY",12265,5244,76,urban_cluster,small_urban,False
75394,"Roanoke, AL",4275,2054,76,urban_cluster,rural,False
75421,"Roanoke, VA",210111,96367,75,urbanized_area,large_urbanized,False
75448,"Roanoke Rapids, NC",24450,11082,76,urban_cluster,small_urban,False
75475,"Roaring Spring, PA",7130,3244,76,urban_cluster,small_urban,False
75502,"Robertsdale, AL",7601,3143,76,urban_cluster,small_urban,False
75529,"Robinson, IL",7894,3317,76,urban_cluster,small_urban,False
75556,"Robstown, TX",11991,4229,76,urban_cluster,small_urban,False
75583,"Rochelle, IL",11342,4728,76,urban_cluster,small_urban,False
75610,"Rochester, IN",7309,3584,76,urban_cluster,small_urban,False
75637,"Rochester, MN",107677,46090,75,urbanized_area,small_urbanized,False
75664,"Rochester, NY",720572,313924,75,urbanized_area,large_urbanized,True
75691,"Rockdale, TX",5459,2507,76,urban_cluster,small_urban,False
75718,"Rockford, IL",296863,124394,75,urbanized_area,large_urbanized,True
75732,"Rockford, MN",4618,1819,76,urban_cluster,rural,False
75745,"Rock Hill, SC",104996,44687,75,urbanized_area,small_urbanized,False
75772,"Rockingham--Hamlet, NC",25404,11578,76,urban_cluster,small_urban,False
75799,"Rockland, ME",8775,4713,76,urban_cluster,small_urban,False
75826,"Rockmart, GA",7646,3326,76,urban_cluster,small_urban,False
75853,"Rockport, TX",16322,10507,76,urban_cluster,small_urban,False
75880,"Rock Springs, WY",26352,11301,76,urban_cluster,small_urban,False
75907,"Rock Valley, IA",3052,1249,76,urban_cluster,rural,False
75934,"Rockville, IN",4339,1501,76,urban_cluster,rural,False
75961,"Rocky Ford, CO",4161,1954,76,urban_cluster,rural,False
75988,"Rocky Mount, NC",68243,31027,75,urbanized_area,small_urbanized,False
76015,"Rocky Mount, VA",6048,2865,76,urban_cluster,small_urban,False
76042,"Rogers City, MI",2560,1481,76,urban_cluster,rural,False
76059,"Rogersville, MO",2878,1148,76,urban_cluster,rural,False
76069,"Rogersville, TN",6444,3090,76,urban_cluster,small_urban,False
76123,"Rolla, MO",20160,8619,76,urban_cluster,small_urban,False
76177,"Romancoke, MD",3538,1488,76,urban_cluster,rural,False
76204,"Rome, GA",60851,25666,75,urbanized_area,small_urbanized,False
76231,"Rome, NY",33428,14792,76,urban_cluster,small_urban,False
76258,"Roosevelt, UT",5915,2015,76,urban_cluster,small_urban,False
76285,"Rosamond, CA",16000,6089,76,urban_cluster,small_urban,False
76312,"Roseau, MN",2763,1330,76,urban_cluster,rural,False
76339,"Roseburg, OR",41700,18657,76,urban_cluster,small_urban,False
76366,"Rose Hill, KS",3650,1260,76,urban_cluster,rural,False
76447,"Roswell, NM",49727,20288,76,urban_cluster,small_urban,False
76474,"Round Lake Beach--McHenry--Grayslake, IL--WI",290373,114191,75,urbanized_area,large_urbanized,True
76501,"Roxboro, NC",9660,4635,76,urban_cluster,small_urban,False
76528,"Roxborough Park, CO",8503,3015,76,urban_cluster,small_urban,False
76582,"Royston, GA",3002,1304,76,urban_cluster,rural,False
76595,"Ruckersville, VA",5785,2171,76,urban_cluster,small_urban,False
76609,"Rugby, ND",2824,1382,76,urban_cluster,rural,False
76636,"Ruidoso, NM",9596,8229,76,urban_cluster,small_urban,False
76663,"Ruleville, MS",2998,1073,76,urban_cluster,rural,False
76690,"Rumford, ME",4987,2914,76,urban_cluster,rural,False
76717,"Running Springs, CA",4811,3639,76,urban_cluster,rural,False
76744,"Rupert, ID",6346,2477,76,urban_cluster,small_urban,False
76759,"Rush City, MN",2883,813,76,urban_cluster,rural,False
76771,"Rushville, IL",3196,1547,76,urban_cluster,rural,False
76798,"Rushville, IN",6738,3108,76,urban_cluster,small_urban,False
76825,"Rusk, TX",4691,1197,76,urban_cluster,rural,False
76852,"Russell, KS",4108,2182,76,urban_cluster,rural,False
76879,"Russells Point, OH",6523,5985,76,urban_cluster,small_urban,False
76906,"Russellville, AL",9866,3963,76,urban_cluster,small_urban,False
76933,"Russellville, AR",32733,12959,76,urban_cluster,small_urban,False
76960,"Russellville, KY",6714,3254,76,urban_cluster,small_urban,False
76987,"Ruston, LA",27724,11030,76,urban_cluster,small_urban,False
77014,"Rutland, VT",19840,9713,76,urban_cluster,small_urban,False
77027,"Sabetha, KS",2526,1211,76,urban_cluster,rural,False
77041,"Sabina, OH",2512,1136,76,urban_cluster,rural,False
77068,"Sacramento, CA",1723634,676840,75,urbanized_area,major_urbanized,True
77095,"Safford, AZ",19151,7574,76,urban_cluster,small_urban,False
77149,"Saginaw, MI",126265,56761,75,urbanized_area,small_urbanized,False
77161,"Sahuarita--Green Valley, AZ",40691,24104,76,urban_cluster,small_urban,False
77176,"St. Albans, VT",9054,4105,76,urban_cluster,small_urban,False
77203,"St. Anthony, ID",3702,1285,76,urban_cluster,rural,False
77230,"St. Augustine, FL",69173,38793,75,urbanized_area,small_urbanized,False
77284,"St. Charles, MN",2977,1256,76,urban_cluster,rural,False
77311,"St. Clair, MO",5971,2653,76,urban_cluster,small_urban,False
77338,"St. Cloud, MN",110621,45299,75,urbanized_area,small_urbanized,False
77365,"Ste. Genevieve, MO",4329,1952,76,urban_cluster,rural,False
77392,"St. Francis, MN",6212,2354,76,urban_cluster,small_urban,False
77446,"St. George, UT",98370,40320,75,urbanized_area,small_urbanized,False
77500,"St. Helena, CA",6727,3224,76,urban_cluster,small_urban,False
77527,"St. Helens, OR",25650,10485,76,urban_cluster,small_urban,False
77554,"St. Ignace, MI",2531,1348,76,urban_cluster,rural,False
77581,"St. James, MN",4585,2029,76,urban_cluster,rural,False
77608,"St. James, MO",4123,1727,76,urban_cluster,rural,False
77618,"St. James, NC",2604,1853,76,urban_cluster,rural,False
77635,"St. Johns, AZ",2550,1118,76,urban_cluster,rural,False
77662,"St. Johns, MI",8425,3626,76,urban_cluster,small_urban,False
77689,"St. Johnsbury, VT",5073,2511,76,urban_cluster,small_urban,False
77716,"St. Joseph, IL",5047,1927,76,urban_cluster,small_urban,False
77743,"St. Joseph, MO--KS",81176,35012,75,urbanized_area,small_urbanized,False
77770,"St. Louis, MO--IL",2150706,956440,75,urbanized_area,major_urbanized,True
77797,"St. Maries, ID",2608,1207,76,urban_cluster,rural,False
77824,"St. Martinville, LA",7220,3007,76,urban_cluster,small_urban,False
77841,"St. Marys, KS",2669,905,76,urban_cluster,rural,False
77851,"St. Marys, OH",9373,4174,76,urban_cluster,small_urban,False
77878,"St. Marys, PA",9585,4507,76,urban_cluster,small_urban,False
77905,"St. Marys, WV--OH",4315,1783,76,urban_cluster,rural,False
77932,"St. Marys--Kingsland, GA",34630,13963,76,urban_cluster,small_urban,False
77986,"St. Pauls, NC",3288,1361,76,urban_cluster,rural,False
78013,"St. Peter, MN",11634,3956,76,urban_cluster,small_urban,False
78026,"St. Simons, GA",12226,9396,76,urban_cluster,small_urban,False
78067,"Salamanca, NY",5738,2781,76,urban_cluster,small_urban,False
78094,"Salem, IL",8300,3850,76,urban_cluster,small_urban,False
78121,"Salem, IN",6544,3013,76,urban_cluster,small_urban,False
78148,"Salem, MO",4921,2385,76,urban_cluster,rural,False
78175,"Salem, NJ",5724,2946,76,urban_cluster,small_urban,False
78202,"Salem, OH",18617,8555,76,urban_cluster,small_urban,False
78229,"Salem, OR",236632,92623,75,urbanized_area,large_urbanized,False
78256,"Salida, CO",6663,3583,76,urban_cluster,small_urban,False
78283,"Salina, KS",47493,20708,76,urban_cluster,small_urban,False
78310,"Salinas, CA",184809,53687,75,urbanized_area,small_urbanized,False
78364,"Salisbury, MD--DE",98081,40463,75,urbanized_area,small_urbanized,False
78418,"Sallisaw, OK",8179,3627,76,urban_cluster,small_urban,False
78445,"Salmon, ID",3084,1599,76,urban_cluster,rural,False
78472,"Saltillo, MS",4303,1823,76,urban_cluster,rural,False
78499,"Salt Lake City--West Valley City, UT",1021243,359700,75,urbanized_area,major_urbanized,True
78526,"Saluda, SC",3528,1326,76,urban_cluster,rural,False
78553,"San Angelo, TX",92984,39444,75,urbanized_area,small_urbanized,False
78580,"San Antonio, TX",1758210,681843,75,urbanized_area,major_urbanized,True
78607,"San Carlos, AZ",3993,968,76,urban_cluster,rural,False
78634,"Sandersville, GA",7288,3358,76,urban_cluster,small_urban,False
78661,"San Diego, CA",2956746,1112289,75,urbanized_area,major_urbanized,True
78688,"San Diego, TX",4757,1938,76,urban_cluster,rural,False
78715,"Sandpoint, ID",10840,5463,76,urban_cluster,small_urban,False
78742,"Sandusky, MI",2775,1306,76,urban_cluster,rural,False
78769,"Sandusky, OH",48990,24455,76,urban_cluster,small_urban,False
78823,"Sandy, OR",9954,3943,76,urban_cluster,small_urban,False
78850,"Sanford, ME",13584,6324,76,urban_cluster,small_urban,False
78877,"Sanford, NC",33120,13847,76,urban_cluster,small_urban,False
78904,"San Francisco--Oakland, CA",3281212,1338437,75,urbanized_area,major_urbanized,True
78931,"Sanger, CA",26604,7692,76,urban_cluster,small_urban,False
78958,"Sanger, TX",5972,2279,76,urban_cluster,small_urban,False
78985,"San Germán--Cabo Rojo--Sabana Grande, PR",118199,56874,75,urbanized_area,small_urbanized,False
79012,"San Joaquin, CA",3983,931,76,urban_cluster,rural,False
79039,"San Jose, CA",1664496,593475,75,urbanized_area,major_urbanized,True
79066,"San Jose (Tinian Municipality), MP",2794,962,76,urban_cluster,rural,False
79093,"San Juan, PR",2148346,931029,75,urbanized_area,major_urbanized,True
79120,"San Luis, AZ",24091,6085,76,urban_cluster,small_urban,False
79147,"San Luis Obispo, CA",59219,21269,75,urbanized_area,small_urbanized,False
79174,"San Manuel, AZ",3185,1353,76,urban_cluster,rural,False
79201,"San Marcos, TX",52826,20359,75,urbanized_area,small_urbanized,False
79255,"San Saba, TX",3105,1142,76,urban_cluster,rural,False
79282,"Santa Barbara, CA",195861,76684,75,urbanized_area,small_urbanized,False
79309,"Santa Clarita, CA",258653,86471,75,urbanized_area,large_urbanized,True
79336,"Santa Cruz, CA",163703,71480,75,urbanized_area,small_urbanized,False
79363,"Santa Fe, NM",89284,44652,75,urbanized_area,small_urbanized,False
79390,"Santa Isabel, PR",10550,4391,76,urban_cluster,small_urban,False
79417,"Santa Maria, CA",130447,39821,75,urbanized_area,small_urbanized,False
79444,"Santa Paula, CA",29742,8880,76,urban_cluster,small_urban,False
79471,"Santaquin, UT",9936,2631,76,urban_cluster,small_urban,False
79498,"Santa Rosa, CA",308231,122312,75,urbanized_area,large_urbanized,True
79525,"Santa Rosa, NM",2621,1042,76,urban_cluster,rural,False
79537,"Santa Rosa Beach, FL",4512,3724,76,urban_cluster,rural,False
79552,"Santo Domingo Pueblo, NM",2567,509,76,urban_cluster,rural,False
79579,"Saranac Lake, NY",7698,3314,76,urban_cluster,small_urban,False
79606,"Sarasota--Bradenton, FL",643260,380647,75,urbanized_area,large_urbanized,True
79633,"Saratoga Springs, NY",64100,28930,75,urbanized_area,small_urbanized,False
79687,"Sauk Centre, MN",4253,1920,76,urban_cluster,rural,False
79714,"Sault Ste. Marie, MI",13114,6072,76,urban_cluster,small_urban,False
79741,"Savanna, IL--IA",3362,1815,76,urban_cluster,rural,False
79768,"Savannah, GA",260677,114289,75,urbanized_area,large_urbanized,True
79795,"Savannah, MO",5138,2223,76,urban_cluster,small_urban,False
79822,"Savannah, TN",8347,3913,76,urban_cluster,small_urban,False
79834,"Saw Creek, PA",5880,3580,76,urban_cluster,small_urban,False
79876,"Sayre, OK",4041,1225,76,urban_cluster,rural,False
79903,"Sayre--Waverly, PA--NY",17991,8256,76,urban_cluster,small_urban,False
79930,"Schulenburg, TX",2726,1213,76,urban_cluster,rural,False
79957,"Schuyler, NE",6255,1976,76,urban_cluster,small_urban,False
80011,"Scott City, KS",3647,1639,76,urban_cluster,rural,False
80038,"Scott City, MO",5216,2271,76,urban_cluster,small_urban,False
80065,"Scottsbluff, NE",25946,11321,76,urban_cluster,small_urban,False
80092,"Scottsboro, AL",10069,4789,76,urban_cluster,small_urban,False
80119,"Scottsburg, IN",11434,5176,76,urban_cluster,small_urban,False
80173,"Scottsville, KY",4251,2045,76,urban_cluster,rural,False
80227,"Scranton, PA",381502,175920,75,urbanized_area,large_urbanized,True
80281,"Sealy, TX",5562,2263,76,urban_cluster,small_urban,False
80308,"Searcy, AR",25979,10632,76,urban_cluster,small_urban,False
80335,"Seaside, OR",8489,5959,76,urban_cluster,small_urban,False
80362,"Seaside--Monterey, CA",114237,51292,75,urbanized_area,small_urbanized,False
80389,"Seattle, WA",3059393,1309501,75,urbanized_area,major_urbanized,True
80400,"Sebastian--Vero Beach South--Florida Ridge, FL",149422,87601,75,urbanized_area,small_urbanized,False
80416,"Sebring--Avon Park, FL",61625,33936,75,urbanized_area,small_urbanized,False
80443,"Sedalia, MO",26178,11780,76,urban_cluster,small_urban,False
80470,"Sedona, AZ",6761,4202,76,urban_cluster,small_urban,False
80497,"Seguin, TX",24122,9373,76,urban_cluster,small_urban,False
80524,"Selma, AL",23821,10746,76,urban_cluster,small_urban,False
80551,"Selma, CA",41810,13220,76,urban_cluster,small_urban,False
80578,"Selmer, TN",3840,1806,76,urban_cluster,rural,False
80605,"Seminole, OK",5931,2708,76,urban_cluster,small_urban,False
80632,"Seminole, TX",6477,2527,76,urban_cluster,small_urban,False
80659,"Senatobia, MS",6531,2176,76,urban_cluster,small_urban,False
80671,"Seneca, SC",26054,12369,76,urban_cluster,small_urban,False
80686,"Sequim, WA",19286,10288,76,urban_cluster,small_urban,False
80695,"Seven Lakes, NC",3757,1819,76,urban_cluster,rural,False
80704,"Severance, CO",2670,973,76,urban_cluster,rural,False
80713,"Sevierville, TN",22108,12799,76,urban_cluster,small_urban,False
80740,"Seville, OH",7396,3303,76,urban_cluster,small_urban,False
80767,"Seward, NE",6636,2677,76,urban_cluster,small_urban,False
80794,"Seymour, IN",20695,9009,76,urban_cluster,small_urban,False
80848,"Seymour (Outagamie County), WI",3500,1581,76,urban_cluster,rural,False
80875,"Shady Cove, OR",3379,1717,76,urban_cluster,rural,False
80902,"Shady Side--Deale, MD",10784,4831,76,urban_cluster,small_urban,False
80929,"Shafter, CA",18098,4796,76,urban_cluster,small_urban,False
80956,"Shallowater, TX",3229,1263,76,urban_cluster,rural,False
80985,"Shamokin--Mount Carmel, PA",30185,15948,76,urban_cluster,small_urban,False
81002,"Shannondale, WV",2577,1136,76,urban_cluster,rural,False
81064,"Shawano, WI",10527,5311,76,urban_cluster,small_urban,False
81091,"Shawnee, OK",34255,15081,76,urban_cluster,small_urban,False
81118,"Sheboygan, WI",71313,32081,75,urbanized_area,small_urbanized,False
81172,"Shelby, MT",3037,1234,76,urban_cluster,rural,False
81199,"Shelby, NC",27374,13046,76,urban_cluster,small_urban,False
81226,"Shelby, OH",9305,4370,76,urban_cluster,small_urban,False
81253,"Shelbyville, IL",4974,2429,76,urban_cluster,rural,False
81280,"Shelbyville, IN",20795,9368,76,urban_cluster,small_urban,False
81307,"Shelbyville, KY",20621,8258,76,urban_cluster,small_urban,False
81334,"Shelbyville, TN",20005,8024,76,urban_cluster,small_urban,False
81361,"Sheldon, IA",4887,2231,76,urban_cluster,rural,False
81388,"Shelley, ID",4701,1621,76,urban_cluster,rural,False
81415,"Shelton, WA",18705,7037,76,urban_cluster,small_urban,False
81442,"Shenandoah, IA",5203,2631,76,urban_cluster,small_urban,False
81472,"Shenandoah--Mahanoy City--Frackville, PA",19009,8944,76,urban_cluster,small_urban,False
81496,"Shepherdstown, WV--MD",4856,1715,76,urban_cluster,rural,False
81523,"Sheridan, AR",4458,1951,76,urban_cluster,rural,False
81550,"Sheridan, IN",2745,1169,76,urban_cluster,rural,False
81577,"Sheridan, OR",8468,2461,76,urban_cluster,small_urban,False
81604,"Sheridan, WY",18786,8748,76,urban_cluster,small_urban,False
81631,"Sherman, TX",61900,27041,75,urbanized_area,small_urbanized,False
81658,"Shippensburg, PA",17008,6569,76,urban_cluster,small_urban,False
81685,"Shiprock, NM",6669,2173,76,urban_cluster,small_urban,False
81701,"Shorewood Forest, IN",3079,1132,76,urban_cluster,rural,False
81712,"Show Low, AZ",10409,7120,76,urban_cluster,small_urban,False
81739,"Shreveport, LA",298317,129646,75,urbanized_area,large_urbanized,True
81766,"Sibley, IA",2690,1218,76,urban_cluster,rural,False
81793,"Sidney, MT",5438,2554,76,urban_cluster,small_urban,False
81820,"Sidney, NE",6373,3004,76,urban_cluster,small_urban,False
81847,"Sidney, NY",5565,2753,76,urban_cluster,small_urban,False
81874,"Sidney, OH",21956,9517,76,urban_cluster,small_urban,False
81889,"Sierra View--Indian Mountain Lake, PA",28347,12811,76,urban_cluster,small_urban,False
81901,"Sierra Vista, AZ",52745,22533,75,urbanized_area,small_urbanized,False
81928,"Sikeston, MO",16536,7351,76,urban_cluster,small_urban,False
81955,"Siler City, NC",9076,3305,76,urban_cluster,small_urban,False
81982,"Siloam Springs, AR--OK",19326,7443,76,urban_cluster,small_urban,False
82009,"Silsbee, TX",9531,3974,76,urban_cluster,small_urban,False
82023,"Silt, CO",2966,1091,76,urban_cluster,rural,False
82036,"Silver City, NM",12705,6003,76,urban_cluster,small_urban,False
82063,"Silver Creek, NY",3799,2013,76,urban_cluster,rural,False
82076,"Silver Lakes, CA",5394,2662,76,urban_cluster,small_urban,False
82090,"Silverthorne--Frisco, CO",15351,13847,76,urban_cluster,small_urban,False
82117,"Silverton, OR",9614,3819,76,urban_cluster,small_urban,False
82144,"Simi Valley, CA",125206,42896,75,urbanized_area,small_urbanized,False
82171,"Sinton, TX",6071,2248,76,urban_cluster,small_urban,False
82198,"Sioux Center, IA",6649,2132,76,urban_cluster,small_urban,False
82225,"Sioux City, IA--NE--SD",106494,42096,75,urbanized_area,small_urbanized,False
82252,"Sioux Falls, SD",156777,67365,75,urbanized_area,small_urbanized,False
82279,"Sissonville, WV",2888,1253,76,urban_cluster,rural,False
82306,"Sitka, AK",7027,3214,76,urban_cluster,small_urban,False
82333,"Skaneateles, NY",3524,1848,76,urban_cluster,rural,False
82360,"Skiatook, OK",6768,2822,76,urban_cluster,small_urban,False
82387,"Skowhegan, ME",4751,2446,76,urban_cluster,rural,False
82414,"Slaton, TX",5938,2454,76,urban_cluster,small_urban,False
82441,"Sleepy Eye, MN",3479,1549,76,urban_cluster,rural,False
82468,"Slidell, LA",91151,36969,75,urbanized_area,small_urbanized,False
82495,"Slippery Rock, PA",6716,1957,76,urban_cluster,small_urban,False
82522,"Smithfield, NC",27155,11228,76,urban_cluster,small_urban,False
82549,"Smithfield, VA",10215,4141,76,urban_cluster,small_urban,False
82562,"Smithton, IL",3720,1428,76,urban_cluster,rural,False
82603,"Smithville, TN",4050,1814,76,urban_cluster,rural,False
82630,"Smithville, TX",3750,1683,76,urban_cluster,rural,False
82641,"Smithville North, MO",2751,978,76,urban_cluster,rural,False
82665,"Sneads Ferry, NC",3899,2141,76,urban_cluster,rural,False
82675,"Snoqualmie, WA",20592,7714,76,urban_cluster,small_urban,False
82684,"Snowflake, AZ",6279,2239,76,urban_cluster,small_urban,False
82711,"Snyder, TX",11557,4899,76,urban_cluster,small_urban,False
82724,"Social Circle, GA",3328,1380,76,urban_cluster,rural,False
82738,"Socorro, NM",8991,4072,76,urban_cluster,small_urban,False
82765,"Soda Springs, ID",2793,1269,76,urban_cluster,rural,False
82792,"Sodus, NY",2865,1265,76,urban_cluster,rural,False
82819,"Soldotna, AK",6526,2847,76,urban_cluster,small_urban,False
82846,"Soledad, CA",25943,3921,76,urban_cluster,small_urban,False
82873,"Solvang--Buellton--Santa Ynez, CA",14862,6250,76,urban_cluster,small_urban,False
82900,"Somerset, KY",29042,13608,76,urban_cluster,small_urban,False
82913,"Somerset, MI",2910,1727,76,urban_cluster,rural,False
82927,"Somerset, PA",12583,4476,76,urban_cluster,small_urban,False
82937,"Somerset, WI",2604,1100,76,urban_cluster,rural,False
82981,"Somerton, AZ",16988,4808,76,urban_cluster,small_urban,False
83008,"Sonoma, CA",32678,14664,76,urban_cluster,small_urban,False
83062,"Sonora, TX",3352,1477,76,urban_cluster,rural,False
83073,"Sonora--Jamestown--Phoenix Lake, CA",28255,15348,76,urban_cluster,small_urban,False
83089,"Soperton, GA",2832,1137,76,urban_cluster,rural,False
83116,"South Bend, IN--MI",278165,121210,75,urbanized_area,large_urbanized,True
83143,"South Boston, VA",8306,3985,76,urban_cluster,small_urban,False
83156,"South Deerfield, MA",5028,2323,76,urban_cluster,small_urban,False
83210,"South Fallsburg, NY",3388,1302,76,urban_cluster,rural,False
83251,"South Haven, MI",5791,4221,76,urban_cluster,small_urban,False
83278,"South Hill, VA",4834,2308,76,urban_cluster,rural,False
83305,"South Lake Tahoe, CA--NV",29107,20291,76,urban_cluster,small_urban,False
83332,"South Lyon--Howell, MI",119509,51131,75,urbanized_area,small_urbanized,False
83359,"Southold, NY",9810,6700,76,urban_cluster,small_urban,False
83368,"South Paris, ME",4780,2380,76,urban_cluster,rural,False
83377,"South Pittsburg, TN--AL",5373,2532,76,urban_cluster,small_urban,False
83386,"South Vacherie, LA",2621,1006,76,urban_cluster,rural,False
83440,"Sparta, GA",3622,1083,76,urban_cluster,rural,False
83467,"Sparta, IL",4046,1900,76,urban_cluster,rural,False
83480,"Sparta, MI",4041,1747,76,urban_cluster,rural,False
83494,"Sparta, TN",5449,2490,76,urban_cluster,small_urban,False
83521,"Sparta, WI",9907,4329,76,urban_cluster,small_urban,False
83548,"Spartanburg, SC",180786,78962,75,urbanized_area,small_urbanized,False
83575,"Spearfish, SD",11459,5459,76,urban_cluster,small_urban,False
83602,"Spearman, TX",3349,1336,76,urban_cluster,rural,False
83629,"Spencer, IA",10952,5303,76,urban_cluster,small_urban,False
83656,"Spencer, WV",2986,1497,76,urban_cluster,rural,False
83710,"Spirit Lake, IA",10826,7763,76,urban_cluster,small_urban,False
83764,"Spokane, WA",387847,167877,75,urbanized_area,large_urbanized,True
83791,"Spooner, WI",2673,1281,76,urban_cluster,rural,False
83818,"Spout Springs, NC",14488,4841,76,urban_cluster,small_urban,False
83851,"Spring Creek North, NV",3286,1205,76,urban_cluster,rural,False
83859,"Spring Creek South, NV",3862,1295,76,urban_cluster,rural,False
83872,"Springfield, GA",3649,1171,76,urban_cluster,rural,False
83899,"Springfield, IL",161316,75004,75,urbanized_area,small_urbanized,False
83926,"Springfield, MA--CT",621300,250699,75,urbanized_area,large_urbanized,True
83953,"Springfield, MO",273724,124529,75,urbanized_area,large_urbanized,True
83980,"Springfield, OH",85256,39208,75,urbanized_area,small_urbanized,False
83993,"Springfield, TN",17357,7047,76,urban_cluster,small_urban,False
84007,"Springfield, VT",4872,2335,76,urban_cluster,rural,False
84024,"Spring Hill, FL",148220,71564,75,urbanized_area,small_urbanized,False
84034,"Spring Hill, KS",5452,2075,76,urban_cluster,small_urban,False
84061,"Springhill, LA",6012,2981,76,urban_cluster,small_urban,False
84088,"Spring Hill, TN",31208,11364,76,urban_cluster,small_urban,False
84115,"Springs, NY",12604,8667,76,urban_cluster,small_urban,False
84124,"Springtown, TX",2623,1093,76,urban_cluster,rural,False
84132,"Springville, AL",2775,1160,76,urban_cluster,rural,False
84142,"Springville, NY",3897,1673,76,urban_cluster,rural,False
84155,"Spruce Pine, NC",4700,1407,76,urban_cluster,rural,False
84169,"Stafford Springs, CT",5581,2528,76,urban_cluster,small_urban,False
84223,"Stamford, TX",3000,1489,76,urban_cluster,rural,False
84277,"Stanford, KY",4183,1843,76,urban_cluster,rural,False
84290,"Stanley, WI",3447,931,76,urban_cluster,rural,False
84304,"Stansbury Park, UT",9061,2630,76,urban_cluster,small_urban,False
84331,"Stanton, KY",4149,1839,76,urban_cluster,rural,False
84385,"Stanwood, WA",6289,2607,76,urban_cluster,small_urban,False
84412,"Staples, MN",2791,1342,76,urban_cluster,rural,False
84429,"Star, ID",5751,2077,76,urban_cluster,small_urban,False
84439,"Starke, FL",5676,2523,76,urban_cluster,small_urban,False
84466,"Starkville, MS",30307,13018,76,urban_cluster,small_urban,False
84493,"State College, PA",87454,32177,75,urbanized_area,small_urbanized,False
84547,"Statesboro, GA",36314,14584,76,urban_cluster,small_urban,False
84601,"Staunton, IL",6134,2818,76,urban_cluster,small_urban,False
84630,"Staunton--Waynesboro, VA",56611,26187,75,urbanized_area,small_urbanized,False
84655,"Stayton, OR",10291,4175,76,urban_cluster,small_urban,False
84682,"Steamboat Springs, CO",12888,9228,76,urban_cluster,small_urban,False
84736,"Steeleville, IL",3469,1645,76,urban_cluster,rural,False
84763,"Stephenville, TX",16796,7428,76,urban_cluster,small_urban,False
84790,"Sterling, CO",16088,5963,76,urban_cluster,small_urban,False
84817,"Sterling, IL",28827,12952,76,urban_cluster,small_urban,False
84871,"Stevens Point, WI",44223,18701,76,urban_cluster,small_urban,False
84925,"Stewartstown, PA",4663,1739,76,urban_cluster,rural,False
84952,"Stewartville, MN",5877,2404,76,urban_cluster,small_urban,False
84979,"Stigler, OK",2843,1300,76,urban_cluster,rural,False
85033,"Stillwater, OK",44515,19178,76,urban_cluster,small_urban,False
85060,"Stilwell, OK",3789,1585,76,urban_cluster,rural,False
85087,"Stockton, CA",370583,125027,75,urbanized_area,large_urbanized,True
85114,"Storm Lake, IA",11364,4110,76,urban_cluster,small_urban,False
85168,"Story City, IA",3311,1531,76,urban_cluster,rural,False
85195,"Strasburg, VA",7015,3159,76,urban_cluster,small_urban,False
85208,"Strawberry Plains, TN",3906,1564,76,urban_cluster,rural,False
85222,"Streator, IL",17797,8171,76,urban_cluster,small_urban,False
85249,"Stuarts Draft, VA",8168,3337,76,urban_cluster,small_urban,False
85276,"Sturgeon Bay, WI",8617,4693,76,urban_cluster,small_urban,False
85303,"Sturgis, MI",13040,5467,76,urban_cluster,small_urban,False
85330,"Sturgis, SD",6583,3139,76,urban_cluster,small_urban,False
85357,"Stuttgart, AR",9233,4277,76,urban_cluster,small_urban,False
85390,"Sugarmill Woods, FL",8816,5257,76,urban_cluster,small_urban,False
85411,"Sullivan, IL",4567,2136,76,urban_cluster,rural,False
85438,"Sullivan, IN",4518,2211,76,urban_cluster,rural,False
85465,"Sullivan, MO",9114,4041,76,urban_cluster,small_urban,False
85492,"Sullivan City, TX",5694,1635,76,urban_cluster,small_urban,False
85519,"Sulphur, OK",4733,2199,76,urban_cluster,rural,False
85546,"Sulphur Springs, TX",14196,6221,76,urban_cluster,small_urban,False
85573,"Sultan, WA",7982,3155,76,urban_cluster,small_urban,False
85600,"Sumiton, AL",4043,1812,76,urban_cluster,rural,False
85627,"Summersville, WV",3369,1683,76,urban_cluster,rural,False
85654,"Summerville, GA",11041,4260,76,urban_cluster,small_urban,False
85681,"Summit Park, UT",6088,2486,76,urban_cluster,small_urban,False
85708,"Sumter, SC",73107,31492,75,urbanized_area,small_urbanized,False
85762,"Sunbury, PA",29541,13130,76,urban_cluster,small_urban,False
85775,"Sun City Hilton Head, SC",12555,7499,76,urban_cluster,small_urban,False
85789,"Sunnyside, WA",17327,4943,76,urban_cluster,small_urban,False
85802,"Sunrise Shores, TX",3514,1919,76,urban_cluster,rural,False
85816,"Sunset, LA",3500,1502,76,urban_cluster,rural,False
85843,"Superior, AZ",2844,1469,76,urban_cluster,rural,False
85870,"Susanville, CA",10285,4447,76,urban_cluster,small_urban,False
85924,"Susquehanna Depot, PA",2585,1156,76,urban_cluster,rural,False
85978,"Sutherlin, OR",8653,3853,76,urban_cluster,small_urban,False
86005,"Swainsboro, GA",7484,3106,76,urban_cluster,small_urban,False
86024,"Swansboro, NC",16335,6952,76,urban_cluster,small_urban,False
86059,"Swanton, VT",3055,1351,76,urban_cluster,rural,False
86086,"Sweeny, TX",3584,1514,76,urban_cluster,rural,False
86113,"Sweet Home, OR",9569,4017,76,urban_cluster,small_urban,False
86140,"Sweetwater, TN",5430,2522,76,urban_cluster,small_urban,False
86167,"Sweetwater, TX",10247,4692,76,urban_cluster,small_urban,False
86194,"Sylacauga, AL",17991,8380,76,urban_cluster,small_urban,False
86210,"Sylvan Beach, NY",3451,2538,76,urban_cluster,rural,False
86221,"Sylvania, GA",3076,1390,76,urban_cluster,rural,False
86248,"Sylvester, GA",6685,2755,76,urban_cluster,small_urban,False
86275,"Syracuse, IN",6908,4702,76,urban_cluster,small_urban,False
86302,"Syracuse, NY",412317,178976,75,urbanized_area,large_urbanized,True
86315,"Tabor City, NC--SC",3834,1168,76,urban_cluster,rural,False
86329,"Taft, CA",14985,5494,76,urban_cluster,small_urban,False
86356,"Taft, TX",4401,1684,76,urban_cluster,rural,False
86369,"Tafuna, AS",43450,8462,76,urban_cluster,small_urban,False
86383,"Tahlequah, OK",18521,7891,76,urban_cluster,small_urban,False
86410,"Tahoka, TX",2560,1155,76,urban_cluster,rural,False
86437,"Talladega, AL",13493,5473,76,urban_cluster,small_urban,False
86464,"Tallahassee, FL",240223,108924,75,urbanized_area,large_urbanized,False
86491,"Tallassee, AL",4040,1914,76,urban_cluster,rural,False
86518,"Tallulah, LA",9185,3277,76,urban_cluster,small_urban,False
86545,"Tama, IA",4904,2068,76,urban_cluster,rural,False
86572,"Tamaqua, PA",15200,7785,76,urban_cluster,small_urban,False
86599,"Tampa--St. Petersburg, FL",2441770,1187285,75,urbanized_area,major_urbanized,True
86626,"Taneytown, MD",6599,2510,76,urban_cluster,small_urban,False
86653,"Taos, NM",13686,7428,76,urban_cluster,small_urban,False
86680,"Tappahannock, VA",2534,1231,76,urban_cluster,rural,False
86707,"Tarboro, NC",13581,5831,76,urban_cluster,small_urban,False
86734,"Taylor, TX",14436,5662,76,urban_cluster,small_urban,False
86761,"Taylorsville, NC",5388,2009,76,urban_cluster,small_urban,False
86788,"Taylorville, IL",13742,5934,76,urban_cluster,small_urban,False
86815,"Tazewell, VA",4950,2324,76,urban_cluster,rural,False
86830,"Tea, SD",3784,1343,76,urban_cluster,rural,False
86842,"Teague, TX",3363,1541,76,urban_cluster,rural,False
86869,"Tehachapi--Golden Hills, CA",16540,6802,76,urban_cluster,small_urban,False
86950,"Tell City, IN--KY",9610,4689,76,urban_cluster,small_urban,False
87058,"Temple, TX",90390,37507,75,urbanized_area,small_urbanized,False
87112,"Terra Bella, CA",3119,765,76,urban_cluster,rural,False
87139,"Terre Haute, IN",92742,39770,75,urbanized_area,small_urbanized,False
87166,"Terrell, TX",14834,5712,76,urban_cluster,small_urban,False
87193,"Texarkana--Texarkana, TX--AR",78162,33663,75,urbanized_area,small_urbanized,False
87220,"Texas City, TX",106383,44706,75,urbanized_area,small_urbanized,False
87247,"Thayer, MO--AR",2985,1589,76,urban_cluster,rural,False
87263,"The Dalles, OR--WA",17665,7516,76,urban_cluster,small_urban,False
87301,"Thermopolis, WY",3297,1782,76,urban_cluster,rural,False
87355,"Thief River Falls, MN",8883,4202,76,urban_cluster,small_urban,False
87382,"Thomaston, GA",14416,6553,76,urban_cluster,small_urban,False
87409,"Thomasville, AL",3285,1549,76,urban_cluster,rural,False
87436,"Thomasville, GA",24139,11044,76,urban_cluster,small_urban,False
87463,"Thomson, GA",8540,3658,76,urban_cluster,small_urban,False
87490,"Thousand Oaks, CA",214811,78270,75,urbanized_area,large_urbanized,False
87517,"Three Rivers, MI",10820,4937,76,urban_cluster,small_urban,False
87544,"Thurmont, MD",6854,2751,76,urban_cluster,small_urban,False
87571,"Ticonderoga, NY",2850,1376,76,urban_cluster,rural,False
87598,"Tiffin, OH",19546,8695,76,urban_cluster,small_urban,False
87625,"Tifton, GA",23757,9716,76,urban_cluster,small_urban,False
87652,"Tillamook, OR",7675,3532,76,urban_cluster,small_urban,False
87669,"Tipton, CA",2543,645,76,urban_cluster,rural,False
87679,"Tipton, IN",6523,2953,76,urban_cluster,small_urban,False
87706,"Tipton, IA",3067,1448,76,urban_cluster,rural,False
87733,"Tipton, MO",3201,966,76,urban_cluster,rural,False
87787,"Titusville, FL",54386,27653,75,urbanized_area,small_urbanized,False
87814,"Titusville, PA",5732,2682,76,urban_cluster,small_urban,False
87841,"Toccoa, GA",10846,5067,76,urban_cluster,small_urban,False
87868,"Toledo, OH--MI",507643,231383,75,urbanized_area,large_urbanized,True
87895,"Toledo, OR",3582,1519,76,urban_cluster,rural,False
87922,"Tomah, WI",9002,4144,76,urban_cluster,small_urban,False
87949,"Tomahawk, WI",2926,1472,76,urban_cluster,rural,False
88003,"Tonganoxie, KS",4941,1956,76,urban_cluster,rural,False
88030,"Tonkawa, OK",3141,1308,76,urban_cluster,rural,False
88057,"Tooele, UT",31058,10460,76,urban_cluster,small_urban,False
88084,"Topeka, KS",150003,68153,75,urbanized_area,small_urbanized,False
88111,"Toppenish, WA",14512,4204,76,urban_cluster,small_urban,False
88165,"Tornillo, TX",2822,738,76,urban_cluster,rural,False
88192,"Torrington, CT",42754,19764,76,urban_cluster,small_urban,False
88219,"Torrington, WY",7155,3270,76,urban_cluster,small_urban,False
88246,"Towanda, PA",4588,2254,76,urban_cluster,rural,False
88273,"Tracy, CA",87569,27534,75,urbanized_area,small_urbanized,False
88300,"Traverse City, MI",47109,23117,76,urban_cluster,small_urban,False
88327,"Treasure Lake, PA",2982,1497,76,urban_cluster,rural,False
88354,"Tremonton, UT",9890,3306,76,urban_cluster,small_urban,False
88371,"Trenton, FL",2724,727,76,urban_cluster,rural,False
88381,"Trenton, GA",2850,1261,76,urban_cluster,rural,False
88408,"Trenton, IL",2736,1195,76,urban_cluster,rural,False
88435,"Trenton, MO",5596,2784,76,urban_cluster,small_urban,False
88462,"Trenton, NJ",296668,116721,75,urbanized_area,large_urbanized,True
88489,"Trenton, TN",3852,1827,76,urban_cluster,rural,False
88504,"Tri-City--Myrtle Creek, OR",8492,3603,76,urban_cluster,small_urban,False
88516,"Trinidad, CO",9181,4407,76,urban_cluster,small_urban,False
88526,"Trinity, TX",3320,1667,76,urban_cluster,rural,False
88543,"Troy, AL",15897,6869,76,urban_cluster,small_urban,False
88570,"Troy, MO",13231,5192,76,urban_cluster,small_urban,False
88597,"Troy, NC",3618,1320,76,urban_cluster,rural,False
88624,"Truckee, CA",12139,6488,76,urban_cluster,small_urban,False
88651,"Trumann, AR",7095,3110,76,urban_cluster,small_urban,False
88678,"Truth or Consequences, NM",7918,5643,76,urban_cluster,small_urban,False
88705,"Tuba City, AZ",8858,2540,76,urban_cluster,small_urban,False
88732,"Tucson, AZ",843168,375658,75,urbanized_area,large_urbanized,True
88813,"Tucumcari, NM",5283,2932,76,urban_cluster,small_urban,False
88867,"Tularosa, NM",2735,1351,76,urban_cluster,rural,False
88894,"Tulia, TX",4903,1834,76,urban_cluster,rural,False
88921,"Tullahoma, TN",17250,7874,76,urban_cluster,small_urban,False
88948,"Tulsa, OK",655479,288404,75,urbanized_area,large_urbanized,True
88975,"Tunica, MS",3662,1371,76,urban_cluster,rural,False
89002,"Tunkhannock, PA",3426,1617,76,urban_cluster,rural,False
89029,"Tupelo, MS",40995,18132,76,urban_cluster,small_urban,False
89056,"Tupper Lake, NY",4204,1965,76,urban_cluster,rural,False
89083,"Turlock, CA",99904,33244,75,urbanized_area,small_urbanized,False
89110,"Tuscaloosa, AL",139114,61509,75,urbanized_area,small_urbanized,False
89137,"Tuscola, IL",4791,2261,76,urban_cluster,rural,False
89164,"Tuskegee, AL",9536,4411,76,urban_cluster,small_urban,False
89177,"Tuttle, OK",2517,939,76,urban_cluster,rural,False
89191,"Twentynine Palms, CA",12895,5857,76,urban_cluster,small_urban,False
89218,"Twentynine Palms Base, CA",8384,1665,76,urban_cluster,small_urban,False
89245,"Twin Falls, ID",48836,19787,76,urban_cluster,small_urban,False
89254,"Twin Lakes, VA",3191,1185,76,urban_cluster,rural,False
89263,"Twin Rivers--Hightstown, NJ",64037,24317,75,urbanized_area,small_urbanized,False
89272,"Two Harbors, MN",3588,1738,76,urban_cluster,rural,False
89299,"Tybee Island, GA",3202,3492,76,urban_cluster,rural,False
89326,"Tyler, TX",130247,54087,75,urbanized_area,small_urbanized,False
89353,"Tyrone, PA",7622,3425,76,urban_cluster,small_urban,False
89380,"Ukiah, CA",29709,11391,76,urban_cluster,small_urban,False
89407,"Ulysses, KS",6279,2323,76,urban_cluster,small_urban,False
89425,"Unadilla, GA",3406,791,76,urban_cluster,rural,False
89461,"Union, MO",8658,3616,76,urban_cluster,small_urban,False
89488,"Union, SC",10033,5169,76,urban_cluster,small_urban,False
89515,"Union City, IN--OH",5443,2571,76,urban_cluster,small_urban,False
89542,"Union City, PA",3381,1425,76,urban_cluster,rural,False
89569,"Union City, TN",10303,4809,76,urban_cluster,small_urban,False
89596,"Union Grove, WI",6973,2669,76,urban_cluster,small_urban,False
89623,"Union Springs, AL",5307,1571,76,urban_cluster,small_urban,False
89650,"Uniontown--Connellsville, PA",51370,23947,75,urbanized_area,small_urbanized,False
89704,"Upland, IN",3343,731,76,urban_cluster,rural,False
89719,"Upper Greenwood Lake, NJ",3879,1672,76,urban_cluster,rural,False
89731,"Upper Sandusky, OH",6055,2916,76,urban_cluster,small_urban,False
89758,"Urbana, OH",11699,5344,76,urban_cluster,small_urban,False
89770,"Urban Honolulu, HI",802459,288351,75,urbanized_area,large_urbanized,True
89785,"Utica, NY",117328,51480,75,urbanized_area,small_urbanized,False
89839,"Uvalde, TX",18118,6598,76,urban_cluster,small_urban,False
89866,"Vacaville, CA",93141,33141,75,urbanized_area,small_urbanized,False
89893,"Vado, NM",4497,1315,76,urban_cluster,rural,False
89910,"Vail, AZ",9164,3303,76,urban_cluster,small_urban,False
89920,"Vail, CO",5823,6624,76,urban_cluster,small_urban,False
89947,"Valatie, NY",5336,2412,76,urban_cluster,small_urban,False
89974,"Valdosta, GA",77085,30713,75,urbanized_area,small_urbanized,False
90001,"Valentine, NE",2713,1420,76,urban_cluster,rural,False
90028,"Vallejo, CA",165074,62788,75,urbanized_area,small_urbanized,False
90055,"Valley City, ND",6689,3342,76,urban_cluster,small_urban,False
90082,"Valley--Lanett, AL--GA",20760,10473,76,urban_cluster,small_urban,False
90122,"Van, TX",2502,1039,76,urban_cluster,rural,False
90136,"Vandalia, IL",7309,2783,76,urban_cluster,small_urban,False
90163,"Vandalia, MO",3656,1166,76,urban_cluster,rural,False
90182,"Vandenberg AFB, CA",3047,945,76,urban_cluster,rural,False
90217,"Van Wert, OH",10747,5068,76,urban_cluster,small_urban,False
90244,"Vassar, MI",3714,1579,76,urban_cluster,rural,False
90271,"Veneta, OR",5979,2360,76,urban_cluster,small_urban,False
90282,"Venus, TX",3559,864,76,urban_cluster,rural,False
90298,"Vergennes, VT",2592,1073,76,urban_cluster,rural,False
90325,"Vermillion, SD",10492,4004,76,urban_cluster,small_urban,False
90352,"Vernal, UT",17321,6454,76,urban_cluster,small_urban,False
90379,"Vernon, TX",10572,4915,76,urban_cluster,small_urban,False
90433,"Versailles, KY",15907,6706,76,urban_cluster,small_urban,False
90460,"Versailles, OH",3295,1376,76,urban_cluster,rural,False
90487,"Vicksburg, MS--LA",29022,13115,76,urban_cluster,small_urban,False
90514,"Victoria, TX",63683,25854,75,urbanized_area,small_urbanized,False
90541,"Victorville--Hesperia, CA",328454,108654,75,urbanized_area,large_urbanized,True
90568,"Vidalia, GA",13442,5978,76,urban_cluster,small_urban,False
90595,"Vienna, GA",3506,1554,76,urban_cluster,rural,False
90622,"Vieques (Vieques Municipio), PR",8230,4808,76,urban_cluster,small_urban,False
90631,"Village of Four Seasons, MO",4451,6360,76,urban_cluster,rural,False
90640,"Village of Oak Creek (Big Park), AZ",5309,3509,76,urban_cluster,small_urban,False
90658,"Villas, NJ",51291,47272,75,urbanized_area,small_urbanized,False
90676,"Ville Platte, LA",9328,4276,76,urban_cluster,small_urban,False
90703,"Vincennes, IN",21302,9213,76,urban_cluster,small_urban,False
90730,"Vineland, NJ",95259,36673,75,urbanized_area,small_urbanized,False
90757,"Vineyard Haven, MA",10082,8579,76,urban_cluster,small_urban,False
90784,"Vinita, OK",6002,2625,76,urban_cluster,small_urban,False
90811,"Vinton, IA",5044,2192,76,urban_cluster,small_urban,False
90838,"Vinton, LA",2752,1281,76,urban_cluster,rural,False
90851,"Virden, IL",4266,1953,76,urban_cluster,rural,False
90865,"Virginia, MN",12883,6864,76,urban_cluster,small_urban,False
90892,"Virginia Beach, VA",1439666,581573,75,urbanized_area,major_urbanized,True
90919,"Viroqua, WI",4097,2047,76,urban_cluster,rural,False
90946,"Visalia, CA",219454,73650,75,urbanized_area,large_urbanized,False
90959,"Vistancia, AZ",6615,3194,76,urban_cluster,small_urban,False
90973,"Vivian, LA",2980,1358,76,urban_cluster,rural,False
91000,"Wabash, IN",10418,4917,76,urban_cluster,small_urban,False
91027,"Waco, TX",172378,70081,75,urbanized_area,small_urbanized,False
91054,"Waconia, MN",10748,4131,76,urban_cluster,small_urban,False
91081,"Wadena, MN",3927,1933,76,urban_cluster,rural,False
91108,"Wadesboro, NC",5791,2674,76,urban_cluster,small_urban,False
91135,"Wagoner, OK",8043,3396,76,urban_cluster,small_urban,False
91162,"Wahoo, NE",4450,1933,76,urban_cluster,rural,False
91189,"Wahpeton, ND--MN",11113,5065,76,urban_cluster,small_urban,False
91216,"Waikoloa Village, HI",4089,1838,76,urban_cluster,rural,False
91243,"Waimea (Hawaii County), HI",6960,2545,76,urban_cluster,small_urban,False
91252,"Walden, NY",11565,4483,76,urban_cluster,small_urban,False
91261,"Waldorf, MD",109919,40731,75,urbanized_area,small_urbanized,False
91270,"Waldport, OR",3434,2505,76,urban_cluster,rural,False
91297,"Waldron, AR",3330,1540,76,urban_cluster,rural,False
91351,"Walkerton, IN",3035,1479,76,urban_cluster,rural,False
91378,"Wallace, NC",4345,2020,76,urban_cluster,rural,False
91405,"Walla Walla, WA--OR",55805,22237,75,urbanized_area,small_urbanized,False
91459,"Walnut Ridge, AR",6346,2844,76,urban_cluster,small_urban,False
91486,"Walsenburg, CO",2943,1677,76,urban_cluster,rural,False
91513,"Walterboro, SC",9502,4347,76,urban_cluster,small_urban,False
91540,"Walters, OK",2506,1192,76,urban_cluster,rural,False
91567,"Walton, NY",3067,1556,76,urban_cluster,rural,False
91584,"Walworth, NY",3089,1109,76,urban_cluster,rural,False
91594,"Walworth, WI",4383,2727,76,urban_cluster,rural,False
91648,"Wamego, KS",4418,1889,76,urban_cluster,rural,False
91675,"Wapakoneta, OH",10684,4699,76,urban_cluster,small_urban,False
91702,"Wapato, WA",7607,1977,76,urban_cluster,small_urban,False
91741,"Warden, WA",2679,796,76,urban_cluster,rural,False
91756,"Ware, MA",9146,4391,76,urban_cluster,small_urban,False
91783,"Warner Robins, GA",133109,55783,75,urbanized_area,small_urbanized,False
91810,"Warren, AR",5801,2768,76,urban_cluster,small_urban,False
91837,"Warren, PA",15420,7532,76,urban_cluster,small_urban,False
91864,"Warrensburg, MO",20677,8207,76,urban_cluster,small_urban,False
91891,"Warrensburg, NY",2648,1247,76,urban_cluster,rural,False
91918,"Warrenton, MO",9079,3801,76,urban_cluster,small_urban,False
91999,"Warsaw, IN",30166,12520,76,urban_cluster,small_urban,False
92012,"Warsaw, MO",2565,1430,76,urban_cluster,rural,False
92026,"Warsaw, NY",3017,1412,76,urban_cluster,rural,False
92053,"Warsaw, NC",3045,1428,76,urban_cluster,rural,False
92134,"Warwick, NY",12080,5025,76,urban_cluster,small_urban,False
92161,"Wasco, CA",25489,5442,76,urban_cluster,small_urban,False
92215,"Waseca, MN",9537,3850,76,urban_cluster,small_urban,False
92242,"Washington, DC--VA--MD",4586770,1829546,75,urbanized_area,major_urbanized,True
92269,"Washington, GA",3457,1672,76,urban_cluster,rural,False
92296,"Washington, IN",12462,5517,76,urban_cluster,small_urban,False
92323,"Washington, IA",6628,3022,76,urban_cluster,small_urban,False
92350,"Washington, MO",14316,6453,76,urban_cluster,small_urban,False
92377,"Washington, NJ",15385,6501,76,urban_cluster,small_urban,False
92404,"Washington, NC",16429,7743,76,urban_cluster,small_urban,False
92431,"Washington Court House, OH",15168,6865,76,urban_cluster,small_urban,False
92445,"Washoe Valley, NV",2645,1160,76,urban_cluster,rural,False
92470,"Watchtower, NY",3936,736,76,urban_cluster,rural,False
92485,"Waterbury, CT",194535,81550,75,urbanized_area,small_urbanized,False
92512,"Waterbury, VT",2971,1445,76,urban_cluster,rural,False
92539,"Waterford, CA",9104,2875,76,urban_cluster,small_urban,False
92566,"Waterloo, IL",9604,3968,76,urban_cluster,small_urban,False
92593,"Waterloo, IA",113418,48511,75,urbanized_area,small_urbanized,False
92620,"Waterloo, WI",3059,1306,76,urban_cluster,rural,False
92647,"Watertown, MN",4185,1685,76,urban_cluster,rural,False
92674,"Watertown, NY",57840,23133,75,urbanized_area,small_urbanized,False
92701,"Watertown, SD",21111,9869,76,urban_cluster,small_urban,False
92728,"Watertown, WI",23347,9449,76,urban_cluster,small_urban,False
92755,"Water Valley, MS",2622,1196,76,urban_cluster,rural,False
92782,"Waterville, ME",25689,11802,76,urban_cluster,small_urban,False
92809,"Watkins Glen, NY",3457,1746,76,urban_cluster,rural,False
92836,"Watonga, OK",5084,1471,76,urban_cluster,small_urban,False
92863,"Watseka, IL",5055,2410,76,urban_cluster,small_urban,False
92890,"Watsonville, CA",73534,19897,75,urbanized_area,small_urbanized,False
92917,"Wauchula, FL",14621,4989,76,urban_cluster,small_urban,False
92944,"Waukon, IA",3731,1862,76,urban_cluster,rural,False
92971,"Waupaca, WI",7755,3779,76,urban_cluster,small_urban,False
92998,"Waupun, WI",11373,3719,76,urban_cluster,small_urban,False
93025,"Wausau, WI",74632,33318,75,urbanized_area,small_urbanized,False
93052,"Wauseon, OH",7193,3008,76,urban_cluster,small_urban,False
93065,"Wautoma, WI",2573,1212,76,urban_cluster,rural,False
93079,"Waverly, IA",8621,3218,76,urban_cluster,small_urban,False
93092,"Waverly, NE",3133,1104,76,urban_cluster,rural,False
93106,"Waverly, TN",3246,1528,76,urban_cluster,rural,False
93133,"Waverly City, OH",7396,3592,76,urban_cluster,small_urban,False
93187,"Waycross, GA",25723,11844,76,urban_cluster,small_urban,False
93214,"Wayland, MI",4518,1935,76,urban_cluster,rural,False
93241,"Wayne, NE",5557,2036,76,urban_cluster,small_urban,False
93268,"Waynesboro, GA",5830,2300,76,urban_cluster,small_urban,False
93295,"Waynesboro, MS",4224,1941,76,urban_cluster,rural,False
93322,"Waynesboro, PA--MD",25912,11476,76,urban_cluster,small_urban,False
93376,"Waynesburg, PA",8665,2923,76,urban_cluster,small_urban,False
93457,"Weatherford, OK",10713,4770,76,urban_cluster,small_urban,False
93484,"Weatherford, TX",34824,14466,76,urban_cluster,small_urban,False
93511,"Webster City, IA",7761,3641,76,urban_cluster,small_urban,False
93525,"Wedgefield, FL",4505,1753,76,urban_cluster,rural,False
93565,"Weedsport, NY",3112,1356,76,urban_cluster,rural,False
93592,"Weirton--Steubenville, WV--OH--PA",70889,33919,75,urbanized_area,small_urbanized,False
93619,"Weiser, ID--OR",5659,2413,76,urban_cluster,small_urban,False
93646,"Welch, WV",3098,1574,76,urban_cluster,rural,False
93673,"Wellington, CO",6224,2244,76,urban_cluster,small_urban,False
93700,"Wellington, KS",7783,3629,76,urban_cluster,small_urban,False
93727,"Wellington, OH",4845,2159,76,urban_cluster,rural,False
93808,"Wellsville, NY",6084,3030,76,urban_cluster,small_urban,False
93835,"Welsh, LA",2631,1132,76,urban_cluster,rural,False
93862,"Wenatchee, WA",67227,26689,75,urbanized_area,small_urbanized,False
93871,"Wendell, ID",2756,1039,76,urban_cluster,rural,False
93880,"Wendell--Zebulon, NC",13209,5409,76,urban_cluster,small_urban,False
93889,"West, TX",2780,1199,76,urban_cluster,rural,False
93916,"West Bend, WI",68444,29671,75,urbanized_area,small_urbanized,False
93970,"West Columbia, TX",4976,2127,76,urban_cluster,rural,False
94005,"Westernport, MD--WV",5831,2831,76,urban_cluster,small_urban,False
94024,"Westfield, NY",3015,1460,76,urban_cluster,rural,False
94051,"West Frankfort, IL",8954,4261,76,urban_cluster,small_urban,False
94132,"West Jefferson, OH",4572,1891,76,urban_cluster,rural,False
94186,"West Lafayette, OH",2534,1128,76,urban_cluster,rural,False
94213,"West Liberty, IA",3690,1297,76,urban_cluster,rural,False
94294,"Westminster--Eldersburg, MD",72714,27271,75,urbanized_area,small_urbanized,False
94321,"Weston, WV",5077,2520,76,urban_cluster,small_urban,False
94345,"Weston Lakes, TX",2928,1150,76,urban_cluster,rural,False
94375,"West Plains, MO",11242,5173,76,urban_cluster,small_urban,False
94402,"West Point, MS",9173,3934,76,urban_cluster,small_urban,False
94429,"West Point, NE",3180,1504,76,urban_cluster,rural,False
94442,"West Point, NY",12141,3365,76,urban_cluster,small_urban,False
94456,"West Point, VA",2675,1133,76,urban_cluster,rural,False
94520,"West Tawakoni, TX",7606,3933,76,urban_cluster,small_urban,False
94537,"West Union, OH",3133,1444,76,urban_cluster,rural,False
94564,"Westville, IN",5931,1211,76,urban_cluster,small_urban,False
94591,"West Wendover, NV--UT",5365,1894,76,urban_cluster,small_urban,False
94618,"Wetumpka, AL",6659,2549,76,urban_cluster,small_urban,False
94645,"Wewoka, OK",3071,1452,76,urban_cluster,rural,False
94658,"Weyers Cave, VA",2522,938,76,urban_cluster,rural,False
94672,"Wharton, TX",8964,3965,76,urban_cluster,small_urban,False
94685,"Wheatland, CA",3434,1324,76,urban_cluster,rural,False
94699,"Wheatland, WY",3584,1829,76,urban_cluster,rural,False
94726,"Wheeling, WV--OH",81249,40380,75,urbanized_area,small_urbanized,False
94739,"Whispering Pines, NC",3514,1567,76,urban_cluster,rural,False
94753,"Whitefish, MT",6300,3947,76,urban_cluster,small_urban,False
94780,"White Hall, IL",4048,1944,76,urban_cluster,rural,False
94807,"Whitehall, MI",10568,4748,76,urban_cluster,small_urban,False
94870,"Whiteman AFB, MO",5387,2188,76,urban_cluster,small_urban,False
94879,"White Pine, TN",3061,1391,76,urban_cluster,rural,False
94888,"Whiteriver, AZ",6188,1613,76,urban_cluster,small_urban,False
94915,"White Rock, NM",5039,2084,76,urban_cluster,small_urban,False
94942,"Whitesboro, TX",3959,1779,76,urban_cluster,rural,False
94969,"White Sulphur Springs, WV",2674,1535,76,urban_cluster,rural,False
94996,"Whiteville, NC",7446,3258,76,urban_cluster,small_urban,False
95050,"Whitewater, WI",14227,5053,76,urban_cluster,small_urban,False
95077,"Wichita, KS",472870,202022,75,urbanized_area,large_urbanized,True
95104,"Wichita Falls, TX",99437,42916,75,urbanized_area,small_urbanized,False
95158,"Wickenburg, AZ",3624,2006,76,urban_cluster,rural,False
95185,"Wiggins, MS",3768,1395,76,urban_cluster,rural,False
95212,"Wilburton, OK",2979,1274,76,urban_cluster,rural,False
95310,"Willard, MO",5531,2127,76,urban_cluster,small_urban,False
95320,"Willard, OH",6309,2729,76,urban_cluster,small_urban,False
95347,"Willcox, AZ",3671,1626,76,urban_cluster,rural,False
95364,"Williams, AZ",2639,1211,76,urban_cluster,rural,False
95374,"Williams, CA",5181,1507,76,urban_cluster,small_urban,False
95391,"Williamsburg, IA",2914,1338,76,urban_cluster,rural,False
95401,"Williamsburg, KY",5969,2353,76,urban_cluster,small_urban,False
95411,"Williamsburg, VA",75689,33506,75,urbanized_area,small_urbanized,False
95428,"Williamson, WV--KY",3425,1941,76,urban_cluster,rural,False
95455,"Williamsport, PA",56142,25270,75,urbanized_area,small_urbanized,False
95482,"Williamston, MI",6317,2790,76,urban_cluster,small_urban,False
95509,"Williamston, NC",5361,2644,76,urban_cluster,small_urban,False
95553,"Williamstown, KY",4491,1677,76,urban_cluster,rural,False
95563,"Williamstown, PA",4596,2197,76,urban_cluster,rural,False
95590,"Willimantic, CT",29669,11488,76,urban_cluster,small_urban,False
95634,"Williston, FL",3244,1339,76,urban_cluster,rural,False
95644,"Williston, ND",15127,6719,76,urban_cluster,small_urban,False
95671,"Willits, CA",8053,3403,76,urban_cluster,small_urban,False
95698,"Willmar, MN",20244,8459,76,urban_cluster,small_urban,False
95725,"Willows, CA",7346,2884,76,urban_cluster,small_urban,False
95752,"Wills Point, TX",3320,1379,76,urban_cluster,rural,False
95833,"Wilmington, NC",219957,108971,75,urbanized_area,large_urbanized,False
95860,"Wilmington, OH",12374,5795,76,urban_cluster,small_urban,False
95887,"Wilmore, KY",5508,1759,76,urban_cluster,small_urban,False
95914,"Wilson, NC",49190,21869,76,urban_cluster,small_urban,False
95941,"Wilton, IA",2791,1227,76,urban_cluster,rural,False
95968,"Winamac, IN",2554,1163,76,urban_cluster,rural,False
96022,"Winchester, IN",4978,2336,76,urban_cluster,rural,False
96049,"Winchester, KY",25831,11427,76,urban_cluster,small_urban,False
96076,"Winchester, TN",11681,5439,76,urban_cluster,small_urban,False
96103,"Winchester, VA",69449,28591,75,urbanized_area,small_urbanized,False
96130,"Winder, GA",37831,14415,76,urban_cluster,small_urban,False
96211,"Windom, MN",4409,2051,76,urban_cluster,rural,False
96223,"Window Rock, AZ--NM",3510,1214,76,urban_cluster,rural,False
96265,"Windsor, MO",2577,1234,76,urban_cluster,rural,False
96278,"Windsor, NC",3566,1169,76,urban_cluster,rural,False
96292,"Windsor, VT--NH",2704,1395,76,urban_cluster,rural,False
96319,"Winfield, KS",12029,5085,76,urban_cluster,small_urban,False
96350,"Winneconne, WI",3654,1798,76,urban_cluster,rural,False
96373,"Winnemucca, NV",10268,4225,76,urban_cluster,small_urban,False
96400,"Winner, SD",2907,1520,76,urban_cluster,rural,False
96427,"Winnfield, LA",5376,2523,76,urban_cluster,small_urban,False
96454,"Winnie, TX",3901,1473,76,urban_cluster,rural,False
96481,"Winnsboro, LA",5361,2258,76,urban_cluster,small_urban,False
96508,"Winnsboro, SC",5141,2582,76,urban_cluster,small_urban,False
96535,"Winnsboro, TX",3403,1518,76,urban_cluster,rural,False
96562,"Winona, MN",30712,12526,76,urban_cluster,small_urban,False
96589,"Winona, MS",4388,1951,76,urban_cluster,rural,False
96616,"Winslow, AZ",9765,3411,76,urban_cluster,small_urban,False
96670,"Winston-Salem, NC",391024,174669,75,urbanized_area,large_urbanized,True
96697,"Winter Haven, FL",201289,94666,75,urbanized_area,large_urbanized,False
96724,"Winters, CA",7082,2414,76,urban_cluster,small_urban,False
96751,"Winters, TX",2516,1252,76,urban_cluster,rural,False
96778,"Winterset, IA",5043,2211,76,urban_cluster,small_urban,False
96832,"Wisconsin Rapids, WI",29169,13396,76,urban_cluster,small_urban,False
96859,"Wolf Point, MT",3540,1346,76,urban_cluster,rural,False
96886,"Wonder Lake, IL",4533,1619,76,urban_cluster,rural,False
96913,"Woodburn, OR",32943,10942,76,urban_cluster,small_urban,False
96926,"Woodbury, TN",2604,1181,76,urban_cluster,rural,False
96940,"Woodcreek, TX",5032,2524,76,urban_cluster,small_urban,False
96967,"Woodlake, CA",7465,2120,76,urban_cluster,small_urban,False
96994,"Woodland, CA",55513,19817,75,urbanized_area,small_urbanized,False
97021,"Woodland, WA",5863,2255,76,urban_cluster,small_urban,False
97048,"Woodland Park, CO",10528,5019,76,urban_cluster,small_urban,False
97102,"Woodruff, SC",4298,1926,76,urban_cluster,rural,False
97119,"Woodstock, AL",3664,1354,76,urban_cluster,rural,False
97129,"Woodstock, IL",25308,9958,76,urban_cluster,small_urban,False
97156,"Woodstock, VA",7017,3346,76,urban_cluster,small_urban,False
97183,"Woodstown, NJ",4195,1894,76,urban_cluster,rural,False
97200,"Woodville, FL",5427,1010,76,urban_cluster,small_urban,False
97210,"Woodville, TX",4760,1215,76,urban_cluster,rural,False
97237,"Woodward, OK",11344,5404,76,urban_cluster,small_urban,False
97264,"Wooster, OH",30430,13763,76,urban_cluster,small_urban,False
97291,"Worcester, MA--CT",486514,201663,75,urbanized_area,large_urbanized,True
97318,"Worland, WY",5465,2474,76,urban_cluster,small_urban,False
97331,"World Golf Village, FL",6622,2533,76,urban_cluster,small_urban,False
97345,"Worthington, MN",12616,4661,76,urban_cluster,small_urban,False
97352,"Wright City, MO",2938,1210,76,urban_cluster,rural,False
97359,"Wrightstown, WI",2524,965,76,urban_cluster,rural,False
97366,"Wrightsville, GA",3452,848,76,urban_cluster,rural,False
97372,"Wrightwood, CA",4096,2454,76,urban_cluster,rural,False
97399,"Wurtsboro, NY",4179,1859,76,urban_cluster,rural,False
97426,"Wynne, AR",7722,3342,76,urban_cluster,small_urban,False
97453,"Wytheville, VA",7212,3775,76,urban_cluster,small_urban,False
97480,"Yadkinville, NC",3530,1478,76,urban_cluster,rural,False
97507,"Yakima, WA",129534,49379,75,urbanized_area,small_urbanized,False
97534,"Yankton, SD",14637,6310,76,urban_cluster,small_urban,False
97561,"Yauco, PR",90899,38358,75,urbanized_area,small_urbanized,False
97588,"Yazoo City, MS",15546,4555,76,urban_cluster,small_urban,False
97615,"Yellow Springs, OH",3589,1851,76,urban_cluster,rural,False
97642,"Yelm, WA",12387,4663,76,urban_cluster,small_urban,False
97669,"Yerington, NV",2911,1437,76,urban_cluster,rural,False
97696,"Yoakum, TX",5624,2387,76,urban_cluster,small_urban,False
97723,"York, NE",7633,3583,76,urban_cluster,small_urban,False
97750,"York, PA",232045,95573,75,urbanized_area,large_urbanized,False
97777,"York, SC",7931,3382,76,urban_cluster,small_urban,False
97812,"Yorkville, GA",3289,1208,76,urban_cluster,rural,False
97831,"Youngstown, OH--PA",387550,184476,75,urbanized_area,large_urbanized,True
97858,"Youngsville, PA",2921,1359,76,urban_cluster,rural,False
97885,"Yountville, CA",2933,1253,76,urban_cluster,rural,False
97912,"Yreka, CA",7598,3568,76,urban_cluster,small_urban,False
97939,"Yuba City, CA",116719,42057,75,urbanized_area,small_urbanized,False
97966,"Yucca Valley, CA",23805,10839,76,urban_cluster,small_urban,False
97993,"Yulee, FL",7534,2958,76,urban_cluster,small_urban,False
98020,"Yuma, AZ--CA",135267,68224,75,urbanized_area,small_urbanized,False
98047,"Yuma, CO",3524,1492,76,urban_cluster,rural,False
98074,"Zanesville, OH",42132,19783,76,urban_cluster,small_urban,False
98101,"Zapata--Medina, TX",10719,3992,76,urban_cluster,small_urban,False
98182,"Zephyrhills, FL",66609,37667,75,urbanized_area,small_urbanized,False
98209,"Zimmerman, MN",8110,3018,76,urban_cluster,small_urban,False
98236,"Zumbrota, MN",3161,1401,76,urban_cluster,rural,False
98263,"Zuni Pueblo, NM",6744,1812,76,urban_cluster,small_urban,False
